workload,family,seed,n,C,B,schedule,T_ref_asap,T_static,T_exe,ratio_to_T_ref,stall_cycles,Delta_max,max_backlog,mean_backlog,BacklogArea,L_backlog,num_backlog_intervals,longest_backlog_interval,backlog_persistence_ratio,D_peak,D_mean,D_cv,D_peak_to_mean,num_demand_peaks,T_count,critical_path_length,slack_ratio,mean_slack,median_slack,p90_slack,fraction_zero_slack,fraction_slack_ge_2,fraction_slack_ge_5,ready_T_width_peak,mean_demand_over_C,peak_demand_over_C,supply_tightness,regime_label,regime_reason,recommended_strategy
multiplier_n16,semi_real_multiplier_larger,0,16,1,0,static,82,82,296,3.6097560975609757,214,214,214,143.70731707317074,11784,81,1,81,0.9878048780487805,17,3.2439024390243905,1.967167903833989,5.2406015037593985,3,266,82,0.9624060150375939,9.68421052631579,10.0,10.0,0.03759398496240601,0.9624060150375939,0.9624060150375939,17,3.2439024390243905,17.0,3.2439024390243905,persistent_underprovisioning,average T demand is too close to available delivery supply,increase_capacity
multiplier_n16,semi_real_multiplier_larger,0,16,1,0,capacity_aware,82,290,290,3.5365853658536586,0,0,0,0.0,0,0,0,0,0.0,1,0.9172413793103448,0.3003757045930553,1.0902255639097744,266,266,82,0.9624060150375939,9.68421052631579,10.0,10.0,0.03759398496240601,0.9624060150375939,0.9624060150375939,17,0.9172413793103448,1.0,3.2439024390243905,persistent_underprovisioning,average T demand is too close to available delivery supply,increase_capacity
multiplier_n16,semi_real_multiplier_larger,0,16,1,0,smooth,82,268,288,3.5121951219512195,20,20,20,0.9104477611940298,244,25,1,25,0.09328358208955224,17,0.9925373134328358,1.1179771027648635,17.127819548872182,1,266,82,0.9624060150375939,9.68421052631579,10.0,10.0,0.03759398496240601,0.9624060150375939,0.9624060150375939,17,0.9925373134328358,17.0,3.2439024390243905,persistent_underprovisioning,average T demand is too close to available delivery supply,increase_capacity
multiplier_n16,semi_real_multiplier_larger,0,16,1,0,delivery_aware_v2,82,268,288,3.5121951219512195,20,20,20,0.9104477611940298,244,25,1,25,0.09328358208955224,17,0.9925373134328358,1.1179771027648635,17.127819548872182,1,266,82,0.9624060150375939,9.68421052631579,10.0,10.0,0.03759398496240601,0.9624060150375939,0.9624060150375939,17,0.9925373134328358,17.0,3.2439024390243905,persistent_underprovisioning,average T demand is too close to available delivery supply,increase_capacity
multiplier_n16,semi_real_multiplier_larger,0,16,1,0,robust_smooth,82,268,288,3.5121951219512195,20,20,20,0.9104477611940298,244,25,1,25,0.09328358208955224,17,0.9925373134328358,1.1179771027648635,17.127819548872182,1,266,82,0.9624060150375939,9.68421052631579,10.0,10.0,0.03759398496240601,0.9624060150375939,0.9624060150375939,17,0.9925373134328358,17.0,3.2439024390243905,persistent_underprovisioning,average T demand is too close to available delivery supply,increase_capacity
multiplier_n16,semi_real_multiplier_larger,0,16,1,4,static,82,82,292,3.5609756097560976,210,214,210,139.7560975609756,11460,81,1,81,0.9878048780487805,17,3.2439024390243905,1.967167903833989,5.2406015037593985,3,266,82,0.9624060150375939,9.68421052631579,10.0,10.0,0.03759398496240601,0.9624060150375939,0.9624060150375939,17,3.2439024390243905,17.0,3.0930232558139537,persistent_underprovisioning,average T demand is too close to available delivery supply,increase_capacity
multiplier_n16,semi_real_multiplier_larger,0,16,1,4,capacity_aware,82,290,290,3.5365853658536586,0,0,0,0.0,0,0,0,0,0.0,1,0.9172413793103448,0.3003757045930553,1.0902255639097744,266,266,82,0.9624060150375939,9.68421052631579,10.0,10.0,0.03759398496240601,0.9624060150375939,0.9624060150375939,17,0.9172413793103448,1.0,3.0930232558139537,persistent_underprovisioning,average T demand is too close to available delivery supply,increase_capacity
multiplier_n16,semi_real_multiplier_larger,0,16,1,4,smooth,82,268,284,3.4634146341463414,16,20,16,0.5597014925373134,150,20,2,18,0.07462686567164178,17,0.9925373134328358,1.1179771027648635,17.127819548872182,1,266,82,0.9624060150375939,9.68421052631579,10.0,10.0,0.03759398496240601,0.9624060150375939,0.9624060150375939,17,0.9925373134328358,17.0,3.0930232558139537,persistent_underprovisioning,average T demand is too close to available delivery supply,increase_capacity
multiplier_n16,semi_real_multiplier_larger,0,16,1,4,delivery_aware_v2,82,268,284,3.4634146341463414,16,20,16,0.5597014925373134,150,20,2,18,0.07462686567164178,17,0.9925373134328358,1.0835679532450029,17.127819548872182,1,266,82,0.9624060150375939,9.68421052631579,10.0,10.0,0.03759398496240601,0.9624060150375939,0.9624060150375939,17,0.9925373134328358,17.0,3.0930232558139537,persistent_underprovisioning,average T demand is too close to available delivery supply,increase_capacity
multiplier_n16,semi_real_multiplier_larger,0,16,1,4,robust_smooth,82,268,284,3.4634146341463414,16,20,16,0.5597014925373134,150,20,2,18,0.07462686567164178,17,0.9925373134328358,1.1179771027648635,17.127819548872182,1,266,82,0.9624060150375939,9.68421052631579,10.0,10.0,0.03759398496240601,0.9624060150375939,0.9624060150375939,17,0.9925373134328358,17.0,3.0930232558139537,persistent_underprovisioning,average T demand is too close to available delivery supply,increase_capacity
multiplier_n16,semi_real_multiplier_larger,0,16,1,8,static,82,82,288,3.5121951219512195,206,214,206,135.8048780487805,11136,81,1,81,0.9878048780487805,17,3.2439024390243905,1.967167903833989,5.2406015037593985,3,266,82,0.9624060150375939,9.68421052631579,10.0,10.0,0.03759398496240601,0.9624060150375939,0.9624060150375939,17,3.2439024390243905,17.0,2.9555555555555557,persistent_underprovisioning,average T demand is too close to available delivery supply,increase_capacity
multiplier_n16,semi_real_multiplier_larger,0,16,1,8,capacity_aware,82,290,290,3.5365853658536586,0,0,0,0.0,0,0,0,0,0.0,1,0.9172413793103448,0.3003757045930553,1.0902255639097744,266,266,82,0.9624060150375939,9.68421052631579,10.0,10.0,0.03759398496240601,0.9624060150375939,0.9624060150375939,17,0.9172413793103448,1.0,2.9555555555555557,persistent_underprovisioning,average T demand is too close to available delivery supply,increase_capacity
multiplier_n16,semi_real_multiplier_larger,0,16,1,8,smooth,82,268,280,3.4146341463414633,12,20,12,0.30970149253731344,83,13,1,13,0.048507462686567165,17,0.9925373134328358,1.1179771027648635,17.127819548872182,1,266,82,0.9624060150375939,9.68421052631579,10.0,10.0,0.03759398496240601,0.9624060150375939,0.9624060150375939,17,0.9925373134328358,17.0,2.9555555555555557,persistent_underprovisioning,average T demand is too close to available delivery supply,increase_capacity
multiplier_n16,semi_real_multiplier_larger,0,16,1,8,delivery_aware_v2,82,268,280,3.4146341463414633,12,20,12,0.30970149253731344,83,13,1,13,0.048507462686567165,13,0.9925373134328358,0.8659682837498296,13.097744360902256,1,266,82,0.9624060150375939,9.68421052631579,10.0,10.0,0.03759398496240601,0.9624060150375939,0.9624060150375939,17,0.9925373134328358,13.0,2.9555555555555557,persistent_underprovisioning,average T demand is too close to available delivery supply,increase_capacity
multiplier_n16,semi_real_multiplier_larger,0,16,1,8,robust_smooth,82,268,280,3.4146341463414633,12,20,12,0.30970149253731344,83,13,1,13,0.048507462686567165,17,0.9925373134328358,1.1179771027648635,17.127819548872182,1,266,82,0.9624060150375939,9.68421052631579,10.0,10.0,0.03759398496240601,0.9624060150375939,0.9624060150375939,17,0.9925373134328358,17.0,2.9555555555555557,persistent_underprovisioning,average T demand is too close to available delivery supply,increase_capacity
multiplier_n16,semi_real_multiplier_larger,0,16,1,16,static,82,82,280,3.4146341463414633,198,214,198,128.02439024390245,10498,77,1,77,0.9390243902439024,17,3.2439024390243905,1.967167903833989,5.2406015037593985,3,266,82,0.9624060150375939,9.68421052631579,10.0,10.0,0.03759398496240601,0.9624060150375939,0.9624060150375939,17,3.2439024390243905,17.0,2.7142857142857144,persistent_underprovisioning,average T demand is too close to available delivery supply,increase_capacity
multiplier_n16,semi_real_multiplier_larger,0,16,1,16,capacity_aware,82,290,290,3.5365853658536586,0,0,0,0.0,0,0,0,0,0.0,1,0.9172413793103448,0.3003757045930553,1.0902255639097744,266,266,82,0.9624060150375939,9.68421052631579,10.0,10.0,0.03759398496240601,0.9624060150375939,0.9624060150375939,17,0.9172413793103448,1.0,2.7142857142857144,persistent_underprovisioning,average T demand is too close to available delivery supply,increase_capacity
multiplier_n16,semi_real_multiplier_larger,0,16,1,16,smooth,82,268,272,3.317073170731707,4,20,4,0.03731343283582089,10,4,1,4,0.014925373134328358,17,0.9925373134328358,1.1179771027648635,17.127819548872182,1,266,82,0.9624060150375939,9.68421052631579,10.0,10.0,0.03759398496240601,0.9624060150375939,0.9624060150375939,17,0.9925373134328358,17.0,2.7142857142857144,persistent_underprovisioning,average T demand is too close to available delivery supply,increase_capacity
multiplier_n16,semi_real_multiplier_larger,0,16,1,16,delivery_aware_v2,82,268,272,3.317073170731707,4,20,4,0.03731343283582089,10,4,1,4,0.014925373134328358,11,0.9925373134328358,0.7784406282738676,11.082706766917294,1,266,82,0.9624060150375939,9.68421052631579,10.0,10.0,0.03759398496240601,0.9624060150375939,0.9624060150375939,17,0.9925373134328358,11.0,2.7142857142857144,persistent_underprovisioning,average T demand is too close to available delivery supply,increase_capacity
multiplier_n16,semi_real_multiplier_larger,0,16,1,16,robust_smooth,82,268,272,3.317073170731707,4,20,4,0.03731343283582089,10,4,1,4,0.014925373134328358,17,0.9925373134328358,1.1179771027648635,17.127819548872182,1,266,82,0.9624060150375939,9.68421052631579,10.0,10.0,0.03759398496240601,0.9624060150375939,0.9624060150375939,17,0.9925373134328358,17.0,2.7142857142857144,persistent_underprovisioning,average T demand is too close to available delivery supply,increase_capacity
multiplier_n16,semi_real_multiplier_larger,0,16,2,0,static,82,82,165,2.0121951219512195,83,166,166,102.21951219512195,8382,81,1,81,0.9878048780487805,17,3.2439024390243905,1.967167903833989,5.2406015037593985,3,266,82,0.9624060150375939,9.68421052631579,10.0,10.0,0.03759398496240601,0.9624060150375939,0.9624060150375939,17,1.6219512195121952,8.5,1.6219512195121952,persistent_underprovisioning,average T demand is too close to available delivery supply,increase_capacity
multiplier_n16,semi_real_multiplier_larger,0,16,2,0,capacity_aware,82,159,159,1.9390243902439024,0,0,0,0.0,0,0,0,0,0.0,2,1.6729559748427674,0.4318565558127633,1.1954887218045112,131,266,82,0.9624060150375939,9.68421052631579,10.0,10.0,0.03759398496240601,0.9624060150375939,0.9624060150375939,17,0.8364779874213837,1.0,1.6219512195121952,persistent_underprovisioning,average T demand is too close to available delivery supply,increase_capacity
multiplier_n16,semi_real_multiplier_larger,0,16,2,0,smooth,82,135,156,1.9024390243902438,21,42,42,4.82962962962963,652,31,1,31,0.22962962962962963,17,1.9703703703703703,1.2986205320786135,8.62781954887218,1,266,82,0.9624060150375939,9.68421052631579,10.0,10.0,0.03759398496240601,0.9624060150375939,0.9624060150375939,17,0.9851851851851852,8.5,1.6219512195121952,persistent_underprovisioning,average T demand is too close to available delivery supply,increase_capacity
multiplier_n16,semi_real_multiplier_larger,0,16,2,0,delivery_aware_v2,82,135,156,1.9024390243902438,21,42,42,4.874074074074074,658,31,1,31,0.22962962962962963,16,1.9703703703703703,1.1929442823655947,8.1203007518797,1,266,82,0.9624060150375939,9.68421052631579,10.0,10.0,0.03759398496240601,0.9624060150375939,0.9624060150375939,17,0.9851851851851852,8.0,1.6219512195121952,persistent_underprovisioning,average T demand is too close to available delivery supply,increase_capacity
multiplier_n16,semi_real_multiplier_larger,0,16,2,0,robust_smooth,82,268,268,3.268292682926829,0,0,0,0.0,0,0,0,0,0.0,17,0.9925373134328358,1.1179771027648635,17.127819548872182,1,266,82,0.9624060150375939,9.68421052631579,10.0,10.0,0.03759398496240601,0.9624060150375939,0.9624060150375939,17,0.4962686567164179,8.5,1.6219512195121952,persistent_underprovisioning,average T demand is too close to available delivery supply,increase_capacity
multiplier_n16,semi_real_multiplier_larger,0,16,2,4,static,82,82,163,1.9878048780487805,81,166,162,98.26829268292683,8058,81,1,81,0.9878048780487805,17,3.2439024390243905,1.967167903833989,5.2406015037593985,3,266,82,0.9624060150375939,9.68421052631579,10.0,10.0,0.03759398496240601,0.9624060150375939,0.9624060150375939,17,1.6219512195121952,8.5,1.5833333333333333,persistent_underprovisioning,average T demand is too close to available delivery supply,increase_capacity
multiplier_n16,semi_real_multiplier_larger,0,16,2,4,capacity_aware,82,159,159,1.9390243902439024,0,0,0,0.0,0,0,0,0,0.0,2,1.6729559748427674,0.4318565558127633,1.1954887218045112,131,266,82,0.9624060150375939,9.68421052631579,10.0,10.0,0.03759398496240601,0.9624060150375939,0.9624060150375939,17,0.8364779874213837,1.0,1.5833333333333333,persistent_underprovisioning,average T demand is too close to available delivery supply,increase_capacity
multiplier_n16,semi_real_multiplier_larger,0,16,2,4,smooth,82,135,154,1.8780487804878048,19,42,38,3.925925925925926,530,29,1,29,0.21481481481481482,17,1.9703703703703703,1.2986205320786135,8.62781954887218,1,266,82,0.9624060150375939,9.68421052631579,10.0,10.0,0.03759398496240601,0.9624060150375939,0.9624060150375939,17,0.9851851851851852,8.5,1.5833333333333333,persistent_underprovisioning,average T demand is too close to available delivery supply,increase_capacity
multiplier_n16,semi_real_multiplier_larger,0,16,2,4,delivery_aware_v2,82,135,154,1.8780487804878048,19,42,38,3.948148148148148,533,29,1,29,0.21481481481481482,16,1.9703703703703703,1.155573300282723,8.1203007518797,1,266,82,0.9624060150375939,9.68421052631579,10.0,10.0,0.03759398496240601,0.9624060150375939,0.9624060150375939,17,0.9851851851851852,8.0,1.5833333333333333,persistent_underprovisioning,average T demand is too close to available delivery supply,increase_capacity
multiplier_n16,semi_real_multiplier_larger,0,16,2,4,robust_smooth,82,268,268,3.268292682926829,0,0,0,0.0,0,0,0,0,0.0,17,0.9925373134328358,1.1179771027648635,17.127819548872182,1,266,82,0.9624060150375939,9.68421052631579,10.0,10.0,0.03759398496240601,0.9624060150375939,0.9624060150375939,17,0.4962686567164179,8.5,1.5833333333333333,persistent_underprovisioning,average T demand is too close to available delivery supply,increase_capacity
multiplier_n16,semi_real_multiplier_larger,0,16,2,8,static,82,82,161,1.9634146341463414,79,166,158,94.32926829268293,7735,80,2,77,0.975609756097561,17,3.2439024390243905,1.967167903833989,5.2406015037593985,3,266,82,0.9624060150375939,9.68421052631579,10.0,10.0,0.03759398496240601,0.9624060150375939,0.9624060150375939,17,1.6219512195121952,8.5,1.5465116279069768,persistent_underprovisioning,average T demand is too close to available delivery supply,increase_capacity
multiplier_n16,semi_real_multiplier_larger,0,16,2,8,capacity_aware,82,159,159,1.9390243902439024,0,0,0,0.0,0,0,0,0,0.0,2,1.6729559748427674,0.4318565558127633,1.1954887218045112,131,266,82,0.9624060150375939,9.68421052631579,10.0,10.0,0.03759398496240601,0.9624060150375939,0.9624060150375939,17,0.8364779874213837,1.0,1.5465116279069768,persistent_underprovisioning,average T demand is too close to available delivery supply,increase_capacity
multiplier_n16,semi_real_multiplier_larger,0,16,2,8,smooth,82,135,152,1.853658536585366,17,42,34,3.088888888888889,417,26,2,24,0.1925925925925926,17,1.9703703703703703,1.2986205320786135,8.62781954887218,1,266,82,0.9624060150375939,9.68421052631579,10.0,10.0,0.03759398496240601,0.9624060150375939,0.9624060150375939,17,0.9851851851851852,8.5,1.5465116279069768,persistent_underprovisioning,average T demand is too close to available delivery supply,increase_capacity
multiplier_n16,semi_real_multiplier_larger,0,16,2,8,delivery_aware_v2,82,135,152,1.853658536585366,17,42,34,3.1037037037037036,419,26,2,24,0.1925925925925926,16,1.9703703703703703,1.1439572267769111,8.1203007518797,1,266,82,0.9624060150375939,9.68421052631579,10.0,10.0,0.03759398496240601,0.9624060150375939,0.9624060150375939,17,0.9851851851851852,8.0,1.5465116279069768,persistent_underprovisioning,average T demand is too close to available delivery supply,increase_capacity
multiplier_n16,semi_real_multiplier_larger,0,16,2,8,robust_smooth,82,268,268,3.268292682926829,0,0,0,0.0,0,0,0,0,0.0,17,0.9925373134328358,1.1179771027648635,17.127819548872182,1,266,82,0.9624060150375939,9.68421052631579,10.0,10.0,0.03759398496240601,0.9624060150375939,0.9624060150375939,17,0.4962686567164179,8.5,1.5465116279069768,persistent_underprovisioning,average T demand is too close to available delivery supply,increase_capacity
multiplier_n16,semi_real_multiplier_larger,0,16,2,16,static,82,82,157,1.9146341463414633,75,166,150,86.70731707317073,7110,77,1,77,0.9390243902439024,17,3.2439024390243905,1.967167903833989,5.2406015037593985,3,266,82,0.9624060150375939,9.68421052631579,10.0,10.0,0.03759398496240601,0.9624060150375939,0.9624060150375939,17,1.6219512195121952,8.5,1.4777777777777779,persistent_underprovisioning,average T demand is too close to available delivery supply,increase_capacity
multiplier_n16,semi_real_multiplier_larger,0,16,2,16,capacity_aware,82,159,159,1.9390243902439024,0,0,0,0.0,0,0,0,0,0.0,2,1.6729559748427674,0.4318565558127633,1.1954887218045112,131,266,82,0.9624060150375939,9.68421052631579,10.0,10.0,0.03759398496240601,0.9624060150375939,0.9624060150375939,17,0.8364779874213837,1.0,1.4777777777777779,persistent_underprovisioning,average T demand is too close to available delivery supply,increase_capacity
multiplier_n16,semi_real_multiplier_larger,0,16,2,16,smooth,82,135,148,1.8048780487804879,13,42,26,1.7481481481481482,236,20,1,20,0.14814814814814814,17,1.9703703703703703,1.2986205320786135,8.62781954887218,1,266,82,0.9624060150375939,9.68421052631579,10.0,10.0,0.03759398496240601,0.9624060150375939,0.9624060150375939,17,0.9851851851851852,8.5,1.4777777777777779,persistent_underprovisioning,average T demand is too close to available delivery supply,increase_capacity
multiplier_n16,semi_real_multiplier_larger,0,16,2,16,delivery_aware_v2,82,135,148,1.8048780487804879,13,42,26,1.762962962962963,238,20,1,20,0.14814814814814814,16,1.9703703703703703,1.0445717212528784,8.1203007518797,1,266,82,0.9624060150375939,9.68421052631579,10.0,10.0,0.03759398496240601,0.9624060150375939,0.9624060150375939,17,0.9851851851851852,8.0,1.4777777777777779,persistent_underprovisioning,average T demand is too close to available delivery supply,increase_capacity
multiplier_n16,semi_real_multiplier_larger,0,16,2,16,robust_smooth,82,268,268,3.268292682926829,0,0,0,0.0,0,0,0,0,0.0,17,0.9925373134328358,1.1179771027648635,17.127819548872182,1,266,82,0.9624060150375939,9.68421052631579,10.0,10.0,0.03759398496240601,0.9624060150375939,0.9624060150375939,17,0.4962686567164179,8.5,1.4777777777777779,persistent_underprovisioning,average T demand is too close to available delivery supply,increase_capacity
multiplier_n16,semi_real_multiplier_larger,0,16,3,0,static,82,82,122,1.4878048780487805,40,118,118,60.73170731707317,4980,81,1,81,0.9878048780487805,17,3.2439024390243905,1.967167903833989,5.2406015037593985,3,266,82,0.9624060150375939,9.68421052631579,10.0,10.0,0.03759398496240601,0.9624060150375939,0.9624060150375939,17,1.08130081300813,5.666666666666667,1.08130081300813,persistent_underprovisioning,average T demand is too close to available delivery supply,increase_capacity
multiplier_n16,semi_real_multiplier_larger,0,16,3,0,capacity_aware,82,114,114,1.3902439024390243,0,0,0,0.0,0,0,0,0,0.0,3,2.3333333333333335,0.5284596508512956,1.2857142857142856,88,266,82,0.9624060150375939,9.68421052631579,10.0,10.0,0.03759398496240601,0.9624060150375939,0.9624060150375939,17,0.7777777777777778,1.0,1.08130081300813,persistent_underprovisioning,average T demand is too close to available delivery supply,increase_capacity
multiplier_n16,semi_real_multiplier_larger,0,16,3,0,smooth,82,91,112,1.3658536585365855,21,63,63,14.846153846153847,1351,45,2,43,0.4945054945054945,17,2.923076923076923,1.5115306713132017,5.815789473684211,1,266,82,0.9624060150375939,9.68421052631579,10.0,10.0,0.03759398496240601,0.9624060150375939,0.9624060150375939,17,0.9743589743589743,5.666666666666667,1.08130081300813,persistent_underprovisioning,average T demand is too close to available delivery supply,increase_capacity
multiplier_n16,semi_real_multiplier_larger,0,16,3,0,delivery_aware_v2,82,91,112,1.3658536585365855,21,63,63,15.0,1365,45,2,43,0.4945054945054945,16,2.923076923076923,1.3983850711736596,5.473684210526316,2,266,82,0.9624060150375939,9.68421052631579,10.0,10.0,0.03759398496240601,0.9624060150375939,0.9624060150375939,17,0.9743589743589743,5.333333333333333,1.08130081300813,persistent_underprovisioning,average T demand is too close to available delivery supply,increase_capacity
multiplier_n16,semi_real_multiplier_larger,0,16,3,0,robust_smooth,82,135,135,1.646341463414634,0,0,0,0.0,0,0,0,0,0.0,17,1.9703703703703703,1.2986205320786135,8.62781954887218,1,266,82,0.9624060150375939,9.68421052631579,10.0,10.0,0.03759398496240601,0.9624060150375939,0.9624060150375939,17,0.6567901234567901,5.666666666666667,1.08130081300813,persistent_underprovisioning,average T demand is too close to available delivery supply,increase_capacity
multiplier_n16,semi_real_multiplier_larger,0,16,3,4,static,82,82,120,1.4634146341463414,38,118,114,56.80487804878049,4658,80,2,77,0.975609756097561,17,3.2439024390243905,1.967167903833989,5.2406015037593985,3,266,82,0.9624060150375939,9.68421052631579,10.0,10.0,0.03759398496240601,0.9624060150375939,0.9624060150375939,17,1.08130081300813,5.666666666666667,1.064,persistent_underprovisioning,average T demand is too close to available delivery supply,increase_capacity
multiplier_n16,semi_real_multiplier_larger,0,16,3,4,capacity_aware,82,114,114,1.3902439024390243,0,0,0,0.0,0,0,0,0,0.0,3,2.3333333333333335,0.5284596508512956,1.2857142857142856,88,266,82,0.9624060150375939,9.68421052631579,10.0,10.0,0.03759398496240601,0.9624060150375939,0.9624060150375939,17,0.7777777777777778,1.0,1.064,persistent_underprovisioning,average T demand is too close to available delivery supply,increase_capacity
multiplier_n16,semi_real_multiplier_larger,0,16,3,4,smooth,82,91,111,1.353658536585366,20,63,59,12.923076923076923,1176,42,1,42,0.46153846153846156,17,2.923076923076923,1.5115306713132017,5.815789473684211,1,266,82,0.9624060150375939,9.68421052631579,10.0,10.0,0.03759398496240601,0.9624060150375939,0.9624060150375939,17,0.9743589743589743,5.666666666666667,1.064,persistent_underprovisioning,average T demand is too close to available delivery supply,increase_capacity
multiplier_n16,semi_real_multiplier_larger,0,16,3,4,delivery_aware_v2,82,91,111,1.353658536585366,20,63,59,13.043956043956044,1187,42,1,42,0.46153846153846156,17,2.923076923076923,1.3295520845563293,5.815789473684211,1,266,82,0.9624060150375939,9.68421052631579,10.0,10.0,0.03759398496240601,0.9624060150375939,0.9624060150375939,17,0.9743589743589743,5.666666666666667,1.064,persistent_underprovisioning,average T demand is too close to available delivery supply,increase_capacity
multiplier_n16,semi_real_multiplier_larger,0,16,3,4,robust_smooth,82,135,135,1.646341463414634,0,0,0,0.0,0,0,0,0,0.0,17,1.9703703703703703,1.2986205320786135,8.62781954887218,1,266,82,0.9624060150375939,9.68421052631579,10.0,10.0,0.03759398496240601,0.9624060150375939,0.9624060150375939,17,0.6567901234567901,5.666666666666667,1.064,persistent_underprovisioning,average T demand is too close to available delivery supply,increase_capacity
multiplier_n16,semi_real_multiplier_larger,0,16,3,8,static,82,82,119,1.451219512195122,37,118,110,52.9390243902439,4341,78,2,77,0.9512195121951219,17,3.2439024390243905,1.967167903833989,5.2406015037593985,3,266,82,0.9624060150375939,9.68421052631579,10.0,10.0,0.03759398496240601,0.9624060150375939,0.9624060150375939,17,1.08130081300813,5.666666666666667,1.047244094488189,persistent_underprovisioning,average T demand is too close to available delivery supply,increase_capacity
multiplier_n16,semi_real_multiplier_larger,0,16,3,8,capacity_aware,82,114,114,1.3902439024390243,0,0,0,0.0,0,0,0,0,0.0,3,2.3333333333333335,0.5284596508512956,1.2857142857142856,88,266,82,0.9624060150375939,9.68421052631579,10.0,10.0,0.03759398496240601,0.9624060150375939,0.9624060150375939,17,0.7777777777777778,1.0,1.047244094488189,persistent_underprovisioning,average T demand is too close to available delivery supply,increase_capacity
multiplier_n16,semi_real_multiplier_larger,0,16,3,8,smooth,82,91,110,1.3414634146341464,19,63,55,11.142857142857142,1014,38,2,37,0.4175824175824176,17,2.923076923076923,1.5115306713132017,5.815789473684211,1,266,82,0.9624060150375939,9.68421052631579,10.0,10.0,0.03759398496240601,0.9624060150375939,0.9624060150375939,17,0.9743589743589743,5.666666666666667,1.047244094488189,persistent_underprovisioning,average T demand is too close to available delivery supply,increase_capacity
multiplier_n16,semi_real_multiplier_larger,0,16,3,8,delivery_aware_v2,82,91,110,1.3414634146341464,19,63,55,11.241758241758241,1023,38,2,37,0.4175824175824176,16,2.923076923076923,1.3011972812988495,5.473684210526316,3,266,82,0.9624060150375939,9.68421052631579,10.0,10.0,0.03759398496240601,0.9624060150375939,0.9624060150375939,17,0.9743589743589743,5.333333333333333,1.047244094488189,persistent_underprovisioning,average T demand is too close to available delivery supply,increase_capacity
multiplier_n16,semi_real_multiplier_larger,0,16,3,8,robust_smooth,82,135,135,1.646341463414634,0,0,0,0.0,0,0,0,0,0.0,17,1.9703703703703703,1.2986205320786135,8.62781954887218,1,266,82,0.9624060150375939,9.68421052631579,10.0,10.0,0.03759398496240601,0.9624060150375939,0.9624060150375939,17,0.6567901234567901,5.666666666666667,1.047244094488189,persistent_underprovisioning,average T demand is too close to available delivery supply,increase_capacity
multiplier_n16,semi_real_multiplier_larger,0,16,3,16,static,82,82,116,1.4146341463414633,34,118,102,45.53658536585366,3734,74,1,74,0.9024390243902439,17,3.2439024390243905,1.967167903833989,5.2406015037593985,3,266,82,0.9624060150375939,9.68421052631579,10.0,10.0,0.03759398496240601,0.9624060150375939,0.9624060150375939,17,1.08130081300813,5.666666666666667,1.015267175572519,persistent_underprovisioning,average T demand is too close to available delivery supply,increase_capacity
multiplier_n16,semi_real_multiplier_larger,0,16,3,16,capacity_aware,82,114,114,1.3902439024390243,0,0,0,0.0,0,0,0,0,0.0,3,2.3333333333333335,0.5284596508512956,1.2857142857142856,88,266,82,0.9624060150375939,9.68421052631579,10.0,10.0,0.03759398496240601,0.9624060150375939,0.9624060150375939,17,0.7777777777777778,1.0,1.015267175572519,persistent_underprovisioning,average T demand is too close to available delivery supply,increase_capacity
multiplier_n16,semi_real_multiplier_larger,0,16,3,16,smooth,82,91,107,1.3048780487804879,16,63,47,7.978021978021978,726,33,2,32,0.3626373626373626,17,2.923076923076923,1.5115306713132017,5.815789473684211,1,266,82,0.9624060150375939,9.68421052631579,10.0,10.0,0.03759398496240601,0.9624060150375939,0.9624060150375939,17,0.9743589743589743,5.666666666666667,1.015267175572519,persistent_underprovisioning,average T demand is too close to available delivery supply,increase_capacity
multiplier_n16,semi_real_multiplier_larger,0,16,3,16,delivery_aware_v2,82,91,107,1.3048780487804879,16,63,47,8.065934065934066,734,33,2,32,0.3626373626373626,17,2.923076923076923,1.217453211796061,5.815789473684211,1,266,82,0.9624060150375939,9.68421052631579,10.0,10.0,0.03759398496240601,0.9624060150375939,0.9624060150375939,17,0.9743589743589743,5.666666666666667,1.015267175572519,persistent_underprovisioning,average T demand is too close to available delivery supply,increase_capacity
multiplier_n16,semi_real_multiplier_larger,0,16,3,16,robust_smooth,82,135,135,1.646341463414634,0,0,0,0.0,0,0,0,0,0.0,17,1.9703703703703703,1.2986205320786135,8.62781954887218,1,266,82,0.9624060150375939,9.68421052631579,10.0,10.0,0.03759398496240601,0.9624060150375939,0.9624060150375939,17,0.6567901234567901,5.666666666666667,1.015267175572519,persistent_underprovisioning,average T demand is too close to available delivery supply,increase_capacity
multiplier_n16,semi_real_multiplier_larger,0,16,4,0,static,82,82,100,1.2195121951219512,18,70,70,25.609756097560975,2100,64,2,61,0.7804878048780488,17,3.2439024390243905,1.967167903833989,5.2406015037593985,3,266,82,0.9624060150375939,9.68421052631579,10.0,10.0,0.03759398496240601,0.9624060150375939,0.9624060150375939,17,0.8109756097560976,4.25,0.8109756097560976,peak_dominated_buffer_limited,smoothing reduces peaks but available buffer remains too small,increase_buffer
multiplier_n16,semi_real_multiplier_larger,0,16,4,0,capacity_aware,82,97,97,1.1829268292682926,0,0,0,0.0,0,0,0,0,0.0,4,2.7422680412371134,0.6608419485431183,1.4586466165413534,65,266,82,0.9624060150375939,9.68421052631579,10.0,10.0,0.03759398496240601,0.9624060150375939,0.9624060150375939,17,0.6855670103092784,1.0,0.8109756097560976,peak_dominated_buffer_limited,smoothing reduces peaks but available buffer remains too small,increase_buffer
multiplier_n16,semi_real_multiplier_larger,0,16,4,0,smooth,82,82,90,1.0975609756097562,8,32,32,4.512195121951219,370,27,3,24,0.32926829268292684,17,3.2439024390243905,1.6036732102513456,5.2406015037593985,2,266,82,0.9624060150375939,9.68421052631579,10.0,10.0,0.03759398496240601,0.9624060150375939,0.9624060150375939,17,0.8109756097560976,4.25,0.8109756097560976,peak_dominated_buffer_limited,smoothing reduces peaks but available buffer remains too small,increase_buffer
multiplier_n16,semi_real_multiplier_larger,0,16,4,0,delivery_aware_v2,82,82,90,1.0975609756097562,8,32,32,4.7682926829268295,391,28,2,27,0.34146341463414637,16,3.2439024390243905,1.136806300904134,4.932330827067669,1,266,82,0.9624060150375939,9.68421052631579,10.0,10.0,0.03759398496240601,0.9624060150375939,0.9624060150375939,17,0.8109756097560976,4.0,0.8109756097560976,peak_dominated_buffer_limited,smoothing reduces peaks but available buffer remains too small,increase_buffer
multiplier_n16,semi_real_multiplier_larger,0,16,4,0,robust_smooth,82,91,91,1.1097560975609757,0,0,0,0.0,0,0,0,0,0.0,17,2.923076923076923,1.5115306713132017,5.815789473684211,1,266,82,0.9624060150375939,9.68421052631579,10.0,10.0,0.03759398496240601,0.9624060150375939,0.9624060150375939,17,0.7307692307692307,4.25,0.8109756097560976,peak_dominated_buffer_limited,smoothing reduces peaks but available buffer remains too small,increase_buffer
multiplier_n16,semi_real_multiplier_larger,0,16,4,4,static,82,82,99,1.2073170731707317,17,70,66,22.597560975609756,1853,60,3,56,0.7317073170731707,17,3.2439024390243905,1.967167903833989,5.2406015037593985,3,266,82,0.9624060150375939,9.68421052631579,10.0,10.0,0.03759398496240601,0.9624060150375939,0.9624060150375939,17,0.8109756097560976,4.25,0.8012048192771084,peak_dominated_buffer_limited,smoothing reduces peaks but available buffer remains too small,increase_buffer
multiplier_n16,semi_real_multiplier_larger,0,16,4,4,capacity_aware,82,97,97,1.1829268292682926,0,0,0,0.0,0,0,0,0,0.0,4,2.7422680412371134,0.6608419485431183,1.4586466165413534,65,266,82,0.9624060150375939,9.68421052631579,10.0,10.0,0.03759398496240601,0.9624060150375939,0.9624060150375939,17,0.6855670103092784,1.0,0.8012048192771084,peak_dominated_buffer_limited,smoothing reduces peaks but available buffer remains too small,increase_buffer
multiplier_n16,semi_real_multiplier_larger,0,16,4,4,smooth,82,82,89,1.0853658536585367,7,32,28,3.3292682926829267,273,22,3,19,0.2682926829268293,17,3.2439024390243905,1.6036732102513456,5.2406015037593985,2,266,82,0.9624060150375939,9.68421052631579,10.0,10.0,0.03759398496240601,0.9624060150375939,0.9624060150375939,17,0.8109756097560976,4.25,0.8012048192771084,peak_dominated_buffer_limited,smoothing reduces peaks but available buffer remains too small,increase_buffer
multiplier_n16,semi_real_multiplier_larger,0,16,4,4,delivery_aware_v2,82,82,89,1.0853658536585367,7,32,28,3.426829268292683,281,22,3,19,0.2682926829268293,16,3.2439024390243905,1.1347655777744496,4.932330827067669,1,266,82,0.9624060150375939,9.68421052631579,10.0,10.0,0.03759398496240601,0.9624060150375939,0.9624060150375939,17,0.8109756097560976,4.0,0.8012048192771084,peak_dominated_buffer_limited,smoothing reduces peaks but available buffer remains too small,increase_buffer
multiplier_n16,semi_real_multiplier_larger,0,16,4,4,robust_smooth,82,91,91,1.1097560975609757,0,0,0,0.0,0,0,0,0,0.0,17,2.923076923076923,1.5115306713132017,5.815789473684211,1,266,82,0.9624060150375939,9.68421052631579,10.0,10.0,0.03759398496240601,0.9624060150375939,0.9624060150375939,17,0.7307692307692307,4.25,0.8012048192771084,peak_dominated_buffer_limited,smoothing reduces peaks but available buffer remains too small,increase_buffer
multiplier_n16,semi_real_multiplier_larger,0,16,4,8,static,82,82,98,1.1951219512195121,16,70,62,19.76829268292683,1621,56,4,52,0.6829268292682927,17,3.2439024390243905,1.967167903833989,5.2406015037593985,3,266,82,0.9624060150375939,9.68421052631579,10.0,10.0,0.03759398496240601,0.9624060150375939,0.9624060150375939,17,0.8109756097560976,4.25,0.7916666666666666,peak_dominated_buffer_limited,smoothing reduces peaks but available buffer remains too small,increase_buffer
multiplier_n16,semi_real_multiplier_larger,0,16,4,8,capacity_aware,82,97,97,1.1829268292682926,0,0,0,0.0,0,0,0,0,0.0,4,2.7422680412371134,0.6608419485431183,1.4586466165413534,65,266,82,0.9624060150375939,9.68421052631579,10.0,10.0,0.03759398496240601,0.9624060150375939,0.9624060150375939,17,0.6855670103092784,1.0,0.7916666666666666,peak_dominated_buffer_limited,smoothing reduces peaks but available buffer remains too small,increase_buffer
multiplier_n16,semi_real_multiplier_larger,0,16,4,8,smooth,82,82,88,1.0731707317073171,6,32,24,2.341463414634146,192,18,3,15,0.21951219512195122,17,3.2439024390243905,1.6036732102513456,5.2406015037593985,2,266,82,0.9624060150375939,9.68421052631579,10.0,10.0,0.03759398496240601,0.9624060150375939,0.9624060150375939,17,0.8109756097560976,4.25,0.7916666666666666,peak_dominated_buffer_limited,smoothing reduces peaks but available buffer remains too small,increase_buffer
multiplier_n16,semi_real_multiplier_larger,0,16,4,8,delivery_aware_v2,82,82,88,1.0731707317073171,6,32,24,2.3902439024390243,196,18,3,15,0.21951219512195122,16,3.2439024390243905,1.0760551736979407,4.932330827067669,1,266,82,0.9624060150375939,9.68421052631579,10.0,10.0,0.03759398496240601,0.9624060150375939,0.9624060150375939,17,0.8109756097560976,4.0,0.7916666666666666,peak_dominated_buffer_limited,smoothing reduces peaks but available buffer remains too small,increase_buffer
multiplier_n16,semi_real_multiplier_larger,0,16,4,8,robust_smooth,82,91,91,1.1097560975609757,0,0,0,0.0,0,0,0,0,0.0,17,2.923076923076923,1.5115306713132017,5.815789473684211,1,266,82,0.9624060150375939,9.68421052631579,10.0,10.0,0.03759398496240601,0.9624060150375939,0.9624060150375939,17,0.7307692307692307,4.25,0.7916666666666666,peak_dominated_buffer_limited,smoothing reduces peaks but available buffer remains too small,increase_buffer
multiplier_n16,semi_real_multiplier_larger,0,16,4,16,static,82,82,96,1.170731707317073,14,70,54,14.75609756097561,1210,47,3,44,0.573170731707317,17,3.2439024390243905,1.967167903833989,5.2406015037593985,3,266,82,0.9624060150375939,9.68421052631579,10.0,10.0,0.03759398496240601,0.9624060150375939,0.9624060150375939,17,0.8109756097560976,4.25,0.7732558139534884,peak_dominated_buffer_limited,smoothing reduces peaks but available buffer remains too small,increase_buffer
multiplier_n16,semi_real_multiplier_larger,0,16,4,16,capacity_aware,82,97,97,1.1829268292682926,0,0,0,0.0,0,0,0,0,0.0,4,2.7422680412371134,0.6608419485431183,1.4586466165413534,65,266,82,0.9624060150375939,9.68421052631579,10.0,10.0,0.03759398496240601,0.9624060150375939,0.9624060150375939,17,0.6855670103092784,1.0,0.7732558139534884,peak_dominated_buffer_limited,smoothing reduces peaks but available buffer remains too small,increase_buffer
multiplier_n16,semi_real_multiplier_larger,0,16,4,16,smooth,82,82,86,1.048780487804878,4,32,16,0.8902439024390244,73,10,3,7,0.12195121951219512,17,3.2439024390243905,1.6036732102513456,5.2406015037593985,2,266,82,0.9624060150375939,9.68421052631579,10.0,10.0,0.03759398496240601,0.9624060150375939,0.9624060150375939,17,0.8109756097560976,4.25,0.7732558139534884,peak_dominated_buffer_limited,smoothing reduces peaks but available buffer remains too small,increase_buffer
multiplier_n16,semi_real_multiplier_larger,0,16,4,16,delivery_aware_v2,82,82,86,1.048780487804878,4,32,16,0.9024390243902439,74,10,3,7,0.12195121951219512,16,3.2439024390243905,0.9428823250945129,4.932330827067669,1,266,82,0.9624060150375939,9.68421052631579,10.0,10.0,0.03759398496240601,0.9624060150375939,0.9624060150375939,17,0.8109756097560976,4.0,0.7732558139534884,peak_dominated_buffer_limited,smoothing reduces peaks but available buffer remains too small,increase_buffer
multiplier_n16,semi_real_multiplier_larger,0,16,4,16,robust_smooth,82,91,91,1.1097560975609757,0,0,0,0.0,0,0,0,0,0.0,17,2.923076923076923,1.5115306713132017,5.815789473684211,1,266,82,0.9624060150375939,9.68421052631579,10.0,10.0,0.03759398496240601,0.9624060150375939,0.9624060150375939,17,0.7307692307692307,4.25,0.7732558139534884,peak_dominated_buffer_limited,smoothing reduces peaks but available buffer remains too small,increase_buffer
multiplier_n16,semi_real_multiplier_larger,0,16,5,0,static,82,82,87,1.0609756097560976,5,22,22,4.7926829268292686,393,41,8,29,0.5,17,3.2439024390243905,1.967167903833989,5.2406015037593985,3,266,82,0.9624060150375939,9.68421052631579,10.0,10.0,0.03759398496240601,0.9624060150375939,0.9624060150375939,17,0.6487804878048781,3.4,0.6487804878048781,peak_dominated_smooth_solvable,slack smoothing removes burst-induced backlog,smooth
multiplier_n16,semi_real_multiplier_larger,0,16,5,0,capacity_aware,82,87,87,1.0609756097560976,0,0,0,0.0,0,0,0,0,0.0,5,3.057471264367816,0.7799279687151843,1.6353383458646615,52,266,82,0.9624060150375939,9.68421052631579,10.0,10.0,0.03759398496240601,0.9624060150375939,0.9624060150375939,17,0.6114942528735632,1.0,0.6487804878048781,peak_dominated_smooth_solvable,slack smoothing removes burst-induced backlog,smooth
multiplier_n16,semi_real_multiplier_larger,0,16,5,0,smooth,82,82,82,1.0,0,0,0,0.0,0,0,0,0,0.0,17,3.2439024390243905,1.605117881824078,5.2406015037593985,2,266,82,0.9624060150375939,9.68421052631579,10.0,10.0,0.03759398496240601,0.9624060150375939,0.9624060150375939,17,0.6487804878048781,3.4,0.6487804878048781,peak_dominated_smooth_solvable,slack smoothing removes burst-induced backlog,smooth
multiplier_n16,semi_real_multiplier_larger,0,16,5,0,delivery_aware_v2,82,82,82,1.0,0,0,0,0.0,0,0,0,0,0.0,5,3.2439024390243905,0.7182320742309323,1.5413533834586466,52,266,82,0.9624060150375939,9.68421052631579,10.0,10.0,0.03759398496240601,0.9624060150375939,0.9624060150375939,17,0.6487804878048781,1.0,0.6487804878048781,peak_dominated_smooth_solvable,slack smoothing removes burst-induced backlog,smooth
multiplier_n16,semi_real_multiplier_larger,0,16,5,0,robust_smooth,82,82,82,1.0,0,0,0,0.0,0,0,0,0,0.0,17,3.2439024390243905,1.6036732102513456,5.2406015037593985,2,266,82,0.9624060150375939,9.68421052631579,10.0,10.0,0.03759398496240601,0.9624060150375939,0.9624060150375939,17,0.6487804878048781,3.4,0.6487804878048781,peak_dominated_smooth_solvable,slack smoothing removes burst-induced backlog,smooth
multiplier_n16,semi_real_multiplier_larger,0,16,5,4,static,82,82,86,1.048780487804878,4,22,18,2.9390243902439024,241,31,9,19,0.3780487804878049,17,3.2439024390243905,1.967167903833989,5.2406015037593985,3,266,82,0.9624060150375939,9.68421052631579,10.0,10.0,0.03759398496240601,0.9624060150375939,0.9624060150375939,17,0.6487804878048781,3.4,0.642512077294686,peak_dominated_smooth_solvable,slack smoothing removes burst-induced backlog,smooth
multiplier_n16,semi_real_multiplier_larger,0,16,5,4,capacity_aware,82,87,87,1.0609756097560976,0,0,0,0.0,0,0,0,0,0.0,5,3.057471264367816,0.7799279687151843,1.6353383458646615,52,266,82,0.9624060150375939,9.68421052631579,10.0,10.0,0.03759398496240601,0.9624060150375939,0.9624060150375939,17,0.6114942528735632,1.0,0.642512077294686,peak_dominated_smooth_solvable,slack smoothing removes burst-induced backlog,smooth
multiplier_n16,semi_real_multiplier_larger,0,16,5,4,smooth,82,82,82,1.0,0,0,0,0.0,0,0,0,0,0.0,17,3.2439024390243905,1.605117881824078,5.2406015037593985,2,266,82,0.9624060150375939,9.68421052631579,10.0,10.0,0.03759398496240601,0.9624060150375939,0.9624060150375939,17,0.6487804878048781,3.4,0.642512077294686,peak_dominated_smooth_solvable,slack smoothing removes burst-induced backlog,smooth
multiplier_n16,semi_real_multiplier_larger,0,16,5,4,delivery_aware_v2,82,82,82,1.0,0,0,0,0.0,0,0,0,0,0.0,7,3.2439024390243905,0.8206518066482898,2.1578947368421053,10,266,82,0.9624060150375939,9.68421052631579,10.0,10.0,0.03759398496240601,0.9624060150375939,0.9624060150375939,17,0.6487804878048781,1.4,0.642512077294686,peak_dominated_smooth_solvable,slack smoothing removes burst-induced backlog,smooth
multiplier_n16,semi_real_multiplier_larger,0,16,5,4,robust_smooth,82,82,82,1.0,0,0,0,0.0,0,0,0,0,0.0,17,3.2439024390243905,1.6036732102513456,5.2406015037593985,2,266,82,0.9624060150375939,9.68421052631579,10.0,10.0,0.03759398496240601,0.9624060150375939,0.9624060150375939,17,0.6487804878048781,3.4,0.642512077294686,peak_dominated_smooth_solvable,slack smoothing removes burst-induced backlog,smooth
multiplier_n16,semi_real_multiplier_larger,0,16,5,8,static,82,82,85,1.0365853658536586,3,22,14,1.5731707317073171,129,21,9,9,0.25609756097560976,17,3.2439024390243905,1.967167903833989,5.2406015037593985,3,266,82,0.9624060150375939,9.68421052631579,10.0,10.0,0.03759398496240601,0.9624060150375939,0.9624060150375939,17,0.6487804878048781,3.4,0.6363636363636364,peak_dominated_smooth_solvable,slack smoothing removes burst-induced backlog,smooth
multiplier_n16,semi_real_multiplier_larger,0,16,5,8,capacity_aware,82,87,87,1.0609756097560976,0,0,0,0.0,0,0,0,0,0.0,5,3.057471264367816,0.7799279687151843,1.6353383458646615,52,266,82,0.9624060150375939,9.68421052631579,10.0,10.0,0.03759398496240601,0.9624060150375939,0.9624060150375939,17,0.6114942528735632,1.0,0.6363636363636364,peak_dominated_smooth_solvable,slack smoothing removes burst-induced backlog,smooth
multiplier_n16,semi_real_multiplier_larger,0,16,5,8,smooth,82,82,82,1.0,0,0,0,0.0,0,0,0,0,0.0,17,3.2439024390243905,1.605117881824078,5.2406015037593985,2,266,82,0.9624060150375939,9.68421052631579,10.0,10.0,0.03759398496240601,0.9624060150375939,0.9624060150375939,17,0.6487804878048781,3.4,0.6363636363636364,peak_dominated_smooth_solvable,slack smoothing removes burst-induced backlog,smooth
multiplier_n16,semi_real_multiplier_larger,0,16,5,8,delivery_aware_v2,82,82,82,1.0,0,0,0,0.0,0,0,0,0,0.0,7,3.2439024390243905,0.8206518066482898,2.1578947368421053,10,266,82,0.9624060150375939,9.68421052631579,10.0,10.0,0.03759398496240601,0.9624060150375939,0.9624060150375939,17,0.6487804878048781,1.4,0.6363636363636364,peak_dominated_smooth_solvable,slack smoothing removes burst-induced backlog,smooth
multiplier_n16,semi_real_multiplier_larger,0,16,5,8,robust_smooth,82,82,82,1.0,0,0,0,0.0,0,0,0,0,0.0,17,3.2439024390243905,1.6036732102513456,5.2406015037593985,2,266,82,0.9624060150375939,9.68421052631579,10.0,10.0,0.03759398496240601,0.9624060150375939,0.9624060150375939,17,0.6487804878048781,3.4,0.6363636363636364,peak_dominated_smooth_solvable,slack smoothing removes burst-induced backlog,smooth
multiplier_n16,semi_real_multiplier_larger,0,16,5,16,static,82,82,84,1.024390243902439,2,22,6,0.23170731707317074,19,6,5,2,0.07317073170731707,17,3.2439024390243905,1.967167903833989,5.2406015037593985,3,266,82,0.9624060150375939,9.68421052631579,10.0,10.0,0.03759398496240601,0.9624060150375939,0.9624060150375939,17,0.6487804878048781,3.4,0.6244131455399061,peak_dominated_smooth_solvable,slack smoothing removes burst-induced backlog,smooth
multiplier_n16,semi_real_multiplier_larger,0,16,5,16,capacity_aware,82,87,87,1.0609756097560976,0,0,0,0.0,0,0,0,0,0.0,5,3.057471264367816,0.7799279687151843,1.6353383458646615,52,266,82,0.9624060150375939,9.68421052631579,10.0,10.0,0.03759398496240601,0.9624060150375939,0.9624060150375939,17,0.6114942528735632,1.0,0.6244131455399061,peak_dominated_smooth_solvable,slack smoothing removes burst-induced backlog,smooth
multiplier_n16,semi_real_multiplier_larger,0,16,5,16,smooth,82,82,82,1.0,0,0,0,0.0,0,0,0,0,0.0,17,3.2439024390243905,1.605117881824078,5.2406015037593985,2,266,82,0.9624060150375939,9.68421052631579,10.0,10.0,0.03759398496240601,0.9624060150375939,0.9624060150375939,17,0.6487804878048781,3.4,0.6244131455399061,peak_dominated_smooth_solvable,slack smoothing removes burst-induced backlog,smooth
multiplier_n16,semi_real_multiplier_larger,0,16,5,16,delivery_aware_v2,82,82,82,1.0,0,0,0,0.0,0,0,0,0,0.0,7,3.2439024390243905,0.8206518066482898,2.1578947368421053,10,266,82,0.9624060150375939,9.68421052631579,10.0,10.0,0.03759398496240601,0.9624060150375939,0.9624060150375939,17,0.6487804878048781,1.4,0.6244131455399061,peak_dominated_smooth_solvable,slack smoothing removes burst-induced backlog,smooth
multiplier_n16,semi_real_multiplier_larger,0,16,5,16,robust_smooth,82,82,82,1.0,0,0,0,0.0,0,0,0,0,0.0,17,3.2439024390243905,1.6036732102513456,5.2406015037593985,2,266,82,0.9624060150375939,9.68421052631579,10.0,10.0,0.03759398496240601,0.9624060150375939,0.9624060150375939,17,0.6487804878048781,3.4,0.6244131455399061,peak_dominated_smooth_solvable,slack smoothing removes burst-induced backlog,smooth
multiplier_n24,semi_real_multiplier_larger,0,24,1,0,static,122,122,635,5.204918032786885,513,513,513,350.3688524590164,42745,121,1,121,0.9918032786885246,25,4.844262295081967,1.975062912598534,5.1607445008460235,4,591,122,0.9746192893401016,13.685279187817258,14,14.0,0.025380710659898477,0.9746192893401016,0.9746192893401016,25,4.844262295081967,25.0,4.844262295081967,persistent_underprovisioning,average T demand is too close to available delivery supply,increase_capacity
multiplier_n24,semi_real_multiplier_larger,0,24,1,0,capacity_aware,122,627,627,5.139344262295082,0,0,0,0.0,0,0,0,0,0.0,1,0.9425837320574163,0.24680702093691811,1.0609137055837563,591,591,122,0.9746192893401016,13.685279187817258,14,14.0,0.025380710659898477,0.9746192893401016,0.9746192893401016,25,0.9425837320574163,1.0,4.844262295081967,persistent_underprovisioning,average T demand is too close to available delivery supply,increase_capacity
multiplier_n24,semi_real_multiplier_larger,0,24,1,0,smooth,122,593,623,5.10655737704918,30,30,30,0.9359190556492412,555,37,1,37,0.06239460370994941,24,0.9966273187183811,1.0617486061935486,24.081218274111677,1,591,122,0.9746192893401016,13.685279187817258,14,14.0,0.025380710659898477,0.9746192893401016,0.9746192893401016,25,0.9966273187183811,24.0,4.844262295081967,persistent_underprovisioning,average T demand is too close to available delivery supply,increase_capacity
multiplier_n24,semi_real_multiplier_larger,0,24,1,0,delivery_aware_v2,122,593,623,5.10655737704918,30,30,30,0.9359190556492412,555,37,1,37,0.06239460370994941,24,0.9966273187183811,1.0617486061935486,24.081218274111677,1,591,122,0.9746192893401016,13.685279187817258,14,14.0,0.025380710659898477,0.9746192893401016,0.9746192893401016,25,0.9966273187183811,24.0,4.844262295081967,persistent_underprovisioning,average T demand is too close to available delivery supply,increase_capacity
multiplier_n24,semi_real_multiplier_larger,0,24,1,0,robust_smooth,122,593,623,5.10655737704918,30,30,30,0.9359190556492412,555,37,1,37,0.06239460370994941,24,0.9966273187183811,1.0617486061935486,24.081218274111677,1,591,122,0.9746192893401016,13.685279187817258,14,14.0,0.025380710659898477,0.9746192893401016,0.9746192893401016,25,0.9966273187183811,24.0,4.844262295081967,persistent_underprovisioning,average T demand is too close to available delivery supply,increase_capacity
multiplier_n24,semi_real_multiplier_larger,0,24,1,4,static,122,122,631,5.172131147540983,509,513,509,346.4016393442623,42261,121,1,121,0.9918032786885246,25,4.844262295081967,1.975062912598534,5.1607445008460235,4,591,122,0.9746192893401016,13.685279187817258,14,14.0,0.025380710659898477,0.9746192893401016,0.9746192893401016,25,4.844262295081967,25.0,4.690476190476191,persistent_underprovisioning,average T demand is too close to available delivery supply,increase_capacity
multiplier_n24,semi_real_multiplier_larger,0,24,1,4,capacity_aware,122,627,627,5.139344262295082,0,0,0,0.0,0,0,0,0,0.0,1,0.9425837320574163,0.24680702093691811,1.0609137055837563,591,591,122,0.9746192893401016,13.685279187817258,14,14.0,0.025380710659898477,0.9746192893401016,0.9746192893401016,25,0.9425837320574163,1.0,4.690476190476191,persistent_underprovisioning,average T demand is too close to available delivery supply,increase_capacity
multiplier_n24,semi_real_multiplier_larger,0,24,1,4,smooth,122,593,619,5.073770491803279,26,30,26,0.6964586846543002,413,33,1,33,0.05564924114671164,24,0.9966273187183811,1.0617486061935486,24.081218274111677,1,591,122,0.9746192893401016,13.685279187817258,14,14.0,0.025380710659898477,0.9746192893401016,0.9746192893401016,25,0.9966273187183811,24.0,4.690476190476191,persistent_underprovisioning,average T demand is too close to available delivery supply,increase_capacity
multiplier_n24,semi_real_multiplier_larger,0,24,1,4,delivery_aware_v2,122,593,619,5.073770491803279,26,30,26,0.6964586846543002,413,33,1,33,0.05564924114671164,24,0.9966273187183811,1.0209904169260862,24.081218274111677,1,591,122,0.9746192893401016,13.685279187817258,14,14.0,0.025380710659898477,0.9746192893401016,0.9746192893401016,25,0.9966273187183811,24.0,4.690476190476191,persistent_underprovisioning,average T demand is too close to available delivery supply,increase_capacity
multiplier_n24,semi_real_multiplier_larger,0,24,1,4,robust_smooth,122,593,619,5.073770491803279,26,30,26,0.6964586846543002,413,33,1,33,0.05564924114671164,24,0.9966273187183811,1.0617486061935486,24.081218274111677,1,591,122,0.9746192893401016,13.685279187817258,14,14.0,0.025380710659898477,0.9746192893401016,0.9746192893401016,25,0.9966273187183811,24.0,4.690476190476191,persistent_underprovisioning,average T demand is too close to available delivery supply,increase_capacity
multiplier_n24,semi_real_multiplier_larger,0,24,1,8,static,122,122,627,5.139344262295082,505,513,505,342.4344262295082,41777,121,1,121,0.9918032786885246,25,4.844262295081967,1.975062912598534,5.1607445008460235,4,591,122,0.9746192893401016,13.685279187817258,14,14.0,0.025380710659898477,0.9746192893401016,0.9746192893401016,25,4.844262295081967,25.0,4.546153846153846,persistent_underprovisioning,average T demand is too close to available delivery supply,increase_capacity
multiplier_n24,semi_real_multiplier_larger,0,24,1,8,capacity_aware,122,627,627,5.139344262295082,0,0,0,0.0,0,0,0,0,0.0,1,0.9425837320574163,0.24680702093691811,1.0609137055837563,591,591,122,0.9746192893401016,13.685279187817258,14,14.0,0.025380710659898477,0.9746192893401016,0.9746192893401016,25,0.9425837320574163,1.0,4.546153846153846,persistent_underprovisioning,average T demand is too close to available delivery supply,increase_capacity
multiplier_n24,semi_real_multiplier_larger,0,24,1,8,smooth,122,593,615,5.040983606557377,22,30,22,0.48903878583473864,290,26,2,25,0.04384485666104553,24,0.9966273187183811,1.0617486061935486,24.081218274111677,1,591,122,0.9746192893401016,13.685279187817258,14,14.0,0.025380710659898477,0.9746192893401016,0.9746192893401016,25,0.9966273187183811,24.0,4.546153846153846,persistent_underprovisioning,average T demand is too close to available delivery supply,increase_capacity
multiplier_n24,semi_real_multiplier_larger,0,24,1,8,delivery_aware_v2,122,593,615,5.040983606557377,22,30,22,0.48903878583473864,290,26,2,25,0.04384485666104553,23,0.9966273187183811,0.9819999255905197,23.077834179357023,1,591,122,0.9746192893401016,13.685279187817258,14,14.0,0.025380710659898477,0.9746192893401016,0.9746192893401016,25,0.9966273187183811,23.0,4.546153846153846,persistent_underprovisioning,average T demand is too close to available delivery supply,increase_capacity
multiplier_n24,semi_real_multiplier_larger,0,24,1,8,robust_smooth,122,593,615,5.040983606557377,22,30,22,0.48903878583473864,290,26,2,25,0.04384485666104553,24,0.9966273187183811,1.0617486061935486,24.081218274111677,1,591,122,0.9746192893401016,13.685279187817258,14,14.0,0.025380710659898477,0.9746192893401016,0.9746192893401016,25,0.9966273187183811,24.0,4.546153846153846,persistent_underprovisioning,average T demand is too close to available delivery supply,increase_capacity
multiplier_n24,semi_real_multiplier_larger,0,24,1,16,static,122,122,619,5.073770491803279,497,513,497,334.5,40809,121,1,121,0.9918032786885246,25,4.844262295081967,1.975062912598534,5.1607445008460235,4,591,122,0.9746192893401016,13.685279187817258,14,14.0,0.025380710659898477,0.9746192893401016,0.9746192893401016,25,4.844262295081967,25.0,4.282608695652174,persistent_underprovisioning,average T demand is too close to available delivery supply,increase_capacity
multiplier_n24,semi_real_multiplier_larger,0,24,1,16,capacity_aware,122,627,627,5.139344262295082,0,0,0,0.0,0,0,0,0,0.0,1,0.9425837320574163,0.24680702093691811,1.0609137055837563,591,591,122,0.9746192893401016,13.685279187817258,14,14.0,0.025380710659898477,0.9746192893401016,0.9746192893401016,25,0.9425837320574163,1.0,4.282608695652174,persistent_underprovisioning,average T demand is too close to available delivery supply,increase_capacity
multiplier_n24,semi_real_multiplier_larger,0,24,1,16,smooth,122,593,607,4.975409836065574,14,30,14,0.20236087689713322,120,16,1,16,0.026981450252951095,24,0.9966273187183811,1.0617486061935486,24.081218274111677,1,591,122,0.9746192893401016,13.685279187817258,14,14.0,0.025380710659898477,0.9746192893401016,0.9746192893401016,25,0.9966273187183811,24.0,4.282608695652174,persistent_underprovisioning,average T demand is too close to available delivery supply,increase_capacity
multiplier_n24,semi_real_multiplier_larger,0,24,1,16,delivery_aware_v2,122,593,607,4.975409836065574,14,30,14,0.20236087689713322,120,16,1,16,0.026981450252951095,18,0.9966273187183811,0.8032076006708326,18.060913705583758,1,591,122,0.9746192893401016,13.685279187817258,14,14.0,0.025380710659898477,0.9746192893401016,0.9746192893401016,25,0.9966273187183811,18.0,4.282608695652174,persistent_underprovisioning,average T demand is too close to available delivery supply,increase_capacity
multiplier_n24,semi_real_multiplier_larger,0,24,1,16,robust_smooth,122,593,607,4.975409836065574,14,30,14,0.20236087689713322,120,16,1,16,0.026981450252951095,24,0.9966273187183811,1.0617486061935486,24.081218274111677,1,591,122,0.9746192893401016,13.685279187817258,14,14.0,0.025380710659898477,0.9746192893401016,0.9746192893401016,25,0.9966273187183811,24.0,4.282608695652174,persistent_underprovisioning,average T demand is too close to available delivery supply,increase_capacity
multiplier_n24,semi_real_multiplier_larger,0,24,2,0,static,122,122,343,2.8114754098360657,221,441,441,288.87704918032784,35243,121,1,121,0.9918032786885246,25,4.844262295081967,1.975062912598534,5.1607445008460235,4,591,122,0.9746192893401016,13.685279187817258,14,14.0,0.025380710659898477,0.9746192893401016,0.9746192893401016,25,2.4221311475409837,12.5,2.4221311475409837,persistent_underprovisioning,average T demand is too close to available delivery supply,increase_capacity
multiplier_n24,semi_real_multiplier_larger,0,24,2,0,capacity_aware,122,334,334,2.737704918032787,0,0,0,0.0,0,0,0,0,0.0,2,1.7694610778443114,0.3542688208519894,1.1302876480541455,293,591,122,0.9746192893401016,13.685279187817258,14,14.0,0.025380710659898477,0.9746192893401016,0.9746192893401016,25,0.8847305389221557,1.0,2.4221311475409837,persistent_underprovisioning,average T demand is too close to available delivery supply,increase_capacity
multiplier_n24,semi_real_multiplier_larger,0,24,2,0,smooth,122,298,330,2.7049180327868854,32,63,63,4.402684563758389,1312,43,1,43,0.14429530201342283,24,1.983221476510067,1.2236263797545033,12.101522842639595,3,591,122,0.9746192893401016,13.685279187817258,14,14.0,0.025380710659898477,0.9746192893401016,0.9746192893401016,25,0.9916107382550335,12.0,2.4221311475409837,persistent_underprovisioning,average T demand is too close to available delivery supply,increase_capacity
multiplier_n24,semi_real_multiplier_larger,0,24,2,0,delivery_aware_v2,122,298,330,2.7049180327868854,32,63,63,4.412751677852349,1315,43,1,43,0.14429530201342283,24,1.983221476510067,1.1752569367171102,12.101522842639595,1,591,122,0.9746192893401016,13.685279187817258,14,14.0,0.025380710659898477,0.9746192893401016,0.9746192893401016,25,0.9916107382550335,12.0,2.4221311475409837,persistent_underprovisioning,average T demand is too close to available delivery supply,increase_capacity
multiplier_n24,semi_real_multiplier_larger,0,24,2,0,robust_smooth,122,593,593,4.860655737704918,0,0,0,0.0,0,0,0,0,0.0,24,0.9966273187183811,1.0617486061935486,24.081218274111677,1,591,122,0.9746192893401016,13.685279187817258,14,14.0,0.025380710659898477,0.9746192893401016,0.9746192893401016,25,0.49831365935919053,12.0,2.4221311475409837,persistent_underprovisioning,average T demand is too close to available delivery supply,increase_capacity
multiplier_n24,semi_real_multiplier_larger,0,24,2,4,static,122,122,341,2.7950819672131146,219,441,437,284.90983606557376,34759,121,1,121,0.9918032786885246,25,4.844262295081967,1.975062912598534,5.1607445008460235,4,591,122,0.9746192893401016,13.685279187817258,14,14.0,0.025380710659898477,0.9746192893401016,0.9746192893401016,25,2.4221311475409837,12.5,2.3830645161290325,persistent_underprovisioning,average T demand is too close to available delivery supply,increase_capacity
multiplier_n24,semi_real_multiplier_larger,0,24,2,4,capacity_aware,122,334,334,2.737704918032787,0,0,0,0.0,0,0,0,0,0.0,2,1.7694610778443114,0.3542688208519894,1.1302876480541455,293,591,122,0.9746192893401016,13.685279187817258,14,14.0,0.025380710659898477,0.9746192893401016,0.9746192893401016,25,0.8847305389221557,1.0,2.3830645161290325,persistent_underprovisioning,average T demand is too close to available delivery supply,increase_capacity
multiplier_n24,semi_real_multiplier_larger,0,24,2,4,smooth,122,298,328,2.6885245901639343,30,63,59,3.838926174496644,1144,40,2,38,0.1342281879194631,24,1.983221476510067,1.2236263797545033,12.101522842639595,3,591,122,0.9746192893401016,13.685279187817258,14,14.0,0.025380710659898477,0.9746192893401016,0.9746192893401016,25,0.9916107382550335,12.0,2.3830645161290325,persistent_underprovisioning,average T demand is too close to available delivery supply,increase_capacity
multiplier_n24,semi_real_multiplier_larger,0,24,2,4,delivery_aware_v2,122,298,328,2.6885245901639343,30,63,59,3.8456375838926173,1146,40,2,38,0.1342281879194631,24,1.983221476510067,1.1547513660224633,12.101522842639595,1,591,122,0.9746192893401016,13.685279187817258,14,14.0,0.025380710659898477,0.9746192893401016,0.9746192893401016,25,0.9916107382550335,12.0,2.3830645161290325,persistent_underprovisioning,average T demand is too close to available delivery supply,increase_capacity
multiplier_n24,semi_real_multiplier_larger,0,24,2,4,robust_smooth,122,593,593,4.860655737704918,0,0,0,0.0,0,0,0,0,0.0,24,0.9966273187183811,1.0617486061935486,24.081218274111677,1,591,122,0.9746192893401016,13.685279187817258,14,14.0,0.025380710659898477,0.9746192893401016,0.9746192893401016,25,0.49831365935919053,12.0,2.3830645161290325,persistent_underprovisioning,average T demand is too close to available delivery supply,increase_capacity
multiplier_n24,semi_real_multiplier_larger,0,24,2,8,static,122,122,339,2.778688524590164,217,441,433,280.94262295081967,34275,121,1,121,0.9918032786885246,25,4.844262295081967,1.975062912598534,5.1607445008460235,4,591,122,0.9746192893401016,13.685279187817258,14,14.0,0.025380710659898477,0.9746192893401016,0.9746192893401016,25,2.4221311475409837,12.5,2.3452380952380953,persistent_underprovisioning,average T demand is too close to available delivery supply,increase_capacity
multiplier_n24,semi_real_multiplier_larger,0,24,2,8,capacity_aware,122,334,334,2.737704918032787,0,0,0,0.0,0,0,0,0,0.0,2,1.7694610778443114,0.3542688208519894,1.1302876480541455,293,591,122,0.9746192893401016,13.685279187817258,14,14.0,0.025380710659898477,0.9746192893401016,0.9746192893401016,25,0.8847305389221557,1.0,2.3452380952380953,persistent_underprovisioning,average T demand is too close to available delivery supply,increase_capacity
multiplier_n24,semi_real_multiplier_larger,0,24,2,8,smooth,122,298,326,2.6721311475409837,28,63,55,3.3221476510067114,990,36,1,36,0.12080536912751678,24,1.983221476510067,1.2236263797545033,12.101522842639595,3,591,122,0.9746192893401016,13.685279187817258,14,14.0,0.025380710659898477,0.9746192893401016,0.9746192893401016,25,0.9916107382550335,12.0,2.3452380952380953,persistent_underprovisioning,average T demand is too close to available delivery supply,increase_capacity
multiplier_n24,semi_real_multiplier_larger,0,24,2,8,delivery_aware_v2,122,298,326,2.6721311475409837,28,63,55,3.3288590604026846,992,36,1,36,0.12080536912751678,23,1.983221476510067,1.0917062928814172,11.597292724196278,2,591,122,0.9746192893401016,13.685279187817258,14,14.0,0.025380710659898477,0.9746192893401016,0.9746192893401016,25,0.9916107382550335,11.5,2.3452380952380953,persistent_underprovisioning,average T demand is too close to available delivery supply,increase_capacity
multiplier_n24,semi_real_multiplier_larger,0,24,2,8,robust_smooth,122,593,593,4.860655737704918,0,0,0,0.0,0,0,0,0,0.0,24,0.9966273187183811,1.0617486061935486,24.081218274111677,1,591,122,0.9746192893401016,13.685279187817258,14,14.0,0.025380710659898477,0.9746192893401016,0.9746192893401016,25,0.49831365935919053,12.0,2.3452380952380953,persistent_underprovisioning,average T demand is too close to available delivery supply,increase_capacity
multiplier_n24,semi_real_multiplier_larger,0,24,2,16,static,122,122,335,2.7459016393442623,213,441,425,273.0163934426229,33308,120,2,117,0.9836065573770492,25,4.844262295081967,1.975062912598534,5.1607445008460235,4,591,122,0.9746192893401016,13.685279187817258,14,14.0,0.025380710659898477,0.9746192893401016,0.9746192893401016,25,2.4221311475409837,12.5,2.273076923076923,persistent_underprovisioning,average T demand is too close to available delivery supply,increase_capacity
multiplier_n24,semi_real_multiplier_larger,0,24,2,16,capacity_aware,122,334,334,2.737704918032787,0,0,0,0.0,0,0,0,0,0.0,2,1.7694610778443114,0.3542688208519894,1.1302876480541455,293,591,122,0.9746192893401016,13.685279187817258,14,14.0,0.025380710659898477,0.9746192893401016,0.9746192893401016,25,0.8847305389221557,1.0,2.273076923076923,persistent_underprovisioning,average T demand is too close to available delivery supply,increase_capacity
multiplier_n24,semi_real_multiplier_larger,0,24,2,16,smooth,122,298,322,2.639344262295082,24,63,47,2.4161073825503356,720,31,1,31,0.1040268456375839,24,1.983221476510067,1.2236263797545033,12.101522842639595,3,591,122,0.9746192893401016,13.685279187817258,14,14.0,0.025380710659898477,0.9746192893401016,0.9746192893401016,25,0.9916107382550335,12.0,2.273076923076923,persistent_underprovisioning,average T demand is too close to available delivery supply,increase_capacity
multiplier_n24,semi_real_multiplier_larger,0,24,2,16,delivery_aware_v2,122,298,322,2.639344262295082,24,63,47,2.422818791946309,722,31,1,31,0.1040268456375839,23,1.983221476510067,1.0429451171946658,11.597292724196278,2,591,122,0.9746192893401016,13.685279187817258,14,14.0,0.025380710659898477,0.9746192893401016,0.9746192893401016,25,0.9916107382550335,11.5,2.273076923076923,persistent_underprovisioning,average T demand is too close to available delivery supply,increase_capacity
multiplier_n24,semi_real_multiplier_larger,0,24,2,16,robust_smooth,122,593,593,4.860655737704918,0,0,0,0.0,0,0,0,0,0.0,24,0.9966273187183811,1.0617486061935486,24.081218274111677,1,591,122,0.9746192893401016,13.685279187817258,14,14.0,0.025380710659898477,0.9746192893401016,0.9746192893401016,25,0.49831365935919053,12.0,2.273076923076923,persistent_underprovisioning,average T demand is too close to available delivery supply,increase_capacity
multiplier_n24,semi_real_multiplier_larger,0,24,3,0,static,122,122,245,2.0081967213114753,123,369,369,227.38524590163934,27741,121,1,121,0.9918032786885246,25,4.844262295081967,1.975062912598534,5.1607445008460235,4,591,122,0.9746192893401016,13.685279187817258,14,14.0,0.025380710659898477,0.9746192893401016,0.9746192893401016,25,1.6147540983606559,8.333333333333334,1.6147540983606556,persistent_underprovisioning,average T demand is too close to available delivery supply,increase_capacity
multiplier_n24,semi_real_multiplier_larger,0,24,3,0,capacity_aware,122,236,236,1.9344262295081966,0,0,0,0.0,0,0,0,0,0.0,3,2.5042372881355934,0.43727886495371615,1.197969543147208,195,591,122,0.9746192893401016,13.685279187817258,14,14.0,0.025380710659898477,0.9746192893401016,0.9746192893401016,25,0.8347457627118645,1.0,1.6147540983606556,persistent_underprovisioning,average T demand is too close to available delivery supply,increase_capacity
multiplier_n24,semi_real_multiplier_larger,0,24,3,0,smooth,122,199,232,1.901639344262295,33,98,98,12.391959798994975,2466,51,2,49,0.2562814070351759,25,2.969849246231156,1.3514767011233888,8.417935702199662,1,591,122,0.9746192893401016,13.685279187817258,14,14.0,0.025380710659898477,0.9746192893401016,0.9746192893401016,25,0.9899497487437187,8.333333333333334,1.6147540983606556,persistent_underprovisioning,average T demand is too close to available delivery supply,increase_capacity
multiplier_n24,semi_real_multiplier_larger,0,24,3,0,delivery_aware_v2,122,199,232,1.901639344262295,33,98,98,12.472361809045227,2482,51,2,49,0.2562814070351759,25,2.969849246231156,1.2630020135352953,8.417935702199662,1,591,122,0.9746192893401016,13.685279187817258,14,14.0,0.025380710659898477,0.9746192893401016,0.9746192893401016,25,0.9899497487437187,8.333333333333334,1.6147540983606556,persistent_underprovisioning,average T demand is too close to available delivery supply,increase_capacity
multiplier_n24,semi_real_multiplier_larger,0,24,3,0,robust_smooth,122,298,298,2.442622950819672,0,0,0,0.0,0,0,0,0,0.0,24,1.983221476510067,1.2236263797545033,12.101522842639595,3,591,122,0.9746192893401016,13.685279187817258,14,14.0,0.025380710659898477,0.9746192893401016,0.9746192893401016,25,0.6610738255033557,8.0,1.6147540983606556,persistent_underprovisioning,average T demand is too close to available delivery supply,increase_capacity
multiplier_n24,semi_real_multiplier_larger,0,24,3,4,static,122,122,244,2.0,122,369,365,223.41803278688525,27257,121,1,121,0.9918032786885246,25,4.844262295081967,1.975062912598534,5.1607445008460235,4,591,122,0.9746192893401016,13.685279187817258,14,14.0,0.025380710659898477,0.9746192893401016,0.9746192893401016,25,1.6147540983606559,8.333333333333334,1.5972972972972972,persistent_underprovisioning,average T demand is too close to available delivery supply,increase_capacity
multiplier_n24,semi_real_multiplier_larger,0,24,3,4,capacity_aware,122,236,236,1.9344262295081966,0,0,0,0.0,0,0,0,0,0.0,3,2.5042372881355934,0.43727886495371615,1.197969543147208,195,591,122,0.9746192893401016,13.685279187817258,14,14.0,0.025380710659898477,0.9746192893401016,0.9746192893401016,25,0.8347457627118645,1.0,1.5972972972972972,persistent_underprovisioning,average T demand is too close to available delivery supply,increase_capacity
multiplier_n24,semi_real_multiplier_larger,0,24,3,4,smooth,122,199,231,1.8934426229508197,32,98,94,11.376884422110553,2264,49,2,48,0.24623115577889448,25,2.969849246231156,1.3514767011233888,8.417935702199662,1,591,122,0.9746192893401016,13.685279187817258,14,14.0,0.025380710659898477,0.9746192893401016,0.9746192893401016,25,0.9899497487437187,8.333333333333334,1.5972972972972972,persistent_underprovisioning,average T demand is too close to available delivery supply,increase_capacity
multiplier_n24,semi_real_multiplier_larger,0,24,3,4,delivery_aware_v2,122,199,231,1.8934426229508197,32,98,94,11.407035175879397,2270,49,2,48,0.24623115577889448,24,2.969849246231156,1.250307379444275,8.081218274111675,3,591,122,0.9746192893401016,13.685279187817258,14,14.0,0.025380710659898477,0.9746192893401016,0.9746192893401016,25,0.9899497487437187,8.0,1.5972972972972972,persistent_underprovisioning,average T demand is too close to available delivery supply,increase_capacity
multiplier_n24,semi_real_multiplier_larger,0,24,3,4,robust_smooth,122,298,298,2.442622950819672,0,0,0,0.0,0,0,0,0,0.0,24,1.983221476510067,1.2236263797545033,12.101522842639595,3,591,122,0.9746192893401016,13.685279187817258,14,14.0,0.025380710659898477,0.9746192893401016,0.9746192893401016,25,0.6610738255033557,8.0,1.5972972972972972,persistent_underprovisioning,average T demand is too close to available delivery supply,increase_capacity
multiplier_n24,semi_real_multiplier_larger,0,24,3,8,static,122,122,243,1.9918032786885247,121,369,361,219.45081967213116,26773,121,1,121,0.9918032786885246,25,4.844262295081967,1.975062912598534,5.1607445008460235,4,591,122,0.9746192893401016,13.685279187817258,14,14.0,0.025380710659898477,0.9746192893401016,0.9746192893401016,25,1.6147540983606559,8.333333333333334,1.5802139037433156,persistent_underprovisioning,average T demand is too close to available delivery supply,increase_capacity
multiplier_n24,semi_real_multiplier_larger,0,24,3,8,capacity_aware,122,236,236,1.9344262295081966,0,0,0,0.0,0,0,0,0,0.0,3,2.5042372881355934,0.43727886495371615,1.197969543147208,195,591,122,0.9746192893401016,13.685279187817258,14,14.0,0.025380710659898477,0.9746192893401016,0.9746192893401016,25,0.8347457627118645,1.0,1.5802139037433156,persistent_underprovisioning,average T demand is too close to available delivery supply,increase_capacity
multiplier_n24,semi_real_multiplier_larger,0,24,3,8,smooth,122,199,229,1.8770491803278688,30,98,90,10.412060301507537,2072,47,1,47,0.23618090452261306,25,2.969849246231156,1.3514767011233888,8.417935702199662,1,591,122,0.9746192893401016,13.685279187817258,14,14.0,0.025380710659898477,0.9746192893401016,0.9746192893401016,25,0.9899497487437187,8.333333333333334,1.5802139037433156,persistent_underprovisioning,average T demand is too close to available delivery supply,increase_capacity
multiplier_n24,semi_real_multiplier_larger,0,24,3,8,delivery_aware_v2,122,199,229,1.8770491803278688,30,98,90,10.43718592964824,2077,47,1,47,0.23618090452261306,24,2.969849246231156,1.229167317215984,8.081218274111675,2,591,122,0.9746192893401016,13.685279187817258,14,14.0,0.025380710659898477,0.9746192893401016,0.9746192893401016,25,0.9899497487437187,8.0,1.5802139037433156,persistent_underprovisioning,average T demand is too close to available delivery supply,increase_capacity
multiplier_n24,semi_real_multiplier_larger,0,24,3,8,robust_smooth,122,298,298,2.442622950819672,0,0,0,0.0,0,0,0,0,0.0,24,1.983221476510067,1.2236263797545033,12.101522842639595,3,591,122,0.9746192893401016,13.685279187817258,14,14.0,0.025380710659898477,0.9746192893401016,0.9746192893401016,25,0.6610738255033557,8.0,1.5802139037433156,persistent_underprovisioning,average T demand is too close to available delivery supply,increase_capacity
multiplier_n24,semi_real_multiplier_larger,0,24,3,16,static,122,122,240,1.9672131147540983,118,369,353,211.59016393442624,25814,118,2,117,0.9672131147540983,25,4.844262295081967,1.975062912598534,5.1607445008460235,4,591,122,0.9746192893401016,13.685279187817258,14,14.0,0.025380710659898477,0.9746192893401016,0.9746192893401016,25,1.6147540983606559,8.333333333333334,1.5471204188481675,persistent_underprovisioning,average T demand is too close to available delivery supply,increase_capacity
multiplier_n24,semi_real_multiplier_larger,0,24,3,16,capacity_aware,122,236,236,1.9344262295081966,0,0,0,0.0,0,0,0,0,0.0,3,2.5042372881355934,0.43727886495371615,1.197969543147208,195,591,122,0.9746192893401016,13.685279187817258,14,14.0,0.025380710659898477,0.9746192893401016,0.9746192893401016,25,0.8347457627118645,1.0,1.5471204188481675,persistent_underprovisioning,average T demand is too close to available delivery supply,increase_capacity
multiplier_n24,semi_real_multiplier_larger,0,24,3,16,smooth,122,199,227,1.860655737704918,28,98,82,8.587939698492463,1709,43,2,41,0.21608040201005024,25,2.969849246231156,1.3514767011233888,8.417935702199662,1,591,122,0.9746192893401016,13.685279187817258,14,14.0,0.025380710659898477,0.9746192893401016,0.9746192893401016,25,0.9899497487437187,8.333333333333334,1.5471204188481675,persistent_underprovisioning,average T demand is too close to available delivery supply,increase_capacity
multiplier_n24,semi_real_multiplier_larger,0,24,3,16,delivery_aware_v2,122,199,227,1.860655737704918,28,98,82,8.613065326633166,1714,43,2,41,0.21608040201005024,24,2.969849246231156,1.2109551726246592,8.081218274111675,3,591,122,0.9746192893401016,13.685279187817258,14,14.0,0.025380710659898477,0.9746192893401016,0.9746192893401016,25,0.9899497487437187,8.0,1.5471204188481675,persistent_underprovisioning,average T demand is too close to available delivery supply,increase_capacity
multiplier_n24,semi_real_multiplier_larger,0,24,3,16,robust_smooth,122,298,298,2.442622950819672,0,0,0,0.0,0,0,0,0,0.0,24,1.983221476510067,1.2236263797545033,12.101522842639595,3,591,122,0.9746192893401016,13.685279187817258,14,14.0,0.025380710659898477,0.9746192893401016,0.9746192893401016,25,0.6610738255033557,8.0,1.5471204188481675,persistent_underprovisioning,average T demand is too close to available delivery supply,increase_capacity
multiplier_n24,semi_real_multiplier_larger,0,24,4,0,static,122,122,197,1.6147540983606556,75,297,297,165.89344262295083,20239,121,1,121,0.9918032786885246,25,4.844262295081967,1.975062912598534,5.1607445008460235,4,591,122,0.9746192893401016,13.685279187817258,14,14.0,0.025380710659898477,0.9746192893401016,0.9746192893401016,25,1.2110655737704918,6.25,1.2110655737704918,persistent_underprovisioning,average T demand is too close to available delivery supply,increase_capacity
multiplier_n24,semi_real_multiplier_larger,0,24,4,0,capacity_aware,122,188,188,1.540983606557377,0,0,0,0.0,0,0,0,0,0.0,4,3.143617021276596,0.5120477564183955,1.272419627749577,146,591,122,0.9746192893401016,13.685279187817258,14,14.0,0.025380710659898477,0.9746192893401016,0.9746192893401016,25,0.785904255319149,1.0,1.2110655737704918,persistent_underprovisioning,average T demand is too close to available delivery supply,increase_capacity
multiplier_n24,semi_real_multiplier_larger,0,24,4,0,smooth,122,150,183,1.5,33,131,131,27.04,4056,63,2,61,0.42,25,3.94,1.4689359011183827,6.345177664974619,1,591,122,0.9746192893401016,13.685279187817258,14,14.0,0.025380710659898477,0.9746192893401016,0.9746192893401016,25,0.985,6.25,1.2110655737704918,persistent_underprovisioning,average T demand is too close to available delivery supply,increase_capacity
multiplier_n24,semi_real_multiplier_larger,0,24,4,0,delivery_aware_v2,122,150,183,1.5,33,131,131,27.30666666666667,4096,64,1,64,0.4266666666666667,24,3.94,1.3218226027292,6.091370558375635,2,591,122,0.9746192893401016,13.685279187817258,14,14.0,0.025380710659898477,0.9746192893401016,0.9746192893401016,25,0.985,6.0,1.2110655737704918,persistent_underprovisioning,average T demand is too close to available delivery supply,increase_capacity
multiplier_n24,semi_real_multiplier_larger,0,24,4,0,robust_smooth,122,199,199,1.6311475409836065,0,0,0,0.0,0,0,0,0,0.0,25,2.969849246231156,1.3514767011233888,8.417935702199662,1,591,122,0.9746192893401016,13.685279187817258,14,14.0,0.025380710659898477,0.9746192893401016,0.9746192893401016,25,0.742462311557789,6.25,1.2110655737704918,persistent_underprovisioning,average T demand is too close to available delivery supply,increase_capacity
multiplier_n24,semi_real_multiplier_larger,0,24,4,4,static,122,122,196,1.6065573770491803,74,297,293,161.9262295081967,19755,121,1,121,0.9918032786885246,25,4.844262295081967,1.975062912598534,5.1607445008460235,4,591,122,0.9746192893401016,13.685279187817258,14,14.0,0.025380710659898477,0.9746192893401016,0.9746192893401016,25,1.2110655737704918,6.25,1.201219512195122,persistent_underprovisioning,average T demand is too close to available delivery supply,increase_capacity
multiplier_n24,semi_real_multiplier_larger,0,24,4,4,capacity_aware,122,188,188,1.540983606557377,0,0,0,0.0,0,0,0,0,0.0,4,3.143617021276596,0.5120477564183955,1.272419627749577,146,591,122,0.9746192893401016,13.685279187817258,14,14.0,0.025380710659898477,0.9746192893401016,0.9746192893401016,25,0.785904255319149,1.0,1.201219512195122,persistent_underprovisioning,average T demand is too close to available delivery supply,increase_capacity
multiplier_n24,semi_real_multiplier_larger,0,24,4,4,smooth,122,150,182,1.4918032786885247,32,131,127,25.373333333333335,3806,61,2,60,0.4066666666666667,25,3.94,1.4689359011183827,6.345177664974619,1,591,122,0.9746192893401016,13.685279187817258,14,14.0,0.025380710659898477,0.9746192893401016,0.9746192893401016,25,0.985,6.25,1.201219512195122,persistent_underprovisioning,average T demand is too close to available delivery supply,increase_capacity
multiplier_n24,semi_real_multiplier_larger,0,24,4,4,delivery_aware_v2,122,150,182,1.4918032786885247,32,131,127,25.533333333333335,3830,61,2,60,0.4066666666666667,24,3.94,1.3289510727053773,6.091370558375635,2,591,122,0.9746192893401016,13.685279187817258,14,14.0,0.025380710659898477,0.9746192893401016,0.9746192893401016,25,0.985,6.0,1.201219512195122,persistent_underprovisioning,average T demand is too close to available delivery supply,increase_capacity
multiplier_n24,semi_real_multiplier_larger,0,24,4,4,robust_smooth,122,199,199,1.6311475409836065,0,0,0,0.0,0,0,0,0,0.0,25,2.969849246231156,1.3514767011233888,8.417935702199662,1,591,122,0.9746192893401016,13.685279187817258,14,14.0,0.025380710659898477,0.9746192893401016,0.9746192893401016,25,0.742462311557789,6.25,1.201219512195122,persistent_underprovisioning,average T demand is too close to available delivery supply,increase_capacity
multiplier_n24,semi_real_multiplier_larger,0,24,4,8,static,122,122,195,1.598360655737705,73,297,289,157.98360655737704,19274,120,2,117,0.9836065573770492,25,4.844262295081967,1.975062912598534,5.1607445008460235,4,591,122,0.9746192893401016,13.685279187817258,14,14.0,0.025380710659898477,0.9746192893401016,0.9746192893401016,25,1.2110655737704918,6.25,1.1915322580645162,persistent_underprovisioning,average T demand is too close to available delivery supply,increase_capacity
multiplier_n24,semi_real_multiplier_larger,0,24,4,8,capacity_aware,122,188,188,1.540983606557377,0,0,0,0.0,0,0,0,0,0.0,4,3.143617021276596,0.5120477564183955,1.272419627749577,146,591,122,0.9746192893401016,13.685279187817258,14,14.0,0.025380710659898477,0.9746192893401016,0.9746192893401016,25,0.785904255319149,1.0,1.1915322580645162,persistent_underprovisioning,average T demand is too close to available delivery supply,increase_capacity
multiplier_n24,semi_real_multiplier_larger,0,24,4,8,smooth,122,150,181,1.4836065573770492,31,131,123,23.76,3564,59,1,59,0.3933333333333333,25,3.94,1.4689359011183827,6.345177664974619,1,591,122,0.9746192893401016,13.685279187817258,14,14.0,0.025380710659898477,0.9746192893401016,0.9746192893401016,25,0.985,6.25,1.1915322580645162,persistent_underprovisioning,average T demand is too close to available delivery supply,increase_capacity
multiplier_n24,semi_real_multiplier_larger,0,24,4,8,delivery_aware_v2,122,150,181,1.4836065573770492,31,131,123,23.92,3588,59,1,59,0.3933333333333333,24,3.94,1.3081058392057245,6.091370558375635,2,591,122,0.9746192893401016,13.685279187817258,14,14.0,0.025380710659898477,0.9746192893401016,0.9746192893401016,25,0.985,6.0,1.1915322580645162,persistent_underprovisioning,average T demand is too close to available delivery supply,increase_capacity
multiplier_n24,semi_real_multiplier_larger,0,24,4,8,robust_smooth,122,199,199,1.6311475409836065,0,0,0,0.0,0,0,0,0,0.0,25,2.969849246231156,1.3514767011233888,8.417935702199662,1,591,122,0.9746192893401016,13.685279187817258,14,14.0,0.025380710659898477,0.9746192893401016,0.9746192893401016,25,0.742462311557789,6.25,1.1915322580645162,persistent_underprovisioning,average T demand is too close to available delivery supply,increase_capacity
multiplier_n24,semi_real_multiplier_larger,0,24,4,16,static,122,122,193,1.5819672131147542,71,297,281,150.19672131147541,18324,118,2,117,0.9672131147540983,25,4.844262295081967,1.975062912598534,5.1607445008460235,4,591,122,0.9746192893401016,13.685279187817258,14,14.0,0.025380710659898477,0.9746192893401016,0.9746192893401016,25,1.2110655737704918,6.25,1.1726190476190477,persistent_underprovisioning,average T demand is too close to available delivery supply,increase_capacity
multiplier_n24,semi_real_multiplier_larger,0,24,4,16,capacity_aware,122,188,188,1.540983606557377,0,0,0,0.0,0,0,0,0,0.0,4,3.143617021276596,0.5120477564183955,1.272419627749577,146,591,122,0.9746192893401016,13.685279187817258,14,14.0,0.025380710659898477,0.9746192893401016,0.9746192893401016,25,0.785904255319149,1.0,1.1726190476190477,persistent_underprovisioning,average T demand is too close to available delivery supply,increase_capacity
multiplier_n24,semi_real_multiplier_larger,0,24,4,16,smooth,122,150,179,1.4672131147540983,29,131,115,20.68,3102,55,2,54,0.36666666666666664,25,3.94,1.4689359011183827,6.345177664974619,1,591,122,0.9746192893401016,13.685279187817258,14,14.0,0.025380710659898477,0.9746192893401016,0.9746192893401016,25,0.985,6.25,1.1726190476190477,persistent_underprovisioning,average T demand is too close to available delivery supply,increase_capacity
multiplier_n24,semi_real_multiplier_larger,0,24,4,16,delivery_aware_v2,122,150,179,1.4672131147540983,29,131,115,20.84,3126,55,2,54,0.36666666666666664,24,3.94,1.2721552178745716,6.091370558375635,1,591,122,0.9746192893401016,13.685279187817258,14,14.0,0.025380710659898477,0.9746192893401016,0.9746192893401016,25,0.985,6.0,1.1726190476190477,persistent_underprovisioning,average T demand is too close to available delivery supply,increase_capacity
multiplier_n24,semi_real_multiplier_larger,0,24,4,16,robust_smooth,122,199,199,1.6311475409836065,0,0,0,0.0,0,0,0,0,0.0,25,2.969849246231156,1.3514767011233888,8.417935702199662,1,591,122,0.9746192893401016,13.685279187817258,14,14.0,0.025380710659898477,0.9746192893401016,0.9746192893401016,25,0.742462311557789,6.25,1.1726190476190477,persistent_underprovisioning,average T demand is too close to available delivery supply,increase_capacity
multiplier_n24,semi_real_multiplier_larger,0,24,5,0,static,122,122,167,1.3688524590163935,45,225,225,104.77868852459017,12783,116,2,113,0.9508196721311475,25,4.844262295081967,1.975062912598534,5.1607445008460235,4,591,122,0.9746192893401016,13.685279187817258,14,14.0,0.025380710659898477,0.9746192893401016,0.9746192893401016,25,0.9688524590163935,5.0,0.9688524590163935,persistent_underprovisioning,average T demand is too close to available delivery supply,increase_capacity
multiplier_n24,semi_real_multiplier_larger,0,24,5,0,capacity_aware,122,159,159,1.3032786885245902,0,0,0,0.0,0,0,0,0,0.0,5,3.7169811320754715,0.578145625376806,1.3451776649746194,117,591,122,0.9746192893401016,13.685279187817258,14,14.0,0.025380710659898477,0.9746192893401016,0.9746192893401016,25,0.7433962264150943,1.0,0.9688524590163935,persistent_underprovisioning,average T demand is too close to available delivery supply,increase_capacity
multiplier_n24,semi_real_multiplier_larger,0,24,5,0,smooth,122,122,154,1.2622950819672132,32,157,157,49.9344262295082,6092,80,2,78,0.6557377049180327,25,4.844262295081967,1.6363567896724496,5.1607445008460235,2,591,122,0.9746192893401016,13.685279187817258,14,14.0,0.025380710659898477,0.9746192893401016,0.9746192893401016,25,0.9688524590163935,5.0,0.9688524590163935,persistent_underprovisioning,average T demand is too close to available delivery supply,increase_capacity
multiplier_n24,semi_real_multiplier_larger,0,24,5,0,delivery_aware_v2,122,122,154,1.2622950819672132,32,157,157,50.467213114754095,6157,80,2,78,0.6557377049180327,25,4.844262295081967,1.455610248127482,5.1607445008460235,2,591,122,0.9746192893401016,13.685279187817258,14,14.0,0.025380710659898477,0.9746192893401016,0.9746192893401016,25,0.9688524590163935,5.0,0.9688524590163935,persistent_underprovisioning,average T demand is too close to available delivery supply,increase_capacity
multiplier_n24,semi_real_multiplier_larger,0,24,5,0,robust_smooth,122,150,154,1.2622950819672132,4,17,17,0.32666666666666666,49,6,2,4,0.04,25,3.94,1.4689359011183827,6.345177664974619,1,591,122,0.9746192893401016,13.685279187817258,14,14.0,0.025380710659898477,0.9746192893401016,0.9746192893401016,25,0.788,5.0,0.9688524590163935,persistent_underprovisioning,average T demand is too close to available delivery supply,increase_capacity
multiplier_n24,semi_real_multiplier_larger,0,24,5,4,static,122,122,167,1.3688524590163935,45,225,221,101.0,12322,115,2,112,0.9426229508196722,25,4.844262295081967,1.975062912598534,5.1607445008460235,4,591,122,0.9746192893401016,13.685279187817258,14,14.0,0.025380710659898477,0.9746192893401016,0.9746192893401016,25,0.9688524590163935,5.0,0.9625407166123778,persistent_underprovisioning,average T demand is too close to available delivery supply,increase_capacity
multiplier_n24,semi_real_multiplier_larger,0,24,5,4,capacity_aware,122,159,159,1.3032786885245902,0,0,0,0.0,0,0,0,0,0.0,5,3.7169811320754715,0.578145625376806,1.3451776649746194,117,591,122,0.9746192893401016,13.685279187817258,14,14.0,0.025380710659898477,0.9746192893401016,0.9746192893401016,25,0.7433962264150943,1.0,0.9625407166123778,persistent_underprovisioning,average T demand is too close to available delivery supply,increase_capacity
multiplier_n24,semi_real_multiplier_larger,0,24,5,4,smooth,122,122,153,1.2540983606557377,31,157,153,47.35245901639344,5777,78,2,77,0.639344262295082,25,4.844262295081967,1.6363567896724496,5.1607445008460235,2,591,122,0.9746192893401016,13.685279187817258,14,14.0,0.025380710659898477,0.9746192893401016,0.9746192893401016,25,0.9688524590163935,5.0,0.9625407166123778,persistent_underprovisioning,average T demand is too close to available delivery supply,increase_capacity
multiplier_n24,semi_real_multiplier_larger,0,24,5,4,delivery_aware_v2,122,122,153,1.2540983606557377,31,157,153,47.75409836065574,5826,78,2,77,0.639344262295082,24,4.844262295081967,1.4454967731369885,4.9543147208121825,4,591,122,0.9746192893401016,13.685279187817258,14,14.0,0.025380710659898477,0.9746192893401016,0.9746192893401016,25,0.9688524590163935,4.8,0.9625407166123778,persistent_underprovisioning,average T demand is too close to available delivery supply,increase_capacity
multiplier_n24,semi_real_multiplier_larger,0,24,5,4,robust_smooth,122,150,153,1.2540983606557377,3,17,13,0.18666666666666668,28,4,2,3,0.02666666666666667,25,3.94,1.4689359011183827,6.345177664974619,1,591,122,0.9746192893401016,13.685279187817258,14,14.0,0.025380710659898477,0.9746192893401016,0.9746192893401016,25,0.788,5.0,0.9625407166123778,persistent_underprovisioning,average T demand is too close to available delivery supply,increase_capacity
multiplier_n24,semi_real_multiplier_larger,0,24,5,8,static,122,122,166,1.360655737704918,44,225,217,97.27049180327869,11867,113,2,111,0.9262295081967213,25,4.844262295081967,1.975062912598534,5.1607445008460235,4,591,122,0.9746192893401016,13.685279187817258,14,14.0,0.025380710659898477,0.9746192893401016,0.9746192893401016,25,0.9688524590163935,5.0,0.9563106796116505,persistent_underprovisioning,average T demand is too close to available delivery supply,increase_capacity
multiplier_n24,semi_real_multiplier_larger,0,24,5,8,capacity_aware,122,159,159,1.3032786885245902,0,0,0,0.0,0,0,0,0,0.0,5,3.7169811320754715,0.578145625376806,1.3451776649746194,117,591,122,0.9746192893401016,13.685279187817258,14,14.0,0.025380710659898477,0.9746192893401016,0.9746192893401016,25,0.7433962264150943,1.0,0.9563106796116505,persistent_underprovisioning,average T demand is too close to available delivery supply,increase_capacity
multiplier_n24,semi_real_multiplier_larger,0,24,5,8,smooth,122,122,152,1.2459016393442623,30,157,149,44.82786885245902,5469,75,2,73,0.6147540983606558,25,4.844262295081967,1.6363567896724496,5.1607445008460235,2,591,122,0.9746192893401016,13.685279187817258,14,14.0,0.025380710659898477,0.9746192893401016,0.9746192893401016,25,0.9688524590163935,5.0,0.9563106796116505,persistent_underprovisioning,average T demand is too close to available delivery supply,increase_capacity
multiplier_n24,semi_real_multiplier_larger,0,24,5,8,delivery_aware_v2,122,122,152,1.2459016393442623,30,157,149,45.23770491803279,5519,75,2,73,0.6147540983606558,24,4.844262295081967,1.4107667611137826,4.9543147208121825,2,591,122,0.9746192893401016,13.685279187817258,14,14.0,0.025380710659898477,0.9746192893401016,0.9746192893401016,25,0.9688524590163935,4.8,0.9563106796116505,persistent_underprovisioning,average T demand is too close to available delivery supply,increase_capacity
multiplier_n24,semi_real_multiplier_larger,0,24,5,8,robust_smooth,122,150,152,1.2459016393442623,2,17,9,0.08666666666666667,13,2,1,2,0.013333333333333334,25,3.94,1.4689359011183827,6.345177664974619,1,591,122,0.9746192893401016,13.685279187817258,14,14.0,0.025380710659898477,0.9746192893401016,0.9746192893401016,25,0.788,5.0,0.9563106796116505,persistent_underprovisioning,average T demand is too close to available delivery supply,increase_capacity
multiplier_n24,semi_real_multiplier_larger,0,24,5,16,static,122,122,164,1.3442622950819672,42,225,209,90.0327868852459,10984,107,2,106,0.8770491803278688,25,4.844262295081967,1.975062912598534,5.1607445008460235,4,591,122,0.9746192893401016,13.685279187817258,14,14.0,0.025380710659898477,0.9746192893401016,0.9746192893401016,25,0.9688524590163935,5.0,0.9440894568690096,peak_dominated_buffer_limited,smoothing reduces peaks but available buffer remains too small,increase_buffer
multiplier_n24,semi_real_multiplier_larger,0,24,5,16,capacity_aware,122,159,159,1.3032786885245902,0,0,0,0.0,0,0,0,0,0.0,5,3.7169811320754715,0.578145625376806,1.3451776649746194,117,591,122,0.9746192893401016,13.685279187817258,14,14.0,0.025380710659898477,0.9746192893401016,0.9746192893401016,25,0.7433962264150943,1.0,0.9440894568690096,peak_dominated_buffer_limited,smoothing reduces peaks but available buffer remains too small,increase_buffer
multiplier_n24,semi_real_multiplier_larger,0,24,5,16,smooth,122,122,151,1.2377049180327868,29,157,141,39.98360655737705,4878,70,2,68,0.5737704918032787,25,4.844262295081967,1.6363567896724496,5.1607445008460235,2,591,122,0.9746192893401016,13.685279187817258,14,14.0,0.025380710659898477,0.9746192893401016,0.9746192893401016,25,0.9688524590163935,5.0,0.9440894568690096,peak_dominated_buffer_limited,smoothing reduces peaks but available buffer remains too small,increase_buffer
multiplier_n24,semi_real_multiplier_larger,0,24,5,16,delivery_aware_v2,122,122,151,1.2377049180327868,29,157,141,40.32786885245902,4920,70,2,68,0.5737704918032787,24,4.844262295081967,1.4137346955823336,4.9543147208121825,4,591,122,0.9746192893401016,13.685279187817258,14,14.0,0.025380710659898477,0.9746192893401016,0.9746192893401016,25,0.9688524590163935,4.8,0.9440894568690096,peak_dominated_buffer_limited,smoothing reduces peaks but available buffer remains too small,increase_buffer
multiplier_n24,semi_real_multiplier_larger,0,24,5,16,robust_smooth,122,150,151,1.2377049180327868,1,17,1,0.006666666666666667,1,1,1,1,0.006666666666666667,25,3.94,1.4689359011183827,6.345177664974619,1,591,122,0.9746192893401016,13.685279187817258,14,14.0,0.025380710659898477,0.9746192893401016,0.9746192893401016,25,0.788,5.0,0.9440894568690096,peak_dominated_buffer_limited,smoothing reduces peaks but available buffer remains too small,increase_buffer
phase_estimation_like_synthetic,synthetic_phase_estimation_like,0,12,1,0,static,50,50,95,1.9,45,45,45,27.92,1396,49,1,49,0.98,13,1.4,2.638026473231341,9.285714285714286,1,70,50,0.9428571428571428,9.6,10.0,11.0,0.05714285714285714,0.9428571428571428,0.9428571428571428,13,1.4,13.0,1.4,persistent_underprovisioning,average T demand is too close to available delivery supply,increase_capacity
phase_estimation_like_synthetic,synthetic_phase_estimation_like,0,12,1,0,capacity_aware,50,87,87,1.74,0,0,0,0.0,0,0,0,0,0.0,1,0.8045977011494253,0.4928053803045811,1.2428571428571429,70,70,50,0.9428571428571428,9.6,10.0,11.0,0.05714285714285714,0.9428571428571428,0.9428571428571428,13,0.8045977011494253,1.0,1.4,persistent_underprovisioning,average T demand is too close to available delivery supply,increase_capacity
phase_estimation_like_synthetic,synthetic_phase_estimation_like,0,12,1,0,smooth,50,72,86,1.72,14,14,14,1.9305555555555556,139,20,2,19,0.2777777777777778,10,0.9722222222222222,1.6618160707675278,10.285714285714286,2,70,50,0.9428571428571428,9.6,10.0,11.0,0.05714285714285714,0.9428571428571428,0.9428571428571428,13,0.9722222222222222,10.0,1.4,persistent_underprovisioning,average T demand is too close to available delivery supply,increase_capacity
phase_estimation_like_synthetic,synthetic_phase_estimation_like,0,12,1,0,delivery_aware_v2,50,72,86,1.72,14,14,14,1.9305555555555556,139,20,2,19,0.2777777777777778,10,0.9722222222222222,1.5802350638885525,10.285714285714286,1,70,50,0.9428571428571428,9.6,10.0,11.0,0.05714285714285714,0.9428571428571428,0.9428571428571428,13,0.9722222222222222,10.0,1.4,persistent_underprovisioning,average T demand is too close to available delivery supply,increase_capacity
phase_estimation_like_synthetic,synthetic_phase_estimation_like,0,12,1,0,robust_smooth,50,72,86,1.72,14,14,14,1.9305555555555556,139,20,2,19,0.2777777777777778,10,0.9722222222222222,1.6618160707675278,10.285714285714286,2,70,50,0.9428571428571428,9.6,10.0,11.0,0.05714285714285714,0.9428571428571428,0.9428571428571428,13,0.9722222222222222,10.0,1.4,persistent_underprovisioning,average T demand is too close to available delivery supply,increase_capacity
phase_estimation_like_synthetic,synthetic_phase_estimation_like,0,12,1,4,static,50,50,91,1.82,41,45,41,24.0,1200,49,1,49,0.98,13,1.4,2.638026473231341,9.285714285714286,1,70,50,0.9428571428571428,9.6,10.0,11.0,0.05714285714285714,0.9428571428571428,0.9428571428571428,13,1.4,13.0,1.2962962962962963,persistent_underprovisioning,average T demand is too close to available delivery supply,increase_capacity
phase_estimation_like_synthetic,synthetic_phase_estimation_like,0,12,1,4,capacity_aware,50,87,87,1.74,0,0,0,0.0,0,0,0,0,0.0,1,0.8045977011494253,0.4928053803045811,1.2428571428571429,70,70,50,0.9428571428571428,9.6,10.0,11.0,0.05714285714285714,0.9428571428571428,0.9428571428571428,13,0.8045977011494253,1.0,1.2962962962962963,persistent_underprovisioning,average T demand is too close to available delivery supply,increase_capacity
phase_estimation_like_synthetic,synthetic_phase_estimation_like,0,12,1,4,smooth,50,72,82,1.64,10,14,10,0.9444444444444444,68,15,1,15,0.20833333333333334,10,0.9722222222222222,1.6618160707675278,10.285714285714286,2,70,50,0.9428571428571428,9.6,10.0,11.0,0.05714285714285714,0.9428571428571428,0.9428571428571428,13,0.9722222222222222,10.0,1.2962962962962963,persistent_underprovisioning,average T demand is too close to available delivery supply,increase_capacity
phase_estimation_like_synthetic,synthetic_phase_estimation_like,0,12,1,4,delivery_aware_v2,50,72,82,1.64,10,14,10,0.9444444444444444,68,15,1,15,0.20833333333333334,10,0.9722222222222222,1.402912422536105,10.285714285714286,1,70,50,0.9428571428571428,9.6,10.0,11.0,0.05714285714285714,0.9428571428571428,0.9428571428571428,13,0.9722222222222222,10.0,1.2962962962962963,persistent_underprovisioning,average T demand is too close to available delivery supply,increase_capacity
phase_estimation_like_synthetic,synthetic_phase_estimation_like,0,12,1,4,robust_smooth,50,72,82,1.64,10,14,10,0.9444444444444444,68,15,1,15,0.20833333333333334,10,0.9722222222222222,1.6618160707675278,10.285714285714286,2,70,50,0.9428571428571428,9.6,10.0,11.0,0.05714285714285714,0.9428571428571428,0.9428571428571428,13,0.9722222222222222,10.0,1.2962962962962963,persistent_underprovisioning,average T demand is too close to available delivery supply,increase_capacity
phase_estimation_like_synthetic,synthetic_phase_estimation_like,0,12,1,8,static,50,50,87,1.74,37,45,37,20.1,1005,47,2,44,0.94,13,1.4,2.638026473231341,9.285714285714286,1,70,50,0.9428571428571428,9.6,10.0,11.0,0.05714285714285714,0.9428571428571428,0.9428571428571428,13,1.4,13.0,1.206896551724138,persistent_underprovisioning,average T demand is too close to available delivery supply,increase_capacity
phase_estimation_like_synthetic,synthetic_phase_estimation_like,0,12,1,8,capacity_aware,50,87,87,1.74,0,0,0,0.0,0,0,0,0,0.0,1,0.8045977011494253,0.4928053803045811,1.2428571428571429,70,70,50,0.9428571428571428,9.6,10.0,11.0,0.05714285714285714,0.9428571428571428,0.9428571428571428,13,0.8045977011494253,1.0,1.206896551724138,persistent_underprovisioning,average T demand is too close to available delivery supply,increase_capacity
phase_estimation_like_synthetic,synthetic_phase_estimation_like,0,12,1,8,smooth,50,72,78,1.56,6,14,6,0.2916666666666667,21,6,1,6,0.08333333333333333,10,0.9722222222222222,1.6618160707675278,10.285714285714286,2,70,50,0.9428571428571428,9.6,10.0,11.0,0.05714285714285714,0.9428571428571428,0.9428571428571428,13,0.9722222222222222,10.0,1.206896551724138,persistent_underprovisioning,average T demand is too close to available delivery supply,increase_capacity
phase_estimation_like_synthetic,synthetic_phase_estimation_like,0,12,1,8,delivery_aware_v2,50,72,78,1.56,6,14,6,0.2916666666666667,21,6,1,6,0.08333333333333333,7,0.9722222222222222,1.097306535409801,7.2,1,70,50,0.9428571428571428,9.6,10.0,11.0,0.05714285714285714,0.9428571428571428,0.9428571428571428,13,0.9722222222222222,7.0,1.206896551724138,persistent_underprovisioning,average T demand is too close to available delivery supply,increase_capacity
phase_estimation_like_synthetic,synthetic_phase_estimation_like,0,12,1,8,robust_smooth,50,72,78,1.56,6,14,6,0.2916666666666667,21,6,1,6,0.08333333333333333,10,0.9722222222222222,1.6618160707675278,10.285714285714286,2,70,50,0.9428571428571428,9.6,10.0,11.0,0.05714285714285714,0.9428571428571428,0.9428571428571428,13,0.9722222222222222,10.0,1.206896551724138,persistent_underprovisioning,average T demand is too close to available delivery supply,increase_capacity
phase_estimation_like_synthetic,synthetic_phase_estimation_like,0,12,1,16,static,50,50,79,1.58,29,45,29,12.96,648,42,2,40,0.84,13,1.4,2.638026473231341,9.285714285714286,1,70,50,0.9428571428571428,9.6,10.0,11.0,0.05714285714285714,0.9428571428571428,0.9428571428571428,13,1.4,13.0,1.0606060606060606,peak_dominated_smooth_solvable,slack smoothing removes burst-induced backlog,smooth
phase_estimation_like_synthetic,synthetic_phase_estimation_like,0,12,1,16,capacity_aware,50,87,87,1.74,0,0,0,0.0,0,0,0,0,0.0,1,0.8045977011494253,0.4928053803045811,1.2428571428571429,70,70,50,0.9428571428571428,9.6,10.0,11.0,0.05714285714285714,0.9428571428571428,0.9428571428571428,13,0.8045977011494253,1.0,1.0606060606060606,peak_dominated_smooth_solvable,slack smoothing removes burst-induced backlog,smooth
phase_estimation_like_synthetic,synthetic_phase_estimation_like,0,12,1,16,smooth,50,72,72,1.44,0,14,0,0.0,0,0,0,0,0.0,10,0.9722222222222222,1.6618160707675278,10.285714285714286,2,70,50,0.9428571428571428,9.6,10.0,11.0,0.05714285714285714,0.9428571428571428,0.9428571428571428,13,0.9722222222222222,10.0,1.0606060606060606,peak_dominated_smooth_solvable,slack smoothing removes burst-induced backlog,smooth
phase_estimation_like_synthetic,synthetic_phase_estimation_like,0,12,1,16,delivery_aware_v2,50,72,72,1.44,0,14,0,0.0,0,0,0,0,0.0,3,0.9722222222222222,0.9066646658641389,3.085714285714286,7,70,50,0.9428571428571428,9.6,10.0,11.0,0.05714285714285714,0.9428571428571428,0.9428571428571428,13,0.9722222222222222,3.0,1.0606060606060606,peak_dominated_smooth_solvable,slack smoothing removes burst-induced backlog,smooth
phase_estimation_like_synthetic,synthetic_phase_estimation_like,0,12,1,16,robust_smooth,50,72,72,1.44,0,14,0,0.0,0,0,0,0,0.0,10,0.9722222222222222,1.6618160707675278,10.285714285714286,2,70,50,0.9428571428571428,9.6,10.0,11.0,0.05714285714285714,0.9428571428571428,0.9428571428571428,13,0.9722222222222222,10.0,1.0606060606060606,peak_dominated_smooth_solvable,slack smoothing removes burst-induced backlog,smooth
phase_estimation_like_synthetic,synthetic_phase_estimation_like,0,12,2,0,static,50,50,61,1.22,11,22,22,7.36,368,33,1,33,0.66,13,1.4,2.638026473231341,9.285714285714286,1,70,50,0.9428571428571428,9.6,10.0,11.0,0.05714285714285714,0.9428571428571428,0.9428571428571428,13,0.7,6.5,0.7,peak_dominated_buffer_limited,smoothing reduces peaks but available buffer remains too small,increase_buffer
phase_estimation_like_synthetic,synthetic_phase_estimation_like,0,12,2,0,capacity_aware,50,53,53,1.06,0,0,0,0.0,0,0,0,0,0.0,2,1.320754716981132,0.7018924855164712,1.5142857142857145,34,70,50,0.9428571428571428,9.6,10.0,11.0,0.05714285714285714,0.9428571428571428,0.9428571428571428,13,0.660377358490566,1.0,0.7,peak_dominated_buffer_limited,smoothing reduces peaks but available buffer remains too small,increase_buffer
phase_estimation_like_synthetic,synthetic_phase_estimation_like,0,12,2,0,smooth,50,50,52,1.04,2,3,3,0.1,5,3,2,2,0.06,11,1.4,1.9059520091609048,7.857142857142858,1,70,50,0.9428571428571428,9.6,10.0,11.0,0.05714285714285714,0.9428571428571428,0.9428571428571428,13,0.7,5.5,0.7,peak_dominated_buffer_limited,smoothing reduces peaks but available buffer remains too small,increase_buffer
phase_estimation_like_synthetic,synthetic_phase_estimation_like,0,12,2,0,delivery_aware_v2,50,50,52,1.04,2,3,3,0.1,5,3,2,2,0.06,5,1.4,0.8451542547285166,3.5714285714285716,2,70,50,0.9428571428571428,9.6,10.0,11.0,0.05714285714285714,0.9428571428571428,0.9428571428571428,13,0.7,2.5,0.7,peak_dominated_buffer_limited,smoothing reduces peaks but available buffer remains too small,increase_buffer
phase_estimation_like_synthetic,synthetic_phase_estimation_like,0,12,2,0,robust_smooth,50,72,72,1.44,0,0,0,0.0,0,0,0,0,0.0,10,0.9722222222222222,1.6618160707675278,10.285714285714286,2,70,50,0.9428571428571428,9.6,10.0,11.0,0.05714285714285714,0.9428571428571428,0.9428571428571428,13,0.4861111111111111,5.0,0.7,peak_dominated_buffer_limited,smoothing reduces peaks but available buffer remains too small,increase_buffer
phase_estimation_like_synthetic,synthetic_phase_estimation_like,0,12,2,4,static,50,50,59,1.18,9,22,18,4.88,244,29,2,26,0.58,13,1.4,2.638026473231341,9.285714285714286,1,70,50,0.9428571428571428,9.6,10.0,11.0,0.05714285714285714,0.9428571428571428,0.9428571428571428,13,0.7,6.5,0.6730769230769231,peak_dominated_smooth_solvable,slack smoothing removes burst-induced backlog,smooth
phase_estimation_like_synthetic,synthetic_phase_estimation_like,0,12,2,4,capacity_aware,50,53,53,1.06,0,0,0,0.0,0,0,0,0,0.0,2,1.320754716981132,0.7018924855164712,1.5142857142857145,34,70,50,0.9428571428571428,9.6,10.0,11.0,0.05714285714285714,0.9428571428571428,0.9428571428571428,13,0.660377358490566,1.0,0.6730769230769231,peak_dominated_smooth_solvable,slack smoothing removes burst-induced backlog,smooth
phase_estimation_like_synthetic,synthetic_phase_estimation_like,0,12,2,4,smooth,50,50,50,1.0,0,3,0,0.0,0,0,0,0,0.0,11,1.4,1.9059520091609048,7.857142857142858,1,70,50,0.9428571428571428,9.6,10.0,11.0,0.05714285714285714,0.9428571428571428,0.9428571428571428,13,0.7,5.5,0.6730769230769231,peak_dominated_smooth_solvable,slack smoothing removes burst-induced backlog,smooth
phase_estimation_like_synthetic,synthetic_phase_estimation_like,0,12,2,4,delivery_aware_v2,50,50,50,1.0,0,3,0,0.0,0,0,0,0,0.0,3,1.4,0.7953949089757175,2.142857142857143,7,70,50,0.9428571428571428,9.6,10.0,11.0,0.05714285714285714,0.9428571428571428,0.9428571428571428,13,0.7,1.5,0.6730769230769231,peak_dominated_smooth_solvable,slack smoothing removes burst-induced backlog,smooth
phase_estimation_like_synthetic,synthetic_phase_estimation_like,0,12,2,4,robust_smooth,50,72,72,1.44,0,0,0,0.0,0,0,0,0,0.0,10,0.9722222222222222,1.6618160707675278,10.285714285714286,2,70,50,0.9428571428571428,9.6,10.0,11.0,0.05714285714285714,0.9428571428571428,0.9428571428571428,13,0.4861111111111111,5.0,0.6730769230769231,peak_dominated_smooth_solvable,slack smoothing removes burst-induced backlog,smooth
phase_estimation_like_synthetic,synthetic_phase_estimation_like,0,12,2,8,static,50,50,57,1.14,7,22,14,2.8,140,22,4,16,0.44,13,1.4,2.638026473231341,9.285714285714286,1,70,50,0.9428571428571428,9.6,10.0,11.0,0.05714285714285714,0.9428571428571428,0.9428571428571428,13,0.7,6.5,0.6481481481481481,peak_dominated_smooth_solvable,slack smoothing removes burst-induced backlog,smooth
phase_estimation_like_synthetic,synthetic_phase_estimation_like,0,12,2,8,capacity_aware,50,53,53,1.06,0,0,0,0.0,0,0,0,0,0.0,2,1.320754716981132,0.7018924855164712,1.5142857142857145,34,70,50,0.9428571428571428,9.6,10.0,11.0,0.05714285714285714,0.9428571428571428,0.9428571428571428,13,0.660377358490566,1.0,0.6481481481481481,peak_dominated_smooth_solvable,slack smoothing removes burst-induced backlog,smooth
phase_estimation_like_synthetic,synthetic_phase_estimation_like,0,12,2,8,smooth,50,50,50,1.0,0,3,0,0.0,0,0,0,0,0.0,11,1.4,1.9059520091609048,7.857142857142858,1,70,50,0.9428571428571428,9.6,10.0,11.0,0.05714285714285714,0.9428571428571428,0.9428571428571428,13,0.7,5.5,0.6481481481481481,peak_dominated_smooth_solvable,slack smoothing removes burst-induced backlog,smooth
phase_estimation_like_synthetic,synthetic_phase_estimation_like,0,12,2,8,delivery_aware_v2,50,50,50,1.0,0,3,0,0.0,0,0,0,0,0.0,3,1.4,0.7953949089757175,2.142857142857143,7,70,50,0.9428571428571428,9.6,10.0,11.0,0.05714285714285714,0.9428571428571428,0.9428571428571428,13,0.7,1.5,0.6481481481481481,peak_dominated_smooth_solvable,slack smoothing removes burst-induced backlog,smooth
phase_estimation_like_synthetic,synthetic_phase_estimation_like,0,12,2,8,robust_smooth,50,72,72,1.44,0,0,0,0.0,0,0,0,0,0.0,10,0.9722222222222222,1.6618160707675278,10.285714285714286,2,70,50,0.9428571428571428,9.6,10.0,11.0,0.05714285714285714,0.9428571428571428,0.9428571428571428,13,0.4861111111111111,5.0,0.6481481481481481,peak_dominated_smooth_solvable,slack smoothing removes burst-induced backlog,smooth
phase_estimation_like_synthetic,synthetic_phase_estimation_like,0,12,2,16,static,50,50,53,1.06,3,22,6,0.4,20,6,3,3,0.12,13,1.4,2.638026473231341,9.285714285714286,1,70,50,0.9428571428571428,9.6,10.0,11.0,0.05714285714285714,0.9428571428571428,0.9428571428571428,13,0.7,6.5,0.603448275862069,peak_dominated_smooth_solvable,slack smoothing removes burst-induced backlog,smooth
phase_estimation_like_synthetic,synthetic_phase_estimation_like,0,12,2,16,capacity_aware,50,53,53,1.06,0,0,0,0.0,0,0,0,0,0.0,2,1.320754716981132,0.7018924855164712,1.5142857142857145,34,70,50,0.9428571428571428,9.6,10.0,11.0,0.05714285714285714,0.9428571428571428,0.9428571428571428,13,0.660377358490566,1.0,0.603448275862069,peak_dominated_smooth_solvable,slack smoothing removes burst-induced backlog,smooth
phase_estimation_like_synthetic,synthetic_phase_estimation_like,0,12,2,16,smooth,50,50,50,1.0,0,3,0,0.0,0,0,0,0,0.0,11,1.4,1.9059520091609048,7.857142857142858,1,70,50,0.9428571428571428,9.6,10.0,11.0,0.05714285714285714,0.9428571428571428,0.9428571428571428,13,0.7,5.5,0.603448275862069,peak_dominated_smooth_solvable,slack smoothing removes burst-induced backlog,smooth
phase_estimation_like_synthetic,synthetic_phase_estimation_like,0,12,2,16,delivery_aware_v2,50,50,50,1.0,0,3,0,0.0,0,0,0,0,0.0,3,1.4,0.7953949089757175,2.142857142857143,7,70,50,0.9428571428571428,9.6,10.0,11.0,0.05714285714285714,0.9428571428571428,0.9428571428571428,13,0.7,1.5,0.603448275862069,peak_dominated_smooth_solvable,slack smoothing removes burst-induced backlog,smooth
phase_estimation_like_synthetic,synthetic_phase_estimation_like,0,12,2,16,robust_smooth,50,72,72,1.44,0,0,0,0.0,0,0,0,0,0.0,10,0.9722222222222222,1.6618160707675278,10.285714285714286,2,70,50,0.9428571428571428,9.6,10.0,11.0,0.05714285714285714,0.9428571428571428,0.9428571428571428,13,0.4861111111111111,5.0,0.603448275862069,peak_dominated_smooth_solvable,slack smoothing removes burst-induced backlog,smooth
phase_estimation_like_synthetic,synthetic_phase_estimation_like,0,12,3,0,static,50,50,53,1.06,3,7,7,0.48,24,8,5,3,0.16,13,1.4,2.638026473231341,9.285714285714286,1,70,50,0.9428571428571428,9.6,10.0,11.0,0.05714285714285714,0.9428571428571428,0.9428571428571428,13,0.4666666666666666,4.333333333333333,0.4666666666666667,peak_dominated_smooth_solvable,slack smoothing removes burst-induced backlog,smooth
phase_estimation_like_synthetic,synthetic_phase_estimation_like,0,12,3,0,capacity_aware,50,50,50,1.0,0,0,0,0.0,0,0,0,0,0.0,3,1.4,1.0101525445522108,2.142857142857143,21,70,50,0.9428571428571428,9.6,10.0,11.0,0.05714285714285714,0.9428571428571428,0.9428571428571428,13,0.4666666666666666,1.0,0.4666666666666667,peak_dominated_smooth_solvable,slack smoothing removes burst-induced backlog,smooth
phase_estimation_like_synthetic,synthetic_phase_estimation_like,0,12,3,0,smooth,50,50,50,1.0,0,0,0,0.0,0,0,0,0,0.0,11,1.4,1.9112983086085218,7.857142857142858,1,70,50,0.9428571428571428,9.6,10.0,11.0,0.05714285714285714,0.9428571428571428,0.9428571428571428,13,0.4666666666666666,3.6666666666666665,0.4666666666666667,peak_dominated_smooth_solvable,slack smoothing removes burst-induced backlog,smooth
phase_estimation_like_synthetic,synthetic_phase_estimation_like,0,12,3,0,delivery_aware_v2,50,50,50,1.0,0,0,0,0.0,0,0,0,0,0.0,3,1.4,1.0101525445522108,2.142857142857143,21,70,50,0.9428571428571428,9.6,10.0,11.0,0.05714285714285714,0.9428571428571428,0.9428571428571428,13,0.4666666666666666,1.0,0.4666666666666667,peak_dominated_smooth_solvable,slack smoothing removes burst-induced backlog,smooth
phase_estimation_like_synthetic,synthetic_phase_estimation_like,0,12,3,0,robust_smooth,50,50,50,1.0,0,0,0,0.0,0,0,0,0,0.0,11,1.4,1.9059520091609048,7.857142857142858,1,70,50,0.9428571428571428,9.6,10.0,11.0,0.05714285714285714,0.9428571428571428,0.9428571428571428,13,0.4666666666666666,3.6666666666666665,0.4666666666666667,peak_dominated_smooth_solvable,slack smoothing removes burst-induced backlog,smooth
phase_estimation_like_synthetic,synthetic_phase_estimation_like,0,12,3,4,static,50,50,51,1.02,1,7,3,0.06,3,1,1,1,0.02,13,1.4,2.638026473231341,9.285714285714286,1,70,50,0.9428571428571428,9.6,10.0,11.0,0.05714285714285714,0.9428571428571428,0.9428571428571428,13,0.4666666666666666,4.333333333333333,0.45454545454545453,peak_dominated_smooth_solvable,slack smoothing removes burst-induced backlog,smooth
phase_estimation_like_synthetic,synthetic_phase_estimation_like,0,12,3,4,capacity_aware,50,50,50,1.0,0,0,0,0.0,0,0,0,0,0.0,3,1.4,1.0101525445522108,2.142857142857143,21,70,50,0.9428571428571428,9.6,10.0,11.0,0.05714285714285714,0.9428571428571428,0.9428571428571428,13,0.4666666666666666,1.0,0.45454545454545453,peak_dominated_smooth_solvable,slack smoothing removes burst-induced backlog,smooth
phase_estimation_like_synthetic,synthetic_phase_estimation_like,0,12,3,4,smooth,50,50,50,1.0,0,0,0,0.0,0,0,0,0,0.0,11,1.4,1.9112983086085218,7.857142857142858,1,70,50,0.9428571428571428,9.6,10.0,11.0,0.05714285714285714,0.9428571428571428,0.9428571428571428,13,0.4666666666666666,3.6666666666666665,0.45454545454545453,peak_dominated_smooth_solvable,slack smoothing removes burst-induced backlog,smooth
phase_estimation_like_synthetic,synthetic_phase_estimation_like,0,12,3,4,delivery_aware_v2,50,50,50,1.0,0,0,0,0.0,0,0,0,0,0.0,5,1.4,1.4708043058552858,3.5714285714285716,10,70,50,0.9428571428571428,9.6,10.0,11.0,0.05714285714285714,0.9428571428571428,0.9428571428571428,13,0.4666666666666666,1.6666666666666667,0.45454545454545453,peak_dominated_smooth_solvable,slack smoothing removes burst-induced backlog,smooth
phase_estimation_like_synthetic,synthetic_phase_estimation_like,0,12,3,4,robust_smooth,50,50,50,1.0,0,0,0,0.0,0,0,0,0,0.0,11,1.4,1.9059520091609048,7.857142857142858,1,70,50,0.9428571428571428,9.6,10.0,11.0,0.05714285714285714,0.9428571428571428,0.9428571428571428,13,0.4666666666666666,3.6666666666666665,0.45454545454545453,peak_dominated_smooth_solvable,slack smoothing removes burst-induced backlog,smooth
phase_estimation_like_synthetic,synthetic_phase_estimation_like,0,12,3,8,static,50,50,50,1.0,0,7,0,0.0,0,0,0,0,0.0,13,1.4,2.638026473231341,9.285714285714286,1,70,50,0.9428571428571428,9.6,10.0,11.0,0.05714285714285714,0.9428571428571428,0.9428571428571428,13,0.4666666666666666,4.333333333333333,0.4430379746835443,no_delivery_bottleneck,static execution already meets delivery constraints,none
phase_estimation_like_synthetic,synthetic_phase_estimation_like,0,12,3,8,capacity_aware,50,50,50,1.0,0,0,0,0.0,0,0,0,0,0.0,3,1.4,1.0101525445522108,2.142857142857143,21,70,50,0.9428571428571428,9.6,10.0,11.0,0.05714285714285714,0.9428571428571428,0.9428571428571428,13,0.4666666666666666,1.0,0.4430379746835443,no_delivery_bottleneck,static execution already meets delivery constraints,none
phase_estimation_like_synthetic,synthetic_phase_estimation_like,0,12,3,8,smooth,50,50,50,1.0,0,0,0,0.0,0,0,0,0,0.0,11,1.4,1.9112983086085218,7.857142857142858,1,70,50,0.9428571428571428,9.6,10.0,11.0,0.05714285714285714,0.9428571428571428,0.9428571428571428,13,0.4666666666666666,3.6666666666666665,0.4430379746835443,no_delivery_bottleneck,static execution already meets delivery constraints,none
phase_estimation_like_synthetic,synthetic_phase_estimation_like,0,12,3,8,delivery_aware_v2,50,50,50,1.0,0,0,0,0.0,0,0,0,0,0.0,5,1.4,1.4708043058552858,3.5714285714285716,10,70,50,0.9428571428571428,9.6,10.0,11.0,0.05714285714285714,0.9428571428571428,0.9428571428571428,13,0.4666666666666666,1.6666666666666667,0.4430379746835443,no_delivery_bottleneck,static execution already meets delivery constraints,none
phase_estimation_like_synthetic,synthetic_phase_estimation_like,0,12,3,8,robust_smooth,50,50,50,1.0,0,0,0,0.0,0,0,0,0,0.0,11,1.4,1.9059520091609048,7.857142857142858,1,70,50,0.9428571428571428,9.6,10.0,11.0,0.05714285714285714,0.9428571428571428,0.9428571428571428,13,0.4666666666666666,3.6666666666666665,0.4430379746835443,no_delivery_bottleneck,static execution already meets delivery constraints,none
phase_estimation_like_synthetic,synthetic_phase_estimation_like,0,12,3,16,static,50,50,50,1.0,0,7,0,0.0,0,0,0,0,0.0,13,1.4,2.638026473231341,9.285714285714286,1,70,50,0.9428571428571428,9.6,10.0,11.0,0.05714285714285714,0.9428571428571428,0.9428571428571428,13,0.4666666666666666,4.333333333333333,0.42168674698795183,no_delivery_bottleneck,static execution already meets delivery constraints,none
phase_estimation_like_synthetic,synthetic_phase_estimation_like,0,12,3,16,capacity_aware,50,50,50,1.0,0,0,0,0.0,0,0,0,0,0.0,3,1.4,1.0101525445522108,2.142857142857143,21,70,50,0.9428571428571428,9.6,10.0,11.0,0.05714285714285714,0.9428571428571428,0.9428571428571428,13,0.4666666666666666,1.0,0.42168674698795183,no_delivery_bottleneck,static execution already meets delivery constraints,none
phase_estimation_like_synthetic,synthetic_phase_estimation_like,0,12,3,16,smooth,50,50,50,1.0,0,0,0,0.0,0,0,0,0,0.0,11,1.4,1.9112983086085218,7.857142857142858,1,70,50,0.9428571428571428,9.6,10.0,11.0,0.05714285714285714,0.9428571428571428,0.9428571428571428,13,0.4666666666666666,3.6666666666666665,0.42168674698795183,no_delivery_bottleneck,static execution already meets delivery constraints,none
phase_estimation_like_synthetic,synthetic_phase_estimation_like,0,12,3,16,delivery_aware_v2,50,50,50,1.0,0,0,0,0.0,0,0,0,0,0.0,5,1.4,1.4708043058552858,3.5714285714285716,10,70,50,0.9428571428571428,9.6,10.0,11.0,0.05714285714285714,0.9428571428571428,0.9428571428571428,13,0.4666666666666666,1.6666666666666667,0.42168674698795183,no_delivery_bottleneck,static execution already meets delivery constraints,none
phase_estimation_like_synthetic,synthetic_phase_estimation_like,0,12,3,16,robust_smooth,50,50,50,1.0,0,0,0,0.0,0,0,0,0,0.0,11,1.4,1.9059520091609048,7.857142857142858,1,70,50,0.9428571428571428,9.6,10.0,11.0,0.05714285714285714,0.9428571428571428,0.9428571428571428,13,0.4666666666666666,3.6666666666666665,0.42168674698795183,no_delivery_bottleneck,static execution already meets delivery constraints,none
phase_estimation_like_synthetic,synthetic_phase_estimation_like,0,12,4,0,static,50,50,52,1.04,2,5,5,0.12,6,2,1,2,0.04,13,1.4,2.638026473231341,9.285714285714286,1,70,50,0.9428571428571428,9.6,10.0,11.0,0.05714285714285714,0.9428571428571428,0.9428571428571428,13,0.35,3.25,0.35,peak_dominated_smooth_solvable,slack smoothing removes burst-induced backlog,smooth
phase_estimation_like_synthetic,synthetic_phase_estimation_like,0,12,4,0,capacity_aware,50,50,50,1.0,0,0,0,0.0,0,0,0,0,0.0,4,1.4,1.2857142857142858,2.857142857142857,15,70,50,0.9428571428571428,9.6,10.0,11.0,0.05714285714285714,0.9428571428571428,0.9428571428571428,13,0.35,1.0,0.35,peak_dominated_smooth_solvable,slack smoothing removes burst-induced backlog,smooth
phase_estimation_like_synthetic,synthetic_phase_estimation_like,0,12,4,0,smooth,50,50,50,1.0,0,0,0,0.0,0,0,0,0,0.0,11,1.4,1.9112983086085218,7.857142857142858,1,70,50,0.9428571428571428,9.6,10.0,11.0,0.05714285714285714,0.9428571428571428,0.9428571428571428,13,0.35,2.75,0.35,peak_dominated_smooth_solvable,slack smoothing removes burst-induced backlog,smooth
phase_estimation_like_synthetic,synthetic_phase_estimation_like,0,12,4,0,delivery_aware_v2,50,50,50,1.0,0,0,0,0.0,0,0,0,0,0.0,4,1.4,1.2857142857142858,2.857142857142857,15,70,50,0.9428571428571428,9.6,10.0,11.0,0.05714285714285714,0.9428571428571428,0.9428571428571428,13,0.35,1.0,0.35,peak_dominated_smooth_solvable,slack smoothing removes burst-induced backlog,smooth
phase_estimation_like_synthetic,synthetic_phase_estimation_like,0,12,4,0,robust_smooth,50,50,50,1.0,0,0,0,0.0,0,0,0,0,0.0,11,1.4,1.9112983086085218,7.857142857142858,1,70,50,0.9428571428571428,9.6,10.0,11.0,0.05714285714285714,0.9428571428571428,0.9428571428571428,13,0.35,2.75,0.35,peak_dominated_smooth_solvable,slack smoothing removes burst-induced backlog,smooth
phase_estimation_like_synthetic,synthetic_phase_estimation_like,0,12,4,4,static,50,50,51,1.02,1,5,1,0.02,1,1,1,1,0.02,13,1.4,2.638026473231341,9.285714285714286,1,70,50,0.9428571428571428,9.6,10.0,11.0,0.05714285714285714,0.9428571428571428,0.9428571428571428,13,0.35,3.25,0.3431372549019608,peak_dominated_smooth_solvable,slack smoothing removes burst-induced backlog,smooth
phase_estimation_like_synthetic,synthetic_phase_estimation_like,0,12,4,4,capacity_aware,50,50,50,1.0,0,0,0,0.0,0,0,0,0,0.0,4,1.4,1.2857142857142858,2.857142857142857,15,70,50,0.9428571428571428,9.6,10.0,11.0,0.05714285714285714,0.9428571428571428,0.9428571428571428,13,0.35,1.0,0.3431372549019608,peak_dominated_smooth_solvable,slack smoothing removes burst-induced backlog,smooth
phase_estimation_like_synthetic,synthetic_phase_estimation_like,0,12,4,4,smooth,50,50,50,1.0,0,0,0,0.0,0,0,0,0,0.0,11,1.4,1.9112983086085218,7.857142857142858,1,70,50,0.9428571428571428,9.6,10.0,11.0,0.05714285714285714,0.9428571428571428,0.9428571428571428,13,0.35,2.75,0.3431372549019608,peak_dominated_smooth_solvable,slack smoothing removes burst-induced backlog,smooth
phase_estimation_like_synthetic,synthetic_phase_estimation_like,0,12,4,4,delivery_aware_v2,50,50,50,1.0,0,0,0,0.0,0,0,0,0,0.0,6,1.4,1.7083229633001995,4.285714285714286,9,70,50,0.9428571428571428,9.6,10.0,11.0,0.05714285714285714,0.9428571428571428,0.9428571428571428,13,0.35,1.5,0.3431372549019608,peak_dominated_smooth_solvable,slack smoothing removes burst-induced backlog,smooth
phase_estimation_like_synthetic,synthetic_phase_estimation_like,0,12,4,4,robust_smooth,50,50,50,1.0,0,0,0,0.0,0,0,0,0,0.0,11,1.4,1.9112983086085218,7.857142857142858,1,70,50,0.9428571428571428,9.6,10.0,11.0,0.05714285714285714,0.9428571428571428,0.9428571428571428,13,0.35,2.75,0.3431372549019608,peak_dominated_smooth_solvable,slack smoothing removes burst-induced backlog,smooth
phase_estimation_like_synthetic,synthetic_phase_estimation_like,0,12,4,8,static,50,50,50,1.0,0,5,0,0.0,0,0,0,0,0.0,13,1.4,2.638026473231341,9.285714285714286,1,70,50,0.9428571428571428,9.6,10.0,11.0,0.05714285714285714,0.9428571428571428,0.9428571428571428,13,0.35,3.25,0.33653846153846156,no_delivery_bottleneck,static execution already meets delivery constraints,none
phase_estimation_like_synthetic,synthetic_phase_estimation_like,0,12,4,8,capacity_aware,50,50,50,1.0,0,0,0,0.0,0,0,0,0,0.0,4,1.4,1.2857142857142858,2.857142857142857,15,70,50,0.9428571428571428,9.6,10.0,11.0,0.05714285714285714,0.9428571428571428,0.9428571428571428,13,0.35,1.0,0.33653846153846156,no_delivery_bottleneck,static execution already meets delivery constraints,none
phase_estimation_like_synthetic,synthetic_phase_estimation_like,0,12,4,8,smooth,50,50,50,1.0,0,0,0,0.0,0,0,0,0,0.0,11,1.4,1.9112983086085218,7.857142857142858,1,70,50,0.9428571428571428,9.6,10.0,11.0,0.05714285714285714,0.9428571428571428,0.9428571428571428,13,0.35,2.75,0.33653846153846156,no_delivery_bottleneck,static execution already meets delivery constraints,none
phase_estimation_like_synthetic,synthetic_phase_estimation_like,0,12,4,8,delivery_aware_v2,50,50,50,1.0,0,0,0,0.0,0,0,0,0,0.0,6,1.4,1.7083229633001995,4.285714285714286,9,70,50,0.9428571428571428,9.6,10.0,11.0,0.05714285714285714,0.9428571428571428,0.9428571428571428,13,0.35,1.5,0.33653846153846156,no_delivery_bottleneck,static execution already meets delivery constraints,none
phase_estimation_like_synthetic,synthetic_phase_estimation_like,0,12,4,8,robust_smooth,50,50,50,1.0,0,0,0,0.0,0,0,0,0,0.0,11,1.4,1.9112983086085218,7.857142857142858,1,70,50,0.9428571428571428,9.6,10.0,11.0,0.05714285714285714,0.9428571428571428,0.9428571428571428,13,0.35,2.75,0.33653846153846156,no_delivery_bottleneck,static execution already meets delivery constraints,none
phase_estimation_like_synthetic,synthetic_phase_estimation_like,0,12,4,16,static,50,50,50,1.0,0,5,0,0.0,0,0,0,0,0.0,13,1.4,2.638026473231341,9.285714285714286,1,70,50,0.9428571428571428,9.6,10.0,11.0,0.05714285714285714,0.9428571428571428,0.9428571428571428,13,0.35,3.25,0.32407407407407407,no_delivery_bottleneck,static execution already meets delivery constraints,none
phase_estimation_like_synthetic,synthetic_phase_estimation_like,0,12,4,16,capacity_aware,50,50,50,1.0,0,0,0,0.0,0,0,0,0,0.0,4,1.4,1.2857142857142858,2.857142857142857,15,70,50,0.9428571428571428,9.6,10.0,11.0,0.05714285714285714,0.9428571428571428,0.9428571428571428,13,0.35,1.0,0.32407407407407407,no_delivery_bottleneck,static execution already meets delivery constraints,none
phase_estimation_like_synthetic,synthetic_phase_estimation_like,0,12,4,16,smooth,50,50,50,1.0,0,0,0,0.0,0,0,0,0,0.0,11,1.4,1.9112983086085218,7.857142857142858,1,70,50,0.9428571428571428,9.6,10.0,11.0,0.05714285714285714,0.9428571428571428,0.9428571428571428,13,0.35,2.75,0.32407407407407407,no_delivery_bottleneck,static execution already meets delivery constraints,none
phase_estimation_like_synthetic,synthetic_phase_estimation_like,0,12,4,16,delivery_aware_v2,50,50,50,1.0,0,0,0,0.0,0,0,0,0,0.0,6,1.4,1.7083229633001995,4.285714285714286,9,70,50,0.9428571428571428,9.6,10.0,11.0,0.05714285714285714,0.9428571428571428,0.9428571428571428,13,0.35,1.5,0.32407407407407407,no_delivery_bottleneck,static execution already meets delivery constraints,none
phase_estimation_like_synthetic,synthetic_phase_estimation_like,0,12,4,16,robust_smooth,50,50,50,1.0,0,0,0,0.0,0,0,0,0,0.0,11,1.4,1.9112983086085218,7.857142857142858,1,70,50,0.9428571428571428,9.6,10.0,11.0,0.05714285714285714,0.9428571428571428,0.9428571428571428,13,0.35,2.75,0.32407407407407407,no_delivery_bottleneck,static execution already meets delivery constraints,none
phase_estimation_like_synthetic,synthetic_phase_estimation_like,0,12,5,0,static,50,50,51,1.02,1,3,3,0.06,3,1,1,1,0.02,13,1.4,2.638026473231341,9.285714285714286,1,70,50,0.9428571428571428,9.6,10.0,11.0,0.05714285714285714,0.9428571428571428,0.9428571428571428,13,0.27999999999999997,2.6,0.28,peak_dominated_smooth_solvable,slack smoothing removes burst-induced backlog,smooth
phase_estimation_like_synthetic,synthetic_phase_estimation_like,0,12,5,0,capacity_aware,50,50,50,1.0,0,0,0,0.0,0,0,0,0,0.0,5,1.4,1.505093393264677,3.5714285714285716,12,70,50,0.9428571428571428,9.6,10.0,11.0,0.05714285714285714,0.9428571428571428,0.9428571428571428,13,0.27999999999999997,1.0,0.28,peak_dominated_smooth_solvable,slack smoothing removes burst-induced backlog,smooth
phase_estimation_like_synthetic,synthetic_phase_estimation_like,0,12,5,0,smooth,50,50,50,1.0,0,0,0,0.0,0,0,0,0,0.0,11,1.4,1.9112983086085218,7.857142857142858,1,70,50,0.9428571428571428,9.6,10.0,11.0,0.05714285714285714,0.9428571428571428,0.9428571428571428,13,0.27999999999999997,2.2,0.28,peak_dominated_smooth_solvable,slack smoothing removes burst-induced backlog,smooth
phase_estimation_like_synthetic,synthetic_phase_estimation_like,0,12,5,0,delivery_aware_v2,50,50,50,1.0,0,0,0,0.0,0,0,0,0,0.0,5,1.4,1.505093393264677,3.5714285714285716,12,70,50,0.9428571428571428,9.6,10.0,11.0,0.05714285714285714,0.9428571428571428,0.9428571428571428,13,0.27999999999999997,1.0,0.28,peak_dominated_smooth_solvable,slack smoothing removes burst-induced backlog,smooth
phase_estimation_like_synthetic,synthetic_phase_estimation_like,0,12,5,0,robust_smooth,50,50,50,1.0,0,0,0,0.0,0,0,0,0,0.0,11,1.4,1.9112983086085218,7.857142857142858,1,70,50,0.9428571428571428,9.6,10.0,11.0,0.05714285714285714,0.9428571428571428,0.9428571428571428,13,0.27999999999999997,2.2,0.28,peak_dominated_smooth_solvable,slack smoothing removes burst-induced backlog,smooth
phase_estimation_like_synthetic,synthetic_phase_estimation_like,0,12,5,4,static,50,50,50,1.0,0,3,0,0.0,0,0,0,0,0.0,13,1.4,2.638026473231341,9.285714285714286,1,70,50,0.9428571428571428,9.6,10.0,11.0,0.05714285714285714,0.9428571428571428,0.9428571428571428,13,0.27999999999999997,2.6,0.2755905511811024,no_delivery_bottleneck,static execution already meets delivery constraints,none
phase_estimation_like_synthetic,synthetic_phase_estimation_like,0,12,5,4,capacity_aware,50,50,50,1.0,0,0,0,0.0,0,0,0,0,0.0,5,1.4,1.505093393264677,3.5714285714285716,12,70,50,0.9428571428571428,9.6,10.0,11.0,0.05714285714285714,0.9428571428571428,0.9428571428571428,13,0.27999999999999997,1.0,0.2755905511811024,no_delivery_bottleneck,static execution already meets delivery constraints,none
phase_estimation_like_synthetic,synthetic_phase_estimation_like,0,12,5,4,smooth,50,50,50,1.0,0,0,0,0.0,0,0,0,0,0.0,11,1.4,1.9112983086085218,7.857142857142858,1,70,50,0.9428571428571428,9.6,10.0,11.0,0.05714285714285714,0.9428571428571428,0.9428571428571428,13,0.27999999999999997,2.2,0.2755905511811024,no_delivery_bottleneck,static execution already meets delivery constraints,none
phase_estimation_like_synthetic,synthetic_phase_estimation_like,0,12,5,4,delivery_aware_v2,50,50,50,1.0,0,0,0,0.0,0,0,0,0,0.0,7,1.4,1.8013600304169273,5.0,6,70,50,0.9428571428571428,9.6,10.0,11.0,0.05714285714285714,0.9428571428571428,0.9428571428571428,13,0.27999999999999997,1.4,0.2755905511811024,no_delivery_bottleneck,static execution already meets delivery constraints,none
phase_estimation_like_synthetic,synthetic_phase_estimation_like,0,12,5,4,robust_smooth,50,50,50,1.0,0,0,0,0.0,0,0,0,0,0.0,11,1.4,1.9112983086085218,7.857142857142858,1,70,50,0.9428571428571428,9.6,10.0,11.0,0.05714285714285714,0.9428571428571428,0.9428571428571428,13,0.27999999999999997,2.2,0.2755905511811024,no_delivery_bottleneck,static execution already meets delivery constraints,none
phase_estimation_like_synthetic,synthetic_phase_estimation_like,0,12,5,8,static,50,50,50,1.0,0,3,0,0.0,0,0,0,0,0.0,13,1.4,2.638026473231341,9.285714285714286,1,70,50,0.9428571428571428,9.6,10.0,11.0,0.05714285714285714,0.9428571428571428,0.9428571428571428,13,0.27999999999999997,2.6,0.2713178294573643,no_delivery_bottleneck,static execution already meets delivery constraints,none
phase_estimation_like_synthetic,synthetic_phase_estimation_like,0,12,5,8,capacity_aware,50,50,50,1.0,0,0,0,0.0,0,0,0,0,0.0,5,1.4,1.505093393264677,3.5714285714285716,12,70,50,0.9428571428571428,9.6,10.0,11.0,0.05714285714285714,0.9428571428571428,0.9428571428571428,13,0.27999999999999997,1.0,0.2713178294573643,no_delivery_bottleneck,static execution already meets delivery constraints,none
phase_estimation_like_synthetic,synthetic_phase_estimation_like,0,12,5,8,smooth,50,50,50,1.0,0,0,0,0.0,0,0,0,0,0.0,11,1.4,1.9112983086085218,7.857142857142858,1,70,50,0.9428571428571428,9.6,10.0,11.0,0.05714285714285714,0.9428571428571428,0.9428571428571428,13,0.27999999999999997,2.2,0.2713178294573643,no_delivery_bottleneck,static execution already meets delivery constraints,none
phase_estimation_like_synthetic,synthetic_phase_estimation_like,0,12,5,8,delivery_aware_v2,50,50,50,1.0,0,0,0,0.0,0,0,0,0,0.0,7,1.4,1.8013600304169273,5.0,6,70,50,0.9428571428571428,9.6,10.0,11.0,0.05714285714285714,0.9428571428571428,0.9428571428571428,13,0.27999999999999997,1.4,0.2713178294573643,no_delivery_bottleneck,static execution already meets delivery constraints,none
phase_estimation_like_synthetic,synthetic_phase_estimation_like,0,12,5,8,robust_smooth,50,50,50,1.0,0,0,0,0.0,0,0,0,0,0.0,11,1.4,1.9112983086085218,7.857142857142858,1,70,50,0.9428571428571428,9.6,10.0,11.0,0.05714285714285714,0.9428571428571428,0.9428571428571428,13,0.27999999999999997,2.2,0.2713178294573643,no_delivery_bottleneck,static execution already meets delivery constraints,none
phase_estimation_like_synthetic,synthetic_phase_estimation_like,0,12,5,16,static,50,50,50,1.0,0,3,0,0.0,0,0,0,0,0.0,13,1.4,2.638026473231341,9.285714285714286,1,70,50,0.9428571428571428,9.6,10.0,11.0,0.05714285714285714,0.9428571428571428,0.9428571428571428,13,0.27999999999999997,2.6,0.2631578947368421,no_delivery_bottleneck,static execution already meets delivery constraints,none
phase_estimation_like_synthetic,synthetic_phase_estimation_like,0,12,5,16,capacity_aware,50,50,50,1.0,0,0,0,0.0,0,0,0,0,0.0,5,1.4,1.505093393264677,3.5714285714285716,12,70,50,0.9428571428571428,9.6,10.0,11.0,0.05714285714285714,0.9428571428571428,0.9428571428571428,13,0.27999999999999997,1.0,0.2631578947368421,no_delivery_bottleneck,static execution already meets delivery constraints,none
phase_estimation_like_synthetic,synthetic_phase_estimation_like,0,12,5,16,smooth,50,50,50,1.0,0,0,0,0.0,0,0,0,0,0.0,11,1.4,1.9112983086085218,7.857142857142858,1,70,50,0.9428571428571428,9.6,10.0,11.0,0.05714285714285714,0.9428571428571428,0.9428571428571428,13,0.27999999999999997,2.2,0.2631578947368421,no_delivery_bottleneck,static execution already meets delivery constraints,none
phase_estimation_like_synthetic,synthetic_phase_estimation_like,0,12,5,16,delivery_aware_v2,50,50,50,1.0,0,0,0,0.0,0,0,0,0,0.0,7,1.4,1.8013600304169273,5.0,6,70,50,0.9428571428571428,9.6,10.0,11.0,0.05714285714285714,0.9428571428571428,0.9428571428571428,13,0.27999999999999997,1.4,0.2631578947368421,no_delivery_bottleneck,static execution already meets delivery constraints,none
phase_estimation_like_synthetic,synthetic_phase_estimation_like,0,12,5,16,robust_smooth,50,50,50,1.0,0,0,0,0.0,0,0,0,0,0.0,11,1.4,1.9112983086085218,7.857142857142858,1,70,50,0.9428571428571428,9.6,10.0,11.0,0.05714285714285714,0.9428571428571428,0.9428571428571428,13,0.27999999999999997,2.2,0.2631578947368421,no_delivery_bottleneck,static execution already meets delivery constraints,none
hamiltonian_simulation_synthetic,synthetic_hamiltonian_simulation,0,12,1,0,static,98,98,120,1.2244897959183674,22,22,22,10.76530612244898,1055,96,1,96,0.9795918367346939,5,1.1020408163265305,1.6112175358634229,4.537037037037037,4,108,98,0.8888888888888888,1.7777777777777777,2.0,2.0,0.1111111111111111,0.8888888888888888,0.0,5,1.1020408163265305,5.0,1.1020408163265305,persistent_underprovisioning,average T demand is too close to available delivery supply,increase_capacity
hamiltonian_simulation_synthetic,synthetic_hamiltonian_simulation,0,12,1,0,capacity_aware,98,146,146,1.489795918367347,0,0,0,0.0,0,0,0,0,0.0,1,0.7397260273972602,0.5931710140017397,1.3518518518518519,108,108,98,0.8888888888888888,1.7777777777777777,2.0,2.0,0.1111111111111111,0.8888888888888888,0.0,5,0.7397260273972602,1.0,1.1020408163265305,persistent_underprovisioning,average T demand is too close to available delivery supply,increase_capacity
hamiltonian_simulation_synthetic,synthetic_hamiltonian_simulation,0,12,1,0,smooth,98,110,118,1.2040816326530612,8,8,8,0.7636363636363637,84,25,5,13,0.22727272727272727,5,0.9818181818181818,1.1812724765790417,5.092592592592593,1,108,98,0.8888888888888888,1.7777777777777777,2.0,2.0,0.1111111111111111,0.8888888888888888,0.0,5,0.9818181818181818,5.0,1.1020408163265305,persistent_underprovisioning,average T demand is too close to available delivery supply,increase_capacity
hamiltonian_simulation_synthetic,synthetic_hamiltonian_simulation,0,12,1,0,delivery_aware_v2,98,110,118,1.2040816326530612,8,8,8,0.7636363636363637,84,25,5,13,0.22727272727272727,5,0.9818181818181818,1.1812724765790417,5.092592592592593,1,108,98,0.8888888888888888,1.7777777777777777,2.0,2.0,0.1111111111111111,0.8888888888888888,0.0,5,0.9818181818181818,5.0,1.1020408163265305,persistent_underprovisioning,average T demand is too close to available delivery supply,increase_capacity
hamiltonian_simulation_synthetic,synthetic_hamiltonian_simulation,0,12,1,0,robust_smooth,98,110,118,1.2040816326530612,8,8,8,0.7636363636363637,84,25,5,13,0.22727272727272727,5,0.9818181818181818,1.1812724765790417,5.092592592592593,1,108,98,0.8888888888888888,1.7777777777777777,2.0,2.0,0.1111111111111111,0.8888888888888888,0.0,5,0.9818181818181818,5.0,1.1020408163265305,persistent_underprovisioning,average T demand is too close to available delivery supply,increase_capacity
hamiltonian_simulation_synthetic,synthetic_hamiltonian_simulation,0,12,1,4,static,98,98,116,1.183673469387755,18,22,18,6.959183673469388,682,87,3,70,0.8877551020408163,5,1.1020408163265305,1.6112175358634229,4.537037037037037,4,108,98,0.8888888888888888,1.7777777777777777,2.0,2.0,0.1111111111111111,0.8888888888888888,0.0,5,1.1020408163265305,5.0,1.0588235294117647,persistent_underprovisioning,average T demand is too close to available delivery supply,increase_capacity
hamiltonian_simulation_synthetic,synthetic_hamiltonian_simulation,0,12,1,4,capacity_aware,98,146,146,1.489795918367347,0,0,0,0.0,0,0,0,0,0.0,1,0.7397260273972602,0.5931710140017397,1.3518518518518519,108,108,98,0.8888888888888888,1.7777777777777777,2.0,2.0,0.1111111111111111,0.8888888888888888,0.0,5,0.7397260273972602,1.0,1.0588235294117647,persistent_underprovisioning,average T demand is too close to available delivery supply,increase_capacity
hamiltonian_simulation_synthetic,synthetic_hamiltonian_simulation,0,12,1,4,smooth,98,110,114,1.163265306122449,4,8,4,0.12727272727272726,14,7,2,6,0.06363636363636363,5,0.9818181818181818,1.1812724765790417,5.092592592592593,1,108,98,0.8888888888888888,1.7777777777777777,2.0,2.0,0.1111111111111111,0.8888888888888888,0.0,5,0.9818181818181818,5.0,1.0588235294117647,persistent_underprovisioning,average T demand is too close to available delivery supply,increase_capacity
hamiltonian_simulation_synthetic,synthetic_hamiltonian_simulation,0,12,1,4,delivery_aware_v2,98,110,114,1.163265306122449,4,8,4,0.12727272727272726,14,7,2,6,0.06363636363636363,4,0.9818181818181818,1.00904686857965,4.074074074074074,1,108,98,0.8888888888888888,1.7777777777777777,2.0,2.0,0.1111111111111111,0.8888888888888888,0.0,5,0.9818181818181818,4.0,1.0588235294117647,persistent_underprovisioning,average T demand is too close to available delivery supply,increase_capacity
hamiltonian_simulation_synthetic,synthetic_hamiltonian_simulation,0,12,1,4,robust_smooth,98,110,114,1.163265306122449,4,8,4,0.12727272727272726,14,7,2,6,0.06363636363636363,5,0.9818181818181818,1.1812724765790417,5.092592592592593,1,108,98,0.8888888888888888,1.7777777777777777,2.0,2.0,0.1111111111111111,0.8888888888888888,0.0,5,0.9818181818181818,5.0,1.0588235294117647,persistent_underprovisioning,average T demand is too close to available delivery supply,increase_capacity
hamiltonian_simulation_synthetic,synthetic_hamiltonian_simulation,0,12,1,8,static,98,98,112,1.1428571428571428,14,22,14,3.704081632653061,363,65,5,24,0.6632653061224489,5,1.1020408163265305,1.6112175358634229,4.537037037037037,4,108,98,0.8888888888888888,1.7777777777777777,2.0,2.0,0.1111111111111111,0.8888888888888888,0.0,5,1.1020408163265305,5.0,1.0188679245283019,peak_dominated_smooth_solvable,slack smoothing removes burst-induced backlog,smooth
hamiltonian_simulation_synthetic,synthetic_hamiltonian_simulation,0,12,1,8,capacity_aware,98,146,146,1.489795918367347,0,0,0,0.0,0,0,0,0,0.0,1,0.7397260273972602,0.5931710140017397,1.3518518518518519,108,108,98,0.8888888888888888,1.7777777777777777,2.0,2.0,0.1111111111111111,0.8888888888888888,0.0,5,0.7397260273972602,1.0,1.0188679245283019,peak_dominated_smooth_solvable,slack smoothing removes burst-induced backlog,smooth
hamiltonian_simulation_synthetic,synthetic_hamiltonian_simulation,0,12,1,8,smooth,98,110,110,1.1224489795918366,0,8,0,0.0,0,0,0,0,0.0,5,0.9818181818181818,1.1812724765790417,5.092592592592593,1,108,98,0.8888888888888888,1.7777777777777777,2.0,2.0,0.1111111111111111,0.8888888888888888,0.0,5,0.9818181818181818,5.0,1.0188679245283019,peak_dominated_smooth_solvable,slack smoothing removes burst-induced backlog,smooth
hamiltonian_simulation_synthetic,synthetic_hamiltonian_simulation,0,12,1,8,delivery_aware_v2,98,110,110,1.1224489795918366,0,8,0,0.0,0,0,0,0,0.0,3,0.9818181818181818,0.9806075773980538,3.0555555555555554,9,108,98,0.8888888888888888,1.7777777777777777,2.0,2.0,0.1111111111111111,0.8888888888888888,0.0,5,0.9818181818181818,3.0,1.0188679245283019,peak_dominated_smooth_solvable,slack smoothing removes burst-induced backlog,smooth
hamiltonian_simulation_synthetic,synthetic_hamiltonian_simulation,0,12,1,8,robust_smooth,98,110,110,1.1224489795918366,0,8,0,0.0,0,0,0,0,0.0,5,0.9818181818181818,1.1812724765790417,5.092592592592593,1,108,98,0.8888888888888888,1.7777777777777777,2.0,2.0,0.1111111111111111,0.8888888888888888,0.0,5,0.9818181818181818,5.0,1.0188679245283019,peak_dominated_smooth_solvable,slack smoothing removes burst-induced backlog,smooth
hamiltonian_simulation_synthetic,synthetic_hamiltonian_simulation,0,12,1,16,static,98,98,104,1.0612244897959184,6,22,6,0.3673469387755102,36,13,4,8,0.1326530612244898,5,1.1020408163265305,1.6112175358634229,4.537037037037037,4,108,98,0.8888888888888888,1.7777777777777777,2.0,2.0,0.1111111111111111,0.8888888888888888,0.0,5,1.1020408163265305,5.0,0.9473684210526315,peak_dominated_smooth_solvable,slack smoothing removes burst-induced backlog,smooth
hamiltonian_simulation_synthetic,synthetic_hamiltonian_simulation,0,12,1,16,capacity_aware,98,146,146,1.489795918367347,0,0,0,0.0,0,0,0,0,0.0,1,0.7397260273972602,0.5931710140017397,1.3518518518518519,108,108,98,0.8888888888888888,1.7777777777777777,2.0,2.0,0.1111111111111111,0.8888888888888888,0.0,5,0.7397260273972602,1.0,0.9473684210526315,peak_dominated_smooth_solvable,slack smoothing removes burst-induced backlog,smooth
hamiltonian_simulation_synthetic,synthetic_hamiltonian_simulation,0,12,1,16,smooth,98,110,110,1.1224489795918366,0,8,0,0.0,0,0,0,0,0.0,5,0.9818181818181818,1.1812724765790417,5.092592592592593,1,108,98,0.8888888888888888,1.7777777777777777,2.0,2.0,0.1111111111111111,0.8888888888888888,0.0,5,0.9818181818181818,5.0,0.9473684210526315,peak_dominated_smooth_solvable,slack smoothing removes burst-induced backlog,smooth
hamiltonian_simulation_synthetic,synthetic_hamiltonian_simulation,0,12,1,16,delivery_aware_v2,98,110,110,1.1224489795918366,0,8,0,0.0,0,0,0,0,0.0,3,0.9818181818181818,0.9806075773980538,3.0555555555555554,9,108,98,0.8888888888888888,1.7777777777777777,2.0,2.0,0.1111111111111111,0.8888888888888888,0.0,5,0.9818181818181818,3.0,0.9473684210526315,peak_dominated_smooth_solvable,slack smoothing removes burst-induced backlog,smooth
hamiltonian_simulation_synthetic,synthetic_hamiltonian_simulation,0,12,1,16,robust_smooth,98,110,110,1.1224489795918366,0,8,0,0.0,0,0,0,0,0.0,5,0.9818181818181818,1.1812724765790417,5.092592592592593,1,108,98,0.8888888888888888,1.7777777777777777,2.0,2.0,0.1111111111111111,0.8888888888888888,0.0,5,0.9818181818181818,5.0,0.9473684210526315,peak_dominated_smooth_solvable,slack smoothing removes burst-induced backlog,smooth
hamiltonian_simulation_synthetic,synthetic_hamiltonian_simulation,0,12,2,0,static,98,98,98,1.0,0,0,0,0.0,0,0,0,0,0.0,5,1.1020408163265305,1.6112175358634229,4.537037037037037,4,108,98,0.8888888888888888,1.7777777777777777,2.0,2.0,0.1111111111111111,0.8888888888888888,0.0,5,0.5510204081632653,2.5,0.5510204081632653,no_delivery_bottleneck,static execution already meets delivery constraints,none
hamiltonian_simulation_synthetic,synthetic_hamiltonian_simulation,0,12,2,0,capacity_aware,98,98,98,1.0,0,0,0,0.0,0,0,0,0,0.0,2,1.1020408163265305,0.8449803367814693,1.814814814814815,48,108,98,0.8888888888888888,1.7777777777777777,2.0,2.0,0.1111111111111111,0.8888888888888888,0.0,5,0.5510204081632653,1.0,0.5510204081632653,no_delivery_bottleneck,static execution already meets delivery constraints,none
hamiltonian_simulation_synthetic,synthetic_hamiltonian_simulation,0,12,2,0,smooth,98,98,98,1.0,0,0,0,0.0,0,0,0,0,0.0,5,1.1020408163265305,1.4405217390440301,4.537037037037037,4,108,98,0.8888888888888888,1.7777777777777777,2.0,2.0,0.1111111111111111,0.8888888888888888,0.0,5,0.5510204081632653,2.5,0.5510204081632653,no_delivery_bottleneck,static execution already meets delivery constraints,none
hamiltonian_simulation_synthetic,synthetic_hamiltonian_simulation,0,12,2,0,delivery_aware_v2,98,98,98,1.0,0,0,0,0.0,0,0,0,0,0.0,2,1.1020408163265305,0.8449803367814693,1.814814814814815,48,108,98,0.8888888888888888,1.7777777777777777,2.0,2.0,0.1111111111111111,0.8888888888888888,0.0,5,0.5510204081632653,1.0,0.5510204081632653,no_delivery_bottleneck,static execution already meets delivery constraints,none
hamiltonian_simulation_synthetic,synthetic_hamiltonian_simulation,0,12,2,0,robust_smooth,98,110,110,1.1224489795918366,0,0,0,0.0,0,0,0,0,0.0,5,0.9818181818181818,1.1812724765790417,5.092592592592593,1,108,98,0.8888888888888888,1.7777777777777777,2.0,2.0,0.1111111111111111,0.8888888888888888,0.0,5,0.4909090909090909,2.5,0.5510204081632653,no_delivery_bottleneck,static execution already meets delivery constraints,none
hamiltonian_simulation_synthetic,synthetic_hamiltonian_simulation,0,12,2,4,static,98,98,98,1.0,0,0,0,0.0,0,0,0,0,0.0,5,1.1020408163265305,1.6112175358634229,4.537037037037037,4,108,98,0.8888888888888888,1.7777777777777777,2.0,2.0,0.1111111111111111,0.8888888888888888,0.0,5,0.5510204081632653,2.5,0.54,no_delivery_bottleneck,static execution already meets delivery constraints,none
hamiltonian_simulation_synthetic,synthetic_hamiltonian_simulation,0,12,2,4,capacity_aware,98,98,98,1.0,0,0,0,0.0,0,0,0,0,0.0,2,1.1020408163265305,0.8449803367814693,1.814814814814815,48,108,98,0.8888888888888888,1.7777777777777777,2.0,2.0,0.1111111111111111,0.8888888888888888,0.0,5,0.5510204081632653,1.0,0.54,no_delivery_bottleneck,static execution already meets delivery constraints,none
hamiltonian_simulation_synthetic,synthetic_hamiltonian_simulation,0,12,2,4,smooth,98,98,98,1.0,0,0,0,0.0,0,0,0,0,0.0,5,1.1020408163265305,1.4405217390440301,4.537037037037037,4,108,98,0.8888888888888888,1.7777777777777777,2.0,2.0,0.1111111111111111,0.8888888888888888,0.0,5,0.5510204081632653,2.5,0.54,no_delivery_bottleneck,static execution already meets delivery constraints,none
hamiltonian_simulation_synthetic,synthetic_hamiltonian_simulation,0,12,2,4,delivery_aware_v2,98,98,98,1.0,0,0,0,0.0,0,0,0,0,0.0,4,1.1020408163265305,1.5255033575273313,3.62962962962963,24,108,98,0.8888888888888888,1.7777777777777777,2.0,2.0,0.1111111111111111,0.8888888888888888,0.0,5,0.5510204081632653,2.0,0.54,no_delivery_bottleneck,static execution already meets delivery constraints,none
hamiltonian_simulation_synthetic,synthetic_hamiltonian_simulation,0,12,2,4,robust_smooth,98,110,110,1.1224489795918366,0,0,0,0.0,0,0,0,0,0.0,5,0.9818181818181818,1.1812724765790417,5.092592592592593,1,108,98,0.8888888888888888,1.7777777777777777,2.0,2.0,0.1111111111111111,0.8888888888888888,0.0,5,0.4909090909090909,2.5,0.54,no_delivery_bottleneck,static execution already meets delivery constraints,none
hamiltonian_simulation_synthetic,synthetic_hamiltonian_simulation,0,12,2,8,static,98,98,98,1.0,0,0,0,0.0,0,0,0,0,0.0,5,1.1020408163265305,1.6112175358634229,4.537037037037037,4,108,98,0.8888888888888888,1.7777777777777777,2.0,2.0,0.1111111111111111,0.8888888888888888,0.0,5,0.5510204081632653,2.5,0.5294117647058824,no_delivery_bottleneck,static execution already meets delivery constraints,none
hamiltonian_simulation_synthetic,synthetic_hamiltonian_simulation,0,12,2,8,capacity_aware,98,98,98,1.0,0,0,0,0.0,0,0,0,0,0.0,2,1.1020408163265305,0.8449803367814693,1.814814814814815,48,108,98,0.8888888888888888,1.7777777777777777,2.0,2.0,0.1111111111111111,0.8888888888888888,0.0,5,0.5510204081632653,1.0,0.5294117647058824,no_delivery_bottleneck,static execution already meets delivery constraints,none
hamiltonian_simulation_synthetic,synthetic_hamiltonian_simulation,0,12,2,8,smooth,98,98,98,1.0,0,0,0,0.0,0,0,0,0,0.0,5,1.1020408163265305,1.4405217390440301,4.537037037037037,4,108,98,0.8888888888888888,1.7777777777777777,2.0,2.0,0.1111111111111111,0.8888888888888888,0.0,5,0.5510204081632653,2.5,0.5294117647058824,no_delivery_bottleneck,static execution already meets delivery constraints,none
hamiltonian_simulation_synthetic,synthetic_hamiltonian_simulation,0,12,2,8,delivery_aware_v2,98,98,98,1.0,0,0,0,0.0,0,0,0,0,0.0,4,1.1020408163265305,1.5255033575273313,3.62962962962963,24,108,98,0.8888888888888888,1.7777777777777777,2.0,2.0,0.1111111111111111,0.8888888888888888,0.0,5,0.5510204081632653,2.0,0.5294117647058824,no_delivery_bottleneck,static execution already meets delivery constraints,none
hamiltonian_simulation_synthetic,synthetic_hamiltonian_simulation,0,12,2,8,robust_smooth,98,110,110,1.1224489795918366,0,0,0,0.0,0,0,0,0,0.0,5,0.9818181818181818,1.1812724765790417,5.092592592592593,1,108,98,0.8888888888888888,1.7777777777777777,2.0,2.0,0.1111111111111111,0.8888888888888888,0.0,5,0.4909090909090909,2.5,0.5294117647058824,no_delivery_bottleneck,static execution already meets delivery constraints,none
hamiltonian_simulation_synthetic,synthetic_hamiltonian_simulation,0,12,2,16,static,98,98,98,1.0,0,0,0,0.0,0,0,0,0,0.0,5,1.1020408163265305,1.6112175358634229,4.537037037037037,4,108,98,0.8888888888888888,1.7777777777777777,2.0,2.0,0.1111111111111111,0.8888888888888888,0.0,5,0.5510204081632653,2.5,0.5094339622641509,no_delivery_bottleneck,static execution already meets delivery constraints,none
hamiltonian_simulation_synthetic,synthetic_hamiltonian_simulation,0,12,2,16,capacity_aware,98,98,98,1.0,0,0,0,0.0,0,0,0,0,0.0,2,1.1020408163265305,0.8449803367814693,1.814814814814815,48,108,98,0.8888888888888888,1.7777777777777777,2.0,2.0,0.1111111111111111,0.8888888888888888,0.0,5,0.5510204081632653,1.0,0.5094339622641509,no_delivery_bottleneck,static execution already meets delivery constraints,none
hamiltonian_simulation_synthetic,synthetic_hamiltonian_simulation,0,12,2,16,smooth,98,98,98,1.0,0,0,0,0.0,0,0,0,0,0.0,5,1.1020408163265305,1.4405217390440301,4.537037037037037,4,108,98,0.8888888888888888,1.7777777777777777,2.0,2.0,0.1111111111111111,0.8888888888888888,0.0,5,0.5510204081632653,2.5,0.5094339622641509,no_delivery_bottleneck,static execution already meets delivery constraints,none
hamiltonian_simulation_synthetic,synthetic_hamiltonian_simulation,0,12,2,16,delivery_aware_v2,98,98,98,1.0,0,0,0,0.0,0,0,0,0,0.0,4,1.1020408163265305,1.5255033575273313,3.62962962962963,24,108,98,0.8888888888888888,1.7777777777777777,2.0,2.0,0.1111111111111111,0.8888888888888888,0.0,5,0.5510204081632653,2.0,0.5094339622641509,no_delivery_bottleneck,static execution already meets delivery constraints,none
hamiltonian_simulation_synthetic,synthetic_hamiltonian_simulation,0,12,2,16,robust_smooth,98,110,110,1.1224489795918366,0,0,0,0.0,0,0,0,0,0.0,5,0.9818181818181818,1.1812724765790417,5.092592592592593,1,108,98,0.8888888888888888,1.7777777777777777,2.0,2.0,0.1111111111111111,0.8888888888888888,0.0,5,0.4909090909090909,2.5,0.5094339622641509,no_delivery_bottleneck,static execution already meets delivery constraints,none
hamiltonian_simulation_synthetic,synthetic_hamiltonian_simulation,0,12,3,0,static,98,98,98,1.0,0,0,0,0.0,0,0,0,0,0.0,5,1.1020408163265305,1.6112175358634229,4.537037037037037,4,108,98,0.8888888888888888,1.7777777777777777,2.0,2.0,0.1111111111111111,0.8888888888888888,0.0,5,0.36734693877551017,1.6666666666666667,0.3673469387755102,no_delivery_bottleneck,static execution already meets delivery constraints,none
hamiltonian_simulation_synthetic,synthetic_hamiltonian_simulation,0,12,3,0,capacity_aware,98,98,98,1.0,0,0,0,0.0,0,0,0,0,0.0,3,1.1020408163265305,1.0883470559196382,2.7222222222222223,24,108,98,0.8888888888888888,1.7777777777777777,2.0,2.0,0.1111111111111111,0.8888888888888888,0.0,5,0.36734693877551017,1.0,0.3673469387755102,no_delivery_bottleneck,static execution already meets delivery constraints,none
hamiltonian_simulation_synthetic,synthetic_hamiltonian_simulation,0,12,3,0,smooth,98,98,98,1.0,0,0,0,0.0,0,0,0,0,0.0,5,1.1020408163265305,1.4463425325753065,4.537037037037037,4,108,98,0.8888888888888888,1.7777777777777777,2.0,2.0,0.1111111111111111,0.8888888888888888,0.0,5,0.36734693877551017,1.6666666666666667,0.3673469387755102,no_delivery_bottleneck,static execution already meets delivery constraints,none
hamiltonian_simulation_synthetic,synthetic_hamiltonian_simulation,0,12,3,0,delivery_aware_v2,98,98,98,1.0,0,0,0,0.0,0,0,0,0,0.0,3,1.1020408163265305,1.0883470559196382,2.7222222222222223,24,108,98,0.8888888888888888,1.7777777777777777,2.0,2.0,0.1111111111111111,0.8888888888888888,0.0,5,0.36734693877551017,1.0,0.3673469387755102,no_delivery_bottleneck,static execution already meets delivery constraints,none
hamiltonian_simulation_synthetic,synthetic_hamiltonian_simulation,0,12,3,0,robust_smooth,98,98,98,1.0,0,0,0,0.0,0,0,0,0,0.0,5,1.1020408163265305,1.4405217390440301,4.537037037037037,4,108,98,0.8888888888888888,1.7777777777777777,2.0,2.0,0.1111111111111111,0.8888888888888888,0.0,5,0.36734693877551017,1.6666666666666667,0.3673469387755102,no_delivery_bottleneck,static execution already meets delivery constraints,none
hamiltonian_simulation_synthetic,synthetic_hamiltonian_simulation,0,12,3,4,static,98,98,98,1.0,0,0,0,0.0,0,0,0,0,0.0,5,1.1020408163265305,1.6112175358634229,4.537037037037037,4,108,98,0.8888888888888888,1.7777777777777777,2.0,2.0,0.1111111111111111,0.8888888888888888,0.0,5,0.36734693877551017,1.6666666666666667,0.3624161073825503,no_delivery_bottleneck,static execution already meets delivery constraints,none
hamiltonian_simulation_synthetic,synthetic_hamiltonian_simulation,0,12,3,4,capacity_aware,98,98,98,1.0,0,0,0,0.0,0,0,0,0,0.0,3,1.1020408163265305,1.0883470559196382,2.7222222222222223,24,108,98,0.8888888888888888,1.7777777777777777,2.0,2.0,0.1111111111111111,0.8888888888888888,0.0,5,0.36734693877551017,1.0,0.3624161073825503,no_delivery_bottleneck,static execution already meets delivery constraints,none
hamiltonian_simulation_synthetic,synthetic_hamiltonian_simulation,0,12,3,4,smooth,98,98,98,1.0,0,0,0,0.0,0,0,0,0,0.0,5,1.1020408163265305,1.4463425325753065,4.537037037037037,4,108,98,0.8888888888888888,1.7777777777777777,2.0,2.0,0.1111111111111111,0.8888888888888888,0.0,5,0.36734693877551017,1.6666666666666667,0.3624161073825503,no_delivery_bottleneck,static execution already meets delivery constraints,none
hamiltonian_simulation_synthetic,synthetic_hamiltonian_simulation,0,12,3,4,delivery_aware_v2,98,98,98,1.0,0,0,0,0.0,0,0,0,0,0.0,5,1.1020408163265305,1.6112175358634229,4.537037037037037,4,108,98,0.8888888888888888,1.7777777777777777,2.0,2.0,0.1111111111111111,0.8888888888888888,0.0,5,0.36734693877551017,1.6666666666666667,0.3624161073825503,no_delivery_bottleneck,static execution already meets delivery constraints,none
hamiltonian_simulation_synthetic,synthetic_hamiltonian_simulation,0,12,3,4,robust_smooth,98,98,98,1.0,0,0,0,0.0,0,0,0,0,0.0,5,1.1020408163265305,1.4405217390440301,4.537037037037037,4,108,98,0.8888888888888888,1.7777777777777777,2.0,2.0,0.1111111111111111,0.8888888888888888,0.0,5,0.36734693877551017,1.6666666666666667,0.3624161073825503,no_delivery_bottleneck,static execution already meets delivery constraints,none
hamiltonian_simulation_synthetic,synthetic_hamiltonian_simulation,0,12,3,8,static,98,98,98,1.0,0,0,0,0.0,0,0,0,0,0.0,5,1.1020408163265305,1.6112175358634229,4.537037037037037,4,108,98,0.8888888888888888,1.7777777777777777,2.0,2.0,0.1111111111111111,0.8888888888888888,0.0,5,0.36734693877551017,1.6666666666666667,0.3576158940397351,no_delivery_bottleneck,static execution already meets delivery constraints,none
hamiltonian_simulation_synthetic,synthetic_hamiltonian_simulation,0,12,3,8,capacity_aware,98,98,98,1.0,0,0,0,0.0,0,0,0,0,0.0,3,1.1020408163265305,1.0883470559196382,2.7222222222222223,24,108,98,0.8888888888888888,1.7777777777777777,2.0,2.0,0.1111111111111111,0.8888888888888888,0.0,5,0.36734693877551017,1.0,0.3576158940397351,no_delivery_bottleneck,static execution already meets delivery constraints,none
hamiltonian_simulation_synthetic,synthetic_hamiltonian_simulation,0,12,3,8,smooth,98,98,98,1.0,0,0,0,0.0,0,0,0,0,0.0,5,1.1020408163265305,1.4463425325753065,4.537037037037037,4,108,98,0.8888888888888888,1.7777777777777777,2.0,2.0,0.1111111111111111,0.8888888888888888,0.0,5,0.36734693877551017,1.6666666666666667,0.3576158940397351,no_delivery_bottleneck,static execution already meets delivery constraints,none
hamiltonian_simulation_synthetic,synthetic_hamiltonian_simulation,0,12,3,8,delivery_aware_v2,98,98,98,1.0,0,0,0,0.0,0,0,0,0,0.0,5,1.1020408163265305,1.6112175358634229,4.537037037037037,4,108,98,0.8888888888888888,1.7777777777777777,2.0,2.0,0.1111111111111111,0.8888888888888888,0.0,5,0.36734693877551017,1.6666666666666667,0.3576158940397351,no_delivery_bottleneck,static execution already meets delivery constraints,none
hamiltonian_simulation_synthetic,synthetic_hamiltonian_simulation,0,12,3,8,robust_smooth,98,98,98,1.0,0,0,0,0.0,0,0,0,0,0.0,5,1.1020408163265305,1.4405217390440301,4.537037037037037,4,108,98,0.8888888888888888,1.7777777777777777,2.0,2.0,0.1111111111111111,0.8888888888888888,0.0,5,0.36734693877551017,1.6666666666666667,0.3576158940397351,no_delivery_bottleneck,static execution already meets delivery constraints,none
hamiltonian_simulation_synthetic,synthetic_hamiltonian_simulation,0,12,3,16,static,98,98,98,1.0,0,0,0,0.0,0,0,0,0,0.0,5,1.1020408163265305,1.6112175358634229,4.537037037037037,4,108,98,0.8888888888888888,1.7777777777777777,2.0,2.0,0.1111111111111111,0.8888888888888888,0.0,5,0.36734693877551017,1.6666666666666667,0.34838709677419355,no_delivery_bottleneck,static execution already meets delivery constraints,none
hamiltonian_simulation_synthetic,synthetic_hamiltonian_simulation,0,12,3,16,capacity_aware,98,98,98,1.0,0,0,0,0.0,0,0,0,0,0.0,3,1.1020408163265305,1.0883470559196382,2.7222222222222223,24,108,98,0.8888888888888888,1.7777777777777777,2.0,2.0,0.1111111111111111,0.8888888888888888,0.0,5,0.36734693877551017,1.0,0.34838709677419355,no_delivery_bottleneck,static execution already meets delivery constraints,none
hamiltonian_simulation_synthetic,synthetic_hamiltonian_simulation,0,12,3,16,smooth,98,98,98,1.0,0,0,0,0.0,0,0,0,0,0.0,5,1.1020408163265305,1.4463425325753065,4.537037037037037,4,108,98,0.8888888888888888,1.7777777777777777,2.0,2.0,0.1111111111111111,0.8888888888888888,0.0,5,0.36734693877551017,1.6666666666666667,0.34838709677419355,no_delivery_bottleneck,static execution already meets delivery constraints,none
hamiltonian_simulation_synthetic,synthetic_hamiltonian_simulation,0,12,3,16,delivery_aware_v2,98,98,98,1.0,0,0,0,0.0,0,0,0,0,0.0,5,1.1020408163265305,1.6112175358634229,4.537037037037037,4,108,98,0.8888888888888888,1.7777777777777777,2.0,2.0,0.1111111111111111,0.8888888888888888,0.0,5,0.36734693877551017,1.6666666666666667,0.34838709677419355,no_delivery_bottleneck,static execution already meets delivery constraints,none
hamiltonian_simulation_synthetic,synthetic_hamiltonian_simulation,0,12,3,16,robust_smooth,98,98,98,1.0,0,0,0,0.0,0,0,0,0,0.0,5,1.1020408163265305,1.4405217390440301,4.537037037037037,4,108,98,0.8888888888888888,1.7777777777777777,2.0,2.0,0.1111111111111111,0.8888888888888888,0.0,5,0.36734693877551017,1.6666666666666667,0.34838709677419355,no_delivery_bottleneck,static execution already meets delivery constraints,none
hamiltonian_simulation_synthetic,synthetic_hamiltonian_simulation,0,12,4,0,static,98,98,98,1.0,0,0,0,0.0,0,0,0,0,0.0,5,1.1020408163265305,1.6112175358634229,4.537037037037037,4,108,98,0.8888888888888888,1.7777777777777777,2.0,2.0,0.1111111111111111,0.8888888888888888,0.0,5,0.2755102040816326,1.25,0.2755102040816326,no_delivery_bottleneck,static execution already meets delivery constraints,none
hamiltonian_simulation_synthetic,synthetic_hamiltonian_simulation,0,12,4,0,capacity_aware,98,98,98,1.0,0,0,0,0.0,0,0,0,0,0.0,4,1.1020408163265305,1.5255033575273313,3.62962962962963,24,108,98,0.8888888888888888,1.7777777777777777,2.0,2.0,0.1111111111111111,0.8888888888888888,0.0,5,0.2755102040816326,1.0,0.2755102040816326,no_delivery_bottleneck,static execution already meets delivery constraints,none
hamiltonian_simulation_synthetic,synthetic_hamiltonian_simulation,0,12,4,0,smooth,98,98,98,1.0,0,0,0,0.0,0,0,0,0,0.0,5,1.1020408163265305,1.4463425325753065,4.537037037037037,4,108,98,0.8888888888888888,1.7777777777777777,2.0,2.0,0.1111111111111111,0.8888888888888888,0.0,5,0.2755102040816326,1.25,0.2755102040816326,no_delivery_bottleneck,static execution already meets delivery constraints,none
hamiltonian_simulation_synthetic,synthetic_hamiltonian_simulation,0,12,4,0,delivery_aware_v2,98,98,98,1.0,0,0,0,0.0,0,0,0,0,0.0,4,1.1020408163265305,1.5255033575273313,3.62962962962963,24,108,98,0.8888888888888888,1.7777777777777777,2.0,2.0,0.1111111111111111,0.8888888888888888,0.0,5,0.2755102040816326,1.0,0.2755102040816326,no_delivery_bottleneck,static execution already meets delivery constraints,none
hamiltonian_simulation_synthetic,synthetic_hamiltonian_simulation,0,12,4,0,robust_smooth,98,98,98,1.0,0,0,0,0.0,0,0,0,0,0.0,5,1.1020408163265305,1.4463425325753065,4.537037037037037,4,108,98,0.8888888888888888,1.7777777777777777,2.0,2.0,0.1111111111111111,0.8888888888888888,0.0,5,0.2755102040816326,1.25,0.2755102040816326,no_delivery_bottleneck,static execution already meets delivery constraints,none
hamiltonian_simulation_synthetic,synthetic_hamiltonian_simulation,0,12,4,4,static,98,98,98,1.0,0,0,0,0.0,0,0,0,0,0.0,5,1.1020408163265305,1.6112175358634229,4.537037037037037,4,108,98,0.8888888888888888,1.7777777777777777,2.0,2.0,0.1111111111111111,0.8888888888888888,0.0,5,0.2755102040816326,1.25,0.2727272727272727,no_delivery_bottleneck,static execution already meets delivery constraints,none
hamiltonian_simulation_synthetic,synthetic_hamiltonian_simulation,0,12,4,4,capacity_aware,98,98,98,1.0,0,0,0,0.0,0,0,0,0,0.0,4,1.1020408163265305,1.5255033575273313,3.62962962962963,24,108,98,0.8888888888888888,1.7777777777777777,2.0,2.0,0.1111111111111111,0.8888888888888888,0.0,5,0.2755102040816326,1.0,0.2727272727272727,no_delivery_bottleneck,static execution already meets delivery constraints,none
hamiltonian_simulation_synthetic,synthetic_hamiltonian_simulation,0,12,4,4,smooth,98,98,98,1.0,0,0,0,0.0,0,0,0,0,0.0,5,1.1020408163265305,1.4463425325753065,4.537037037037037,4,108,98,0.8888888888888888,1.7777777777777777,2.0,2.0,0.1111111111111111,0.8888888888888888,0.0,5,0.2755102040816326,1.25,0.2727272727272727,no_delivery_bottleneck,static execution already meets delivery constraints,none
hamiltonian_simulation_synthetic,synthetic_hamiltonian_simulation,0,12,4,4,delivery_aware_v2,98,98,98,1.0,0,0,0,0.0,0,0,0,0,0.0,5,1.1020408163265305,1.6112175358634229,4.537037037037037,4,108,98,0.8888888888888888,1.7777777777777777,2.0,2.0,0.1111111111111111,0.8888888888888888,0.0,5,0.2755102040816326,1.25,0.2727272727272727,no_delivery_bottleneck,static execution already meets delivery constraints,none
hamiltonian_simulation_synthetic,synthetic_hamiltonian_simulation,0,12,4,4,robust_smooth,98,98,98,1.0,0,0,0,0.0,0,0,0,0,0.0,5,1.1020408163265305,1.4463425325753065,4.537037037037037,4,108,98,0.8888888888888888,1.7777777777777777,2.0,2.0,0.1111111111111111,0.8888888888888888,0.0,5,0.2755102040816326,1.25,0.2727272727272727,no_delivery_bottleneck,static execution already meets delivery constraints,none
hamiltonian_simulation_synthetic,synthetic_hamiltonian_simulation,0,12,4,8,static,98,98,98,1.0,0,0,0,0.0,0,0,0,0,0.0,5,1.1020408163265305,1.6112175358634229,4.537037037037037,4,108,98,0.8888888888888888,1.7777777777777777,2.0,2.0,0.1111111111111111,0.8888888888888888,0.0,5,0.2755102040816326,1.25,0.27,no_delivery_bottleneck,static execution already meets delivery constraints,none
hamiltonian_simulation_synthetic,synthetic_hamiltonian_simulation,0,12,4,8,capacity_aware,98,98,98,1.0,0,0,0,0.0,0,0,0,0,0.0,4,1.1020408163265305,1.5255033575273313,3.62962962962963,24,108,98,0.8888888888888888,1.7777777777777777,2.0,2.0,0.1111111111111111,0.8888888888888888,0.0,5,0.2755102040816326,1.0,0.27,no_delivery_bottleneck,static execution already meets delivery constraints,none
hamiltonian_simulation_synthetic,synthetic_hamiltonian_simulation,0,12,4,8,smooth,98,98,98,1.0,0,0,0,0.0,0,0,0,0,0.0,5,1.1020408163265305,1.4463425325753065,4.537037037037037,4,108,98,0.8888888888888888,1.7777777777777777,2.0,2.0,0.1111111111111111,0.8888888888888888,0.0,5,0.2755102040816326,1.25,0.27,no_delivery_bottleneck,static execution already meets delivery constraints,none
hamiltonian_simulation_synthetic,synthetic_hamiltonian_simulation,0,12,4,8,delivery_aware_v2,98,98,98,1.0,0,0,0,0.0,0,0,0,0,0.0,5,1.1020408163265305,1.6112175358634229,4.537037037037037,4,108,98,0.8888888888888888,1.7777777777777777,2.0,2.0,0.1111111111111111,0.8888888888888888,0.0,5,0.2755102040816326,1.25,0.27,no_delivery_bottleneck,static execution already meets delivery constraints,none
hamiltonian_simulation_synthetic,synthetic_hamiltonian_simulation,0,12,4,8,robust_smooth,98,98,98,1.0,0,0,0,0.0,0,0,0,0,0.0,5,1.1020408163265305,1.4463425325753065,4.537037037037037,4,108,98,0.8888888888888888,1.7777777777777777,2.0,2.0,0.1111111111111111,0.8888888888888888,0.0,5,0.2755102040816326,1.25,0.27,no_delivery_bottleneck,static execution already meets delivery constraints,none
hamiltonian_simulation_synthetic,synthetic_hamiltonian_simulation,0,12,4,16,static,98,98,98,1.0,0,0,0,0.0,0,0,0,0,0.0,5,1.1020408163265305,1.6112175358634229,4.537037037037037,4,108,98,0.8888888888888888,1.7777777777777777,2.0,2.0,0.1111111111111111,0.8888888888888888,0.0,5,0.2755102040816326,1.25,0.2647058823529412,no_delivery_bottleneck,static execution already meets delivery constraints,none
hamiltonian_simulation_synthetic,synthetic_hamiltonian_simulation,0,12,4,16,capacity_aware,98,98,98,1.0,0,0,0,0.0,0,0,0,0,0.0,4,1.1020408163265305,1.5255033575273313,3.62962962962963,24,108,98,0.8888888888888888,1.7777777777777777,2.0,2.0,0.1111111111111111,0.8888888888888888,0.0,5,0.2755102040816326,1.0,0.2647058823529412,no_delivery_bottleneck,static execution already meets delivery constraints,none
hamiltonian_simulation_synthetic,synthetic_hamiltonian_simulation,0,12,4,16,smooth,98,98,98,1.0,0,0,0,0.0,0,0,0,0,0.0,5,1.1020408163265305,1.4463425325753065,4.537037037037037,4,108,98,0.8888888888888888,1.7777777777777777,2.0,2.0,0.1111111111111111,0.8888888888888888,0.0,5,0.2755102040816326,1.25,0.2647058823529412,no_delivery_bottleneck,static execution already meets delivery constraints,none
hamiltonian_simulation_synthetic,synthetic_hamiltonian_simulation,0,12,4,16,delivery_aware_v2,98,98,98,1.0,0,0,0,0.0,0,0,0,0,0.0,5,1.1020408163265305,1.6112175358634229,4.537037037037037,4,108,98,0.8888888888888888,1.7777777777777777,2.0,2.0,0.1111111111111111,0.8888888888888888,0.0,5,0.2755102040816326,1.25,0.2647058823529412,no_delivery_bottleneck,static execution already meets delivery constraints,none
hamiltonian_simulation_synthetic,synthetic_hamiltonian_simulation,0,12,4,16,robust_smooth,98,98,98,1.0,0,0,0,0.0,0,0,0,0,0.0,5,1.1020408163265305,1.4463425325753065,4.537037037037037,4,108,98,0.8888888888888888,1.7777777777777777,2.0,2.0,0.1111111111111111,0.8888888888888888,0.0,5,0.2755102040816326,1.25,0.2647058823529412,no_delivery_bottleneck,static execution already meets delivery constraints,none
hamiltonian_simulation_synthetic,synthetic_hamiltonian_simulation,0,12,5,0,static,98,98,98,1.0,0,0,0,0.0,0,0,0,0,0.0,5,1.1020408163265305,1.6112175358634229,4.537037037037037,4,108,98,0.8888888888888888,1.7777777777777777,2.0,2.0,0.1111111111111111,0.8888888888888888,0.0,5,0.2204081632653061,1.0,0.22040816326530613,no_delivery_bottleneck,static execution already meets delivery constraints,none
hamiltonian_simulation_synthetic,synthetic_hamiltonian_simulation,0,12,5,0,capacity_aware,98,98,98,1.0,0,0,0,0.0,0,0,0,0,0.0,5,1.1020408163265305,1.6112175358634229,4.537037037037037,4,108,98,0.8888888888888888,1.7777777777777777,2.0,2.0,0.1111111111111111,0.8888888888888888,0.0,5,0.2204081632653061,1.0,0.22040816326530613,no_delivery_bottleneck,static execution already meets delivery constraints,none
hamiltonian_simulation_synthetic,synthetic_hamiltonian_simulation,0,12,5,0,smooth,98,98,98,1.0,0,0,0,0.0,0,0,0,0,0.0,5,1.1020408163265305,1.4463425325753065,4.537037037037037,4,108,98,0.8888888888888888,1.7777777777777777,2.0,2.0,0.1111111111111111,0.8888888888888888,0.0,5,0.2204081632653061,1.0,0.22040816326530613,no_delivery_bottleneck,static execution already meets delivery constraints,none
hamiltonian_simulation_synthetic,synthetic_hamiltonian_simulation,0,12,5,0,delivery_aware_v2,98,98,98,1.0,0,0,0,0.0,0,0,0,0,0.0,5,1.1020408163265305,1.6112175358634229,4.537037037037037,4,108,98,0.8888888888888888,1.7777777777777777,2.0,2.0,0.1111111111111111,0.8888888888888888,0.0,5,0.2204081632653061,1.0,0.22040816326530613,no_delivery_bottleneck,static execution already meets delivery constraints,none
hamiltonian_simulation_synthetic,synthetic_hamiltonian_simulation,0,12,5,0,robust_smooth,98,98,98,1.0,0,0,0,0.0,0,0,0,0,0.0,5,1.1020408163265305,1.4463425325753065,4.537037037037037,4,108,98,0.8888888888888888,1.7777777777777777,2.0,2.0,0.1111111111111111,0.8888888888888888,0.0,5,0.2204081632653061,1.0,0.22040816326530613,no_delivery_bottleneck,static execution already meets delivery constraints,none
hamiltonian_simulation_synthetic,synthetic_hamiltonian_simulation,0,12,5,4,static,98,98,98,1.0,0,0,0,0.0,0,0,0,0,0.0,5,1.1020408163265305,1.6112175358634229,4.537037037037037,4,108,98,0.8888888888888888,1.7777777777777777,2.0,2.0,0.1111111111111111,0.8888888888888888,0.0,5,0.2204081632653061,1.0,0.21862348178137653,no_delivery_bottleneck,static execution already meets delivery constraints,none
hamiltonian_simulation_synthetic,synthetic_hamiltonian_simulation,0,12,5,4,capacity_aware,98,98,98,1.0,0,0,0,0.0,0,0,0,0,0.0,5,1.1020408163265305,1.6112175358634229,4.537037037037037,4,108,98,0.8888888888888888,1.7777777777777777,2.0,2.0,0.1111111111111111,0.8888888888888888,0.0,5,0.2204081632653061,1.0,0.21862348178137653,no_delivery_bottleneck,static execution already meets delivery constraints,none
hamiltonian_simulation_synthetic,synthetic_hamiltonian_simulation,0,12,5,4,smooth,98,98,98,1.0,0,0,0,0.0,0,0,0,0,0.0,5,1.1020408163265305,1.4463425325753065,4.537037037037037,4,108,98,0.8888888888888888,1.7777777777777777,2.0,2.0,0.1111111111111111,0.8888888888888888,0.0,5,0.2204081632653061,1.0,0.21862348178137653,no_delivery_bottleneck,static execution already meets delivery constraints,none
hamiltonian_simulation_synthetic,synthetic_hamiltonian_simulation,0,12,5,4,delivery_aware_v2,98,98,98,1.0,0,0,0,0.0,0,0,0,0,0.0,5,1.1020408163265305,1.6112175358634229,4.537037037037037,4,108,98,0.8888888888888888,1.7777777777777777,2.0,2.0,0.1111111111111111,0.8888888888888888,0.0,5,0.2204081632653061,1.0,0.21862348178137653,no_delivery_bottleneck,static execution already meets delivery constraints,none
hamiltonian_simulation_synthetic,synthetic_hamiltonian_simulation,0,12,5,4,robust_smooth,98,98,98,1.0,0,0,0,0.0,0,0,0,0,0.0,5,1.1020408163265305,1.4463425325753065,4.537037037037037,4,108,98,0.8888888888888888,1.7777777777777777,2.0,2.0,0.1111111111111111,0.8888888888888888,0.0,5,0.2204081632653061,1.0,0.21862348178137653,no_delivery_bottleneck,static execution already meets delivery constraints,none
hamiltonian_simulation_synthetic,synthetic_hamiltonian_simulation,0,12,5,8,static,98,98,98,1.0,0,0,0,0.0,0,0,0,0,0.0,5,1.1020408163265305,1.6112175358634229,4.537037037037037,4,108,98,0.8888888888888888,1.7777777777777777,2.0,2.0,0.1111111111111111,0.8888888888888888,0.0,5,0.2204081632653061,1.0,0.21686746987951808,no_delivery_bottleneck,static execution already meets delivery constraints,none
hamiltonian_simulation_synthetic,synthetic_hamiltonian_simulation,0,12,5,8,capacity_aware,98,98,98,1.0,0,0,0,0.0,0,0,0,0,0.0,5,1.1020408163265305,1.6112175358634229,4.537037037037037,4,108,98,0.8888888888888888,1.7777777777777777,2.0,2.0,0.1111111111111111,0.8888888888888888,0.0,5,0.2204081632653061,1.0,0.21686746987951808,no_delivery_bottleneck,static execution already meets delivery constraints,none
hamiltonian_simulation_synthetic,synthetic_hamiltonian_simulation,0,12,5,8,smooth,98,98,98,1.0,0,0,0,0.0,0,0,0,0,0.0,5,1.1020408163265305,1.4463425325753065,4.537037037037037,4,108,98,0.8888888888888888,1.7777777777777777,2.0,2.0,0.1111111111111111,0.8888888888888888,0.0,5,0.2204081632653061,1.0,0.21686746987951808,no_delivery_bottleneck,static execution already meets delivery constraints,none
hamiltonian_simulation_synthetic,synthetic_hamiltonian_simulation,0,12,5,8,delivery_aware_v2,98,98,98,1.0,0,0,0,0.0,0,0,0,0,0.0,5,1.1020408163265305,1.6112175358634229,4.537037037037037,4,108,98,0.8888888888888888,1.7777777777777777,2.0,2.0,0.1111111111111111,0.8888888888888888,0.0,5,0.2204081632653061,1.0,0.21686746987951808,no_delivery_bottleneck,static execution already meets delivery constraints,none
hamiltonian_simulation_synthetic,synthetic_hamiltonian_simulation,0,12,5,8,robust_smooth,98,98,98,1.0,0,0,0,0.0,0,0,0,0,0.0,5,1.1020408163265305,1.4463425325753065,4.537037037037037,4,108,98,0.8888888888888888,1.7777777777777777,2.0,2.0,0.1111111111111111,0.8888888888888888,0.0,5,0.2204081632653061,1.0,0.21686746987951808,no_delivery_bottleneck,static execution already meets delivery constraints,none
hamiltonian_simulation_synthetic,synthetic_hamiltonian_simulation,0,12,5,16,static,98,98,98,1.0,0,0,0,0.0,0,0,0,0,0.0,5,1.1020408163265305,1.6112175358634229,4.537037037037037,4,108,98,0.8888888888888888,1.7777777777777777,2.0,2.0,0.1111111111111111,0.8888888888888888,0.0,5,0.2204081632653061,1.0,0.2134387351778656,no_delivery_bottleneck,static execution already meets delivery constraints,none
hamiltonian_simulation_synthetic,synthetic_hamiltonian_simulation,0,12,5,16,capacity_aware,98,98,98,1.0,0,0,0,0.0,0,0,0,0,0.0,5,1.1020408163265305,1.6112175358634229,4.537037037037037,4,108,98,0.8888888888888888,1.7777777777777777,2.0,2.0,0.1111111111111111,0.8888888888888888,0.0,5,0.2204081632653061,1.0,0.2134387351778656,no_delivery_bottleneck,static execution already meets delivery constraints,none
hamiltonian_simulation_synthetic,synthetic_hamiltonian_simulation,0,12,5,16,smooth,98,98,98,1.0,0,0,0,0.0,0,0,0,0,0.0,5,1.1020408163265305,1.4463425325753065,4.537037037037037,4,108,98,0.8888888888888888,1.7777777777777777,2.0,2.0,0.1111111111111111,0.8888888888888888,0.0,5,0.2204081632653061,1.0,0.2134387351778656,no_delivery_bottleneck,static execution already meets delivery constraints,none
hamiltonian_simulation_synthetic,synthetic_hamiltonian_simulation,0,12,5,16,delivery_aware_v2,98,98,98,1.0,0,0,0,0.0,0,0,0,0,0.0,5,1.1020408163265305,1.6112175358634229,4.537037037037037,4,108,98,0.8888888888888888,1.7777777777777777,2.0,2.0,0.1111111111111111,0.8888888888888888,0.0,5,0.2204081632653061,1.0,0.2134387351778656,no_delivery_bottleneck,static execution already meets delivery constraints,none
hamiltonian_simulation_synthetic,synthetic_hamiltonian_simulation,0,12,5,16,robust_smooth,98,98,98,1.0,0,0,0,0.0,0,0,0,0,0.0,5,1.1020408163265305,1.4463425325753065,4.537037037037037,4,108,98,0.8888888888888888,1.7777777777777777,2.0,2.0,0.1111111111111111,0.8888888888888888,0.0,5,0.2204081632653061,1.0,0.2134387351778656,no_delivery_bottleneck,static execution already meets delivery constraints,none
modular_arithmetic_block_synthetic,synthetic_modular_arithmetic,0,10,1,0,static,92,92,108,1.173913043478261,16,16,16,6.913043478260869,636,78,3,26,0.8478260869565217,6,0.9782608695652174,1.9417441567751323,6.133333333333333,3,90,92,0.8333333333333334,2.5,3.0,3.0,0.16666666666666666,0.8333333333333334,0.0,6,0.9782608695652174,6.0,0.9782608695652174,persistent_underprovisioning,average T demand is too close to available delivery supply,increase_capacity
modular_arithmetic_block_synthetic,synthetic_modular_arithmetic,0,10,1,0,capacity_aware,92,137,137,1.4891304347826086,0,0,0,0.0,0,0,0,0,0.0,1,0.656934306569343,0.7226494462892934,1.5222222222222224,90,90,92,0.8333333333333334,2.5,3.0,3.0,0.16666666666666666,0.8333333333333334,0.0,6,0.656934306569343,1.0,0.9782608695652174,persistent_underprovisioning,average T demand is too close to available delivery supply,increase_capacity
modular_arithmetic_block_synthetic,synthetic_modular_arithmetic,0,10,1,0,smooth,92,92,105,1.141304347826087,13,13,13,4.793478260869565,441,63,3,21,0.6847826086956522,5,0.9782608695652174,1.6231352073177907,5.111111111111111,10,90,92,0.8333333333333334,2.5,3.0,3.0,0.16666666666666666,0.8333333333333334,0.0,6,0.9782608695652174,5.0,0.9782608695652174,persistent_underprovisioning,average T demand is too close to available delivery supply,increase_capacity
modular_arithmetic_block_synthetic,synthetic_modular_arithmetic,0,10,1,0,delivery_aware_v2,92,92,105,1.141304347826087,13,13,13,4.793478260869565,441,63,3,21,0.6847826086956522,5,0.9782608695652174,1.59489927697761,5.111111111111111,9,90,92,0.8333333333333334,2.5,3.0,3.0,0.16666666666666666,0.8333333333333334,0.0,6,0.9782608695652174,5.0,0.9782608695652174,persistent_underprovisioning,average T demand is too close to available delivery supply,increase_capacity
modular_arithmetic_block_synthetic,synthetic_modular_arithmetic,0,10,1,0,robust_smooth,92,92,105,1.141304347826087,13,13,13,4.793478260869565,441,63,3,21,0.6847826086956522,5,0.9782608695652174,1.6231352073177907,5.111111111111111,10,90,92,0.8333333333333334,2.5,3.0,3.0,0.16666666666666666,0.8333333333333334,0.0,6,0.9782608695652174,5.0,0.9782608695652174,persistent_underprovisioning,average T demand is too close to available delivery supply,increase_capacity
modular_arithmetic_block_synthetic,synthetic_modular_arithmetic,0,10,1,4,static,92,92,104,1.1304347826086956,12,16,12,3.8152173913043477,351,60,3,20,0.6521739130434783,6,0.9782608695652174,1.9417441567751323,6.133333333333333,3,90,92,0.8333333333333334,2.5,3.0,3.0,0.16666666666666666,0.8333333333333334,0.0,6,0.9782608695652174,6.0,0.9375,peak_dominated_buffer_limited,smoothing reduces peaks but available buffer remains too small,increase_buffer
modular_arithmetic_block_synthetic,synthetic_modular_arithmetic,0,10,1,4,capacity_aware,92,137,137,1.4891304347826086,0,0,0,0.0,0,0,0,0,0.0,1,0.656934306569343,0.7226494462892934,1.5222222222222224,90,90,92,0.8333333333333334,2.5,3.0,3.0,0.16666666666666666,0.8333333333333334,0.0,6,0.656934306569343,1.0,0.9375,peak_dominated_buffer_limited,smoothing reduces peaks but available buffer remains too small,increase_buffer
modular_arithmetic_block_synthetic,synthetic_modular_arithmetic,0,10,1,4,smooth,92,92,101,1.0978260869565217,9,13,9,2.3152173913043477,213,45,3,15,0.4891304347826087,5,0.9782608695652174,1.6231352073177907,5.111111111111111,10,90,92,0.8333333333333334,2.5,3.0,3.0,0.16666666666666666,0.8333333333333334,0.0,6,0.9782608695652174,5.0,0.9375,peak_dominated_buffer_limited,smoothing reduces peaks but available buffer remains too small,increase_buffer
modular_arithmetic_block_synthetic,synthetic_modular_arithmetic,0,10,1,4,delivery_aware_v2,92,92,101,1.0978260869565217,9,13,9,2.3152173913043477,213,45,3,15,0.4891304347826087,5,0.9782608695652174,1.4842381759552483,5.111111111111111,6,90,92,0.8333333333333334,2.5,3.0,3.0,0.16666666666666666,0.8333333333333334,0.0,6,0.9782608695652174,5.0,0.9375,peak_dominated_buffer_limited,smoothing reduces peaks but available buffer remains too small,increase_buffer
modular_arithmetic_block_synthetic,synthetic_modular_arithmetic,0,10,1,4,robust_smooth,92,92,101,1.0978260869565217,9,13,9,2.3152173913043477,213,45,3,15,0.4891304347826087,5,0.9782608695652174,1.6231352073177907,5.111111111111111,10,90,92,0.8333333333333334,2.5,3.0,3.0,0.16666666666666666,0.8333333333333334,0.0,6,0.9782608695652174,5.0,0.9375,peak_dominated_buffer_limited,smoothing reduces peaks but available buffer remains too small,increase_buffer
modular_arithmetic_block_synthetic,synthetic_modular_arithmetic,0,10,1,8,static,92,92,100,1.0869565217391304,8,16,8,1.6304347826086956,150,36,6,11,0.391304347826087,6,0.9782608695652174,1.9417441567751323,6.133333333333333,3,90,92,0.8333333333333334,2.5,3.0,3.0,0.16666666666666666,0.8333333333333334,0.0,6,0.9782608695652174,6.0,0.9,peak_dominated_buffer_limited,smoothing reduces peaks but available buffer remains too small,increase_buffer
modular_arithmetic_block_synthetic,synthetic_modular_arithmetic,0,10,1,8,capacity_aware,92,137,137,1.4891304347826086,0,0,0,0.0,0,0,0,0,0.0,1,0.656934306569343,0.7226494462892934,1.5222222222222224,90,90,92,0.8333333333333334,2.5,3.0,3.0,0.16666666666666666,0.8333333333333334,0.0,6,0.656934306569343,1.0,0.9,peak_dominated_buffer_limited,smoothing reduces peaks but available buffer remains too small,increase_buffer
modular_arithmetic_block_synthetic,synthetic_modular_arithmetic,0,10,1,8,smooth,92,92,97,1.0543478260869565,5,13,5,0.717391304347826,66,24,3,8,0.2608695652173913,5,0.9782608695652174,1.6231352073177907,5.111111111111111,10,90,92,0.8333333333333334,2.5,3.0,3.0,0.16666666666666666,0.8333333333333334,0.0,6,0.9782608695652174,5.0,0.9,peak_dominated_buffer_limited,smoothing reduces peaks but available buffer remains too small,increase_buffer
modular_arithmetic_block_synthetic,synthetic_modular_arithmetic,0,10,1,8,delivery_aware_v2,92,92,97,1.0543478260869565,5,13,5,0.717391304347826,66,24,3,8,0.2608695652173913,5,0.9782608695652174,1.3137450003428846,5.111111111111111,3,90,92,0.8333333333333334,2.5,3.0,3.0,0.16666666666666666,0.8333333333333334,0.0,6,0.9782608695652174,5.0,0.9,peak_dominated_buffer_limited,smoothing reduces peaks but available buffer remains too small,increase_buffer
modular_arithmetic_block_synthetic,synthetic_modular_arithmetic,0,10,1,8,robust_smooth,92,92,97,1.0543478260869565,5,13,5,0.717391304347826,66,24,3,8,0.2608695652173913,5,0.9782608695652174,1.6231352073177907,5.111111111111111,10,90,92,0.8333333333333334,2.5,3.0,3.0,0.16666666666666666,0.8333333333333334,0.0,6,0.9782608695652174,5.0,0.9,peak_dominated_buffer_limited,smoothing reduces peaks but available buffer remains too small,increase_buffer
modular_arithmetic_block_synthetic,synthetic_modular_arithmetic,0,10,1,16,static,92,92,92,1.0,0,16,0,0.0,0,0,0,0,0.0,6,0.9782608695652174,1.9417441567751323,6.133333333333333,3,90,92,0.8333333333333334,2.5,3.0,3.0,0.16666666666666666,0.8333333333333334,0.0,6,0.9782608695652174,6.0,0.8333333333333334,no_delivery_bottleneck,static execution already meets delivery constraints,none
modular_arithmetic_block_synthetic,synthetic_modular_arithmetic,0,10,1,16,capacity_aware,92,137,137,1.4891304347826086,0,0,0,0.0,0,0,0,0,0.0,1,0.656934306569343,0.7226494462892934,1.5222222222222224,90,90,92,0.8333333333333334,2.5,3.0,3.0,0.16666666666666666,0.8333333333333334,0.0,6,0.656934306569343,1.0,0.8333333333333334,no_delivery_bottleneck,static execution already meets delivery constraints,none
modular_arithmetic_block_synthetic,synthetic_modular_arithmetic,0,10,1,16,smooth,92,92,92,1.0,0,13,0,0.0,0,0,0,0,0.0,5,0.9782608695652174,1.6231352073177907,5.111111111111111,10,90,92,0.8333333333333334,2.5,3.0,3.0,0.16666666666666666,0.8333333333333334,0.0,6,0.9782608695652174,5.0,0.8333333333333334,no_delivery_bottleneck,static execution already meets delivery constraints,none
modular_arithmetic_block_synthetic,synthetic_modular_arithmetic,0,10,1,16,delivery_aware_v2,92,92,92,1.0,0,13,0,0.0,0,0,0,0,0.0,3,0.9782608695652174,1.1769389046102543,3.0666666666666664,15,90,92,0.8333333333333334,2.5,3.0,3.0,0.16666666666666666,0.8333333333333334,0.0,6,0.9782608695652174,3.0,0.8333333333333334,no_delivery_bottleneck,static execution already meets delivery constraints,none
modular_arithmetic_block_synthetic,synthetic_modular_arithmetic,0,10,1,16,robust_smooth,92,92,92,1.0,0,13,0,0.0,0,0,0,0,0.0,5,0.9782608695652174,1.6231352073177907,5.111111111111111,10,90,92,0.8333333333333334,2.5,3.0,3.0,0.16666666666666666,0.8333333333333334,0.0,6,0.9782608695652174,5.0,0.8333333333333334,no_delivery_bottleneck,static execution already meets delivery constraints,none
modular_arithmetic_block_synthetic,synthetic_modular_arithmetic,0,10,2,0,static,92,92,95,1.0326086956521738,3,5,5,0.1956521739130435,18,7,3,5,0.07608695652173914,6,0.9782608695652174,1.9417441567751323,6.133333333333333,3,90,92,0.8333333333333334,2.5,3.0,3.0,0.16666666666666666,0.8333333333333334,0.0,6,0.4891304347826087,3.0,0.4891304347826087,peak_dominated_smooth_solvable,slack smoothing removes burst-induced backlog,smooth
modular_arithmetic_block_synthetic,synthetic_modular_arithmetic,0,10,2,0,capacity_aware,92,104,104,1.1304347826086956,0,0,0,0.0,0,0,0,0,0.0,2,0.8653846153846154,1.0392304845413263,2.311111111111111,36,90,92,0.8333333333333334,2.5,3.0,3.0,0.16666666666666666,0.8333333333333334,0.0,6,0.4326923076923077,1.0,0.4891304347826087,peak_dominated_smooth_solvable,slack smoothing removes burst-induced backlog,smooth
modular_arithmetic_block_synthetic,synthetic_modular_arithmetic,0,10,2,0,smooth,92,92,92,1.0,0,0,0,0.0,0,0,0,0,0.0,5,0.9782608695652174,1.6231352073177907,5.111111111111111,10,90,92,0.8333333333333334,2.5,3.0,3.0,0.16666666666666666,0.8333333333333334,0.0,6,0.4891304347826087,2.5,0.4891304347826087,peak_dominated_smooth_solvable,slack smoothing removes burst-induced backlog,smooth
modular_arithmetic_block_synthetic,synthetic_modular_arithmetic,0,10,2,0,delivery_aware_v2,92,92,92,1.0,0,0,0,0.0,0,0,0,0,0.0,3,0.9782608695652174,1.0547950476716286,3.0666666666666664,6,90,92,0.8333333333333334,2.5,3.0,3.0,0.16666666666666666,0.8333333333333334,0.0,6,0.4891304347826087,1.5,0.4891304347826087,peak_dominated_smooth_solvable,slack smoothing removes burst-induced backlog,smooth
modular_arithmetic_block_synthetic,synthetic_modular_arithmetic,0,10,2,0,robust_smooth,92,92,92,1.0,0,0,0,0.0,0,0,0,0,0.0,5,0.9782608695652174,1.6231352073177907,5.111111111111111,10,90,92,0.8333333333333334,2.5,3.0,3.0,0.16666666666666666,0.8333333333333334,0.0,6,0.4891304347826087,2.5,0.4891304347826087,peak_dominated_smooth_solvable,slack smoothing removes burst-induced backlog,smooth
modular_arithmetic_block_synthetic,synthetic_modular_arithmetic,0,10,2,4,static,92,92,93,1.0108695652173914,1,5,1,0.010869565217391304,1,1,1,1,0.010869565217391304,6,0.9782608695652174,1.9417441567751323,6.133333333333333,3,90,92,0.8333333333333334,2.5,3.0,3.0,0.16666666666666666,0.8333333333333334,0.0,6,0.4891304347826087,3.0,0.4787234042553192,peak_dominated_smooth_solvable,slack smoothing removes burst-induced backlog,smooth
modular_arithmetic_block_synthetic,synthetic_modular_arithmetic,0,10,2,4,capacity_aware,92,104,104,1.1304347826086956,0,0,0,0.0,0,0,0,0,0.0,2,0.8653846153846154,1.0392304845413263,2.311111111111111,36,90,92,0.8333333333333334,2.5,3.0,3.0,0.16666666666666666,0.8333333333333334,0.0,6,0.4326923076923077,1.0,0.4787234042553192,peak_dominated_smooth_solvable,slack smoothing removes burst-induced backlog,smooth
modular_arithmetic_block_synthetic,synthetic_modular_arithmetic,0,10,2,4,smooth,92,92,92,1.0,0,0,0,0.0,0,0,0,0,0.0,5,0.9782608695652174,1.6231352073177907,5.111111111111111,10,90,92,0.8333333333333334,2.5,3.0,3.0,0.16666666666666666,0.8333333333333334,0.0,6,0.4891304347826087,2.5,0.4787234042553192,peak_dominated_smooth_solvable,slack smoothing removes burst-induced backlog,smooth
modular_arithmetic_block_synthetic,synthetic_modular_arithmetic,0,10,2,4,delivery_aware_v2,92,92,92,1.0,0,0,0,0.0,0,0,0,0,0.0,4,0.9782608695652174,1.4136896825394596,4.088888888888889,12,90,92,0.8333333333333334,2.5,3.0,3.0,0.16666666666666666,0.8333333333333334,0.0,6,0.4891304347826087,2.0,0.4787234042553192,peak_dominated_smooth_solvable,slack smoothing removes burst-induced backlog,smooth
modular_arithmetic_block_synthetic,synthetic_modular_arithmetic,0,10,2,4,robust_smooth,92,92,92,1.0,0,0,0,0.0,0,0,0,0,0.0,5,0.9782608695652174,1.6231352073177907,5.111111111111111,10,90,92,0.8333333333333334,2.5,3.0,3.0,0.16666666666666666,0.8333333333333334,0.0,6,0.4891304347826087,2.5,0.4787234042553192,peak_dominated_smooth_solvable,slack smoothing removes burst-induced backlog,smooth
modular_arithmetic_block_synthetic,synthetic_modular_arithmetic,0,10,2,8,static,92,92,92,1.0,0,5,0,0.0,0,0,0,0,0.0,6,0.9782608695652174,1.9417441567751323,6.133333333333333,3,90,92,0.8333333333333334,2.5,3.0,3.0,0.16666666666666666,0.8333333333333334,0.0,6,0.4891304347826087,3.0,0.46875,no_delivery_bottleneck,static execution already meets delivery constraints,none
modular_arithmetic_block_synthetic,synthetic_modular_arithmetic,0,10,2,8,capacity_aware,92,104,104,1.1304347826086956,0,0,0,0.0,0,0,0,0,0.0,2,0.8653846153846154,1.0392304845413263,2.311111111111111,36,90,92,0.8333333333333334,2.5,3.0,3.0,0.16666666666666666,0.8333333333333334,0.0,6,0.4326923076923077,1.0,0.46875,no_delivery_bottleneck,static execution already meets delivery constraints,none
modular_arithmetic_block_synthetic,synthetic_modular_arithmetic,0,10,2,8,smooth,92,92,92,1.0,0,0,0,0.0,0,0,0,0,0.0,5,0.9782608695652174,1.6231352073177907,5.111111111111111,10,90,92,0.8333333333333334,2.5,3.0,3.0,0.16666666666666666,0.8333333333333334,0.0,6,0.4891304347826087,2.5,0.46875,no_delivery_bottleneck,static execution already meets delivery constraints,none
modular_arithmetic_block_synthetic,synthetic_modular_arithmetic,0,10,2,8,delivery_aware_v2,92,92,92,1.0,0,0,0,0.0,0,0,0,0,0.0,4,0.9782608695652174,1.4136896825394596,4.088888888888889,12,90,92,0.8333333333333334,2.5,3.0,3.0,0.16666666666666666,0.8333333333333334,0.0,6,0.4891304347826087,2.0,0.46875,no_delivery_bottleneck,static execution already meets delivery constraints,none
modular_arithmetic_block_synthetic,synthetic_modular_arithmetic,0,10,2,8,robust_smooth,92,92,92,1.0,0,0,0,0.0,0,0,0,0,0.0,5,0.9782608695652174,1.6231352073177907,5.111111111111111,10,90,92,0.8333333333333334,2.5,3.0,3.0,0.16666666666666666,0.8333333333333334,0.0,6,0.4891304347826087,2.5,0.46875,no_delivery_bottleneck,static execution already meets delivery constraints,none
modular_arithmetic_block_synthetic,synthetic_modular_arithmetic,0,10,2,16,static,92,92,92,1.0,0,5,0,0.0,0,0,0,0,0.0,6,0.9782608695652174,1.9417441567751323,6.133333333333333,3,90,92,0.8333333333333334,2.5,3.0,3.0,0.16666666666666666,0.8333333333333334,0.0,6,0.4891304347826087,3.0,0.45,no_delivery_bottleneck,static execution already meets delivery constraints,none
modular_arithmetic_block_synthetic,synthetic_modular_arithmetic,0,10,2,16,capacity_aware,92,104,104,1.1304347826086956,0,0,0,0.0,0,0,0,0,0.0,2,0.8653846153846154,1.0392304845413263,2.311111111111111,36,90,92,0.8333333333333334,2.5,3.0,3.0,0.16666666666666666,0.8333333333333334,0.0,6,0.4326923076923077,1.0,0.45,no_delivery_bottleneck,static execution already meets delivery constraints,none
modular_arithmetic_block_synthetic,synthetic_modular_arithmetic,0,10,2,16,smooth,92,92,92,1.0,0,0,0,0.0,0,0,0,0,0.0,5,0.9782608695652174,1.6231352073177907,5.111111111111111,10,90,92,0.8333333333333334,2.5,3.0,3.0,0.16666666666666666,0.8333333333333334,0.0,6,0.4891304347826087,2.5,0.45,no_delivery_bottleneck,static execution already meets delivery constraints,none
modular_arithmetic_block_synthetic,synthetic_modular_arithmetic,0,10,2,16,delivery_aware_v2,92,92,92,1.0,0,0,0,0.0,0,0,0,0,0.0,4,0.9782608695652174,1.4136896825394596,4.088888888888889,12,90,92,0.8333333333333334,2.5,3.0,3.0,0.16666666666666666,0.8333333333333334,0.0,6,0.4891304347826087,2.0,0.45,no_delivery_bottleneck,static execution already meets delivery constraints,none
modular_arithmetic_block_synthetic,synthetic_modular_arithmetic,0,10,2,16,robust_smooth,92,92,92,1.0,0,0,0,0.0,0,0,0,0,0.0,5,0.9782608695652174,1.6231352073177907,5.111111111111111,10,90,92,0.8333333333333334,2.5,3.0,3.0,0.16666666666666666,0.8333333333333334,0.0,6,0.4891304347826087,2.5,0.45,no_delivery_bottleneck,static execution already meets delivery constraints,none
modular_arithmetic_block_synthetic,synthetic_modular_arithmetic,0,10,3,0,static,92,92,92,1.0,0,0,0,0.0,0,0,0,0,0.0,6,0.9782608695652174,1.9417441567751323,6.133333333333333,3,90,92,0.8333333333333334,2.5,3.0,3.0,0.16666666666666666,0.8333333333333334,0.0,6,0.32608695652173914,2.0,0.32608695652173914,no_delivery_bottleneck,static execution already meets delivery constraints,none
modular_arithmetic_block_synthetic,synthetic_modular_arithmetic,0,10,3,0,capacity_aware,92,95,95,1.0326086956521738,0,0,0,0.0,0,0,0,0,0.0,3,0.9473684210526315,1.2663742352494793,3.166666666666667,18,90,92,0.8333333333333334,2.5,3.0,3.0,0.16666666666666666,0.8333333333333334,0.0,6,0.3157894736842105,1.0,0.32608695652173914,no_delivery_bottleneck,static execution already meets delivery constraints,none
modular_arithmetic_block_synthetic,synthetic_modular_arithmetic,0,10,3,0,smooth,92,92,92,1.0,0,0,0,0.0,0,0,0,0,0.0,5,0.9782608695652174,1.6231352073177907,5.111111111111111,10,90,92,0.8333333333333334,2.5,3.0,3.0,0.16666666666666666,0.8333333333333334,0.0,6,0.32608695652173914,1.6666666666666667,0.32608695652173914,no_delivery_bottleneck,static execution already meets delivery constraints,none
modular_arithmetic_block_synthetic,synthetic_modular_arithmetic,0,10,3,0,delivery_aware_v2,92,92,92,1.0,0,0,0,0.0,0,0,0,0,0.0,3,0.9782608695652174,1.2334834743447038,3.0666666666666664,18,90,92,0.8333333333333334,2.5,3.0,3.0,0.16666666666666666,0.8333333333333334,0.0,6,0.32608695652173914,1.0,0.32608695652173914,no_delivery_bottleneck,static execution already meets delivery constraints,none
modular_arithmetic_block_synthetic,synthetic_modular_arithmetic,0,10,3,0,robust_smooth,92,92,92,1.0,0,0,0,0.0,0,0,0,0,0.0,5,0.9782608695652174,1.6231352073177907,5.111111111111111,10,90,92,0.8333333333333334,2.5,3.0,3.0,0.16666666666666666,0.8333333333333334,0.0,6,0.32608695652173914,1.6666666666666667,0.32608695652173914,no_delivery_bottleneck,static execution already meets delivery constraints,none
modular_arithmetic_block_synthetic,synthetic_modular_arithmetic,0,10,3,4,static,92,92,92,1.0,0,0,0,0.0,0,0,0,0,0.0,6,0.9782608695652174,1.9417441567751323,6.133333333333333,3,90,92,0.8333333333333334,2.5,3.0,3.0,0.16666666666666666,0.8333333333333334,0.0,6,0.32608695652173914,2.0,0.32142857142857145,no_delivery_bottleneck,static execution already meets delivery constraints,none
modular_arithmetic_block_synthetic,synthetic_modular_arithmetic,0,10,3,4,capacity_aware,92,95,95,1.0326086956521738,0,0,0,0.0,0,0,0,0,0.0,3,0.9473684210526315,1.2663742352494793,3.166666666666667,18,90,92,0.8333333333333334,2.5,3.0,3.0,0.16666666666666666,0.8333333333333334,0.0,6,0.3157894736842105,1.0,0.32142857142857145,no_delivery_bottleneck,static execution already meets delivery constraints,none
modular_arithmetic_block_synthetic,synthetic_modular_arithmetic,0,10,3,4,smooth,92,92,92,1.0,0,0,0,0.0,0,0,0,0,0.0,5,0.9782608695652174,1.6231352073177907,5.111111111111111,10,90,92,0.8333333333333334,2.5,3.0,3.0,0.16666666666666666,0.8333333333333334,0.0,6,0.32608695652173914,1.6666666666666667,0.32142857142857145,no_delivery_bottleneck,static execution already meets delivery constraints,none
modular_arithmetic_block_synthetic,synthetic_modular_arithmetic,0,10,3,4,delivery_aware_v2,92,92,92,1.0,0,0,0,0.0,0,0,0,0,0.0,5,0.9782608695652174,1.8519259244445034,5.111111111111111,15,90,92,0.8333333333333334,2.5,3.0,3.0,0.16666666666666666,0.8333333333333334,0.0,6,0.32608695652173914,1.6666666666666667,0.32142857142857145,no_delivery_bottleneck,static execution already meets delivery constraints,none
modular_arithmetic_block_synthetic,synthetic_modular_arithmetic,0,10,3,4,robust_smooth,92,92,92,1.0,0,0,0,0.0,0,0,0,0,0.0,5,0.9782608695652174,1.6231352073177907,5.111111111111111,10,90,92,0.8333333333333334,2.5,3.0,3.0,0.16666666666666666,0.8333333333333334,0.0,6,0.32608695652173914,1.6666666666666667,0.32142857142857145,no_delivery_bottleneck,static execution already meets delivery constraints,none
modular_arithmetic_block_synthetic,synthetic_modular_arithmetic,0,10,3,8,static,92,92,92,1.0,0,0,0,0.0,0,0,0,0,0.0,6,0.9782608695652174,1.9417441567751323,6.133333333333333,3,90,92,0.8333333333333334,2.5,3.0,3.0,0.16666666666666666,0.8333333333333334,0.0,6,0.32608695652173914,2.0,0.31690140845070425,no_delivery_bottleneck,static execution already meets delivery constraints,none
modular_arithmetic_block_synthetic,synthetic_modular_arithmetic,0,10,3,8,capacity_aware,92,95,95,1.0326086956521738,0,0,0,0.0,0,0,0,0,0.0,3,0.9473684210526315,1.2663742352494793,3.166666666666667,18,90,92,0.8333333333333334,2.5,3.0,3.0,0.16666666666666666,0.8333333333333334,0.0,6,0.3157894736842105,1.0,0.31690140845070425,no_delivery_bottleneck,static execution already meets delivery constraints,none
modular_arithmetic_block_synthetic,synthetic_modular_arithmetic,0,10,3,8,smooth,92,92,92,1.0,0,0,0,0.0,0,0,0,0,0.0,5,0.9782608695652174,1.6231352073177907,5.111111111111111,10,90,92,0.8333333333333334,2.5,3.0,3.0,0.16666666666666666,0.8333333333333334,0.0,6,0.32608695652173914,1.6666666666666667,0.31690140845070425,no_delivery_bottleneck,static execution already meets delivery constraints,none
modular_arithmetic_block_synthetic,synthetic_modular_arithmetic,0,10,3,8,delivery_aware_v2,92,92,92,1.0,0,0,0,0.0,0,0,0,0,0.0,5,0.9782608695652174,1.8519259244445034,5.111111111111111,15,90,92,0.8333333333333334,2.5,3.0,3.0,0.16666666666666666,0.8333333333333334,0.0,6,0.32608695652173914,1.6666666666666667,0.31690140845070425,no_delivery_bottleneck,static execution already meets delivery constraints,none
modular_arithmetic_block_synthetic,synthetic_modular_arithmetic,0,10,3,8,robust_smooth,92,92,92,1.0,0,0,0,0.0,0,0,0,0,0.0,5,0.9782608695652174,1.6231352073177907,5.111111111111111,10,90,92,0.8333333333333334,2.5,3.0,3.0,0.16666666666666666,0.8333333333333334,0.0,6,0.32608695652173914,1.6666666666666667,0.31690140845070425,no_delivery_bottleneck,static execution already meets delivery constraints,none
modular_arithmetic_block_synthetic,synthetic_modular_arithmetic,0,10,3,16,static,92,92,92,1.0,0,0,0,0.0,0,0,0,0,0.0,6,0.9782608695652174,1.9417441567751323,6.133333333333333,3,90,92,0.8333333333333334,2.5,3.0,3.0,0.16666666666666666,0.8333333333333334,0.0,6,0.32608695652173914,2.0,0.3082191780821918,no_delivery_bottleneck,static execution already meets delivery constraints,none
modular_arithmetic_block_synthetic,synthetic_modular_arithmetic,0,10,3,16,capacity_aware,92,95,95,1.0326086956521738,0,0,0,0.0,0,0,0,0,0.0,3,0.9473684210526315,1.2663742352494793,3.166666666666667,18,90,92,0.8333333333333334,2.5,3.0,3.0,0.16666666666666666,0.8333333333333334,0.0,6,0.3157894736842105,1.0,0.3082191780821918,no_delivery_bottleneck,static execution already meets delivery constraints,none
modular_arithmetic_block_synthetic,synthetic_modular_arithmetic,0,10,3,16,smooth,92,92,92,1.0,0,0,0,0.0,0,0,0,0,0.0,5,0.9782608695652174,1.6231352073177907,5.111111111111111,10,90,92,0.8333333333333334,2.5,3.0,3.0,0.16666666666666666,0.8333333333333334,0.0,6,0.32608695652173914,1.6666666666666667,0.3082191780821918,no_delivery_bottleneck,static execution already meets delivery constraints,none
modular_arithmetic_block_synthetic,synthetic_modular_arithmetic,0,10,3,16,delivery_aware_v2,92,92,92,1.0,0,0,0,0.0,0,0,0,0,0.0,5,0.9782608695652174,1.8519259244445034,5.111111111111111,15,90,92,0.8333333333333334,2.5,3.0,3.0,0.16666666666666666,0.8333333333333334,0.0,6,0.32608695652173914,1.6666666666666667,0.3082191780821918,no_delivery_bottleneck,static execution already meets delivery constraints,none
modular_arithmetic_block_synthetic,synthetic_modular_arithmetic,0,10,3,16,robust_smooth,92,92,92,1.0,0,0,0,0.0,0,0,0,0,0.0,5,0.9782608695652174,1.6231352073177907,5.111111111111111,10,90,92,0.8333333333333334,2.5,3.0,3.0,0.16666666666666666,0.8333333333333334,0.0,6,0.32608695652173914,1.6666666666666667,0.3082191780821918,no_delivery_bottleneck,static execution already meets delivery constraints,none
modular_arithmetic_block_synthetic,synthetic_modular_arithmetic,0,10,4,0,static,92,92,92,1.0,0,0,0,0.0,0,0,0,0,0.0,6,0.9782608695652174,1.9417441567751323,6.133333333333333,3,90,92,0.8333333333333334,2.5,3.0,3.0,0.16666666666666666,0.8333333333333334,0.0,6,0.24456521739130435,1.5,0.24456521739130435,no_delivery_bottleneck,static execution already meets delivery constraints,none
modular_arithmetic_block_synthetic,synthetic_modular_arithmetic,0,10,4,0,capacity_aware,92,95,95,1.0326086956521738,0,0,0,0.0,0,0,0,0,0.0,4,0.9473684210526315,1.495672770707897,4.222222222222222,15,90,92,0.8333333333333334,2.5,3.0,3.0,0.16666666666666666,0.8333333333333334,0.0,6,0.23684210526315788,1.0,0.24456521739130435,no_delivery_bottleneck,static execution already meets delivery constraints,none
modular_arithmetic_block_synthetic,synthetic_modular_arithmetic,0,10,4,0,smooth,92,92,92,1.0,0,0,0,0.0,0,0,0,0,0.0,5,0.9782608695652174,1.6231352073177907,5.111111111111111,10,90,92,0.8333333333333334,2.5,3.0,3.0,0.16666666666666666,0.8333333333333334,0.0,6,0.24456521739130435,1.25,0.24456521739130435,no_delivery_bottleneck,static execution already meets delivery constraints,none
modular_arithmetic_block_synthetic,synthetic_modular_arithmetic,0,10,4,0,delivery_aware_v2,92,92,92,1.0,0,0,0,0.0,0,0,0,0,0.0,4,0.9782608695652174,1.4611005491802453,4.088888888888889,15,90,92,0.8333333333333334,2.5,3.0,3.0,0.16666666666666666,0.8333333333333334,0.0,6,0.24456521739130435,1.0,0.24456521739130435,no_delivery_bottleneck,static execution already meets delivery constraints,none
modular_arithmetic_block_synthetic,synthetic_modular_arithmetic,0,10,4,0,robust_smooth,92,92,92,1.0,0,0,0,0.0,0,0,0,0,0.0,5,0.9782608695652174,1.6231352073177907,5.111111111111111,10,90,92,0.8333333333333334,2.5,3.0,3.0,0.16666666666666666,0.8333333333333334,0.0,6,0.24456521739130435,1.25,0.24456521739130435,no_delivery_bottleneck,static execution already meets delivery constraints,none
modular_arithmetic_block_synthetic,synthetic_modular_arithmetic,0,10,4,4,static,92,92,92,1.0,0,0,0,0.0,0,0,0,0,0.0,6,0.9782608695652174,1.9417441567751323,6.133333333333333,3,90,92,0.8333333333333334,2.5,3.0,3.0,0.16666666666666666,0.8333333333333334,0.0,6,0.24456521739130435,1.5,0.24193548387096775,no_delivery_bottleneck,static execution already meets delivery constraints,none
modular_arithmetic_block_synthetic,synthetic_modular_arithmetic,0,10,4,4,capacity_aware,92,95,95,1.0326086956521738,0,0,0,0.0,0,0,0,0,0.0,4,0.9473684210526315,1.495672770707897,4.222222222222222,15,90,92,0.8333333333333334,2.5,3.0,3.0,0.16666666666666666,0.8333333333333334,0.0,6,0.23684210526315788,1.0,0.24193548387096775,no_delivery_bottleneck,static execution already meets delivery constraints,none
modular_arithmetic_block_synthetic,synthetic_modular_arithmetic,0,10,4,4,smooth,92,92,92,1.0,0,0,0,0.0,0,0,0,0,0.0,5,0.9782608695652174,1.6231352073177907,5.111111111111111,10,90,92,0.8333333333333334,2.5,3.0,3.0,0.16666666666666666,0.8333333333333334,0.0,6,0.24456521739130435,1.25,0.24193548387096775,no_delivery_bottleneck,static execution already meets delivery constraints,none
modular_arithmetic_block_synthetic,synthetic_modular_arithmetic,0,10,4,4,delivery_aware_v2,92,92,92,1.0,0,0,0,0.0,0,0,0,0,0.0,6,0.9782608695652174,1.9417441567751323,6.133333333333333,3,90,92,0.8333333333333334,2.5,3.0,3.0,0.16666666666666666,0.8333333333333334,0.0,6,0.24456521739130435,1.5,0.24193548387096775,no_delivery_bottleneck,static execution already meets delivery constraints,none
modular_arithmetic_block_synthetic,synthetic_modular_arithmetic,0,10,4,4,robust_smooth,92,92,92,1.0,0,0,0,0.0,0,0,0,0,0.0,5,0.9782608695652174,1.6231352073177907,5.111111111111111,10,90,92,0.8333333333333334,2.5,3.0,3.0,0.16666666666666666,0.8333333333333334,0.0,6,0.24456521739130435,1.25,0.24193548387096775,no_delivery_bottleneck,static execution already meets delivery constraints,none
modular_arithmetic_block_synthetic,synthetic_modular_arithmetic,0,10,4,8,static,92,92,92,1.0,0,0,0,0.0,0,0,0,0,0.0,6,0.9782608695652174,1.9417441567751323,6.133333333333333,3,90,92,0.8333333333333334,2.5,3.0,3.0,0.16666666666666666,0.8333333333333334,0.0,6,0.24456521739130435,1.5,0.2393617021276596,no_delivery_bottleneck,static execution already meets delivery constraints,none
modular_arithmetic_block_synthetic,synthetic_modular_arithmetic,0,10,4,8,capacity_aware,92,95,95,1.0326086956521738,0,0,0,0.0,0,0,0,0,0.0,4,0.9473684210526315,1.495672770707897,4.222222222222222,15,90,92,0.8333333333333334,2.5,3.0,3.0,0.16666666666666666,0.8333333333333334,0.0,6,0.23684210526315788,1.0,0.2393617021276596,no_delivery_bottleneck,static execution already meets delivery constraints,none
modular_arithmetic_block_synthetic,synthetic_modular_arithmetic,0,10,4,8,smooth,92,92,92,1.0,0,0,0,0.0,0,0,0,0,0.0,5,0.9782608695652174,1.6231352073177907,5.111111111111111,10,90,92,0.8333333333333334,2.5,3.0,3.0,0.16666666666666666,0.8333333333333334,0.0,6,0.24456521739130435,1.25,0.2393617021276596,no_delivery_bottleneck,static execution already meets delivery constraints,none
modular_arithmetic_block_synthetic,synthetic_modular_arithmetic,0,10,4,8,delivery_aware_v2,92,92,92,1.0,0,0,0,0.0,0,0,0,0,0.0,6,0.9782608695652174,1.9417441567751323,6.133333333333333,3,90,92,0.8333333333333334,2.5,3.0,3.0,0.16666666666666666,0.8333333333333334,0.0,6,0.24456521739130435,1.5,0.2393617021276596,no_delivery_bottleneck,static execution already meets delivery constraints,none
modular_arithmetic_block_synthetic,synthetic_modular_arithmetic,0,10,4,8,robust_smooth,92,92,92,1.0,0,0,0,0.0,0,0,0,0,0.0,5,0.9782608695652174,1.6231352073177907,5.111111111111111,10,90,92,0.8333333333333334,2.5,3.0,3.0,0.16666666666666666,0.8333333333333334,0.0,6,0.24456521739130435,1.25,0.2393617021276596,no_delivery_bottleneck,static execution already meets delivery constraints,none
modular_arithmetic_block_synthetic,synthetic_modular_arithmetic,0,10,4,16,static,92,92,92,1.0,0,0,0,0.0,0,0,0,0,0.0,6,0.9782608695652174,1.9417441567751323,6.133333333333333,3,90,92,0.8333333333333334,2.5,3.0,3.0,0.16666666666666666,0.8333333333333334,0.0,6,0.24456521739130435,1.5,0.234375,no_delivery_bottleneck,static execution already meets delivery constraints,none
modular_arithmetic_block_synthetic,synthetic_modular_arithmetic,0,10,4,16,capacity_aware,92,95,95,1.0326086956521738,0,0,0,0.0,0,0,0,0,0.0,4,0.9473684210526315,1.495672770707897,4.222222222222222,15,90,92,0.8333333333333334,2.5,3.0,3.0,0.16666666666666666,0.8333333333333334,0.0,6,0.23684210526315788,1.0,0.234375,no_delivery_bottleneck,static execution already meets delivery constraints,none
modular_arithmetic_block_synthetic,synthetic_modular_arithmetic,0,10,4,16,smooth,92,92,92,1.0,0,0,0,0.0,0,0,0,0,0.0,5,0.9782608695652174,1.6231352073177907,5.111111111111111,10,90,92,0.8333333333333334,2.5,3.0,3.0,0.16666666666666666,0.8333333333333334,0.0,6,0.24456521739130435,1.25,0.234375,no_delivery_bottleneck,static execution already meets delivery constraints,none
modular_arithmetic_block_synthetic,synthetic_modular_arithmetic,0,10,4,16,delivery_aware_v2,92,92,92,1.0,0,0,0,0.0,0,0,0,0,0.0,6,0.9782608695652174,1.9417441567751323,6.133333333333333,3,90,92,0.8333333333333334,2.5,3.0,3.0,0.16666666666666666,0.8333333333333334,0.0,6,0.24456521739130435,1.5,0.234375,no_delivery_bottleneck,static execution already meets delivery constraints,none
modular_arithmetic_block_synthetic,synthetic_modular_arithmetic,0,10,4,16,robust_smooth,92,92,92,1.0,0,0,0,0.0,0,0,0,0,0.0,5,0.9782608695652174,1.6231352073177907,5.111111111111111,10,90,92,0.8333333333333334,2.5,3.0,3.0,0.16666666666666666,0.8333333333333334,0.0,6,0.24456521739130435,1.25,0.234375,no_delivery_bottleneck,static execution already meets delivery constraints,none
modular_arithmetic_block_synthetic,synthetic_modular_arithmetic,0,10,5,0,static,92,92,92,1.0,0,0,0,0.0,0,0,0,0,0.0,6,0.9782608695652174,1.9417441567751323,6.133333333333333,3,90,92,0.8333333333333334,2.5,3.0,3.0,0.16666666666666666,0.8333333333333334,0.0,6,0.1956521739130435,1.2,0.1956521739130435,no_delivery_bottleneck,static execution already meets delivery constraints,none
modular_arithmetic_block_synthetic,synthetic_modular_arithmetic,0,10,5,0,capacity_aware,92,95,95,1.0326086956521738,0,0,0,0.0,0,0,0,0,0.0,5,0.9473684210526315,1.8905221696859507,5.277777777777778,15,90,92,0.8333333333333334,2.5,3.0,3.0,0.16666666666666666,0.8333333333333334,0.0,6,0.1894736842105263,1.0,0.1956521739130435,no_delivery_bottleneck,static execution already meets delivery constraints,none
modular_arithmetic_block_synthetic,synthetic_modular_arithmetic,0,10,5,0,smooth,92,92,92,1.0,0,0,0,0.0,0,0,0,0,0.0,5,0.9782608695652174,1.6231352073177907,5.111111111111111,10,90,92,0.8333333333333334,2.5,3.0,3.0,0.16666666666666666,0.8333333333333334,0.0,6,0.1956521739130435,1.0,0.1956521739130435,no_delivery_bottleneck,static execution already meets delivery constraints,none
modular_arithmetic_block_synthetic,synthetic_modular_arithmetic,0,10,5,0,delivery_aware_v2,92,92,92,1.0,0,0,0,0.0,0,0,0,0,0.0,5,0.9782608695652174,1.8519259244445034,5.111111111111111,15,90,92,0.8333333333333334,2.5,3.0,3.0,0.16666666666666666,0.8333333333333334,0.0,6,0.1956521739130435,1.0,0.1956521739130435,no_delivery_bottleneck,static execution already meets delivery constraints,none
modular_arithmetic_block_synthetic,synthetic_modular_arithmetic,0,10,5,0,robust_smooth,92,92,92,1.0,0,0,0,0.0,0,0,0,0,0.0,5,0.9782608695652174,1.6231352073177907,5.111111111111111,10,90,92,0.8333333333333334,2.5,3.0,3.0,0.16666666666666666,0.8333333333333334,0.0,6,0.1956521739130435,1.0,0.1956521739130435,no_delivery_bottleneck,static execution already meets delivery constraints,none
modular_arithmetic_block_synthetic,synthetic_modular_arithmetic,0,10,5,4,static,92,92,92,1.0,0,0,0,0.0,0,0,0,0,0.0,6,0.9782608695652174,1.9417441567751323,6.133333333333333,3,90,92,0.8333333333333334,2.5,3.0,3.0,0.16666666666666666,0.8333333333333334,0.0,6,0.1956521739130435,1.2,0.1939655172413793,no_delivery_bottleneck,static execution already meets delivery constraints,none
modular_arithmetic_block_synthetic,synthetic_modular_arithmetic,0,10,5,4,capacity_aware,92,95,95,1.0326086956521738,0,0,0,0.0,0,0,0,0,0.0,5,0.9473684210526315,1.8905221696859507,5.277777777777778,15,90,92,0.8333333333333334,2.5,3.0,3.0,0.16666666666666666,0.8333333333333334,0.0,6,0.1894736842105263,1.0,0.1939655172413793,no_delivery_bottleneck,static execution already meets delivery constraints,none
modular_arithmetic_block_synthetic,synthetic_modular_arithmetic,0,10,5,4,smooth,92,92,92,1.0,0,0,0,0.0,0,0,0,0,0.0,5,0.9782608695652174,1.6231352073177907,5.111111111111111,10,90,92,0.8333333333333334,2.5,3.0,3.0,0.16666666666666666,0.8333333333333334,0.0,6,0.1956521739130435,1.0,0.1939655172413793,no_delivery_bottleneck,static execution already meets delivery constraints,none
modular_arithmetic_block_synthetic,synthetic_modular_arithmetic,0,10,5,4,delivery_aware_v2,92,92,92,1.0,0,0,0,0.0,0,0,0,0,0.0,6,0.9782608695652174,1.9417441567751323,6.133333333333333,3,90,92,0.8333333333333334,2.5,3.0,3.0,0.16666666666666666,0.8333333333333334,0.0,6,0.1956521739130435,1.2,0.1939655172413793,no_delivery_bottleneck,static execution already meets delivery constraints,none
modular_arithmetic_block_synthetic,synthetic_modular_arithmetic,0,10,5,4,robust_smooth,92,92,92,1.0,0,0,0,0.0,0,0,0,0,0.0,5,0.9782608695652174,1.6231352073177907,5.111111111111111,10,90,92,0.8333333333333334,2.5,3.0,3.0,0.16666666666666666,0.8333333333333334,0.0,6,0.1956521739130435,1.0,0.1939655172413793,no_delivery_bottleneck,static execution already meets delivery constraints,none
modular_arithmetic_block_synthetic,synthetic_modular_arithmetic,0,10,5,8,static,92,92,92,1.0,0,0,0,0.0,0,0,0,0,0.0,6,0.9782608695652174,1.9417441567751323,6.133333333333333,3,90,92,0.8333333333333334,2.5,3.0,3.0,0.16666666666666666,0.8333333333333334,0.0,6,0.1956521739130435,1.2,0.19230769230769232,no_delivery_bottleneck,static execution already meets delivery constraints,none
modular_arithmetic_block_synthetic,synthetic_modular_arithmetic,0,10,5,8,capacity_aware,92,95,95,1.0326086956521738,0,0,0,0.0,0,0,0,0,0.0,5,0.9473684210526315,1.8905221696859507,5.277777777777778,15,90,92,0.8333333333333334,2.5,3.0,3.0,0.16666666666666666,0.8333333333333334,0.0,6,0.1894736842105263,1.0,0.19230769230769232,no_delivery_bottleneck,static execution already meets delivery constraints,none
modular_arithmetic_block_synthetic,synthetic_modular_arithmetic,0,10,5,8,smooth,92,92,92,1.0,0,0,0,0.0,0,0,0,0,0.0,5,0.9782608695652174,1.6231352073177907,5.111111111111111,10,90,92,0.8333333333333334,2.5,3.0,3.0,0.16666666666666666,0.8333333333333334,0.0,6,0.1956521739130435,1.0,0.19230769230769232,no_delivery_bottleneck,static execution already meets delivery constraints,none
modular_arithmetic_block_synthetic,synthetic_modular_arithmetic,0,10,5,8,delivery_aware_v2,92,92,92,1.0,0,0,0,0.0,0,0,0,0,0.0,6,0.9782608695652174,1.9417441567751323,6.133333333333333,3,90,92,0.8333333333333334,2.5,3.0,3.0,0.16666666666666666,0.8333333333333334,0.0,6,0.1956521739130435,1.2,0.19230769230769232,no_delivery_bottleneck,static execution already meets delivery constraints,none
modular_arithmetic_block_synthetic,synthetic_modular_arithmetic,0,10,5,8,robust_smooth,92,92,92,1.0,0,0,0,0.0,0,0,0,0,0.0,5,0.9782608695652174,1.6231352073177907,5.111111111111111,10,90,92,0.8333333333333334,2.5,3.0,3.0,0.16666666666666666,0.8333333333333334,0.0,6,0.1956521739130435,1.0,0.19230769230769232,no_delivery_bottleneck,static execution already meets delivery constraints,none
modular_arithmetic_block_synthetic,synthetic_modular_arithmetic,0,10,5,16,static,92,92,92,1.0,0,0,0,0.0,0,0,0,0,0.0,6,0.9782608695652174,1.9417441567751323,6.133333333333333,3,90,92,0.8333333333333334,2.5,3.0,3.0,0.16666666666666666,0.8333333333333334,0.0,6,0.1956521739130435,1.2,0.18907563025210083,no_delivery_bottleneck,static execution already meets delivery constraints,none
modular_arithmetic_block_synthetic,synthetic_modular_arithmetic,0,10,5,16,capacity_aware,92,95,95,1.0326086956521738,0,0,0,0.0,0,0,0,0,0.0,5,0.9473684210526315,1.8905221696859507,5.277777777777778,15,90,92,0.8333333333333334,2.5,3.0,3.0,0.16666666666666666,0.8333333333333334,0.0,6,0.1894736842105263,1.0,0.18907563025210083,no_delivery_bottleneck,static execution already meets delivery constraints,none
modular_arithmetic_block_synthetic,synthetic_modular_arithmetic,0,10,5,16,smooth,92,92,92,1.0,0,0,0,0.0,0,0,0,0,0.0,5,0.9782608695652174,1.6231352073177907,5.111111111111111,10,90,92,0.8333333333333334,2.5,3.0,3.0,0.16666666666666666,0.8333333333333334,0.0,6,0.1956521739130435,1.0,0.18907563025210083,no_delivery_bottleneck,static execution already meets delivery constraints,none
modular_arithmetic_block_synthetic,synthetic_modular_arithmetic,0,10,5,16,delivery_aware_v2,92,92,92,1.0,0,0,0,0.0,0,0,0,0,0.0,6,0.9782608695652174,1.9417441567751323,6.133333333333333,3,90,92,0.8333333333333334,2.5,3.0,3.0,0.16666666666666666,0.8333333333333334,0.0,6,0.1956521739130435,1.2,0.18907563025210083,no_delivery_bottleneck,static execution already meets delivery constraints,none
modular_arithmetic_block_synthetic,synthetic_modular_arithmetic,0,10,5,16,robust_smooth,92,92,92,1.0,0,0,0,0.0,0,0,0,0,0.0,5,0.9782608695652174,1.6231352073177907,5.111111111111111,10,90,92,0.8333333333333334,2.5,3.0,3.0,0.16666666666666666,0.8333333333333334,0.0,6,0.1956521739130435,1.0,0.18907563025210083,no_delivery_bottleneck,static execution already meets delivery constraints,none
larger_qft_n10,semi_real_qft_larger,0,10,1,0,static,32,32,60,1.875,28,28,28,18.875,604,29,1,29,0.90625,9,1.5,1.7716909687891083,6.0,1,48,32,0.9375,2.8125,3.0,3.0,0.0625,0.9375,0.0,9,1.5,9.0,1.5,persistent_underprovisioning,average T demand is too close to available delivery supply,increase_capacity
larger_qft_n10,semi_real_qft_larger,0,10,1,0,capacity_aware,32,59,59,1.84375,0,0,0,0.0,0,0,0,0,0.0,1,0.8135593220338984,0.4787135538781691,1.2291666666666665,48,48,32,0.9375,2.8125,3.0,3.0,0.0625,0.9375,0.0,9,0.8135593220338984,1.0,1.5,persistent_underprovisioning,average T demand is too close to available delivery supply,increase_capacity
larger_qft_n10,semi_real_qft_larger,0,10,1,0,smooth,32,50,57,1.78125,7,7,7,1.48,74,16,2,15,0.32,5,0.96,1.0817295821455974,5.208333333333334,1,48,32,0.9375,2.8125,3.0,3.0,0.0625,0.9375,0.0,9,0.96,5.0,1.5,persistent_underprovisioning,average T demand is too close to available delivery supply,increase_capacity
larger_qft_n10,semi_real_qft_larger,0,10,1,0,delivery_aware_v2,32,50,57,1.78125,7,7,7,1.48,74,16,2,15,0.32,5,0.96,1.0817295821455974,5.208333333333334,1,48,32,0.9375,2.8125,3.0,3.0,0.0625,0.9375,0.0,9,0.96,5.0,1.5,persistent_underprovisioning,average T demand is too close to available delivery supply,increase_capacity
larger_qft_n10,semi_real_qft_larger,0,10,1,0,robust_smooth,32,50,57,1.78125,7,7,7,1.48,74,16,2,15,0.32,5,0.96,1.0817295821455974,5.208333333333334,1,48,32,0.9375,2.8125,3.0,3.0,0.0625,0.9375,0.0,9,0.96,5.0,1.5,persistent_underprovisioning,average T demand is too close to available delivery supply,increase_capacity
larger_qft_n10,semi_real_qft_larger,0,10,1,4,static,32,32,56,1.75,24,28,24,15.25,488,29,1,29,0.90625,9,1.5,1.7716909687891083,6.0,1,48,32,0.9375,2.8125,3.0,3.0,0.0625,0.9375,0.0,9,1.5,9.0,1.3333333333333333,persistent_underprovisioning,average T demand is too close to available delivery supply,increase_capacity
larger_qft_n10,semi_real_qft_larger,0,10,1,4,capacity_aware,32,59,59,1.84375,0,0,0,0.0,0,0,0,0,0.0,1,0.8135593220338984,0.4787135538781691,1.2291666666666665,48,48,32,0.9375,2.8125,3.0,3.0,0.0625,0.9375,0.0,9,0.8135593220338984,1.0,1.3333333333333333,persistent_underprovisioning,average T demand is too close to available delivery supply,increase_capacity
larger_qft_n10,semi_real_qft_larger,0,10,1,4,smooth,32,50,53,1.65625,3,7,3,0.4,20,9,1,9,0.18,5,0.96,1.0817295821455974,5.208333333333334,1,48,32,0.9375,2.8125,3.0,3.0,0.0625,0.9375,0.0,9,0.96,5.0,1.3333333333333333,persistent_underprovisioning,average T demand is too close to available delivery supply,increase_capacity
larger_qft_n10,semi_real_qft_larger,0,10,1,4,delivery_aware_v2,32,50,53,1.65625,3,7,3,0.4,20,9,1,9,0.18,3,0.96,0.8579691784155834,3.125,3,48,32,0.9375,2.8125,3.0,3.0,0.0625,0.9375,0.0,9,0.96,3.0,1.3333333333333333,persistent_underprovisioning,average T demand is too close to available delivery supply,increase_capacity
larger_qft_n10,semi_real_qft_larger,0,10,1,4,robust_smooth,32,50,53,1.65625,3,7,3,0.4,20,9,1,9,0.18,5,0.96,1.0817295821455974,5.208333333333334,1,48,32,0.9375,2.8125,3.0,3.0,0.0625,0.9375,0.0,9,0.96,5.0,1.3333333333333333,persistent_underprovisioning,average T demand is too close to available delivery supply,increase_capacity
larger_qft_n10,semi_real_qft_larger,0,10,1,8,static,32,32,52,1.625,20,28,20,11.78125,377,27,1,27,0.84375,9,1.5,1.7716909687891083,6.0,1,48,32,0.9375,2.8125,3.0,3.0,0.0625,0.9375,0.0,9,1.5,9.0,1.2,peak_dominated_smooth_solvable,slack smoothing removes burst-induced backlog,smooth
larger_qft_n10,semi_real_qft_larger,0,10,1,8,capacity_aware,32,59,59,1.84375,0,0,0,0.0,0,0,0,0,0.0,1,0.8135593220338984,0.4787135538781691,1.2291666666666665,48,48,32,0.9375,2.8125,3.0,3.0,0.0625,0.9375,0.0,9,0.8135593220338984,1.0,1.2,peak_dominated_smooth_solvable,slack smoothing removes burst-induced backlog,smooth
larger_qft_n10,semi_real_qft_larger,0,10,1,8,smooth,32,50,50,1.5625,0,7,0,0.0,0,0,0,0,0.0,5,0.96,1.0817295821455974,5.208333333333334,1,48,32,0.9375,2.8125,3.0,3.0,0.0625,0.9375,0.0,9,0.96,5.0,1.2,peak_dominated_smooth_solvable,slack smoothing removes burst-induced backlog,smooth
larger_qft_n10,semi_real_qft_larger,0,10,1,8,delivery_aware_v2,32,50,50,1.5625,0,8,0,0.0,0,0,0,0,0.0,3,0.96,0.7783975705112253,3.125,1,48,32,0.9375,2.8125,3.0,3.0,0.0625,0.9375,0.0,9,0.96,3.0,1.2,peak_dominated_smooth_solvable,slack smoothing removes burst-induced backlog,smooth
larger_qft_n10,semi_real_qft_larger,0,10,1,8,robust_smooth,32,50,50,1.5625,0,7,0,0.0,0,0,0,0,0.0,5,0.96,1.0817295821455974,5.208333333333334,1,48,32,0.9375,2.8125,3.0,3.0,0.0625,0.9375,0.0,9,0.96,5.0,1.2,peak_dominated_smooth_solvable,slack smoothing removes burst-induced backlog,smooth
larger_qft_n10,semi_real_qft_larger,0,10,1,16,static,32,32,44,1.375,12,28,12,5.3125,170,23,2,22,0.71875,9,1.5,1.7716909687891083,6.0,1,48,32,0.9375,2.8125,3.0,3.0,0.0625,0.9375,0.0,9,1.5,9.0,1.0,peak_dominated_smooth_solvable,slack smoothing removes burst-induced backlog,smooth
larger_qft_n10,semi_real_qft_larger,0,10,1,16,capacity_aware,32,59,59,1.84375,0,0,0,0.0,0,0,0,0,0.0,1,0.8135593220338984,0.4787135538781691,1.2291666666666665,48,48,32,0.9375,2.8125,3.0,3.0,0.0625,0.9375,0.0,9,0.8135593220338984,1.0,1.0,peak_dominated_smooth_solvable,slack smoothing removes burst-induced backlog,smooth
larger_qft_n10,semi_real_qft_larger,0,10,1,16,smooth,32,50,50,1.5625,0,7,0,0.0,0,0,0,0,0.0,5,0.96,1.0817295821455974,5.208333333333334,1,48,32,0.9375,2.8125,3.0,3.0,0.0625,0.9375,0.0,9,0.96,5.0,1.0,peak_dominated_smooth_solvable,slack smoothing removes burst-induced backlog,smooth
larger_qft_n10,semi_real_qft_larger,0,10,1,16,delivery_aware_v2,32,50,50,1.5625,0,9,0,0.0,0,0,0,0,0.0,3,0.96,0.8579691784155834,3.125,3,48,32,0.9375,2.8125,3.0,3.0,0.0625,0.9375,0.0,9,0.96,3.0,1.0,peak_dominated_smooth_solvable,slack smoothing removes burst-induced backlog,smooth
larger_qft_n10,semi_real_qft_larger,0,10,1,16,robust_smooth,32,50,50,1.5625,0,7,0,0.0,0,0,0,0,0.0,5,0.96,1.0817295821455974,5.208333333333334,1,48,32,0.9375,2.8125,3.0,3.0,0.0625,0.9375,0.0,9,0.96,5.0,1.0,peak_dominated_smooth_solvable,slack smoothing removes burst-induced backlog,smooth
larger_qft_n10,semi_real_qft_larger,0,10,2,0,static,32,32,39,1.21875,7,13,13,4.8125,154,19,2,18,0.59375,9,1.5,1.7716909687891083,6.0,1,48,32,0.9375,2.8125,3.0,3.0,0.0625,0.9375,0.0,9,0.75,4.5,0.75,peak_dominated_buffer_limited,smoothing reduces peaks but available buffer remains too small,increase_buffer
larger_qft_n10,semi_real_qft_larger,0,10,2,0,capacity_aware,32,38,38,1.1875,0,0,0,0.0,0,0,0,0,0.0,2,1.263157894736842,0.7418539089485356,1.5833333333333335,23,48,32,0.9375,2.8125,3.0,3.0,0.0625,0.9375,0.0,9,0.631578947368421,1.0,0.75,peak_dominated_buffer_limited,smoothing reduces peaks but available buffer remains too small,increase_buffer
larger_qft_n10,semi_real_qft_larger,0,10,2,0,smooth,32,32,36,1.125,4,7,7,1.8125,58,13,1,13,0.40625,7,1.5,1.3540064007726602,4.666666666666667,1,48,32,0.9375,2.8125,3.0,3.0,0.0625,0.9375,0.0,9,0.75,3.5,0.75,peak_dominated_buffer_limited,smoothing reduces peaks but available buffer remains too small,increase_buffer
larger_qft_n10,semi_real_qft_larger,0,10,2,0,delivery_aware_v2,32,32,36,1.125,4,7,7,1.875,60,13,1,13,0.40625,6,1.5,1.1902380714238083,4.0,2,48,32,0.9375,2.8125,3.0,3.0,0.0625,0.9375,0.0,9,0.75,3.0,0.75,peak_dominated_buffer_limited,smoothing reduces peaks but available buffer remains too small,increase_buffer
larger_qft_n10,semi_real_qft_larger,0,10,2,0,robust_smooth,32,50,50,1.5625,0,0,0,0.0,0,0,0,0,0.0,5,0.96,1.0817295821455974,5.208333333333334,1,48,32,0.9375,2.8125,3.0,3.0,0.0625,0.9375,0.0,9,0.48,2.5,0.75,peak_dominated_buffer_limited,smoothing reduces peaks but available buffer remains too small,increase_buffer
larger_qft_n10,semi_real_qft_larger,0,10,2,4,static,32,32,37,1.15625,5,13,9,2.5625,82,15,2,14,0.46875,9,1.5,1.7716909687891083,6.0,1,48,32,0.9375,2.8125,3.0,3.0,0.0625,0.9375,0.0,9,0.75,4.5,0.7058823529411765,peak_dominated_buffer_limited,smoothing reduces peaks but available buffer remains too small,increase_buffer
larger_qft_n10,semi_real_qft_larger,0,10,2,4,capacity_aware,32,38,38,1.1875,0,0,0,0.0,0,0,0,0,0.0,2,1.263157894736842,0.7418539089485356,1.5833333333333335,23,48,32,0.9375,2.8125,3.0,3.0,0.0625,0.9375,0.0,9,0.631578947368421,1.0,0.7058823529411765,peak_dominated_buffer_limited,smoothing reduces peaks but available buffer remains too small,increase_buffer
larger_qft_n10,semi_real_qft_larger,0,10,2,4,smooth,32,32,34,1.0625,2,7,3,0.375,12,6,2,5,0.1875,7,1.5,1.3540064007726602,4.666666666666667,1,48,32,0.9375,2.8125,3.0,3.0,0.0625,0.9375,0.0,9,0.75,3.5,0.7058823529411765,peak_dominated_buffer_limited,smoothing reduces peaks but available buffer remains too small,increase_buffer
larger_qft_n10,semi_real_qft_larger,0,10,2,4,delivery_aware_v2,32,32,34,1.0625,2,7,3,0.40625,13,6,2,5,0.1875,5,1.5,1.0408329997330663,3.3333333333333335,1,48,32,0.9375,2.8125,3.0,3.0,0.0625,0.9375,0.0,9,0.75,2.5,0.7058823529411765,peak_dominated_buffer_limited,smoothing reduces peaks but available buffer remains too small,increase_buffer
larger_qft_n10,semi_real_qft_larger,0,10,2,4,robust_smooth,32,50,50,1.5625,0,0,0,0.0,0,0,0,0,0.0,5,0.96,1.0817295821455974,5.208333333333334,1,48,32,0.9375,2.8125,3.0,3.0,0.0625,0.9375,0.0,9,0.48,2.5,0.7058823529411765,peak_dominated_buffer_limited,smoothing reduces peaks but available buffer remains too small,increase_buffer
larger_qft_n10,semi_real_qft_larger,0,10,2,8,static,32,32,35,1.09375,3,13,5,0.90625,29,10,2,9,0.3125,9,1.5,1.7716909687891083,6.0,1,48,32,0.9375,2.8125,3.0,3.0,0.0625,0.9375,0.0,9,0.75,4.5,0.6666666666666666,peak_dominated_smooth_solvable,slack smoothing removes burst-induced backlog,smooth
larger_qft_n10,semi_real_qft_larger,0,10,2,8,capacity_aware,32,38,38,1.1875,0,0,0,0.0,0,0,0,0,0.0,2,1.263157894736842,0.7418539089485356,1.5833333333333335,23,48,32,0.9375,2.8125,3.0,3.0,0.0625,0.9375,0.0,9,0.631578947368421,1.0,0.6666666666666666,peak_dominated_smooth_solvable,slack smoothing removes burst-induced backlog,smooth
larger_qft_n10,semi_real_qft_larger,0,10,2,8,smooth,32,32,32,1.0,0,7,0,0.0,0,0,0,0,0.0,7,1.5,1.3540064007726602,4.666666666666667,1,48,32,0.9375,2.8125,3.0,3.0,0.0625,0.9375,0.0,9,0.75,3.5,0.6666666666666666,peak_dominated_smooth_solvable,slack smoothing removes burst-induced backlog,smooth
larger_qft_n10,semi_real_qft_larger,0,10,2,8,delivery_aware_v2,32,32,32,1.0,0,7,0,0.0,0,0,0,0,0.0,4,1.5,0.9428090415820635,2.6666666666666665,2,48,32,0.9375,2.8125,3.0,3.0,0.0625,0.9375,0.0,9,0.75,2.0,0.6666666666666666,peak_dominated_smooth_solvable,slack smoothing removes burst-induced backlog,smooth
larger_qft_n10,semi_real_qft_larger,0,10,2,8,robust_smooth,32,50,50,1.5625,0,0,0,0.0,0,0,0,0,0.0,5,0.96,1.0817295821455974,5.208333333333334,1,48,32,0.9375,2.8125,3.0,3.0,0.0625,0.9375,0.0,9,0.48,2.5,0.6666666666666666,peak_dominated_smooth_solvable,slack smoothing removes burst-induced backlog,smooth
larger_qft_n10,semi_real_qft_larger,0,10,2,16,static,32,32,32,1.0,0,13,0,0.0,0,0,0,0,0.0,9,1.5,1.7716909687891083,6.0,1,48,32,0.9375,2.8125,3.0,3.0,0.0625,0.9375,0.0,9,0.75,4.5,0.6,no_delivery_bottleneck,static execution already meets delivery constraints,none
larger_qft_n10,semi_real_qft_larger,0,10,2,16,capacity_aware,32,38,38,1.1875,0,0,0,0.0,0,0,0,0,0.0,2,1.263157894736842,0.7418539089485356,1.5833333333333335,23,48,32,0.9375,2.8125,3.0,3.0,0.0625,0.9375,0.0,9,0.631578947368421,1.0,0.6,no_delivery_bottleneck,static execution already meets delivery constraints,none
larger_qft_n10,semi_real_qft_larger,0,10,2,16,smooth,32,32,32,1.0,0,7,0,0.0,0,0,0,0,0.0,7,1.5,1.3540064007726602,4.666666666666667,1,48,32,0.9375,2.8125,3.0,3.0,0.0625,0.9375,0.0,9,0.75,3.5,0.6,no_delivery_bottleneck,static execution already meets delivery constraints,none
larger_qft_n10,semi_real_qft_larger,0,10,2,16,delivery_aware_v2,32,32,32,1.0,0,9,0,0.0,0,0,0,0,0.0,4,1.5,0.9860132971832694,2.6666666666666665,3,48,32,0.9375,2.8125,3.0,3.0,0.0625,0.9375,0.0,9,0.75,2.0,0.6,no_delivery_bottleneck,static execution already meets delivery constraints,none
larger_qft_n10,semi_real_qft_larger,0,10,2,16,robust_smooth,32,50,50,1.5625,0,0,0,0.0,0,0,0,0,0.0,5,0.96,1.0817295821455974,5.208333333333334,1,48,32,0.9375,2.8125,3.0,3.0,0.0625,0.9375,0.0,9,0.48,2.5,0.6,no_delivery_bottleneck,static execution already meets delivery constraints,none
larger_qft_n10,semi_real_qft_larger,0,10,3,0,static,32,32,33,1.03125,1,1,1,0.09375,3,3,3,1,0.09375,9,1.5,1.7716909687891083,6.0,1,48,32,0.9375,2.8125,3.0,3.0,0.0625,0.9375,0.0,9,0.5,3.0,0.5,peak_dominated_smooth_solvable,slack smoothing removes burst-induced backlog,smooth
larger_qft_n10,semi_real_qft_larger,0,10,3,0,capacity_aware,32,33,33,1.03125,0,0,0,0.0,0,0,0,0,0.0,3,1.4545454545454546,0.9587861249169877,2.0625,14,48,32,0.9375,2.8125,3.0,3.0,0.0625,0.9375,0.0,9,0.48484848484848486,1.0,0.5,peak_dominated_smooth_solvable,slack smoothing removes burst-induced backlog,smooth
larger_qft_n10,semi_real_qft_larger,0,10,3,0,smooth,32,32,32,1.0,0,0,0,0.0,0,0,0,0,0.0,7,1.5,1.3642254619787417,4.666666666666667,1,48,32,0.9375,2.8125,3.0,3.0,0.0625,0.9375,0.0,9,0.5,2.3333333333333335,0.5,peak_dominated_smooth_solvable,slack smoothing removes burst-induced backlog,smooth
larger_qft_n10,semi_real_qft_larger,0,10,3,0,delivery_aware_v2,32,32,32,1.0,0,0,0,0.0,0,0,0,0,0.0,4,1.5,0.9718253158075502,2.6666666666666665,1,48,32,0.9375,2.8125,3.0,3.0,0.0625,0.9375,0.0,9,0.5,1.3333333333333333,0.5,peak_dominated_smooth_solvable,slack smoothing removes burst-induced backlog,smooth
larger_qft_n10,semi_real_qft_larger,0,10,3,0,robust_smooth,32,32,32,1.0,0,0,0,0.0,0,0,0,0,0.0,7,1.5,1.3540064007726602,4.666666666666667,1,48,32,0.9375,2.8125,3.0,3.0,0.0625,0.9375,0.0,9,0.5,2.3333333333333335,0.5,peak_dominated_smooth_solvable,slack smoothing removes burst-induced backlog,smooth
larger_qft_n10,semi_real_qft_larger,0,10,3,4,static,32,32,32,1.0,0,1,0,0.0,0,0,0,0,0.0,9,1.5,1.7716909687891083,6.0,1,48,32,0.9375,2.8125,3.0,3.0,0.0625,0.9375,0.0,9,0.5,3.0,0.48,no_delivery_bottleneck,static execution already meets delivery constraints,none
larger_qft_n10,semi_real_qft_larger,0,10,3,4,capacity_aware,32,33,33,1.03125,0,0,0,0.0,0,0,0,0,0.0,3,1.4545454545454546,0.9587861249169877,2.0625,14,48,32,0.9375,2.8125,3.0,3.0,0.0625,0.9375,0.0,9,0.48484848484848486,1.0,0.48,no_delivery_bottleneck,static execution already meets delivery constraints,none
larger_qft_n10,semi_real_qft_larger,0,10,3,4,smooth,32,32,32,1.0,0,0,0,0.0,0,0,0,0,0.0,7,1.5,1.3642254619787417,4.666666666666667,1,48,32,0.9375,2.8125,3.0,3.0,0.0625,0.9375,0.0,9,0.5,2.3333333333333335,0.48,no_delivery_bottleneck,static execution already meets delivery constraints,none
larger_qft_n10,semi_real_qft_larger,0,10,3,4,delivery_aware_v2,32,32,32,1.0,0,0,0,0.0,0,0,0,0,0.0,5,1.5,1.2692955176439848,3.3333333333333335,5,48,32,0.9375,2.8125,3.0,3.0,0.0625,0.9375,0.0,9,0.5,1.6666666666666667,0.48,no_delivery_bottleneck,static execution already meets delivery constraints,none
larger_qft_n10,semi_real_qft_larger,0,10,3,4,robust_smooth,32,32,32,1.0,0,0,0,0.0,0,0,0,0,0.0,7,1.5,1.3540064007726602,4.666666666666667,1,48,32,0.9375,2.8125,3.0,3.0,0.0625,0.9375,0.0,9,0.5,2.3333333333333335,0.48,no_delivery_bottleneck,static execution already meets delivery constraints,none
larger_qft_n10,semi_real_qft_larger,0,10,3,8,static,32,32,32,1.0,0,1,0,0.0,0,0,0,0,0.0,9,1.5,1.7716909687891083,6.0,1,48,32,0.9375,2.8125,3.0,3.0,0.0625,0.9375,0.0,9,0.5,3.0,0.46153846153846156,no_delivery_bottleneck,static execution already meets delivery constraints,none
larger_qft_n10,semi_real_qft_larger,0,10,3,8,capacity_aware,32,33,33,1.03125,0,0,0,0.0,0,0,0,0,0.0,3,1.4545454545454546,0.9587861249169877,2.0625,14,48,32,0.9375,2.8125,3.0,3.0,0.0625,0.9375,0.0,9,0.48484848484848486,1.0,0.46153846153846156,no_delivery_bottleneck,static execution already meets delivery constraints,none
larger_qft_n10,semi_real_qft_larger,0,10,3,8,smooth,32,32,32,1.0,0,0,0,0.0,0,0,0,0,0.0,7,1.5,1.3642254619787417,4.666666666666667,1,48,32,0.9375,2.8125,3.0,3.0,0.0625,0.9375,0.0,9,0.5,2.3333333333333335,0.46153846153846156,no_delivery_bottleneck,static execution already meets delivery constraints,none
larger_qft_n10,semi_real_qft_larger,0,10,3,8,delivery_aware_v2,32,32,32,1.0,0,0,0,0.0,0,0,0,0,0.0,5,1.5,1.2692955176439848,3.3333333333333335,5,48,32,0.9375,2.8125,3.0,3.0,0.0625,0.9375,0.0,9,0.5,1.6666666666666667,0.46153846153846156,no_delivery_bottleneck,static execution already meets delivery constraints,none
larger_qft_n10,semi_real_qft_larger,0,10,3,8,robust_smooth,32,32,32,1.0,0,0,0,0.0,0,0,0,0,0.0,7,1.5,1.3540064007726602,4.666666666666667,1,48,32,0.9375,2.8125,3.0,3.0,0.0625,0.9375,0.0,9,0.5,2.3333333333333335,0.46153846153846156,no_delivery_bottleneck,static execution already meets delivery constraints,none
larger_qft_n10,semi_real_qft_larger,0,10,3,16,static,32,32,32,1.0,0,1,0,0.0,0,0,0,0,0.0,9,1.5,1.7716909687891083,6.0,1,48,32,0.9375,2.8125,3.0,3.0,0.0625,0.9375,0.0,9,0.5,3.0,0.42857142857142855,no_delivery_bottleneck,static execution already meets delivery constraints,none
larger_qft_n10,semi_real_qft_larger,0,10,3,16,capacity_aware,32,33,33,1.03125,0,0,0,0.0,0,0,0,0,0.0,3,1.4545454545454546,0.9587861249169877,2.0625,14,48,32,0.9375,2.8125,3.0,3.0,0.0625,0.9375,0.0,9,0.48484848484848486,1.0,0.42857142857142855,no_delivery_bottleneck,static execution already meets delivery constraints,none
larger_qft_n10,semi_real_qft_larger,0,10,3,16,smooth,32,32,32,1.0,0,0,0,0.0,0,0,0,0,0.0,7,1.5,1.3642254619787417,4.666666666666667,1,48,32,0.9375,2.8125,3.0,3.0,0.0625,0.9375,0.0,9,0.5,2.3333333333333335,0.42857142857142855,no_delivery_bottleneck,static execution already meets delivery constraints,none
larger_qft_n10,semi_real_qft_larger,0,10,3,16,delivery_aware_v2,32,32,32,1.0,0,0,0,0.0,0,0,0,0,0.0,5,1.5,1.2692955176439848,3.3333333333333335,5,48,32,0.9375,2.8125,3.0,3.0,0.0625,0.9375,0.0,9,0.5,1.6666666666666667,0.42857142857142855,no_delivery_bottleneck,static execution already meets delivery constraints,none
larger_qft_n10,semi_real_qft_larger,0,10,3,16,robust_smooth,32,32,32,1.0,0,0,0,0.0,0,0,0,0,0.0,7,1.5,1.3540064007726602,4.666666666666667,1,48,32,0.9375,2.8125,3.0,3.0,0.0625,0.9375,0.0,9,0.5,2.3333333333333335,0.42857142857142855,no_delivery_bottleneck,static execution already meets delivery constraints,none
larger_qft_n10,semi_real_qft_larger,0,10,4,0,static,32,32,32,1.0,0,0,0,0.0,0,0,0,0,0.0,9,1.5,1.7716909687891083,6.0,1,48,32,0.9375,2.8125,3.0,3.0,0.0625,0.9375,0.0,9,0.375,2.25,0.375,no_delivery_bottleneck,static execution already meets delivery constraints,none
larger_qft_n10,semi_real_qft_larger,0,10,4,0,capacity_aware,32,32,32,1.0,0,0,0,0.0,0,0,0,0,0.0,4,1.5,1.1547005383792515,2.6666666666666665,9,48,32,0.9375,2.8125,3.0,3.0,0.0625,0.9375,0.0,9,0.375,1.0,0.375,no_delivery_bottleneck,static execution already meets delivery constraints,none
larger_qft_n10,semi_real_qft_larger,0,10,4,0,smooth,32,32,32,1.0,0,0,0,0.0,0,0,0,0,0.0,7,1.5,1.3844373104863459,4.666666666666667,1,48,32,0.9375,2.8125,3.0,3.0,0.0625,0.9375,0.0,9,0.375,1.75,0.375,no_delivery_bottleneck,static execution already meets delivery constraints,none
larger_qft_n10,semi_real_qft_larger,0,10,4,0,delivery_aware_v2,32,32,32,1.0,0,0,0,0.0,0,0,0,0,0.0,4,1.5,1.1547005383792515,2.6666666666666665,9,48,32,0.9375,2.8125,3.0,3.0,0.0625,0.9375,0.0,9,0.375,1.0,0.375,no_delivery_bottleneck,static execution already meets delivery constraints,none
larger_qft_n10,semi_real_qft_larger,0,10,4,0,robust_smooth,32,32,32,1.0,0,0,0,0.0,0,0,0,0,0.0,7,1.5,1.3642254619787417,4.666666666666667,1,48,32,0.9375,2.8125,3.0,3.0,0.0625,0.9375,0.0,9,0.375,1.75,0.375,no_delivery_bottleneck,static execution already meets delivery constraints,none
larger_qft_n10,semi_real_qft_larger,0,10,4,4,static,32,32,32,1.0,0,0,0,0.0,0,0,0,0,0.0,9,1.5,1.7716909687891083,6.0,1,48,32,0.9375,2.8125,3.0,3.0,0.0625,0.9375,0.0,9,0.375,2.25,0.36363636363636365,no_delivery_bottleneck,static execution already meets delivery constraints,none
larger_qft_n10,semi_real_qft_larger,0,10,4,4,capacity_aware,32,32,32,1.0,0,0,0,0.0,0,0,0,0,0.0,4,1.5,1.1547005383792515,2.6666666666666665,9,48,32,0.9375,2.8125,3.0,3.0,0.0625,0.9375,0.0,9,0.375,1.0,0.36363636363636365,no_delivery_bottleneck,static execution already meets delivery constraints,none
larger_qft_n10,semi_real_qft_larger,0,10,4,4,smooth,32,32,32,1.0,0,0,0,0.0,0,0,0,0,0.0,7,1.5,1.3844373104863459,4.666666666666667,1,48,32,0.9375,2.8125,3.0,3.0,0.0625,0.9375,0.0,9,0.375,1.75,0.36363636363636365,no_delivery_bottleneck,static execution already meets delivery constraints,none
larger_qft_n10,semi_real_qft_larger,0,10,4,4,delivery_aware_v2,32,32,32,1.0,0,0,0,0.0,0,0,0,0,0.0,6,1.5,1.4624940645653537,4.0,5,48,32,0.9375,2.8125,3.0,3.0,0.0625,0.9375,0.0,9,0.375,1.5,0.36363636363636365,no_delivery_bottleneck,static execution already meets delivery constraints,none
larger_qft_n10,semi_real_qft_larger,0,10,4,4,robust_smooth,32,32,32,1.0,0,0,0,0.0,0,0,0,0,0.0,7,1.5,1.3642254619787417,4.666666666666667,1,48,32,0.9375,2.8125,3.0,3.0,0.0625,0.9375,0.0,9,0.375,1.75,0.36363636363636365,no_delivery_bottleneck,static execution already meets delivery constraints,none
larger_qft_n10,semi_real_qft_larger,0,10,4,8,static,32,32,32,1.0,0,0,0,0.0,0,0,0,0,0.0,9,1.5,1.7716909687891083,6.0,1,48,32,0.9375,2.8125,3.0,3.0,0.0625,0.9375,0.0,9,0.375,2.25,0.35294117647058826,no_delivery_bottleneck,static execution already meets delivery constraints,none
larger_qft_n10,semi_real_qft_larger,0,10,4,8,capacity_aware,32,32,32,1.0,0,0,0,0.0,0,0,0,0,0.0,4,1.5,1.1547005383792515,2.6666666666666665,9,48,32,0.9375,2.8125,3.0,3.0,0.0625,0.9375,0.0,9,0.375,1.0,0.35294117647058826,no_delivery_bottleneck,static execution already meets delivery constraints,none
larger_qft_n10,semi_real_qft_larger,0,10,4,8,smooth,32,32,32,1.0,0,0,0,0.0,0,0,0,0,0.0,7,1.5,1.3844373104863459,4.666666666666667,1,48,32,0.9375,2.8125,3.0,3.0,0.0625,0.9375,0.0,9,0.375,1.75,0.35294117647058826,no_delivery_bottleneck,static execution already meets delivery constraints,none
larger_qft_n10,semi_real_qft_larger,0,10,4,8,delivery_aware_v2,32,32,32,1.0,0,0,0,0.0,0,0,0,0,0.0,6,1.5,1.4624940645653537,4.0,5,48,32,0.9375,2.8125,3.0,3.0,0.0625,0.9375,0.0,9,0.375,1.5,0.35294117647058826,no_delivery_bottleneck,static execution already meets delivery constraints,none
larger_qft_n10,semi_real_qft_larger,0,10,4,8,robust_smooth,32,32,32,1.0,0,0,0,0.0,0,0,0,0,0.0,7,1.5,1.3642254619787417,4.666666666666667,1,48,32,0.9375,2.8125,3.0,3.0,0.0625,0.9375,0.0,9,0.375,1.75,0.35294117647058826,no_delivery_bottleneck,static execution already meets delivery constraints,none
larger_qft_n10,semi_real_qft_larger,0,10,4,16,static,32,32,32,1.0,0,0,0,0.0,0,0,0,0,0.0,9,1.5,1.7716909687891083,6.0,1,48,32,0.9375,2.8125,3.0,3.0,0.0625,0.9375,0.0,9,0.375,2.25,0.3333333333333333,no_delivery_bottleneck,static execution already meets delivery constraints,none
larger_qft_n10,semi_real_qft_larger,0,10,4,16,capacity_aware,32,32,32,1.0,0,0,0,0.0,0,0,0,0,0.0,4,1.5,1.1547005383792515,2.6666666666666665,9,48,32,0.9375,2.8125,3.0,3.0,0.0625,0.9375,0.0,9,0.375,1.0,0.3333333333333333,no_delivery_bottleneck,static execution already meets delivery constraints,none
larger_qft_n10,semi_real_qft_larger,0,10,4,16,smooth,32,32,32,1.0,0,0,0,0.0,0,0,0,0,0.0,7,1.5,1.3844373104863459,4.666666666666667,1,48,32,0.9375,2.8125,3.0,3.0,0.0625,0.9375,0.0,9,0.375,1.75,0.3333333333333333,no_delivery_bottleneck,static execution already meets delivery constraints,none
larger_qft_n10,semi_real_qft_larger,0,10,4,16,delivery_aware_v2,32,32,32,1.0,0,0,0,0.0,0,0,0,0,0.0,6,1.5,1.4624940645653537,4.0,5,48,32,0.9375,2.8125,3.0,3.0,0.0625,0.9375,0.0,9,0.375,1.5,0.3333333333333333,no_delivery_bottleneck,static execution already meets delivery constraints,none
larger_qft_n10,semi_real_qft_larger,0,10,4,16,robust_smooth,32,32,32,1.0,0,0,0,0.0,0,0,0,0,0.0,7,1.5,1.3642254619787417,4.666666666666667,1,48,32,0.9375,2.8125,3.0,3.0,0.0625,0.9375,0.0,9,0.375,1.75,0.3333333333333333,no_delivery_bottleneck,static execution already meets delivery constraints,none
larger_qft_n10,semi_real_qft_larger,0,10,5,0,static,32,32,32,1.0,0,0,0,0.0,0,0,0,0,0.0,9,1.5,1.7716909687891083,6.0,1,48,32,0.9375,2.8125,3.0,3.0,0.0625,0.9375,0.0,9,0.3,1.8,0.3,no_delivery_bottleneck,static execution already meets delivery constraints,none
larger_qft_n10,semi_real_qft_larger,0,10,5,0,capacity_aware,32,32,32,1.0,0,0,0,0.0,0,0,0,0,0.0,5,1.5,1.2692955176439848,3.3333333333333335,5,48,32,0.9375,2.8125,3.0,3.0,0.0625,0.9375,0.0,9,0.3,1.0,0.3,no_delivery_bottleneck,static execution already meets delivery constraints,none
larger_qft_n10,semi_real_qft_larger,0,10,5,0,smooth,32,32,32,1.0,0,0,0,0.0,0,0,0,0,0.0,7,1.5,1.4043582955293932,4.666666666666667,1,48,32,0.9375,2.8125,3.0,3.0,0.0625,0.9375,0.0,9,0.3,1.4,0.3,no_delivery_bottleneck,static execution already meets delivery constraints,none
larger_qft_n10,semi_real_qft_larger,0,10,5,0,delivery_aware_v2,32,32,32,1.0,0,0,0,0.0,0,0,0,0,0.0,5,1.5,1.2692955176439848,3.3333333333333335,5,48,32,0.9375,2.8125,3.0,3.0,0.0625,0.9375,0.0,9,0.3,1.0,0.3,no_delivery_bottleneck,static execution already meets delivery constraints,none
larger_qft_n10,semi_real_qft_larger,0,10,5,0,robust_smooth,32,32,32,1.0,0,0,0,0.0,0,0,0,0,0.0,7,1.5,1.3844373104863459,4.666666666666667,1,48,32,0.9375,2.8125,3.0,3.0,0.0625,0.9375,0.0,9,0.3,1.4,0.3,no_delivery_bottleneck,static execution already meets delivery constraints,none
larger_qft_n10,semi_real_qft_larger,0,10,5,4,static,32,32,32,1.0,0,0,0,0.0,0,0,0,0,0.0,9,1.5,1.7716909687891083,6.0,1,48,32,0.9375,2.8125,3.0,3.0,0.0625,0.9375,0.0,9,0.3,1.8,0.2926829268292683,no_delivery_bottleneck,static execution already meets delivery constraints,none
larger_qft_n10,semi_real_qft_larger,0,10,5,4,capacity_aware,32,32,32,1.0,0,0,0,0.0,0,0,0,0,0.0,5,1.5,1.2692955176439848,3.3333333333333335,5,48,32,0.9375,2.8125,3.0,3.0,0.0625,0.9375,0.0,9,0.3,1.0,0.2926829268292683,no_delivery_bottleneck,static execution already meets delivery constraints,none
larger_qft_n10,semi_real_qft_larger,0,10,5,4,smooth,32,32,32,1.0,0,0,0,0.0,0,0,0,0,0.0,7,1.5,1.4043582955293932,4.666666666666667,1,48,32,0.9375,2.8125,3.0,3.0,0.0625,0.9375,0.0,9,0.3,1.4,0.2926829268292683,no_delivery_bottleneck,static execution already meets delivery constraints,none
larger_qft_n10,semi_real_qft_larger,0,10,5,4,delivery_aware_v2,32,32,32,1.0,0,0,0,0.0,0,0,0,0,0.0,7,1.5,1.5986105077709063,4.666666666666667,3,48,32,0.9375,2.8125,3.0,3.0,0.0625,0.9375,0.0,9,0.3,1.4,0.2926829268292683,no_delivery_bottleneck,static execution already meets delivery constraints,none
larger_qft_n10,semi_real_qft_larger,0,10,5,4,robust_smooth,32,32,32,1.0,0,0,0,0.0,0,0,0,0,0.0,7,1.5,1.3844373104863459,4.666666666666667,1,48,32,0.9375,2.8125,3.0,3.0,0.0625,0.9375,0.0,9,0.3,1.4,0.2926829268292683,no_delivery_bottleneck,static execution already meets delivery constraints,none
larger_qft_n10,semi_real_qft_larger,0,10,5,8,static,32,32,32,1.0,0,0,0,0.0,0,0,0,0,0.0,9,1.5,1.7716909687891083,6.0,1,48,32,0.9375,2.8125,3.0,3.0,0.0625,0.9375,0.0,9,0.3,1.8,0.2857142857142857,no_delivery_bottleneck,static execution already meets delivery constraints,none
larger_qft_n10,semi_real_qft_larger,0,10,5,8,capacity_aware,32,32,32,1.0,0,0,0,0.0,0,0,0,0,0.0,5,1.5,1.2692955176439848,3.3333333333333335,5,48,32,0.9375,2.8125,3.0,3.0,0.0625,0.9375,0.0,9,0.3,1.0,0.2857142857142857,no_delivery_bottleneck,static execution already meets delivery constraints,none
larger_qft_n10,semi_real_qft_larger,0,10,5,8,smooth,32,32,32,1.0,0,0,0,0.0,0,0,0,0,0.0,7,1.5,1.4043582955293932,4.666666666666667,1,48,32,0.9375,2.8125,3.0,3.0,0.0625,0.9375,0.0,9,0.3,1.4,0.2857142857142857,no_delivery_bottleneck,static execution already meets delivery constraints,none
larger_qft_n10,semi_real_qft_larger,0,10,5,8,delivery_aware_v2,32,32,32,1.0,0,0,0,0.0,0,0,0,0,0.0,7,1.5,1.5986105077709063,4.666666666666667,3,48,32,0.9375,2.8125,3.0,3.0,0.0625,0.9375,0.0,9,0.3,1.4,0.2857142857142857,no_delivery_bottleneck,static execution already meets delivery constraints,none
larger_qft_n10,semi_real_qft_larger,0,10,5,8,robust_smooth,32,32,32,1.0,0,0,0,0.0,0,0,0,0,0.0,7,1.5,1.3844373104863459,4.666666666666667,1,48,32,0.9375,2.8125,3.0,3.0,0.0625,0.9375,0.0,9,0.3,1.4,0.2857142857142857,no_delivery_bottleneck,static execution already meets delivery constraints,none
larger_qft_n10,semi_real_qft_larger,0,10,5,16,static,32,32,32,1.0,0,0,0,0.0,0,0,0,0,0.0,9,1.5,1.7716909687891083,6.0,1,48,32,0.9375,2.8125,3.0,3.0,0.0625,0.9375,0.0,9,0.3,1.8,0.2727272727272727,no_delivery_bottleneck,static execution already meets delivery constraints,none
larger_qft_n10,semi_real_qft_larger,0,10,5,16,capacity_aware,32,32,32,1.0,0,0,0,0.0,0,0,0,0,0.0,5,1.5,1.2692955176439848,3.3333333333333335,5,48,32,0.9375,2.8125,3.0,3.0,0.0625,0.9375,0.0,9,0.3,1.0,0.2727272727272727,no_delivery_bottleneck,static execution already meets delivery constraints,none
larger_qft_n10,semi_real_qft_larger,0,10,5,16,smooth,32,32,32,1.0,0,0,0,0.0,0,0,0,0,0.0,7,1.5,1.4043582955293932,4.666666666666667,1,48,32,0.9375,2.8125,3.0,3.0,0.0625,0.9375,0.0,9,0.3,1.4,0.2727272727272727,no_delivery_bottleneck,static execution already meets delivery constraints,none
larger_qft_n10,semi_real_qft_larger,0,10,5,16,delivery_aware_v2,32,32,32,1.0,0,0,0,0.0,0,0,0,0,0.0,7,1.5,1.5986105077709063,4.666666666666667,3,48,32,0.9375,2.8125,3.0,3.0,0.0625,0.9375,0.0,9,0.3,1.4,0.2727272727272727,no_delivery_bottleneck,static execution already meets delivery constraints,none
larger_qft_n10,semi_real_qft_larger,0,10,5,16,robust_smooth,32,32,32,1.0,0,0,0,0.0,0,0,0,0,0.0,7,1.5,1.3844373104863459,4.666666666666667,1,48,32,0.9375,2.8125,3.0,3.0,0.0625,0.9375,0.0,9,0.3,1.4,0.2727272727272727,no_delivery_bottleneck,static execution already meets delivery constraints,none
approx_qft_n16,semi_real_qft_larger,0,16,1,0,static,50,50,95,1.9,45,45,45,25.0,1250,47,1,47,0.94,15,1.18,3.100768593732189,12.711864406779661,1,59,50,0.9152542372881356,5.491525423728813,6,6.0,0.0847457627118644,0.9152542372881356,0.9152542372881356,15,1.18,15.0,1.18,persistent_underprovisioning,average T demand is too close to available delivery supply,increase_capacity
approx_qft_n16,semi_real_qft_larger,0,16,1,0,capacity_aware,50,92,92,1.84,0,0,0,0.0,0,0,0,0,0.0,1,0.6413043478260869,0.7478783550139054,1.5593220338983051,59,59,50,0.9152542372881356,5.491525423728813,6,6.0,0.0847457627118644,0.9152542372881356,0.9152542372881356,15,0.6413043478260869,1.0,1.18,persistent_underprovisioning,average T demand is too close to available delivery supply,increase_capacity
approx_qft_n16,semi_real_qft_larger,0,16,1,0,smooth,50,61,90,1.8,29,29,29,8.557377049180328,522,36,1,36,0.5901639344262295,13,0.9672131147540983,2.580282336811534,13.440677966101696,1,59,50,0.9152542372881356,5.491525423728813,6,6.0,0.0847457627118644,0.9152542372881356,0.9152542372881356,15,0.9672131147540983,13.0,1.18,persistent_underprovisioning,average T demand is too close to available delivery supply,increase_capacity
approx_qft_n16,semi_real_qft_larger,0,16,1,0,delivery_aware_v2,50,61,90,1.8,29,29,29,8.557377049180328,522,36,1,36,0.5901639344262295,13,0.9672131147540983,2.580282336811534,13.440677966101696,1,59,50,0.9152542372881356,5.491525423728813,6,6.0,0.0847457627118644,0.9152542372881356,0.9152542372881356,15,0.9672131147540983,13.0,1.18,persistent_underprovisioning,average T demand is too close to available delivery supply,increase_capacity
approx_qft_n16,semi_real_qft_larger,0,16,1,0,robust_smooth,50,61,90,1.8,29,29,29,8.557377049180328,522,36,1,36,0.5901639344262295,13,0.9672131147540983,2.580282336811534,13.440677966101696,1,59,50,0.9152542372881356,5.491525423728813,6,6.0,0.0847457627118644,0.9152542372881356,0.9152542372881356,15,0.9672131147540983,13.0,1.18,persistent_underprovisioning,average T demand is too close to available delivery supply,increase_capacity
approx_qft_n16,semi_real_qft_larger,0,16,1,4,static,50,50,91,1.82,41,45,41,21.24,1062,47,1,47,0.94,15,1.18,3.100768593732189,12.711864406779661,1,59,50,0.9152542372881356,5.491525423728813,6,6.0,0.0847457627118644,0.9152542372881356,0.9152542372881356,15,1.18,15.0,1.0925925925925926,persistent_underprovisioning,average T demand is too close to available delivery supply,increase_capacity
approx_qft_n16,semi_real_qft_larger,0,16,1,4,capacity_aware,50,92,92,1.84,0,0,0,0.0,0,0,0,0,0.0,1,0.6413043478260869,0.7478783550139054,1.5593220338983051,59,59,50,0.9152542372881356,5.491525423728813,6,6.0,0.0847457627118644,0.9152542372881356,0.9152542372881356,15,0.6413043478260869,1.0,1.0925925925925926,persistent_underprovisioning,average T demand is too close to available delivery supply,increase_capacity
approx_qft_n16,semi_real_qft_larger,0,16,1,4,smooth,50,61,86,1.72,25,29,25,6.327868852459017,386,31,1,31,0.5081967213114754,13,0.9672131147540983,2.580282336811534,13.440677966101696,1,59,50,0.9152542372881356,5.491525423728813,6,6.0,0.0847457627118644,0.9152542372881356,0.9152542372881356,15,0.9672131147540983,13.0,1.0925925925925926,persistent_underprovisioning,average T demand is too close to available delivery supply,increase_capacity
approx_qft_n16,semi_real_qft_larger,0,16,1,4,delivery_aware_v2,50,61,86,1.72,25,29,25,6.327868852459017,386,31,1,31,0.5081967213114754,13,0.9672131147540983,2.389890611096616,13.440677966101696,1,59,50,0.9152542372881356,5.491525423728813,6,6.0,0.0847457627118644,0.9152542372881356,0.9152542372881356,15,0.9672131147540983,13.0,1.0925925925925926,persistent_underprovisioning,average T demand is too close to available delivery supply,increase_capacity
approx_qft_n16,semi_real_qft_larger,0,16,1,4,robust_smooth,50,61,86,1.72,25,29,25,6.327868852459017,386,31,1,31,0.5081967213114754,13,0.9672131147540983,2.580282336811534,13.440677966101696,1,59,50,0.9152542372881356,5.491525423728813,6,6.0,0.0847457627118644,0.9152542372881356,0.9152542372881356,15,0.9672131147540983,13.0,1.0925925925925926,persistent_underprovisioning,average T demand is too close to available delivery supply,increase_capacity
approx_qft_n16,semi_real_qft_larger,0,16,1,8,static,50,50,87,1.74,37,45,37,17.48,874,47,1,47,0.94,15,1.18,3.100768593732189,12.711864406779661,1,59,50,0.9152542372881356,5.491525423728813,6,6.0,0.0847457627118644,0.9152542372881356,0.9152542372881356,15,1.18,15.0,1.0172413793103448,persistent_underprovisioning,average T demand is too close to available delivery supply,increase_capacity
approx_qft_n16,semi_real_qft_larger,0,16,1,8,capacity_aware,50,92,92,1.84,0,0,0,0.0,0,0,0,0,0.0,1,0.6413043478260869,0.7478783550139054,1.5593220338983051,59,59,50,0.9152542372881356,5.491525423728813,6,6.0,0.0847457627118644,0.9152542372881356,0.9152542372881356,15,0.6413043478260869,1.0,1.0172413793103448,persistent_underprovisioning,average T demand is too close to available delivery supply,increase_capacity
approx_qft_n16,semi_real_qft_larger,0,16,1,8,smooth,50,61,82,1.64,21,29,21,4.426229508196721,270,25,1,25,0.4098360655737705,13,0.9672131147540983,2.580282336811534,13.440677966101696,1,59,50,0.9152542372881356,5.491525423728813,6,6.0,0.0847457627118644,0.9152542372881356,0.9152542372881356,15,0.9672131147540983,13.0,1.0172413793103448,persistent_underprovisioning,average T demand is too close to available delivery supply,increase_capacity
approx_qft_n16,semi_real_qft_larger,0,16,1,8,delivery_aware_v2,50,61,82,1.64,21,29,21,4.426229508196721,270,25,1,25,0.4098360655737705,12,0.9672131147540983,2.3078248917783495,12.40677966101695,2,59,50,0.9152542372881356,5.491525423728813,6,6.0,0.0847457627118644,0.9152542372881356,0.9152542372881356,15,0.9672131147540983,12.0,1.0172413793103448,persistent_underprovisioning,average T demand is too close to available delivery supply,increase_capacity
approx_qft_n16,semi_real_qft_larger,0,16,1,8,robust_smooth,50,61,82,1.64,21,29,21,4.426229508196721,270,25,1,25,0.4098360655737705,13,0.9672131147540983,2.580282336811534,13.440677966101696,1,59,50,0.9152542372881356,5.491525423728813,6,6.0,0.0847457627118644,0.9152542372881356,0.9152542372881356,15,0.9672131147540983,13.0,1.0172413793103448,persistent_underprovisioning,average T demand is too close to available delivery supply,increase_capacity
approx_qft_n16,semi_real_qft_larger,0,16,1,16,static,50,50,79,1.58,29,45,29,10.76,538,36,1,36,0.72,15,1.18,3.100768593732189,12.711864406779661,1,59,50,0.9152542372881356,5.491525423728813,6,6.0,0.0847457627118644,0.9152542372881356,0.9152542372881356,15,1.18,15.0,0.8939393939393939,peak_dominated_buffer_limited,smoothing reduces peaks but available buffer remains too small,increase_buffer
approx_qft_n16,semi_real_qft_larger,0,16,1,16,capacity_aware,50,92,92,1.84,0,0,0,0.0,0,0,0,0,0.0,1,0.6413043478260869,0.7478783550139054,1.5593220338983051,59,59,50,0.9152542372881356,5.491525423728813,6,6.0,0.0847457627118644,0.9152542372881356,0.9152542372881356,15,0.6413043478260869,1.0,0.8939393939393939,peak_dominated_buffer_limited,smoothing reduces peaks but available buffer remains too small,increase_buffer
approx_qft_n16,semi_real_qft_larger,0,16,1,16,smooth,50,61,74,1.48,13,29,13,1.6721311475409837,102,16,1,16,0.26229508196721313,13,0.9672131147540983,2.580282336811534,13.440677966101696,1,59,50,0.9152542372881356,5.491525423728813,6,6.0,0.0847457627118644,0.9152542372881356,0.9152542372881356,15,0.9672131147540983,13.0,0.8939393939393939,peak_dominated_buffer_limited,smoothing reduces peaks but available buffer remains too small,increase_buffer
approx_qft_n16,semi_real_qft_larger,0,16,1,16,delivery_aware_v2,50,61,74,1.48,13,29,13,1.6721311475409837,102,16,1,16,0.26229508196721313,12,0.9672131147540983,2.238443461327641,12.40677966101695,1,59,50,0.9152542372881356,5.491525423728813,6,6.0,0.0847457627118644,0.9152542372881356,0.9152542372881356,15,0.9672131147540983,12.0,0.8939393939393939,peak_dominated_buffer_limited,smoothing reduces peaks but available buffer remains too small,increase_buffer
approx_qft_n16,semi_real_qft_larger,0,16,1,16,robust_smooth,50,61,74,1.48,13,29,13,1.6721311475409837,102,16,1,16,0.26229508196721313,13,0.9672131147540983,2.580282336811534,13.440677966101696,1,59,50,0.9152542372881356,5.491525423728813,6,6.0,0.0847457627118644,0.9152542372881356,0.9152542372881356,15,0.9672131147540983,13.0,0.8939393939393939,peak_dominated_buffer_limited,smoothing reduces peaks but available buffer remains too small,increase_buffer
approx_qft_n16,semi_real_qft_larger,0,16,2,0,static,50,50,68,1.36,18,35,35,8.88,444,25,1,25,0.5,15,1.18,3.100768593732189,12.711864406779661,1,59,50,0.9152542372881356,5.491525423728813,6,6.0,0.0847457627118644,0.9152542372881356,0.9152542372881356,15,0.59,7.5,0.59,peak_dominated_buffer_limited,smoothing reduces peaks but available buffer remains too small,increase_buffer
approx_qft_n16,semi_real_qft_larger,0,16,2,0,capacity_aware,50,65,65,1.3,0,0,0,0.0,0,0,0,0,0.0,2,0.9076923076923077,1.0535776452827155,2.2033898305084745,27,59,50,0.9152542372881356,5.491525423728813,6,6.0,0.0847457627118644,0.9152542372881356,0.9152542372881356,15,0.45384615384615384,1.0,0.59,peak_dominated_buffer_limited,smoothing reduces peaks but available buffer remains too small,increase_buffer
approx_qft_n16,semi_real_qft_larger,0,16,2,0,smooth,50,50,62,1.24,12,24,24,4.04,202,17,1,17,0.34,14,1.18,2.645859888116491,11.864406779661017,1,59,50,0.9152542372881356,5.491525423728813,6,6.0,0.0847457627118644,0.9152542372881356,0.9152542372881356,15,0.59,7.0,0.59,peak_dominated_buffer_limited,smoothing reduces peaks but available buffer remains too small,increase_buffer
approx_qft_n16,semi_real_qft_larger,0,16,2,0,delivery_aware_v2,50,50,62,1.24,12,24,24,4.06,203,17,1,17,0.34,12,1.18,2.4189831458539164,10.16949152542373,3,59,50,0.9152542372881356,5.491525423728813,6,6.0,0.0847457627118644,0.9152542372881356,0.9152542372881356,15,0.59,6.0,0.59,peak_dominated_buffer_limited,smoothing reduces peaks but available buffer remains too small,increase_buffer
approx_qft_n16,semi_real_qft_larger,0,16,2,0,robust_smooth,50,61,62,1.24,1,2,2,0.03278688524590164,2,1,1,1,0.01639344262295082,13,0.9672131147540983,2.580282336811534,13.440677966101696,1,59,50,0.9152542372881356,5.491525423728813,6,6.0,0.0847457627118644,0.9152542372881356,0.9152542372881356,15,0.48360655737704916,6.5,0.59,peak_dominated_buffer_limited,smoothing reduces peaks but available buffer remains too small,increase_buffer
approx_qft_n16,semi_real_qft_larger,0,16,2,4,static,50,50,66,1.32,16,35,31,6.96,348,23,1,23,0.46,15,1.18,3.100768593732189,12.711864406779661,1,59,50,0.9152542372881356,5.491525423728813,6,6.0,0.0847457627118644,0.9152542372881356,0.9152542372881356,15,0.59,7.5,0.5673076923076923,peak_dominated_buffer_limited,smoothing reduces peaks but available buffer remains too small,increase_buffer
approx_qft_n16,semi_real_qft_larger,0,16,2,4,capacity_aware,50,65,65,1.3,0,0,0,0.0,0,0,0,0,0.0,2,0.9076923076923077,1.0535776452827155,2.2033898305084745,27,59,50,0.9152542372881356,5.491525423728813,6,6.0,0.0847457627118644,0.9152542372881356,0.9152542372881356,15,0.45384615384615384,1.0,0.5673076923076923,peak_dominated_buffer_limited,smoothing reduces peaks but available buffer remains too small,increase_buffer
approx_qft_n16,semi_real_qft_larger,0,16,2,4,smooth,50,50,60,1.2,10,24,20,2.76,138,15,1,15,0.3,14,1.18,2.645859888116491,11.864406779661017,1,59,50,0.9152542372881356,5.491525423728813,6,6.0,0.0847457627118644,0.9152542372881356,0.9152542372881356,15,0.59,7.0,0.5673076923076923,peak_dominated_buffer_limited,smoothing reduces peaks but available buffer remains too small,increase_buffer
approx_qft_n16,semi_real_qft_larger,0,16,2,4,delivery_aware_v2,50,50,60,1.2,10,24,20,2.78,139,15,1,15,0.3,12,1.18,2.1684981836069888,10.16949152542373,2,59,50,0.9152542372881356,5.491525423728813,6,6.0,0.0847457627118644,0.9152542372881356,0.9152542372881356,15,0.59,6.0,0.5673076923076923,peak_dominated_buffer_limited,smoothing reduces peaks but available buffer remains too small,increase_buffer
approx_qft_n16,semi_real_qft_larger,0,16,2,4,robust_smooth,50,61,61,1.22,0,2,0,0.0,0,0,0,0,0.0,13,0.9672131147540983,2.580282336811534,13.440677966101696,1,59,50,0.9152542372881356,5.491525423728813,6,6.0,0.0847457627118644,0.9152542372881356,0.9152542372881356,15,0.48360655737704916,6.5,0.5673076923076923,peak_dominated_buffer_limited,smoothing reduces peaks but available buffer remains too small,increase_buffer
approx_qft_n16,semi_real_qft_larger,0,16,2,8,static,50,50,64,1.28,14,35,27,5.24,262,19,1,19,0.38,15,1.18,3.100768593732189,12.711864406779661,1,59,50,0.9152542372881356,5.491525423728813,6,6.0,0.0847457627118644,0.9152542372881356,0.9152542372881356,15,0.59,7.5,0.5462962962962963,peak_dominated_buffer_limited,smoothing reduces peaks but available buffer remains too small,increase_buffer
approx_qft_n16,semi_real_qft_larger,0,16,2,8,capacity_aware,50,65,65,1.3,0,0,0,0.0,0,0,0,0,0.0,2,0.9076923076923077,1.0535776452827155,2.2033898305084745,27,59,50,0.9152542372881356,5.491525423728813,6,6.0,0.0847457627118644,0.9152542372881356,0.9152542372881356,15,0.45384615384615384,1.0,0.5462962962962963,peak_dominated_buffer_limited,smoothing reduces peaks but available buffer remains too small,increase_buffer
approx_qft_n16,semi_real_qft_larger,0,16,2,8,smooth,50,50,58,1.16,8,24,16,1.74,87,11,1,11,0.22,14,1.18,2.645859888116491,11.864406779661017,1,59,50,0.9152542372881356,5.491525423728813,6,6.0,0.0847457627118644,0.9152542372881356,0.9152542372881356,15,0.59,7.0,0.5462962962962963,peak_dominated_buffer_limited,smoothing reduces peaks but available buffer remains too small,increase_buffer
approx_qft_n16,semi_real_qft_larger,0,16,2,8,delivery_aware_v2,50,50,58,1.16,8,24,16,1.74,87,11,1,11,0.22,12,1.18,2.0597927898843147,10.16949152542373,1,59,50,0.9152542372881356,5.491525423728813,6,6.0,0.0847457627118644,0.9152542372881356,0.9152542372881356,15,0.59,6.0,0.5462962962962963,peak_dominated_buffer_limited,smoothing reduces peaks but available buffer remains too small,increase_buffer
approx_qft_n16,semi_real_qft_larger,0,16,2,8,robust_smooth,50,61,61,1.22,0,2,0,0.0,0,0,0,0,0.0,13,0.9672131147540983,2.580282336811534,13.440677966101696,1,59,50,0.9152542372881356,5.491525423728813,6,6.0,0.0847457627118644,0.9152542372881356,0.9152542372881356,15,0.48360655737704916,6.5,0.5462962962962963,peak_dominated_buffer_limited,smoothing reduces peaks but available buffer remains too small,increase_buffer
approx_qft_n16,semi_real_qft_larger,0,16,2,16,static,50,50,60,1.2,10,35,19,2.58,129,13,2,12,0.26,15,1.18,3.100768593732189,12.711864406779661,1,59,50,0.9152542372881356,5.491525423728813,6,6.0,0.0847457627118644,0.9152542372881356,0.9152542372881356,15,0.59,7.5,0.5086206896551724,peak_dominated_buffer_limited,smoothing reduces peaks but available buffer remains too small,increase_buffer
approx_qft_n16,semi_real_qft_larger,0,16,2,16,capacity_aware,50,65,65,1.3,0,0,0,0.0,0,0,0,0,0.0,2,0.9076923076923077,1.0535776452827155,2.2033898305084745,27,59,50,0.9152542372881356,5.491525423728813,6,6.0,0.0847457627118644,0.9152542372881356,0.9152542372881356,15,0.45384615384615384,1.0,0.5086206896551724,peak_dominated_buffer_limited,smoothing reduces peaks but available buffer remains too small,increase_buffer
approx_qft_n16,semi_real_qft_larger,0,16,2,16,smooth,50,50,54,1.08,4,24,8,0.4,20,4,1,4,0.08,14,1.18,2.645859888116491,11.864406779661017,1,59,50,0.9152542372881356,5.491525423728813,6,6.0,0.0847457627118644,0.9152542372881356,0.9152542372881356,15,0.59,7.0,0.5086206896551724,peak_dominated_buffer_limited,smoothing reduces peaks but available buffer remains too small,increase_buffer
approx_qft_n16,semi_real_qft_larger,0,16,2,16,delivery_aware_v2,50,50,54,1.08,4,24,8,0.4,20,4,1,4,0.08,10,1.18,1.9152542372881356,8.474576271186441,2,59,50,0.9152542372881356,5.491525423728813,6,6.0,0.0847457627118644,0.9152542372881356,0.9152542372881356,15,0.59,5.0,0.5086206896551724,peak_dominated_buffer_limited,smoothing reduces peaks but available buffer remains too small,increase_buffer
approx_qft_n16,semi_real_qft_larger,0,16,2,16,robust_smooth,50,61,61,1.22,0,2,0,0.0,0,0,0,0,0.0,13,0.9672131147540983,2.580282336811534,13.440677966101696,1,59,50,0.9152542372881356,5.491525423728813,6,6.0,0.0847457627118644,0.9152542372881356,0.9152542372881356,15,0.48360655737704916,6.5,0.5086206896551724,peak_dominated_buffer_limited,smoothing reduces peaks but available buffer remains too small,increase_buffer
approx_qft_n16,semi_real_qft_larger,0,16,3,0,static,50,50,59,1.18,9,25,25,3.68,184,15,1,15,0.3,15,1.18,3.100768593732189,12.711864406779661,1,59,50,0.9152542372881356,5.491525423728813,6,6.0,0.0847457627118644,0.9152542372881356,0.9152542372881356,15,0.3933333333333333,5.0,0.3933333333333333,peak_dominated_buffer_limited,smoothing reduces peaks but available buffer remains too small,increase_buffer
approx_qft_n16,semi_real_qft_larger,0,16,3,0,capacity_aware,50,56,56,1.12,0,0,0,0.0,0,0,0,0,0.0,3,1.0535714285714286,1.2986856104739337,2.847457627118644,18,59,50,0.9152542372881356,5.491525423728813,6,6.0,0.0847457627118644,0.9152542372881356,0.9152542372881356,15,0.3511904761904762,1.0,0.3933333333333333,peak_dominated_buffer_limited,smoothing reduces peaks but available buffer remains too small,increase_buffer
approx_qft_n16,semi_real_qft_larger,0,16,3,0,smooth,50,50,53,1.06,3,8,8,0.34,17,4,2,3,0.08,14,1.18,2.651283071407931,11.864406779661017,1,59,50,0.9152542372881356,5.491525423728813,6,6.0,0.0847457627118644,0.9152542372881356,0.9152542372881356,15,0.3933333333333333,4.666666666666667,0.3933333333333333,peak_dominated_buffer_limited,smoothing reduces peaks but available buffer remains too small,increase_buffer
approx_qft_n16,semi_real_qft_larger,0,16,3,0,delivery_aware_v2,50,50,53,1.06,3,8,8,0.34,17,4,2,3,0.08,11,1.18,2.017518791515121,9.322033898305085,2,59,50,0.9152542372881356,5.491525423728813,6,6.0,0.0847457627118644,0.9152542372881356,0.9152542372881356,15,0.3933333333333333,3.6666666666666665,0.3933333333333333,peak_dominated_buffer_limited,smoothing reduces peaks but available buffer remains too small,increase_buffer
approx_qft_n16,semi_real_qft_larger,0,16,3,0,robust_smooth,50,50,53,1.06,3,8,8,0.34,17,4,2,3,0.08,14,1.18,2.645859888116491,11.864406779661017,1,59,50,0.9152542372881356,5.491525423728813,6,6.0,0.0847457627118644,0.9152542372881356,0.9152542372881356,15,0.3933333333333333,4.666666666666667,0.3933333333333333,peak_dominated_buffer_limited,smoothing reduces peaks but available buffer remains too small,increase_buffer
approx_qft_n16,semi_real_qft_larger,0,16,3,4,static,50,50,57,1.14,7,25,21,2.58,129,12,1,12,0.24,15,1.18,3.100768593732189,12.711864406779661,1,59,50,0.9152542372881356,5.491525423728813,6,6.0,0.0847457627118644,0.9152542372881356,0.9152542372881356,15,0.3933333333333333,5.0,0.38311688311688313,peak_dominated_buffer_limited,smoothing reduces peaks but available buffer remains too small,increase_buffer
approx_qft_n16,semi_real_qft_larger,0,16,3,4,capacity_aware,50,56,56,1.12,0,0,0,0.0,0,0,0,0,0.0,3,1.0535714285714286,1.2986856104739337,2.847457627118644,18,59,50,0.9152542372881356,5.491525423728813,6,6.0,0.0847457627118644,0.9152542372881356,0.9152542372881356,15,0.3511904761904762,1.0,0.38311688311688313,peak_dominated_buffer_limited,smoothing reduces peaks but available buffer remains too small,increase_buffer
approx_qft_n16,semi_real_qft_larger,0,16,3,4,smooth,50,50,52,1.04,2,8,4,0.1,5,2,1,2,0.04,14,1.18,2.651283071407931,11.864406779661017,1,59,50,0.9152542372881356,5.491525423728813,6,6.0,0.0847457627118644,0.9152542372881356,0.9152542372881356,15,0.3933333333333333,4.666666666666667,0.38311688311688313,peak_dominated_buffer_limited,smoothing reduces peaks but available buffer remains too small,increase_buffer
approx_qft_n16,semi_real_qft_larger,0,16,3,4,delivery_aware_v2,50,50,52,1.04,2,8,4,0.1,5,2,1,2,0.04,7,1.18,1.6229643294273317,5.932203389830509,1,59,50,0.9152542372881356,5.491525423728813,6,6.0,0.0847457627118644,0.9152542372881356,0.9152542372881356,15,0.3933333333333333,2.3333333333333335,0.38311688311688313,peak_dominated_buffer_limited,smoothing reduces peaks but available buffer remains too small,increase_buffer
approx_qft_n16,semi_real_qft_larger,0,16,3,4,robust_smooth,50,50,52,1.04,2,8,4,0.1,5,2,1,2,0.04,14,1.18,2.645859888116491,11.864406779661017,1,59,50,0.9152542372881356,5.491525423728813,6,6.0,0.0847457627118644,0.9152542372881356,0.9152542372881356,15,0.3933333333333333,4.666666666666667,0.38311688311688313,peak_dominated_buffer_limited,smoothing reduces peaks but available buffer remains too small,increase_buffer
approx_qft_n16,semi_real_qft_larger,0,16,3,8,static,50,50,56,1.12,6,25,17,1.68,84,10,1,10,0.2,15,1.18,3.100768593732189,12.711864406779661,1,59,50,0.9152542372881356,5.491525423728813,6,6.0,0.0847457627118644,0.9152542372881356,0.9152542372881356,15,0.3933333333333333,5.0,0.37341772151898733,peak_dominated_smooth_solvable,slack smoothing removes burst-induced backlog,smooth
approx_qft_n16,semi_real_qft_larger,0,16,3,8,capacity_aware,50,56,56,1.12,0,0,0,0.0,0,0,0,0,0.0,3,1.0535714285714286,1.2986856104739337,2.847457627118644,18,59,50,0.9152542372881356,5.491525423728813,6,6.0,0.0847457627118644,0.9152542372881356,0.9152542372881356,15,0.3511904761904762,1.0,0.37341772151898733,peak_dominated_smooth_solvable,slack smoothing removes burst-induced backlog,smooth
approx_qft_n16,semi_real_qft_larger,0,16,3,8,smooth,50,50,50,1.0,0,8,0,0.0,0,0,0,0,0.0,14,1.18,2.651283071407931,11.864406779661017,1,59,50,0.9152542372881356,5.491525423728813,6,6.0,0.0847457627118644,0.9152542372881356,0.9152542372881356,15,0.3933333333333333,4.666666666666667,0.37341772151898733,peak_dominated_smooth_solvable,slack smoothing removes burst-induced backlog,smooth
approx_qft_n16,semi_real_qft_larger,0,16,3,8,delivery_aware_v2,50,50,50,1.0,0,8,0,0.0,0,0,0,0,0.0,5,1.18,1.5961926835511182,4.237288135593221,7,59,50,0.9152542372881356,5.491525423728813,6,6.0,0.0847457627118644,0.9152542372881356,0.9152542372881356,15,0.3933333333333333,1.6666666666666667,0.37341772151898733,peak_dominated_smooth_solvable,slack smoothing removes burst-induced backlog,smooth
approx_qft_n16,semi_real_qft_larger,0,16,3,8,robust_smooth,50,50,50,1.0,0,8,0,0.0,0,0,0,0,0.0,14,1.18,2.645859888116491,11.864406779661017,1,59,50,0.9152542372881356,5.491525423728813,6,6.0,0.0847457627118644,0.9152542372881356,0.9152542372881356,15,0.3933333333333333,4.666666666666667,0.37341772151898733,peak_dominated_smooth_solvable,slack smoothing removes burst-induced backlog,smooth
approx_qft_n16,semi_real_qft_larger,0,16,3,16,static,50,50,53,1.06,3,25,9,0.44,22,5,2,4,0.1,15,1.18,3.100768593732189,12.711864406779661,1,59,50,0.9152542372881356,5.491525423728813,6,6.0,0.0847457627118644,0.9152542372881356,0.9152542372881356,15,0.3933333333333333,5.0,0.35542168674698793,peak_dominated_smooth_solvable,slack smoothing removes burst-induced backlog,smooth
approx_qft_n16,semi_real_qft_larger,0,16,3,16,capacity_aware,50,56,56,1.12,0,0,0,0.0,0,0,0,0,0.0,3,1.0535714285714286,1.2986856104739337,2.847457627118644,18,59,50,0.9152542372881356,5.491525423728813,6,6.0,0.0847457627118644,0.9152542372881356,0.9152542372881356,15,0.3511904761904762,1.0,0.35542168674698793,peak_dominated_smooth_solvable,slack smoothing removes burst-induced backlog,smooth
approx_qft_n16,semi_real_qft_larger,0,16,3,16,smooth,50,50,50,1.0,0,8,0,0.0,0,0,0,0,0.0,14,1.18,2.651283071407931,11.864406779661017,1,59,50,0.9152542372881356,5.491525423728813,6,6.0,0.0847457627118644,0.9152542372881356,0.9152542372881356,15,0.3933333333333333,4.666666666666667,0.35542168674698793,peak_dominated_smooth_solvable,slack smoothing removes burst-induced backlog,smooth
approx_qft_n16,semi_real_qft_larger,0,16,3,16,delivery_aware_v2,50,50,50,1.0,0,8,0,0.0,0,0,0,0,0.0,5,1.18,1.5961926835511182,4.237288135593221,7,59,50,0.9152542372881356,5.491525423728813,6,6.0,0.0847457627118644,0.9152542372881356,0.9152542372881356,15,0.3933333333333333,1.6666666666666667,0.35542168674698793,peak_dominated_smooth_solvable,slack smoothing removes burst-induced backlog,smooth
approx_qft_n16,semi_real_qft_larger,0,16,3,16,robust_smooth,50,50,50,1.0,0,8,0,0.0,0,0,0,0,0.0,14,1.18,2.645859888116491,11.864406779661017,1,59,50,0.9152542372881356,5.491525423728813,6,6.0,0.0847457627118644,0.9152542372881356,0.9152542372881356,15,0.3933333333333333,4.666666666666667,0.35542168674698793,peak_dominated_smooth_solvable,slack smoothing removes burst-induced backlog,smooth
approx_qft_n16,semi_real_qft_larger,0,16,4,0,static,50,50,54,1.08,4,15,15,1.26,63,8,1,8,0.16,15,1.18,3.100768593732189,12.711864406779661,1,59,50,0.9152542372881356,5.491525423728813,6,6.0,0.0847457627118644,0.9152542372881356,0.9152542372881356,15,0.295,3.75,0.295,peak_dominated_smooth_solvable,slack smoothing removes burst-induced backlog,smooth
approx_qft_n16,semi_real_qft_larger,0,16,4,0,capacity_aware,50,51,51,1.02,0,0,0,0.0,0,0,0,0,0.0,4,1.1568627450980393,1.4959487568553373,3.4576271186440675,13,59,50,0.9152542372881356,5.491525423728813,6,6.0,0.0847457627118644,0.9152542372881356,0.9152542372881356,15,0.28921568627450983,1.0,0.295,peak_dominated_smooth_solvable,slack smoothing removes burst-induced backlog,smooth
approx_qft_n16,semi_real_qft_larger,0,16,4,0,smooth,50,50,50,1.0,0,0,0,0.0,0,0,0,0,0.0,14,1.18,2.6620962941101878,11.864406779661017,1,59,50,0.9152542372881356,5.491525423728813,6,6.0,0.0847457627118644,0.9152542372881356,0.9152542372881356,15,0.295,3.5,0.295,peak_dominated_smooth_solvable,slack smoothing removes burst-induced backlog,smooth
approx_qft_n16,semi_real_qft_larger,0,16,4,0,delivery_aware_v2,50,50,50,1.0,0,0,0,0.0,0,0,0,0,0.0,7,1.18,1.5871684554046739,5.932203389830509,1,59,50,0.9152542372881356,5.491525423728813,6,6.0,0.0847457627118644,0.9152542372881356,0.9152542372881356,15,0.295,1.75,0.295,peak_dominated_smooth_solvable,slack smoothing removes burst-induced backlog,smooth
approx_qft_n16,semi_real_qft_larger,0,16,4,0,robust_smooth,50,50,50,1.0,0,0,0,0.0,0,0,0,0,0.0,14,1.18,2.651283071407931,11.864406779661017,1,59,50,0.9152542372881356,5.491525423728813,6,6.0,0.0847457627118644,0.9152542372881356,0.9152542372881356,15,0.295,3.5,0.295,peak_dominated_smooth_solvable,slack smoothing removes burst-induced backlog,smooth
approx_qft_n16,semi_real_qft_larger,0,16,4,4,static,50,50,53,1.06,3,15,11,0.66,33,6,2,5,0.12,15,1.18,3.100768593732189,12.711864406779661,1,59,50,0.9152542372881356,5.491525423728813,6,6.0,0.0847457627118644,0.9152542372881356,0.9152542372881356,15,0.295,3.75,0.28921568627450983,peak_dominated_smooth_solvable,slack smoothing removes burst-induced backlog,smooth
approx_qft_n16,semi_real_qft_larger,0,16,4,4,capacity_aware,50,51,51,1.02,0,0,0,0.0,0,0,0,0,0.0,4,1.1568627450980393,1.4959487568553373,3.4576271186440675,13,59,50,0.9152542372881356,5.491525423728813,6,6.0,0.0847457627118644,0.9152542372881356,0.9152542372881356,15,0.28921568627450983,1.0,0.28921568627450983,peak_dominated_smooth_solvable,slack smoothing removes burst-induced backlog,smooth
approx_qft_n16,semi_real_qft_larger,0,16,4,4,smooth,50,50,50,1.0,0,0,0,0.0,0,0,0,0,0.0,14,1.18,2.6620962941101878,11.864406779661017,1,59,50,0.9152542372881356,5.491525423728813,6,6.0,0.0847457627118644,0.9152542372881356,0.9152542372881356,15,0.295,3.5,0.28921568627450983,peak_dominated_smooth_solvable,slack smoothing removes burst-induced backlog,smooth
approx_qft_n16,semi_real_qft_larger,0,16,4,4,delivery_aware_v2,50,50,50,1.0,0,0,0,0.0,0,0,0,0,0.0,6,1.18,1.7588778381800452,5.084745762711865,3,59,50,0.9152542372881356,5.491525423728813,6,6.0,0.0847457627118644,0.9152542372881356,0.9152542372881356,15,0.295,1.5,0.28921568627450983,peak_dominated_smooth_solvable,slack smoothing removes burst-induced backlog,smooth
approx_qft_n16,semi_real_qft_larger,0,16,4,4,robust_smooth,50,50,50,1.0,0,0,0,0.0,0,0,0,0,0.0,14,1.18,2.651283071407931,11.864406779661017,1,59,50,0.9152542372881356,5.491525423728813,6,6.0,0.0847457627118644,0.9152542372881356,0.9152542372881356,15,0.295,3.5,0.28921568627450983,peak_dominated_smooth_solvable,slack smoothing removes burst-induced backlog,smooth
approx_qft_n16,semi_real_qft_larger,0,16,4,8,static,50,50,52,1.04,2,15,7,0.26,13,3,2,2,0.06,15,1.18,3.100768593732189,12.711864406779661,1,59,50,0.9152542372881356,5.491525423728813,6,6.0,0.0847457627118644,0.9152542372881356,0.9152542372881356,15,0.295,3.75,0.28365384615384615,peak_dominated_smooth_solvable,slack smoothing removes burst-induced backlog,smooth
approx_qft_n16,semi_real_qft_larger,0,16,4,8,capacity_aware,50,51,51,1.02,0,0,0,0.0,0,0,0,0,0.0,4,1.1568627450980393,1.4959487568553373,3.4576271186440675,13,59,50,0.9152542372881356,5.491525423728813,6,6.0,0.0847457627118644,0.9152542372881356,0.9152542372881356,15,0.28921568627450983,1.0,0.28365384615384615,peak_dominated_smooth_solvable,slack smoothing removes burst-induced backlog,smooth
approx_qft_n16,semi_real_qft_larger,0,16,4,8,smooth,50,50,50,1.0,0,0,0,0.0,0,0,0,0,0.0,14,1.18,2.6620962941101878,11.864406779661017,1,59,50,0.9152542372881356,5.491525423728813,6,6.0,0.0847457627118644,0.9152542372881356,0.9152542372881356,15,0.295,3.5,0.28365384615384615,peak_dominated_smooth_solvable,slack smoothing removes burst-induced backlog,smooth
approx_qft_n16,semi_real_qft_larger,0,16,4,8,delivery_aware_v2,50,50,50,1.0,0,0,0,0.0,0,0,0,0,0.0,6,1.18,1.7588778381800452,5.084745762711865,3,59,50,0.9152542372881356,5.491525423728813,6,6.0,0.0847457627118644,0.9152542372881356,0.9152542372881356,15,0.295,1.5,0.28365384615384615,peak_dominated_smooth_solvable,slack smoothing removes burst-induced backlog,smooth
approx_qft_n16,semi_real_qft_larger,0,16,4,8,robust_smooth,50,50,50,1.0,0,0,0,0.0,0,0,0,0,0.0,14,1.18,2.651283071407931,11.864406779661017,1,59,50,0.9152542372881356,5.491525423728813,6,6.0,0.0847457627118644,0.9152542372881356,0.9152542372881356,15,0.295,3.5,0.28365384615384615,peak_dominated_smooth_solvable,slack smoothing removes burst-induced backlog,smooth
approx_qft_n16,semi_real_qft_larger,0,16,4,16,static,50,50,50,1.0,0,15,0,0.0,0,0,0,0,0.0,15,1.18,3.100768593732189,12.711864406779661,1,59,50,0.9152542372881356,5.491525423728813,6,6.0,0.0847457627118644,0.9152542372881356,0.9152542372881356,15,0.295,3.75,0.27314814814814814,no_delivery_bottleneck,static execution already meets delivery constraints,none
approx_qft_n16,semi_real_qft_larger,0,16,4,16,capacity_aware,50,51,51,1.02,0,0,0,0.0,0,0,0,0,0.0,4,1.1568627450980393,1.4959487568553373,3.4576271186440675,13,59,50,0.9152542372881356,5.491525423728813,6,6.0,0.0847457627118644,0.9152542372881356,0.9152542372881356,15,0.28921568627450983,1.0,0.27314814814814814,no_delivery_bottleneck,static execution already meets delivery constraints,none
approx_qft_n16,semi_real_qft_larger,0,16,4,16,smooth,50,50,50,1.0,0,0,0,0.0,0,0,0,0,0.0,14,1.18,2.6620962941101878,11.864406779661017,1,59,50,0.9152542372881356,5.491525423728813,6,6.0,0.0847457627118644,0.9152542372881356,0.9152542372881356,15,0.295,3.5,0.27314814814814814,no_delivery_bottleneck,static execution already meets delivery constraints,none
approx_qft_n16,semi_real_qft_larger,0,16,4,16,delivery_aware_v2,50,50,50,1.0,0,0,0,0.0,0,0,0,0,0.0,6,1.18,1.7588778381800452,5.084745762711865,3,59,50,0.9152542372881356,5.491525423728813,6,6.0,0.0847457627118644,0.9152542372881356,0.9152542372881356,15,0.295,1.5,0.27314814814814814,no_delivery_bottleneck,static execution already meets delivery constraints,none
approx_qft_n16,semi_real_qft_larger,0,16,4,16,robust_smooth,50,50,50,1.0,0,0,0,0.0,0,0,0,0,0.0,14,1.18,2.651283071407931,11.864406779661017,1,59,50,0.9152542372881356,5.491525423728813,6,6.0,0.0847457627118644,0.9152542372881356,0.9152542372881356,15,0.295,3.5,0.27314814814814814,no_delivery_bottleneck,static execution already meets delivery constraints,none
approx_qft_n16,semi_real_qft_larger,0,16,5,0,static,50,50,51,1.02,1,5,5,0.16,8,2,2,1,0.04,15,1.18,3.100768593732189,12.711864406779661,1,59,50,0.9152542372881356,5.491525423728813,6,6.0,0.0847457627118644,0.9152542372881356,0.9152542372881356,15,0.236,3.0,0.236,peak_dominated_smooth_solvable,slack smoothing removes burst-induced backlog,smooth
approx_qft_n16,semi_real_qft_larger,0,16,5,0,capacity_aware,50,50,50,1.0,0,0,0,0.0,0,0,0,0,0.0,5,1.18,1.7342056158568744,4.237288135593221,11,59,50,0.9152542372881356,5.491525423728813,6,6.0,0.0847457627118644,0.9152542372881356,0.9152542372881356,15,0.236,1.0,0.236,peak_dominated_smooth_solvable,slack smoothing removes burst-induced backlog,smooth
approx_qft_n16,semi_real_qft_larger,0,16,5,0,smooth,50,50,50,1.0,0,0,0,0.0,0,0,0,0,0.0,14,1.18,2.6620962941101878,11.864406779661017,1,59,50,0.9152542372881356,5.491525423728813,6,6.0,0.0847457627118644,0.9152542372881356,0.9152542372881356,15,0.236,2.8,0.236,peak_dominated_smooth_solvable,slack smoothing removes burst-induced backlog,smooth
approx_qft_n16,semi_real_qft_larger,0,16,5,0,delivery_aware_v2,50,50,50,1.0,0,0,0,0.0,0,0,0,0,0.0,5,1.18,1.7342056158568744,4.237288135593221,11,59,50,0.9152542372881356,5.491525423728813,6,6.0,0.0847457627118644,0.9152542372881356,0.9152542372881356,15,0.236,1.0,0.236,peak_dominated_smooth_solvable,slack smoothing removes burst-induced backlog,smooth
approx_qft_n16,semi_real_qft_larger,0,16,5,0,robust_smooth,50,50,50,1.0,0,0,0,0.0,0,0,0,0,0.0,14,1.18,2.6620962941101878,11.864406779661017,1,59,50,0.9152542372881356,5.491525423728813,6,6.0,0.0847457627118644,0.9152542372881356,0.9152542372881356,15,0.236,2.8,0.236,peak_dominated_smooth_solvable,slack smoothing removes burst-induced backlog,smooth
approx_qft_n16,semi_real_qft_larger,0,16,5,4,static,50,50,51,1.02,1,5,1,0.02,1,1,1,1,0.02,15,1.18,3.100768593732189,12.711864406779661,1,59,50,0.9152542372881356,5.491525423728813,6,6.0,0.0847457627118644,0.9152542372881356,0.9152542372881356,15,0.236,3.0,0.23228346456692914,peak_dominated_smooth_solvable,slack smoothing removes burst-induced backlog,smooth
approx_qft_n16,semi_real_qft_larger,0,16,5,4,capacity_aware,50,50,50,1.0,0,0,0,0.0,0,0,0,0,0.0,5,1.18,1.7342056158568744,4.237288135593221,11,59,50,0.9152542372881356,5.491525423728813,6,6.0,0.0847457627118644,0.9152542372881356,0.9152542372881356,15,0.236,1.0,0.23228346456692914,peak_dominated_smooth_solvable,slack smoothing removes burst-induced backlog,smooth
approx_qft_n16,semi_real_qft_larger,0,16,5,4,smooth,50,50,50,1.0,0,0,0,0.0,0,0,0,0,0.0,14,1.18,2.6620962941101878,11.864406779661017,1,59,50,0.9152542372881356,5.491525423728813,6,6.0,0.0847457627118644,0.9152542372881356,0.9152542372881356,15,0.236,2.8,0.23228346456692914,peak_dominated_smooth_solvable,slack smoothing removes burst-induced backlog,smooth
approx_qft_n16,semi_real_qft_larger,0,16,5,4,delivery_aware_v2,50,50,50,1.0,0,0,0,0.0,0,0,0,0,0.0,7,1.18,2.087499903238623,5.932203389830509,7,59,50,0.9152542372881356,5.491525423728813,6,6.0,0.0847457627118644,0.9152542372881356,0.9152542372881356,15,0.236,1.4,0.23228346456692914,peak_dominated_smooth_solvable,slack smoothing removes burst-induced backlog,smooth
approx_qft_n16,semi_real_qft_larger,0,16,5,4,robust_smooth,50,50,50,1.0,0,0,0,0.0,0,0,0,0,0.0,14,1.18,2.6620962941101878,11.864406779661017,1,59,50,0.9152542372881356,5.491525423728813,6,6.0,0.0847457627118644,0.9152542372881356,0.9152542372881356,15,0.236,2.8,0.23228346456692914,peak_dominated_smooth_solvable,slack smoothing removes burst-induced backlog,smooth
approx_qft_n16,semi_real_qft_larger,0,16,5,8,static,50,50,50,1.0,0,5,0,0.0,0,0,0,0,0.0,15,1.18,3.100768593732189,12.711864406779661,1,59,50,0.9152542372881356,5.491525423728813,6,6.0,0.0847457627118644,0.9152542372881356,0.9152542372881356,15,0.236,3.0,0.22868217054263565,no_delivery_bottleneck,static execution already meets delivery constraints,none
approx_qft_n16,semi_real_qft_larger,0,16,5,8,capacity_aware,50,50,50,1.0,0,0,0,0.0,0,0,0,0,0.0,5,1.18,1.7342056158568744,4.237288135593221,11,59,50,0.9152542372881356,5.491525423728813,6,6.0,0.0847457627118644,0.9152542372881356,0.9152542372881356,15,0.236,1.0,0.22868217054263565,no_delivery_bottleneck,static execution already meets delivery constraints,none
approx_qft_n16,semi_real_qft_larger,0,16,5,8,smooth,50,50,50,1.0,0,0,0,0.0,0,0,0,0,0.0,14,1.18,2.6620962941101878,11.864406779661017,1,59,50,0.9152542372881356,5.491525423728813,6,6.0,0.0847457627118644,0.9152542372881356,0.9152542372881356,15,0.236,2.8,0.22868217054263565,no_delivery_bottleneck,static execution already meets delivery constraints,none
approx_qft_n16,semi_real_qft_larger,0,16,5,8,delivery_aware_v2,50,50,50,1.0,0,0,0,0.0,0,0,0,0,0.0,7,1.18,2.087499903238623,5.932203389830509,7,59,50,0.9152542372881356,5.491525423728813,6,6.0,0.0847457627118644,0.9152542372881356,0.9152542372881356,15,0.236,1.4,0.22868217054263565,no_delivery_bottleneck,static execution already meets delivery constraints,none
approx_qft_n16,semi_real_qft_larger,0,16,5,8,robust_smooth,50,50,50,1.0,0,0,0,0.0,0,0,0,0,0.0,14,1.18,2.6620962941101878,11.864406779661017,1,59,50,0.9152542372881356,5.491525423728813,6,6.0,0.0847457627118644,0.9152542372881356,0.9152542372881356,15,0.236,2.8,0.22868217054263565,no_delivery_bottleneck,static execution already meets delivery constraints,none
approx_qft_n16,semi_real_qft_larger,0,16,5,16,static,50,50,50,1.0,0,5,0,0.0,0,0,0,0,0.0,15,1.18,3.100768593732189,12.711864406779661,1,59,50,0.9152542372881356,5.491525423728813,6,6.0,0.0847457627118644,0.9152542372881356,0.9152542372881356,15,0.236,3.0,0.22180451127819548,no_delivery_bottleneck,static execution already meets delivery constraints,none
approx_qft_n16,semi_real_qft_larger,0,16,5,16,capacity_aware,50,50,50,1.0,0,0,0,0.0,0,0,0,0,0.0,5,1.18,1.7342056158568744,4.237288135593221,11,59,50,0.9152542372881356,5.491525423728813,6,6.0,0.0847457627118644,0.9152542372881356,0.9152542372881356,15,0.236,1.0,0.22180451127819548,no_delivery_bottleneck,static execution already meets delivery constraints,none
approx_qft_n16,semi_real_qft_larger,0,16,5,16,smooth,50,50,50,1.0,0,0,0,0.0,0,0,0,0,0.0,14,1.18,2.6620962941101878,11.864406779661017,1,59,50,0.9152542372881356,5.491525423728813,6,6.0,0.0847457627118644,0.9152542372881356,0.9152542372881356,15,0.236,2.8,0.22180451127819548,no_delivery_bottleneck,static execution already meets delivery constraints,none
approx_qft_n16,semi_real_qft_larger,0,16,5,16,delivery_aware_v2,50,50,50,1.0,0,0,0,0.0,0,0,0,0,0.0,7,1.18,2.087499903238623,5.932203389830509,7,59,50,0.9152542372881356,5.491525423728813,6,6.0,0.0847457627118644,0.9152542372881356,0.9152542372881356,15,0.236,1.4,0.22180451127819548,no_delivery_bottleneck,static execution already meets delivery constraints,none
approx_qft_n16,semi_real_qft_larger,0,16,5,16,robust_smooth,50,50,50,1.0,0,0,0,0.0,0,0,0,0,0.0,14,1.18,2.6620962941101878,11.864406779661017,1,59,50,0.9152542372881356,5.491525423728813,6,6.0,0.0847457627118644,0.9152542372881356,0.9152542372881356,15,0.236,2.8,0.22180451127819548,no_delivery_bottleneck,static execution already meets delivery constraints,none
