workload,family,seed,n,schedule,C,B,T_static,T_exe,stall_cycles,slowdown_vs_own_static,ratio_to_T_ref_asap,Delta_max,L_backlog,max_backlog,mean_backlog,static_depth_penalty_vs_static,Texe_reduction_vs_static,Texe_reduction_vs_smooth,Texe_reduction_vs_ca,Texe_reduction_vs_DA_v1,Delta_reduction_vs_static,Delta_reduction_vs_smooth,Delta_reduction_vs_ca,Delta_reduction_vs_DA_v1,stall_reduction_vs_static,stall_reduction_vs_smooth,stall_reduction_vs_ca,stall_reduction_vs_DA_v1,Lbacklog_reduction_vs_static,Lbacklog_reduction_vs_smooth,Lbacklog_reduction_vs_ca,Lbacklog_reduction_vs_DA_v1
constructed_high,high_compressibility,0,24,static,1,0,80,139,59,1.7375,1.7375,59,68,59,25.3875,1.0,0.0,-0.7375,0.007142857142857143,-0.7375,0.0,0.0,0.0,0.0,0.0,0.0,0.0,0.0,0.0,0.0,0.0,0.0
constructed_high,high_compressibility,0,24,capacity_aware,1,0,140,140,0,1.0,1.75,0,0,0,0.0,1.75,-0.007194244604316547,-0.75,0.0,-0.75,1.0,0.0,0.0,0.0,1.0,0.0,0.0,0.0,1.0,0.0,0.0,0.0
constructed_high,high_compressibility,0,24,smooth,1,0,80,80,0,1.0,1.0,0,0,0,0.0,1.0,0.4244604316546763,0.0,0.42857142857142855,0.0,1.0,0.0,0.0,0.0,1.0,0.0,0.0,0.0,1.0,0.0,0.0,0.0
constructed_high,high_compressibility,0,24,delivery_aware_v1,1,0,80,80,0,1.0,1.0,0,0,0,0.0,1.0,0.4244604316546763,0.0,0.42857142857142855,0.0,1.0,0.0,0.0,0.0,1.0,0.0,0.0,0.0,1.0,0.0,0.0,0.0
constructed_high,high_compressibility,0,24,delivery_aware_v2,1,0,80,80,0,1.0,1.0,0,0,0,0.0,1.0,0.4244604316546763,0.0,0.42857142857142855,0.0,1.0,0.0,0.0,0.0,1.0,0.0,0.0,0.0,1.0,0.0,0.0,0.0
constructed_high,high_compressibility,0,24,static,1,4,80,135,55,1.6875,1.6875,59,64,55,22.0625,1.0,0.0,-0.6875,0.03571428571428571,-0.6666666666666666,0.0,0.0,0.0,-10.8,0.0,0.0,0.0,-54.0,0.0,0.0,0.0,-0.0847457627118644
constructed_high,high_compressibility,0,24,capacity_aware,1,4,140,140,0,1.0,1.75,0,0,0,0.0,1.75,-0.037037037037037035,-0.75,0.0,-0.7283950617283951,1.0,0.0,0.0,1.0,1.0,0.0,0.0,1.0,1.0,0.0,0.0,1.0
constructed_high,high_compressibility,0,24,smooth,1,4,80,80,0,1.0,1.0,0,0,0,0.0,1.0,0.4074074074074074,0.0,0.42857142857142855,0.012345679012345678,1.0,0.0,0.0,1.0,1.0,0.0,0.0,1.0,1.0,0.0,0.0,1.0
constructed_high,high_compressibility,0,24,delivery_aware_v1,1,4,80,81,1,1.0125,1.0125,5,59,1,0.7375,1.0,0.4,-0.0125,0.42142857142857143,0.0,0.9152542372881356,0.0,0.0,0.0,0.9818181818181818,0.0,0.0,0.0,0.078125,0.0,0.0,0.0
constructed_high,high_compressibility,0,24,delivery_aware_v2,1,4,80,80,0,1.0,1.0,0,0,0,0.0,1.0,0.4074074074074074,0.0,0.42857142857142855,0.012345679012345678,1.0,0.0,0.0,1.0,1.0,0.0,0.0,1.0,1.0,0.0,0.0,1.0
constructed_high,high_compressibility,0,24,static,1,8,80,131,51,1.6375,1.6375,59,59,51,18.975,1.0,0.0,-0.6375,0.06428571428571428,-0.6172839506172839,0.0,0.0,0.0,-5.555555555555555,0.0,0.0,0.0,-50.0,0.0,0.0,0.0,-0.07272727272727272
constructed_high,high_compressibility,0,24,capacity_aware,1,8,140,140,0,1.0,1.75,0,0,0,0.0,1.75,-0.06870229007633588,-0.75,0.0,-0.7283950617283951,1.0,0.0,0.0,1.0,1.0,0.0,0.0,1.0,1.0,0.0,0.0,1.0
constructed_high,high_compressibility,0,24,smooth,1,8,80,80,0,1.0,1.0,0,0,0,0.0,1.0,0.3893129770992366,0.0,0.42857142857142855,0.012345679012345678,1.0,0.0,0.0,1.0,1.0,0.0,0.0,1.0,1.0,0.0,0.0,1.0
constructed_high,high_compressibility,0,24,delivery_aware_v1,1,8,80,81,1,1.0125,1.0125,9,55,1,0.6875,1.0,0.3816793893129771,-0.0125,0.42142857142857143,0.0,0.847457627118644,0.0,0.0,0.0,0.9803921568627451,0.0,0.0,0.0,0.06779661016949153,0.0,0.0,0.0
constructed_high,high_compressibility,0,24,delivery_aware_v2,1,8,80,80,0,1.0,1.0,0,0,0,0.0,1.0,0.3893129770992366,0.0,0.42857142857142855,0.012345679012345678,1.0,0.0,0.0,1.0,1.0,0.0,0.0,1.0,1.0,0.0,0.0,1.0
constructed_high,high_compressibility,0,24,static,1,12,80,127,47,1.5875,1.5875,59,54,47,16.1125,1.0,0.0,-0.5875,0.09285714285714286,-0.5679012345679012,0.0,0.0,0.0,-3.5384615384615383,0.0,0.0,0.0,-46.0,0.0,0.0,0.0,-0.125
constructed_high,high_compressibility,0,24,capacity_aware,1,12,140,140,0,1.0,1.75,0,0,0,0.0,1.75,-0.10236220472440945,-0.75,0.0,-0.7283950617283951,1.0,0.0,0.0,1.0,1.0,0.0,0.0,1.0,1.0,0.0,0.0,1.0
constructed_high,high_compressibility,0,24,smooth,1,12,80,80,0,1.0,1.0,0,0,0,0.0,1.0,0.3700787401574803,0.0,0.42857142857142855,0.012345679012345678,1.0,0.0,0.0,1.0,1.0,0.0,0.0,1.0,1.0,0.0,0.0,1.0
constructed_high,high_compressibility,0,24,delivery_aware_v1,1,12,80,81,1,1.0125,1.0125,13,48,1,0.6,1.0,0.36220472440944884,-0.0125,0.42142857142857143,0.0,0.7796610169491526,0.0,0.0,0.0,0.9787234042553191,0.0,0.0,0.0,0.1111111111111111,0.0,0.0,0.0
constructed_high,high_compressibility,0,24,delivery_aware_v2,1,12,80,80,0,1.0,1.0,0,0,0,0.0,1.0,0.3700787401574803,0.0,0.42857142857142855,0.012345679012345678,1.0,0.0,0.0,1.0,1.0,0.0,0.0,1.0,1.0,0.0,0.0,1.0
constructed_high,high_compressibility,0,24,static,2,0,80,109,29,1.3625,1.3625,57,31,57,11.1375,1.0,0.0,-0.3625,0.00909090909090909,-0.3625,0.0,0.0,0.0,0.0,0.0,0.0,0.0,0.0,0.0,0.0,0.0,0.0
constructed_high,high_compressibility,0,24,capacity_aware,2,0,110,110,0,1.0,1.375,0,0,0,0.0,1.375,-0.009174311926605505,-0.375,0.0,-0.375,1.0,0.0,0.0,0.0,1.0,0.0,0.0,0.0,1.0,0.0,0.0,0.0
constructed_high,high_compressibility,0,24,smooth,2,0,80,80,0,1.0,1.0,0,0,0,0.0,1.0,0.26605504587155965,0.0,0.2727272727272727,0.0,1.0,0.0,0.0,0.0,1.0,0.0,0.0,0.0,1.0,0.0,0.0,0.0
constructed_high,high_compressibility,0,24,delivery_aware_v1,2,0,80,80,0,1.0,1.0,0,0,0,0.0,1.0,0.26605504587155965,0.0,0.2727272727272727,0.0,1.0,0.0,0.0,0.0,1.0,0.0,0.0,0.0,1.0,0.0,0.0,0.0
constructed_high,high_compressibility,0,24,delivery_aware_v2,2,0,80,80,0,1.0,1.0,0,0,0,0.0,1.0,0.26605504587155965,0.0,0.2727272727272727,0.0,1.0,0.0,0.0,0.0,1.0,0.0,0.0,0.0,1.0,0.0,0.0,0.0
constructed_high,high_compressibility,0,24,static,2,4,80,107,27,1.3375,1.3375,57,29,53,9.6375,1.0,0.0,-0.3375,0.02727272727272727,-0.32098765432098764,0.0,0.0,0.0,-8.5,0.0,0.0,0.0,-26.0,0.0,0.0,0.0,-0.2608695652173913
constructed_high,high_compressibility,0,24,capacity_aware,2,4,110,110,0,1.0,1.375,0,0,0,0.0,1.375,-0.028037383177570093,-0.375,0.0,-0.35802469135802467,1.0,0.0,0.0,1.0,1.0,0.0,0.0,1.0,1.0,0.0,0.0,1.0
constructed_high,high_compressibility,0,24,smooth,2,4,80,80,0,1.0,1.0,0,0,0,0.0,1.0,0.2523364485981308,0.0,0.2727272727272727,0.012345679012345678,1.0,0.0,0.0,1.0,1.0,0.0,0.0,1.0,1.0,0.0,0.0,1.0
constructed_high,high_compressibility,0,24,delivery_aware_v1,2,4,80,81,1,1.0125,1.0125,6,23,2,0.55,1.0,0.24299065420560748,-0.0125,0.2636363636363636,0.0,0.8947368421052632,0.0,0.0,0.0,0.9629629629629629,0.0,0.0,0.0,0.20689655172413793,0.0,0.0,0.0
constructed_high,high_compressibility,0,24,delivery_aware_v2,2,4,80,80,0,1.0,1.0,0,0,0,0.0,1.0,0.2523364485981308,0.0,0.2727272727272727,0.012345679012345678,1.0,0.0,0.0,1.0,1.0,0.0,0.0,1.0,1.0,0.0,0.0,1.0
constructed_high,high_compressibility,0,24,static,2,8,80,105,25,1.3125,1.3125,57,26,49,8.25,1.0,0.0,-0.3125,0.045454545454545456,-0.2962962962962963,0.0,0.0,0.0,-4.7,0.0,0.0,0.0,-24.0,0.0,0.0,0.0,-0.23809523809523808
constructed_high,high_compressibility,0,24,capacity_aware,2,8,110,110,0,1.0,1.375,0,0,0,0.0,1.375,-0.047619047619047616,-0.375,0.0,-0.35802469135802467,1.0,0.0,0.0,1.0,1.0,0.0,0.0,1.0,1.0,0.0,0.0,1.0
constructed_high,high_compressibility,0,24,smooth,2,8,80,80,0,1.0,1.0,0,0,0,0.0,1.0,0.23809523809523808,0.0,0.2727272727272727,0.012345679012345678,1.0,0.0,0.0,1.0,1.0,0.0,0.0,1.0,1.0,0.0,0.0,1.0
constructed_high,high_compressibility,0,24,delivery_aware_v1,2,8,80,81,1,1.0125,1.0125,10,21,2,0.525,1.0,0.22857142857142856,-0.0125,0.2636363636363636,0.0,0.8245614035087719,0.0,0.0,0.0,0.96,0.0,0.0,0.0,0.19230769230769232,0.0,0.0,0.0
constructed_high,high_compressibility,0,24,delivery_aware_v2,2,8,80,80,0,1.0,1.0,0,0,0,0.0,1.0,0.23809523809523808,0.0,0.2727272727272727,0.012345679012345678,1.0,0.0,0.0,1.0,1.0,0.0,0.0,1.0,1.0,0.0,0.0,1.0
constructed_high,high_compressibility,0,24,static,2,12,80,103,23,1.2875,1.2875,57,24,45,6.975,1.0,0.0,-0.2875,0.06363636363636363,-0.2716049382716049,0.0,0.0,0.0,-3.0714285714285716,0.0,0.0,0.0,-22.0,0.0,0.0,0.0,-0.4117647058823529
constructed_high,high_compressibility,0,24,capacity_aware,2,12,110,110,0,1.0,1.375,0,0,0,0.0,1.375,-0.06796116504854369,-0.375,0.0,-0.35802469135802467,1.0,0.0,0.0,1.0,1.0,0.0,0.0,1.0,1.0,0.0,0.0,1.0
constructed_high,high_compressibility,0,24,smooth,2,12,80,80,0,1.0,1.0,0,0,0,0.0,1.0,0.22330097087378642,0.0,0.2727272727272727,0.012345679012345678,1.0,0.0,0.0,1.0,1.0,0.0,0.0,1.0,1.0,0.0,0.0,1.0
constructed_high,high_compressibility,0,24,delivery_aware_v1,2,12,80,81,1,1.0125,1.0125,14,17,2,0.425,1.0,0.21359223300970873,-0.0125,0.2636363636363636,0.0,0.7543859649122807,0.0,0.0,0.0,0.9565217391304348,0.0,0.0,0.0,0.2916666666666667,0.0,0.0,0.0
constructed_high,high_compressibility,0,24,delivery_aware_v2,2,12,80,80,0,1.0,1.0,0,0,0,0.0,1.0,0.22330097087378642,0.0,0.2727272727272727,0.012345679012345678,1.0,0.0,0.0,1.0,1.0,0.0,0.0,1.0,1.0,0.0,0.0,1.0
constructed_high,high_compressibility,0,24,static,3,0,80,99,19,1.2375,1.2375,55,19,55,6.8625,1.0,0.0,-0.2375,0.01,-0.2375,0.0,0.0,0.0,0.0,0.0,0.0,0.0,0.0,0.0,0.0,0.0,0.0
constructed_high,high_compressibility,0,24,capacity_aware,3,0,100,100,0,1.0,1.25,0,0,0,0.0,1.25,-0.010101010101010102,-0.25,0.0,-0.25,1.0,0.0,0.0,0.0,1.0,0.0,0.0,0.0,1.0,0.0,0.0,0.0
constructed_high,high_compressibility,0,24,smooth,3,0,80,80,0,1.0,1.0,0,0,0,0.0,1.0,0.1919191919191919,0.0,0.2,0.0,1.0,0.0,0.0,0.0,1.0,0.0,0.0,0.0,1.0,0.0,0.0,0.0
constructed_high,high_compressibility,0,24,delivery_aware_v1,3,0,80,80,0,1.0,1.0,0,0,0,0.0,1.0,0.1919191919191919,0.0,0.2,0.0,1.0,0.0,0.0,0.0,1.0,0.0,0.0,0.0,1.0,0.0,0.0,0.0
constructed_high,high_compressibility,0,24,delivery_aware_v2,3,0,80,80,0,1.0,1.0,0,0,0,0.0,1.0,0.1919191919191919,0.0,0.2,0.0,1.0,0.0,0.0,0.0,1.0,0.0,0.0,0.0,1.0,0.0,0.0,0.0
constructed_high,high_compressibility,0,24,static,3,4,80,97,17,1.2125,1.2125,55,18,51,5.925,1.0,0.0,-0.2125,0.03,-0.19753086419753085,0.0,0.0,0.0,-6.857142857142857,0.0,0.0,0.0,-16.0,0.0,0.0,0.0,-0.6363636363636364
constructed_high,high_compressibility,0,24,capacity_aware,3,4,100,100,0,1.0,1.25,0,0,0,0.0,1.25,-0.030927835051546393,-0.25,0.0,-0.2345679012345679,1.0,0.0,0.0,1.0,1.0,0.0,0.0,1.0,1.0,0.0,0.0,1.0
constructed_high,high_compressibility,0,24,smooth,3,4,80,80,0,1.0,1.0,0,0,0,0.0,1.0,0.17525773195876287,0.0,0.2,0.012345679012345678,1.0,0.0,0.0,1.0,1.0,0.0,0.0,1.0,1.0,0.0,0.0,1.0
constructed_high,high_compressibility,0,24,delivery_aware_v1,3,4,80,81,1,1.0125,1.0125,7,11,3,0.3625,1.0,0.16494845360824742,-0.0125,0.19,0.0,0.8727272727272727,0.0,0.0,0.0,0.9411764705882353,0.0,0.0,0.0,0.3888888888888889,0.0,0.0,0.0
constructed_high,high_compressibility,0,24,delivery_aware_v2,3,4,80,80,0,1.0,1.0,0,0,0,0.0,1.0,0.17525773195876287,0.0,0.2,0.012345679012345678,1.0,0.0,0.0,1.0,1.0,0.0,0.0,1.0,1.0,0.0,0.0,1.0
constructed_high,high_compressibility,0,24,static,3,8,80,96,16,1.2,1.2,55,17,47,5.05,1.0,0.0,-0.2,0.04,-0.18518518518518517,0.0,0.0,0.0,-4.0,0.0,0.0,0.0,-15.0,0.0,0.0,0.0,-0.4166666666666667
constructed_high,high_compressibility,0,24,capacity_aware,3,8,100,100,0,1.0,1.25,0,0,0,0.0,1.25,-0.041666666666666664,-0.25,0.0,-0.2345679012345679,1.0,0.0,0.0,1.0,1.0,0.0,0.0,1.0,1.0,0.0,0.0,1.0
constructed_high,high_compressibility,0,24,smooth,3,8,80,80,0,1.0,1.0,0,0,0,0.0,1.0,0.16666666666666666,0.0,0.2,0.012345679012345678,1.0,0.0,0.0,1.0,1.0,0.0,0.0,1.0,1.0,0.0,0.0,1.0
constructed_high,high_compressibility,0,24,delivery_aware_v1,3,8,80,81,1,1.0125,1.0125,11,12,3,0.4,1.0,0.15625,-0.0125,0.19,0.0,0.8,0.0,0.0,0.0,0.9375,0.0,0.0,0.0,0.29411764705882354,0.0,0.0,0.0
constructed_high,high_compressibility,0,24,delivery_aware_v2,3,8,80,80,0,1.0,1.0,0,0,0,0.0,1.0,0.16666666666666666,0.0,0.2,0.012345679012345678,1.0,0.0,0.0,1.0,1.0,0.0,0.0,1.0,1.0,0.0,0.0,1.0
constructed_high,high_compressibility,0,24,static,3,12,80,95,15,1.1875,1.1875,55,15,43,4.2375,1.0,0.0,-0.1875,0.05,-0.1728395061728395,0.0,0.0,0.0,-2.6666666666666665,0.0,0.0,0.0,-14.0,0.0,0.0,0.0,-0.875
constructed_high,high_compressibility,0,24,capacity_aware,3,12,100,100,0,1.0,1.25,0,0,0,0.0,1.25,-0.05263157894736842,-0.25,0.0,-0.2345679012345679,1.0,0.0,0.0,1.0,1.0,0.0,0.0,1.0,1.0,0.0,0.0,1.0
constructed_high,high_compressibility,0,24,smooth,3,12,80,80,0,1.0,1.0,0,0,0,0.0,1.0,0.15789473684210525,0.0,0.2,0.012345679012345678,1.0,0.0,0.0,1.0,1.0,0.0,0.0,1.0,1.0,0.0,0.0,1.0
constructed_high,high_compressibility,0,24,delivery_aware_v1,3,12,80,81,1,1.0125,1.0125,15,8,3,0.275,1.0,0.14736842105263157,-0.0125,0.19,0.0,0.7272727272727273,0.0,0.0,0.0,0.9333333333333333,0.0,0.0,0.0,0.4666666666666667,0.0,0.0,0.0
constructed_high,high_compressibility,0,24,delivery_aware_v2,3,12,80,80,0,1.0,1.0,0,0,0,0.0,1.0,0.15789473684210525,0.0,0.2,0.012345679012345678,1.0,0.0,0.0,1.0,1.0,0.0,0.0,1.0,1.0,0.0,0.0,1.0
constructed_high,high_compressibility,0,24,static,4,0,80,94,14,1.175,1.175,53,14,53,4.8125,1.0,0.0,-0.175,0.010526315789473684,-0.175,0.0,0.0,0.0,0.0,0.0,0.0,0.0,0.0,0.0,0.0,0.0,0.0
constructed_high,high_compressibility,0,24,capacity_aware,4,0,95,95,0,1.0,1.1875,0,0,0,0.0,1.1875,-0.010638297872340425,-0.1875,0.0,-0.1875,1.0,0.0,0.0,0.0,1.0,0.0,0.0,0.0,1.0,0.0,0.0,0.0
constructed_high,high_compressibility,0,24,smooth,4,0,80,80,0,1.0,1.0,0,0,0,0.0,1.0,0.14893617021276595,0.0,0.15789473684210525,0.0,1.0,0.0,0.0,0.0,1.0,0.0,0.0,0.0,1.0,0.0,0.0,0.0
constructed_high,high_compressibility,0,24,delivery_aware_v1,4,0,80,80,0,1.0,1.0,0,0,0,0.0,1.0,0.14893617021276595,0.0,0.15789473684210525,0.0,1.0,0.0,0.0,0.0,1.0,0.0,0.0,0.0,1.0,0.0,0.0,0.0
constructed_high,high_compressibility,0,24,delivery_aware_v2,4,0,80,80,0,1.0,1.0,0,0,0,0.0,1.0,0.14893617021276595,0.0,0.15789473684210525,0.0,1.0,0.0,0.0,0.0,1.0,0.0,0.0,0.0,1.0,0.0,0.0,0.0
constructed_high,high_compressibility,0,24,static,4,4,80,93,13,1.1625,1.1625,53,13,49,4.1375,1.0,0.0,-0.1625,0.021052631578947368,-0.14814814814814814,0.0,0.0,0.0,-5.625,0.0,0.0,0.0,-12.0,0.0,0.0,0.0,-1.6
constructed_high,high_compressibility,0,24,capacity_aware,4,4,95,95,0,1.0,1.1875,0,0,0,0.0,1.1875,-0.021505376344086023,-0.1875,0.0,-0.1728395061728395,1.0,0.0,0.0,1.0,1.0,0.0,0.0,1.0,1.0,0.0,0.0,1.0
constructed_high,high_compressibility,0,24,smooth,4,4,80,80,0,1.0,1.0,0,0,0,0.0,1.0,0.13978494623655913,0.0,0.15789473684210525,0.012345679012345678,1.0,0.0,0.0,1.0,1.0,0.0,0.0,1.0,1.0,0.0,0.0,1.0
constructed_high,high_compressibility,0,24,delivery_aware_v1,4,4,80,81,1,1.0125,1.0125,8,5,4,0.15,1.0,0.12903225806451613,-0.0125,0.14736842105263157,0.0,0.8490566037735849,0.0,0.0,0.0,0.9230769230769231,0.0,0.0,0.0,0.6153846153846154,0.0,0.0,0.0
constructed_high,high_compressibility,0,24,delivery_aware_v2,4,4,80,80,0,1.0,1.0,0,0,0,0.0,1.0,0.13978494623655913,0.0,0.15789473684210525,0.012345679012345678,1.0,0.0,0.0,1.0,1.0,0.0,0.0,1.0,1.0,0.0,0.0,1.0
constructed_high,high_compressibility,0,24,static,4,8,80,92,12,1.15,1.15,53,12,45,3.5125,1.0,0.0,-0.15,0.031578947368421054,-0.13580246913580246,0.0,0.0,0.0,-3.4166666666666665,0.0,0.0,0.0,-11.0,0.0,0.0,0.0,-1.0
constructed_high,high_compressibility,0,24,capacity_aware,4,8,95,95,0,1.0,1.1875,0,0,0,0.0,1.1875,-0.03260869565217391,-0.1875,0.0,-0.1728395061728395,1.0,0.0,0.0,1.0,1.0,0.0,0.0,1.0,1.0,0.0,0.0,1.0
constructed_high,high_compressibility,0,24,smooth,4,8,80,80,0,1.0,1.0,0,0,0,0.0,1.0,0.13043478260869565,0.0,0.15789473684210525,0.012345679012345678,1.0,0.0,0.0,1.0,1.0,0.0,0.0,1.0,1.0,0.0,0.0,1.0
constructed_high,high_compressibility,0,24,delivery_aware_v1,4,8,80,81,1,1.0125,1.0125,12,6,4,0.25,1.0,0.11956521739130435,-0.0125,0.14736842105263157,0.0,0.7735849056603774,0.0,0.0,0.0,0.9166666666666666,0.0,0.0,0.0,0.5,0.0,0.0,0.0
constructed_high,high_compressibility,0,24,delivery_aware_v2,4,8,80,80,0,1.0,1.0,0,0,0,0.0,1.0,0.13043478260869565,0.0,0.15789473684210525,0.012345679012345678,1.0,0.0,0.0,1.0,1.0,0.0,0.0,1.0,1.0,0.0,0.0,1.0
constructed_high,high_compressibility,0,24,static,4,12,80,91,11,1.1375,1.1375,53,11,41,2.9375,1.0,0.0,-0.1375,0.042105263157894736,-0.12345679012345678,0.0,0.0,0.0,-2.3125,0.0,0.0,0.0,-10.0,0.0,0.0,0.0,-2.6666666666666665
constructed_high,high_compressibility,0,24,capacity_aware,4,12,95,95,0,1.0,1.1875,0,0,0,0.0,1.1875,-0.04395604395604396,-0.1875,0.0,-0.1728395061728395,1.0,0.0,0.0,1.0,1.0,0.0,0.0,1.0,1.0,0.0,0.0,1.0
constructed_high,high_compressibility,0,24,smooth,4,12,80,80,0,1.0,1.0,0,0,0,0.0,1.0,0.12087912087912088,0.0,0.15789473684210525,0.012345679012345678,1.0,0.0,0.0,1.0,1.0,0.0,0.0,1.0,1.0,0.0,0.0,1.0
constructed_high,high_compressibility,0,24,delivery_aware_v1,4,12,80,81,1,1.0125,1.0125,16,3,4,0.1,1.0,0.10989010989010989,-0.0125,0.14736842105263157,0.0,0.6981132075471698,0.0,0.0,0.0,0.9090909090909091,0.0,0.0,0.0,0.7272727272727273,0.0,0.0,0.0
constructed_high,high_compressibility,0,24,delivery_aware_v2,4,12,80,80,0,1.0,1.0,0,0,0,0.0,1.0,0.12087912087912088,0.0,0.15789473684210525,0.012345679012345678,1.0,0.0,0.0,1.0,1.0,0.0,0.0,1.0,1.0,0.0,0.0,1.0
constructed_high,high_compressibility,0,24,static,5,0,80,91,11,1.1375,1.1375,51,11,51,3.625,1.0,0.0,-0.1375,0.010869565217391304,-0.1375,0.0,0.0,0.0,0.0,0.0,0.0,0.0,0.0,0.0,0.0,0.0,0.0
constructed_high,high_compressibility,0,24,capacity_aware,5,0,92,92,0,1.0,1.15,0,0,0,0.0,1.15,-0.01098901098901099,-0.15,0.0,-0.15,1.0,0.0,0.0,0.0,1.0,0.0,0.0,0.0,1.0,0.0,0.0,0.0
constructed_high,high_compressibility,0,24,smooth,5,0,80,80,0,1.0,1.0,0,0,0,0.0,1.0,0.12087912087912088,0.0,0.13043478260869565,0.0,1.0,0.0,0.0,0.0,1.0,0.0,0.0,0.0,1.0,0.0,0.0,0.0
constructed_high,high_compressibility,0,24,delivery_aware_v1,5,0,80,80,0,1.0,1.0,0,0,0,0.0,1.0,0.12087912087912088,0.0,0.13043478260869565,0.0,1.0,0.0,0.0,0.0,1.0,0.0,0.0,0.0,1.0,0.0,0.0,0.0
constructed_high,high_compressibility,0,24,delivery_aware_v2,5,0,80,80,0,1.0,1.0,0,0,0,0.0,1.0,0.12087912087912088,0.0,0.13043478260869565,0.0,1.0,0.0,0.0,0.0,1.0,0.0,0.0,0.0,1.0,0.0,0.0,0.0
constructed_high,high_compressibility,0,24,static,5,4,80,90,10,1.125,1.125,51,10,47,3.1,1.0,0.0,-0.125,0.021739130434782608,-0.1111111111111111,0.0,0.0,0.0,-9.2,0.0,0.0,0.0,-9.0,0.0,0.0,0.0,-9.0
constructed_high,high_compressibility,0,24,capacity_aware,5,4,92,92,0,1.0,1.15,0,0,0,0.0,1.15,-0.022222222222222223,-0.15,0.0,-0.13580246913580246,1.0,0.0,0.0,1.0,1.0,0.0,0.0,1.0,1.0,0.0,0.0,1.0
constructed_high,high_compressibility,0,24,smooth,5,4,80,80,0,1.0,1.0,0,0,0,0.0,1.0,0.1111111111111111,0.0,0.13043478260869565,0.012345679012345678,1.0,0.0,0.0,1.0,1.0,0.0,0.0,1.0,1.0,0.0,0.0,1.0
constructed_high,high_compressibility,0,24,delivery_aware_v1,5,4,80,81,1,1.0125,1.0125,5,1,1,0.0125,1.0,0.1,-0.0125,0.11956521739130435,0.0,0.9019607843137255,0.0,0.0,0.0,0.9,0.0,0.0,0.0,0.9,0.0,0.0,0.0
constructed_high,high_compressibility,0,24,delivery_aware_v2,5,4,80,80,0,1.0,1.0,0,0,0,0.0,1.0,0.1111111111111111,0.0,0.13043478260869565,0.012345679012345678,1.0,0.0,0.0,1.0,1.0,0.0,0.0,1.0,1.0,0.0,0.0,1.0
constructed_high,high_compressibility,0,24,static,5,8,80,89,9,1.1125,1.1125,51,9,43,2.6125,1.0,0.0,-0.1125,0.03260869565217391,-0.09876543209876543,0.0,0.0,0.0,-3.25,0.0,0.0,0.0,-8.0,0.0,0.0,0.0,-2.0
constructed_high,high_compressibility,0,24,capacity_aware,5,8,92,92,0,1.0,1.15,0,0,0,0.0,1.15,-0.033707865168539325,-0.15,0.0,-0.13580246913580246,1.0,0.0,0.0,1.0,1.0,0.0,0.0,1.0,1.0,0.0,0.0,1.0
constructed_high,high_compressibility,0,24,smooth,5,8,80,80,0,1.0,1.0,0,0,0,0.0,1.0,0.10112359550561797,0.0,0.13043478260869565,0.012345679012345678,1.0,0.0,0.0,1.0,1.0,0.0,0.0,1.0,1.0,0.0,0.0,1.0
constructed_high,high_compressibility,0,24,delivery_aware_v1,5,8,80,81,1,1.0125,1.0125,12,3,4,0.1,1.0,0.0898876404494382,-0.0125,0.11956521739130435,0.0,0.7647058823529411,0.0,0.0,0.0,0.8888888888888888,0.0,0.0,0.0,0.6666666666666666,0.0,0.0,0.0
constructed_high,high_compressibility,0,24,delivery_aware_v2,5,8,80,80,0,1.0,1.0,0,0,0,0.0,1.0,0.10112359550561797,0.0,0.13043478260869565,0.012345679012345678,1.0,0.0,0.0,1.0,1.0,0.0,0.0,1.0,1.0,0.0,0.0,1.0
constructed_high,high_compressibility,0,24,static,5,12,80,88,8,1.1,1.1,51,8,39,2.1625,1.0,0.0,-0.1,0.043478260869565216,-0.1,0.0,0.0,0.0,-3.25,0.0,0.0,0.0,0.0,0.0,0.0,0.0,0.0
constructed_high,high_compressibility,0,24,capacity_aware,5,12,92,92,0,1.0,1.15,0,0,0,0.0,1.15,-0.045454545454545456,-0.15,0.0,-0.15,1.0,0.0,0.0,1.0,1.0,0.0,0.0,0.0,1.0,0.0,0.0,0.0
constructed_high,high_compressibility,0,24,smooth,5,12,80,80,0,1.0,1.0,0,0,0,0.0,1.0,0.09090909090909091,0.0,0.13043478260869565,0.0,1.0,0.0,0.0,1.0,1.0,0.0,0.0,0.0,1.0,0.0,0.0,0.0
constructed_high,high_compressibility,0,24,delivery_aware_v1,5,12,80,80,0,1.0,1.0,12,0,0,0.0,1.0,0.09090909090909091,0.0,0.13043478260869565,0.0,0.7647058823529411,0.0,0.0,0.0,1.0,0.0,0.0,0.0,1.0,0.0,0.0,0.0
constructed_high,high_compressibility,0,24,delivery_aware_v2,5,12,80,80,0,1.0,1.0,0,0,0,0.0,1.0,0.09090909090909091,0.0,0.13043478260869565,0.0,1.0,0.0,0.0,1.0,1.0,0.0,0.0,0.0,1.0,0.0,0.0,0.0
constructed_medium,medium_compressibility,0,24,static,1,0,73,94,21,1.2876712328767124,1.2876712328767124,21,44,21,6.383561643835616,1.0,0.0,-0.08045977011494253,0.050505050505050504,-0.08045977011494253,0.0,-0.5,0.0,-0.5,0.0,-0.5,0.0,-0.5,0.0,-0.4666666666666667,0.0,-0.3333333333333333
constructed_medium,medium_compressibility,0,24,capacity_aware,1,0,99,99,0,1.0,1.356164383561644,0,0,0,0.0,1.356164383561644,-0.05319148936170213,-0.13793103448275862,0.0,-0.13793103448275862,1.0,1.0,0.0,1.0,1.0,1.0,0.0,1.0,1.0,1.0,0.0,1.0
constructed_medium,medium_compressibility,0,24,smooth,1,0,73,87,14,1.1917808219178083,1.1917808219178083,14,30,14,2.904109589041096,1.0,0.07446808510638298,0.0,0.12121212121212122,0.0,0.3333333333333333,0.0,0.0,0.0,0.3333333333333333,0.0,0.0,0.0,0.3181818181818182,0.0,0.0,0.09090909090909091
constructed_medium,medium_compressibility,0,24,delivery_aware_v1,1,0,73,87,14,1.1917808219178083,1.1917808219178083,14,33,14,3.2739726027397262,1.0,0.07446808510638298,0.0,0.12121212121212122,0.0,0.3333333333333333,0.0,0.0,0.0,0.3333333333333333,0.0,0.0,0.0,0.25,-0.1,0.0,0.0
constructed_medium,medium_compressibility,0,24,delivery_aware_v2,1,0,73,87,14,1.1917808219178083,1.1917808219178083,14,30,14,2.904109589041096,1.0,0.07446808510638298,0.0,0.12121212121212122,0.0,0.3333333333333333,0.0,0.0,0.0,0.3333333333333333,0.0,0.0,0.0,0.3181818181818182,0.0,0.0,0.09090909090909091
constructed_medium,medium_compressibility,0,24,static,1,4,73,90,17,1.2328767123287672,1.2328767123287672,21,37,17,4.095890410958904,1.0,0.0,-0.08433734939759036,0.09090909090909091,-0.08433734939759036,0.0,-0.5,0.0,-0.5,0.0,-0.7,0.0,-0.7,0.0,-0.85,0.0,-0.12121212121212122
constructed_medium,medium_compressibility,0,24,capacity_aware,1,4,99,99,0,1.0,1.356164383561644,0,0,0,0.0,1.356164383561644,-0.1,-0.1927710843373494,0.0,-0.1927710843373494,1.0,1.0,0.0,1.0,1.0,1.0,0.0,1.0,1.0,1.0,0.0,1.0
constructed_medium,medium_compressibility,0,24,smooth,1,4,73,83,10,1.1369863013698631,1.1369863013698631,14,20,10,1.4383561643835616,1.0,0.07777777777777778,0.0,0.16161616161616163,0.0,0.3333333333333333,0.0,0.0,0.0,0.4117647058823529,0.0,0.0,0.0,0.4594594594594595,0.0,0.0,0.3939393939393939
constructed_medium,medium_compressibility,0,24,delivery_aware_v1,1,4,73,83,10,1.1369863013698631,1.1369863013698631,14,33,10,1.8082191780821917,1.0,0.07777777777777778,0.0,0.16161616161616163,0.0,0.3333333333333333,0.0,0.0,0.0,0.4117647058823529,0.0,0.0,0.0,0.10810810810810811,-0.65,0.0,0.0
constructed_medium,medium_compressibility,0,24,delivery_aware_v2,1,4,73,83,10,1.1369863013698631,1.1369863013698631,14,20,10,1.4383561643835616,1.0,0.07777777777777778,0.0,0.16161616161616163,0.0,0.3333333333333333,0.0,0.0,0.0,0.4117647058823529,0.0,0.0,0.0,0.4594594594594595,0.0,0.0,0.3939393939393939
constructed_medium,medium_compressibility,0,24,static,1,8,73,86,13,1.178082191780822,1.178082191780822,21,26,13,2.3013698630136985,1.0,0.0,-0.08860759493670886,0.13131313131313133,-0.08860759493670886,0.0,-0.5,0.0,-0.5,0.0,-1.1666666666666667,0.0,-1.1666666666666667,0.0,-1.1666666666666667,0.0,-0.04
constructed_medium,medium_compressibility,0,24,capacity_aware,1,8,99,99,0,1.0,1.356164383561644,0,0,0,0.0,1.356164383561644,-0.1511627906976744,-0.25316455696202533,0.0,-0.25316455696202533,1.0,1.0,0.0,1.0,1.0,1.0,0.0,1.0,1.0,1.0,0.0,1.0
constructed_medium,medium_compressibility,0,24,smooth,1,8,73,79,6,1.082191780821918,1.082191780821918,14,12,6,0.4657534246575342,1.0,0.08139534883720931,0.0,0.20202020202020202,0.0,0.3333333333333333,0.0,0.0,0.0,0.5384615384615384,0.0,0.0,0.0,0.5384615384615384,0.0,0.0,0.52
constructed_medium,medium_compressibility,0,24,delivery_aware_v1,1,8,73,79,6,1.082191780821918,1.082191780821918,14,25,6,0.7534246575342466,1.0,0.08139534883720931,0.0,0.20202020202020202,0.0,0.3333333333333333,0.0,0.0,0.0,0.5384615384615384,0.0,0.0,0.0,0.038461538461538464,-1.0833333333333333,0.0,0.0
constructed_medium,medium_compressibility,0,24,delivery_aware_v2,1,8,73,79,6,1.082191780821918,1.082191780821918,14,12,6,0.4657534246575342,1.0,0.08139534883720931,0.0,0.20202020202020202,0.0,0.3333333333333333,0.0,0.0,0.0,0.5384615384615384,0.0,0.0,0.0,0.5384615384615384,0.0,0.0,0.52
constructed_medium,medium_compressibility,0,24,static,1,12,73,82,9,1.1232876712328768,1.1232876712328768,21,17,9,1.0410958904109588,1.0,0.0,-0.09333333333333334,0.1717171717171717,-0.09333333333333334,0.0,-0.5,0.0,-0.5,0.0,-3.5,0.0,-3.5,0.0,-7.5,0.0,-0.0625
constructed_medium,medium_compressibility,0,24,capacity_aware,1,12,99,99,0,1.0,1.356164383561644,0,0,0,0.0,1.356164383561644,-0.2073170731707317,-0.32,0.0,-0.32,1.0,1.0,0.0,1.0,1.0,1.0,0.0,1.0,1.0,1.0,0.0,1.0
constructed_medium,medium_compressibility,0,24,smooth,1,12,73,75,2,1.0273972602739727,1.0273972602739727,14,2,2,0.0410958904109589,1.0,0.08536585365853659,0.0,0.24242424242424243,0.0,0.3333333333333333,0.0,0.0,0.0,0.7777777777777778,0.0,0.0,0.0,0.8823529411764706,0.0,0.0,0.875
constructed_medium,medium_compressibility,0,24,delivery_aware_v1,1,12,73,75,2,1.0273972602739727,1.0273972602739727,14,16,2,0.2328767123287671,1.0,0.08536585365853659,0.0,0.24242424242424243,0.0,0.3333333333333333,0.0,0.0,0.0,0.7777777777777778,0.0,0.0,0.0,0.058823529411764705,-7.0,0.0,0.0
constructed_medium,medium_compressibility,0,24,delivery_aware_v2,1,12,73,75,2,1.0273972602739727,1.0273972602739727,14,2,2,0.0410958904109589,1.0,0.08536585365853659,0.0,0.24242424242424243,0.0,0.3333333333333333,0.0,0.0,0.0,0.7777777777777778,0.0,0.0,0.0,0.8823529411764706,0.0,0.0,0.875
constructed_medium,medium_compressibility,0,24,static,2,0,73,75,2,1.0273972602739727,1.0273972602739727,4,4,4,0.1095890410958904,1.0,0.0,-0.0273972602739726,0.07407407407407407,-0.0273972602739726,0.0,0.0,0.0,0.0,0.0,0.0,0.0,0.0,0.0,0.0,0.0,0.0
constructed_medium,medium_compressibility,0,24,capacity_aware,2,0,81,81,0,1.0,1.1095890410958904,0,0,0,0.0,1.1095890410958904,-0.08,-0.1095890410958904,0.0,-0.1095890410958904,1.0,0.0,0.0,0.0,1.0,0.0,0.0,0.0,1.0,0.0,0.0,0.0
constructed_medium,medium_compressibility,0,24,smooth,2,0,73,73,0,1.0,1.0,0,0,0,0.0,1.0,0.02666666666666667,0.0,0.09876543209876543,0.0,1.0,0.0,0.0,0.0,1.0,0.0,0.0,0.0,1.0,0.0,0.0,0.0
constructed_medium,medium_compressibility,0,24,delivery_aware_v1,2,0,73,73,0,1.0,1.0,0,0,0,0.0,1.0,0.02666666666666667,0.0,0.09876543209876543,0.0,1.0,0.0,0.0,0.0,1.0,0.0,0.0,0.0,1.0,0.0,0.0,0.0
constructed_medium,medium_compressibility,0,24,delivery_aware_v2,2,0,73,73,0,1.0,1.0,0,0,0,0.0,1.0,0.02666666666666667,0.0,0.09876543209876543,0.0,1.0,0.0,0.0,0.0,1.0,0.0,0.0,0.0,1.0,0.0,0.0,0.0
constructed_medium,medium_compressibility,0,24,static,2,4,73,73,0,1.0,1.0,4,0,0,0.0,1.0,0.0,0.0,0.09876543209876543,0.0,0.0,0.0,0.0,0.0,0.0,0.0,0.0,0.0,0.0,0.0,0.0,0.0
constructed_medium,medium_compressibility,0,24,capacity_aware,2,4,81,81,0,1.0,1.1095890410958904,0,0,0,0.0,1.1095890410958904,-0.1095890410958904,-0.1095890410958904,0.0,-0.1095890410958904,1.0,0.0,0.0,0.0,0.0,0.0,0.0,0.0,0.0,0.0,0.0,0.0
constructed_medium,medium_compressibility,0,24,smooth,2,4,73,73,0,1.0,1.0,0,0,0,0.0,1.0,0.0,0.0,0.09876543209876543,0.0,1.0,0.0,0.0,0.0,0.0,0.0,0.0,0.0,0.0,0.0,0.0,0.0
constructed_medium,medium_compressibility,0,24,delivery_aware_v1,2,4,73,73,0,1.0,1.0,0,0,0,0.0,1.0,0.0,0.0,0.09876543209876543,0.0,1.0,0.0,0.0,0.0,0.0,0.0,0.0,0.0,0.0,0.0,0.0,0.0
constructed_medium,medium_compressibility,0,24,delivery_aware_v2,2,4,73,73,0,1.0,1.0,0,0,0,0.0,1.0,0.0,0.0,0.09876543209876543,0.0,1.0,0.0,0.0,0.0,0.0,0.0,0.0,0.0,0.0,0.0,0.0,0.0
constructed_medium,medium_compressibility,0,24,static,2,8,73,73,0,1.0,1.0,4,0,0,0.0,1.0,0.0,0.0,0.09876543209876543,0.0,0.0,0.0,0.0,-1.0,0.0,0.0,0.0,0.0,0.0,0.0,0.0,0.0
constructed_medium,medium_compressibility,0,24,capacity_aware,2,8,81,81,0,1.0,1.1095890410958904,0,0,0,0.0,1.1095890410958904,-0.1095890410958904,-0.1095890410958904,0.0,-0.1095890410958904,1.0,0.0,0.0,1.0,0.0,0.0,0.0,0.0,0.0,0.0,0.0,0.0
constructed_medium,medium_compressibility,0,24,smooth,2,8,73,73,0,1.0,1.0,0,0,0,0.0,1.0,0.0,0.0,0.09876543209876543,0.0,1.0,0.0,0.0,1.0,0.0,0.0,0.0,0.0,0.0,0.0,0.0,0.0
constructed_medium,medium_compressibility,0,24,delivery_aware_v1,2,8,73,73,0,1.0,1.0,2,0,0,0.0,1.0,0.0,0.0,0.09876543209876543,0.0,0.5,0.0,0.0,0.0,0.0,0.0,0.0,0.0,0.0,0.0,0.0,0.0
constructed_medium,medium_compressibility,0,24,delivery_aware_v2,2,8,73,73,0,1.0,1.0,0,0,0,0.0,1.0,0.0,0.0,0.09876543209876543,0.0,1.0,0.0,0.0,1.0,0.0,0.0,0.0,0.0,0.0,0.0,0.0,0.0
constructed_medium,medium_compressibility,0,24,static,2,12,73,73,0,1.0,1.0,4,0,0,0.0,1.0,0.0,0.0,0.09876543209876543,0.0,0.0,0.0,0.0,-1.0,0.0,0.0,0.0,0.0,0.0,0.0,0.0,0.0
constructed_medium,medium_compressibility,0,24,capacity_aware,2,12,81,81,0,1.0,1.1095890410958904,0,0,0,0.0,1.1095890410958904,-0.1095890410958904,-0.1095890410958904,0.0,-0.1095890410958904,1.0,0.0,0.0,1.0,0.0,0.0,0.0,0.0,0.0,0.0,0.0,0.0
constructed_medium,medium_compressibility,0,24,smooth,2,12,73,73,0,1.0,1.0,0,0,0,0.0,1.0,0.0,0.0,0.09876543209876543,0.0,1.0,0.0,0.0,1.0,0.0,0.0,0.0,0.0,0.0,0.0,0.0,0.0
constructed_medium,medium_compressibility,0,24,delivery_aware_v1,2,12,73,73,0,1.0,1.0,2,0,0,0.0,1.0,0.0,0.0,0.09876543209876543,0.0,0.5,0.0,0.0,0.0,0.0,0.0,0.0,0.0,0.0,0.0,0.0,0.0
constructed_medium,medium_compressibility,0,24,delivery_aware_v2,2,12,73,73,0,1.0,1.0,0,0,0,0.0,1.0,0.0,0.0,0.09876543209876543,0.0,1.0,0.0,0.0,1.0,0.0,0.0,0.0,0.0,0.0,0.0,0.0,0.0
constructed_medium,medium_compressibility,0,24,static,3,0,73,74,1,1.0136986301369864,1.0136986301369864,2,1,2,0.0273972602739726,1.0,0.0,-0.0136986301369863,0.05128205128205128,-0.0136986301369863,0.0,0.0,0.0,0.0,0.0,0.0,0.0,0.0,0.0,0.0,0.0,0.0
constructed_medium,medium_compressibility,0,24,capacity_aware,3,0,78,78,0,1.0,1.0684931506849316,0,0,0,0.0,1.0684931506849316,-0.05405405405405406,-0.0684931506849315,0.0,-0.0684931506849315,1.0,0.0,0.0,0.0,1.0,0.0,0.0,0.0,1.0,0.0,0.0,0.0
constructed_medium,medium_compressibility,0,24,smooth,3,0,73,73,0,1.0,1.0,0,0,0,0.0,1.0,0.013513513513513514,0.0,0.0641025641025641,0.0,1.0,0.0,0.0,0.0,1.0,0.0,0.0,0.0,1.0,0.0,0.0,0.0
constructed_medium,medium_compressibility,0,24,delivery_aware_v1,3,0,73,73,0,1.0,1.0,0,0,0,0.0,1.0,0.013513513513513514,0.0,0.0641025641025641,0.0,1.0,0.0,0.0,0.0,1.0,0.0,0.0,0.0,1.0,0.0,0.0,0.0
constructed_medium,medium_compressibility,0,24,delivery_aware_v2,3,0,73,73,0,1.0,1.0,0,0,0,0.0,1.0,0.013513513513513514,0.0,0.0641025641025641,0.0,1.0,0.0,0.0,0.0,1.0,0.0,0.0,0.0,1.0,0.0,0.0,0.0
constructed_medium,medium_compressibility,0,24,static,3,4,73,73,0,1.0,1.0,2,0,0,0.0,1.0,0.0,0.0,0.0641025641025641,0.0,0.0,0.0,0.0,0.0,0.0,0.0,0.0,0.0,0.0,0.0,0.0,0.0
constructed_medium,medium_compressibility,0,24,capacity_aware,3,4,78,78,0,1.0,1.0684931506849316,0,0,0,0.0,1.0684931506849316,-0.0684931506849315,-0.0684931506849315,0.0,-0.0684931506849315,1.0,0.0,0.0,0.0,0.0,0.0,0.0,0.0,0.0,0.0,0.0,0.0
constructed_medium,medium_compressibility,0,24,smooth,3,4,73,73,0,1.0,1.0,0,0,0,0.0,1.0,0.0,0.0,0.0641025641025641,0.0,1.0,0.0,0.0,0.0,0.0,0.0,0.0,0.0,0.0,0.0,0.0,0.0
constructed_medium,medium_compressibility,0,24,delivery_aware_v1,3,4,73,73,0,1.0,1.0,0,0,0,0.0,1.0,0.0,0.0,0.0641025641025641,0.0,1.0,0.0,0.0,0.0,0.0,0.0,0.0,0.0,0.0,0.0,0.0,0.0
constructed_medium,medium_compressibility,0,24,delivery_aware_v2,3,4,73,73,0,1.0,1.0,0,0,0,0.0,1.0,0.0,0.0,0.0641025641025641,0.0,1.0,0.0,0.0,0.0,0.0,0.0,0.0,0.0,0.0,0.0,0.0,0.0
constructed_medium,medium_compressibility,0,24,static,3,8,73,73,0,1.0,1.0,2,0,0,0.0,1.0,0.0,0.0,0.0641025641025641,0.0,0.0,0.0,0.0,0.0,0.0,0.0,0.0,0.0,0.0,0.0,0.0,0.0
constructed_medium,medium_compressibility,0,24,capacity_aware,3,8,78,78,0,1.0,1.0684931506849316,0,0,0,0.0,1.0684931506849316,-0.0684931506849315,-0.0684931506849315,0.0,-0.0684931506849315,1.0,0.0,0.0,0.0,0.0,0.0,0.0,0.0,0.0,0.0,0.0,0.0
constructed_medium,medium_compressibility,0,24,smooth,3,8,73,73,0,1.0,1.0,0,0,0,0.0,1.0,0.0,0.0,0.0641025641025641,0.0,1.0,0.0,0.0,0.0,0.0,0.0,0.0,0.0,0.0,0.0,0.0,0.0
constructed_medium,medium_compressibility,0,24,delivery_aware_v1,3,8,73,73,0,1.0,1.0,0,0,0,0.0,1.0,0.0,0.0,0.0641025641025641,0.0,1.0,0.0,0.0,0.0,0.0,0.0,0.0,0.0,0.0,0.0,0.0,0.0
constructed_medium,medium_compressibility,0,24,delivery_aware_v2,3,8,73,73,0,1.0,1.0,0,0,0,0.0,1.0,0.0,0.0,0.0641025641025641,0.0,1.0,0.0,0.0,0.0,0.0,0.0,0.0,0.0,0.0,0.0,0.0,0.0
constructed_medium,medium_compressibility,0,24,static,3,12,73,73,0,1.0,1.0,2,0,0,0.0,1.0,0.0,0.0,0.0641025641025641,0.0,0.0,0.0,0.0,0.0,0.0,0.0,0.0,0.0,0.0,0.0,0.0,0.0
constructed_medium,medium_compressibility,0,24,capacity_aware,3,12,78,78,0,1.0,1.0684931506849316,0,0,0,0.0,1.0684931506849316,-0.0684931506849315,-0.0684931506849315,0.0,-0.0684931506849315,1.0,0.0,0.0,0.0,0.0,0.0,0.0,0.0,0.0,0.0,0.0,0.0
constructed_medium,medium_compressibility,0,24,smooth,3,12,73,73,0,1.0,1.0,0,0,0,0.0,1.0,0.0,0.0,0.0641025641025641,0.0,1.0,0.0,0.0,0.0,0.0,0.0,0.0,0.0,0.0,0.0,0.0,0.0
constructed_medium,medium_compressibility,0,24,delivery_aware_v1,3,12,73,73,0,1.0,1.0,0,0,0,0.0,1.0,0.0,0.0,0.0641025641025641,0.0,1.0,0.0,0.0,0.0,0.0,0.0,0.0,0.0,0.0,0.0,0.0,0.0
constructed_medium,medium_compressibility,0,24,delivery_aware_v2,3,12,73,73,0,1.0,1.0,0,0,0,0.0,1.0,0.0,0.0,0.0641025641025641,0.0,1.0,0.0,0.0,0.0,0.0,0.0,0.0,0.0,0.0,0.0,0.0,0.0
constructed_medium,medium_compressibility,0,24,static,4,0,73,73,0,1.0,1.0,0,0,0,0.0,1.0,0.0,0.0,0.02666666666666667,0.0,0.0,0.0,0.0,0.0,0.0,0.0,0.0,0.0,0.0,0.0,0.0,0.0
constructed_medium,medium_compressibility,0,24,capacity_aware,4,0,75,75,0,1.0,1.0273972602739727,0,0,0,0.0,1.0273972602739727,-0.0273972602739726,-0.0273972602739726,0.0,-0.0273972602739726,0.0,0.0,0.0,0.0,0.0,0.0,0.0,0.0,0.0,0.0,0.0,0.0
constructed_medium,medium_compressibility,0,24,smooth,4,0,73,73,0,1.0,1.0,0,0,0,0.0,1.0,0.0,0.0,0.02666666666666667,0.0,0.0,0.0,0.0,0.0,0.0,0.0,0.0,0.0,0.0,0.0,0.0,0.0
constructed_medium,medium_compressibility,0,24,delivery_aware_v1,4,0,73,73,0,1.0,1.0,0,0,0,0.0,1.0,0.0,0.0,0.02666666666666667,0.0,0.0,0.0,0.0,0.0,0.0,0.0,0.0,0.0,0.0,0.0,0.0,0.0
constructed_medium,medium_compressibility,0,24,delivery_aware_v2,4,0,73,73,0,1.0,1.0,0,0,0,0.0,1.0,0.0,0.0,0.02666666666666667,0.0,0.0,0.0,0.0,0.0,0.0,0.0,0.0,0.0,0.0,0.0,0.0,0.0
constructed_medium,medium_compressibility,0,24,static,4,4,73,73,0,1.0,1.0,0,0,0,0.0,1.0,0.0,0.0,0.02666666666666667,0.0,0.0,0.0,0.0,0.0,0.0,0.0,0.0,0.0,0.0,0.0,0.0,0.0
constructed_medium,medium_compressibility,0,24,capacity_aware,4,4,75,75,0,1.0,1.0273972602739727,0,0,0,0.0,1.0273972602739727,-0.0273972602739726,-0.0273972602739726,0.0,-0.0273972602739726,0.0,0.0,0.0,0.0,0.0,0.0,0.0,0.0,0.0,0.0,0.0,0.0
constructed_medium,medium_compressibility,0,24,smooth,4,4,73,73,0,1.0,1.0,0,0,0,0.0,1.0,0.0,0.0,0.02666666666666667,0.0,0.0,0.0,0.0,0.0,0.0,0.0,0.0,0.0,0.0,0.0,0.0,0.0
constructed_medium,medium_compressibility,0,24,delivery_aware_v1,4,4,73,73,0,1.0,1.0,0,0,0,0.0,1.0,0.0,0.0,0.02666666666666667,0.0,0.0,0.0,0.0,0.0,0.0,0.0,0.0,0.0,0.0,0.0,0.0,0.0
constructed_medium,medium_compressibility,0,24,delivery_aware_v2,4,4,73,73,0,1.0,1.0,0,0,0,0.0,1.0,0.0,0.0,0.02666666666666667,0.0,0.0,0.0,0.0,0.0,0.0,0.0,0.0,0.0,0.0,0.0,0.0,0.0
constructed_medium,medium_compressibility,0,24,static,4,8,73,73,0,1.0,1.0,0,0,0,0.0,1.0,0.0,0.0,0.02666666666666667,0.0,0.0,0.0,0.0,0.0,0.0,0.0,0.0,0.0,0.0,0.0,0.0,0.0
constructed_medium,medium_compressibility,0,24,capacity_aware,4,8,75,75,0,1.0,1.0273972602739727,0,0,0,0.0,1.0273972602739727,-0.0273972602739726,-0.0273972602739726,0.0,-0.0273972602739726,0.0,0.0,0.0,0.0,0.0,0.0,0.0,0.0,0.0,0.0,0.0,0.0
constructed_medium,medium_compressibility,0,24,smooth,4,8,73,73,0,1.0,1.0,0,0,0,0.0,1.0,0.0,0.0,0.02666666666666667,0.0,0.0,0.0,0.0,0.0,0.0,0.0,0.0,0.0,0.0,0.0,0.0,0.0
constructed_medium,medium_compressibility,0,24,delivery_aware_v1,4,8,73,73,0,1.0,1.0,0,0,0,0.0,1.0,0.0,0.0,0.02666666666666667,0.0,0.0,0.0,0.0,0.0,0.0,0.0,0.0,0.0,0.0,0.0,0.0,0.0
constructed_medium,medium_compressibility,0,24,delivery_aware_v2,4,8,73,73,0,1.0,1.0,0,0,0,0.0,1.0,0.0,0.0,0.02666666666666667,0.0,0.0,0.0,0.0,0.0,0.0,0.0,0.0,0.0,0.0,0.0,0.0,0.0
constructed_medium,medium_compressibility,0,24,static,4,12,73,73,0,1.0,1.0,0,0,0,0.0,1.0,0.0,0.0,0.02666666666666667,0.0,0.0,0.0,0.0,0.0,0.0,0.0,0.0,0.0,0.0,0.0,0.0,0.0
constructed_medium,medium_compressibility,0,24,capacity_aware,4,12,75,75,0,1.0,1.0273972602739727,0,0,0,0.0,1.0273972602739727,-0.0273972602739726,-0.0273972602739726,0.0,-0.0273972602739726,0.0,0.0,0.0,0.0,0.0,0.0,0.0,0.0,0.0,0.0,0.0,0.0
constructed_medium,medium_compressibility,0,24,smooth,4,12,73,73,0,1.0,1.0,0,0,0,0.0,1.0,0.0,0.0,0.02666666666666667,0.0,0.0,0.0,0.0,0.0,0.0,0.0,0.0,0.0,0.0,0.0,0.0,0.0
constructed_medium,medium_compressibility,0,24,delivery_aware_v1,4,12,73,73,0,1.0,1.0,0,0,0,0.0,1.0,0.0,0.0,0.02666666666666667,0.0,0.0,0.0,0.0,0.0,0.0,0.0,0.0,0.0,0.0,0.0,0.0,0.0
constructed_medium,medium_compressibility,0,24,delivery_aware_v2,4,12,73,73,0,1.0,1.0,0,0,0,0.0,1.0,0.0,0.0,0.02666666666666667,0.0,0.0,0.0,0.0,0.0,0.0,0.0,0.0,0.0,0.0,0.0,0.0,0.0
constructed_medium,medium_compressibility,0,24,static,5,0,73,73,0,1.0,1.0,0,0,0,0.0,1.0,0.0,0.0,0.02666666666666667,0.0,0.0,0.0,0.0,0.0,0.0,0.0,0.0,0.0,0.0,0.0,0.0,0.0
constructed_medium,medium_compressibility,0,24,capacity_aware,5,0,75,75,0,1.0,1.0273972602739727,0,0,0,0.0,1.0273972602739727,-0.0273972602739726,-0.0273972602739726,0.0,-0.0273972602739726,0.0,0.0,0.0,0.0,0.0,0.0,0.0,0.0,0.0,0.0,0.0,0.0
constructed_medium,medium_compressibility,0,24,smooth,5,0,73,73,0,1.0,1.0,0,0,0,0.0,1.0,0.0,0.0,0.02666666666666667,0.0,0.0,0.0,0.0,0.0,0.0,0.0,0.0,0.0,0.0,0.0,0.0,0.0
constructed_medium,medium_compressibility,0,24,delivery_aware_v1,5,0,73,73,0,1.0,1.0,0,0,0,0.0,1.0,0.0,0.0,0.02666666666666667,0.0,0.0,0.0,0.0,0.0,0.0,0.0,0.0,0.0,0.0,0.0,0.0,0.0
constructed_medium,medium_compressibility,0,24,delivery_aware_v2,5,0,73,73,0,1.0,1.0,0,0,0,0.0,1.0,0.0,0.0,0.02666666666666667,0.0,0.0,0.0,0.0,0.0,0.0,0.0,0.0,0.0,0.0,0.0,0.0,0.0
constructed_medium,medium_compressibility,0,24,static,5,4,73,73,0,1.0,1.0,0,0,0,0.0,1.0,0.0,0.0,0.02666666666666667,0.0,0.0,0.0,0.0,0.0,0.0,0.0,0.0,0.0,0.0,0.0,0.0,0.0
constructed_medium,medium_compressibility,0,24,capacity_aware,5,4,75,75,0,1.0,1.0273972602739727,0,0,0,0.0,1.0273972602739727,-0.0273972602739726,-0.0273972602739726,0.0,-0.0273972602739726,0.0,0.0,0.0,0.0,0.0,0.0,0.0,0.0,0.0,0.0,0.0,0.0
constructed_medium,medium_compressibility,0,24,smooth,5,4,73,73,0,1.0,1.0,0,0,0,0.0,1.0,0.0,0.0,0.02666666666666667,0.0,0.0,0.0,0.0,0.0,0.0,0.0,0.0,0.0,0.0,0.0,0.0,0.0
constructed_medium,medium_compressibility,0,24,delivery_aware_v1,5,4,73,73,0,1.0,1.0,0,0,0,0.0,1.0,0.0,0.0,0.02666666666666667,0.0,0.0,0.0,0.0,0.0,0.0,0.0,0.0,0.0,0.0,0.0,0.0,0.0
constructed_medium,medium_compressibility,0,24,delivery_aware_v2,5,4,73,73,0,1.0,1.0,0,0,0,0.0,1.0,0.0,0.0,0.02666666666666667,0.0,0.0,0.0,0.0,0.0,0.0,0.0,0.0,0.0,0.0,0.0,0.0,0.0
constructed_medium,medium_compressibility,0,24,static,5,8,73,73,0,1.0,1.0,0,0,0,0.0,1.0,0.0,0.0,0.02666666666666667,0.0,0.0,0.0,0.0,0.0,0.0,0.0,0.0,0.0,0.0,0.0,0.0,0.0
constructed_medium,medium_compressibility,0,24,capacity_aware,5,8,75,75,0,1.0,1.0273972602739727,0,0,0,0.0,1.0273972602739727,-0.0273972602739726,-0.0273972602739726,0.0,-0.0273972602739726,0.0,0.0,0.0,0.0,0.0,0.0,0.0,0.0,0.0,0.0,0.0,0.0
constructed_medium,medium_compressibility,0,24,smooth,5,8,73,73,0,1.0,1.0,0,0,0,0.0,1.0,0.0,0.0,0.02666666666666667,0.0,0.0,0.0,0.0,0.0,0.0,0.0,0.0,0.0,0.0,0.0,0.0,0.0
constructed_medium,medium_compressibility,0,24,delivery_aware_v1,5,8,73,73,0,1.0,1.0,0,0,0,0.0,1.0,0.0,0.0,0.02666666666666667,0.0,0.0,0.0,0.0,0.0,0.0,0.0,0.0,0.0,0.0,0.0,0.0,0.0
constructed_medium,medium_compressibility,0,24,delivery_aware_v2,5,8,73,73,0,1.0,1.0,0,0,0,0.0,1.0,0.0,0.0,0.02666666666666667,0.0,0.0,0.0,0.0,0.0,0.0,0.0,0.0,0.0,0.0,0.0,0.0,0.0
constructed_medium,medium_compressibility,0,24,static,5,12,73,73,0,1.0,1.0,0,0,0,0.0,1.0,0.0,0.0,0.02666666666666667,0.0,0.0,0.0,0.0,0.0,0.0,0.0,0.0,0.0,0.0,0.0,0.0,0.0
constructed_medium,medium_compressibility,0,24,capacity_aware,5,12,75,75,0,1.0,1.0273972602739727,0,0,0,0.0,1.0273972602739727,-0.0273972602739726,-0.0273972602739726,0.0,-0.0273972602739726,0.0,0.0,0.0,0.0,0.0,0.0,0.0,0.0,0.0,0.0,0.0,0.0
constructed_medium,medium_compressibility,0,24,smooth,5,12,73,73,0,1.0,1.0,0,0,0,0.0,1.0,0.0,0.0,0.02666666666666667,0.0,0.0,0.0,0.0,0.0,0.0,0.0,0.0,0.0,0.0,0.0,0.0,0.0
constructed_medium,medium_compressibility,0,24,delivery_aware_v1,5,12,73,73,0,1.0,1.0,0,0,0,0.0,1.0,0.0,0.0,0.02666666666666667,0.0,0.0,0.0,0.0,0.0,0.0,0.0,0.0,0.0,0.0,0.0,0.0,0.0
constructed_medium,medium_compressibility,0,24,delivery_aware_v2,5,12,73,73,0,1.0,1.0,0,0,0,0.0,1.0,0.0,0.0,0.02666666666666667,0.0,0.0,0.0,0.0,0.0,0.0,0.0,0.0,0.0,0.0,0.0,0.0,0.0
constructed_low,low_compressibility,0,24,static,1,0,110,110,0,1.0,1.0,0,0,0,0.0,1.0,0.0,0.0,0.0,0.0,0.0,0.0,0.0,0.0,0.0,0.0,0.0,0.0,0.0,0.0,0.0,0.0
constructed_low,low_compressibility,0,24,capacity_aware,1,0,110,110,0,1.0,1.0,0,0,0,0.0,1.0,0.0,0.0,0.0,0.0,0.0,0.0,0.0,0.0,0.0,0.0,0.0,0.0,0.0,0.0,0.0,0.0
constructed_low,low_compressibility,0,24,smooth,1,0,110,110,0,1.0,1.0,0,0,0,0.0,1.0,0.0,0.0,0.0,0.0,0.0,0.0,0.0,0.0,0.0,0.0,0.0,0.0,0.0,0.0,0.0,0.0
constructed_low,low_compressibility,0,24,delivery_aware_v1,1,0,110,110,0,1.0,1.0,0,0,0,0.0,1.0,0.0,0.0,0.0,0.0,0.0,0.0,0.0,0.0,0.0,0.0,0.0,0.0,0.0,0.0,0.0,0.0
constructed_low,low_compressibility,0,24,delivery_aware_v2,1,0,110,110,0,1.0,1.0,0,0,0,0.0,1.0,0.0,0.0,0.0,0.0,0.0,0.0,0.0,0.0,0.0,0.0,0.0,0.0,0.0,0.0,0.0,0.0
constructed_low,low_compressibility,0,24,static,1,4,110,110,0,1.0,1.0,0,0,0,0.0,1.0,0.0,0.0,0.0,0.0,0.0,0.0,0.0,0.0,0.0,0.0,0.0,0.0,0.0,0.0,0.0,0.0
constructed_low,low_compressibility,0,24,capacity_aware,1,4,110,110,0,1.0,1.0,0,0,0,0.0,1.0,0.0,0.0,0.0,0.0,0.0,0.0,0.0,0.0,0.0,0.0,0.0,0.0,0.0,0.0,0.0,0.0
constructed_low,low_compressibility,0,24,smooth,1,4,110,110,0,1.0,1.0,0,0,0,0.0,1.0,0.0,0.0,0.0,0.0,0.0,0.0,0.0,0.0,0.0,0.0,0.0,0.0,0.0,0.0,0.0,0.0
constructed_low,low_compressibility,0,24,delivery_aware_v1,1,4,110,110,0,1.0,1.0,0,0,0,0.0,1.0,0.0,0.0,0.0,0.0,0.0,0.0,0.0,0.0,0.0,0.0,0.0,0.0,0.0,0.0,0.0,0.0
constructed_low,low_compressibility,0,24,delivery_aware_v2,1,4,110,110,0,1.0,1.0,0,0,0,0.0,1.0,0.0,0.0,0.0,0.0,0.0,0.0,0.0,0.0,0.0,0.0,0.0,0.0,0.0,0.0,0.0,0.0
constructed_low,low_compressibility,0,24,static,1,8,110,110,0,1.0,1.0,0,0,0,0.0,1.0,0.0,0.0,0.0,0.0,0.0,0.0,0.0,0.0,0.0,0.0,0.0,0.0,0.0,0.0,0.0,0.0
constructed_low,low_compressibility,0,24,capacity_aware,1,8,110,110,0,1.0,1.0,0,0,0,0.0,1.0,0.0,0.0,0.0,0.0,0.0,0.0,0.0,0.0,0.0,0.0,0.0,0.0,0.0,0.0,0.0,0.0
constructed_low,low_compressibility,0,24,smooth,1,8,110,110,0,1.0,1.0,0,0,0,0.0,1.0,0.0,0.0,0.0,0.0,0.0,0.0,0.0,0.0,0.0,0.0,0.0,0.0,0.0,0.0,0.0,0.0
constructed_low,low_compressibility,0,24,delivery_aware_v1,1,8,110,110,0,1.0,1.0,0,0,0,0.0,1.0,0.0,0.0,0.0,0.0,0.0,0.0,0.0,0.0,0.0,0.0,0.0,0.0,0.0,0.0,0.0,0.0
constructed_low,low_compressibility,0,24,delivery_aware_v2,1,8,110,110,0,1.0,1.0,0,0,0,0.0,1.0,0.0,0.0,0.0,0.0,0.0,0.0,0.0,0.0,0.0,0.0,0.0,0.0,0.0,0.0,0.0,0.0
constructed_low,low_compressibility,0,24,static,1,12,110,110,0,1.0,1.0,0,0,0,0.0,1.0,0.0,0.0,0.0,0.0,0.0,0.0,0.0,0.0,0.0,0.0,0.0,0.0,0.0,0.0,0.0,0.0
constructed_low,low_compressibility,0,24,capacity_aware,1,12,110,110,0,1.0,1.0,0,0,0,0.0,1.0,0.0,0.0,0.0,0.0,0.0,0.0,0.0,0.0,0.0,0.0,0.0,0.0,0.0,0.0,0.0,0.0
constructed_low,low_compressibility,0,24,smooth,1,12,110,110,0,1.0,1.0,0,0,0,0.0,1.0,0.0,0.0,0.0,0.0,0.0,0.0,0.0,0.0,0.0,0.0,0.0,0.0,0.0,0.0,0.0,0.0
constructed_low,low_compressibility,0,24,delivery_aware_v1,1,12,110,110,0,1.0,1.0,0,0,0,0.0,1.0,0.0,0.0,0.0,0.0,0.0,0.0,0.0,0.0,0.0,0.0,0.0,0.0,0.0,0.0,0.0,0.0
constructed_low,low_compressibility,0,24,delivery_aware_v2,1,12,110,110,0,1.0,1.0,0,0,0,0.0,1.0,0.0,0.0,0.0,0.0,0.0,0.0,0.0,0.0,0.0,0.0,0.0,0.0,0.0,0.0,0.0,0.0
constructed_low,low_compressibility,0,24,static,2,0,110,110,0,1.0,1.0,0,0,0,0.0,1.0,0.0,0.0,0.0,0.0,0.0,0.0,0.0,0.0,0.0,0.0,0.0,0.0,0.0,0.0,0.0,0.0
constructed_low,low_compressibility,0,24,capacity_aware,2,0,110,110,0,1.0,1.0,0,0,0,0.0,1.0,0.0,0.0,0.0,0.0,0.0,0.0,0.0,0.0,0.0,0.0,0.0,0.0,0.0,0.0,0.0,0.0
constructed_low,low_compressibility,0,24,smooth,2,0,110,110,0,1.0,1.0,0,0,0,0.0,1.0,0.0,0.0,0.0,0.0,0.0,0.0,0.0,0.0,0.0,0.0,0.0,0.0,0.0,0.0,0.0,0.0
constructed_low,low_compressibility,0,24,delivery_aware_v1,2,0,110,110,0,1.0,1.0,0,0,0,0.0,1.0,0.0,0.0,0.0,0.0,0.0,0.0,0.0,0.0,0.0,0.0,0.0,0.0,0.0,0.0,0.0,0.0
constructed_low,low_compressibility,0,24,delivery_aware_v2,2,0,110,110,0,1.0,1.0,0,0,0,0.0,1.0,0.0,0.0,0.0,0.0,0.0,0.0,0.0,0.0,0.0,0.0,0.0,0.0,0.0,0.0,0.0,0.0
constructed_low,low_compressibility,0,24,static,2,4,110,110,0,1.0,1.0,0,0,0,0.0,1.0,0.0,0.0,0.0,0.0,0.0,0.0,0.0,0.0,0.0,0.0,0.0,0.0,0.0,0.0,0.0,0.0
constructed_low,low_compressibility,0,24,capacity_aware,2,4,110,110,0,1.0,1.0,0,0,0,0.0,1.0,0.0,0.0,0.0,0.0,0.0,0.0,0.0,0.0,0.0,0.0,0.0,0.0,0.0,0.0,0.0,0.0
constructed_low,low_compressibility,0,24,smooth,2,4,110,110,0,1.0,1.0,0,0,0,0.0,1.0,0.0,0.0,0.0,0.0,0.0,0.0,0.0,0.0,0.0,0.0,0.0,0.0,0.0,0.0,0.0,0.0
constructed_low,low_compressibility,0,24,delivery_aware_v1,2,4,110,110,0,1.0,1.0,0,0,0,0.0,1.0,0.0,0.0,0.0,0.0,0.0,0.0,0.0,0.0,0.0,0.0,0.0,0.0,0.0,0.0,0.0,0.0
constructed_low,low_compressibility,0,24,delivery_aware_v2,2,4,110,110,0,1.0,1.0,0,0,0,0.0,1.0,0.0,0.0,0.0,0.0,0.0,0.0,0.0,0.0,0.0,0.0,0.0,0.0,0.0,0.0,0.0,0.0
constructed_low,low_compressibility,0,24,static,2,8,110,110,0,1.0,1.0,0,0,0,0.0,1.0,0.0,0.0,0.0,0.0,0.0,0.0,0.0,0.0,0.0,0.0,0.0,0.0,0.0,0.0,0.0,0.0
constructed_low,low_compressibility,0,24,capacity_aware,2,8,110,110,0,1.0,1.0,0,0,0,0.0,1.0,0.0,0.0,0.0,0.0,0.0,0.0,0.0,0.0,0.0,0.0,0.0,0.0,0.0,0.0,0.0,0.0
constructed_low,low_compressibility,0,24,smooth,2,8,110,110,0,1.0,1.0,0,0,0,0.0,1.0,0.0,0.0,0.0,0.0,0.0,0.0,0.0,0.0,0.0,0.0,0.0,0.0,0.0,0.0,0.0,0.0
constructed_low,low_compressibility,0,24,delivery_aware_v1,2,8,110,110,0,1.0,1.0,0,0,0,0.0,1.0,0.0,0.0,0.0,0.0,0.0,0.0,0.0,0.0,0.0,0.0,0.0,0.0,0.0,0.0,0.0,0.0
constructed_low,low_compressibility,0,24,delivery_aware_v2,2,8,110,110,0,1.0,1.0,0,0,0,0.0,1.0,0.0,0.0,0.0,0.0,0.0,0.0,0.0,0.0,0.0,0.0,0.0,0.0,0.0,0.0,0.0,0.0
constructed_low,low_compressibility,0,24,static,2,12,110,110,0,1.0,1.0,0,0,0,0.0,1.0,0.0,0.0,0.0,0.0,0.0,0.0,0.0,0.0,0.0,0.0,0.0,0.0,0.0,0.0,0.0,0.0
constructed_low,low_compressibility,0,24,capacity_aware,2,12,110,110,0,1.0,1.0,0,0,0,0.0,1.0,0.0,0.0,0.0,0.0,0.0,0.0,0.0,0.0,0.0,0.0,0.0,0.0,0.0,0.0,0.0,0.0
constructed_low,low_compressibility,0,24,smooth,2,12,110,110,0,1.0,1.0,0,0,0,0.0,1.0,0.0,0.0,0.0,0.0,0.0,0.0,0.0,0.0,0.0,0.0,0.0,0.0,0.0,0.0,0.0,0.0
constructed_low,low_compressibility,0,24,delivery_aware_v1,2,12,110,110,0,1.0,1.0,0,0,0,0.0,1.0,0.0,0.0,0.0,0.0,0.0,0.0,0.0,0.0,0.0,0.0,0.0,0.0,0.0,0.0,0.0,0.0
constructed_low,low_compressibility,0,24,delivery_aware_v2,2,12,110,110,0,1.0,1.0,0,0,0,0.0,1.0,0.0,0.0,0.0,0.0,0.0,0.0,0.0,0.0,0.0,0.0,0.0,0.0,0.0,0.0,0.0,0.0
constructed_low,low_compressibility,0,24,static,3,0,110,110,0,1.0,1.0,0,0,0,0.0,1.0,0.0,0.0,0.0,0.0,0.0,0.0,0.0,0.0,0.0,0.0,0.0,0.0,0.0,0.0,0.0,0.0
constructed_low,low_compressibility,0,24,capacity_aware,3,0,110,110,0,1.0,1.0,0,0,0,0.0,1.0,0.0,0.0,0.0,0.0,0.0,0.0,0.0,0.0,0.0,0.0,0.0,0.0,0.0,0.0,0.0,0.0
constructed_low,low_compressibility,0,24,smooth,3,0,110,110,0,1.0,1.0,0,0,0,0.0,1.0,0.0,0.0,0.0,0.0,0.0,0.0,0.0,0.0,0.0,0.0,0.0,0.0,0.0,0.0,0.0,0.0
constructed_low,low_compressibility,0,24,delivery_aware_v1,3,0,110,110,0,1.0,1.0,0,0,0,0.0,1.0,0.0,0.0,0.0,0.0,0.0,0.0,0.0,0.0,0.0,0.0,0.0,0.0,0.0,0.0,0.0,0.0
constructed_low,low_compressibility,0,24,delivery_aware_v2,3,0,110,110,0,1.0,1.0,0,0,0,0.0,1.0,0.0,0.0,0.0,0.0,0.0,0.0,0.0,0.0,0.0,0.0,0.0,0.0,0.0,0.0,0.0,0.0
constructed_low,low_compressibility,0,24,static,3,4,110,110,0,1.0,1.0,0,0,0,0.0,1.0,0.0,0.0,0.0,0.0,0.0,0.0,0.0,0.0,0.0,0.0,0.0,0.0,0.0,0.0,0.0,0.0
constructed_low,low_compressibility,0,24,capacity_aware,3,4,110,110,0,1.0,1.0,0,0,0,0.0,1.0,0.0,0.0,0.0,0.0,0.0,0.0,0.0,0.0,0.0,0.0,0.0,0.0,0.0,0.0,0.0,0.0
constructed_low,low_compressibility,0,24,smooth,3,4,110,110,0,1.0,1.0,0,0,0,0.0,1.0,0.0,0.0,0.0,0.0,0.0,0.0,0.0,0.0,0.0,0.0,0.0,0.0,0.0,0.0,0.0,0.0
constructed_low,low_compressibility,0,24,delivery_aware_v1,3,4,110,110,0,1.0,1.0,0,0,0,0.0,1.0,0.0,0.0,0.0,0.0,0.0,0.0,0.0,0.0,0.0,0.0,0.0,0.0,0.0,0.0,0.0,0.0
constructed_low,low_compressibility,0,24,delivery_aware_v2,3,4,110,110,0,1.0,1.0,0,0,0,0.0,1.0,0.0,0.0,0.0,0.0,0.0,0.0,0.0,0.0,0.0,0.0,0.0,0.0,0.0,0.0,0.0,0.0
constructed_low,low_compressibility,0,24,static,3,8,110,110,0,1.0,1.0,0,0,0,0.0,1.0,0.0,0.0,0.0,0.0,0.0,0.0,0.0,0.0,0.0,0.0,0.0,0.0,0.0,0.0,0.0,0.0
constructed_low,low_compressibility,0,24,capacity_aware,3,8,110,110,0,1.0,1.0,0,0,0,0.0,1.0,0.0,0.0,0.0,0.0,0.0,0.0,0.0,0.0,0.0,0.0,0.0,0.0,0.0,0.0,0.0,0.0
constructed_low,low_compressibility,0,24,smooth,3,8,110,110,0,1.0,1.0,0,0,0,0.0,1.0,0.0,0.0,0.0,0.0,0.0,0.0,0.0,0.0,0.0,0.0,0.0,0.0,0.0,0.0,0.0,0.0
constructed_low,low_compressibility,0,24,delivery_aware_v1,3,8,110,110,0,1.0,1.0,0,0,0,0.0,1.0,0.0,0.0,0.0,0.0,0.0,0.0,0.0,0.0,0.0,0.0,0.0,0.0,0.0,0.0,0.0,0.0
constructed_low,low_compressibility,0,24,delivery_aware_v2,3,8,110,110,0,1.0,1.0,0,0,0,0.0,1.0,0.0,0.0,0.0,0.0,0.0,0.0,0.0,0.0,0.0,0.0,0.0,0.0,0.0,0.0,0.0,0.0
constructed_low,low_compressibility,0,24,static,3,12,110,110,0,1.0,1.0,0,0,0,0.0,1.0,0.0,0.0,0.0,0.0,0.0,0.0,0.0,0.0,0.0,0.0,0.0,0.0,0.0,0.0,0.0,0.0
constructed_low,low_compressibility,0,24,capacity_aware,3,12,110,110,0,1.0,1.0,0,0,0,0.0,1.0,0.0,0.0,0.0,0.0,0.0,0.0,0.0,0.0,0.0,0.0,0.0,0.0,0.0,0.0,0.0,0.0
constructed_low,low_compressibility,0,24,smooth,3,12,110,110,0,1.0,1.0,0,0,0,0.0,1.0,0.0,0.0,0.0,0.0,0.0,0.0,0.0,0.0,0.0,0.0,0.0,0.0,0.0,0.0,0.0,0.0
constructed_low,low_compressibility,0,24,delivery_aware_v1,3,12,110,110,0,1.0,1.0,0,0,0,0.0,1.0,0.0,0.0,0.0,0.0,0.0,0.0,0.0,0.0,0.0,0.0,0.0,0.0,0.0,0.0,0.0,0.0
constructed_low,low_compressibility,0,24,delivery_aware_v2,3,12,110,110,0,1.0,1.0,0,0,0,0.0,1.0,0.0,0.0,0.0,0.0,0.0,0.0,0.0,0.0,0.0,0.0,0.0,0.0,0.0,0.0,0.0,0.0
constructed_low,low_compressibility,0,24,static,4,0,110,110,0,1.0,1.0,0,0,0,0.0,1.0,0.0,0.0,0.0,0.0,0.0,0.0,0.0,0.0,0.0,0.0,0.0,0.0,0.0,0.0,0.0,0.0
constructed_low,low_compressibility,0,24,capacity_aware,4,0,110,110,0,1.0,1.0,0,0,0,0.0,1.0,0.0,0.0,0.0,0.0,0.0,0.0,0.0,0.0,0.0,0.0,0.0,0.0,0.0,0.0,0.0,0.0
constructed_low,low_compressibility,0,24,smooth,4,0,110,110,0,1.0,1.0,0,0,0,0.0,1.0,0.0,0.0,0.0,0.0,0.0,0.0,0.0,0.0,0.0,0.0,0.0,0.0,0.0,0.0,0.0,0.0
constructed_low,low_compressibility,0,24,delivery_aware_v1,4,0,110,110,0,1.0,1.0,0,0,0,0.0,1.0,0.0,0.0,0.0,0.0,0.0,0.0,0.0,0.0,0.0,0.0,0.0,0.0,0.0,0.0,0.0,0.0
constructed_low,low_compressibility,0,24,delivery_aware_v2,4,0,110,110,0,1.0,1.0,0,0,0,0.0,1.0,0.0,0.0,0.0,0.0,0.0,0.0,0.0,0.0,0.0,0.0,0.0,0.0,0.0,0.0,0.0,0.0
constructed_low,low_compressibility,0,24,static,4,4,110,110,0,1.0,1.0,0,0,0,0.0,1.0,0.0,0.0,0.0,0.0,0.0,0.0,0.0,0.0,0.0,0.0,0.0,0.0,0.0,0.0,0.0,0.0
constructed_low,low_compressibility,0,24,capacity_aware,4,4,110,110,0,1.0,1.0,0,0,0,0.0,1.0,0.0,0.0,0.0,0.0,0.0,0.0,0.0,0.0,0.0,0.0,0.0,0.0,0.0,0.0,0.0,0.0
constructed_low,low_compressibility,0,24,smooth,4,4,110,110,0,1.0,1.0,0,0,0,0.0,1.0,0.0,0.0,0.0,0.0,0.0,0.0,0.0,0.0,0.0,0.0,0.0,0.0,0.0,0.0,0.0,0.0
constructed_low,low_compressibility,0,24,delivery_aware_v1,4,4,110,110,0,1.0,1.0,0,0,0,0.0,1.0,0.0,0.0,0.0,0.0,0.0,0.0,0.0,0.0,0.0,0.0,0.0,0.0,0.0,0.0,0.0,0.0
constructed_low,low_compressibility,0,24,delivery_aware_v2,4,4,110,110,0,1.0,1.0,0,0,0,0.0,1.0,0.0,0.0,0.0,0.0,0.0,0.0,0.0,0.0,0.0,0.0,0.0,0.0,0.0,0.0,0.0,0.0
constructed_low,low_compressibility,0,24,static,4,8,110,110,0,1.0,1.0,0,0,0,0.0,1.0,0.0,0.0,0.0,0.0,0.0,0.0,0.0,0.0,0.0,0.0,0.0,0.0,0.0,0.0,0.0,0.0
constructed_low,low_compressibility,0,24,capacity_aware,4,8,110,110,0,1.0,1.0,0,0,0,0.0,1.0,0.0,0.0,0.0,0.0,0.0,0.0,0.0,0.0,0.0,0.0,0.0,0.0,0.0,0.0,0.0,0.0
constructed_low,low_compressibility,0,24,smooth,4,8,110,110,0,1.0,1.0,0,0,0,0.0,1.0,0.0,0.0,0.0,0.0,0.0,0.0,0.0,0.0,0.0,0.0,0.0,0.0,0.0,0.0,0.0,0.0
constructed_low,low_compressibility,0,24,delivery_aware_v1,4,8,110,110,0,1.0,1.0,0,0,0,0.0,1.0,0.0,0.0,0.0,0.0,0.0,0.0,0.0,0.0,0.0,0.0,0.0,0.0,0.0,0.0,0.0,0.0
constructed_low,low_compressibility,0,24,delivery_aware_v2,4,8,110,110,0,1.0,1.0,0,0,0,0.0,1.0,0.0,0.0,0.0,0.0,0.0,0.0,0.0,0.0,0.0,0.0,0.0,0.0,0.0,0.0,0.0,0.0
constructed_low,low_compressibility,0,24,static,4,12,110,110,0,1.0,1.0,0,0,0,0.0,1.0,0.0,0.0,0.0,0.0,0.0,0.0,0.0,0.0,0.0,0.0,0.0,0.0,0.0,0.0,0.0,0.0
constructed_low,low_compressibility,0,24,capacity_aware,4,12,110,110,0,1.0,1.0,0,0,0,0.0,1.0,0.0,0.0,0.0,0.0,0.0,0.0,0.0,0.0,0.0,0.0,0.0,0.0,0.0,0.0,0.0,0.0
constructed_low,low_compressibility,0,24,smooth,4,12,110,110,0,1.0,1.0,0,0,0,0.0,1.0,0.0,0.0,0.0,0.0,0.0,0.0,0.0,0.0,0.0,0.0,0.0,0.0,0.0,0.0,0.0,0.0
constructed_low,low_compressibility,0,24,delivery_aware_v1,4,12,110,110,0,1.0,1.0,0,0,0,0.0,1.0,0.0,0.0,0.0,0.0,0.0,0.0,0.0,0.0,0.0,0.0,0.0,0.0,0.0,0.0,0.0,0.0
constructed_low,low_compressibility,0,24,delivery_aware_v2,4,12,110,110,0,1.0,1.0,0,0,0,0.0,1.0,0.0,0.0,0.0,0.0,0.0,0.0,0.0,0.0,0.0,0.0,0.0,0.0,0.0,0.0,0.0,0.0
constructed_low,low_compressibility,0,24,static,5,0,110,110,0,1.0,1.0,0,0,0,0.0,1.0,0.0,0.0,0.0,0.0,0.0,0.0,0.0,0.0,0.0,0.0,0.0,0.0,0.0,0.0,0.0,0.0
constructed_low,low_compressibility,0,24,capacity_aware,5,0,110,110,0,1.0,1.0,0,0,0,0.0,1.0,0.0,0.0,0.0,0.0,0.0,0.0,0.0,0.0,0.0,0.0,0.0,0.0,0.0,0.0,0.0,0.0
constructed_low,low_compressibility,0,24,smooth,5,0,110,110,0,1.0,1.0,0,0,0,0.0,1.0,0.0,0.0,0.0,0.0,0.0,0.0,0.0,0.0,0.0,0.0,0.0,0.0,0.0,0.0,0.0,0.0
constructed_low,low_compressibility,0,24,delivery_aware_v1,5,0,110,110,0,1.0,1.0,0,0,0,0.0,1.0,0.0,0.0,0.0,0.0,0.0,0.0,0.0,0.0,0.0,0.0,0.0,0.0,0.0,0.0,0.0,0.0
constructed_low,low_compressibility,0,24,delivery_aware_v2,5,0,110,110,0,1.0,1.0,0,0,0,0.0,1.0,0.0,0.0,0.0,0.0,0.0,0.0,0.0,0.0,0.0,0.0,0.0,0.0,0.0,0.0,0.0,0.0
constructed_low,low_compressibility,0,24,static,5,4,110,110,0,1.0,1.0,0,0,0,0.0,1.0,0.0,0.0,0.0,0.0,0.0,0.0,0.0,0.0,0.0,0.0,0.0,0.0,0.0,0.0,0.0,0.0
constructed_low,low_compressibility,0,24,capacity_aware,5,4,110,110,0,1.0,1.0,0,0,0,0.0,1.0,0.0,0.0,0.0,0.0,0.0,0.0,0.0,0.0,0.0,0.0,0.0,0.0,0.0,0.0,0.0,0.0
constructed_low,low_compressibility,0,24,smooth,5,4,110,110,0,1.0,1.0,0,0,0,0.0,1.0,0.0,0.0,0.0,0.0,0.0,0.0,0.0,0.0,0.0,0.0,0.0,0.0,0.0,0.0,0.0,0.0
constructed_low,low_compressibility,0,24,delivery_aware_v1,5,4,110,110,0,1.0,1.0,0,0,0,0.0,1.0,0.0,0.0,0.0,0.0,0.0,0.0,0.0,0.0,0.0,0.0,0.0,0.0,0.0,0.0,0.0,0.0
constructed_low,low_compressibility,0,24,delivery_aware_v2,5,4,110,110,0,1.0,1.0,0,0,0,0.0,1.0,0.0,0.0,0.0,0.0,0.0,0.0,0.0,0.0,0.0,0.0,0.0,0.0,0.0,0.0,0.0,0.0
constructed_low,low_compressibility,0,24,static,5,8,110,110,0,1.0,1.0,0,0,0,0.0,1.0,0.0,0.0,0.0,0.0,0.0,0.0,0.0,0.0,0.0,0.0,0.0,0.0,0.0,0.0,0.0,0.0
constructed_low,low_compressibility,0,24,capacity_aware,5,8,110,110,0,1.0,1.0,0,0,0,0.0,1.0,0.0,0.0,0.0,0.0,0.0,0.0,0.0,0.0,0.0,0.0,0.0,0.0,0.0,0.0,0.0,0.0
constructed_low,low_compressibility,0,24,smooth,5,8,110,110,0,1.0,1.0,0,0,0,0.0,1.0,0.0,0.0,0.0,0.0,0.0,0.0,0.0,0.0,0.0,0.0,0.0,0.0,0.0,0.0,0.0,0.0
constructed_low,low_compressibility,0,24,delivery_aware_v1,5,8,110,110,0,1.0,1.0,0,0,0,0.0,1.0,0.0,0.0,0.0,0.0,0.0,0.0,0.0,0.0,0.0,0.0,0.0,0.0,0.0,0.0,0.0,0.0
constructed_low,low_compressibility,0,24,delivery_aware_v2,5,8,110,110,0,1.0,1.0,0,0,0,0.0,1.0,0.0,0.0,0.0,0.0,0.0,0.0,0.0,0.0,0.0,0.0,0.0,0.0,0.0,0.0,0.0,0.0
constructed_low,low_compressibility,0,24,static,5,12,110,110,0,1.0,1.0,0,0,0,0.0,1.0,0.0,0.0,0.0,0.0,0.0,0.0,0.0,0.0,0.0,0.0,0.0,0.0,0.0,0.0,0.0,0.0
constructed_low,low_compressibility,0,24,capacity_aware,5,12,110,110,0,1.0,1.0,0,0,0,0.0,1.0,0.0,0.0,0.0,0.0,0.0,0.0,0.0,0.0,0.0,0.0,0.0,0.0,0.0,0.0,0.0,0.0
constructed_low,low_compressibility,0,24,smooth,5,12,110,110,0,1.0,1.0,0,0,0,0.0,1.0,0.0,0.0,0.0,0.0,0.0,0.0,0.0,0.0,0.0,0.0,0.0,0.0,0.0,0.0,0.0,0.0
constructed_low,low_compressibility,0,24,delivery_aware_v1,5,12,110,110,0,1.0,1.0,0,0,0,0.0,1.0,0.0,0.0,0.0,0.0,0.0,0.0,0.0,0.0,0.0,0.0,0.0,0.0,0.0,0.0,0.0,0.0
constructed_low,low_compressibility,0,24,delivery_aware_v2,5,12,110,110,0,1.0,1.0,0,0,0,0.0,1.0,0.0,0.0,0.0,0.0,0.0,0.0,0.0,0.0,0.0,0.0,0.0,0.0,0.0,0.0,0.0,0.0
constructed_high,high_compressibility,1,24,static,1,0,76,132,56,1.736842105263158,1.736842105263158,56,65,56,24.07894736842105,1.0,0.0,-0.7368421052631579,0.007518796992481203,-0.7368421052631579,0.0,0.0,0.0,0.0,0.0,0.0,0.0,0.0,0.0,0.0,0.0,0.0
constructed_high,high_compressibility,1,24,capacity_aware,1,0,133,133,0,1.0,1.75,0,0,0,0.0,1.75,-0.007575757575757576,-0.75,0.0,-0.75,1.0,0.0,0.0,0.0,1.0,0.0,0.0,0.0,1.0,0.0,0.0,0.0
constructed_high,high_compressibility,1,24,smooth,1,0,76,76,0,1.0,1.0,0,0,0,0.0,1.0,0.42424242424242425,0.0,0.42857142857142855,0.0,1.0,0.0,0.0,0.0,1.0,0.0,0.0,0.0,1.0,0.0,0.0,0.0
constructed_high,high_compressibility,1,24,delivery_aware_v1,1,0,76,76,0,1.0,1.0,0,0,0,0.0,1.0,0.42424242424242425,0.0,0.42857142857142855,0.0,1.0,0.0,0.0,0.0,1.0,0.0,0.0,0.0,1.0,0.0,0.0,0.0
constructed_high,high_compressibility,1,24,delivery_aware_v2,1,0,76,76,0,1.0,1.0,0,0,0,0.0,1.0,0.42424242424242425,0.0,0.42857142857142855,0.0,1.0,0.0,0.0,0.0,1.0,0.0,0.0,0.0,1.0,0.0,0.0,0.0
constructed_high,high_compressibility,1,24,static,1,4,76,128,52,1.6842105263157894,1.6842105263157894,56,60,52,20.763157894736842,1.0,0.0,-0.6842105263157895,0.03759398496240601,-0.6623376623376623,0.0,0.0,0.0,-10.2,0.0,0.0,0.0,-51.0,0.0,0.0,0.0,-0.09090909090909091
constructed_high,high_compressibility,1,24,capacity_aware,1,4,133,133,0,1.0,1.75,0,0,0,0.0,1.75,-0.0390625,-0.75,0.0,-0.7272727272727273,1.0,0.0,0.0,1.0,1.0,0.0,0.0,1.0,1.0,0.0,0.0,1.0
constructed_high,high_compressibility,1,24,smooth,1,4,76,76,0,1.0,1.0,0,0,0,0.0,1.0,0.40625,0.0,0.42857142857142855,0.012987012987012988,1.0,0.0,0.0,1.0,1.0,0.0,0.0,1.0,1.0,0.0,0.0,1.0
constructed_high,high_compressibility,1,24,delivery_aware_v1,1,4,76,77,1,1.013157894736842,1.013157894736842,5,55,1,0.7236842105263158,1.0,0.3984375,-0.013157894736842105,0.42105263157894735,0.0,0.9107142857142857,0.0,0.0,0.0,0.9807692307692307,0.0,0.0,0.0,0.08333333333333333,0.0,0.0,0.0
constructed_high,high_compressibility,1,24,delivery_aware_v2,1,4,76,76,0,1.0,1.0,0,0,0,0.0,1.0,0.40625,0.0,0.42857142857142855,0.012987012987012988,1.0,0.0,0.0,1.0,1.0,0.0,0.0,1.0,1.0,0.0,0.0,1.0
constructed_high,high_compressibility,1,24,static,1,8,76,124,48,1.631578947368421,1.631578947368421,56,55,48,17.68421052631579,1.0,0.0,-0.631578947368421,0.06766917293233082,-0.6103896103896104,0.0,0.0,0.0,-5.222222222222222,0.0,0.0,0.0,-47.0,0.0,0.0,0.0,-0.0784313725490196
constructed_high,high_compressibility,1,24,capacity_aware,1,8,133,133,0,1.0,1.75,0,0,0,0.0,1.75,-0.07258064516129033,-0.75,0.0,-0.7272727272727273,1.0,0.0,0.0,1.0,1.0,0.0,0.0,1.0,1.0,0.0,0.0,1.0
constructed_high,high_compressibility,1,24,smooth,1,8,76,76,0,1.0,1.0,0,0,0,0.0,1.0,0.3870967741935484,0.0,0.42857142857142855,0.012987012987012988,1.0,0.0,0.0,1.0,1.0,0.0,0.0,1.0,1.0,0.0,0.0,1.0
constructed_high,high_compressibility,1,24,delivery_aware_v1,1,8,76,77,1,1.013157894736842,1.013157894736842,9,51,1,0.6710526315789473,1.0,0.3790322580645161,-0.013157894736842105,0.42105263157894735,0.0,0.8392857142857143,0.0,0.0,0.0,0.9791666666666666,0.0,0.0,0.0,0.07272727272727272,0.0,0.0,0.0
constructed_high,high_compressibility,1,24,delivery_aware_v2,1,8,76,76,0,1.0,1.0,0,0,0,0.0,1.0,0.3870967741935484,0.0,0.42857142857142855,0.012987012987012988,1.0,0.0,0.0,1.0,1.0,0.0,0.0,1.0,1.0,0.0,0.0,1.0
constructed_high,high_compressibility,1,24,static,1,12,76,120,44,1.5789473684210527,1.5789473684210527,56,51,44,14.868421052631579,1.0,0.0,-0.5789473684210527,0.09774436090225563,-0.5584415584415584,0.0,0.0,0.0,-3.3076923076923075,0.0,0.0,0.0,-43.0,0.0,0.0,0.0,-0.13333333333333333
constructed_high,high_compressibility,1,24,capacity_aware,1,12,133,133,0,1.0,1.75,0,0,0,0.0,1.75,-0.10833333333333334,-0.75,0.0,-0.7272727272727273,1.0,0.0,0.0,1.0,1.0,0.0,0.0,1.0,1.0,0.0,0.0,1.0
constructed_high,high_compressibility,1,24,smooth,1,12,76,76,0,1.0,1.0,0,0,0,0.0,1.0,0.36666666666666664,0.0,0.42857142857142855,0.012987012987012988,1.0,0.0,0.0,1.0,1.0,0.0,0.0,1.0,1.0,0.0,0.0,1.0
constructed_high,high_compressibility,1,24,delivery_aware_v1,1,12,76,77,1,1.013157894736842,1.013157894736842,13,45,1,0.5921052631578947,1.0,0.35833333333333334,-0.013157894736842105,0.42105263157894735,0.0,0.7678571428571429,0.0,0.0,0.0,0.9772727272727273,0.0,0.0,0.0,0.11764705882352941,0.0,0.0,0.0
constructed_high,high_compressibility,1,24,delivery_aware_v2,1,12,76,76,0,1.0,1.0,0,0,0,0.0,1.0,0.36666666666666664,0.0,0.42857142857142855,0.012987012987012988,1.0,0.0,0.0,1.0,1.0,0.0,0.0,1.0,1.0,0.0,0.0,1.0
constructed_high,high_compressibility,1,24,static,2,0,76,103,27,1.355263157894737,1.355263157894737,54,29,54,10.526315789473685,1.0,0.0,-0.35526315789473684,0.009615384615384616,-0.35526315789473684,0.0,0.0,0.0,0.0,0.0,0.0,0.0,0.0,0.0,0.0,0.0,0.0
constructed_high,high_compressibility,1,24,capacity_aware,2,0,104,104,0,1.0,1.368421052631579,0,0,0,0.0,1.368421052631579,-0.009708737864077669,-0.3684210526315789,0.0,-0.3684210526315789,1.0,0.0,0.0,0.0,1.0,0.0,0.0,0.0,1.0,0.0,0.0,0.0
constructed_high,high_compressibility,1,24,smooth,2,0,76,76,0,1.0,1.0,0,0,0,0.0,1.0,0.2621359223300971,0.0,0.2692307692307692,0.0,1.0,0.0,0.0,0.0,1.0,0.0,0.0,0.0,1.0,0.0,0.0,0.0
constructed_high,high_compressibility,1,24,delivery_aware_v1,2,0,76,76,0,1.0,1.0,0,0,0,0.0,1.0,0.2621359223300971,0.0,0.2692307692307692,0.0,1.0,0.0,0.0,0.0,1.0,0.0,0.0,0.0,1.0,0.0,0.0,0.0
constructed_high,high_compressibility,1,24,delivery_aware_v2,2,0,76,76,0,1.0,1.0,0,0,0,0.0,1.0,0.2621359223300971,0.0,0.2692307692307692,0.0,1.0,0.0,0.0,0.0,1.0,0.0,0.0,0.0,1.0,0.0,0.0,0.0
constructed_high,high_compressibility,1,24,static,2,4,76,101,25,1.3289473684210527,1.3289473684210527,54,27,50,9.039473684210526,1.0,0.0,-0.32894736842105265,0.028846153846153848,-0.3116883116883117,0.0,0.0,0.0,-8.0,0.0,0.0,0.0,-24.0,0.0,0.0,0.0,-0.2857142857142857
constructed_high,high_compressibility,1,24,capacity_aware,2,4,104,104,0,1.0,1.368421052631579,0,0,0,0.0,1.368421052631579,-0.0297029702970297,-0.3684210526315789,0.0,-0.35064935064935066,1.0,0.0,0.0,1.0,1.0,0.0,0.0,1.0,1.0,0.0,0.0,1.0
constructed_high,high_compressibility,1,24,smooth,2,4,76,76,0,1.0,1.0,0,0,0,0.0,1.0,0.24752475247524752,0.0,0.2692307692307692,0.012987012987012988,1.0,0.0,0.0,1.0,1.0,0.0,0.0,1.0,1.0,0.0,0.0,1.0
constructed_high,high_compressibility,1,24,delivery_aware_v1,2,4,76,77,1,1.013157894736842,1.013157894736842,6,21,2,0.5263157894736842,1.0,0.2376237623762376,-0.013157894736842105,0.25961538461538464,0.0,0.8888888888888888,0.0,0.0,0.0,0.96,0.0,0.0,0.0,0.2222222222222222,0.0,0.0,0.0
constructed_high,high_compressibility,1,24,delivery_aware_v2,2,4,76,76,0,1.0,1.0,0,0,0,0.0,1.0,0.24752475247524752,0.0,0.2692307692307692,0.012987012987012988,1.0,0.0,0.0,1.0,1.0,0.0,0.0,1.0,1.0,0.0,0.0,1.0
constructed_high,high_compressibility,1,24,static,2,8,76,99,23,1.3026315789473684,1.3026315789473684,54,25,46,7.671052631578948,1.0,0.0,-0.3026315789473684,0.04807692307692308,-0.2857142857142857,0.0,0.0,0.0,-4.4,0.0,0.0,0.0,-22.0,0.0,0.0,0.0,-0.25
constructed_high,high_compressibility,1,24,capacity_aware,2,8,104,104,0,1.0,1.368421052631579,0,0,0,0.0,1.368421052631579,-0.050505050505050504,-0.3684210526315789,0.0,-0.35064935064935066,1.0,0.0,0.0,1.0,1.0,0.0,0.0,1.0,1.0,0.0,0.0,1.0
constructed_high,high_compressibility,1,24,smooth,2,8,76,76,0,1.0,1.0,0,0,0,0.0,1.0,0.23232323232323232,0.0,0.2692307692307692,0.012987012987012988,1.0,0.0,0.0,1.0,1.0,0.0,0.0,1.0,1.0,0.0,0.0,1.0
constructed_high,high_compressibility,1,24,delivery_aware_v1,2,8,76,77,1,1.013157894736842,1.013157894736842,10,20,2,0.5131578947368421,1.0,0.2222222222222222,-0.013157894736842105,0.25961538461538464,0.0,0.8148148148148148,0.0,0.0,0.0,0.9565217391304348,0.0,0.0,0.0,0.2,0.0,0.0,0.0
constructed_high,high_compressibility,1,24,delivery_aware_v2,2,8,76,76,0,1.0,1.0,0,0,0,0.0,1.0,0.23232323232323232,0.0,0.2692307692307692,0.012987012987012988,1.0,0.0,0.0,1.0,1.0,0.0,0.0,1.0,1.0,0.0,0.0,1.0
constructed_high,high_compressibility,1,24,static,2,12,76,97,21,1.2763157894736843,1.2763157894736843,54,23,42,6.407894736842105,1.0,0.0,-0.27631578947368424,0.0673076923076923,-0.2597402597402597,0.0,0.0,0.0,-2.857142857142857,0.0,0.0,0.0,-20.0,0.0,0.0,0.0,-0.4375
constructed_high,high_compressibility,1,24,capacity_aware,2,12,104,104,0,1.0,1.368421052631579,0,0,0,0.0,1.368421052631579,-0.07216494845360824,-0.3684210526315789,0.0,-0.35064935064935066,1.0,0.0,0.0,1.0,1.0,0.0,0.0,1.0,1.0,0.0,0.0,1.0
constructed_high,high_compressibility,1,24,smooth,2,12,76,76,0,1.0,1.0,0,0,0,0.0,1.0,0.21649484536082475,0.0,0.2692307692307692,0.012987012987012988,1.0,0.0,0.0,1.0,1.0,0.0,0.0,1.0,1.0,0.0,0.0,1.0
constructed_high,high_compressibility,1,24,delivery_aware_v1,2,12,76,77,1,1.013157894736842,1.013157894736842,14,16,2,0.40789473684210525,1.0,0.20618556701030927,-0.013157894736842105,0.25961538461538464,0.0,0.7407407407407407,0.0,0.0,0.0,0.9523809523809523,0.0,0.0,0.0,0.30434782608695654,0.0,0.0,0.0
constructed_high,high_compressibility,1,24,delivery_aware_v2,2,12,76,76,0,1.0,1.0,0,0,0,0.0,1.0,0.21649484536082475,0.0,0.2692307692307692,0.012987012987012988,1.0,0.0,0.0,1.0,1.0,0.0,0.0,1.0,1.0,0.0,0.0,1.0
constructed_high,high_compressibility,1,24,static,3,0,76,94,18,1.236842105263158,1.236842105263158,52,18,52,6.473684210526316,1.0,0.0,-0.23684210526315788,0.010526315789473684,-0.23684210526315788,0.0,0.0,0.0,0.0,0.0,0.0,0.0,0.0,0.0,0.0,0.0,0.0
constructed_high,high_compressibility,1,24,capacity_aware,3,0,95,95,0,1.0,1.25,0,0,0,0.0,1.25,-0.010638297872340425,-0.25,0.0,-0.25,1.0,0.0,0.0,0.0,1.0,0.0,0.0,0.0,1.0,0.0,0.0,0.0
constructed_high,high_compressibility,1,24,smooth,3,0,76,76,0,1.0,1.0,0,0,0,0.0,1.0,0.19148936170212766,0.0,0.2,0.0,1.0,0.0,0.0,0.0,1.0,0.0,0.0,0.0,1.0,0.0,0.0,0.0
constructed_high,high_compressibility,1,24,delivery_aware_v1,3,0,76,76,0,1.0,1.0,0,0,0,0.0,1.0,0.19148936170212766,0.0,0.2,0.0,1.0,0.0,0.0,0.0,1.0,0.0,0.0,0.0,1.0,0.0,0.0,0.0
constructed_high,high_compressibility,1,24,delivery_aware_v2,3,0,76,76,0,1.0,1.0,0,0,0,0.0,1.0,0.19148936170212766,0.0,0.2,0.0,1.0,0.0,0.0,0.0,1.0,0.0,0.0,0.0,1.0,0.0,0.0,0.0
constructed_high,high_compressibility,1,24,static,3,4,76,92,16,1.2105263157894737,1.2105263157894737,52,17,48,5.5394736842105265,1.0,0.0,-0.21052631578947367,0.031578947368421054,-0.19480519480519481,0.0,0.0,0.0,-6.428571428571429,0.0,0.0,0.0,-15.0,0.0,0.0,0.0,-0.7
constructed_high,high_compressibility,1,24,capacity_aware,3,4,95,95,0,1.0,1.25,0,0,0,0.0,1.25,-0.03260869565217391,-0.25,0.0,-0.23376623376623376,1.0,0.0,0.0,1.0,1.0,0.0,0.0,1.0,1.0,0.0,0.0,1.0
constructed_high,high_compressibility,1,24,smooth,3,4,76,76,0,1.0,1.0,0,0,0,0.0,1.0,0.17391304347826086,0.0,0.2,0.012987012987012988,1.0,0.0,0.0,1.0,1.0,0.0,0.0,1.0,1.0,0.0,0.0,1.0
constructed_high,high_compressibility,1,24,delivery_aware_v1,3,4,76,77,1,1.013157894736842,1.013157894736842,7,10,3,0.34210526315789475,1.0,0.16304347826086957,-0.013157894736842105,0.18947368421052632,0.0,0.8653846153846154,0.0,0.0,0.0,0.9375,0.0,0.0,0.0,0.4117647058823529,0.0,0.0,0.0
constructed_high,high_compressibility,1,24,delivery_aware_v2,3,4,76,76,0,1.0,1.0,0,0,0,0.0,1.0,0.17391304347826086,0.0,0.2,0.012987012987012988,1.0,0.0,0.0,1.0,1.0,0.0,0.0,1.0,1.0,0.0,0.0,1.0
constructed_high,high_compressibility,1,24,static,3,8,76,91,15,1.1973684210526316,1.1973684210526316,52,16,44,4.671052631578948,1.0,0.0,-0.19736842105263158,0.042105263157894736,-0.18181818181818182,0.0,0.0,0.0,-3.727272727272727,0.0,0.0,0.0,-14.0,0.0,0.0,0.0,-0.45454545454545453
constructed_high,high_compressibility,1,24,capacity_aware,3,8,95,95,0,1.0,1.25,0,0,0,0.0,1.25,-0.04395604395604396,-0.25,0.0,-0.23376623376623376,1.0,0.0,0.0,1.0,1.0,0.0,0.0,1.0,1.0,0.0,0.0,1.0
constructed_high,high_compressibility,1,24,smooth,3,8,76,76,0,1.0,1.0,0,0,0,0.0,1.0,0.16483516483516483,0.0,0.2,0.012987012987012988,1.0,0.0,0.0,1.0,1.0,0.0,0.0,1.0,1.0,0.0,0.0,1.0
constructed_high,high_compressibility,1,24,delivery_aware_v1,3,8,76,77,1,1.013157894736842,1.013157894736842,11,11,3,0.3815789473684211,1.0,0.15384615384615385,-0.013157894736842105,0.18947368421052632,0.0,0.7884615384615384,0.0,0.0,0.0,0.9333333333333333,0.0,0.0,0.0,0.3125,0.0,0.0,0.0
constructed_high,high_compressibility,1,24,delivery_aware_v2,3,8,76,76,0,1.0,1.0,0,0,0,0.0,1.0,0.16483516483516483,0.0,0.2,0.012987012987012988,1.0,0.0,0.0,1.0,1.0,0.0,0.0,1.0,1.0,0.0,0.0,1.0
constructed_high,high_compressibility,1,24,static,3,12,76,90,14,1.1842105263157894,1.1842105263157894,52,14,40,3.8684210526315788,1.0,0.0,-0.18421052631578946,0.05263157894736842,-0.16883116883116883,0.0,0.0,0.0,-2.466666666666667,0.0,0.0,0.0,-13.0,0.0,0.0,0.0,-1.0
constructed_high,high_compressibility,1,24,capacity_aware,3,12,95,95,0,1.0,1.25,0,0,0,0.0,1.25,-0.05555555555555555,-0.25,0.0,-0.23376623376623376,1.0,0.0,0.0,1.0,1.0,0.0,0.0,1.0,1.0,0.0,0.0,1.0
constructed_high,high_compressibility,1,24,smooth,3,12,76,76,0,1.0,1.0,0,0,0,0.0,1.0,0.15555555555555556,0.0,0.2,0.012987012987012988,1.0,0.0,0.0,1.0,1.0,0.0,0.0,1.0,1.0,0.0,0.0,1.0
constructed_high,high_compressibility,1,24,delivery_aware_v1,3,12,76,77,1,1.013157894736842,1.013157894736842,15,7,3,0.23684210526315788,1.0,0.14444444444444443,-0.013157894736842105,0.18947368421052632,0.0,0.7115384615384616,0.0,0.0,0.0,0.9285714285714286,0.0,0.0,0.0,0.5,0.0,0.0,0.0
constructed_high,high_compressibility,1,24,delivery_aware_v2,3,12,76,76,0,1.0,1.0,0,0,0,0.0,1.0,0.15555555555555556,0.0,0.2,0.012987012987012988,1.0,0.0,0.0,1.0,1.0,0.0,0.0,1.0,1.0,0.0,0.0,1.0
constructed_high,high_compressibility,1,24,static,4,0,76,89,13,1.1710526315789473,1.1710526315789473,50,13,50,4.526315789473684,1.0,0.0,-0.17105263157894737,0.011111111111111112,-0.17105263157894737,0.0,0.0,0.0,0.0,0.0,0.0,0.0,0.0,0.0,0.0,0.0,0.0
constructed_high,high_compressibility,1,24,capacity_aware,4,0,90,90,0,1.0,1.1842105263157894,0,0,0,0.0,1.1842105263157894,-0.011235955056179775,-0.18421052631578946,0.0,-0.18421052631578946,1.0,0.0,0.0,0.0,1.0,0.0,0.0,0.0,1.0,0.0,0.0,0.0
constructed_high,high_compressibility,1,24,smooth,4,0,76,76,0,1.0,1.0,0,0,0,0.0,1.0,0.14606741573033707,0.0,0.15555555555555556,0.0,1.0,0.0,0.0,0.0,1.0,0.0,0.0,0.0,1.0,0.0,0.0,0.0
constructed_high,high_compressibility,1,24,delivery_aware_v1,4,0,76,76,0,1.0,1.0,0,0,0,0.0,1.0,0.14606741573033707,0.0,0.15555555555555556,0.0,1.0,0.0,0.0,0.0,1.0,0.0,0.0,0.0,1.0,0.0,0.0,0.0
constructed_high,high_compressibility,1,24,delivery_aware_v2,4,0,76,76,0,1.0,1.0,0,0,0,0.0,1.0,0.14606741573033707,0.0,0.15555555555555556,0.0,1.0,0.0,0.0,0.0,1.0,0.0,0.0,0.0,1.0,0.0,0.0,0.0
constructed_high,high_compressibility,1,24,static,4,4,76,88,12,1.1578947368421053,1.1578947368421053,50,12,46,3.8552631578947367,1.0,0.0,-0.15789473684210525,0.022222222222222223,-0.14285714285714285,0.0,0.0,0.0,-6.142857142857143,0.0,0.0,0.0,-11.0,0.0,0.0,0.0,-2.0
constructed_high,high_compressibility,1,24,capacity_aware,4,4,90,90,0,1.0,1.1842105263157894,0,0,0,0.0,1.1842105263157894,-0.022727272727272728,-0.18421052631578946,0.0,-0.16883116883116883,1.0,0.0,0.0,1.0,1.0,0.0,0.0,1.0,1.0,0.0,0.0,1.0
constructed_high,high_compressibility,1,24,smooth,4,4,76,76,0,1.0,1.0,0,0,0,0.0,1.0,0.13636363636363635,0.0,0.15555555555555556,0.012987012987012988,1.0,0.0,0.0,1.0,1.0,0.0,0.0,1.0,1.0,0.0,0.0,1.0
constructed_high,high_compressibility,1,24,delivery_aware_v1,4,4,76,77,1,1.013157894736842,1.013157894736842,7,4,3,0.11842105263157894,1.0,0.125,-0.013157894736842105,0.14444444444444443,0.0,0.86,0.0,0.0,0.0,0.9166666666666666,0.0,0.0,0.0,0.6666666666666666,0.0,0.0,0.0
constructed_high,high_compressibility,1,24,delivery_aware_v2,4,4,76,76,0,1.0,1.0,0,0,0,0.0,1.0,0.13636363636363635,0.0,0.15555555555555556,0.012987012987012988,1.0,0.0,0.0,1.0,1.0,0.0,0.0,1.0,1.0,0.0,0.0,1.0
constructed_high,high_compressibility,1,24,static,4,8,76,87,11,1.144736842105263,1.144736842105263,50,11,42,3.236842105263158,1.0,0.0,-0.14473684210526316,0.03333333333333333,-0.12987012987012986,0.0,0.0,0.0,-3.1666666666666665,0.0,0.0,0.0,-10.0,0.0,0.0,0.0,-1.2
constructed_high,high_compressibility,1,24,capacity_aware,4,8,90,90,0,1.0,1.1842105263157894,0,0,0,0.0,1.1842105263157894,-0.034482758620689655,-0.18421052631578946,0.0,-0.16883116883116883,1.0,0.0,0.0,1.0,1.0,0.0,0.0,1.0,1.0,0.0,0.0,1.0
constructed_high,high_compressibility,1,24,smooth,4,8,76,76,0,1.0,1.0,0,0,0,0.0,1.0,0.12643678160919541,0.0,0.15555555555555556,0.012987012987012988,1.0,0.0,0.0,1.0,1.0,0.0,0.0,1.0,1.0,0.0,0.0,1.0
constructed_high,high_compressibility,1,24,delivery_aware_v1,4,8,76,77,1,1.013157894736842,1.013157894736842,12,5,4,0.2236842105263158,1.0,0.11494252873563218,-0.013157894736842105,0.14444444444444443,0.0,0.76,0.0,0.0,0.0,0.9090909090909091,0.0,0.0,0.0,0.5454545454545454,0.0,0.0,0.0
constructed_high,high_compressibility,1,24,delivery_aware_v2,4,8,76,76,0,1.0,1.0,0,0,0,0.0,1.0,0.12643678160919541,0.0,0.15555555555555556,0.012987012987012988,1.0,0.0,0.0,1.0,1.0,0.0,0.0,1.0,1.0,0.0,0.0,1.0
constructed_high,high_compressibility,1,24,static,4,12,76,86,10,1.131578947368421,1.131578947368421,50,10,38,2.6710526315789473,1.0,0.0,-0.13157894736842105,0.044444444444444446,-0.11688311688311688,0.0,0.0,0.0,-2.3333333333333335,0.0,0.0,0.0,-9.0,0.0,0.0,0.0,-4.0
constructed_high,high_compressibility,1,24,capacity_aware,4,12,90,90,0,1.0,1.1842105263157894,0,0,0,0.0,1.1842105263157894,-0.046511627906976744,-0.18421052631578946,0.0,-0.16883116883116883,1.0,0.0,0.0,1.0,1.0,0.0,0.0,1.0,1.0,0.0,0.0,1.0
constructed_high,high_compressibility,1,24,smooth,4,12,76,76,0,1.0,1.0,0,0,0,0.0,1.0,0.11627906976744186,0.0,0.15555555555555556,0.012987012987012988,1.0,0.0,0.0,1.0,1.0,0.0,0.0,1.0,1.0,0.0,0.0,1.0
constructed_high,high_compressibility,1,24,delivery_aware_v1,4,12,76,77,1,1.013157894736842,1.013157894736842,15,2,3,0.06578947368421052,1.0,0.10465116279069768,-0.013157894736842105,0.14444444444444443,0.0,0.7,0.0,0.0,0.0,0.9,0.0,0.0,0.0,0.8,0.0,0.0,0.0
constructed_high,high_compressibility,1,24,delivery_aware_v2,4,12,76,76,0,1.0,1.0,0,0,0,0.0,1.0,0.11627906976744186,0.0,0.15555555555555556,0.012987012987012988,1.0,0.0,0.0,1.0,1.0,0.0,0.0,1.0,1.0,0.0,0.0,1.0
constructed_high,high_compressibility,1,24,static,5,0,76,86,10,1.131578947368421,1.131578947368421,48,10,48,3.3947368421052633,1.0,0.0,-0.13157894736842105,0.011494252873563218,-0.13157894736842105,0.0,0.0,0.0,0.0,0.0,0.0,0.0,0.0,0.0,0.0,0.0,0.0
constructed_high,high_compressibility,1,24,capacity_aware,5,0,87,87,0,1.0,1.144736842105263,0,0,0,0.0,1.144736842105263,-0.011627906976744186,-0.14473684210526316,0.0,-0.14473684210526316,1.0,0.0,0.0,0.0,1.0,0.0,0.0,0.0,1.0,0.0,0.0,0.0
constructed_high,high_compressibility,1,24,smooth,5,0,76,76,0,1.0,1.0,0,0,0,0.0,1.0,0.11627906976744186,0.0,0.12643678160919541,0.0,1.0,0.0,0.0,0.0,1.0,0.0,0.0,0.0,1.0,0.0,0.0,0.0
constructed_high,high_compressibility,1,24,delivery_aware_v1,5,0,76,76,0,1.0,1.0,0,0,0,0.0,1.0,0.11627906976744186,0.0,0.12643678160919541,0.0,1.0,0.0,0.0,0.0,1.0,0.0,0.0,0.0,1.0,0.0,0.0,0.0
constructed_high,high_compressibility,1,24,delivery_aware_v2,5,0,76,76,0,1.0,1.0,0,0,0,0.0,1.0,0.11627906976744186,0.0,0.12643678160919541,0.0,1.0,0.0,0.0,0.0,1.0,0.0,0.0,0.0,1.0,0.0,0.0,0.0
constructed_high,high_compressibility,1,24,static,5,4,76,85,9,1.118421052631579,1.118421052631579,48,9,44,2.8684210526315788,1.0,0.0,-0.11842105263157894,0.022988505747126436,-0.11842105263157894,0.0,0.0,0.0,-11.0,0.0,0.0,0.0,0.0,0.0,0.0,0.0,0.0
constructed_high,high_compressibility,1,24,capacity_aware,5,4,87,87,0,1.0,1.144736842105263,0,0,0,0.0,1.144736842105263,-0.023529411764705882,-0.14473684210526316,0.0,-0.14473684210526316,1.0,0.0,0.0,1.0,1.0,0.0,0.0,0.0,1.0,0.0,0.0,0.0
constructed_high,high_compressibility,1,24,smooth,5,4,76,76,0,1.0,1.0,0,0,0,0.0,1.0,0.10588235294117647,0.0,0.12643678160919541,0.0,1.0,0.0,0.0,1.0,1.0,0.0,0.0,0.0,1.0,0.0,0.0,0.0
constructed_high,high_compressibility,1,24,delivery_aware_v1,5,4,76,76,0,1.0,1.0,4,0,0,0.0,1.0,0.10588235294117647,0.0,0.12643678160919541,0.0,0.9166666666666666,0.0,0.0,0.0,1.0,0.0,0.0,0.0,1.0,0.0,0.0,0.0
constructed_high,high_compressibility,1,24,delivery_aware_v2,5,4,76,76,0,1.0,1.0,0,0,0,0.0,1.0,0.10588235294117647,0.0,0.12643678160919541,0.0,1.0,0.0,0.0,1.0,1.0,0.0,0.0,0.0,1.0,0.0,0.0,0.0
constructed_high,high_compressibility,1,24,static,5,8,76,84,8,1.105263157894737,1.105263157894737,48,9,40,2.3947368421052633,1.0,0.0,-0.10526315789473684,0.034482758620689655,-0.09090909090909091,0.0,0.0,0.0,-3.3636363636363638,0.0,0.0,0.0,-7.0,0.0,0.0,0.0,-2.0
constructed_high,high_compressibility,1,24,capacity_aware,5,8,87,87,0,1.0,1.144736842105263,0,0,0,0.0,1.144736842105263,-0.03571428571428571,-0.14473684210526316,0.0,-0.12987012987012986,1.0,0.0,0.0,1.0,1.0,0.0,0.0,1.0,1.0,0.0,0.0,1.0
constructed_high,high_compressibility,1,24,smooth,5,8,76,76,0,1.0,1.0,0,0,0,0.0,1.0,0.09523809523809523,0.0,0.12643678160919541,0.012987012987012988,1.0,0.0,0.0,1.0,1.0,0.0,0.0,1.0,1.0,0.0,0.0,1.0
constructed_high,high_compressibility,1,24,delivery_aware_v1,5,8,76,77,1,1.013157894736842,1.013157894736842,11,3,3,0.06578947368421052,1.0,0.08333333333333333,-0.013157894736842105,0.11494252873563218,0.0,0.7708333333333334,0.0,0.0,0.0,0.875,0.0,0.0,0.0,0.6666666666666666,0.0,0.0,0.0
constructed_high,high_compressibility,1,24,delivery_aware_v2,5,8,76,76,0,1.0,1.0,0,0,0,0.0,1.0,0.09523809523809523,0.0,0.12643678160919541,0.012987012987012988,1.0,0.0,0.0,1.0,1.0,0.0,0.0,1.0,1.0,0.0,0.0,1.0
constructed_high,high_compressibility,1,24,static,5,12,76,84,8,1.105263157894737,1.105263157894737,48,8,36,1.9605263157894737,1.0,0.0,-0.10526315789473684,0.034482758620689655,-0.10526315789473684,0.0,0.0,0.0,-3.3636363636363638,0.0,0.0,0.0,0.0,0.0,0.0,0.0,0.0
constructed_high,high_compressibility,1,24,capacity_aware,5,12,87,87,0,1.0,1.144736842105263,0,0,0,0.0,1.144736842105263,-0.03571428571428571,-0.14473684210526316,0.0,-0.14473684210526316,1.0,0.0,0.0,1.0,1.0,0.0,0.0,0.0,1.0,0.0,0.0,0.0
constructed_high,high_compressibility,1,24,smooth,5,12,76,76,0,1.0,1.0,0,0,0,0.0,1.0,0.09523809523809523,0.0,0.12643678160919541,0.0,1.0,0.0,0.0,1.0,1.0,0.0,0.0,0.0,1.0,0.0,0.0,0.0
constructed_high,high_compressibility,1,24,delivery_aware_v1,5,12,76,76,0,1.0,1.0,11,0,0,0.0,1.0,0.09523809523809523,0.0,0.12643678160919541,0.0,0.7708333333333334,0.0,0.0,0.0,1.0,0.0,0.0,0.0,1.0,0.0,0.0,0.0
constructed_high,high_compressibility,1,24,delivery_aware_v2,5,12,76,76,0,1.0,1.0,0,0,0,0.0,1.0,0.09523809523809523,0.0,0.12643678160919541,0.0,1.0,0.0,0.0,1.0,1.0,0.0,0.0,0.0,1.0,0.0,0.0,0.0
constructed_medium,medium_compressibility,1,24,static,1,0,73,95,22,1.3013698630136987,1.3013698630136987,22,46,22,7.013698630136986,1.0,0.0,-0.05555555555555555,0.05,-0.05555555555555555,0.0,-0.29411764705882354,0.0,-0.29411764705882354,0.0,-0.29411764705882354,0.0,-0.29411764705882354,0.0,-0.3142857142857143,0.0,-0.3142857142857143
constructed_medium,medium_compressibility,1,24,capacity_aware,1,0,100,100,0,1.0,1.36986301369863,0,0,0,0.0,1.36986301369863,-0.05263157894736842,-0.1111111111111111,0.0,-0.1111111111111111,1.0,1.0,0.0,1.0,1.0,1.0,0.0,1.0,1.0,1.0,0.0,1.0
constructed_medium,medium_compressibility,1,24,smooth,1,0,73,90,17,1.2328767123287672,1.2328767123287672,17,35,17,3.6027397260273974,1.0,0.05263157894736842,0.0,0.1,0.0,0.22727272727272727,0.0,0.0,0.0,0.22727272727272727,0.0,0.0,0.0,0.2391304347826087,0.0,0.0,0.0
constructed_medium,medium_compressibility,1,24,delivery_aware_v1,1,0,73,90,17,1.2328767123287672,1.2328767123287672,17,35,17,3.9452054794520546,1.0,0.05263157894736842,0.0,0.1,0.0,0.22727272727272727,0.0,0.0,0.0,0.22727272727272727,0.0,0.0,0.0,0.2391304347826087,0.0,0.0,0.0
constructed_medium,medium_compressibility,1,24,delivery_aware_v2,1,0,73,90,17,1.2328767123287672,1.2328767123287672,17,35,17,3.6027397260273974,1.0,0.05263157894736842,0.0,0.1,0.0,0.22727272727272727,0.0,0.0,0.0,0.22727272727272727,0.0,0.0,0.0,0.2391304347826087,0.0,0.0,0.0
constructed_medium,medium_compressibility,1,24,static,1,4,73,91,18,1.2465753424657535,1.2465753424657535,22,39,18,4.63013698630137,1.0,0.0,-0.05813953488372093,0.09,-0.05813953488372093,0.0,-0.29411764705882354,0.0,-0.29411764705882354,0.0,-0.38461538461538464,0.0,-0.38461538461538464,0.0,-0.56,0.0,-0.11428571428571428
constructed_medium,medium_compressibility,1,24,capacity_aware,1,4,100,100,0,1.0,1.36986301369863,0,0,0,0.0,1.36986301369863,-0.0989010989010989,-0.16279069767441862,0.0,-0.16279069767441862,1.0,1.0,0.0,1.0,1.0,1.0,0.0,1.0,1.0,1.0,0.0,1.0
constructed_medium,medium_compressibility,1,24,smooth,1,4,73,86,13,1.178082191780822,1.178082191780822,17,25,13,1.8904109589041096,1.0,0.054945054945054944,0.0,0.14,0.0,0.22727272727272727,0.0,0.0,0.0,0.2777777777777778,0.0,0.0,0.0,0.358974358974359,0.0,0.0,0.2857142857142857
constructed_medium,medium_compressibility,1,24,delivery_aware_v1,1,4,73,86,13,1.178082191780822,1.178082191780822,17,35,13,2.2739726027397262,1.0,0.054945054945054944,0.0,0.14,0.0,0.22727272727272727,0.0,0.0,0.0,0.2777777777777778,0.0,0.0,0.0,0.10256410256410256,-0.4,0.0,0.0
constructed_medium,medium_compressibility,1,24,delivery_aware_v2,1,4,73,86,13,1.178082191780822,1.178082191780822,17,25,13,1.8904109589041096,1.0,0.054945054945054944,0.0,0.14,0.0,0.22727272727272727,0.0,0.0,0.0,0.2777777777777778,0.0,0.0,0.0,0.358974358974359,0.0,0.0,0.2857142857142857
constructed_medium,medium_compressibility,1,24,static,1,8,73,87,14,1.1917808219178083,1.1917808219178083,22,29,14,2.6986301369863015,1.0,0.0,-0.06097560975609756,0.13,-0.06097560975609756,0.0,-0.29411764705882354,0.0,-0.29411764705882354,0.0,-0.5555555555555556,0.0,-0.5555555555555556,0.0,-1.0714285714285714,0.0,-0.07407407407407407
constructed_medium,medium_compressibility,1,24,capacity_aware,1,8,100,100,0,1.0,1.36986301369863,0,0,0,0.0,1.36986301369863,-0.14942528735632185,-0.21951219512195122,0.0,-0.21951219512195122,1.0,1.0,0.0,1.0,1.0,1.0,0.0,1.0,1.0,1.0,0.0,1.0
constructed_medium,medium_compressibility,1,24,smooth,1,8,73,82,9,1.1232876712328768,1.1232876712328768,17,14,9,0.7671232876712328,1.0,0.05747126436781609,0.0,0.18,0.0,0.22727272727272727,0.0,0.0,0.0,0.35714285714285715,0.0,0.0,0.0,0.5172413793103449,0.0,0.0,0.48148148148148145
constructed_medium,medium_compressibility,1,24,delivery_aware_v1,1,8,73,82,9,1.1232876712328768,1.1232876712328768,17,27,9,1.0136986301369864,1.0,0.05747126436781609,0.0,0.18,0.0,0.22727272727272727,0.0,0.0,0.0,0.35714285714285715,0.0,0.0,0.0,0.06896551724137931,-0.9285714285714286,0.0,0.0
constructed_medium,medium_compressibility,1,24,delivery_aware_v2,1,8,73,82,9,1.1232876712328768,1.1232876712328768,17,14,9,0.7671232876712328,1.0,0.05747126436781609,0.0,0.18,0.0,0.22727272727272727,0.0,0.0,0.0,0.35714285714285715,0.0,0.0,0.0,0.5172413793103449,0.0,0.0,0.48148148148148145
constructed_medium,medium_compressibility,1,24,static,1,12,73,83,10,1.1369863013698631,1.1369863013698631,22,20,10,1.3150684931506849,1.0,0.0,-0.0641025641025641,0.17,-0.0641025641025641,0.0,-0.29411764705882354,0.0,-0.29411764705882354,0.0,-1.0,0.0,-1.0,0.0,-3.0,0.0,-0.1111111111111111
constructed_medium,medium_compressibility,1,24,capacity_aware,1,12,100,100,0,1.0,1.36986301369863,0,0,0,0.0,1.36986301369863,-0.20481927710843373,-0.28205128205128205,0.0,-0.28205128205128205,1.0,1.0,0.0,1.0,1.0,1.0,0.0,1.0,1.0,1.0,0.0,1.0
constructed_medium,medium_compressibility,1,24,smooth,1,12,73,78,5,1.0684931506849316,1.0684931506849316,17,5,5,0.2054794520547945,1.0,0.060240963855421686,0.0,0.22,0.0,0.22727272727272727,0.0,0.0,0.0,0.5,0.0,0.0,0.0,0.75,0.0,0.0,0.7222222222222222
constructed_medium,medium_compressibility,1,24,delivery_aware_v1,1,12,73,78,5,1.0684931506849316,1.0684931506849316,17,18,5,0.3835616438356164,1.0,0.060240963855421686,0.0,0.22,0.0,0.22727272727272727,0.0,0.0,0.0,0.5,0.0,0.0,0.0,0.1,-2.6,0.0,0.0
constructed_medium,medium_compressibility,1,24,delivery_aware_v2,1,12,73,78,5,1.0684931506849316,1.0684931506849316,17,5,5,0.2054794520547945,1.0,0.060240963855421686,0.0,0.22,0.0,0.22727272727272727,0.0,0.0,0.0,0.5,0.0,0.0,0.0,0.75,0.0,0.0,0.7222222222222222
constructed_medium,medium_compressibility,1,24,static,2,0,73,76,3,1.0410958904109588,1.0410958904109588,5,6,5,0.1917808219178082,1.0,0.0,-0.0410958904109589,0.07317073170731707,-0.0410958904109589,0.0,0.0,0.0,0.0,0.0,0.0,0.0,0.0,0.0,0.0,0.0,0.0
constructed_medium,medium_compressibility,1,24,capacity_aware,2,0,82,82,0,1.0,1.1232876712328768,0,0,0,0.0,1.1232876712328768,-0.07894736842105263,-0.1232876712328767,0.0,-0.1232876712328767,1.0,0.0,0.0,0.0,1.0,0.0,0.0,0.0,1.0,0.0,0.0,0.0
constructed_medium,medium_compressibility,1,24,smooth,2,0,73,73,0,1.0,1.0,0,0,0,0.0,1.0,0.039473684210526314,0.0,0.10975609756097561,0.0,1.0,0.0,0.0,0.0,1.0,0.0,0.0,0.0,1.0,0.0,0.0,0.0
constructed_medium,medium_compressibility,1,24,delivery_aware_v1,2,0,73,73,0,1.0,1.0,0,0,0,0.0,1.0,0.039473684210526314,0.0,0.10975609756097561,0.0,1.0,0.0,0.0,0.0,1.0,0.0,0.0,0.0,1.0,0.0,0.0,0.0
constructed_medium,medium_compressibility,1,24,delivery_aware_v2,2,0,73,73,0,1.0,1.0,0,0,0,0.0,1.0,0.039473684210526314,0.0,0.10975609756097561,0.0,1.0,0.0,0.0,0.0,1.0,0.0,0.0,0.0,1.0,0.0,0.0,0.0
constructed_medium,medium_compressibility,1,24,static,2,4,73,74,1,1.0136986301369864,1.0136986301369864,5,1,1,0.0136986301369863,1.0,0.0,-0.0136986301369863,0.0975609756097561,-0.0136986301369863,0.0,0.0,0.0,-4.0,0.0,0.0,0.0,0.0,0.0,0.0,0.0,0.0
constructed_medium,medium_compressibility,1,24,capacity_aware,2,4,82,82,0,1.0,1.1232876712328768,0,0,0,0.0,1.1232876712328768,-0.10810810810810811,-0.1232876712328767,0.0,-0.1232876712328767,1.0,0.0,0.0,1.0,1.0,0.0,0.0,0.0,1.0,0.0,0.0,0.0
constructed_medium,medium_compressibility,1,24,smooth,2,4,73,73,0,1.0,1.0,0,0,0,0.0,1.0,0.013513513513513514,0.0,0.10975609756097561,0.0,1.0,0.0,0.0,1.0,1.0,0.0,0.0,0.0,1.0,0.0,0.0,0.0
constructed_medium,medium_compressibility,1,24,delivery_aware_v1,2,4,73,73,0,1.0,1.0,1,0,0,0.0,1.0,0.013513513513513514,0.0,0.10975609756097561,0.0,0.8,0.0,0.0,0.0,1.0,0.0,0.0,0.0,1.0,0.0,0.0,0.0
constructed_medium,medium_compressibility,1,24,delivery_aware_v2,2,4,73,73,0,1.0,1.0,0,0,0,0.0,1.0,0.013513513513513514,0.0,0.10975609756097561,0.0,1.0,0.0,0.0,1.0,1.0,0.0,0.0,0.0,1.0,0.0,0.0,0.0
constructed_medium,medium_compressibility,1,24,static,2,8,73,73,0,1.0,1.0,5,0,0,0.0,1.0,0.0,0.0,0.10975609756097561,0.0,0.0,0.0,0.0,-1.5,0.0,0.0,0.0,0.0,0.0,0.0,0.0,0.0
constructed_medium,medium_compressibility,1,24,capacity_aware,2,8,82,82,0,1.0,1.1232876712328768,0,0,0,0.0,1.1232876712328768,-0.1232876712328767,-0.1232876712328767,0.0,-0.1232876712328767,1.0,0.0,0.0,1.0,0.0,0.0,0.0,0.0,0.0,0.0,0.0,0.0
constructed_medium,medium_compressibility,1,24,smooth,2,8,73,73,0,1.0,1.0,0,0,0,0.0,1.0,0.0,0.0,0.10975609756097561,0.0,1.0,0.0,0.0,1.0,0.0,0.0,0.0,0.0,0.0,0.0,0.0,0.0
constructed_medium,medium_compressibility,1,24,delivery_aware_v1,2,8,73,73,0,1.0,1.0,2,0,0,0.0,1.0,0.0,0.0,0.10975609756097561,0.0,0.6,0.0,0.0,0.0,0.0,0.0,0.0,0.0,0.0,0.0,0.0,0.0
constructed_medium,medium_compressibility,1,24,delivery_aware_v2,2,8,73,73,0,1.0,1.0,0,0,0,0.0,1.0,0.0,0.0,0.10975609756097561,0.0,1.0,0.0,0.0,1.0,0.0,0.0,0.0,0.0,0.0,0.0,0.0,0.0
constructed_medium,medium_compressibility,1,24,static,2,12,73,73,0,1.0,1.0,5,0,0,0.0,1.0,0.0,0.0,0.10975609756097561,0.0,0.0,0.0,0.0,-1.5,0.0,0.0,0.0,0.0,0.0,0.0,0.0,0.0
constructed_medium,medium_compressibility,1,24,capacity_aware,2,12,82,82,0,1.0,1.1232876712328768,0,0,0,0.0,1.1232876712328768,-0.1232876712328767,-0.1232876712328767,0.0,-0.1232876712328767,1.0,0.0,0.0,1.0,0.0,0.0,0.0,0.0,0.0,0.0,0.0,0.0
constructed_medium,medium_compressibility,1,24,smooth,2,12,73,73,0,1.0,1.0,0,0,0,0.0,1.0,0.0,0.0,0.10975609756097561,0.0,1.0,0.0,0.0,1.0,0.0,0.0,0.0,0.0,0.0,0.0,0.0,0.0
constructed_medium,medium_compressibility,1,24,delivery_aware_v1,2,12,73,73,0,1.0,1.0,2,0,0,0.0,1.0,0.0,0.0,0.10975609756097561,0.0,0.6,0.0,0.0,0.0,0.0,0.0,0.0,0.0,0.0,0.0,0.0,0.0
constructed_medium,medium_compressibility,1,24,delivery_aware_v2,2,12,73,73,0,1.0,1.0,0,0,0,0.0,1.0,0.0,0.0,0.10975609756097561,0.0,1.0,0.0,0.0,1.0,0.0,0.0,0.0,0.0,0.0,0.0,0.0,0.0
constructed_medium,medium_compressibility,1,24,static,3,0,73,74,1,1.0136986301369864,1.0136986301369864,3,1,3,0.0410958904109589,1.0,0.0,-0.0136986301369863,0.05128205128205128,-0.0136986301369863,0.0,0.0,0.0,0.0,0.0,0.0,0.0,0.0,0.0,0.0,0.0,0.0
constructed_medium,medium_compressibility,1,24,capacity_aware,3,0,78,78,0,1.0,1.0684931506849316,0,0,0,0.0,1.0684931506849316,-0.05405405405405406,-0.0684931506849315,0.0,-0.0684931506849315,1.0,0.0,0.0,0.0,1.0,0.0,0.0,0.0,1.0,0.0,0.0,0.0
constructed_medium,medium_compressibility,1,24,smooth,3,0,73,73,0,1.0,1.0,0,0,0,0.0,1.0,0.013513513513513514,0.0,0.0641025641025641,0.0,1.0,0.0,0.0,0.0,1.0,0.0,0.0,0.0,1.0,0.0,0.0,0.0
constructed_medium,medium_compressibility,1,24,delivery_aware_v1,3,0,73,73,0,1.0,1.0,0,0,0,0.0,1.0,0.013513513513513514,0.0,0.0641025641025641,0.0,1.0,0.0,0.0,0.0,1.0,0.0,0.0,0.0,1.0,0.0,0.0,0.0
constructed_medium,medium_compressibility,1,24,delivery_aware_v2,3,0,73,73,0,1.0,1.0,0,0,0,0.0,1.0,0.013513513513513514,0.0,0.0641025641025641,0.0,1.0,0.0,0.0,0.0,1.0,0.0,0.0,0.0,1.0,0.0,0.0,0.0
constructed_medium,medium_compressibility,1,24,static,3,4,73,73,0,1.0,1.0,3,0,0,0.0,1.0,0.0,0.0,0.0641025641025641,0.0,0.0,0.0,0.0,0.0,0.0,0.0,0.0,0.0,0.0,0.0,0.0,0.0
constructed_medium,medium_compressibility,1,24,capacity_aware,3,4,78,78,0,1.0,1.0684931506849316,0,0,0,0.0,1.0684931506849316,-0.0684931506849315,-0.0684931506849315,0.0,-0.0684931506849315,1.0,0.0,0.0,0.0,0.0,0.0,0.0,0.0,0.0,0.0,0.0,0.0
constructed_medium,medium_compressibility,1,24,smooth,3,4,73,73,0,1.0,1.0,0,0,0,0.0,1.0,0.0,0.0,0.0641025641025641,0.0,1.0,0.0,0.0,0.0,0.0,0.0,0.0,0.0,0.0,0.0,0.0,0.0
constructed_medium,medium_compressibility,1,24,delivery_aware_v1,3,4,73,73,0,1.0,1.0,0,0,0,0.0,1.0,0.0,0.0,0.0641025641025641,0.0,1.0,0.0,0.0,0.0,0.0,0.0,0.0,0.0,0.0,0.0,0.0,0.0
constructed_medium,medium_compressibility,1,24,delivery_aware_v2,3,4,73,73,0,1.0,1.0,0,0,0,0.0,1.0,0.0,0.0,0.0641025641025641,0.0,1.0,0.0,0.0,0.0,0.0,0.0,0.0,0.0,0.0,0.0,0.0,0.0
constructed_medium,medium_compressibility,1,24,static,3,8,73,73,0,1.0,1.0,3,0,0,0.0,1.0,0.0,0.0,0.0641025641025641,0.0,0.0,0.0,0.0,0.0,0.0,0.0,0.0,0.0,0.0,0.0,0.0,0.0
constructed_medium,medium_compressibility,1,24,capacity_aware,3,8,78,78,0,1.0,1.0684931506849316,0,0,0,0.0,1.0684931506849316,-0.0684931506849315,-0.0684931506849315,0.0,-0.0684931506849315,1.0,0.0,0.0,0.0,0.0,0.0,0.0,0.0,0.0,0.0,0.0,0.0
constructed_medium,medium_compressibility,1,24,smooth,3,8,73,73,0,1.0,1.0,0,0,0,0.0,1.0,0.0,0.0,0.0641025641025641,0.0,1.0,0.0,0.0,0.0,0.0,0.0,0.0,0.0,0.0,0.0,0.0,0.0
constructed_medium,medium_compressibility,1,24,delivery_aware_v1,3,8,73,73,0,1.0,1.0,0,0,0,0.0,1.0,0.0,0.0,0.0641025641025641,0.0,1.0,0.0,0.0,0.0,0.0,0.0,0.0,0.0,0.0,0.0,0.0,0.0
constructed_medium,medium_compressibility,1,24,delivery_aware_v2,3,8,73,73,0,1.0,1.0,0,0,0,0.0,1.0,0.0,0.0,0.0641025641025641,0.0,1.0,0.0,0.0,0.0,0.0,0.0,0.0,0.0,0.0,0.0,0.0,0.0
constructed_medium,medium_compressibility,1,24,static,3,12,73,73,0,1.0,1.0,3,0,0,0.0,1.0,0.0,0.0,0.0641025641025641,0.0,0.0,0.0,0.0,0.0,0.0,0.0,0.0,0.0,0.0,0.0,0.0,0.0
constructed_medium,medium_compressibility,1,24,capacity_aware,3,12,78,78,0,1.0,1.0684931506849316,0,0,0,0.0,1.0684931506849316,-0.0684931506849315,-0.0684931506849315,0.0,-0.0684931506849315,1.0,0.0,0.0,0.0,0.0,0.0,0.0,0.0,0.0,0.0,0.0,0.0
constructed_medium,medium_compressibility,1,24,smooth,3,12,73,73,0,1.0,1.0,0,0,0,0.0,1.0,0.0,0.0,0.0641025641025641,0.0,1.0,0.0,0.0,0.0,0.0,0.0,0.0,0.0,0.0,0.0,0.0,0.0
constructed_medium,medium_compressibility,1,24,delivery_aware_v1,3,12,73,73,0,1.0,1.0,0,0,0,0.0,1.0,0.0,0.0,0.0641025641025641,0.0,1.0,0.0,0.0,0.0,0.0,0.0,0.0,0.0,0.0,0.0,0.0,0.0
constructed_medium,medium_compressibility,1,24,delivery_aware_v2,3,12,73,73,0,1.0,1.0,0,0,0,0.0,1.0,0.0,0.0,0.0641025641025641,0.0,1.0,0.0,0.0,0.0,0.0,0.0,0.0,0.0,0.0,0.0,0.0,0.0
constructed_medium,medium_compressibility,1,24,static,4,0,73,74,1,1.0136986301369864,1.0136986301369864,1,1,1,0.0136986301369863,1.0,0.0,-0.0136986301369863,0.02631578947368421,-0.0136986301369863,0.0,0.0,0.0,0.0,0.0,0.0,0.0,0.0,0.0,0.0,0.0,0.0
constructed_medium,medium_compressibility,1,24,capacity_aware,4,0,76,76,0,1.0,1.0410958904109588,0,0,0,0.0,1.0410958904109588,-0.02702702702702703,-0.0410958904109589,0.0,-0.0410958904109589,1.0,0.0,0.0,0.0,1.0,0.0,0.0,0.0,1.0,0.0,0.0,0.0
constructed_medium,medium_compressibility,1,24,smooth,4,0,73,73,0,1.0,1.0,0,0,0,0.0,1.0,0.013513513513513514,0.0,0.039473684210526314,0.0,1.0,0.0,0.0,0.0,1.0,0.0,0.0,0.0,1.0,0.0,0.0,0.0
constructed_medium,medium_compressibility,1,24,delivery_aware_v1,4,0,73,73,0,1.0,1.0,0,0,0,0.0,1.0,0.013513513513513514,0.0,0.039473684210526314,0.0,1.0,0.0,0.0,0.0,1.0,0.0,0.0,0.0,1.0,0.0,0.0,0.0
constructed_medium,medium_compressibility,1,24,delivery_aware_v2,4,0,73,73,0,1.0,1.0,0,0,0,0.0,1.0,0.013513513513513514,0.0,0.039473684210526314,0.0,1.0,0.0,0.0,0.0,1.0,0.0,0.0,0.0,1.0,0.0,0.0,0.0
constructed_medium,medium_compressibility,1,24,static,4,4,73,73,0,1.0,1.0,1,0,0,0.0,1.0,0.0,0.0,0.039473684210526314,0.0,0.0,0.0,0.0,0.0,0.0,0.0,0.0,0.0,0.0,0.0,0.0,0.0
constructed_medium,medium_compressibility,1,24,capacity_aware,4,4,76,76,0,1.0,1.0410958904109588,0,0,0,0.0,1.0410958904109588,-0.0410958904109589,-0.0410958904109589,0.0,-0.0410958904109589,1.0,0.0,0.0,0.0,0.0,0.0,0.0,0.0,0.0,0.0,0.0,0.0
constructed_medium,medium_compressibility,1,24,smooth,4,4,73,73,0,1.0,1.0,0,0,0,0.0,1.0,0.0,0.0,0.039473684210526314,0.0,1.0,0.0,0.0,0.0,0.0,0.0,0.0,0.0,0.0,0.0,0.0,0.0
constructed_medium,medium_compressibility,1,24,delivery_aware_v1,4,4,73,73,0,1.0,1.0,0,0,0,0.0,1.0,0.0,0.0,0.039473684210526314,0.0,1.0,0.0,0.0,0.0,0.0,0.0,0.0,0.0,0.0,0.0,0.0,0.0
constructed_medium,medium_compressibility,1,24,delivery_aware_v2,4,4,73,73,0,1.0,1.0,0,0,0,0.0,1.0,0.0,0.0,0.039473684210526314,0.0,1.0,0.0,0.0,0.0,0.0,0.0,0.0,0.0,0.0,0.0,0.0,0.0
constructed_medium,medium_compressibility,1,24,static,4,8,73,73,0,1.0,1.0,1,0,0,0.0,1.0,0.0,0.0,0.039473684210526314,0.0,0.0,0.0,0.0,0.0,0.0,0.0,0.0,0.0,0.0,0.0,0.0,0.0
constructed_medium,medium_compressibility,1,24,capacity_aware,4,8,76,76,0,1.0,1.0410958904109588,0,0,0,0.0,1.0410958904109588,-0.0410958904109589,-0.0410958904109589,0.0,-0.0410958904109589,1.0,0.0,0.0,0.0,0.0,0.0,0.0,0.0,0.0,0.0,0.0,0.0
constructed_medium,medium_compressibility,1,24,smooth,4,8,73,73,0,1.0,1.0,0,0,0,0.0,1.0,0.0,0.0,0.039473684210526314,0.0,1.0,0.0,0.0,0.0,0.0,0.0,0.0,0.0,0.0,0.0,0.0,0.0
constructed_medium,medium_compressibility,1,24,delivery_aware_v1,4,8,73,73,0,1.0,1.0,0,0,0,0.0,1.0,0.0,0.0,0.039473684210526314,0.0,1.0,0.0,0.0,0.0,0.0,0.0,0.0,0.0,0.0,0.0,0.0,0.0
constructed_medium,medium_compressibility,1,24,delivery_aware_v2,4,8,73,73,0,1.0,1.0,0,0,0,0.0,1.0,0.0,0.0,0.039473684210526314,0.0,1.0,0.0,0.0,0.0,0.0,0.0,0.0,0.0,0.0,0.0,0.0,0.0
constructed_medium,medium_compressibility,1,24,static,4,12,73,73,0,1.0,1.0,1,0,0,0.0,1.0,0.0,0.0,0.039473684210526314,0.0,0.0,0.0,0.0,0.0,0.0,0.0,0.0,0.0,0.0,0.0,0.0,0.0
constructed_medium,medium_compressibility,1,24,capacity_aware,4,12,76,76,0,1.0,1.0410958904109588,0,0,0,0.0,1.0410958904109588,-0.0410958904109589,-0.0410958904109589,0.0,-0.0410958904109589,1.0,0.0,0.0,0.0,0.0,0.0,0.0,0.0,0.0,0.0,0.0,0.0
constructed_medium,medium_compressibility,1,24,smooth,4,12,73,73,0,1.0,1.0,0,0,0,0.0,1.0,0.0,0.0,0.039473684210526314,0.0,1.0,0.0,0.0,0.0,0.0,0.0,0.0,0.0,0.0,0.0,0.0,0.0
constructed_medium,medium_compressibility,1,24,delivery_aware_v1,4,12,73,73,0,1.0,1.0,0,0,0,0.0,1.0,0.0,0.0,0.039473684210526314,0.0,1.0,0.0,0.0,0.0,0.0,0.0,0.0,0.0,0.0,0.0,0.0,0.0
constructed_medium,medium_compressibility,1,24,delivery_aware_v2,4,12,73,73,0,1.0,1.0,0,0,0,0.0,1.0,0.0,0.0,0.039473684210526314,0.0,1.0,0.0,0.0,0.0,0.0,0.0,0.0,0.0,0.0,0.0,0.0,0.0
constructed_medium,medium_compressibility,1,24,static,5,0,73,73,0,1.0,1.0,0,0,0,0.0,1.0,0.0,0.0,0.02666666666666667,0.0,0.0,0.0,0.0,0.0,0.0,0.0,0.0,0.0,0.0,0.0,0.0,0.0
constructed_medium,medium_compressibility,1,24,capacity_aware,5,0,75,75,0,1.0,1.0273972602739727,0,0,0,0.0,1.0273972602739727,-0.0273972602739726,-0.0273972602739726,0.0,-0.0273972602739726,0.0,0.0,0.0,0.0,0.0,0.0,0.0,0.0,0.0,0.0,0.0,0.0
constructed_medium,medium_compressibility,1,24,smooth,5,0,73,73,0,1.0,1.0,0,0,0,0.0,1.0,0.0,0.0,0.02666666666666667,0.0,0.0,0.0,0.0,0.0,0.0,0.0,0.0,0.0,0.0,0.0,0.0,0.0
constructed_medium,medium_compressibility,1,24,delivery_aware_v1,5,0,73,73,0,1.0,1.0,0,0,0,0.0,1.0,0.0,0.0,0.02666666666666667,0.0,0.0,0.0,0.0,0.0,0.0,0.0,0.0,0.0,0.0,0.0,0.0,0.0
constructed_medium,medium_compressibility,1,24,delivery_aware_v2,5,0,73,73,0,1.0,1.0,0,0,0,0.0,1.0,0.0,0.0,0.02666666666666667,0.0,0.0,0.0,0.0,0.0,0.0,0.0,0.0,0.0,0.0,0.0,0.0,0.0
constructed_medium,medium_compressibility,1,24,static,5,4,73,73,0,1.0,1.0,0,0,0,0.0,1.0,0.0,0.0,0.02666666666666667,0.0,0.0,0.0,0.0,0.0,0.0,0.0,0.0,0.0,0.0,0.0,0.0,0.0
constructed_medium,medium_compressibility,1,24,capacity_aware,5,4,75,75,0,1.0,1.0273972602739727,0,0,0,0.0,1.0273972602739727,-0.0273972602739726,-0.0273972602739726,0.0,-0.0273972602739726,0.0,0.0,0.0,0.0,0.0,0.0,0.0,0.0,0.0,0.0,0.0,0.0
constructed_medium,medium_compressibility,1,24,smooth,5,4,73,73,0,1.0,1.0,0,0,0,0.0,1.0,0.0,0.0,0.02666666666666667,0.0,0.0,0.0,0.0,0.0,0.0,0.0,0.0,0.0,0.0,0.0,0.0,0.0
constructed_medium,medium_compressibility,1,24,delivery_aware_v1,5,4,73,73,0,1.0,1.0,0,0,0,0.0,1.0,0.0,0.0,0.02666666666666667,0.0,0.0,0.0,0.0,0.0,0.0,0.0,0.0,0.0,0.0,0.0,0.0,0.0
constructed_medium,medium_compressibility,1,24,delivery_aware_v2,5,4,73,73,0,1.0,1.0,0,0,0,0.0,1.0,0.0,0.0,0.02666666666666667,0.0,0.0,0.0,0.0,0.0,0.0,0.0,0.0,0.0,0.0,0.0,0.0,0.0
constructed_medium,medium_compressibility,1,24,static,5,8,73,73,0,1.0,1.0,0,0,0,0.0,1.0,0.0,0.0,0.02666666666666667,0.0,0.0,0.0,0.0,0.0,0.0,0.0,0.0,0.0,0.0,0.0,0.0,0.0
constructed_medium,medium_compressibility,1,24,capacity_aware,5,8,75,75,0,1.0,1.0273972602739727,0,0,0,0.0,1.0273972602739727,-0.0273972602739726,-0.0273972602739726,0.0,-0.0273972602739726,0.0,0.0,0.0,0.0,0.0,0.0,0.0,0.0,0.0,0.0,0.0,0.0
constructed_medium,medium_compressibility,1,24,smooth,5,8,73,73,0,1.0,1.0,0,0,0,0.0,1.0,0.0,0.0,0.02666666666666667,0.0,0.0,0.0,0.0,0.0,0.0,0.0,0.0,0.0,0.0,0.0,0.0,0.0
constructed_medium,medium_compressibility,1,24,delivery_aware_v1,5,8,73,73,0,1.0,1.0,0,0,0,0.0,1.0,0.0,0.0,0.02666666666666667,0.0,0.0,0.0,0.0,0.0,0.0,0.0,0.0,0.0,0.0,0.0,0.0,0.0
constructed_medium,medium_compressibility,1,24,delivery_aware_v2,5,8,73,73,0,1.0,1.0,0,0,0,0.0,1.0,0.0,0.0,0.02666666666666667,0.0,0.0,0.0,0.0,0.0,0.0,0.0,0.0,0.0,0.0,0.0,0.0,0.0
constructed_medium,medium_compressibility,1,24,static,5,12,73,73,0,1.0,1.0,0,0,0,0.0,1.0,0.0,0.0,0.02666666666666667,0.0,0.0,0.0,0.0,0.0,0.0,0.0,0.0,0.0,0.0,0.0,0.0,0.0
constructed_medium,medium_compressibility,1,24,capacity_aware,5,12,75,75,0,1.0,1.0273972602739727,0,0,0,0.0,1.0273972602739727,-0.0273972602739726,-0.0273972602739726,0.0,-0.0273972602739726,0.0,0.0,0.0,0.0,0.0,0.0,0.0,0.0,0.0,0.0,0.0,0.0
constructed_medium,medium_compressibility,1,24,smooth,5,12,73,73,0,1.0,1.0,0,0,0,0.0,1.0,0.0,0.0,0.02666666666666667,0.0,0.0,0.0,0.0,0.0,0.0,0.0,0.0,0.0,0.0,0.0,0.0,0.0
constructed_medium,medium_compressibility,1,24,delivery_aware_v1,5,12,73,73,0,1.0,1.0,0,0,0,0.0,1.0,0.0,0.0,0.02666666666666667,0.0,0.0,0.0,0.0,0.0,0.0,0.0,0.0,0.0,0.0,0.0,0.0,0.0
constructed_medium,medium_compressibility,1,24,delivery_aware_v2,5,12,73,73,0,1.0,1.0,0,0,0,0.0,1.0,0.0,0.0,0.02666666666666667,0.0,0.0,0.0,0.0,0.0,0.0,0.0,0.0,0.0,0.0,0.0,0.0,0.0
constructed_low,low_compressibility,1,24,static,1,0,100,100,0,1.0,1.0,0,0,0,0.0,1.0,0.0,0.0,0.0,0.0,0.0,0.0,0.0,0.0,0.0,0.0,0.0,0.0,0.0,0.0,0.0,0.0
constructed_low,low_compressibility,1,24,capacity_aware,1,0,100,100,0,1.0,1.0,0,0,0,0.0,1.0,0.0,0.0,0.0,0.0,0.0,0.0,0.0,0.0,0.0,0.0,0.0,0.0,0.0,0.0,0.0,0.0
constructed_low,low_compressibility,1,24,smooth,1,0,100,100,0,1.0,1.0,0,0,0,0.0,1.0,0.0,0.0,0.0,0.0,0.0,0.0,0.0,0.0,0.0,0.0,0.0,0.0,0.0,0.0,0.0,0.0
constructed_low,low_compressibility,1,24,delivery_aware_v1,1,0,100,100,0,1.0,1.0,0,0,0,0.0,1.0,0.0,0.0,0.0,0.0,0.0,0.0,0.0,0.0,0.0,0.0,0.0,0.0,0.0,0.0,0.0,0.0
constructed_low,low_compressibility,1,24,delivery_aware_v2,1,0,100,100,0,1.0,1.0,0,0,0,0.0,1.0,0.0,0.0,0.0,0.0,0.0,0.0,0.0,0.0,0.0,0.0,0.0,0.0,0.0,0.0,0.0,0.0
constructed_low,low_compressibility,1,24,static,1,4,100,100,0,1.0,1.0,0,0,0,0.0,1.0,0.0,0.0,0.0,0.0,0.0,0.0,0.0,0.0,0.0,0.0,0.0,0.0,0.0,0.0,0.0,0.0
constructed_low,low_compressibility,1,24,capacity_aware,1,4,100,100,0,1.0,1.0,0,0,0,0.0,1.0,0.0,0.0,0.0,0.0,0.0,0.0,0.0,0.0,0.0,0.0,0.0,0.0,0.0,0.0,0.0,0.0
constructed_low,low_compressibility,1,24,smooth,1,4,100,100,0,1.0,1.0,0,0,0,0.0,1.0,0.0,0.0,0.0,0.0,0.0,0.0,0.0,0.0,0.0,0.0,0.0,0.0,0.0,0.0,0.0,0.0
constructed_low,low_compressibility,1,24,delivery_aware_v1,1,4,100,100,0,1.0,1.0,0,0,0,0.0,1.0,0.0,0.0,0.0,0.0,0.0,0.0,0.0,0.0,0.0,0.0,0.0,0.0,0.0,0.0,0.0,0.0
constructed_low,low_compressibility,1,24,delivery_aware_v2,1,4,100,100,0,1.0,1.0,0,0,0,0.0,1.0,0.0,0.0,0.0,0.0,0.0,0.0,0.0,0.0,0.0,0.0,0.0,0.0,0.0,0.0,0.0,0.0
constructed_low,low_compressibility,1,24,static,1,8,100,100,0,1.0,1.0,0,0,0,0.0,1.0,0.0,0.0,0.0,0.0,0.0,0.0,0.0,0.0,0.0,0.0,0.0,0.0,0.0,0.0,0.0,0.0
constructed_low,low_compressibility,1,24,capacity_aware,1,8,100,100,0,1.0,1.0,0,0,0,0.0,1.0,0.0,0.0,0.0,0.0,0.0,0.0,0.0,0.0,0.0,0.0,0.0,0.0,0.0,0.0,0.0,0.0
constructed_low,low_compressibility,1,24,smooth,1,8,100,100,0,1.0,1.0,0,0,0,0.0,1.0,0.0,0.0,0.0,0.0,0.0,0.0,0.0,0.0,0.0,0.0,0.0,0.0,0.0,0.0,0.0,0.0
constructed_low,low_compressibility,1,24,delivery_aware_v1,1,8,100,100,0,1.0,1.0,0,0,0,0.0,1.0,0.0,0.0,0.0,0.0,0.0,0.0,0.0,0.0,0.0,0.0,0.0,0.0,0.0,0.0,0.0,0.0
constructed_low,low_compressibility,1,24,delivery_aware_v2,1,8,100,100,0,1.0,1.0,0,0,0,0.0,1.0,0.0,0.0,0.0,0.0,0.0,0.0,0.0,0.0,0.0,0.0,0.0,0.0,0.0,0.0,0.0,0.0
constructed_low,low_compressibility,1,24,static,1,12,100,100,0,1.0,1.0,0,0,0,0.0,1.0,0.0,0.0,0.0,0.0,0.0,0.0,0.0,0.0,0.0,0.0,0.0,0.0,0.0,0.0,0.0,0.0
constructed_low,low_compressibility,1,24,capacity_aware,1,12,100,100,0,1.0,1.0,0,0,0,0.0,1.0,0.0,0.0,0.0,0.0,0.0,0.0,0.0,0.0,0.0,0.0,0.0,0.0,0.0,0.0,0.0,0.0
constructed_low,low_compressibility,1,24,smooth,1,12,100,100,0,1.0,1.0,0,0,0,0.0,1.0,0.0,0.0,0.0,0.0,0.0,0.0,0.0,0.0,0.0,0.0,0.0,0.0,0.0,0.0,0.0,0.0
constructed_low,low_compressibility,1,24,delivery_aware_v1,1,12,100,100,0,1.0,1.0,0,0,0,0.0,1.0,0.0,0.0,0.0,0.0,0.0,0.0,0.0,0.0,0.0,0.0,0.0,0.0,0.0,0.0,0.0,0.0
constructed_low,low_compressibility,1,24,delivery_aware_v2,1,12,100,100,0,1.0,1.0,0,0,0,0.0,1.0,0.0,0.0,0.0,0.0,0.0,0.0,0.0,0.0,0.0,0.0,0.0,0.0,0.0,0.0,0.0,0.0
constructed_low,low_compressibility,1,24,static,2,0,100,100,0,1.0,1.0,0,0,0,0.0,1.0,0.0,0.0,0.0,0.0,0.0,0.0,0.0,0.0,0.0,0.0,0.0,0.0,0.0,0.0,0.0,0.0
constructed_low,low_compressibility,1,24,capacity_aware,2,0,100,100,0,1.0,1.0,0,0,0,0.0,1.0,0.0,0.0,0.0,0.0,0.0,0.0,0.0,0.0,0.0,0.0,0.0,0.0,0.0,0.0,0.0,0.0
constructed_low,low_compressibility,1,24,smooth,2,0,100,100,0,1.0,1.0,0,0,0,0.0,1.0,0.0,0.0,0.0,0.0,0.0,0.0,0.0,0.0,0.0,0.0,0.0,0.0,0.0,0.0,0.0,0.0
constructed_low,low_compressibility,1,24,delivery_aware_v1,2,0,100,100,0,1.0,1.0,0,0,0,0.0,1.0,0.0,0.0,0.0,0.0,0.0,0.0,0.0,0.0,0.0,0.0,0.0,0.0,0.0,0.0,0.0,0.0
constructed_low,low_compressibility,1,24,delivery_aware_v2,2,0,100,100,0,1.0,1.0,0,0,0,0.0,1.0,0.0,0.0,0.0,0.0,0.0,0.0,0.0,0.0,0.0,0.0,0.0,0.0,0.0,0.0,0.0,0.0
constructed_low,low_compressibility,1,24,static,2,4,100,100,0,1.0,1.0,0,0,0,0.0,1.0,0.0,0.0,0.0,0.0,0.0,0.0,0.0,0.0,0.0,0.0,0.0,0.0,0.0,0.0,0.0,0.0
constructed_low,low_compressibility,1,24,capacity_aware,2,4,100,100,0,1.0,1.0,0,0,0,0.0,1.0,0.0,0.0,0.0,0.0,0.0,0.0,0.0,0.0,0.0,0.0,0.0,0.0,0.0,0.0,0.0,0.0
constructed_low,low_compressibility,1,24,smooth,2,4,100,100,0,1.0,1.0,0,0,0,0.0,1.0,0.0,0.0,0.0,0.0,0.0,0.0,0.0,0.0,0.0,0.0,0.0,0.0,0.0,0.0,0.0,0.0
constructed_low,low_compressibility,1,24,delivery_aware_v1,2,4,100,100,0,1.0,1.0,0,0,0,0.0,1.0,0.0,0.0,0.0,0.0,0.0,0.0,0.0,0.0,0.0,0.0,0.0,0.0,0.0,0.0,0.0,0.0
constructed_low,low_compressibility,1,24,delivery_aware_v2,2,4,100,100,0,1.0,1.0,0,0,0,0.0,1.0,0.0,0.0,0.0,0.0,0.0,0.0,0.0,0.0,0.0,0.0,0.0,0.0,0.0,0.0,0.0,0.0
constructed_low,low_compressibility,1,24,static,2,8,100,100,0,1.0,1.0,0,0,0,0.0,1.0,0.0,0.0,0.0,0.0,0.0,0.0,0.0,0.0,0.0,0.0,0.0,0.0,0.0,0.0,0.0,0.0
constructed_low,low_compressibility,1,24,capacity_aware,2,8,100,100,0,1.0,1.0,0,0,0,0.0,1.0,0.0,0.0,0.0,0.0,0.0,0.0,0.0,0.0,0.0,0.0,0.0,0.0,0.0,0.0,0.0,0.0
constructed_low,low_compressibility,1,24,smooth,2,8,100,100,0,1.0,1.0,0,0,0,0.0,1.0,0.0,0.0,0.0,0.0,0.0,0.0,0.0,0.0,0.0,0.0,0.0,0.0,0.0,0.0,0.0,0.0
constructed_low,low_compressibility,1,24,delivery_aware_v1,2,8,100,100,0,1.0,1.0,0,0,0,0.0,1.0,0.0,0.0,0.0,0.0,0.0,0.0,0.0,0.0,0.0,0.0,0.0,0.0,0.0,0.0,0.0,0.0
constructed_low,low_compressibility,1,24,delivery_aware_v2,2,8,100,100,0,1.0,1.0,0,0,0,0.0,1.0,0.0,0.0,0.0,0.0,0.0,0.0,0.0,0.0,0.0,0.0,0.0,0.0,0.0,0.0,0.0,0.0
constructed_low,low_compressibility,1,24,static,2,12,100,100,0,1.0,1.0,0,0,0,0.0,1.0,0.0,0.0,0.0,0.0,0.0,0.0,0.0,0.0,0.0,0.0,0.0,0.0,0.0,0.0,0.0,0.0
constructed_low,low_compressibility,1,24,capacity_aware,2,12,100,100,0,1.0,1.0,0,0,0,0.0,1.0,0.0,0.0,0.0,0.0,0.0,0.0,0.0,0.0,0.0,0.0,0.0,0.0,0.0,0.0,0.0,0.0
constructed_low,low_compressibility,1,24,smooth,2,12,100,100,0,1.0,1.0,0,0,0,0.0,1.0,0.0,0.0,0.0,0.0,0.0,0.0,0.0,0.0,0.0,0.0,0.0,0.0,0.0,0.0,0.0,0.0
constructed_low,low_compressibility,1,24,delivery_aware_v1,2,12,100,100,0,1.0,1.0,0,0,0,0.0,1.0,0.0,0.0,0.0,0.0,0.0,0.0,0.0,0.0,0.0,0.0,0.0,0.0,0.0,0.0,0.0,0.0
constructed_low,low_compressibility,1,24,delivery_aware_v2,2,12,100,100,0,1.0,1.0,0,0,0,0.0,1.0,0.0,0.0,0.0,0.0,0.0,0.0,0.0,0.0,0.0,0.0,0.0,0.0,0.0,0.0,0.0,0.0
constructed_low,low_compressibility,1,24,static,3,0,100,100,0,1.0,1.0,0,0,0,0.0,1.0,0.0,0.0,0.0,0.0,0.0,0.0,0.0,0.0,0.0,0.0,0.0,0.0,0.0,0.0,0.0,0.0
constructed_low,low_compressibility,1,24,capacity_aware,3,0,100,100,0,1.0,1.0,0,0,0,0.0,1.0,0.0,0.0,0.0,0.0,0.0,0.0,0.0,0.0,0.0,0.0,0.0,0.0,0.0,0.0,0.0,0.0
constructed_low,low_compressibility,1,24,smooth,3,0,100,100,0,1.0,1.0,0,0,0,0.0,1.0,0.0,0.0,0.0,0.0,0.0,0.0,0.0,0.0,0.0,0.0,0.0,0.0,0.0,0.0,0.0,0.0
constructed_low,low_compressibility,1,24,delivery_aware_v1,3,0,100,100,0,1.0,1.0,0,0,0,0.0,1.0,0.0,0.0,0.0,0.0,0.0,0.0,0.0,0.0,0.0,0.0,0.0,0.0,0.0,0.0,0.0,0.0
constructed_low,low_compressibility,1,24,delivery_aware_v2,3,0,100,100,0,1.0,1.0,0,0,0,0.0,1.0,0.0,0.0,0.0,0.0,0.0,0.0,0.0,0.0,0.0,0.0,0.0,0.0,0.0,0.0,0.0,0.0
constructed_low,low_compressibility,1,24,static,3,4,100,100,0,1.0,1.0,0,0,0,0.0,1.0,0.0,0.0,0.0,0.0,0.0,0.0,0.0,0.0,0.0,0.0,0.0,0.0,0.0,0.0,0.0,0.0
constructed_low,low_compressibility,1,24,capacity_aware,3,4,100,100,0,1.0,1.0,0,0,0,0.0,1.0,0.0,0.0,0.0,0.0,0.0,0.0,0.0,0.0,0.0,0.0,0.0,0.0,0.0,0.0,0.0,0.0
constructed_low,low_compressibility,1,24,smooth,3,4,100,100,0,1.0,1.0,0,0,0,0.0,1.0,0.0,0.0,0.0,0.0,0.0,0.0,0.0,0.0,0.0,0.0,0.0,0.0,0.0,0.0,0.0,0.0
constructed_low,low_compressibility,1,24,delivery_aware_v1,3,4,100,100,0,1.0,1.0,0,0,0,0.0,1.0,0.0,0.0,0.0,0.0,0.0,0.0,0.0,0.0,0.0,0.0,0.0,0.0,0.0,0.0,0.0,0.0
constructed_low,low_compressibility,1,24,delivery_aware_v2,3,4,100,100,0,1.0,1.0,0,0,0,0.0,1.0,0.0,0.0,0.0,0.0,0.0,0.0,0.0,0.0,0.0,0.0,0.0,0.0,0.0,0.0,0.0,0.0
constructed_low,low_compressibility,1,24,static,3,8,100,100,0,1.0,1.0,0,0,0,0.0,1.0,0.0,0.0,0.0,0.0,0.0,0.0,0.0,0.0,0.0,0.0,0.0,0.0,0.0,0.0,0.0,0.0
constructed_low,low_compressibility,1,24,capacity_aware,3,8,100,100,0,1.0,1.0,0,0,0,0.0,1.0,0.0,0.0,0.0,0.0,0.0,0.0,0.0,0.0,0.0,0.0,0.0,0.0,0.0,0.0,0.0,0.0
constructed_low,low_compressibility,1,24,smooth,3,8,100,100,0,1.0,1.0,0,0,0,0.0,1.0,0.0,0.0,0.0,0.0,0.0,0.0,0.0,0.0,0.0,0.0,0.0,0.0,0.0,0.0,0.0,0.0
constructed_low,low_compressibility,1,24,delivery_aware_v1,3,8,100,100,0,1.0,1.0,0,0,0,0.0,1.0,0.0,0.0,0.0,0.0,0.0,0.0,0.0,0.0,0.0,0.0,0.0,0.0,0.0,0.0,0.0,0.0
constructed_low,low_compressibility,1,24,delivery_aware_v2,3,8,100,100,0,1.0,1.0,0,0,0,0.0,1.0,0.0,0.0,0.0,0.0,0.0,0.0,0.0,0.0,0.0,0.0,0.0,0.0,0.0,0.0,0.0,0.0
constructed_low,low_compressibility,1,24,static,3,12,100,100,0,1.0,1.0,0,0,0,0.0,1.0,0.0,0.0,0.0,0.0,0.0,0.0,0.0,0.0,0.0,0.0,0.0,0.0,0.0,0.0,0.0,0.0
constructed_low,low_compressibility,1,24,capacity_aware,3,12,100,100,0,1.0,1.0,0,0,0,0.0,1.0,0.0,0.0,0.0,0.0,0.0,0.0,0.0,0.0,0.0,0.0,0.0,0.0,0.0,0.0,0.0,0.0
constructed_low,low_compressibility,1,24,smooth,3,12,100,100,0,1.0,1.0,0,0,0,0.0,1.0,0.0,0.0,0.0,0.0,0.0,0.0,0.0,0.0,0.0,0.0,0.0,0.0,0.0,0.0,0.0,0.0
constructed_low,low_compressibility,1,24,delivery_aware_v1,3,12,100,100,0,1.0,1.0,0,0,0,0.0,1.0,0.0,0.0,0.0,0.0,0.0,0.0,0.0,0.0,0.0,0.0,0.0,0.0,0.0,0.0,0.0,0.0
constructed_low,low_compressibility,1,24,delivery_aware_v2,3,12,100,100,0,1.0,1.0,0,0,0,0.0,1.0,0.0,0.0,0.0,0.0,0.0,0.0,0.0,0.0,0.0,0.0,0.0,0.0,0.0,0.0,0.0,0.0
constructed_low,low_compressibility,1,24,static,4,0,100,100,0,1.0,1.0,0,0,0,0.0,1.0,0.0,0.0,0.0,0.0,0.0,0.0,0.0,0.0,0.0,0.0,0.0,0.0,0.0,0.0,0.0,0.0
constructed_low,low_compressibility,1,24,capacity_aware,4,0,100,100,0,1.0,1.0,0,0,0,0.0,1.0,0.0,0.0,0.0,0.0,0.0,0.0,0.0,0.0,0.0,0.0,0.0,0.0,0.0,0.0,0.0,0.0
constructed_low,low_compressibility,1,24,smooth,4,0,100,100,0,1.0,1.0,0,0,0,0.0,1.0,0.0,0.0,0.0,0.0,0.0,0.0,0.0,0.0,0.0,0.0,0.0,0.0,0.0,0.0,0.0,0.0
constructed_low,low_compressibility,1,24,delivery_aware_v1,4,0,100,100,0,1.0,1.0,0,0,0,0.0,1.0,0.0,0.0,0.0,0.0,0.0,0.0,0.0,0.0,0.0,0.0,0.0,0.0,0.0,0.0,0.0,0.0
constructed_low,low_compressibility,1,24,delivery_aware_v2,4,0,100,100,0,1.0,1.0,0,0,0,0.0,1.0,0.0,0.0,0.0,0.0,0.0,0.0,0.0,0.0,0.0,0.0,0.0,0.0,0.0,0.0,0.0,0.0
constructed_low,low_compressibility,1,24,static,4,4,100,100,0,1.0,1.0,0,0,0,0.0,1.0,0.0,0.0,0.0,0.0,0.0,0.0,0.0,0.0,0.0,0.0,0.0,0.0,0.0,0.0,0.0,0.0
constructed_low,low_compressibility,1,24,capacity_aware,4,4,100,100,0,1.0,1.0,0,0,0,0.0,1.0,0.0,0.0,0.0,0.0,0.0,0.0,0.0,0.0,0.0,0.0,0.0,0.0,0.0,0.0,0.0,0.0
constructed_low,low_compressibility,1,24,smooth,4,4,100,100,0,1.0,1.0,0,0,0,0.0,1.0,0.0,0.0,0.0,0.0,0.0,0.0,0.0,0.0,0.0,0.0,0.0,0.0,0.0,0.0,0.0,0.0
constructed_low,low_compressibility,1,24,delivery_aware_v1,4,4,100,100,0,1.0,1.0,0,0,0,0.0,1.0,0.0,0.0,0.0,0.0,0.0,0.0,0.0,0.0,0.0,0.0,0.0,0.0,0.0,0.0,0.0,0.0
constructed_low,low_compressibility,1,24,delivery_aware_v2,4,4,100,100,0,1.0,1.0,0,0,0,0.0,1.0,0.0,0.0,0.0,0.0,0.0,0.0,0.0,0.0,0.0,0.0,0.0,0.0,0.0,0.0,0.0,0.0
constructed_low,low_compressibility,1,24,static,4,8,100,100,0,1.0,1.0,0,0,0,0.0,1.0,0.0,0.0,0.0,0.0,0.0,0.0,0.0,0.0,0.0,0.0,0.0,0.0,0.0,0.0,0.0,0.0
constructed_low,low_compressibility,1,24,capacity_aware,4,8,100,100,0,1.0,1.0,0,0,0,0.0,1.0,0.0,0.0,0.0,0.0,0.0,0.0,0.0,0.0,0.0,0.0,0.0,0.0,0.0,0.0,0.0,0.0
constructed_low,low_compressibility,1,24,smooth,4,8,100,100,0,1.0,1.0,0,0,0,0.0,1.0,0.0,0.0,0.0,0.0,0.0,0.0,0.0,0.0,0.0,0.0,0.0,0.0,0.0,0.0,0.0,0.0
constructed_low,low_compressibility,1,24,delivery_aware_v1,4,8,100,100,0,1.0,1.0,0,0,0,0.0,1.0,0.0,0.0,0.0,0.0,0.0,0.0,0.0,0.0,0.0,0.0,0.0,0.0,0.0,0.0,0.0,0.0
constructed_low,low_compressibility,1,24,delivery_aware_v2,4,8,100,100,0,1.0,1.0,0,0,0,0.0,1.0,0.0,0.0,0.0,0.0,0.0,0.0,0.0,0.0,0.0,0.0,0.0,0.0,0.0,0.0,0.0,0.0
constructed_low,low_compressibility,1,24,static,4,12,100,100,0,1.0,1.0,0,0,0,0.0,1.0,0.0,0.0,0.0,0.0,0.0,0.0,0.0,0.0,0.0,0.0,0.0,0.0,0.0,0.0,0.0,0.0
constructed_low,low_compressibility,1,24,capacity_aware,4,12,100,100,0,1.0,1.0,0,0,0,0.0,1.0,0.0,0.0,0.0,0.0,0.0,0.0,0.0,0.0,0.0,0.0,0.0,0.0,0.0,0.0,0.0,0.0
constructed_low,low_compressibility,1,24,smooth,4,12,100,100,0,1.0,1.0,0,0,0,0.0,1.0,0.0,0.0,0.0,0.0,0.0,0.0,0.0,0.0,0.0,0.0,0.0,0.0,0.0,0.0,0.0,0.0
constructed_low,low_compressibility,1,24,delivery_aware_v1,4,12,100,100,0,1.0,1.0,0,0,0,0.0,1.0,0.0,0.0,0.0,0.0,0.0,0.0,0.0,0.0,0.0,0.0,0.0,0.0,0.0,0.0,0.0,0.0
constructed_low,low_compressibility,1,24,delivery_aware_v2,4,12,100,100,0,1.0,1.0,0,0,0,0.0,1.0,0.0,0.0,0.0,0.0,0.0,0.0,0.0,0.0,0.0,0.0,0.0,0.0,0.0,0.0,0.0,0.0
constructed_low,low_compressibility,1,24,static,5,0,100,100,0,1.0,1.0,0,0,0,0.0,1.0,0.0,0.0,0.0,0.0,0.0,0.0,0.0,0.0,0.0,0.0,0.0,0.0,0.0,0.0,0.0,0.0
constructed_low,low_compressibility,1,24,capacity_aware,5,0,100,100,0,1.0,1.0,0,0,0,0.0,1.0,0.0,0.0,0.0,0.0,0.0,0.0,0.0,0.0,0.0,0.0,0.0,0.0,0.0,0.0,0.0,0.0
constructed_low,low_compressibility,1,24,smooth,5,0,100,100,0,1.0,1.0,0,0,0,0.0,1.0,0.0,0.0,0.0,0.0,0.0,0.0,0.0,0.0,0.0,0.0,0.0,0.0,0.0,0.0,0.0,0.0
constructed_low,low_compressibility,1,24,delivery_aware_v1,5,0,100,100,0,1.0,1.0,0,0,0,0.0,1.0,0.0,0.0,0.0,0.0,0.0,0.0,0.0,0.0,0.0,0.0,0.0,0.0,0.0,0.0,0.0,0.0
constructed_low,low_compressibility,1,24,delivery_aware_v2,5,0,100,100,0,1.0,1.0,0,0,0,0.0,1.0,0.0,0.0,0.0,0.0,0.0,0.0,0.0,0.0,0.0,0.0,0.0,0.0,0.0,0.0,0.0,0.0
constructed_low,low_compressibility,1,24,static,5,4,100,100,0,1.0,1.0,0,0,0,0.0,1.0,0.0,0.0,0.0,0.0,0.0,0.0,0.0,0.0,0.0,0.0,0.0,0.0,0.0,0.0,0.0,0.0
constructed_low,low_compressibility,1,24,capacity_aware,5,4,100,100,0,1.0,1.0,0,0,0,0.0,1.0,0.0,0.0,0.0,0.0,0.0,0.0,0.0,0.0,0.0,0.0,0.0,0.0,0.0,0.0,0.0,0.0
constructed_low,low_compressibility,1,24,smooth,5,4,100,100,0,1.0,1.0,0,0,0,0.0,1.0,0.0,0.0,0.0,0.0,0.0,0.0,0.0,0.0,0.0,0.0,0.0,0.0,0.0,0.0,0.0,0.0
constructed_low,low_compressibility,1,24,delivery_aware_v1,5,4,100,100,0,1.0,1.0,0,0,0,0.0,1.0,0.0,0.0,0.0,0.0,0.0,0.0,0.0,0.0,0.0,0.0,0.0,0.0,0.0,0.0,0.0,0.0
constructed_low,low_compressibility,1,24,delivery_aware_v2,5,4,100,100,0,1.0,1.0,0,0,0,0.0,1.0,0.0,0.0,0.0,0.0,0.0,0.0,0.0,0.0,0.0,0.0,0.0,0.0,0.0,0.0,0.0,0.0
constructed_low,low_compressibility,1,24,static,5,8,100,100,0,1.0,1.0,0,0,0,0.0,1.0,0.0,0.0,0.0,0.0,0.0,0.0,0.0,0.0,0.0,0.0,0.0,0.0,0.0,0.0,0.0,0.0
constructed_low,low_compressibility,1,24,capacity_aware,5,8,100,100,0,1.0,1.0,0,0,0,0.0,1.0,0.0,0.0,0.0,0.0,0.0,0.0,0.0,0.0,0.0,0.0,0.0,0.0,0.0,0.0,0.0,0.0
constructed_low,low_compressibility,1,24,smooth,5,8,100,100,0,1.0,1.0,0,0,0,0.0,1.0,0.0,0.0,0.0,0.0,0.0,0.0,0.0,0.0,0.0,0.0,0.0,0.0,0.0,0.0,0.0,0.0
constructed_low,low_compressibility,1,24,delivery_aware_v1,5,8,100,100,0,1.0,1.0,0,0,0,0.0,1.0,0.0,0.0,0.0,0.0,0.0,0.0,0.0,0.0,0.0,0.0,0.0,0.0,0.0,0.0,0.0,0.0
constructed_low,low_compressibility,1,24,delivery_aware_v2,5,8,100,100,0,1.0,1.0,0,0,0,0.0,1.0,0.0,0.0,0.0,0.0,0.0,0.0,0.0,0.0,0.0,0.0,0.0,0.0,0.0,0.0,0.0,0.0
constructed_low,low_compressibility,1,24,static,5,12,100,100,0,1.0,1.0,0,0,0,0.0,1.0,0.0,0.0,0.0,0.0,0.0,0.0,0.0,0.0,0.0,0.0,0.0,0.0,0.0,0.0,0.0,0.0
constructed_low,low_compressibility,1,24,capacity_aware,5,12,100,100,0,1.0,1.0,0,0,0,0.0,1.0,0.0,0.0,0.0,0.0,0.0,0.0,0.0,0.0,0.0,0.0,0.0,0.0,0.0,0.0,0.0,0.0
constructed_low,low_compressibility,1,24,smooth,5,12,100,100,0,1.0,1.0,0,0,0,0.0,1.0,0.0,0.0,0.0,0.0,0.0,0.0,0.0,0.0,0.0,0.0,0.0,0.0,0.0,0.0,0.0,0.0
constructed_low,low_compressibility,1,24,delivery_aware_v1,5,12,100,100,0,1.0,1.0,0,0,0,0.0,1.0,0.0,0.0,0.0,0.0,0.0,0.0,0.0,0.0,0.0,0.0,0.0,0.0,0.0,0.0,0.0,0.0
constructed_low,low_compressibility,1,24,delivery_aware_v2,5,12,100,100,0,1.0,1.0,0,0,0,0.0,1.0,0.0,0.0,0.0,0.0,0.0,0.0,0.0,0.0,0.0,0.0,0.0,0.0,0.0,0.0,0.0,0.0
constructed_high,high_compressibility,2,24,static,1,0,74,122,48,1.6486486486486487,1.6486486486486487,48,55,48,18.16216216216216,1.0,0.0,-0.6486486486486487,0.008130081300813009,-0.6486486486486487,0.0,0.0,0.0,0.0,0.0,0.0,0.0,0.0,0.0,0.0,0.0,0.0
constructed_high,high_compressibility,2,24,capacity_aware,1,0,123,123,0,1.0,1.662162162162162,0,0,0,0.0,1.662162162162162,-0.00819672131147541,-0.6621621621621622,0.0,-0.6621621621621622,1.0,0.0,0.0,0.0,1.0,0.0,0.0,0.0,1.0,0.0,0.0,0.0
constructed_high,high_compressibility,2,24,smooth,1,0,74,74,0,1.0,1.0,0,0,0,0.0,1.0,0.39344262295081966,0.0,0.3983739837398374,0.0,1.0,0.0,0.0,0.0,1.0,0.0,0.0,0.0,1.0,0.0,0.0,0.0
constructed_high,high_compressibility,2,24,delivery_aware_v1,1,0,74,74,0,1.0,1.0,0,0,0,0.0,1.0,0.39344262295081966,0.0,0.3983739837398374,0.0,1.0,0.0,0.0,0.0,1.0,0.0,0.0,0.0,1.0,0.0,0.0,0.0
constructed_high,high_compressibility,2,24,delivery_aware_v2,1,0,74,74,0,1.0,1.0,0,0,0,0.0,1.0,0.39344262295081966,0.0,0.3983739837398374,0.0,1.0,0.0,0.0,0.0,1.0,0.0,0.0,0.0,1.0,0.0,0.0,0.0
constructed_high,high_compressibility,2,24,static,1,4,74,118,44,1.5945945945945945,1.5945945945945945,48,51,44,15.27027027027027,1.0,0.0,-0.5945945945945946,0.04065040650406504,-0.5733333333333334,0.0,0.0,0.0,-8.6,0.0,0.0,0.0,-43.0,0.0,0.0,0.0,-0.10869565217391304
constructed_high,high_compressibility,2,24,capacity_aware,1,4,123,123,0,1.0,1.662162162162162,0,0,0,0.0,1.662162162162162,-0.0423728813559322,-0.6621621621621622,0.0,-0.64,1.0,0.0,0.0,1.0,1.0,0.0,0.0,1.0,1.0,0.0,0.0,1.0
constructed_high,high_compressibility,2,24,smooth,1,4,74,74,0,1.0,1.0,0,0,0,0.0,1.0,0.3728813559322034,0.0,0.3983739837398374,0.013333333333333334,1.0,0.0,0.0,1.0,1.0,0.0,0.0,1.0,1.0,0.0,0.0,1.0
constructed_high,high_compressibility,2,24,delivery_aware_v1,1,4,74,75,1,1.0135135135135136,1.0135135135135136,5,46,1,0.6216216216216216,1.0,0.3644067796610169,-0.013513513513513514,0.3902439024390244,0.0,0.8958333333333334,0.0,0.0,0.0,0.9772727272727273,0.0,0.0,0.0,0.09803921568627451,0.0,0.0,0.0
constructed_high,high_compressibility,2,24,delivery_aware_v2,1,4,74,74,0,1.0,1.0,0,0,0,0.0,1.0,0.3728813559322034,0.0,0.3983739837398374,0.013333333333333334,1.0,0.0,0.0,1.0,1.0,0.0,0.0,1.0,1.0,0.0,0.0,1.0
constructed_high,high_compressibility,2,24,static,1,8,74,114,40,1.5405405405405406,1.5405405405405406,48,46,40,12.621621621621621,1.0,0.0,-0.5405405405405406,0.07317073170731707,-0.52,0.0,0.0,0.0,-4.333333333333333,0.0,0.0,0.0,-39.0,0.0,0.0,0.0,-0.09523809523809523
constructed_high,high_compressibility,2,24,capacity_aware,1,8,123,123,0,1.0,1.662162162162162,0,0,0,0.0,1.662162162162162,-0.07894736842105263,-0.6621621621621622,0.0,-0.64,1.0,0.0,0.0,1.0,1.0,0.0,0.0,1.0,1.0,0.0,0.0,1.0
constructed_high,high_compressibility,2,24,smooth,1,8,74,74,0,1.0,1.0,0,0,0,0.0,1.0,0.3508771929824561,0.0,0.3983739837398374,0.013333333333333334,1.0,0.0,0.0,1.0,1.0,0.0,0.0,1.0,1.0,0.0,0.0,1.0
constructed_high,high_compressibility,2,24,delivery_aware_v1,1,8,74,75,1,1.0135135135135136,1.0135135135135136,9,42,1,0.5675675675675675,1.0,0.34210526315789475,-0.013513513513513514,0.3902439024390244,0.0,0.8125,0.0,0.0,0.0,0.975,0.0,0.0,0.0,0.08695652173913043,0.0,0.0,0.0
constructed_high,high_compressibility,2,24,delivery_aware_v2,1,8,74,74,0,1.0,1.0,0,0,0,0.0,1.0,0.3508771929824561,0.0,0.3983739837398374,0.013333333333333334,1.0,0.0,0.0,1.0,1.0,0.0,0.0,1.0,1.0,0.0,0.0,1.0
constructed_high,high_compressibility,2,24,static,1,12,74,110,36,1.4864864864864864,1.4864864864864864,48,41,36,10.216216216216216,1.0,0.0,-0.4864864864864865,0.10569105691056911,-0.4666666666666667,0.0,0.0,0.0,-2.6923076923076925,0.0,0.0,0.0,-35.0,0.0,0.0,0.0,-0.17142857142857143
constructed_high,high_compressibility,2,24,capacity_aware,1,12,123,123,0,1.0,1.662162162162162,0,0,0,0.0,1.662162162162162,-0.11818181818181818,-0.6621621621621622,0.0,-0.64,1.0,0.0,0.0,1.0,1.0,0.0,0.0,1.0,1.0,0.0,0.0,1.0
constructed_high,high_compressibility,2,24,smooth,1,12,74,74,0,1.0,1.0,0,0,0,0.0,1.0,0.32727272727272727,0.0,0.3983739837398374,0.013333333333333334,1.0,0.0,0.0,1.0,1.0,0.0,0.0,1.0,1.0,0.0,0.0,1.0
constructed_high,high_compressibility,2,24,delivery_aware_v1,1,12,74,75,1,1.0135135135135136,1.0135135135135136,13,35,1,0.47297297297297297,1.0,0.3181818181818182,-0.013513513513513514,0.3902439024390244,0.0,0.7291666666666666,0.0,0.0,0.0,0.9722222222222222,0.0,0.0,0.0,0.14634146341463414,0.0,0.0,0.0
constructed_high,high_compressibility,2,24,delivery_aware_v2,1,12,74,74,0,1.0,1.0,0,0,0,0.0,1.0,0.32727272727272727,0.0,0.3983739837398374,0.013333333333333334,1.0,0.0,0.0,1.0,1.0,0.0,0.0,1.0,1.0,0.0,0.0,1.0
constructed_high,high_compressibility,2,24,static,2,0,74,97,23,1.3108108108108107,1.3108108108108107,46,25,46,7.878378378378378,1.0,0.0,-0.3108108108108108,0.01020408163265306,-0.3108108108108108,0.0,0.0,0.0,0.0,0.0,0.0,0.0,0.0,0.0,0.0,0.0,0.0
constructed_high,high_compressibility,2,24,capacity_aware,2,0,98,98,0,1.0,1.3243243243243243,0,0,0,0.0,1.3243243243243243,-0.010309278350515464,-0.32432432432432434,0.0,-0.32432432432432434,1.0,0.0,0.0,0.0,1.0,0.0,0.0,0.0,1.0,0.0,0.0,0.0
constructed_high,high_compressibility,2,24,smooth,2,0,74,74,0,1.0,1.0,0,0,0,0.0,1.0,0.23711340206185566,0.0,0.24489795918367346,0.0,1.0,0.0,0.0,0.0,1.0,0.0,0.0,0.0,1.0,0.0,0.0,0.0
constructed_high,high_compressibility,2,24,delivery_aware_v1,2,0,74,74,0,1.0,1.0,0,0,0,0.0,1.0,0.23711340206185566,0.0,0.24489795918367346,0.0,1.0,0.0,0.0,0.0,1.0,0.0,0.0,0.0,1.0,0.0,0.0,0.0
constructed_high,high_compressibility,2,24,delivery_aware_v2,2,0,74,74,0,1.0,1.0,0,0,0,0.0,1.0,0.23711340206185566,0.0,0.24489795918367346,0.0,1.0,0.0,0.0,0.0,1.0,0.0,0.0,0.0,1.0,0.0,0.0,0.0
constructed_high,high_compressibility,2,24,static,2,4,74,95,21,1.2837837837837838,1.2837837837837838,46,23,42,6.581081081081081,1.0,0.0,-0.28378378378378377,0.030612244897959183,-0.26666666666666666,0.0,0.0,0.0,-6.666666666666667,0.0,0.0,0.0,-20.0,0.0,0.0,0.0,-0.35294117647058826
constructed_high,high_compressibility,2,24,capacity_aware,2,4,98,98,0,1.0,1.3243243243243243,0,0,0,0.0,1.3243243243243243,-0.031578947368421054,-0.32432432432432434,0.0,-0.30666666666666664,1.0,0.0,0.0,1.0,1.0,0.0,0.0,1.0,1.0,0.0,0.0,1.0
constructed_high,high_compressibility,2,24,smooth,2,4,74,74,0,1.0,1.0,0,0,0,0.0,1.0,0.22105263157894736,0.0,0.24489795918367346,0.013333333333333334,1.0,0.0,0.0,1.0,1.0,0.0,0.0,1.0,1.0,0.0,0.0,1.0
constructed_high,high_compressibility,2,24,delivery_aware_v1,2,4,74,75,1,1.0135135135135136,1.0135135135135136,6,17,2,0.43243243243243246,1.0,0.21052631578947367,-0.013513513513513514,0.23469387755102042,0.0,0.8695652173913043,0.0,0.0,0.0,0.9523809523809523,0.0,0.0,0.0,0.2608695652173913,0.0,0.0,0.0
constructed_high,high_compressibility,2,24,delivery_aware_v2,2,4,74,74,0,1.0,1.0,0,0,0,0.0,1.0,0.22105263157894736,0.0,0.24489795918367346,0.013333333333333334,1.0,0.0,0.0,1.0,1.0,0.0,0.0,1.0,1.0,0.0,0.0,1.0
constructed_high,high_compressibility,2,24,static,2,8,74,93,19,1.2567567567567568,1.2567567567567568,46,20,38,5.391891891891892,1.0,0.0,-0.25675675675675674,0.05102040816326531,-0.24,0.0,0.0,0.0,-3.6,0.0,0.0,0.0,-18.0,0.0,0.0,0.0,-0.3333333333333333
constructed_high,high_compressibility,2,24,capacity_aware,2,8,98,98,0,1.0,1.3243243243243243,0,0,0,0.0,1.3243243243243243,-0.053763440860215055,-0.32432432432432434,0.0,-0.30666666666666664,1.0,0.0,0.0,1.0,1.0,0.0,0.0,1.0,1.0,0.0,0.0,1.0
constructed_high,high_compressibility,2,24,smooth,2,8,74,74,0,1.0,1.0,0,0,0,0.0,1.0,0.20430107526881722,0.0,0.24489795918367346,0.013333333333333334,1.0,0.0,0.0,1.0,1.0,0.0,0.0,1.0,1.0,0.0,0.0,1.0
constructed_high,high_compressibility,2,24,delivery_aware_v1,2,8,74,75,1,1.0135135135135136,1.0135135135135136,10,15,2,0.40540540540540543,1.0,0.1935483870967742,-0.013513513513513514,0.23469387755102042,0.0,0.782608695652174,0.0,0.0,0.0,0.9473684210526315,0.0,0.0,0.0,0.25,0.0,0.0,0.0
constructed_high,high_compressibility,2,24,delivery_aware_v2,2,8,74,74,0,1.0,1.0,0,0,0,0.0,1.0,0.20430107526881722,0.0,0.24489795918367346,0.013333333333333334,1.0,0.0,0.0,1.0,1.0,0.0,0.0,1.0,1.0,0.0,0.0,1.0
constructed_high,high_compressibility,2,24,static,2,12,74,91,17,1.2297297297297298,1.2297297297297298,46,18,34,4.337837837837838,1.0,0.0,-0.22972972972972974,0.07142857142857142,-0.21333333333333335,0.0,0.0,0.0,-2.2857142857142856,0.0,0.0,0.0,-16.0,0.0,0.0,0.0,-0.6363636363636364
constructed_high,high_compressibility,2,24,capacity_aware,2,12,98,98,0,1.0,1.3243243243243243,0,0,0,0.0,1.3243243243243243,-0.07692307692307693,-0.32432432432432434,0.0,-0.30666666666666664,1.0,0.0,0.0,1.0,1.0,0.0,0.0,1.0,1.0,0.0,0.0,1.0
constructed_high,high_compressibility,2,24,smooth,2,12,74,74,0,1.0,1.0,0,0,0,0.0,1.0,0.18681318681318682,0.0,0.24489795918367346,0.013333333333333334,1.0,0.0,0.0,1.0,1.0,0.0,0.0,1.0,1.0,0.0,0.0,1.0
constructed_high,high_compressibility,2,24,delivery_aware_v1,2,12,74,75,1,1.0135135135135136,1.0135135135135136,14,11,2,0.2972972972972973,1.0,0.17582417582417584,-0.013513513513513514,0.23469387755102042,0.0,0.6956521739130435,0.0,0.0,0.0,0.9411764705882353,0.0,0.0,0.0,0.3888888888888889,0.0,0.0,0.0
constructed_high,high_compressibility,2,24,delivery_aware_v2,2,12,74,74,0,1.0,1.0,0,0,0,0.0,1.0,0.18681318681318682,0.0,0.24489795918367346,0.013333333333333334,1.0,0.0,0.0,1.0,1.0,0.0,0.0,1.0,1.0,0.0,0.0,1.0
constructed_high,high_compressibility,2,24,static,3,0,74,89,15,1.2027027027027026,1.2027027027027026,44,16,44,4.797297297297297,1.0,0.0,-0.20270270270270271,0.011111111111111112,-0.20270270270270271,0.0,0.0,0.0,0.0,0.0,0.0,0.0,0.0,0.0,0.0,0.0,0.0
constructed_high,high_compressibility,2,24,capacity_aware,3,0,90,90,0,1.0,1.2162162162162162,0,0,0,0.0,1.2162162162162162,-0.011235955056179775,-0.21621621621621623,0.0,-0.21621621621621623,1.0,0.0,0.0,0.0,1.0,0.0,0.0,0.0,1.0,0.0,0.0,0.0
constructed_high,high_compressibility,2,24,smooth,3,0,74,74,0,1.0,1.0,0,0,0,0.0,1.0,0.16853932584269662,0.0,0.17777777777777778,0.0,1.0,0.0,0.0,0.0,1.0,0.0,0.0,0.0,1.0,0.0,0.0,0.0
constructed_high,high_compressibility,2,24,delivery_aware_v1,3,0,74,74,0,1.0,1.0,0,0,0,0.0,1.0,0.16853932584269662,0.0,0.17777777777777778,0.0,1.0,0.0,0.0,0.0,1.0,0.0,0.0,0.0,1.0,0.0,0.0,0.0
constructed_high,high_compressibility,2,24,delivery_aware_v2,3,0,74,74,0,1.0,1.0,0,0,0,0.0,1.0,0.16853932584269662,0.0,0.17777777777777778,0.0,1.0,0.0,0.0,0.0,1.0,0.0,0.0,0.0,1.0,0.0,0.0,0.0
constructed_high,high_compressibility,2,24,static,3,4,74,88,14,1.1891891891891893,1.1891891891891893,44,14,40,3.972972972972973,1.0,0.0,-0.1891891891891892,0.022222222222222223,-0.17333333333333334,0.0,0.0,0.0,-5.285714285714286,0.0,0.0,0.0,-13.0,0.0,0.0,0.0,-1.0
constructed_high,high_compressibility,2,24,capacity_aware,3,4,90,90,0,1.0,1.2162162162162162,0,0,0,0.0,1.2162162162162162,-0.022727272727272728,-0.21621621621621623,0.0,-0.2,1.0,0.0,0.0,1.0,1.0,0.0,0.0,1.0,1.0,0.0,0.0,1.0
constructed_high,high_compressibility,2,24,smooth,3,4,74,74,0,1.0,1.0,0,0,0,0.0,1.0,0.1590909090909091,0.0,0.17777777777777778,0.013333333333333334,1.0,0.0,0.0,1.0,1.0,0.0,0.0,1.0,1.0,0.0,0.0,1.0
constructed_high,high_compressibility,2,24,delivery_aware_v1,3,4,74,75,1,1.0135135135135136,1.0135135135135136,7,7,3,0.22972972972972974,1.0,0.14772727272727273,-0.013513513513513514,0.16666666666666666,0.0,0.8409090909090909,0.0,0.0,0.0,0.9285714285714286,0.0,0.0,0.0,0.5,0.0,0.0,0.0
constructed_high,high_compressibility,2,24,delivery_aware_v2,3,4,74,74,0,1.0,1.0,0,0,0,0.0,1.0,0.1590909090909091,0.0,0.17777777777777778,0.013333333333333334,1.0,0.0,0.0,1.0,1.0,0.0,0.0,1.0,1.0,0.0,0.0,1.0
constructed_high,high_compressibility,2,24,static,3,8,74,86,12,1.162162162162162,1.162162162162162,44,13,36,3.2432432432432434,1.0,0.0,-0.16216216216216217,0.044444444444444446,-0.14666666666666667,0.0,0.0,0.0,-3.0,0.0,0.0,0.0,-11.0,0.0,0.0,0.0,-0.625
constructed_high,high_compressibility,2,24,capacity_aware,3,8,90,90,0,1.0,1.2162162162162162,0,0,0,0.0,1.2162162162162162,-0.046511627906976744,-0.21621621621621623,0.0,-0.2,1.0,0.0,0.0,1.0,1.0,0.0,0.0,1.0,1.0,0.0,0.0,1.0
constructed_high,high_compressibility,2,24,smooth,3,8,74,74,0,1.0,1.0,0,0,0,0.0,1.0,0.13953488372093023,0.0,0.17777777777777778,0.013333333333333334,1.0,0.0,0.0,1.0,1.0,0.0,0.0,1.0,1.0,0.0,0.0,1.0
constructed_high,high_compressibility,2,24,delivery_aware_v1,3,8,74,75,1,1.0135135135135136,1.0135135135135136,11,8,3,0.2702702702702703,1.0,0.12790697674418605,-0.013513513513513514,0.16666666666666666,0.0,0.75,0.0,0.0,0.0,0.9166666666666666,0.0,0.0,0.0,0.38461538461538464,0.0,0.0,0.0
constructed_high,high_compressibility,2,24,delivery_aware_v2,3,8,74,74,0,1.0,1.0,0,0,0,0.0,1.0,0.13953488372093023,0.0,0.17777777777777778,0.013333333333333334,1.0,0.0,0.0,1.0,1.0,0.0,0.0,1.0,1.0,0.0,0.0,1.0
constructed_high,high_compressibility,2,24,static,3,12,74,85,11,1.1486486486486487,1.1486486486486487,44,11,32,2.581081081081081,1.0,0.0,-0.14864864864864866,0.05555555555555555,-0.13333333333333333,0.0,0.0,0.0,-1.9333333333333333,0.0,0.0,0.0,-10.0,0.0,0.0,0.0,-1.75
constructed_high,high_compressibility,2,24,capacity_aware,3,12,90,90,0,1.0,1.2162162162162162,0,0,0,0.0,1.2162162162162162,-0.058823529411764705,-0.21621621621621623,0.0,-0.2,1.0,0.0,0.0,1.0,1.0,0.0,0.0,1.0,1.0,0.0,0.0,1.0
constructed_high,high_compressibility,2,24,smooth,3,12,74,74,0,1.0,1.0,0,0,0,0.0,1.0,0.12941176470588237,0.0,0.17777777777777778,0.013333333333333334,1.0,0.0,0.0,1.0,1.0,0.0,0.0,1.0,1.0,0.0,0.0,1.0
constructed_high,high_compressibility,2,24,delivery_aware_v1,3,12,74,75,1,1.0135135135135136,1.0135135135135136,15,4,3,0.13513513513513514,1.0,0.11764705882352941,-0.013513513513513514,0.16666666666666666,0.0,0.6590909090909091,0.0,0.0,0.0,0.9090909090909091,0.0,0.0,0.0,0.6363636363636364,0.0,0.0,0.0
constructed_high,high_compressibility,2,24,delivery_aware_v2,3,12,74,74,0,1.0,1.0,0,0,0,0.0,1.0,0.12941176470588237,0.0,0.17777777777777778,0.013333333333333334,1.0,0.0,0.0,1.0,1.0,0.0,0.0,1.0,1.0,0.0,0.0,1.0
constructed_high,high_compressibility,2,24,static,4,0,74,85,11,1.1486486486486487,1.1486486486486487,42,11,42,3.324324324324324,1.0,0.0,-0.14864864864864866,0.011627906976744186,-0.14864864864864866,0.0,0.0,0.0,0.0,0.0,0.0,0.0,0.0,0.0,0.0,0.0,0.0
constructed_high,high_compressibility,2,24,capacity_aware,4,0,86,86,0,1.0,1.162162162162162,0,0,0,0.0,1.162162162162162,-0.011764705882352941,-0.16216216216216217,0.0,-0.16216216216216217,1.0,0.0,0.0,0.0,1.0,0.0,0.0,0.0,1.0,0.0,0.0,0.0
constructed_high,high_compressibility,2,24,smooth,4,0,74,74,0,1.0,1.0,0,0,0,0.0,1.0,0.12941176470588237,0.0,0.13953488372093023,0.0,1.0,0.0,0.0,0.0,1.0,0.0,0.0,0.0,1.0,0.0,0.0,0.0
constructed_high,high_compressibility,2,24,delivery_aware_v1,4,0,74,74,0,1.0,1.0,0,0,0,0.0,1.0,0.12941176470588237,0.0,0.13953488372093023,0.0,1.0,0.0,0.0,0.0,1.0,0.0,0.0,0.0,1.0,0.0,0.0,0.0
constructed_high,high_compressibility,2,24,delivery_aware_v2,4,0,74,74,0,1.0,1.0,0,0,0,0.0,1.0,0.12941176470588237,0.0,0.13953488372093023,0.0,1.0,0.0,0.0,0.0,1.0,0.0,0.0,0.0,1.0,0.0,0.0,0.0
constructed_high,high_compressibility,2,24,static,4,4,74,84,10,1.135135135135135,1.135135135135135,42,10,38,2.7432432432432434,1.0,0.0,-0.13513513513513514,0.023255813953488372,-0.12,0.0,0.0,0.0,-6.0,0.0,0.0,0.0,-9.0,0.0,0.0,0.0,-4.0
constructed_high,high_compressibility,2,24,capacity_aware,4,4,86,86,0,1.0,1.162162162162162,0,0,0,0.0,1.162162162162162,-0.023809523809523808,-0.16216216216216217,0.0,-0.14666666666666667,1.0,0.0,0.0,1.0,1.0,0.0,0.0,1.0,1.0,0.0,0.0,1.0
constructed_high,high_compressibility,2,24,smooth,4,4,74,74,0,1.0,1.0,0,0,0,0.0,1.0,0.11904761904761904,0.0,0.13953488372093023,0.013333333333333334,1.0,0.0,0.0,1.0,1.0,0.0,0.0,1.0,1.0,0.0,0.0,1.0
constructed_high,high_compressibility,2,24,delivery_aware_v1,4,4,74,75,1,1.0135135135135136,1.0135135135135136,6,2,2,0.04054054054054054,1.0,0.10714285714285714,-0.013513513513513514,0.12790697674418605,0.0,0.8571428571428571,0.0,0.0,0.0,0.9,0.0,0.0,0.0,0.8,0.0,0.0,0.0
constructed_high,high_compressibility,2,24,delivery_aware_v2,4,4,74,74,0,1.0,1.0,0,0,0,0.0,1.0,0.11904761904761904,0.0,0.13953488372093023,0.013333333333333334,1.0,0.0,0.0,1.0,1.0,0.0,0.0,1.0,1.0,0.0,0.0,1.0
constructed_high,high_compressibility,2,24,static,4,8,74,83,9,1.1216216216216217,1.1216216216216217,42,9,34,2.2162162162162162,1.0,0.0,-0.12162162162162163,0.03488372093023256,-0.10666666666666667,0.0,0.0,0.0,-2.5,0.0,0.0,0.0,-8.0,0.0,0.0,0.0,-2.0
constructed_high,high_compressibility,2,24,capacity_aware,4,8,86,86,0,1.0,1.162162162162162,0,0,0,0.0,1.162162162162162,-0.03614457831325301,-0.16216216216216217,0.0,-0.14666666666666667,1.0,0.0,0.0,1.0,1.0,0.0,0.0,1.0,1.0,0.0,0.0,1.0
constructed_high,high_compressibility,2,24,smooth,4,8,74,74,0,1.0,1.0,0,0,0,0.0,1.0,0.10843373493975904,0.0,0.13953488372093023,0.013333333333333334,1.0,0.0,0.0,1.0,1.0,0.0,0.0,1.0,1.0,0.0,0.0,1.0
constructed_high,high_compressibility,2,24,delivery_aware_v1,4,8,74,75,1,1.0135135135135136,1.0135135135135136,12,3,4,0.12162162162162163,1.0,0.0963855421686747,-0.013513513513513514,0.12790697674418605,0.0,0.7142857142857143,0.0,0.0,0.0,0.8888888888888888,0.0,0.0,0.0,0.6666666666666666,0.0,0.0,0.0
constructed_high,high_compressibility,2,24,delivery_aware_v2,4,8,74,74,0,1.0,1.0,0,0,0,0.0,1.0,0.10843373493975904,0.0,0.13953488372093023,0.013333333333333334,1.0,0.0,0.0,1.0,1.0,0.0,0.0,1.0,1.0,0.0,0.0,1.0
constructed_high,high_compressibility,2,24,static,4,12,74,82,8,1.1081081081081081,1.1081081081081081,42,8,30,1.7432432432432432,1.0,0.0,-0.10810810810810811,0.046511627906976744,-0.10810810810810811,0.0,0.0,0.0,-2.5,0.0,0.0,0.0,0.0,0.0,0.0,0.0,0.0
constructed_high,high_compressibility,2,24,capacity_aware,4,12,86,86,0,1.0,1.162162162162162,0,0,0,0.0,1.162162162162162,-0.04878048780487805,-0.16216216216216217,0.0,-0.16216216216216217,1.0,0.0,0.0,1.0,1.0,0.0,0.0,0.0,1.0,0.0,0.0,0.0
constructed_high,high_compressibility,2,24,smooth,4,12,74,74,0,1.0,1.0,0,0,0,0.0,1.0,0.0975609756097561,0.0,0.13953488372093023,0.0,1.0,0.0,0.0,1.0,1.0,0.0,0.0,0.0,1.0,0.0,0.0,0.0
constructed_high,high_compressibility,2,24,delivery_aware_v1,4,12,74,74,0,1.0,1.0,12,0,0,0.0,1.0,0.0975609756097561,0.0,0.13953488372093023,0.0,0.7142857142857143,0.0,0.0,0.0,1.0,0.0,0.0,0.0,1.0,0.0,0.0,0.0
constructed_high,high_compressibility,2,24,delivery_aware_v2,4,12,74,74,0,1.0,1.0,0,0,0,0.0,1.0,0.0975609756097561,0.0,0.13953488372093023,0.0,1.0,0.0,0.0,1.0,1.0,0.0,0.0,0.0,1.0,0.0,0.0,0.0
constructed_high,high_compressibility,2,24,static,5,0,74,82,8,1.1081081081081081,1.1081081081081081,40,9,40,2.4594594594594597,1.0,0.0,-0.10810810810810811,0.012048192771084338,-0.10810810810810811,0.0,0.0,0.0,0.0,0.0,0.0,0.0,0.0,0.0,0.0,0.0,0.0
constructed_high,high_compressibility,2,24,capacity_aware,5,0,83,83,0,1.0,1.1216216216216217,0,0,0,0.0,1.1216216216216217,-0.012195121951219513,-0.12162162162162163,0.0,-0.12162162162162163,1.0,0.0,0.0,0.0,1.0,0.0,0.0,0.0,1.0,0.0,0.0,0.0
constructed_high,high_compressibility,2,24,smooth,5,0,74,74,0,1.0,1.0,0,0,0,0.0,1.0,0.0975609756097561,0.0,0.10843373493975904,0.0,1.0,0.0,0.0,0.0,1.0,0.0,0.0,0.0,1.0,0.0,0.0,0.0
constructed_high,high_compressibility,2,24,delivery_aware_v1,5,0,74,74,0,1.0,1.0,0,0,0,0.0,1.0,0.0975609756097561,0.0,0.10843373493975904,0.0,1.0,0.0,0.0,0.0,1.0,0.0,0.0,0.0,1.0,0.0,0.0,0.0
constructed_high,high_compressibility,2,24,delivery_aware_v2,5,0,74,74,0,1.0,1.0,0,0,0,0.0,1.0,0.0975609756097561,0.0,0.10843373493975904,0.0,1.0,0.0,0.0,0.0,1.0,0.0,0.0,0.0,1.0,0.0,0.0,0.0
constructed_high,high_compressibility,2,24,static,5,4,74,82,8,1.1081081081081081,1.1081081081081081,40,8,36,2.0135135135135136,1.0,0.0,-0.10810810810810811,0.012048192771084338,-0.10810810810810811,0.0,0.0,0.0,-12.333333333333334,0.0,0.0,0.0,0.0,0.0,0.0,0.0,0.0
constructed_high,high_compressibility,2,24,capacity_aware,5,4,83,83,0,1.0,1.1216216216216217,0,0,0,0.0,1.1216216216216217,-0.012195121951219513,-0.12162162162162163,0.0,-0.12162162162162163,1.0,0.0,0.0,1.0,1.0,0.0,0.0,0.0,1.0,0.0,0.0,0.0
constructed_high,high_compressibility,2,24,smooth,5,4,74,74,0,1.0,1.0,0,0,0,0.0,1.0,0.0975609756097561,0.0,0.10843373493975904,0.0,1.0,0.0,0.0,1.0,1.0,0.0,0.0,0.0,1.0,0.0,0.0,0.0
constructed_high,high_compressibility,2,24,delivery_aware_v1,5,4,74,74,0,1.0,1.0,3,0,0,0.0,1.0,0.0975609756097561,0.0,0.10843373493975904,0.0,0.925,0.0,0.0,0.0,1.0,0.0,0.0,0.0,1.0,0.0,0.0,0.0
constructed_high,high_compressibility,2,24,delivery_aware_v2,5,4,74,74,0,1.0,1.0,0,0,0,0.0,1.0,0.0975609756097561,0.0,0.10843373493975904,0.0,1.0,0.0,0.0,1.0,1.0,0.0,0.0,0.0,1.0,0.0,0.0,0.0
constructed_high,high_compressibility,2,24,static,5,8,74,81,7,1.0945945945945945,1.0945945945945945,40,7,32,1.6081081081081081,1.0,0.0,-0.0945945945945946,0.024096385542168676,-0.08,0.0,0.0,0.0,-3.4444444444444446,0.0,0.0,0.0,-6.0,0.0,0.0,0.0,-6.0
constructed_high,high_compressibility,2,24,capacity_aware,5,8,83,83,0,1.0,1.1216216216216217,0,0,0,0.0,1.1216216216216217,-0.024691358024691357,-0.12162162162162163,0.0,-0.10666666666666667,1.0,0.0,0.0,1.0,1.0,0.0,0.0,1.0,1.0,0.0,0.0,1.0
constructed_high,high_compressibility,2,24,smooth,5,8,74,74,0,1.0,1.0,0,0,0,0.0,1.0,0.08641975308641975,0.0,0.10843373493975904,0.013333333333333334,1.0,0.0,0.0,1.0,1.0,0.0,0.0,1.0,1.0,0.0,0.0,1.0
constructed_high,high_compressibility,2,24,delivery_aware_v1,5,8,74,75,1,1.0135135135135136,1.0135135135135136,9,1,1,0.013513513513513514,1.0,0.07407407407407407,-0.013513513513513514,0.0963855421686747,0.0,0.775,0.0,0.0,0.0,0.8571428571428571,0.0,0.0,0.0,0.8571428571428571,0.0,0.0,0.0
constructed_high,high_compressibility,2,24,delivery_aware_v2,5,8,74,74,0,1.0,1.0,0,0,0,0.0,1.0,0.08641975308641975,0.0,0.10843373493975904,0.013333333333333334,1.0,0.0,0.0,1.0,1.0,0.0,0.0,1.0,1.0,0.0,0.0,1.0
constructed_high,high_compressibility,2,24,static,5,12,74,80,6,1.0810810810810811,1.0810810810810811,40,6,28,1.2567567567567568,1.0,0.0,-0.08108108108108109,0.03614457831325301,-0.08108108108108109,0.0,0.0,0.0,-3.4444444444444446,0.0,0.0,0.0,0.0,0.0,0.0,0.0,0.0
constructed_high,high_compressibility,2,24,capacity_aware,5,12,83,83,0,1.0,1.1216216216216217,0,0,0,0.0,1.1216216216216217,-0.0375,-0.12162162162162163,0.0,-0.12162162162162163,1.0,0.0,0.0,1.0,1.0,0.0,0.0,0.0,1.0,0.0,0.0,0.0
constructed_high,high_compressibility,2,24,smooth,5,12,74,74,0,1.0,1.0,0,0,0,0.0,1.0,0.075,0.0,0.10843373493975904,0.0,1.0,0.0,0.0,1.0,1.0,0.0,0.0,0.0,1.0,0.0,0.0,0.0
constructed_high,high_compressibility,2,24,delivery_aware_v1,5,12,74,74,0,1.0,1.0,9,0,0,0.0,1.0,0.075,0.0,0.10843373493975904,0.0,0.775,0.0,0.0,0.0,1.0,0.0,0.0,0.0,1.0,0.0,0.0,0.0
constructed_high,high_compressibility,2,24,delivery_aware_v2,5,12,74,74,0,1.0,1.0,0,0,0,0.0,1.0,0.075,0.0,0.10843373493975904,0.0,1.0,0.0,0.0,1.0,1.0,0.0,0.0,0.0,1.0,0.0,0.0,0.0
constructed_medium,medium_compressibility,2,24,static,1,0,73,97,24,1.3287671232876712,1.3287671232876712,24,48,24,7.383561643835616,1.0,0.0,-0.05434782608695652,0.049019607843137254,-0.05434782608695652,0.0,-0.2631578947368421,0.0,-0.2631578947368421,0.0,-0.2631578947368421,0.0,-0.2631578947368421,0.0,-0.37142857142857144,0.0,-0.2972972972972973
constructed_medium,medium_compressibility,2,24,capacity_aware,1,0,102,102,0,1.0,1.3972602739726028,0,0,0,0.0,1.3972602739726028,-0.05154639175257732,-0.10869565217391304,0.0,-0.10869565217391304,1.0,1.0,0.0,1.0,1.0,1.0,0.0,1.0,1.0,1.0,0.0,1.0
constructed_medium,medium_compressibility,2,24,smooth,1,0,73,92,19,1.2602739726027397,1.2602739726027397,19,35,19,3.9452054794520546,1.0,0.05154639175257732,0.0,0.09803921568627451,0.0,0.20833333333333334,0.0,0.0,0.0,0.20833333333333334,0.0,0.0,0.0,0.2708333333333333,0.0,0.0,0.05405405405405406
constructed_medium,medium_compressibility,2,24,delivery_aware_v1,1,0,73,92,19,1.2602739726027397,1.2602739726027397,19,37,19,4.260273972602739,1.0,0.05154639175257732,0.0,0.09803921568627451,0.0,0.20833333333333334,0.0,0.0,0.0,0.20833333333333334,0.0,0.0,0.0,0.22916666666666666,-0.05714285714285714,0.0,0.0
constructed_medium,medium_compressibility,2,24,delivery_aware_v2,1,0,73,92,19,1.2602739726027397,1.2602739726027397,19,35,19,3.9452054794520546,1.0,0.05154639175257732,0.0,0.09803921568627451,0.0,0.20833333333333334,0.0,0.0,0.0,0.20833333333333334,0.0,0.0,0.0,0.2708333333333333,0.0,0.0,0.05405405405405406
constructed_medium,medium_compressibility,2,24,static,1,4,73,93,20,1.273972602739726,1.273972602739726,24,38,20,4.931506849315069,1.0,0.0,-0.056818181818181816,0.08823529411764706,-0.056818181818181816,0.0,-0.2631578947368421,0.0,-0.2631578947368421,0.0,-0.3333333333333333,0.0,-0.3333333333333333,0.0,-0.5833333333333334,0.0,-0.11764705882352941
constructed_medium,medium_compressibility,2,24,capacity_aware,1,4,102,102,0,1.0,1.3972602739726028,0,0,0,0.0,1.3972602739726028,-0.0967741935483871,-0.1590909090909091,0.0,-0.1590909090909091,1.0,1.0,0.0,1.0,1.0,1.0,0.0,1.0,1.0,1.0,0.0,1.0
constructed_medium,medium_compressibility,2,24,smooth,1,4,73,88,15,1.2054794520547945,1.2054794520547945,19,24,15,2.232876712328767,1.0,0.053763440860215055,0.0,0.13725490196078433,0.0,0.20833333333333334,0.0,0.0,0.0,0.25,0.0,0.0,0.0,0.3684210526315789,0.0,0.0,0.29411764705882354
constructed_medium,medium_compressibility,2,24,delivery_aware_v1,1,4,73,88,15,1.2054794520547945,1.2054794520547945,19,34,15,2.5205479452054793,1.0,0.053763440860215055,0.0,0.13725490196078433,0.0,0.20833333333333334,0.0,0.0,0.0,0.25,0.0,0.0,0.0,0.10526315789473684,-0.4166666666666667,0.0,0.0
constructed_medium,medium_compressibility,2,24,delivery_aware_v2,1,4,73,88,15,1.2054794520547945,1.2054794520547945,19,24,15,2.232876712328767,1.0,0.053763440860215055,0.0,0.13725490196078433,0.0,0.20833333333333334,0.0,0.0,0.0,0.25,0.0,0.0,0.0,0.3684210526315789,0.0,0.0,0.29411764705882354
constructed_medium,medium_compressibility,2,24,static,1,8,73,89,16,1.2191780821917808,1.2191780821917808,24,30,16,3.0547945205479454,1.0,0.0,-0.05952380952380952,0.12745098039215685,-0.05952380952380952,0.0,-0.2631578947368421,0.0,-0.2631578947368421,0.0,-0.45454545454545453,0.0,-0.45454545454545453,0.0,-1.0,0.0,-0.07142857142857142
constructed_medium,medium_compressibility,2,24,capacity_aware,1,8,102,102,0,1.0,1.3972602739726028,0,0,0,0.0,1.3972602739726028,-0.14606741573033707,-0.21428571428571427,0.0,-0.21428571428571427,1.0,1.0,0.0,1.0,1.0,1.0,0.0,1.0,1.0,1.0,0.0,1.0
constructed_medium,medium_compressibility,2,24,smooth,1,8,73,84,11,1.1506849315068493,1.1506849315068493,19,15,11,1.1095890410958904,1.0,0.056179775280898875,0.0,0.17647058823529413,0.0,0.20833333333333334,0.0,0.0,0.0,0.3125,0.0,0.0,0.0,0.5,0.0,0.0,0.4642857142857143
constructed_medium,medium_compressibility,2,24,delivery_aware_v1,1,8,73,84,11,1.1506849315068493,1.1506849315068493,19,28,11,1.3287671232876712,1.0,0.056179775280898875,0.0,0.17647058823529413,0.0,0.20833333333333334,0.0,0.0,0.0,0.3125,0.0,0.0,0.0,0.06666666666666667,-0.8666666666666667,0.0,0.0
constructed_medium,medium_compressibility,2,24,delivery_aware_v2,1,8,73,84,11,1.1506849315068493,1.1506849315068493,19,15,11,1.1095890410958904,1.0,0.056179775280898875,0.0,0.17647058823529413,0.0,0.20833333333333334,0.0,0.0,0.0,0.3125,0.0,0.0,0.0,0.5,0.0,0.0,0.4642857142857143
constructed_medium,medium_compressibility,2,24,static,1,12,73,85,12,1.1643835616438356,1.1643835616438356,24,20,12,1.5890410958904109,1.0,0.0,-0.0625,0.16666666666666666,-0.0625,0.0,-0.2631578947368421,0.0,-0.2631578947368421,0.0,-0.7142857142857143,0.0,-0.7142857142857143,0.0,-1.5,0.0,-0.05263157894736842
constructed_medium,medium_compressibility,2,24,capacity_aware,1,12,102,102,0,1.0,1.3972602739726028,0,0,0,0.0,1.3972602739726028,-0.2,-0.275,0.0,-0.275,1.0,1.0,0.0,1.0,1.0,1.0,0.0,1.0,1.0,1.0,0.0,1.0
constructed_medium,medium_compressibility,2,24,smooth,1,12,73,80,7,1.095890410958904,1.095890410958904,19,8,7,0.3972602739726027,1.0,0.058823529411764705,0.0,0.21568627450980393,0.0,0.20833333333333334,0.0,0.0,0.0,0.4166666666666667,0.0,0.0,0.0,0.6,0.0,0.0,0.5789473684210527
constructed_medium,medium_compressibility,2,24,delivery_aware_v1,1,12,73,80,7,1.095890410958904,1.095890410958904,19,19,7,0.547945205479452,1.0,0.058823529411764705,0.0,0.21568627450980393,0.0,0.20833333333333334,0.0,0.0,0.0,0.4166666666666667,0.0,0.0,0.0,0.05,-1.375,0.0,0.0
constructed_medium,medium_compressibility,2,24,delivery_aware_v2,1,12,73,80,7,1.095890410958904,1.095890410958904,19,8,7,0.3972602739726027,1.0,0.058823529411764705,0.0,0.21568627450980393,0.0,0.20833333333333334,0.0,0.0,0.0,0.4166666666666667,0.0,0.0,0.0,0.6,0.0,0.0,0.5789473684210527
constructed_medium,medium_compressibility,2,24,static,2,0,73,75,2,1.0273972602739727,1.0273972602739727,3,4,3,0.0821917808219178,1.0,0.0,-0.0273972602739726,0.0963855421686747,-0.0273972602739726,0.0,0.0,0.0,0.0,0.0,0.0,0.0,0.0,0.0,0.0,0.0,0.0
constructed_medium,medium_compressibility,2,24,capacity_aware,2,0,83,83,0,1.0,1.1369863013698631,0,0,0,0.0,1.1369863013698631,-0.10666666666666667,-0.136986301369863,0.0,-0.136986301369863,1.0,0.0,0.0,0.0,1.0,0.0,0.0,0.0,1.0,0.0,0.0,0.0
constructed_medium,medium_compressibility,2,24,smooth,2,0,73,73,0,1.0,1.0,0,0,0,0.0,1.0,0.02666666666666667,0.0,0.12048192771084337,0.0,1.0,0.0,0.0,0.0,1.0,0.0,0.0,0.0,1.0,0.0,0.0,0.0
constructed_medium,medium_compressibility,2,24,delivery_aware_v1,2,0,73,73,0,1.0,1.0,0,0,0,0.0,1.0,0.02666666666666667,0.0,0.12048192771084337,0.0,1.0,0.0,0.0,0.0,1.0,0.0,0.0,0.0,1.0,0.0,0.0,0.0
constructed_medium,medium_compressibility,2,24,delivery_aware_v2,2,0,73,73,0,1.0,1.0,0,0,0,0.0,1.0,0.02666666666666667,0.0,0.12048192771084337,0.0,1.0,0.0,0.0,0.0,1.0,0.0,0.0,0.0,1.0,0.0,0.0,0.0
constructed_medium,medium_compressibility,2,24,static,2,4,73,73,0,1.0,1.0,3,0,0,0.0,1.0,0.0,0.0,0.12048192771084337,0.0,0.0,0.0,0.0,0.0,0.0,0.0,0.0,0.0,0.0,0.0,0.0,0.0
constructed_medium,medium_compressibility,2,24,capacity_aware,2,4,83,83,0,1.0,1.1369863013698631,0,0,0,0.0,1.1369863013698631,-0.136986301369863,-0.136986301369863,0.0,-0.136986301369863,1.0,0.0,0.0,0.0,0.0,0.0,0.0,0.0,0.0,0.0,0.0,0.0
constructed_medium,medium_compressibility,2,24,smooth,2,4,73,73,0,1.0,1.0,0,0,0,0.0,1.0,0.0,0.0,0.12048192771084337,0.0,1.0,0.0,0.0,0.0,0.0,0.0,0.0,0.0,0.0,0.0,0.0,0.0
constructed_medium,medium_compressibility,2,24,delivery_aware_v1,2,4,73,73,0,1.0,1.0,0,0,0,0.0,1.0,0.0,0.0,0.12048192771084337,0.0,1.0,0.0,0.0,0.0,0.0,0.0,0.0,0.0,0.0,0.0,0.0,0.0
constructed_medium,medium_compressibility,2,24,delivery_aware_v2,2,4,73,73,0,1.0,1.0,0,0,0,0.0,1.0,0.0,0.0,0.12048192771084337,0.0,1.0,0.0,0.0,0.0,0.0,0.0,0.0,0.0,0.0,0.0,0.0,0.0
constructed_medium,medium_compressibility,2,24,static,2,8,73,73,0,1.0,1.0,3,0,0,0.0,1.0,0.0,0.0,0.12048192771084337,0.0,0.0,0.0,0.0,-2.0,0.0,0.0,0.0,0.0,0.0,0.0,0.0,0.0
constructed_medium,medium_compressibility,2,24,capacity_aware,2,8,83,83,0,1.0,1.1369863013698631,0,0,0,0.0,1.1369863013698631,-0.136986301369863,-0.136986301369863,0.0,-0.136986301369863,1.0,0.0,0.0,1.0,0.0,0.0,0.0,0.0,0.0,0.0,0.0,0.0
constructed_medium,medium_compressibility,2,24,smooth,2,8,73,73,0,1.0,1.0,0,0,0,0.0,1.0,0.0,0.0,0.12048192771084337,0.0,1.0,0.0,0.0,1.0,0.0,0.0,0.0,0.0,0.0,0.0,0.0,0.0
constructed_medium,medium_compressibility,2,24,delivery_aware_v1,2,8,73,73,0,1.0,1.0,1,0,0,0.0,1.0,0.0,0.0,0.12048192771084337,0.0,0.6666666666666666,0.0,0.0,0.0,0.0,0.0,0.0,0.0,0.0,0.0,0.0,0.0
constructed_medium,medium_compressibility,2,24,delivery_aware_v2,2,8,73,73,0,1.0,1.0,0,0,0,0.0,1.0,0.0,0.0,0.12048192771084337,0.0,1.0,0.0,0.0,1.0,0.0,0.0,0.0,0.0,0.0,0.0,0.0,0.0
constructed_medium,medium_compressibility,2,24,static,2,12,73,73,0,1.0,1.0,3,0,0,0.0,1.0,0.0,0.0,0.12048192771084337,0.0,0.0,0.0,0.0,-2.0,0.0,0.0,0.0,0.0,0.0,0.0,0.0,0.0
constructed_medium,medium_compressibility,2,24,capacity_aware,2,12,83,83,0,1.0,1.1369863013698631,0,0,0,0.0,1.1369863013698631,-0.136986301369863,-0.136986301369863,0.0,-0.136986301369863,1.0,0.0,0.0,1.0,0.0,0.0,0.0,0.0,0.0,0.0,0.0,0.0
constructed_medium,medium_compressibility,2,24,smooth,2,12,73,73,0,1.0,1.0,0,0,0,0.0,1.0,0.0,0.0,0.12048192771084337,0.0,1.0,0.0,0.0,1.0,0.0,0.0,0.0,0.0,0.0,0.0,0.0,0.0
constructed_medium,medium_compressibility,2,24,delivery_aware_v1,2,12,73,73,0,1.0,1.0,1,0,0,0.0,1.0,0.0,0.0,0.12048192771084337,0.0,0.6666666666666666,0.0,0.0,0.0,0.0,0.0,0.0,0.0,0.0,0.0,0.0,0.0
constructed_medium,medium_compressibility,2,24,delivery_aware_v2,2,12,73,73,0,1.0,1.0,0,0,0,0.0,1.0,0.0,0.0,0.12048192771084337,0.0,1.0,0.0,0.0,1.0,0.0,0.0,0.0,0.0,0.0,0.0,0.0,0.0
constructed_medium,medium_compressibility,2,24,static,3,0,73,74,1,1.0136986301369864,1.0136986301369864,1,1,1,0.0136986301369863,1.0,0.0,-0.0136986301369863,0.05128205128205128,-0.0136986301369863,0.0,0.0,0.0,0.0,0.0,0.0,0.0,0.0,0.0,0.0,0.0,0.0
constructed_medium,medium_compressibility,2,24,capacity_aware,3,0,78,78,0,1.0,1.0684931506849316,0,0,0,0.0,1.0684931506849316,-0.05405405405405406,-0.0684931506849315,0.0,-0.0684931506849315,1.0,0.0,0.0,0.0,1.0,0.0,0.0,0.0,1.0,0.0,0.0,0.0
constructed_medium,medium_compressibility,2,24,smooth,3,0,73,73,0,1.0,1.0,0,0,0,0.0,1.0,0.013513513513513514,0.0,0.0641025641025641,0.0,1.0,0.0,0.0,0.0,1.0,0.0,0.0,0.0,1.0,0.0,0.0,0.0
constructed_medium,medium_compressibility,2,24,delivery_aware_v1,3,0,73,73,0,1.0,1.0,0,0,0,0.0,1.0,0.013513513513513514,0.0,0.0641025641025641,0.0,1.0,0.0,0.0,0.0,1.0,0.0,0.0,0.0,1.0,0.0,0.0,0.0
constructed_medium,medium_compressibility,2,24,delivery_aware_v2,3,0,73,73,0,1.0,1.0,0,0,0,0.0,1.0,0.013513513513513514,0.0,0.0641025641025641,0.0,1.0,0.0,0.0,0.0,1.0,0.0,0.0,0.0,1.0,0.0,0.0,0.0
constructed_medium,medium_compressibility,2,24,static,3,4,73,73,0,1.0,1.0,1,0,0,0.0,1.0,0.0,0.0,0.0641025641025641,0.0,0.0,0.0,0.0,0.0,0.0,0.0,0.0,0.0,0.0,0.0,0.0,0.0
constructed_medium,medium_compressibility,2,24,capacity_aware,3,4,78,78,0,1.0,1.0684931506849316,0,0,0,0.0,1.0684931506849316,-0.0684931506849315,-0.0684931506849315,0.0,-0.0684931506849315,1.0,0.0,0.0,0.0,0.0,0.0,0.0,0.0,0.0,0.0,0.0,0.0
constructed_medium,medium_compressibility,2,24,smooth,3,4,73,73,0,1.0,1.0,0,0,0,0.0,1.0,0.0,0.0,0.0641025641025641,0.0,1.0,0.0,0.0,0.0,0.0,0.0,0.0,0.0,0.0,0.0,0.0,0.0
constructed_medium,medium_compressibility,2,24,delivery_aware_v1,3,4,73,73,0,1.0,1.0,0,0,0,0.0,1.0,0.0,0.0,0.0641025641025641,0.0,1.0,0.0,0.0,0.0,0.0,0.0,0.0,0.0,0.0,0.0,0.0,0.0
constructed_medium,medium_compressibility,2,24,delivery_aware_v2,3,4,73,73,0,1.0,1.0,0,0,0,0.0,1.0,0.0,0.0,0.0641025641025641,0.0,1.0,0.0,0.0,0.0,0.0,0.0,0.0,0.0,0.0,0.0,0.0,0.0
constructed_medium,medium_compressibility,2,24,static,3,8,73,73,0,1.0,1.0,1,0,0,0.0,1.0,0.0,0.0,0.0641025641025641,0.0,0.0,0.0,0.0,0.0,0.0,0.0,0.0,0.0,0.0,0.0,0.0,0.0
constructed_medium,medium_compressibility,2,24,capacity_aware,3,8,78,78,0,1.0,1.0684931506849316,0,0,0,0.0,1.0684931506849316,-0.0684931506849315,-0.0684931506849315,0.0,-0.0684931506849315,1.0,0.0,0.0,0.0,0.0,0.0,0.0,0.0,0.0,0.0,0.0,0.0
constructed_medium,medium_compressibility,2,24,smooth,3,8,73,73,0,1.0,1.0,0,0,0,0.0,1.0,0.0,0.0,0.0641025641025641,0.0,1.0,0.0,0.0,0.0,0.0,0.0,0.0,0.0,0.0,0.0,0.0,0.0
constructed_medium,medium_compressibility,2,24,delivery_aware_v1,3,8,73,73,0,1.0,1.0,0,0,0,0.0,1.0,0.0,0.0,0.0641025641025641,0.0,1.0,0.0,0.0,0.0,0.0,0.0,0.0,0.0,0.0,0.0,0.0,0.0
constructed_medium,medium_compressibility,2,24,delivery_aware_v2,3,8,73,73,0,1.0,1.0,0,0,0,0.0,1.0,0.0,0.0,0.0641025641025641,0.0,1.0,0.0,0.0,0.0,0.0,0.0,0.0,0.0,0.0,0.0,0.0,0.0
constructed_medium,medium_compressibility,2,24,static,3,12,73,73,0,1.0,1.0,1,0,0,0.0,1.0,0.0,0.0,0.0641025641025641,0.0,0.0,0.0,0.0,0.0,0.0,0.0,0.0,0.0,0.0,0.0,0.0,0.0
constructed_medium,medium_compressibility,2,24,capacity_aware,3,12,78,78,0,1.0,1.0684931506849316,0,0,0,0.0,1.0684931506849316,-0.0684931506849315,-0.0684931506849315,0.0,-0.0684931506849315,1.0,0.0,0.0,0.0,0.0,0.0,0.0,0.0,0.0,0.0,0.0,0.0
constructed_medium,medium_compressibility,2,24,smooth,3,12,73,73,0,1.0,1.0,0,0,0,0.0,1.0,0.0,0.0,0.0641025641025641,0.0,1.0,0.0,0.0,0.0,0.0,0.0,0.0,0.0,0.0,0.0,0.0,0.0
constructed_medium,medium_compressibility,2,24,delivery_aware_v1,3,12,73,73,0,1.0,1.0,0,0,0,0.0,1.0,0.0,0.0,0.0641025641025641,0.0,1.0,0.0,0.0,0.0,0.0,0.0,0.0,0.0,0.0,0.0,0.0,0.0
constructed_medium,medium_compressibility,2,24,delivery_aware_v2,3,12,73,73,0,1.0,1.0,0,0,0,0.0,1.0,0.0,0.0,0.0641025641025641,0.0,1.0,0.0,0.0,0.0,0.0,0.0,0.0,0.0,0.0,0.0,0.0,0.0
constructed_medium,medium_compressibility,2,24,static,4,0,73,73,0,1.0,1.0,0,0,0,0.0,1.0,0.0,0.0,0.05194805194805195,0.0,0.0,0.0,0.0,0.0,0.0,0.0,0.0,0.0,0.0,0.0,0.0,0.0
constructed_medium,medium_compressibility,2,24,capacity_aware,4,0,77,77,0,1.0,1.0547945205479452,0,0,0,0.0,1.0547945205479452,-0.0547945205479452,-0.0547945205479452,0.0,-0.0547945205479452,0.0,0.0,0.0,0.0,0.0,0.0,0.0,0.0,0.0,0.0,0.0,0.0
constructed_medium,medium_compressibility,2,24,smooth,4,0,73,73,0,1.0,1.0,0,0,0,0.0,1.0,0.0,0.0,0.05194805194805195,0.0,0.0,0.0,0.0,0.0,0.0,0.0,0.0,0.0,0.0,0.0,0.0,0.0
constructed_medium,medium_compressibility,2,24,delivery_aware_v1,4,0,73,73,0,1.0,1.0,0,0,0,0.0,1.0,0.0,0.0,0.05194805194805195,0.0,0.0,0.0,0.0,0.0,0.0,0.0,0.0,0.0,0.0,0.0,0.0,0.0
constructed_medium,medium_compressibility,2,24,delivery_aware_v2,4,0,73,73,0,1.0,1.0,0,0,0,0.0,1.0,0.0,0.0,0.05194805194805195,0.0,0.0,0.0,0.0,0.0,0.0,0.0,0.0,0.0,0.0,0.0,0.0,0.0
constructed_medium,medium_compressibility,2,24,static,4,4,73,73,0,1.0,1.0,0,0,0,0.0,1.0,0.0,0.0,0.05194805194805195,0.0,0.0,0.0,0.0,0.0,0.0,0.0,0.0,0.0,0.0,0.0,0.0,0.0
constructed_medium,medium_compressibility,2,24,capacity_aware,4,4,77,77,0,1.0,1.0547945205479452,0,0,0,0.0,1.0547945205479452,-0.0547945205479452,-0.0547945205479452,0.0,-0.0547945205479452,0.0,0.0,0.0,0.0,0.0,0.0,0.0,0.0,0.0,0.0,0.0,0.0
constructed_medium,medium_compressibility,2,24,smooth,4,4,73,73,0,1.0,1.0,0,0,0,0.0,1.0,0.0,0.0,0.05194805194805195,0.0,0.0,0.0,0.0,0.0,0.0,0.0,0.0,0.0,0.0,0.0,0.0,0.0
constructed_medium,medium_compressibility,2,24,delivery_aware_v1,4,4,73,73,0,1.0,1.0,0,0,0,0.0,1.0,0.0,0.0,0.05194805194805195,0.0,0.0,0.0,0.0,0.0,0.0,0.0,0.0,0.0,0.0,0.0,0.0,0.0
constructed_medium,medium_compressibility,2,24,delivery_aware_v2,4,4,73,73,0,1.0,1.0,0,0,0,0.0,1.0,0.0,0.0,0.05194805194805195,0.0,0.0,0.0,0.0,0.0,0.0,0.0,0.0,0.0,0.0,0.0,0.0,0.0
constructed_medium,medium_compressibility,2,24,static,4,8,73,73,0,1.0,1.0,0,0,0,0.0,1.0,0.0,0.0,0.05194805194805195,0.0,0.0,0.0,0.0,0.0,0.0,0.0,0.0,0.0,0.0,0.0,0.0,0.0
constructed_medium,medium_compressibility,2,24,capacity_aware,4,8,77,77,0,1.0,1.0547945205479452,0,0,0,0.0,1.0547945205479452,-0.0547945205479452,-0.0547945205479452,0.0,-0.0547945205479452,0.0,0.0,0.0,0.0,0.0,0.0,0.0,0.0,0.0,0.0,0.0,0.0
constructed_medium,medium_compressibility,2,24,smooth,4,8,73,73,0,1.0,1.0,0,0,0,0.0,1.0,0.0,0.0,0.05194805194805195,0.0,0.0,0.0,0.0,0.0,0.0,0.0,0.0,0.0,0.0,0.0,0.0,0.0
constructed_medium,medium_compressibility,2,24,delivery_aware_v1,4,8,73,73,0,1.0,1.0,0,0,0,0.0,1.0,0.0,0.0,0.05194805194805195,0.0,0.0,0.0,0.0,0.0,0.0,0.0,0.0,0.0,0.0,0.0,0.0,0.0
constructed_medium,medium_compressibility,2,24,delivery_aware_v2,4,8,73,73,0,1.0,1.0,0,0,0,0.0,1.0,0.0,0.0,0.05194805194805195,0.0,0.0,0.0,0.0,0.0,0.0,0.0,0.0,0.0,0.0,0.0,0.0,0.0
constructed_medium,medium_compressibility,2,24,static,4,12,73,73,0,1.0,1.0,0,0,0,0.0,1.0,0.0,0.0,0.05194805194805195,0.0,0.0,0.0,0.0,0.0,0.0,0.0,0.0,0.0,0.0,0.0,0.0,0.0
constructed_medium,medium_compressibility,2,24,capacity_aware,4,12,77,77,0,1.0,1.0547945205479452,0,0,0,0.0,1.0547945205479452,-0.0547945205479452,-0.0547945205479452,0.0,-0.0547945205479452,0.0,0.0,0.0,0.0,0.0,0.0,0.0,0.0,0.0,0.0,0.0,0.0
constructed_medium,medium_compressibility,2,24,smooth,4,12,73,73,0,1.0,1.0,0,0,0,0.0,1.0,0.0,0.0,0.05194805194805195,0.0,0.0,0.0,0.0,0.0,0.0,0.0,0.0,0.0,0.0,0.0,0.0,0.0
constructed_medium,medium_compressibility,2,24,delivery_aware_v1,4,12,73,73,0,1.0,1.0,0,0,0,0.0,1.0,0.0,0.0,0.05194805194805195,0.0,0.0,0.0,0.0,0.0,0.0,0.0,0.0,0.0,0.0,0.0,0.0,0.0
constructed_medium,medium_compressibility,2,24,delivery_aware_v2,4,12,73,73,0,1.0,1.0,0,0,0,0.0,1.0,0.0,0.0,0.05194805194805195,0.0,0.0,0.0,0.0,0.0,0.0,0.0,0.0,0.0,0.0,0.0,0.0,0.0
constructed_medium,medium_compressibility,2,24,static,5,0,73,73,0,1.0,1.0,0,0,0,0.0,1.0,0.0,0.0,0.02666666666666667,0.0,0.0,0.0,0.0,0.0,0.0,0.0,0.0,0.0,0.0,0.0,0.0,0.0
constructed_medium,medium_compressibility,2,24,capacity_aware,5,0,75,75,0,1.0,1.0273972602739727,0,0,0,0.0,1.0273972602739727,-0.0273972602739726,-0.0273972602739726,0.0,-0.0273972602739726,0.0,0.0,0.0,0.0,0.0,0.0,0.0,0.0,0.0,0.0,0.0,0.0
constructed_medium,medium_compressibility,2,24,smooth,5,0,73,73,0,1.0,1.0,0,0,0,0.0,1.0,0.0,0.0,0.02666666666666667,0.0,0.0,0.0,0.0,0.0,0.0,0.0,0.0,0.0,0.0,0.0,0.0,0.0
constructed_medium,medium_compressibility,2,24,delivery_aware_v1,5,0,73,73,0,1.0,1.0,0,0,0,0.0,1.0,0.0,0.0,0.02666666666666667,0.0,0.0,0.0,0.0,0.0,0.0,0.0,0.0,0.0,0.0,0.0,0.0,0.0
constructed_medium,medium_compressibility,2,24,delivery_aware_v2,5,0,73,73,0,1.0,1.0,0,0,0,0.0,1.0,0.0,0.0,0.02666666666666667,0.0,0.0,0.0,0.0,0.0,0.0,0.0,0.0,0.0,0.0,0.0,0.0,0.0
constructed_medium,medium_compressibility,2,24,static,5,4,73,73,0,1.0,1.0,0,0,0,0.0,1.0,0.0,0.0,0.02666666666666667,0.0,0.0,0.0,0.0,0.0,0.0,0.0,0.0,0.0,0.0,0.0,0.0,0.0
constructed_medium,medium_compressibility,2,24,capacity_aware,5,4,75,75,0,1.0,1.0273972602739727,0,0,0,0.0,1.0273972602739727,-0.0273972602739726,-0.0273972602739726,0.0,-0.0273972602739726,0.0,0.0,0.0,0.0,0.0,0.0,0.0,0.0,0.0,0.0,0.0,0.0
constructed_medium,medium_compressibility,2,24,smooth,5,4,73,73,0,1.0,1.0,0,0,0,0.0,1.0,0.0,0.0,0.02666666666666667,0.0,0.0,0.0,0.0,0.0,0.0,0.0,0.0,0.0,0.0,0.0,0.0,0.0
constructed_medium,medium_compressibility,2,24,delivery_aware_v1,5,4,73,73,0,1.0,1.0,0,0,0,0.0,1.0,0.0,0.0,0.02666666666666667,0.0,0.0,0.0,0.0,0.0,0.0,0.0,0.0,0.0,0.0,0.0,0.0,0.0
constructed_medium,medium_compressibility,2,24,delivery_aware_v2,5,4,73,73,0,1.0,1.0,0,0,0,0.0,1.0,0.0,0.0,0.02666666666666667,0.0,0.0,0.0,0.0,0.0,0.0,0.0,0.0,0.0,0.0,0.0,0.0,0.0
constructed_medium,medium_compressibility,2,24,static,5,8,73,73,0,1.0,1.0,0,0,0,0.0,1.0,0.0,0.0,0.02666666666666667,0.0,0.0,0.0,0.0,0.0,0.0,0.0,0.0,0.0,0.0,0.0,0.0,0.0
constructed_medium,medium_compressibility,2,24,capacity_aware,5,8,75,75,0,1.0,1.0273972602739727,0,0,0,0.0,1.0273972602739727,-0.0273972602739726,-0.0273972602739726,0.0,-0.0273972602739726,0.0,0.0,0.0,0.0,0.0,0.0,0.0,0.0,0.0,0.0,0.0,0.0
constructed_medium,medium_compressibility,2,24,smooth,5,8,73,73,0,1.0,1.0,0,0,0,0.0,1.0,0.0,0.0,0.02666666666666667,0.0,0.0,0.0,0.0,0.0,0.0,0.0,0.0,0.0,0.0,0.0,0.0,0.0
constructed_medium,medium_compressibility,2,24,delivery_aware_v1,5,8,73,73,0,1.0,1.0,0,0,0,0.0,1.0,0.0,0.0,0.02666666666666667,0.0,0.0,0.0,0.0,0.0,0.0,0.0,0.0,0.0,0.0,0.0,0.0,0.0
constructed_medium,medium_compressibility,2,24,delivery_aware_v2,5,8,73,73,0,1.0,1.0,0,0,0,0.0,1.0,0.0,0.0,0.02666666666666667,0.0,0.0,0.0,0.0,0.0,0.0,0.0,0.0,0.0,0.0,0.0,0.0,0.0
constructed_medium,medium_compressibility,2,24,static,5,12,73,73,0,1.0,1.0,0,0,0,0.0,1.0,0.0,0.0,0.02666666666666667,0.0,0.0,0.0,0.0,0.0,0.0,0.0,0.0,0.0,0.0,0.0,0.0,0.0
constructed_medium,medium_compressibility,2,24,capacity_aware,5,12,75,75,0,1.0,1.0273972602739727,0,0,0,0.0,1.0273972602739727,-0.0273972602739726,-0.0273972602739726,0.0,-0.0273972602739726,0.0,0.0,0.0,0.0,0.0,0.0,0.0,0.0,0.0,0.0,0.0,0.0
constructed_medium,medium_compressibility,2,24,smooth,5,12,73,73,0,1.0,1.0,0,0,0,0.0,1.0,0.0,0.0,0.02666666666666667,0.0,0.0,0.0,0.0,0.0,0.0,0.0,0.0,0.0,0.0,0.0,0.0,0.0
constructed_medium,medium_compressibility,2,24,delivery_aware_v1,5,12,73,73,0,1.0,1.0,0,0,0,0.0,1.0,0.0,0.0,0.02666666666666667,0.0,0.0,0.0,0.0,0.0,0.0,0.0,0.0,0.0,0.0,0.0,0.0,0.0
constructed_medium,medium_compressibility,2,24,delivery_aware_v2,5,12,73,73,0,1.0,1.0,0,0,0,0.0,1.0,0.0,0.0,0.02666666666666667,0.0,0.0,0.0,0.0,0.0,0.0,0.0,0.0,0.0,0.0,0.0,0.0,0.0
constructed_low,low_compressibility,2,24,static,1,0,110,110,0,1.0,1.0,0,0,0,0.0,1.0,0.0,0.0,0.0,0.0,0.0,0.0,0.0,0.0,0.0,0.0,0.0,0.0,0.0,0.0,0.0,0.0
constructed_low,low_compressibility,2,24,capacity_aware,1,0,110,110,0,1.0,1.0,0,0,0,0.0,1.0,0.0,0.0,0.0,0.0,0.0,0.0,0.0,0.0,0.0,0.0,0.0,0.0,0.0,0.0,0.0,0.0
constructed_low,low_compressibility,2,24,smooth,1,0,110,110,0,1.0,1.0,0,0,0,0.0,1.0,0.0,0.0,0.0,0.0,0.0,0.0,0.0,0.0,0.0,0.0,0.0,0.0,0.0,0.0,0.0,0.0
constructed_low,low_compressibility,2,24,delivery_aware_v1,1,0,110,110,0,1.0,1.0,0,0,0,0.0,1.0,0.0,0.0,0.0,0.0,0.0,0.0,0.0,0.0,0.0,0.0,0.0,0.0,0.0,0.0,0.0,0.0
constructed_low,low_compressibility,2,24,delivery_aware_v2,1,0,110,110,0,1.0,1.0,0,0,0,0.0,1.0,0.0,0.0,0.0,0.0,0.0,0.0,0.0,0.0,0.0,0.0,0.0,0.0,0.0,0.0,0.0,0.0
constructed_low,low_compressibility,2,24,static,1,4,110,110,0,1.0,1.0,0,0,0,0.0,1.0,0.0,0.0,0.0,0.0,0.0,0.0,0.0,0.0,0.0,0.0,0.0,0.0,0.0,0.0,0.0,0.0
constructed_low,low_compressibility,2,24,capacity_aware,1,4,110,110,0,1.0,1.0,0,0,0,0.0,1.0,0.0,0.0,0.0,0.0,0.0,0.0,0.0,0.0,0.0,0.0,0.0,0.0,0.0,0.0,0.0,0.0
constructed_low,low_compressibility,2,24,smooth,1,4,110,110,0,1.0,1.0,0,0,0,0.0,1.0,0.0,0.0,0.0,0.0,0.0,0.0,0.0,0.0,0.0,0.0,0.0,0.0,0.0,0.0,0.0,0.0
constructed_low,low_compressibility,2,24,delivery_aware_v1,1,4,110,110,0,1.0,1.0,0,0,0,0.0,1.0,0.0,0.0,0.0,0.0,0.0,0.0,0.0,0.0,0.0,0.0,0.0,0.0,0.0,0.0,0.0,0.0
constructed_low,low_compressibility,2,24,delivery_aware_v2,1,4,110,110,0,1.0,1.0,0,0,0,0.0,1.0,0.0,0.0,0.0,0.0,0.0,0.0,0.0,0.0,0.0,0.0,0.0,0.0,0.0,0.0,0.0,0.0
constructed_low,low_compressibility,2,24,static,1,8,110,110,0,1.0,1.0,0,0,0,0.0,1.0,0.0,0.0,0.0,0.0,0.0,0.0,0.0,0.0,0.0,0.0,0.0,0.0,0.0,0.0,0.0,0.0
constructed_low,low_compressibility,2,24,capacity_aware,1,8,110,110,0,1.0,1.0,0,0,0,0.0,1.0,0.0,0.0,0.0,0.0,0.0,0.0,0.0,0.0,0.0,0.0,0.0,0.0,0.0,0.0,0.0,0.0
constructed_low,low_compressibility,2,24,smooth,1,8,110,110,0,1.0,1.0,0,0,0,0.0,1.0,0.0,0.0,0.0,0.0,0.0,0.0,0.0,0.0,0.0,0.0,0.0,0.0,0.0,0.0,0.0,0.0
constructed_low,low_compressibility,2,24,delivery_aware_v1,1,8,110,110,0,1.0,1.0,0,0,0,0.0,1.0,0.0,0.0,0.0,0.0,0.0,0.0,0.0,0.0,0.0,0.0,0.0,0.0,0.0,0.0,0.0,0.0
constructed_low,low_compressibility,2,24,delivery_aware_v2,1,8,110,110,0,1.0,1.0,0,0,0,0.0,1.0,0.0,0.0,0.0,0.0,0.0,0.0,0.0,0.0,0.0,0.0,0.0,0.0,0.0,0.0,0.0,0.0
constructed_low,low_compressibility,2,24,static,1,12,110,110,0,1.0,1.0,0,0,0,0.0,1.0,0.0,0.0,0.0,0.0,0.0,0.0,0.0,0.0,0.0,0.0,0.0,0.0,0.0,0.0,0.0,0.0
constructed_low,low_compressibility,2,24,capacity_aware,1,12,110,110,0,1.0,1.0,0,0,0,0.0,1.0,0.0,0.0,0.0,0.0,0.0,0.0,0.0,0.0,0.0,0.0,0.0,0.0,0.0,0.0,0.0,0.0
constructed_low,low_compressibility,2,24,smooth,1,12,110,110,0,1.0,1.0,0,0,0,0.0,1.0,0.0,0.0,0.0,0.0,0.0,0.0,0.0,0.0,0.0,0.0,0.0,0.0,0.0,0.0,0.0,0.0
constructed_low,low_compressibility,2,24,delivery_aware_v1,1,12,110,110,0,1.0,1.0,0,0,0,0.0,1.0,0.0,0.0,0.0,0.0,0.0,0.0,0.0,0.0,0.0,0.0,0.0,0.0,0.0,0.0,0.0,0.0
constructed_low,low_compressibility,2,24,delivery_aware_v2,1,12,110,110,0,1.0,1.0,0,0,0,0.0,1.0,0.0,0.0,0.0,0.0,0.0,0.0,0.0,0.0,0.0,0.0,0.0,0.0,0.0,0.0,0.0,0.0
constructed_low,low_compressibility,2,24,static,2,0,110,110,0,1.0,1.0,0,0,0,0.0,1.0,0.0,0.0,0.0,0.0,0.0,0.0,0.0,0.0,0.0,0.0,0.0,0.0,0.0,0.0,0.0,0.0
constructed_low,low_compressibility,2,24,capacity_aware,2,0,110,110,0,1.0,1.0,0,0,0,0.0,1.0,0.0,0.0,0.0,0.0,0.0,0.0,0.0,0.0,0.0,0.0,0.0,0.0,0.0,0.0,0.0,0.0
constructed_low,low_compressibility,2,24,smooth,2,0,110,110,0,1.0,1.0,0,0,0,0.0,1.0,0.0,0.0,0.0,0.0,0.0,0.0,0.0,0.0,0.0,0.0,0.0,0.0,0.0,0.0,0.0,0.0
constructed_low,low_compressibility,2,24,delivery_aware_v1,2,0,110,110,0,1.0,1.0,0,0,0,0.0,1.0,0.0,0.0,0.0,0.0,0.0,0.0,0.0,0.0,0.0,0.0,0.0,0.0,0.0,0.0,0.0,0.0
constructed_low,low_compressibility,2,24,delivery_aware_v2,2,0,110,110,0,1.0,1.0,0,0,0,0.0,1.0,0.0,0.0,0.0,0.0,0.0,0.0,0.0,0.0,0.0,0.0,0.0,0.0,0.0,0.0,0.0,0.0
constructed_low,low_compressibility,2,24,static,2,4,110,110,0,1.0,1.0,0,0,0,0.0,1.0,0.0,0.0,0.0,0.0,0.0,0.0,0.0,0.0,0.0,0.0,0.0,0.0,0.0,0.0,0.0,0.0
constructed_low,low_compressibility,2,24,capacity_aware,2,4,110,110,0,1.0,1.0,0,0,0,0.0,1.0,0.0,0.0,0.0,0.0,0.0,0.0,0.0,0.0,0.0,0.0,0.0,0.0,0.0,0.0,0.0,0.0
constructed_low,low_compressibility,2,24,smooth,2,4,110,110,0,1.0,1.0,0,0,0,0.0,1.0,0.0,0.0,0.0,0.0,0.0,0.0,0.0,0.0,0.0,0.0,0.0,0.0,0.0,0.0,0.0,0.0
constructed_low,low_compressibility,2,24,delivery_aware_v1,2,4,110,110,0,1.0,1.0,0,0,0,0.0,1.0,0.0,0.0,0.0,0.0,0.0,0.0,0.0,0.0,0.0,0.0,0.0,0.0,0.0,0.0,0.0,0.0
constructed_low,low_compressibility,2,24,delivery_aware_v2,2,4,110,110,0,1.0,1.0,0,0,0,0.0,1.0,0.0,0.0,0.0,0.0,0.0,0.0,0.0,0.0,0.0,0.0,0.0,0.0,0.0,0.0,0.0,0.0
constructed_low,low_compressibility,2,24,static,2,8,110,110,0,1.0,1.0,0,0,0,0.0,1.0,0.0,0.0,0.0,0.0,0.0,0.0,0.0,0.0,0.0,0.0,0.0,0.0,0.0,0.0,0.0,0.0
constructed_low,low_compressibility,2,24,capacity_aware,2,8,110,110,0,1.0,1.0,0,0,0,0.0,1.0,0.0,0.0,0.0,0.0,0.0,0.0,0.0,0.0,0.0,0.0,0.0,0.0,0.0,0.0,0.0,0.0
constructed_low,low_compressibility,2,24,smooth,2,8,110,110,0,1.0,1.0,0,0,0,0.0,1.0,0.0,0.0,0.0,0.0,0.0,0.0,0.0,0.0,0.0,0.0,0.0,0.0,0.0,0.0,0.0,0.0
constructed_low,low_compressibility,2,24,delivery_aware_v1,2,8,110,110,0,1.0,1.0,0,0,0,0.0,1.0,0.0,0.0,0.0,0.0,0.0,0.0,0.0,0.0,0.0,0.0,0.0,0.0,0.0,0.0,0.0,0.0
constructed_low,low_compressibility,2,24,delivery_aware_v2,2,8,110,110,0,1.0,1.0,0,0,0,0.0,1.0,0.0,0.0,0.0,0.0,0.0,0.0,0.0,0.0,0.0,0.0,0.0,0.0,0.0,0.0,0.0,0.0
constructed_low,low_compressibility,2,24,static,2,12,110,110,0,1.0,1.0,0,0,0,0.0,1.0,0.0,0.0,0.0,0.0,0.0,0.0,0.0,0.0,0.0,0.0,0.0,0.0,0.0,0.0,0.0,0.0
constructed_low,low_compressibility,2,24,capacity_aware,2,12,110,110,0,1.0,1.0,0,0,0,0.0,1.0,0.0,0.0,0.0,0.0,0.0,0.0,0.0,0.0,0.0,0.0,0.0,0.0,0.0,0.0,0.0,0.0
constructed_low,low_compressibility,2,24,smooth,2,12,110,110,0,1.0,1.0,0,0,0,0.0,1.0,0.0,0.0,0.0,0.0,0.0,0.0,0.0,0.0,0.0,0.0,0.0,0.0,0.0,0.0,0.0,0.0
constructed_low,low_compressibility,2,24,delivery_aware_v1,2,12,110,110,0,1.0,1.0,0,0,0,0.0,1.0,0.0,0.0,0.0,0.0,0.0,0.0,0.0,0.0,0.0,0.0,0.0,0.0,0.0,0.0,0.0,0.0
constructed_low,low_compressibility,2,24,delivery_aware_v2,2,12,110,110,0,1.0,1.0,0,0,0,0.0,1.0,0.0,0.0,0.0,0.0,0.0,0.0,0.0,0.0,0.0,0.0,0.0,0.0,0.0,0.0,0.0,0.0
constructed_low,low_compressibility,2,24,static,3,0,110,110,0,1.0,1.0,0,0,0,0.0,1.0,0.0,0.0,0.0,0.0,0.0,0.0,0.0,0.0,0.0,0.0,0.0,0.0,0.0,0.0,0.0,0.0
constructed_low,low_compressibility,2,24,capacity_aware,3,0,110,110,0,1.0,1.0,0,0,0,0.0,1.0,0.0,0.0,0.0,0.0,0.0,0.0,0.0,0.0,0.0,0.0,0.0,0.0,0.0,0.0,0.0,0.0
constructed_low,low_compressibility,2,24,smooth,3,0,110,110,0,1.0,1.0,0,0,0,0.0,1.0,0.0,0.0,0.0,0.0,0.0,0.0,0.0,0.0,0.0,0.0,0.0,0.0,0.0,0.0,0.0,0.0
constructed_low,low_compressibility,2,24,delivery_aware_v1,3,0,110,110,0,1.0,1.0,0,0,0,0.0,1.0,0.0,0.0,0.0,0.0,0.0,0.0,0.0,0.0,0.0,0.0,0.0,0.0,0.0,0.0,0.0,0.0
constructed_low,low_compressibility,2,24,delivery_aware_v2,3,0,110,110,0,1.0,1.0,0,0,0,0.0,1.0,0.0,0.0,0.0,0.0,0.0,0.0,0.0,0.0,0.0,0.0,0.0,0.0,0.0,0.0,0.0,0.0
constructed_low,low_compressibility,2,24,static,3,4,110,110,0,1.0,1.0,0,0,0,0.0,1.0,0.0,0.0,0.0,0.0,0.0,0.0,0.0,0.0,0.0,0.0,0.0,0.0,0.0,0.0,0.0,0.0
constructed_low,low_compressibility,2,24,capacity_aware,3,4,110,110,0,1.0,1.0,0,0,0,0.0,1.0,0.0,0.0,0.0,0.0,0.0,0.0,0.0,0.0,0.0,0.0,0.0,0.0,0.0,0.0,0.0,0.0
constructed_low,low_compressibility,2,24,smooth,3,4,110,110,0,1.0,1.0,0,0,0,0.0,1.0,0.0,0.0,0.0,0.0,0.0,0.0,0.0,0.0,0.0,0.0,0.0,0.0,0.0,0.0,0.0,0.0
constructed_low,low_compressibility,2,24,delivery_aware_v1,3,4,110,110,0,1.0,1.0,0,0,0,0.0,1.0,0.0,0.0,0.0,0.0,0.0,0.0,0.0,0.0,0.0,0.0,0.0,0.0,0.0,0.0,0.0,0.0
constructed_low,low_compressibility,2,24,delivery_aware_v2,3,4,110,110,0,1.0,1.0,0,0,0,0.0,1.0,0.0,0.0,0.0,0.0,0.0,0.0,0.0,0.0,0.0,0.0,0.0,0.0,0.0,0.0,0.0,0.0
constructed_low,low_compressibility,2,24,static,3,8,110,110,0,1.0,1.0,0,0,0,0.0,1.0,0.0,0.0,0.0,0.0,0.0,0.0,0.0,0.0,0.0,0.0,0.0,0.0,0.0,0.0,0.0,0.0
constructed_low,low_compressibility,2,24,capacity_aware,3,8,110,110,0,1.0,1.0,0,0,0,0.0,1.0,0.0,0.0,0.0,0.0,0.0,0.0,0.0,0.0,0.0,0.0,0.0,0.0,0.0,0.0,0.0,0.0
constructed_low,low_compressibility,2,24,smooth,3,8,110,110,0,1.0,1.0,0,0,0,0.0,1.0,0.0,0.0,0.0,0.0,0.0,0.0,0.0,0.0,0.0,0.0,0.0,0.0,0.0,0.0,0.0,0.0
constructed_low,low_compressibility,2,24,delivery_aware_v1,3,8,110,110,0,1.0,1.0,0,0,0,0.0,1.0,0.0,0.0,0.0,0.0,0.0,0.0,0.0,0.0,0.0,0.0,0.0,0.0,0.0,0.0,0.0,0.0
constructed_low,low_compressibility,2,24,delivery_aware_v2,3,8,110,110,0,1.0,1.0,0,0,0,0.0,1.0,0.0,0.0,0.0,0.0,0.0,0.0,0.0,0.0,0.0,0.0,0.0,0.0,0.0,0.0,0.0,0.0
constructed_low,low_compressibility,2,24,static,3,12,110,110,0,1.0,1.0,0,0,0,0.0,1.0,0.0,0.0,0.0,0.0,0.0,0.0,0.0,0.0,0.0,0.0,0.0,0.0,0.0,0.0,0.0,0.0
constructed_low,low_compressibility,2,24,capacity_aware,3,12,110,110,0,1.0,1.0,0,0,0,0.0,1.0,0.0,0.0,0.0,0.0,0.0,0.0,0.0,0.0,0.0,0.0,0.0,0.0,0.0,0.0,0.0,0.0
constructed_low,low_compressibility,2,24,smooth,3,12,110,110,0,1.0,1.0,0,0,0,0.0,1.0,0.0,0.0,0.0,0.0,0.0,0.0,0.0,0.0,0.0,0.0,0.0,0.0,0.0,0.0,0.0,0.0
constructed_low,low_compressibility,2,24,delivery_aware_v1,3,12,110,110,0,1.0,1.0,0,0,0,0.0,1.0,0.0,0.0,0.0,0.0,0.0,0.0,0.0,0.0,0.0,0.0,0.0,0.0,0.0,0.0,0.0,0.0
constructed_low,low_compressibility,2,24,delivery_aware_v2,3,12,110,110,0,1.0,1.0,0,0,0,0.0,1.0,0.0,0.0,0.0,0.0,0.0,0.0,0.0,0.0,0.0,0.0,0.0,0.0,0.0,0.0,0.0,0.0
constructed_low,low_compressibility,2,24,static,4,0,110,110,0,1.0,1.0,0,0,0,0.0,1.0,0.0,0.0,0.0,0.0,0.0,0.0,0.0,0.0,0.0,0.0,0.0,0.0,0.0,0.0,0.0,0.0
constructed_low,low_compressibility,2,24,capacity_aware,4,0,110,110,0,1.0,1.0,0,0,0,0.0,1.0,0.0,0.0,0.0,0.0,0.0,0.0,0.0,0.0,0.0,0.0,0.0,0.0,0.0,0.0,0.0,0.0
constructed_low,low_compressibility,2,24,smooth,4,0,110,110,0,1.0,1.0,0,0,0,0.0,1.0,0.0,0.0,0.0,0.0,0.0,0.0,0.0,0.0,0.0,0.0,0.0,0.0,0.0,0.0,0.0,0.0
constructed_low,low_compressibility,2,24,delivery_aware_v1,4,0,110,110,0,1.0,1.0,0,0,0,0.0,1.0,0.0,0.0,0.0,0.0,0.0,0.0,0.0,0.0,0.0,0.0,0.0,0.0,0.0,0.0,0.0,0.0
constructed_low,low_compressibility,2,24,delivery_aware_v2,4,0,110,110,0,1.0,1.0,0,0,0,0.0,1.0,0.0,0.0,0.0,0.0,0.0,0.0,0.0,0.0,0.0,0.0,0.0,0.0,0.0,0.0,0.0,0.0
constructed_low,low_compressibility,2,24,static,4,4,110,110,0,1.0,1.0,0,0,0,0.0,1.0,0.0,0.0,0.0,0.0,0.0,0.0,0.0,0.0,0.0,0.0,0.0,0.0,0.0,0.0,0.0,0.0
constructed_low,low_compressibility,2,24,capacity_aware,4,4,110,110,0,1.0,1.0,0,0,0,0.0,1.0,0.0,0.0,0.0,0.0,0.0,0.0,0.0,0.0,0.0,0.0,0.0,0.0,0.0,0.0,0.0,0.0
constructed_low,low_compressibility,2,24,smooth,4,4,110,110,0,1.0,1.0,0,0,0,0.0,1.0,0.0,0.0,0.0,0.0,0.0,0.0,0.0,0.0,0.0,0.0,0.0,0.0,0.0,0.0,0.0,0.0
constructed_low,low_compressibility,2,24,delivery_aware_v1,4,4,110,110,0,1.0,1.0,0,0,0,0.0,1.0,0.0,0.0,0.0,0.0,0.0,0.0,0.0,0.0,0.0,0.0,0.0,0.0,0.0,0.0,0.0,0.0
constructed_low,low_compressibility,2,24,delivery_aware_v2,4,4,110,110,0,1.0,1.0,0,0,0,0.0,1.0,0.0,0.0,0.0,0.0,0.0,0.0,0.0,0.0,0.0,0.0,0.0,0.0,0.0,0.0,0.0,0.0
constructed_low,low_compressibility,2,24,static,4,8,110,110,0,1.0,1.0,0,0,0,0.0,1.0,0.0,0.0,0.0,0.0,0.0,0.0,0.0,0.0,0.0,0.0,0.0,0.0,0.0,0.0,0.0,0.0
constructed_low,low_compressibility,2,24,capacity_aware,4,8,110,110,0,1.0,1.0,0,0,0,0.0,1.0,0.0,0.0,0.0,0.0,0.0,0.0,0.0,0.0,0.0,0.0,0.0,0.0,0.0,0.0,0.0,0.0
constructed_low,low_compressibility,2,24,smooth,4,8,110,110,0,1.0,1.0,0,0,0,0.0,1.0,0.0,0.0,0.0,0.0,0.0,0.0,0.0,0.0,0.0,0.0,0.0,0.0,0.0,0.0,0.0,0.0
constructed_low,low_compressibility,2,24,delivery_aware_v1,4,8,110,110,0,1.0,1.0,0,0,0,0.0,1.0,0.0,0.0,0.0,0.0,0.0,0.0,0.0,0.0,0.0,0.0,0.0,0.0,0.0,0.0,0.0,0.0
constructed_low,low_compressibility,2,24,delivery_aware_v2,4,8,110,110,0,1.0,1.0,0,0,0,0.0,1.0,0.0,0.0,0.0,0.0,0.0,0.0,0.0,0.0,0.0,0.0,0.0,0.0,0.0,0.0,0.0,0.0
constructed_low,low_compressibility,2,24,static,4,12,110,110,0,1.0,1.0,0,0,0,0.0,1.0,0.0,0.0,0.0,0.0,0.0,0.0,0.0,0.0,0.0,0.0,0.0,0.0,0.0,0.0,0.0,0.0
constructed_low,low_compressibility,2,24,capacity_aware,4,12,110,110,0,1.0,1.0,0,0,0,0.0,1.0,0.0,0.0,0.0,0.0,0.0,0.0,0.0,0.0,0.0,0.0,0.0,0.0,0.0,0.0,0.0,0.0
constructed_low,low_compressibility,2,24,smooth,4,12,110,110,0,1.0,1.0,0,0,0,0.0,1.0,0.0,0.0,0.0,0.0,0.0,0.0,0.0,0.0,0.0,0.0,0.0,0.0,0.0,0.0,0.0,0.0
constructed_low,low_compressibility,2,24,delivery_aware_v1,4,12,110,110,0,1.0,1.0,0,0,0,0.0,1.0,0.0,0.0,0.0,0.0,0.0,0.0,0.0,0.0,0.0,0.0,0.0,0.0,0.0,0.0,0.0,0.0
constructed_low,low_compressibility,2,24,delivery_aware_v2,4,12,110,110,0,1.0,1.0,0,0,0,0.0,1.0,0.0,0.0,0.0,0.0,0.0,0.0,0.0,0.0,0.0,0.0,0.0,0.0,0.0,0.0,0.0,0.0
constructed_low,low_compressibility,2,24,static,5,0,110,110,0,1.0,1.0,0,0,0,0.0,1.0,0.0,0.0,0.0,0.0,0.0,0.0,0.0,0.0,0.0,0.0,0.0,0.0,0.0,0.0,0.0,0.0
constructed_low,low_compressibility,2,24,capacity_aware,5,0,110,110,0,1.0,1.0,0,0,0,0.0,1.0,0.0,0.0,0.0,0.0,0.0,0.0,0.0,0.0,0.0,0.0,0.0,0.0,0.0,0.0,0.0,0.0
constructed_low,low_compressibility,2,24,smooth,5,0,110,110,0,1.0,1.0,0,0,0,0.0,1.0,0.0,0.0,0.0,0.0,0.0,0.0,0.0,0.0,0.0,0.0,0.0,0.0,0.0,0.0,0.0,0.0
constructed_low,low_compressibility,2,24,delivery_aware_v1,5,0,110,110,0,1.0,1.0,0,0,0,0.0,1.0,0.0,0.0,0.0,0.0,0.0,0.0,0.0,0.0,0.0,0.0,0.0,0.0,0.0,0.0,0.0,0.0
constructed_low,low_compressibility,2,24,delivery_aware_v2,5,0,110,110,0,1.0,1.0,0,0,0,0.0,1.0,0.0,0.0,0.0,0.0,0.0,0.0,0.0,0.0,0.0,0.0,0.0,0.0,0.0,0.0,0.0,0.0
constructed_low,low_compressibility,2,24,static,5,4,110,110,0,1.0,1.0,0,0,0,0.0,1.0,0.0,0.0,0.0,0.0,0.0,0.0,0.0,0.0,0.0,0.0,0.0,0.0,0.0,0.0,0.0,0.0
constructed_low,low_compressibility,2,24,capacity_aware,5,4,110,110,0,1.0,1.0,0,0,0,0.0,1.0,0.0,0.0,0.0,0.0,0.0,0.0,0.0,0.0,0.0,0.0,0.0,0.0,0.0,0.0,0.0,0.0
constructed_low,low_compressibility,2,24,smooth,5,4,110,110,0,1.0,1.0,0,0,0,0.0,1.0,0.0,0.0,0.0,0.0,0.0,0.0,0.0,0.0,0.0,0.0,0.0,0.0,0.0,0.0,0.0,0.0
constructed_low,low_compressibility,2,24,delivery_aware_v1,5,4,110,110,0,1.0,1.0,0,0,0,0.0,1.0,0.0,0.0,0.0,0.0,0.0,0.0,0.0,0.0,0.0,0.0,0.0,0.0,0.0,0.0,0.0,0.0
constructed_low,low_compressibility,2,24,delivery_aware_v2,5,4,110,110,0,1.0,1.0,0,0,0,0.0,1.0,0.0,0.0,0.0,0.0,0.0,0.0,0.0,0.0,0.0,0.0,0.0,0.0,0.0,0.0,0.0,0.0
constructed_low,low_compressibility,2,24,static,5,8,110,110,0,1.0,1.0,0,0,0,0.0,1.0,0.0,0.0,0.0,0.0,0.0,0.0,0.0,0.0,0.0,0.0,0.0,0.0,0.0,0.0,0.0,0.0
constructed_low,low_compressibility,2,24,capacity_aware,5,8,110,110,0,1.0,1.0,0,0,0,0.0,1.0,0.0,0.0,0.0,0.0,0.0,0.0,0.0,0.0,0.0,0.0,0.0,0.0,0.0,0.0,0.0,0.0
constructed_low,low_compressibility,2,24,smooth,5,8,110,110,0,1.0,1.0,0,0,0,0.0,1.0,0.0,0.0,0.0,0.0,0.0,0.0,0.0,0.0,0.0,0.0,0.0,0.0,0.0,0.0,0.0,0.0
constructed_low,low_compressibility,2,24,delivery_aware_v1,5,8,110,110,0,1.0,1.0,0,0,0,0.0,1.0,0.0,0.0,0.0,0.0,0.0,0.0,0.0,0.0,0.0,0.0,0.0,0.0,0.0,0.0,0.0,0.0
constructed_low,low_compressibility,2,24,delivery_aware_v2,5,8,110,110,0,1.0,1.0,0,0,0,0.0,1.0,0.0,0.0,0.0,0.0,0.0,0.0,0.0,0.0,0.0,0.0,0.0,0.0,0.0,0.0,0.0,0.0
constructed_low,low_compressibility,2,24,static,5,12,110,110,0,1.0,1.0,0,0,0,0.0,1.0,0.0,0.0,0.0,0.0,0.0,0.0,0.0,0.0,0.0,0.0,0.0,0.0,0.0,0.0,0.0,0.0
constructed_low,low_compressibility,2,24,capacity_aware,5,12,110,110,0,1.0,1.0,0,0,0,0.0,1.0,0.0,0.0,0.0,0.0,0.0,0.0,0.0,0.0,0.0,0.0,0.0,0.0,0.0,0.0,0.0,0.0
constructed_low,low_compressibility,2,24,smooth,5,12,110,110,0,1.0,1.0,0,0,0,0.0,1.0,0.0,0.0,0.0,0.0,0.0,0.0,0.0,0.0,0.0,0.0,0.0,0.0,0.0,0.0,0.0,0.0
constructed_low,low_compressibility,2,24,delivery_aware_v1,5,12,110,110,0,1.0,1.0,0,0,0,0.0,1.0,0.0,0.0,0.0,0.0,0.0,0.0,0.0,0.0,0.0,0.0,0.0,0.0,0.0,0.0,0.0,0.0
constructed_low,low_compressibility,2,24,delivery_aware_v2,5,12,110,110,0,1.0,1.0,0,0,0,0.0,1.0,0.0,0.0,0.0,0.0,0.0,0.0,0.0,0.0,0.0,0.0,0.0,0.0,0.0,0.0,0.0,0.0
constructed_high,high_compressibility,3,24,static,1,0,77,133,56,1.7272727272727273,1.7272727272727273,56,65,56,23.766233766233768,1.0,0.0,-0.7272727272727273,0.007462686567164179,-0.7272727272727273,0.0,0.0,0.0,0.0,0.0,0.0,0.0,0.0,0.0,0.0,0.0,0.0
constructed_high,high_compressibility,3,24,capacity_aware,1,0,134,134,0,1.0,1.7402597402597402,0,0,0,0.0,1.7402597402597402,-0.007518796992481203,-0.7402597402597403,0.0,-0.7402597402597403,1.0,0.0,0.0,0.0,1.0,0.0,0.0,0.0,1.0,0.0,0.0,0.0
constructed_high,high_compressibility,3,24,smooth,1,0,77,77,0,1.0,1.0,0,0,0,0.0,1.0,0.42105263157894735,0.0,0.4253731343283582,0.0,1.0,0.0,0.0,0.0,1.0,0.0,0.0,0.0,1.0,0.0,0.0,0.0
constructed_high,high_compressibility,3,24,delivery_aware_v1,1,0,77,77,0,1.0,1.0,0,0,0,0.0,1.0,0.42105263157894735,0.0,0.4253731343283582,0.0,1.0,0.0,0.0,0.0,1.0,0.0,0.0,0.0,1.0,0.0,0.0,0.0
constructed_high,high_compressibility,3,24,delivery_aware_v2,1,0,77,77,0,1.0,1.0,0,0,0,0.0,1.0,0.42105263157894735,0.0,0.4253731343283582,0.0,1.0,0.0,0.0,0.0,1.0,0.0,0.0,0.0,1.0,0.0,0.0,0.0
constructed_high,high_compressibility,3,24,static,1,4,77,129,52,1.6753246753246753,1.6753246753246753,56,60,52,20.493506493506494,1.0,0.0,-0.6753246753246753,0.03731343283582089,-0.6538461538461539,0.0,0.0,0.0,-10.2,0.0,0.0,0.0,-51.0,0.0,0.0,0.0,-0.09090909090909091
constructed_high,high_compressibility,3,24,capacity_aware,1,4,134,134,0,1.0,1.7402597402597402,0,0,0,0.0,1.7402597402597402,-0.03875968992248062,-0.7402597402597403,0.0,-0.717948717948718,1.0,0.0,0.0,1.0,1.0,0.0,0.0,1.0,1.0,0.0,0.0,1.0
constructed_high,high_compressibility,3,24,smooth,1,4,77,77,0,1.0,1.0,0,0,0,0.0,1.0,0.40310077519379844,0.0,0.4253731343283582,0.01282051282051282,1.0,0.0,0.0,1.0,1.0,0.0,0.0,1.0,1.0,0.0,0.0,1.0
constructed_high,high_compressibility,3,24,delivery_aware_v1,1,4,77,78,1,1.0129870129870129,1.0129870129870129,5,55,1,0.7142857142857143,1.0,0.3953488372093023,-0.012987012987012988,0.417910447761194,0.0,0.9107142857142857,0.0,0.0,0.0,0.9807692307692307,0.0,0.0,0.0,0.08333333333333333,0.0,0.0,0.0
constructed_high,high_compressibility,3,24,delivery_aware_v2,1,4,77,77,0,1.0,1.0,0,0,0,0.0,1.0,0.40310077519379844,0.0,0.4253731343283582,0.01282051282051282,1.0,0.0,0.0,1.0,1.0,0.0,0.0,1.0,1.0,0.0,0.0,1.0
constructed_high,high_compressibility,3,24,static,1,8,77,125,48,1.6233766233766234,1.6233766233766234,56,55,48,17.454545454545453,1.0,0.0,-0.6233766233766234,0.06716417910447761,-0.6025641025641025,0.0,0.0,0.0,-5.222222222222222,0.0,0.0,0.0,-47.0,0.0,0.0,0.0,-0.0784313725490196
constructed_high,high_compressibility,3,24,capacity_aware,1,8,134,134,0,1.0,1.7402597402597402,0,0,0,0.0,1.7402597402597402,-0.072,-0.7402597402597403,0.0,-0.717948717948718,1.0,0.0,0.0,1.0,1.0,0.0,0.0,1.0,1.0,0.0,0.0,1.0
constructed_high,high_compressibility,3,24,smooth,1,8,77,77,0,1.0,1.0,0,0,0,0.0,1.0,0.384,0.0,0.4253731343283582,0.01282051282051282,1.0,0.0,0.0,1.0,1.0,0.0,0.0,1.0,1.0,0.0,0.0,1.0
constructed_high,high_compressibility,3,24,delivery_aware_v1,1,8,77,78,1,1.0129870129870129,1.0129870129870129,9,51,1,0.6623376623376623,1.0,0.376,-0.012987012987012988,0.417910447761194,0.0,0.8392857142857143,0.0,0.0,0.0,0.9791666666666666,0.0,0.0,0.0,0.07272727272727272,0.0,0.0,0.0
constructed_high,high_compressibility,3,24,delivery_aware_v2,1,8,77,77,0,1.0,1.0,0,0,0,0.0,1.0,0.384,0.0,0.4253731343283582,0.01282051282051282,1.0,0.0,0.0,1.0,1.0,0.0,0.0,1.0,1.0,0.0,0.0,1.0
constructed_high,high_compressibility,3,24,static,1,12,77,121,44,1.5714285714285714,1.5714285714285714,56,51,44,14.675324675324676,1.0,0.0,-0.5714285714285714,0.09701492537313433,-0.5512820512820513,0.0,0.0,0.0,-3.3076923076923075,0.0,0.0,0.0,-43.0,0.0,0.0,0.0,-0.13333333333333333
constructed_high,high_compressibility,3,24,capacity_aware,1,12,134,134,0,1.0,1.7402597402597402,0,0,0,0.0,1.7402597402597402,-0.10743801652892562,-0.7402597402597403,0.0,-0.717948717948718,1.0,0.0,0.0,1.0,1.0,0.0,0.0,1.0,1.0,0.0,0.0,1.0
constructed_high,high_compressibility,3,24,smooth,1,12,77,77,0,1.0,1.0,0,0,0,0.0,1.0,0.36363636363636365,0.0,0.4253731343283582,0.01282051282051282,1.0,0.0,0.0,1.0,1.0,0.0,0.0,1.0,1.0,0.0,0.0,1.0
constructed_high,high_compressibility,3,24,delivery_aware_v1,1,12,77,78,1,1.0129870129870129,1.0129870129870129,13,45,1,0.5844155844155844,1.0,0.35537190082644626,-0.012987012987012988,0.417910447761194,0.0,0.7678571428571429,0.0,0.0,0.0,0.9772727272727273,0.0,0.0,0.0,0.11764705882352941,0.0,0.0,0.0
constructed_high,high_compressibility,3,24,delivery_aware_v2,1,12,77,77,0,1.0,1.0,0,0,0,0.0,1.0,0.36363636363636365,0.0,0.4253731343283582,0.01282051282051282,1.0,0.0,0.0,1.0,1.0,0.0,0.0,1.0,1.0,0.0,0.0,1.0
constructed_high,high_compressibility,3,24,static,2,0,77,104,27,1.3506493506493507,1.3506493506493507,54,29,54,10.38961038961039,1.0,0.0,-0.35064935064935066,0.009523809523809525,-0.35064935064935066,0.0,0.0,0.0,0.0,0.0,0.0,0.0,0.0,0.0,0.0,0.0,0.0
constructed_high,high_compressibility,3,24,capacity_aware,2,0,105,105,0,1.0,1.3636363636363635,0,0,0,0.0,1.3636363636363635,-0.009615384615384616,-0.36363636363636365,0.0,-0.36363636363636365,1.0,0.0,0.0,0.0,1.0,0.0,0.0,0.0,1.0,0.0,0.0,0.0
constructed_high,high_compressibility,3,24,smooth,2,0,77,77,0,1.0,1.0,0,0,0,0.0,1.0,0.25961538461538464,0.0,0.26666666666666666,0.0,1.0,0.0,0.0,0.0,1.0,0.0,0.0,0.0,1.0,0.0,0.0,0.0
constructed_high,high_compressibility,3,24,delivery_aware_v1,2,0,77,77,0,1.0,1.0,0,0,0,0.0,1.0,0.25961538461538464,0.0,0.26666666666666666,0.0,1.0,0.0,0.0,0.0,1.0,0.0,0.0,0.0,1.0,0.0,0.0,0.0
constructed_high,high_compressibility,3,24,delivery_aware_v2,2,0,77,77,0,1.0,1.0,0,0,0,0.0,1.0,0.25961538461538464,0.0,0.26666666666666666,0.0,1.0,0.0,0.0,0.0,1.0,0.0,0.0,0.0,1.0,0.0,0.0,0.0
constructed_high,high_compressibility,3,24,static,2,4,77,102,25,1.3246753246753247,1.3246753246753247,54,27,50,8.922077922077921,1.0,0.0,-0.3246753246753247,0.02857142857142857,-0.3076923076923077,0.0,0.0,0.0,-8.0,0.0,0.0,0.0,-24.0,0.0,0.0,0.0,-0.2857142857142857
constructed_high,high_compressibility,3,24,capacity_aware,2,4,105,105,0,1.0,1.3636363636363635,0,0,0,0.0,1.3636363636363635,-0.029411764705882353,-0.36363636363636365,0.0,-0.34615384615384615,1.0,0.0,0.0,1.0,1.0,0.0,0.0,1.0,1.0,0.0,0.0,1.0
constructed_high,high_compressibility,3,24,smooth,2,4,77,77,0,1.0,1.0,0,0,0,0.0,1.0,0.24509803921568626,0.0,0.26666666666666666,0.01282051282051282,1.0,0.0,0.0,1.0,1.0,0.0,0.0,1.0,1.0,0.0,0.0,1.0
constructed_high,high_compressibility,3,24,delivery_aware_v1,2,4,77,78,1,1.0129870129870129,1.0129870129870129,6,21,2,0.5194805194805194,1.0,0.23529411764705882,-0.012987012987012988,0.2571428571428571,0.0,0.8888888888888888,0.0,0.0,0.0,0.96,0.0,0.0,0.0,0.2222222222222222,0.0,0.0,0.0
constructed_high,high_compressibility,3,24,delivery_aware_v2,2,4,77,77,0,1.0,1.0,0,0,0,0.0,1.0,0.24509803921568626,0.0,0.26666666666666666,0.01282051282051282,1.0,0.0,0.0,1.0,1.0,0.0,0.0,1.0,1.0,0.0,0.0,1.0
constructed_high,high_compressibility,3,24,static,2,8,77,100,23,1.2987012987012987,1.2987012987012987,54,25,46,7.571428571428571,1.0,0.0,-0.2987012987012987,0.047619047619047616,-0.28205128205128205,0.0,0.0,0.0,-4.4,0.0,0.0,0.0,-22.0,0.0,0.0,0.0,-0.25
constructed_high,high_compressibility,3,24,capacity_aware,2,8,105,105,0,1.0,1.3636363636363635,0,0,0,0.0,1.3636363636363635,-0.05,-0.36363636363636365,0.0,-0.34615384615384615,1.0,0.0,0.0,1.0,1.0,0.0,0.0,1.0,1.0,0.0,0.0,1.0
constructed_high,high_compressibility,3,24,smooth,2,8,77,77,0,1.0,1.0,0,0,0,0.0,1.0,0.23,0.0,0.26666666666666666,0.01282051282051282,1.0,0.0,0.0,1.0,1.0,0.0,0.0,1.0,1.0,0.0,0.0,1.0
constructed_high,high_compressibility,3,24,delivery_aware_v1,2,8,77,78,1,1.0129870129870129,1.0129870129870129,10,20,2,0.5064935064935064,1.0,0.22,-0.012987012987012988,0.2571428571428571,0.0,0.8148148148148148,0.0,0.0,0.0,0.9565217391304348,0.0,0.0,0.0,0.2,0.0,0.0,0.0
constructed_high,high_compressibility,3,24,delivery_aware_v2,2,8,77,77,0,1.0,1.0,0,0,0,0.0,1.0,0.23,0.0,0.26666666666666666,0.01282051282051282,1.0,0.0,0.0,1.0,1.0,0.0,0.0,1.0,1.0,0.0,0.0,1.0
constructed_high,high_compressibility,3,24,static,2,12,77,98,21,1.2727272727272727,1.2727272727272727,54,23,42,6.324675324675325,1.0,0.0,-0.2727272727272727,0.06666666666666667,-0.2564102564102564,0.0,0.0,0.0,-2.857142857142857,0.0,0.0,0.0,-20.0,0.0,0.0,0.0,-0.4375
constructed_high,high_compressibility,3,24,capacity_aware,2,12,105,105,0,1.0,1.3636363636363635,0,0,0,0.0,1.3636363636363635,-0.07142857142857142,-0.36363636363636365,0.0,-0.34615384615384615,1.0,0.0,0.0,1.0,1.0,0.0,0.0,1.0,1.0,0.0,0.0,1.0
constructed_high,high_compressibility,3,24,smooth,2,12,77,77,0,1.0,1.0,0,0,0,0.0,1.0,0.21428571428571427,0.0,0.26666666666666666,0.01282051282051282,1.0,0.0,0.0,1.0,1.0,0.0,0.0,1.0,1.0,0.0,0.0,1.0
constructed_high,high_compressibility,3,24,delivery_aware_v1,2,12,77,78,1,1.0129870129870129,1.0129870129870129,14,16,2,0.4025974025974026,1.0,0.20408163265306123,-0.012987012987012988,0.2571428571428571,0.0,0.7407407407407407,0.0,0.0,0.0,0.9523809523809523,0.0,0.0,0.0,0.30434782608695654,0.0,0.0,0.0
constructed_high,high_compressibility,3,24,delivery_aware_v2,2,12,77,77,0,1.0,1.0,0,0,0,0.0,1.0,0.21428571428571427,0.0,0.26666666666666666,0.01282051282051282,1.0,0.0,0.0,1.0,1.0,0.0,0.0,1.0,1.0,0.0,0.0,1.0
constructed_high,high_compressibility,3,24,static,3,0,77,95,18,1.2337662337662338,1.2337662337662338,52,18,52,6.3896103896103895,1.0,0.0,-0.23376623376623376,0.010416666666666666,-0.23376623376623376,0.0,0.0,0.0,0.0,0.0,0.0,0.0,0.0,0.0,0.0,0.0,0.0
constructed_high,high_compressibility,3,24,capacity_aware,3,0,96,96,0,1.0,1.2467532467532467,0,0,0,0.0,1.2467532467532467,-0.010526315789473684,-0.24675324675324675,0.0,-0.24675324675324675,1.0,0.0,0.0,0.0,1.0,0.0,0.0,0.0,1.0,0.0,0.0,0.0
constructed_high,high_compressibility,3,24,smooth,3,0,77,77,0,1.0,1.0,0,0,0,0.0,1.0,0.18947368421052632,0.0,0.19791666666666666,0.0,1.0,0.0,0.0,0.0,1.0,0.0,0.0,0.0,1.0,0.0,0.0,0.0
constructed_high,high_compressibility,3,24,delivery_aware_v1,3,0,77,77,0,1.0,1.0,0,0,0,0.0,1.0,0.18947368421052632,0.0,0.19791666666666666,0.0,1.0,0.0,0.0,0.0,1.0,0.0,0.0,0.0,1.0,0.0,0.0,0.0
constructed_high,high_compressibility,3,24,delivery_aware_v2,3,0,77,77,0,1.0,1.0,0,0,0,0.0,1.0,0.18947368421052632,0.0,0.19791666666666666,0.0,1.0,0.0,0.0,0.0,1.0,0.0,0.0,0.0,1.0,0.0,0.0,0.0
constructed_high,high_compressibility,3,24,static,3,4,77,93,16,1.2077922077922079,1.2077922077922079,52,17,48,5.467532467532467,1.0,0.0,-0.2077922077922078,0.03125,-0.19230769230769232,0.0,0.0,0.0,-6.428571428571429,0.0,0.0,0.0,-15.0,0.0,0.0,0.0,-0.7
constructed_high,high_compressibility,3,24,capacity_aware,3,4,96,96,0,1.0,1.2467532467532467,0,0,0,0.0,1.2467532467532467,-0.03225806451612903,-0.24675324675324675,0.0,-0.23076923076923078,1.0,0.0,0.0,1.0,1.0,0.0,0.0,1.0,1.0,0.0,0.0,1.0
constructed_high,high_compressibility,3,24,smooth,3,4,77,77,0,1.0,1.0,0,0,0,0.0,1.0,0.17204301075268819,0.0,0.19791666666666666,0.01282051282051282,1.0,0.0,0.0,1.0,1.0,0.0,0.0,1.0,1.0,0.0,0.0,1.0
constructed_high,high_compressibility,3,24,delivery_aware_v1,3,4,77,78,1,1.0129870129870129,1.0129870129870129,7,10,3,0.33766233766233766,1.0,0.16129032258064516,-0.012987012987012988,0.1875,0.0,0.8653846153846154,0.0,0.0,0.0,0.9375,0.0,0.0,0.0,0.4117647058823529,0.0,0.0,0.0
constructed_high,high_compressibility,3,24,delivery_aware_v2,3,4,77,77,0,1.0,1.0,0,0,0,0.0,1.0,0.17204301075268819,0.0,0.19791666666666666,0.01282051282051282,1.0,0.0,0.0,1.0,1.0,0.0,0.0,1.0,1.0,0.0,0.0,1.0
constructed_high,high_compressibility,3,24,static,3,8,77,92,15,1.1948051948051948,1.1948051948051948,52,16,44,4.6103896103896105,1.0,0.0,-0.19480519480519481,0.041666666666666664,-0.1794871794871795,0.0,0.0,0.0,-3.727272727272727,0.0,0.0,0.0,-14.0,0.0,0.0,0.0,-0.45454545454545453
constructed_high,high_compressibility,3,24,capacity_aware,3,8,96,96,0,1.0,1.2467532467532467,0,0,0,0.0,1.2467532467532467,-0.043478260869565216,-0.24675324675324675,0.0,-0.23076923076923078,1.0,0.0,0.0,1.0,1.0,0.0,0.0,1.0,1.0,0.0,0.0,1.0
constructed_high,high_compressibility,3,24,smooth,3,8,77,77,0,1.0,1.0,0,0,0,0.0,1.0,0.16304347826086957,0.0,0.19791666666666666,0.01282051282051282,1.0,0.0,0.0,1.0,1.0,0.0,0.0,1.0,1.0,0.0,0.0,1.0
constructed_high,high_compressibility,3,24,delivery_aware_v1,3,8,77,78,1,1.0129870129870129,1.0129870129870129,11,11,3,0.37662337662337664,1.0,0.15217391304347827,-0.012987012987012988,0.1875,0.0,0.7884615384615384,0.0,0.0,0.0,0.9333333333333333,0.0,0.0,0.0,0.3125,0.0,0.0,0.0
constructed_high,high_compressibility,3,24,delivery_aware_v2,3,8,77,77,0,1.0,1.0,0,0,0,0.0,1.0,0.16304347826086957,0.0,0.19791666666666666,0.01282051282051282,1.0,0.0,0.0,1.0,1.0,0.0,0.0,1.0,1.0,0.0,0.0,1.0
constructed_high,high_compressibility,3,24,static,3,12,77,91,14,1.1818181818181819,1.1818181818181819,52,14,40,3.8181818181818183,1.0,0.0,-0.18181818181818182,0.052083333333333336,-0.16666666666666666,0.0,0.0,0.0,-2.466666666666667,0.0,0.0,0.0,-13.0,0.0,0.0,0.0,-1.0
constructed_high,high_compressibility,3,24,capacity_aware,3,12,96,96,0,1.0,1.2467532467532467,0,0,0,0.0,1.2467532467532467,-0.054945054945054944,-0.24675324675324675,0.0,-0.23076923076923078,1.0,0.0,0.0,1.0,1.0,0.0,0.0,1.0,1.0,0.0,0.0,1.0
constructed_high,high_compressibility,3,24,smooth,3,12,77,77,0,1.0,1.0,0,0,0,0.0,1.0,0.15384615384615385,0.0,0.19791666666666666,0.01282051282051282,1.0,0.0,0.0,1.0,1.0,0.0,0.0,1.0,1.0,0.0,0.0,1.0
constructed_high,high_compressibility,3,24,delivery_aware_v1,3,12,77,78,1,1.0129870129870129,1.0129870129870129,15,7,3,0.23376623376623376,1.0,0.14285714285714285,-0.012987012987012988,0.1875,0.0,0.7115384615384616,0.0,0.0,0.0,0.9285714285714286,0.0,0.0,0.0,0.5,0.0,0.0,0.0
constructed_high,high_compressibility,3,24,delivery_aware_v2,3,12,77,77,0,1.0,1.0,0,0,0,0.0,1.0,0.15384615384615385,0.0,0.19791666666666666,0.01282051282051282,1.0,0.0,0.0,1.0,1.0,0.0,0.0,1.0,1.0,0.0,0.0,1.0
constructed_high,high_compressibility,3,24,static,4,0,77,90,13,1.1688311688311688,1.1688311688311688,50,13,50,4.467532467532467,1.0,0.0,-0.16883116883116883,0.01098901098901099,-0.16883116883116883,0.0,0.0,0.0,0.0,0.0,0.0,0.0,0.0,0.0,0.0,0.0,0.0
constructed_high,high_compressibility,3,24,capacity_aware,4,0,91,91,0,1.0,1.1818181818181819,0,0,0,0.0,1.1818181818181819,-0.011111111111111112,-0.18181818181818182,0.0,-0.18181818181818182,1.0,0.0,0.0,0.0,1.0,0.0,0.0,0.0,1.0,0.0,0.0,0.0
constructed_high,high_compressibility,3,24,smooth,4,0,77,77,0,1.0,1.0,0,0,0,0.0,1.0,0.14444444444444443,0.0,0.15384615384615385,0.0,1.0,0.0,0.0,0.0,1.0,0.0,0.0,0.0,1.0,0.0,0.0,0.0
constructed_high,high_compressibility,3,24,delivery_aware_v1,4,0,77,77,0,1.0,1.0,0,0,0,0.0,1.0,0.14444444444444443,0.0,0.15384615384615385,0.0,1.0,0.0,0.0,0.0,1.0,0.0,0.0,0.0,1.0,0.0,0.0,0.0
constructed_high,high_compressibility,3,24,delivery_aware_v2,4,0,77,77,0,1.0,1.0,0,0,0,0.0,1.0,0.14444444444444443,0.0,0.15384615384615385,0.0,1.0,0.0,0.0,0.0,1.0,0.0,0.0,0.0,1.0,0.0,0.0,0.0
constructed_high,high_compressibility,3,24,static,4,4,77,89,12,1.155844155844156,1.155844155844156,50,12,46,3.8051948051948052,1.0,0.0,-0.15584415584415584,0.02197802197802198,-0.14102564102564102,0.0,0.0,0.0,-6.142857142857143,0.0,0.0,0.0,-11.0,0.0,0.0,0.0,-2.0
constructed_high,high_compressibility,3,24,capacity_aware,4,4,91,91,0,1.0,1.1818181818181819,0,0,0,0.0,1.1818181818181819,-0.02247191011235955,-0.18181818181818182,0.0,-0.16666666666666666,1.0,0.0,0.0,1.0,1.0,0.0,0.0,1.0,1.0,0.0,0.0,1.0
constructed_high,high_compressibility,3,24,smooth,4,4,77,77,0,1.0,1.0,0,0,0,0.0,1.0,0.1348314606741573,0.0,0.15384615384615385,0.01282051282051282,1.0,0.0,0.0,1.0,1.0,0.0,0.0,1.0,1.0,0.0,0.0,1.0
constructed_high,high_compressibility,3,24,delivery_aware_v1,4,4,77,78,1,1.0129870129870129,1.0129870129870129,7,4,3,0.11688311688311688,1.0,0.12359550561797752,-0.012987012987012988,0.14285714285714285,0.0,0.86,0.0,0.0,0.0,0.9166666666666666,0.0,0.0,0.0,0.6666666666666666,0.0,0.0,0.0
constructed_high,high_compressibility,3,24,delivery_aware_v2,4,4,77,77,0,1.0,1.0,0,0,0,0.0,1.0,0.1348314606741573,0.0,0.15384615384615385,0.01282051282051282,1.0,0.0,0.0,1.0,1.0,0.0,0.0,1.0,1.0,0.0,0.0,1.0
constructed_high,high_compressibility,3,24,static,4,8,77,88,11,1.1428571428571428,1.1428571428571428,50,11,42,3.1948051948051948,1.0,0.0,-0.14285714285714285,0.03296703296703297,-0.1282051282051282,0.0,0.0,0.0,-3.1666666666666665,0.0,0.0,0.0,-10.0,0.0,0.0,0.0,-1.2
constructed_high,high_compressibility,3,24,capacity_aware,4,8,91,91,0,1.0,1.1818181818181819,0,0,0,0.0,1.1818181818181819,-0.03409090909090909,-0.18181818181818182,0.0,-0.16666666666666666,1.0,0.0,0.0,1.0,1.0,0.0,0.0,1.0,1.0,0.0,0.0,1.0
constructed_high,high_compressibility,3,24,smooth,4,8,77,77,0,1.0,1.0,0,0,0,0.0,1.0,0.125,0.0,0.15384615384615385,0.01282051282051282,1.0,0.0,0.0,1.0,1.0,0.0,0.0,1.0,1.0,0.0,0.0,1.0
constructed_high,high_compressibility,3,24,delivery_aware_v1,4,8,77,78,1,1.0129870129870129,1.0129870129870129,12,5,4,0.22077922077922077,1.0,0.11363636363636363,-0.012987012987012988,0.14285714285714285,0.0,0.76,0.0,0.0,0.0,0.9090909090909091,0.0,0.0,0.0,0.5454545454545454,0.0,0.0,0.0
constructed_high,high_compressibility,3,24,delivery_aware_v2,4,8,77,77,0,1.0,1.0,0,0,0,0.0,1.0,0.125,0.0,0.15384615384615385,0.01282051282051282,1.0,0.0,0.0,1.0,1.0,0.0,0.0,1.0,1.0,0.0,0.0,1.0
constructed_high,high_compressibility,3,24,static,4,12,77,87,10,1.12987012987013,1.12987012987013,50,10,38,2.6363636363636362,1.0,0.0,-0.12987012987012986,0.04395604395604396,-0.11538461538461539,0.0,0.0,0.0,-2.3333333333333335,0.0,0.0,0.0,-9.0,0.0,0.0,0.0,-4.0
constructed_high,high_compressibility,3,24,capacity_aware,4,12,91,91,0,1.0,1.1818181818181819,0,0,0,0.0,1.1818181818181819,-0.04597701149425287,-0.18181818181818182,0.0,-0.16666666666666666,1.0,0.0,0.0,1.0,1.0,0.0,0.0,1.0,1.0,0.0,0.0,1.0
constructed_high,high_compressibility,3,24,smooth,4,12,77,77,0,1.0,1.0,0,0,0,0.0,1.0,0.11494252873563218,0.0,0.15384615384615385,0.01282051282051282,1.0,0.0,0.0,1.0,1.0,0.0,0.0,1.0,1.0,0.0,0.0,1.0
constructed_high,high_compressibility,3,24,delivery_aware_v1,4,12,77,78,1,1.0129870129870129,1.0129870129870129,15,2,3,0.06493506493506493,1.0,0.10344827586206896,-0.012987012987012988,0.14285714285714285,0.0,0.7,0.0,0.0,0.0,0.9,0.0,0.0,0.0,0.8,0.0,0.0,0.0
constructed_high,high_compressibility,3,24,delivery_aware_v2,4,12,77,77,0,1.0,1.0,0,0,0,0.0,1.0,0.11494252873563218,0.0,0.15384615384615385,0.01282051282051282,1.0,0.0,0.0,1.0,1.0,0.0,0.0,1.0,1.0,0.0,0.0,1.0
constructed_high,high_compressibility,3,24,static,5,0,77,87,10,1.12987012987013,1.12987012987013,48,10,48,3.3506493506493507,1.0,0.0,-0.12987012987012986,0.011363636363636364,-0.12987012987012986,0.0,0.0,0.0,0.0,0.0,0.0,0.0,0.0,0.0,0.0,0.0,0.0
constructed_high,high_compressibility,3,24,capacity_aware,5,0,88,88,0,1.0,1.1428571428571428,0,0,0,0.0,1.1428571428571428,-0.011494252873563218,-0.14285714285714285,0.0,-0.14285714285714285,1.0,0.0,0.0,0.0,1.0,0.0,0.0,0.0,1.0,0.0,0.0,0.0
constructed_high,high_compressibility,3,24,smooth,5,0,77,77,0,1.0,1.0,0,0,0,0.0,1.0,0.11494252873563218,0.0,0.125,0.0,1.0,0.0,0.0,0.0,1.0,0.0,0.0,0.0,1.0,0.0,0.0,0.0
constructed_high,high_compressibility,3,24,delivery_aware_v1,5,0,77,77,0,1.0,1.0,0,0,0,0.0,1.0,0.11494252873563218,0.0,0.125,0.0,1.0,0.0,0.0,0.0,1.0,0.0,0.0,0.0,1.0,0.0,0.0,0.0
constructed_high,high_compressibility,3,24,delivery_aware_v2,5,0,77,77,0,1.0,1.0,0,0,0,0.0,1.0,0.11494252873563218,0.0,0.125,0.0,1.0,0.0,0.0,0.0,1.0,0.0,0.0,0.0,1.0,0.0,0.0,0.0
constructed_high,high_compressibility,3,24,static,5,4,77,86,9,1.1168831168831168,1.1168831168831168,48,9,44,2.831168831168831,1.0,0.0,-0.11688311688311688,0.022727272727272728,-0.11688311688311688,0.0,0.0,0.0,-11.0,0.0,0.0,0.0,0.0,0.0,0.0,0.0,0.0
constructed_high,high_compressibility,3,24,capacity_aware,5,4,88,88,0,1.0,1.1428571428571428,0,0,0,0.0,1.1428571428571428,-0.023255813953488372,-0.14285714285714285,0.0,-0.14285714285714285,1.0,0.0,0.0,1.0,1.0,0.0,0.0,0.0,1.0,0.0,0.0,0.0
constructed_high,high_compressibility,3,24,smooth,5,4,77,77,0,1.0,1.0,0,0,0,0.0,1.0,0.10465116279069768,0.0,0.125,0.0,1.0,0.0,0.0,1.0,1.0,0.0,0.0,0.0,1.0,0.0,0.0,0.0
constructed_high,high_compressibility,3,24,delivery_aware_v1,5,4,77,77,0,1.0,1.0,4,0,0,0.0,1.0,0.10465116279069768,0.0,0.125,0.0,0.9166666666666666,0.0,0.0,0.0,1.0,0.0,0.0,0.0,1.0,0.0,0.0,0.0
constructed_high,high_compressibility,3,24,delivery_aware_v2,5,4,77,77,0,1.0,1.0,0,0,0,0.0,1.0,0.10465116279069768,0.0,0.125,0.0,1.0,0.0,0.0,1.0,1.0,0.0,0.0,0.0,1.0,0.0,0.0,0.0
constructed_high,high_compressibility,3,24,static,5,8,77,85,8,1.103896103896104,1.103896103896104,48,9,40,2.3636363636363638,1.0,0.0,-0.1038961038961039,0.03409090909090909,-0.08974358974358974,0.0,0.0,0.0,-3.3636363636363638,0.0,0.0,0.0,-7.0,0.0,0.0,0.0,-2.0
constructed_high,high_compressibility,3,24,capacity_aware,5,8,88,88,0,1.0,1.1428571428571428,0,0,0,0.0,1.1428571428571428,-0.03529411764705882,-0.14285714285714285,0.0,-0.1282051282051282,1.0,0.0,0.0,1.0,1.0,0.0,0.0,1.0,1.0,0.0,0.0,1.0
constructed_high,high_compressibility,3,24,smooth,5,8,77,77,0,1.0,1.0,0,0,0,0.0,1.0,0.09411764705882353,0.0,0.125,0.01282051282051282,1.0,0.0,0.0,1.0,1.0,0.0,0.0,1.0,1.0,0.0,0.0,1.0
constructed_high,high_compressibility,3,24,delivery_aware_v1,5,8,77,78,1,1.0129870129870129,1.0129870129870129,11,3,3,0.06493506493506493,1.0,0.08235294117647059,-0.012987012987012988,0.11363636363636363,0.0,0.7708333333333334,0.0,0.0,0.0,0.875,0.0,0.0,0.0,0.6666666666666666,0.0,0.0,0.0
constructed_high,high_compressibility,3,24,delivery_aware_v2,5,8,77,77,0,1.0,1.0,0,0,0,0.0,1.0,0.09411764705882353,0.0,0.125,0.01282051282051282,1.0,0.0,0.0,1.0,1.0,0.0,0.0,1.0,1.0,0.0,0.0,1.0
constructed_high,high_compressibility,3,24,static,5,12,77,85,8,1.103896103896104,1.103896103896104,48,8,36,1.9350649350649352,1.0,0.0,-0.1038961038961039,0.03409090909090909,-0.1038961038961039,0.0,0.0,0.0,-3.3636363636363638,0.0,0.0,0.0,0.0,0.0,0.0,0.0,0.0
constructed_high,high_compressibility,3,24,capacity_aware,5,12,88,88,0,1.0,1.1428571428571428,0,0,0,0.0,1.1428571428571428,-0.03529411764705882,-0.14285714285714285,0.0,-0.14285714285714285,1.0,0.0,0.0,1.0,1.0,0.0,0.0,0.0,1.0,0.0,0.0,0.0
constructed_high,high_compressibility,3,24,smooth,5,12,77,77,0,1.0,1.0,0,0,0,0.0,1.0,0.09411764705882353,0.0,0.125,0.0,1.0,0.0,0.0,1.0,1.0,0.0,0.0,0.0,1.0,0.0,0.0,0.0
constructed_high,high_compressibility,3,24,delivery_aware_v1,5,12,77,77,0,1.0,1.0,11,0,0,0.0,1.0,0.09411764705882353,0.0,0.125,0.0,0.7708333333333334,0.0,0.0,0.0,1.0,0.0,0.0,0.0,1.0,0.0,0.0,0.0
constructed_high,high_compressibility,3,24,delivery_aware_v2,5,12,77,77,0,1.0,1.0,0,0,0,0.0,1.0,0.09411764705882353,0.0,0.125,0.0,1.0,0.0,0.0,1.0,1.0,0.0,0.0,0.0,1.0,0.0,0.0,0.0
constructed_medium,medium_compressibility,3,24,static,1,0,73,95,22,1.3013698630136987,1.3013698630136987,22,46,22,7.013698630136986,1.0,0.0,-0.07954545454545454,0.05,-0.07954545454545454,0.0,-0.4666666666666667,0.0,-0.4666666666666667,0.0,-0.4666666666666667,0.0,-0.4666666666666667,0.0,-0.4838709677419355,0.0,-0.3939393939393939
constructed_medium,medium_compressibility,3,24,capacity_aware,1,0,100,100,0,1.0,1.36986301369863,0,0,0,0.0,1.36986301369863,-0.05263157894736842,-0.13636363636363635,0.0,-0.13636363636363635,1.0,1.0,0.0,1.0,1.0,1.0,0.0,1.0,1.0,1.0,0.0,1.0
constructed_medium,medium_compressibility,3,24,smooth,1,0,73,88,15,1.2054794520547945,1.2054794520547945,15,31,15,3.287671232876712,1.0,0.07368421052631578,0.0,0.12,0.0,0.3181818181818182,0.0,0.0,0.0,0.3181818181818182,0.0,0.0,0.0,0.32608695652173914,0.0,0.0,0.06060606060606061
constructed_medium,medium_compressibility,3,24,delivery_aware_v1,1,0,73,88,15,1.2054794520547945,1.2054794520547945,15,33,15,3.5616438356164384,1.0,0.07368421052631578,0.0,0.12,0.0,0.3181818181818182,0.0,0.0,0.0,0.3181818181818182,0.0,0.0,0.0,0.2826086956521739,-0.06451612903225806,0.0,0.0
constructed_medium,medium_compressibility,3,24,delivery_aware_v2,1,0,73,88,15,1.2054794520547945,1.2054794520547945,15,31,15,3.287671232876712,1.0,0.07368421052631578,0.0,0.12,0.0,0.3181818181818182,0.0,0.0,0.0,0.3181818181818182,0.0,0.0,0.0,0.32608695652173914,0.0,0.0,0.06060606060606061
constructed_medium,medium_compressibility,3,24,static,1,4,73,91,18,1.2465753424657535,1.2465753424657535,22,39,18,4.63013698630137,1.0,0.0,-0.08333333333333333,0.09,-0.08333333333333333,0.0,-0.4666666666666667,0.0,-0.4666666666666667,0.0,-0.6363636363636364,0.0,-0.6363636363636364,0.0,-0.625,0.0,-0.11428571428571428
constructed_medium,medium_compressibility,3,24,capacity_aware,1,4,100,100,0,1.0,1.36986301369863,0,0,0,0.0,1.36986301369863,-0.0989010989010989,-0.19047619047619047,0.0,-0.19047619047619047,1.0,1.0,0.0,1.0,1.0,1.0,0.0,1.0,1.0,1.0,0.0,1.0
constructed_medium,medium_compressibility,3,24,smooth,1,4,73,84,11,1.1506849315068493,1.1506849315068493,15,24,11,1.7534246575342465,1.0,0.07692307692307693,0.0,0.16,0.0,0.3181818181818182,0.0,0.0,0.0,0.3888888888888889,0.0,0.0,0.0,0.38461538461538464,0.0,0.0,0.3142857142857143
constructed_medium,medium_compressibility,3,24,delivery_aware_v1,1,4,73,84,11,1.1506849315068493,1.1506849315068493,15,35,11,2.136986301369863,1.0,0.07692307692307693,0.0,0.16,0.0,0.3181818181818182,0.0,0.0,0.0,0.3888888888888889,0.0,0.0,0.0,0.10256410256410256,-0.4583333333333333,0.0,0.0
constructed_medium,medium_compressibility,3,24,delivery_aware_v2,1,4,73,84,11,1.1506849315068493,1.1506849315068493,15,24,11,1.7534246575342465,1.0,0.07692307692307693,0.0,0.16,0.0,0.3181818181818182,0.0,0.0,0.0,0.3888888888888889,0.0,0.0,0.0,0.38461538461538464,0.0,0.0,0.3142857142857143
constructed_medium,medium_compressibility,3,24,static,1,8,73,87,14,1.1917808219178083,1.1917808219178083,22,28,14,2.73972602739726,1.0,0.0,-0.0875,0.13,-0.0875,0.0,-0.4666666666666667,0.0,-0.4666666666666667,0.0,-1.0,0.0,-1.0,0.0,-0.8666666666666667,0.0,-0.037037037037037035
constructed_medium,medium_compressibility,3,24,capacity_aware,1,8,100,100,0,1.0,1.36986301369863,0,0,0,0.0,1.36986301369863,-0.14942528735632185,-0.25,0.0,-0.25,1.0,1.0,0.0,1.0,1.0,1.0,0.0,1.0,1.0,1.0,0.0,1.0
constructed_medium,medium_compressibility,3,24,smooth,1,8,73,80,7,1.095890410958904,1.095890410958904,15,15,7,0.6438356164383562,1.0,0.08045977011494253,0.0,0.2,0.0,0.3181818181818182,0.0,0.0,0.0,0.5,0.0,0.0,0.0,0.4642857142857143,0.0,0.0,0.4444444444444444
constructed_medium,medium_compressibility,3,24,delivery_aware_v1,1,8,73,80,7,1.095890410958904,1.095890410958904,15,27,7,0.958904109589041,1.0,0.08045977011494253,0.0,0.2,0.0,0.3181818181818182,0.0,0.0,0.0,0.5,0.0,0.0,0.0,0.03571428571428571,-0.8,0.0,0.0
constructed_medium,medium_compressibility,3,24,delivery_aware_v2,1,8,73,80,7,1.095890410958904,1.095890410958904,15,15,7,0.6438356164383562,1.0,0.08045977011494253,0.0,0.2,0.0,0.3181818181818182,0.0,0.0,0.0,0.5,0.0,0.0,0.0,0.4642857142857143,0.0,0.0,0.4444444444444444
constructed_medium,medium_compressibility,3,24,static,1,12,73,83,10,1.1369863013698631,1.1369863013698631,22,20,10,1.36986301369863,1.0,0.0,-0.09210526315789473,0.17,-0.09210526315789473,0.0,-0.4666666666666667,0.0,-0.4666666666666667,0.0,-2.3333333333333335,0.0,-2.3333333333333335,0.0,-5.666666666666667,0.0,-0.1111111111111111
constructed_medium,medium_compressibility,3,24,capacity_aware,1,12,100,100,0,1.0,1.36986301369863,0,0,0,0.0,1.36986301369863,-0.20481927710843373,-0.3157894736842105,0.0,-0.3157894736842105,1.0,1.0,0.0,1.0,1.0,1.0,0.0,1.0,1.0,1.0,0.0,1.0
constructed_medium,medium_compressibility,3,24,smooth,1,12,73,76,3,1.0410958904109588,1.0410958904109588,15,3,3,0.0821917808219178,1.0,0.08433734939759036,0.0,0.24,0.0,0.3181818181818182,0.0,0.0,0.0,0.7,0.0,0.0,0.0,0.85,0.0,0.0,0.8333333333333334
constructed_medium,medium_compressibility,3,24,delivery_aware_v1,1,12,73,76,3,1.0410958904109588,1.0410958904109588,15,18,3,0.2876712328767123,1.0,0.08433734939759036,0.0,0.24,0.0,0.3181818181818182,0.0,0.0,0.0,0.7,0.0,0.0,0.0,0.1,-5.0,0.0,0.0
constructed_medium,medium_compressibility,3,24,delivery_aware_v2,1,12,73,76,3,1.0410958904109588,1.0410958904109588,15,3,3,0.0821917808219178,1.0,0.08433734939759036,0.0,0.24,0.0,0.3181818181818182,0.0,0.0,0.0,0.7,0.0,0.0,0.0,0.85,0.0,0.0,0.8333333333333334
constructed_medium,medium_compressibility,3,24,static,2,0,73,76,3,1.0410958904109588,1.0410958904109588,5,6,5,0.1917808219178082,1.0,0.0,-0.0410958904109589,0.08433734939759036,-0.0410958904109589,0.0,0.0,0.0,0.0,0.0,0.0,0.0,0.0,0.0,0.0,0.0,0.0
constructed_medium,medium_compressibility,3,24,capacity_aware,2,0,83,83,0,1.0,1.1369863013698631,0,0,0,0.0,1.1369863013698631,-0.09210526315789473,-0.136986301369863,0.0,-0.136986301369863,1.0,0.0,0.0,0.0,1.0,0.0,0.0,0.0,1.0,0.0,0.0,0.0
constructed_medium,medium_compressibility,3,24,smooth,2,0,73,73,0,1.0,1.0,0,0,0,0.0,1.0,0.039473684210526314,0.0,0.12048192771084337,0.0,1.0,0.0,0.0,0.0,1.0,0.0,0.0,0.0,1.0,0.0,0.0,0.0
constructed_medium,medium_compressibility,3,24,delivery_aware_v1,2,0,73,73,0,1.0,1.0,0,0,0,0.0,1.0,0.039473684210526314,0.0,0.12048192771084337,0.0,1.0,0.0,0.0,0.0,1.0,0.0,0.0,0.0,1.0,0.0,0.0,0.0
constructed_medium,medium_compressibility,3,24,delivery_aware_v2,2,0,73,73,0,1.0,1.0,0,0,0,0.0,1.0,0.039473684210526314,0.0,0.12048192771084337,0.0,1.0,0.0,0.0,0.0,1.0,0.0,0.0,0.0,1.0,0.0,0.0,0.0
constructed_medium,medium_compressibility,3,24,static,2,4,73,74,1,1.0136986301369864,1.0136986301369864,5,1,1,0.0136986301369863,1.0,0.0,-0.0136986301369863,0.10843373493975904,-0.0136986301369863,0.0,0.0,0.0,-4.0,0.0,0.0,0.0,0.0,0.0,0.0,0.0,0.0
constructed_medium,medium_compressibility,3,24,capacity_aware,2,4,83,83,0,1.0,1.1369863013698631,0,0,0,0.0,1.1369863013698631,-0.12162162162162163,-0.136986301369863,0.0,-0.136986301369863,1.0,0.0,0.0,1.0,1.0,0.0,0.0,0.0,1.0,0.0,0.0,0.0
constructed_medium,medium_compressibility,3,24,smooth,2,4,73,73,0,1.0,1.0,0,0,0,0.0,1.0,0.013513513513513514,0.0,0.12048192771084337,0.0,1.0,0.0,0.0,1.0,1.0,0.0,0.0,0.0,1.0,0.0,0.0,0.0
constructed_medium,medium_compressibility,3,24,delivery_aware_v1,2,4,73,73,0,1.0,1.0,1,0,0,0.0,1.0,0.013513513513513514,0.0,0.12048192771084337,0.0,0.8,0.0,0.0,0.0,1.0,0.0,0.0,0.0,1.0,0.0,0.0,0.0
constructed_medium,medium_compressibility,3,24,delivery_aware_v2,2,4,73,73,0,1.0,1.0,0,0,0,0.0,1.0,0.013513513513513514,0.0,0.12048192771084337,0.0,1.0,0.0,0.0,1.0,1.0,0.0,0.0,0.0,1.0,0.0,0.0,0.0
constructed_medium,medium_compressibility,3,24,static,2,8,73,73,0,1.0,1.0,5,0,0,0.0,1.0,0.0,0.0,0.12048192771084337,0.0,0.0,0.0,0.0,-1.5,0.0,0.0,0.0,0.0,0.0,0.0,0.0,0.0
constructed_medium,medium_compressibility,3,24,capacity_aware,2,8,83,83,0,1.0,1.1369863013698631,0,0,0,0.0,1.1369863013698631,-0.136986301369863,-0.136986301369863,0.0,-0.136986301369863,1.0,0.0,0.0,1.0,0.0,0.0,0.0,0.0,0.0,0.0,0.0,0.0
constructed_medium,medium_compressibility,3,24,smooth,2,8,73,73,0,1.0,1.0,0,0,0,0.0,1.0,0.0,0.0,0.12048192771084337,0.0,1.0,0.0,0.0,1.0,0.0,0.0,0.0,0.0,0.0,0.0,0.0,0.0
constructed_medium,medium_compressibility,3,24,delivery_aware_v1,2,8,73,73,0,1.0,1.0,2,0,0,0.0,1.0,0.0,0.0,0.12048192771084337,0.0,0.6,0.0,0.0,0.0,0.0,0.0,0.0,0.0,0.0,0.0,0.0,0.0
constructed_medium,medium_compressibility,3,24,delivery_aware_v2,2,8,73,73,0,1.0,1.0,0,0,0,0.0,1.0,0.0,0.0,0.12048192771084337,0.0,1.0,0.0,0.0,1.0,0.0,0.0,0.0,0.0,0.0,0.0,0.0,0.0
constructed_medium,medium_compressibility,3,24,static,2,12,73,73,0,1.0,1.0,5,0,0,0.0,1.0,0.0,0.0,0.12048192771084337,0.0,0.0,0.0,0.0,-1.5,0.0,0.0,0.0,0.0,0.0,0.0,0.0,0.0
constructed_medium,medium_compressibility,3,24,capacity_aware,2,12,83,83,0,1.0,1.1369863013698631,0,0,0,0.0,1.1369863013698631,-0.136986301369863,-0.136986301369863,0.0,-0.136986301369863,1.0,0.0,0.0,1.0,0.0,0.0,0.0,0.0,0.0,0.0,0.0,0.0
constructed_medium,medium_compressibility,3,24,smooth,2,12,73,73,0,1.0,1.0,0,0,0,0.0,1.0,0.0,0.0,0.12048192771084337,0.0,1.0,0.0,0.0,1.0,0.0,0.0,0.0,0.0,0.0,0.0,0.0,0.0
constructed_medium,medium_compressibility,3,24,delivery_aware_v1,2,12,73,73,0,1.0,1.0,2,0,0,0.0,1.0,0.0,0.0,0.12048192771084337,0.0,0.6,0.0,0.0,0.0,0.0,0.0,0.0,0.0,0.0,0.0,0.0,0.0
constructed_medium,medium_compressibility,3,24,delivery_aware_v2,2,12,73,73,0,1.0,1.0,0,0,0,0.0,1.0,0.0,0.0,0.12048192771084337,0.0,1.0,0.0,0.0,1.0,0.0,0.0,0.0,0.0,0.0,0.0,0.0,0.0
constructed_medium,medium_compressibility,3,24,static,3,0,73,74,1,1.0136986301369864,1.0136986301369864,3,1,3,0.0410958904109589,1.0,0.0,-0.0136986301369863,0.05128205128205128,-0.0136986301369863,0.0,0.0,0.0,0.0,0.0,0.0,0.0,0.0,0.0,0.0,0.0,0.0
constructed_medium,medium_compressibility,3,24,capacity_aware,3,0,78,78,0,1.0,1.0684931506849316,0,0,0,0.0,1.0684931506849316,-0.05405405405405406,-0.0684931506849315,0.0,-0.0684931506849315,1.0,0.0,0.0,0.0,1.0,0.0,0.0,0.0,1.0,0.0,0.0,0.0
constructed_medium,medium_compressibility,3,24,smooth,3,0,73,73,0,1.0,1.0,0,0,0,0.0,1.0,0.013513513513513514,0.0,0.0641025641025641,0.0,1.0,0.0,0.0,0.0,1.0,0.0,0.0,0.0,1.0,0.0,0.0,0.0
constructed_medium,medium_compressibility,3,24,delivery_aware_v1,3,0,73,73,0,1.0,1.0,0,0,0,0.0,1.0,0.013513513513513514,0.0,0.0641025641025641,0.0,1.0,0.0,0.0,0.0,1.0,0.0,0.0,0.0,1.0,0.0,0.0,0.0
constructed_medium,medium_compressibility,3,24,delivery_aware_v2,3,0,73,73,0,1.0,1.0,0,0,0,0.0,1.0,0.013513513513513514,0.0,0.0641025641025641,0.0,1.0,0.0,0.0,0.0,1.0,0.0,0.0,0.0,1.0,0.0,0.0,0.0
constructed_medium,medium_compressibility,3,24,static,3,4,73,73,0,1.0,1.0,3,0,0,0.0,1.0,0.0,0.0,0.0641025641025641,0.0,0.0,0.0,0.0,0.0,0.0,0.0,0.0,0.0,0.0,0.0,0.0,0.0
constructed_medium,medium_compressibility,3,24,capacity_aware,3,4,78,78,0,1.0,1.0684931506849316,0,0,0,0.0,1.0684931506849316,-0.0684931506849315,-0.0684931506849315,0.0,-0.0684931506849315,1.0,0.0,0.0,0.0,0.0,0.0,0.0,0.0,0.0,0.0,0.0,0.0
constructed_medium,medium_compressibility,3,24,smooth,3,4,73,73,0,1.0,1.0,0,0,0,0.0,1.0,0.0,0.0,0.0641025641025641,0.0,1.0,0.0,0.0,0.0,0.0,0.0,0.0,0.0,0.0,0.0,0.0,0.0
constructed_medium,medium_compressibility,3,24,delivery_aware_v1,3,4,73,73,0,1.0,1.0,0,0,0,0.0,1.0,0.0,0.0,0.0641025641025641,0.0,1.0,0.0,0.0,0.0,0.0,0.0,0.0,0.0,0.0,0.0,0.0,0.0
constructed_medium,medium_compressibility,3,24,delivery_aware_v2,3,4,73,73,0,1.0,1.0,0,0,0,0.0,1.0,0.0,0.0,0.0641025641025641,0.0,1.0,0.0,0.0,0.0,0.0,0.0,0.0,0.0,0.0,0.0,0.0,0.0
constructed_medium,medium_compressibility,3,24,static,3,8,73,73,0,1.0,1.0,3,0,0,0.0,1.0,0.0,0.0,0.0641025641025641,0.0,0.0,0.0,0.0,0.0,0.0,0.0,0.0,0.0,0.0,0.0,0.0,0.0
constructed_medium,medium_compressibility,3,24,capacity_aware,3,8,78,78,0,1.0,1.0684931506849316,0,0,0,0.0,1.0684931506849316,-0.0684931506849315,-0.0684931506849315,0.0,-0.0684931506849315,1.0,0.0,0.0,0.0,0.0,0.0,0.0,0.0,0.0,0.0,0.0,0.0
constructed_medium,medium_compressibility,3,24,smooth,3,8,73,73,0,1.0,1.0,0,0,0,0.0,1.0,0.0,0.0,0.0641025641025641,0.0,1.0,0.0,0.0,0.0,0.0,0.0,0.0,0.0,0.0,0.0,0.0,0.0
constructed_medium,medium_compressibility,3,24,delivery_aware_v1,3,8,73,73,0,1.0,1.0,0,0,0,0.0,1.0,0.0,0.0,0.0641025641025641,0.0,1.0,0.0,0.0,0.0,0.0,0.0,0.0,0.0,0.0,0.0,0.0,0.0
constructed_medium,medium_compressibility,3,24,delivery_aware_v2,3,8,73,73,0,1.0,1.0,0,0,0,0.0,1.0,0.0,0.0,0.0641025641025641,0.0,1.0,0.0,0.0,0.0,0.0,0.0,0.0,0.0,0.0,0.0,0.0,0.0
constructed_medium,medium_compressibility,3,24,static,3,12,73,73,0,1.0,1.0,3,0,0,0.0,1.0,0.0,0.0,0.0641025641025641,0.0,0.0,0.0,0.0,0.0,0.0,0.0,0.0,0.0,0.0,0.0,0.0,0.0
constructed_medium,medium_compressibility,3,24,capacity_aware,3,12,78,78,0,1.0,1.0684931506849316,0,0,0,0.0,1.0684931506849316,-0.0684931506849315,-0.0684931506849315,0.0,-0.0684931506849315,1.0,0.0,0.0,0.0,0.0,0.0,0.0,0.0,0.0,0.0,0.0,0.0
constructed_medium,medium_compressibility,3,24,smooth,3,12,73,73,0,1.0,1.0,0,0,0,0.0,1.0,0.0,0.0,0.0641025641025641,0.0,1.0,0.0,0.0,0.0,0.0,0.0,0.0,0.0,0.0,0.0,0.0,0.0
constructed_medium,medium_compressibility,3,24,delivery_aware_v1,3,12,73,73,0,1.0,1.0,0,0,0,0.0,1.0,0.0,0.0,0.0641025641025641,0.0,1.0,0.0,0.0,0.0,0.0,0.0,0.0,0.0,0.0,0.0,0.0,0.0
constructed_medium,medium_compressibility,3,24,delivery_aware_v2,3,12,73,73,0,1.0,1.0,0,0,0,0.0,1.0,0.0,0.0,0.0641025641025641,0.0,1.0,0.0,0.0,0.0,0.0,0.0,0.0,0.0,0.0,0.0,0.0,0.0
constructed_medium,medium_compressibility,3,24,static,4,0,73,74,1,1.0136986301369864,1.0136986301369864,1,1,1,0.0136986301369863,1.0,0.0,-0.0136986301369863,0.03896103896103896,-0.0136986301369863,0.0,0.0,0.0,0.0,0.0,0.0,0.0,0.0,0.0,0.0,0.0,0.0
constructed_medium,medium_compressibility,3,24,capacity_aware,4,0,77,77,0,1.0,1.0547945205479452,0,0,0,0.0,1.0547945205479452,-0.04054054054054054,-0.0547945205479452,0.0,-0.0547945205479452,1.0,0.0,0.0,0.0,1.0,0.0,0.0,0.0,1.0,0.0,0.0,0.0
constructed_medium,medium_compressibility,3,24,smooth,4,0,73,73,0,1.0,1.0,0,0,0,0.0,1.0,0.013513513513513514,0.0,0.05194805194805195,0.0,1.0,0.0,0.0,0.0,1.0,0.0,0.0,0.0,1.0,0.0,0.0,0.0
constructed_medium,medium_compressibility,3,24,delivery_aware_v1,4,0,73,73,0,1.0,1.0,0,0,0,0.0,1.0,0.013513513513513514,0.0,0.05194805194805195,0.0,1.0,0.0,0.0,0.0,1.0,0.0,0.0,0.0,1.0,0.0,0.0,0.0
constructed_medium,medium_compressibility,3,24,delivery_aware_v2,4,0,73,73,0,1.0,1.0,0,0,0,0.0,1.0,0.013513513513513514,0.0,0.05194805194805195,0.0,1.0,0.0,0.0,0.0,1.0,0.0,0.0,0.0,1.0,0.0,0.0,0.0
constructed_medium,medium_compressibility,3,24,static,4,4,73,73,0,1.0,1.0,1,0,0,0.0,1.0,0.0,0.0,0.05194805194805195,0.0,0.0,0.0,0.0,0.0,0.0,0.0,0.0,0.0,0.0,0.0,0.0,0.0
constructed_medium,medium_compressibility,3,24,capacity_aware,4,4,77,77,0,1.0,1.0547945205479452,0,0,0,0.0,1.0547945205479452,-0.0547945205479452,-0.0547945205479452,0.0,-0.0547945205479452,1.0,0.0,0.0,0.0,0.0,0.0,0.0,0.0,0.0,0.0,0.0,0.0
constructed_medium,medium_compressibility,3,24,smooth,4,4,73,73,0,1.0,1.0,0,0,0,0.0,1.0,0.0,0.0,0.05194805194805195,0.0,1.0,0.0,0.0,0.0,0.0,0.0,0.0,0.0,0.0,0.0,0.0,0.0
constructed_medium,medium_compressibility,3,24,delivery_aware_v1,4,4,73,73,0,1.0,1.0,0,0,0,0.0,1.0,0.0,0.0,0.05194805194805195,0.0,1.0,0.0,0.0,0.0,0.0,0.0,0.0,0.0,0.0,0.0,0.0,0.0
constructed_medium,medium_compressibility,3,24,delivery_aware_v2,4,4,73,73,0,1.0,1.0,0,0,0,0.0,1.0,0.0,0.0,0.05194805194805195,0.0,1.0,0.0,0.0,0.0,0.0,0.0,0.0,0.0,0.0,0.0,0.0,0.0
constructed_medium,medium_compressibility,3,24,static,4,8,73,73,0,1.0,1.0,1,0,0,0.0,1.0,0.0,0.0,0.05194805194805195,0.0,0.0,0.0,0.0,0.0,0.0,0.0,0.0,0.0,0.0,0.0,0.0,0.0
constructed_medium,medium_compressibility,3,24,capacity_aware,4,8,77,77,0,1.0,1.0547945205479452,0,0,0,0.0,1.0547945205479452,-0.0547945205479452,-0.0547945205479452,0.0,-0.0547945205479452,1.0,0.0,0.0,0.0,0.0,0.0,0.0,0.0,0.0,0.0,0.0,0.0
constructed_medium,medium_compressibility,3,24,smooth,4,8,73,73,0,1.0,1.0,0,0,0,0.0,1.0,0.0,0.0,0.05194805194805195,0.0,1.0,0.0,0.0,0.0,0.0,0.0,0.0,0.0,0.0,0.0,0.0,0.0
constructed_medium,medium_compressibility,3,24,delivery_aware_v1,4,8,73,73,0,1.0,1.0,0,0,0,0.0,1.0,0.0,0.0,0.05194805194805195,0.0,1.0,0.0,0.0,0.0,0.0,0.0,0.0,0.0,0.0,0.0,0.0,0.0
constructed_medium,medium_compressibility,3,24,delivery_aware_v2,4,8,73,73,0,1.0,1.0,0,0,0,0.0,1.0,0.0,0.0,0.05194805194805195,0.0,1.0,0.0,0.0,0.0,0.0,0.0,0.0,0.0,0.0,0.0,0.0,0.0
constructed_medium,medium_compressibility,3,24,static,4,12,73,73,0,1.0,1.0,1,0,0,0.0,1.0,0.0,0.0,0.05194805194805195,0.0,0.0,0.0,0.0,0.0,0.0,0.0,0.0,0.0,0.0,0.0,0.0,0.0
constructed_medium,medium_compressibility,3,24,capacity_aware,4,12,77,77,0,1.0,1.0547945205479452,0,0,0,0.0,1.0547945205479452,-0.0547945205479452,-0.0547945205479452,0.0,-0.0547945205479452,1.0,0.0,0.0,0.0,0.0,0.0,0.0,0.0,0.0,0.0,0.0,0.0
constructed_medium,medium_compressibility,3,24,smooth,4,12,73,73,0,1.0,1.0,0,0,0,0.0,1.0,0.0,0.0,0.05194805194805195,0.0,1.0,0.0,0.0,0.0,0.0,0.0,0.0,0.0,0.0,0.0,0.0,0.0
constructed_medium,medium_compressibility,3,24,delivery_aware_v1,4,12,73,73,0,1.0,1.0,0,0,0,0.0,1.0,0.0,0.0,0.05194805194805195,0.0,1.0,0.0,0.0,0.0,0.0,0.0,0.0,0.0,0.0,0.0,0.0,0.0
constructed_medium,medium_compressibility,3,24,delivery_aware_v2,4,12,73,73,0,1.0,1.0,0,0,0,0.0,1.0,0.0,0.0,0.05194805194805195,0.0,1.0,0.0,0.0,0.0,0.0,0.0,0.0,0.0,0.0,0.0,0.0,0.0
constructed_medium,medium_compressibility,3,24,static,5,0,73,73,0,1.0,1.0,0,0,0,0.0,1.0,0.0,0.0,0.02666666666666667,0.0,0.0,0.0,0.0,0.0,0.0,0.0,0.0,0.0,0.0,0.0,0.0,0.0
constructed_medium,medium_compressibility,3,24,capacity_aware,5,0,75,75,0,1.0,1.0273972602739727,0,0,0,0.0,1.0273972602739727,-0.0273972602739726,-0.0273972602739726,0.0,-0.0273972602739726,0.0,0.0,0.0,0.0,0.0,0.0,0.0,0.0,0.0,0.0,0.0,0.0
constructed_medium,medium_compressibility,3,24,smooth,5,0,73,73,0,1.0,1.0,0,0,0,0.0,1.0,0.0,0.0,0.02666666666666667,0.0,0.0,0.0,0.0,0.0,0.0,0.0,0.0,0.0,0.0,0.0,0.0,0.0
constructed_medium,medium_compressibility,3,24,delivery_aware_v1,5,0,73,73,0,1.0,1.0,0,0,0,0.0,1.0,0.0,0.0,0.02666666666666667,0.0,0.0,0.0,0.0,0.0,0.0,0.0,0.0,0.0,0.0,0.0,0.0,0.0
constructed_medium,medium_compressibility,3,24,delivery_aware_v2,5,0,73,73,0,1.0,1.0,0,0,0,0.0,1.0,0.0,0.0,0.02666666666666667,0.0,0.0,0.0,0.0,0.0,0.0,0.0,0.0,0.0,0.0,0.0,0.0,0.0
constructed_medium,medium_compressibility,3,24,static,5,4,73,73,0,1.0,1.0,0,0,0,0.0,1.0,0.0,0.0,0.02666666666666667,0.0,0.0,0.0,0.0,0.0,0.0,0.0,0.0,0.0,0.0,0.0,0.0,0.0
constructed_medium,medium_compressibility,3,24,capacity_aware,5,4,75,75,0,1.0,1.0273972602739727,0,0,0,0.0,1.0273972602739727,-0.0273972602739726,-0.0273972602739726,0.0,-0.0273972602739726,0.0,0.0,0.0,0.0,0.0,0.0,0.0,0.0,0.0,0.0,0.0,0.0
constructed_medium,medium_compressibility,3,24,smooth,5,4,73,73,0,1.0,1.0,0,0,0,0.0,1.0,0.0,0.0,0.02666666666666667,0.0,0.0,0.0,0.0,0.0,0.0,0.0,0.0,0.0,0.0,0.0,0.0,0.0
constructed_medium,medium_compressibility,3,24,delivery_aware_v1,5,4,73,73,0,1.0,1.0,0,0,0,0.0,1.0,0.0,0.0,0.02666666666666667,0.0,0.0,0.0,0.0,0.0,0.0,0.0,0.0,0.0,0.0,0.0,0.0,0.0
constructed_medium,medium_compressibility,3,24,delivery_aware_v2,5,4,73,73,0,1.0,1.0,0,0,0,0.0,1.0,0.0,0.0,0.02666666666666667,0.0,0.0,0.0,0.0,0.0,0.0,0.0,0.0,0.0,0.0,0.0,0.0,0.0
constructed_medium,medium_compressibility,3,24,static,5,8,73,73,0,1.0,1.0,0,0,0,0.0,1.0,0.0,0.0,0.02666666666666667,0.0,0.0,0.0,0.0,0.0,0.0,0.0,0.0,0.0,0.0,0.0,0.0,0.0
constructed_medium,medium_compressibility,3,24,capacity_aware,5,8,75,75,0,1.0,1.0273972602739727,0,0,0,0.0,1.0273972602739727,-0.0273972602739726,-0.0273972602739726,0.0,-0.0273972602739726,0.0,0.0,0.0,0.0,0.0,0.0,0.0,0.0,0.0,0.0,0.0,0.0
constructed_medium,medium_compressibility,3,24,smooth,5,8,73,73,0,1.0,1.0,0,0,0,0.0,1.0,0.0,0.0,0.02666666666666667,0.0,0.0,0.0,0.0,0.0,0.0,0.0,0.0,0.0,0.0,0.0,0.0,0.0
constructed_medium,medium_compressibility,3,24,delivery_aware_v1,5,8,73,73,0,1.0,1.0,0,0,0,0.0,1.0,0.0,0.0,0.02666666666666667,0.0,0.0,0.0,0.0,0.0,0.0,0.0,0.0,0.0,0.0,0.0,0.0,0.0
constructed_medium,medium_compressibility,3,24,delivery_aware_v2,5,8,73,73,0,1.0,1.0,0,0,0,0.0,1.0,0.0,0.0,0.02666666666666667,0.0,0.0,0.0,0.0,0.0,0.0,0.0,0.0,0.0,0.0,0.0,0.0,0.0
constructed_medium,medium_compressibility,3,24,static,5,12,73,73,0,1.0,1.0,0,0,0,0.0,1.0,0.0,0.0,0.02666666666666667,0.0,0.0,0.0,0.0,0.0,0.0,0.0,0.0,0.0,0.0,0.0,0.0,0.0
constructed_medium,medium_compressibility,3,24,capacity_aware,5,12,75,75,0,1.0,1.0273972602739727,0,0,0,0.0,1.0273972602739727,-0.0273972602739726,-0.0273972602739726,0.0,-0.0273972602739726,0.0,0.0,0.0,0.0,0.0,0.0,0.0,0.0,0.0,0.0,0.0,0.0
constructed_medium,medium_compressibility,3,24,smooth,5,12,73,73,0,1.0,1.0,0,0,0,0.0,1.0,0.0,0.0,0.02666666666666667,0.0,0.0,0.0,0.0,0.0,0.0,0.0,0.0,0.0,0.0,0.0,0.0,0.0
constructed_medium,medium_compressibility,3,24,delivery_aware_v1,5,12,73,73,0,1.0,1.0,0,0,0,0.0,1.0,0.0,0.0,0.02666666666666667,0.0,0.0,0.0,0.0,0.0,0.0,0.0,0.0,0.0,0.0,0.0,0.0,0.0
constructed_medium,medium_compressibility,3,24,delivery_aware_v2,5,12,73,73,0,1.0,1.0,0,0,0,0.0,1.0,0.0,0.0,0.02666666666666667,0.0,0.0,0.0,0.0,0.0,0.0,0.0,0.0,0.0,0.0,0.0,0.0,0.0
constructed_low,low_compressibility,3,24,static,1,0,100,100,0,1.0,1.0,0,0,0,0.0,1.0,0.0,0.0,0.0,0.0,0.0,0.0,0.0,0.0,0.0,0.0,0.0,0.0,0.0,0.0,0.0,0.0
constructed_low,low_compressibility,3,24,capacity_aware,1,0,100,100,0,1.0,1.0,0,0,0,0.0,1.0,0.0,0.0,0.0,0.0,0.0,0.0,0.0,0.0,0.0,0.0,0.0,0.0,0.0,0.0,0.0,0.0
constructed_low,low_compressibility,3,24,smooth,1,0,100,100,0,1.0,1.0,0,0,0,0.0,1.0,0.0,0.0,0.0,0.0,0.0,0.0,0.0,0.0,0.0,0.0,0.0,0.0,0.0,0.0,0.0,0.0
constructed_low,low_compressibility,3,24,delivery_aware_v1,1,0,100,100,0,1.0,1.0,0,0,0,0.0,1.0,0.0,0.0,0.0,0.0,0.0,0.0,0.0,0.0,0.0,0.0,0.0,0.0,0.0,0.0,0.0,0.0
constructed_low,low_compressibility,3,24,delivery_aware_v2,1,0,100,100,0,1.0,1.0,0,0,0,0.0,1.0,0.0,0.0,0.0,0.0,0.0,0.0,0.0,0.0,0.0,0.0,0.0,0.0,0.0,0.0,0.0,0.0
constructed_low,low_compressibility,3,24,static,1,4,100,100,0,1.0,1.0,0,0,0,0.0,1.0,0.0,0.0,0.0,0.0,0.0,0.0,0.0,0.0,0.0,0.0,0.0,0.0,0.0,0.0,0.0,0.0
constructed_low,low_compressibility,3,24,capacity_aware,1,4,100,100,0,1.0,1.0,0,0,0,0.0,1.0,0.0,0.0,0.0,0.0,0.0,0.0,0.0,0.0,0.0,0.0,0.0,0.0,0.0,0.0,0.0,0.0
constructed_low,low_compressibility,3,24,smooth,1,4,100,100,0,1.0,1.0,0,0,0,0.0,1.0,0.0,0.0,0.0,0.0,0.0,0.0,0.0,0.0,0.0,0.0,0.0,0.0,0.0,0.0,0.0,0.0
constructed_low,low_compressibility,3,24,delivery_aware_v1,1,4,100,100,0,1.0,1.0,0,0,0,0.0,1.0,0.0,0.0,0.0,0.0,0.0,0.0,0.0,0.0,0.0,0.0,0.0,0.0,0.0,0.0,0.0,0.0
constructed_low,low_compressibility,3,24,delivery_aware_v2,1,4,100,100,0,1.0,1.0,0,0,0,0.0,1.0,0.0,0.0,0.0,0.0,0.0,0.0,0.0,0.0,0.0,0.0,0.0,0.0,0.0,0.0,0.0,0.0
constructed_low,low_compressibility,3,24,static,1,8,100,100,0,1.0,1.0,0,0,0,0.0,1.0,0.0,0.0,0.0,0.0,0.0,0.0,0.0,0.0,0.0,0.0,0.0,0.0,0.0,0.0,0.0,0.0
constructed_low,low_compressibility,3,24,capacity_aware,1,8,100,100,0,1.0,1.0,0,0,0,0.0,1.0,0.0,0.0,0.0,0.0,0.0,0.0,0.0,0.0,0.0,0.0,0.0,0.0,0.0,0.0,0.0,0.0
constructed_low,low_compressibility,3,24,smooth,1,8,100,100,0,1.0,1.0,0,0,0,0.0,1.0,0.0,0.0,0.0,0.0,0.0,0.0,0.0,0.0,0.0,0.0,0.0,0.0,0.0,0.0,0.0,0.0
constructed_low,low_compressibility,3,24,delivery_aware_v1,1,8,100,100,0,1.0,1.0,0,0,0,0.0,1.0,0.0,0.0,0.0,0.0,0.0,0.0,0.0,0.0,0.0,0.0,0.0,0.0,0.0,0.0,0.0,0.0
constructed_low,low_compressibility,3,24,delivery_aware_v2,1,8,100,100,0,1.0,1.0,0,0,0,0.0,1.0,0.0,0.0,0.0,0.0,0.0,0.0,0.0,0.0,0.0,0.0,0.0,0.0,0.0,0.0,0.0,0.0
constructed_low,low_compressibility,3,24,static,1,12,100,100,0,1.0,1.0,0,0,0,0.0,1.0,0.0,0.0,0.0,0.0,0.0,0.0,0.0,0.0,0.0,0.0,0.0,0.0,0.0,0.0,0.0,0.0
constructed_low,low_compressibility,3,24,capacity_aware,1,12,100,100,0,1.0,1.0,0,0,0,0.0,1.0,0.0,0.0,0.0,0.0,0.0,0.0,0.0,0.0,0.0,0.0,0.0,0.0,0.0,0.0,0.0,0.0
constructed_low,low_compressibility,3,24,smooth,1,12,100,100,0,1.0,1.0,0,0,0,0.0,1.0,0.0,0.0,0.0,0.0,0.0,0.0,0.0,0.0,0.0,0.0,0.0,0.0,0.0,0.0,0.0,0.0
constructed_low,low_compressibility,3,24,delivery_aware_v1,1,12,100,100,0,1.0,1.0,0,0,0,0.0,1.0,0.0,0.0,0.0,0.0,0.0,0.0,0.0,0.0,0.0,0.0,0.0,0.0,0.0,0.0,0.0,0.0
constructed_low,low_compressibility,3,24,delivery_aware_v2,1,12,100,100,0,1.0,1.0,0,0,0,0.0,1.0,0.0,0.0,0.0,0.0,0.0,0.0,0.0,0.0,0.0,0.0,0.0,0.0,0.0,0.0,0.0,0.0
constructed_low,low_compressibility,3,24,static,2,0,100,100,0,1.0,1.0,0,0,0,0.0,1.0,0.0,0.0,0.0,0.0,0.0,0.0,0.0,0.0,0.0,0.0,0.0,0.0,0.0,0.0,0.0,0.0
constructed_low,low_compressibility,3,24,capacity_aware,2,0,100,100,0,1.0,1.0,0,0,0,0.0,1.0,0.0,0.0,0.0,0.0,0.0,0.0,0.0,0.0,0.0,0.0,0.0,0.0,0.0,0.0,0.0,0.0
constructed_low,low_compressibility,3,24,smooth,2,0,100,100,0,1.0,1.0,0,0,0,0.0,1.0,0.0,0.0,0.0,0.0,0.0,0.0,0.0,0.0,0.0,0.0,0.0,0.0,0.0,0.0,0.0,0.0
constructed_low,low_compressibility,3,24,delivery_aware_v1,2,0,100,100,0,1.0,1.0,0,0,0,0.0,1.0,0.0,0.0,0.0,0.0,0.0,0.0,0.0,0.0,0.0,0.0,0.0,0.0,0.0,0.0,0.0,0.0
constructed_low,low_compressibility,3,24,delivery_aware_v2,2,0,100,100,0,1.0,1.0,0,0,0,0.0,1.0,0.0,0.0,0.0,0.0,0.0,0.0,0.0,0.0,0.0,0.0,0.0,0.0,0.0,0.0,0.0,0.0
constructed_low,low_compressibility,3,24,static,2,4,100,100,0,1.0,1.0,0,0,0,0.0,1.0,0.0,0.0,0.0,0.0,0.0,0.0,0.0,0.0,0.0,0.0,0.0,0.0,0.0,0.0,0.0,0.0
constructed_low,low_compressibility,3,24,capacity_aware,2,4,100,100,0,1.0,1.0,0,0,0,0.0,1.0,0.0,0.0,0.0,0.0,0.0,0.0,0.0,0.0,0.0,0.0,0.0,0.0,0.0,0.0,0.0,0.0
constructed_low,low_compressibility,3,24,smooth,2,4,100,100,0,1.0,1.0,0,0,0,0.0,1.0,0.0,0.0,0.0,0.0,0.0,0.0,0.0,0.0,0.0,0.0,0.0,0.0,0.0,0.0,0.0,0.0
constructed_low,low_compressibility,3,24,delivery_aware_v1,2,4,100,100,0,1.0,1.0,0,0,0,0.0,1.0,0.0,0.0,0.0,0.0,0.0,0.0,0.0,0.0,0.0,0.0,0.0,0.0,0.0,0.0,0.0,0.0
constructed_low,low_compressibility,3,24,delivery_aware_v2,2,4,100,100,0,1.0,1.0,0,0,0,0.0,1.0,0.0,0.0,0.0,0.0,0.0,0.0,0.0,0.0,0.0,0.0,0.0,0.0,0.0,0.0,0.0,0.0
constructed_low,low_compressibility,3,24,static,2,8,100,100,0,1.0,1.0,0,0,0,0.0,1.0,0.0,0.0,0.0,0.0,0.0,0.0,0.0,0.0,0.0,0.0,0.0,0.0,0.0,0.0,0.0,0.0
constructed_low,low_compressibility,3,24,capacity_aware,2,8,100,100,0,1.0,1.0,0,0,0,0.0,1.0,0.0,0.0,0.0,0.0,0.0,0.0,0.0,0.0,0.0,0.0,0.0,0.0,0.0,0.0,0.0,0.0
constructed_low,low_compressibility,3,24,smooth,2,8,100,100,0,1.0,1.0,0,0,0,0.0,1.0,0.0,0.0,0.0,0.0,0.0,0.0,0.0,0.0,0.0,0.0,0.0,0.0,0.0,0.0,0.0,0.0
constructed_low,low_compressibility,3,24,delivery_aware_v1,2,8,100,100,0,1.0,1.0,0,0,0,0.0,1.0,0.0,0.0,0.0,0.0,0.0,0.0,0.0,0.0,0.0,0.0,0.0,0.0,0.0,0.0,0.0,0.0
constructed_low,low_compressibility,3,24,delivery_aware_v2,2,8,100,100,0,1.0,1.0,0,0,0,0.0,1.0,0.0,0.0,0.0,0.0,0.0,0.0,0.0,0.0,0.0,0.0,0.0,0.0,0.0,0.0,0.0,0.0
constructed_low,low_compressibility,3,24,static,2,12,100,100,0,1.0,1.0,0,0,0,0.0,1.0,0.0,0.0,0.0,0.0,0.0,0.0,0.0,0.0,0.0,0.0,0.0,0.0,0.0,0.0,0.0,0.0
constructed_low,low_compressibility,3,24,capacity_aware,2,12,100,100,0,1.0,1.0,0,0,0,0.0,1.0,0.0,0.0,0.0,0.0,0.0,0.0,0.0,0.0,0.0,0.0,0.0,0.0,0.0,0.0,0.0,0.0
constructed_low,low_compressibility,3,24,smooth,2,12,100,100,0,1.0,1.0,0,0,0,0.0,1.0,0.0,0.0,0.0,0.0,0.0,0.0,0.0,0.0,0.0,0.0,0.0,0.0,0.0,0.0,0.0,0.0
constructed_low,low_compressibility,3,24,delivery_aware_v1,2,12,100,100,0,1.0,1.0,0,0,0,0.0,1.0,0.0,0.0,0.0,0.0,0.0,0.0,0.0,0.0,0.0,0.0,0.0,0.0,0.0,0.0,0.0,0.0
constructed_low,low_compressibility,3,24,delivery_aware_v2,2,12,100,100,0,1.0,1.0,0,0,0,0.0,1.0,0.0,0.0,0.0,0.0,0.0,0.0,0.0,0.0,0.0,0.0,0.0,0.0,0.0,0.0,0.0,0.0
constructed_low,low_compressibility,3,24,static,3,0,100,100,0,1.0,1.0,0,0,0,0.0,1.0,0.0,0.0,0.0,0.0,0.0,0.0,0.0,0.0,0.0,0.0,0.0,0.0,0.0,0.0,0.0,0.0
constructed_low,low_compressibility,3,24,capacity_aware,3,0,100,100,0,1.0,1.0,0,0,0,0.0,1.0,0.0,0.0,0.0,0.0,0.0,0.0,0.0,0.0,0.0,0.0,0.0,0.0,0.0,0.0,0.0,0.0
constructed_low,low_compressibility,3,24,smooth,3,0,100,100,0,1.0,1.0,0,0,0,0.0,1.0,0.0,0.0,0.0,0.0,0.0,0.0,0.0,0.0,0.0,0.0,0.0,0.0,0.0,0.0,0.0,0.0
constructed_low,low_compressibility,3,24,delivery_aware_v1,3,0,100,100,0,1.0,1.0,0,0,0,0.0,1.0,0.0,0.0,0.0,0.0,0.0,0.0,0.0,0.0,0.0,0.0,0.0,0.0,0.0,0.0,0.0,0.0
constructed_low,low_compressibility,3,24,delivery_aware_v2,3,0,100,100,0,1.0,1.0,0,0,0,0.0,1.0,0.0,0.0,0.0,0.0,0.0,0.0,0.0,0.0,0.0,0.0,0.0,0.0,0.0,0.0,0.0,0.0
constructed_low,low_compressibility,3,24,static,3,4,100,100,0,1.0,1.0,0,0,0,0.0,1.0,0.0,0.0,0.0,0.0,0.0,0.0,0.0,0.0,0.0,0.0,0.0,0.0,0.0,0.0,0.0,0.0
constructed_low,low_compressibility,3,24,capacity_aware,3,4,100,100,0,1.0,1.0,0,0,0,0.0,1.0,0.0,0.0,0.0,0.0,0.0,0.0,0.0,0.0,0.0,0.0,0.0,0.0,0.0,0.0,0.0,0.0
constructed_low,low_compressibility,3,24,smooth,3,4,100,100,0,1.0,1.0,0,0,0,0.0,1.0,0.0,0.0,0.0,0.0,0.0,0.0,0.0,0.0,0.0,0.0,0.0,0.0,0.0,0.0,0.0,0.0
constructed_low,low_compressibility,3,24,delivery_aware_v1,3,4,100,100,0,1.0,1.0,0,0,0,0.0,1.0,0.0,0.0,0.0,0.0,0.0,0.0,0.0,0.0,0.0,0.0,0.0,0.0,0.0,0.0,0.0,0.0
constructed_low,low_compressibility,3,24,delivery_aware_v2,3,4,100,100,0,1.0,1.0,0,0,0,0.0,1.0,0.0,0.0,0.0,0.0,0.0,0.0,0.0,0.0,0.0,0.0,0.0,0.0,0.0,0.0,0.0,0.0
constructed_low,low_compressibility,3,24,static,3,8,100,100,0,1.0,1.0,0,0,0,0.0,1.0,0.0,0.0,0.0,0.0,0.0,0.0,0.0,0.0,0.0,0.0,0.0,0.0,0.0,0.0,0.0,0.0
constructed_low,low_compressibility,3,24,capacity_aware,3,8,100,100,0,1.0,1.0,0,0,0,0.0,1.0,0.0,0.0,0.0,0.0,0.0,0.0,0.0,0.0,0.0,0.0,0.0,0.0,0.0,0.0,0.0,0.0
constructed_low,low_compressibility,3,24,smooth,3,8,100,100,0,1.0,1.0,0,0,0,0.0,1.0,0.0,0.0,0.0,0.0,0.0,0.0,0.0,0.0,0.0,0.0,0.0,0.0,0.0,0.0,0.0,0.0
constructed_low,low_compressibility,3,24,delivery_aware_v1,3,8,100,100,0,1.0,1.0,0,0,0,0.0,1.0,0.0,0.0,0.0,0.0,0.0,0.0,0.0,0.0,0.0,0.0,0.0,0.0,0.0,0.0,0.0,0.0
constructed_low,low_compressibility,3,24,delivery_aware_v2,3,8,100,100,0,1.0,1.0,0,0,0,0.0,1.0,0.0,0.0,0.0,0.0,0.0,0.0,0.0,0.0,0.0,0.0,0.0,0.0,0.0,0.0,0.0,0.0
constructed_low,low_compressibility,3,24,static,3,12,100,100,0,1.0,1.0,0,0,0,0.0,1.0,0.0,0.0,0.0,0.0,0.0,0.0,0.0,0.0,0.0,0.0,0.0,0.0,0.0,0.0,0.0,0.0
constructed_low,low_compressibility,3,24,capacity_aware,3,12,100,100,0,1.0,1.0,0,0,0,0.0,1.0,0.0,0.0,0.0,0.0,0.0,0.0,0.0,0.0,0.0,0.0,0.0,0.0,0.0,0.0,0.0,0.0
constructed_low,low_compressibility,3,24,smooth,3,12,100,100,0,1.0,1.0,0,0,0,0.0,1.0,0.0,0.0,0.0,0.0,0.0,0.0,0.0,0.0,0.0,0.0,0.0,0.0,0.0,0.0,0.0,0.0
constructed_low,low_compressibility,3,24,delivery_aware_v1,3,12,100,100,0,1.0,1.0,0,0,0,0.0,1.0,0.0,0.0,0.0,0.0,0.0,0.0,0.0,0.0,0.0,0.0,0.0,0.0,0.0,0.0,0.0,0.0
constructed_low,low_compressibility,3,24,delivery_aware_v2,3,12,100,100,0,1.0,1.0,0,0,0,0.0,1.0,0.0,0.0,0.0,0.0,0.0,0.0,0.0,0.0,0.0,0.0,0.0,0.0,0.0,0.0,0.0,0.0
constructed_low,low_compressibility,3,24,static,4,0,100,100,0,1.0,1.0,0,0,0,0.0,1.0,0.0,0.0,0.0,0.0,0.0,0.0,0.0,0.0,0.0,0.0,0.0,0.0,0.0,0.0,0.0,0.0
constructed_low,low_compressibility,3,24,capacity_aware,4,0,100,100,0,1.0,1.0,0,0,0,0.0,1.0,0.0,0.0,0.0,0.0,0.0,0.0,0.0,0.0,0.0,0.0,0.0,0.0,0.0,0.0,0.0,0.0
constructed_low,low_compressibility,3,24,smooth,4,0,100,100,0,1.0,1.0,0,0,0,0.0,1.0,0.0,0.0,0.0,0.0,0.0,0.0,0.0,0.0,0.0,0.0,0.0,0.0,0.0,0.0,0.0,0.0
constructed_low,low_compressibility,3,24,delivery_aware_v1,4,0,100,100,0,1.0,1.0,0,0,0,0.0,1.0,0.0,0.0,0.0,0.0,0.0,0.0,0.0,0.0,0.0,0.0,0.0,0.0,0.0,0.0,0.0,0.0
constructed_low,low_compressibility,3,24,delivery_aware_v2,4,0,100,100,0,1.0,1.0,0,0,0,0.0,1.0,0.0,0.0,0.0,0.0,0.0,0.0,0.0,0.0,0.0,0.0,0.0,0.0,0.0,0.0,0.0,0.0
constructed_low,low_compressibility,3,24,static,4,4,100,100,0,1.0,1.0,0,0,0,0.0,1.0,0.0,0.0,0.0,0.0,0.0,0.0,0.0,0.0,0.0,0.0,0.0,0.0,0.0,0.0,0.0,0.0
constructed_low,low_compressibility,3,24,capacity_aware,4,4,100,100,0,1.0,1.0,0,0,0,0.0,1.0,0.0,0.0,0.0,0.0,0.0,0.0,0.0,0.0,0.0,0.0,0.0,0.0,0.0,0.0,0.0,0.0
constructed_low,low_compressibility,3,24,smooth,4,4,100,100,0,1.0,1.0,0,0,0,0.0,1.0,0.0,0.0,0.0,0.0,0.0,0.0,0.0,0.0,0.0,0.0,0.0,0.0,0.0,0.0,0.0,0.0
constructed_low,low_compressibility,3,24,delivery_aware_v1,4,4,100,100,0,1.0,1.0,0,0,0,0.0,1.0,0.0,0.0,0.0,0.0,0.0,0.0,0.0,0.0,0.0,0.0,0.0,0.0,0.0,0.0,0.0,0.0
constructed_low,low_compressibility,3,24,delivery_aware_v2,4,4,100,100,0,1.0,1.0,0,0,0,0.0,1.0,0.0,0.0,0.0,0.0,0.0,0.0,0.0,0.0,0.0,0.0,0.0,0.0,0.0,0.0,0.0,0.0
constructed_low,low_compressibility,3,24,static,4,8,100,100,0,1.0,1.0,0,0,0,0.0,1.0,0.0,0.0,0.0,0.0,0.0,0.0,0.0,0.0,0.0,0.0,0.0,0.0,0.0,0.0,0.0,0.0
constructed_low,low_compressibility,3,24,capacity_aware,4,8,100,100,0,1.0,1.0,0,0,0,0.0,1.0,0.0,0.0,0.0,0.0,0.0,0.0,0.0,0.0,0.0,0.0,0.0,0.0,0.0,0.0,0.0,0.0
constructed_low,low_compressibility,3,24,smooth,4,8,100,100,0,1.0,1.0,0,0,0,0.0,1.0,0.0,0.0,0.0,0.0,0.0,0.0,0.0,0.0,0.0,0.0,0.0,0.0,0.0,0.0,0.0,0.0
constructed_low,low_compressibility,3,24,delivery_aware_v1,4,8,100,100,0,1.0,1.0,0,0,0,0.0,1.0,0.0,0.0,0.0,0.0,0.0,0.0,0.0,0.0,0.0,0.0,0.0,0.0,0.0,0.0,0.0,0.0
constructed_low,low_compressibility,3,24,delivery_aware_v2,4,8,100,100,0,1.0,1.0,0,0,0,0.0,1.0,0.0,0.0,0.0,0.0,0.0,0.0,0.0,0.0,0.0,0.0,0.0,0.0,0.0,0.0,0.0,0.0
constructed_low,low_compressibility,3,24,static,4,12,100,100,0,1.0,1.0,0,0,0,0.0,1.0,0.0,0.0,0.0,0.0,0.0,0.0,0.0,0.0,0.0,0.0,0.0,0.0,0.0,0.0,0.0,0.0
constructed_low,low_compressibility,3,24,capacity_aware,4,12,100,100,0,1.0,1.0,0,0,0,0.0,1.0,0.0,0.0,0.0,0.0,0.0,0.0,0.0,0.0,0.0,0.0,0.0,0.0,0.0,0.0,0.0,0.0
constructed_low,low_compressibility,3,24,smooth,4,12,100,100,0,1.0,1.0,0,0,0,0.0,1.0,0.0,0.0,0.0,0.0,0.0,0.0,0.0,0.0,0.0,0.0,0.0,0.0,0.0,0.0,0.0,0.0
constructed_low,low_compressibility,3,24,delivery_aware_v1,4,12,100,100,0,1.0,1.0,0,0,0,0.0,1.0,0.0,0.0,0.0,0.0,0.0,0.0,0.0,0.0,0.0,0.0,0.0,0.0,0.0,0.0,0.0,0.0
constructed_low,low_compressibility,3,24,delivery_aware_v2,4,12,100,100,0,1.0,1.0,0,0,0,0.0,1.0,0.0,0.0,0.0,0.0,0.0,0.0,0.0,0.0,0.0,0.0,0.0,0.0,0.0,0.0,0.0,0.0
constructed_low,low_compressibility,3,24,static,5,0,100,100,0,1.0,1.0,0,0,0,0.0,1.0,0.0,0.0,0.0,0.0,0.0,0.0,0.0,0.0,0.0,0.0,0.0,0.0,0.0,0.0,0.0,0.0
constructed_low,low_compressibility,3,24,capacity_aware,5,0,100,100,0,1.0,1.0,0,0,0,0.0,1.0,0.0,0.0,0.0,0.0,0.0,0.0,0.0,0.0,0.0,0.0,0.0,0.0,0.0,0.0,0.0,0.0
constructed_low,low_compressibility,3,24,smooth,5,0,100,100,0,1.0,1.0,0,0,0,0.0,1.0,0.0,0.0,0.0,0.0,0.0,0.0,0.0,0.0,0.0,0.0,0.0,0.0,0.0,0.0,0.0,0.0
constructed_low,low_compressibility,3,24,delivery_aware_v1,5,0,100,100,0,1.0,1.0,0,0,0,0.0,1.0,0.0,0.0,0.0,0.0,0.0,0.0,0.0,0.0,0.0,0.0,0.0,0.0,0.0,0.0,0.0,0.0
constructed_low,low_compressibility,3,24,delivery_aware_v2,5,0,100,100,0,1.0,1.0,0,0,0,0.0,1.0,0.0,0.0,0.0,0.0,0.0,0.0,0.0,0.0,0.0,0.0,0.0,0.0,0.0,0.0,0.0,0.0
constructed_low,low_compressibility,3,24,static,5,4,100,100,0,1.0,1.0,0,0,0,0.0,1.0,0.0,0.0,0.0,0.0,0.0,0.0,0.0,0.0,0.0,0.0,0.0,0.0,0.0,0.0,0.0,0.0
constructed_low,low_compressibility,3,24,capacity_aware,5,4,100,100,0,1.0,1.0,0,0,0,0.0,1.0,0.0,0.0,0.0,0.0,0.0,0.0,0.0,0.0,0.0,0.0,0.0,0.0,0.0,0.0,0.0,0.0
constructed_low,low_compressibility,3,24,smooth,5,4,100,100,0,1.0,1.0,0,0,0,0.0,1.0,0.0,0.0,0.0,0.0,0.0,0.0,0.0,0.0,0.0,0.0,0.0,0.0,0.0,0.0,0.0,0.0
constructed_low,low_compressibility,3,24,delivery_aware_v1,5,4,100,100,0,1.0,1.0,0,0,0,0.0,1.0,0.0,0.0,0.0,0.0,0.0,0.0,0.0,0.0,0.0,0.0,0.0,0.0,0.0,0.0,0.0,0.0
constructed_low,low_compressibility,3,24,delivery_aware_v2,5,4,100,100,0,1.0,1.0,0,0,0,0.0,1.0,0.0,0.0,0.0,0.0,0.0,0.0,0.0,0.0,0.0,0.0,0.0,0.0,0.0,0.0,0.0,0.0
constructed_low,low_compressibility,3,24,static,5,8,100,100,0,1.0,1.0,0,0,0,0.0,1.0,0.0,0.0,0.0,0.0,0.0,0.0,0.0,0.0,0.0,0.0,0.0,0.0,0.0,0.0,0.0,0.0
constructed_low,low_compressibility,3,24,capacity_aware,5,8,100,100,0,1.0,1.0,0,0,0,0.0,1.0,0.0,0.0,0.0,0.0,0.0,0.0,0.0,0.0,0.0,0.0,0.0,0.0,0.0,0.0,0.0,0.0
constructed_low,low_compressibility,3,24,smooth,5,8,100,100,0,1.0,1.0,0,0,0,0.0,1.0,0.0,0.0,0.0,0.0,0.0,0.0,0.0,0.0,0.0,0.0,0.0,0.0,0.0,0.0,0.0,0.0
constructed_low,low_compressibility,3,24,delivery_aware_v1,5,8,100,100,0,1.0,1.0,0,0,0,0.0,1.0,0.0,0.0,0.0,0.0,0.0,0.0,0.0,0.0,0.0,0.0,0.0,0.0,0.0,0.0,0.0,0.0
constructed_low,low_compressibility,3,24,delivery_aware_v2,5,8,100,100,0,1.0,1.0,0,0,0,0.0,1.0,0.0,0.0,0.0,0.0,0.0,0.0,0.0,0.0,0.0,0.0,0.0,0.0,0.0,0.0,0.0,0.0
constructed_low,low_compressibility,3,24,static,5,12,100,100,0,1.0,1.0,0,0,0,0.0,1.0,0.0,0.0,0.0,0.0,0.0,0.0,0.0,0.0,0.0,0.0,0.0,0.0,0.0,0.0,0.0,0.0
constructed_low,low_compressibility,3,24,capacity_aware,5,12,100,100,0,1.0,1.0,0,0,0,0.0,1.0,0.0,0.0,0.0,0.0,0.0,0.0,0.0,0.0,0.0,0.0,0.0,0.0,0.0,0.0,0.0,0.0
constructed_low,low_compressibility,3,24,smooth,5,12,100,100,0,1.0,1.0,0,0,0,0.0,1.0,0.0,0.0,0.0,0.0,0.0,0.0,0.0,0.0,0.0,0.0,0.0,0.0,0.0,0.0,0.0,0.0
constructed_low,low_compressibility,3,24,delivery_aware_v1,5,12,100,100,0,1.0,1.0,0,0,0,0.0,1.0,0.0,0.0,0.0,0.0,0.0,0.0,0.0,0.0,0.0,0.0,0.0,0.0,0.0,0.0,0.0,0.0
constructed_low,low_compressibility,3,24,delivery_aware_v2,5,12,100,100,0,1.0,1.0,0,0,0,0.0,1.0,0.0,0.0,0.0,0.0,0.0,0.0,0.0,0.0,0.0,0.0,0.0,0.0,0.0,0.0,0.0,0.0
constructed_high,high_compressibility,4,24,static,1,0,77,128,51,1.6623376623376624,1.6623376623376624,51,59,51,19.714285714285715,1.0,0.0,-0.6623376623376623,0.007751937984496124,-0.6623376623376623,0.0,0.0,0.0,0.0,0.0,0.0,0.0,0.0,0.0,0.0,0.0,0.0
constructed_high,high_compressibility,4,24,capacity_aware,1,0,129,129,0,1.0,1.6753246753246753,0,0,0,0.0,1.6753246753246753,-0.0078125,-0.6753246753246753,0.0,-0.6753246753246753,1.0,0.0,0.0,0.0,1.0,0.0,0.0,0.0,1.0,0.0,0.0,0.0
constructed_high,high_compressibility,4,24,smooth,1,0,77,77,0,1.0,1.0,0,0,0,0.0,1.0,0.3984375,0.0,0.40310077519379844,0.0,1.0,0.0,0.0,0.0,1.0,0.0,0.0,0.0,1.0,0.0,0.0,0.0
constructed_high,high_compressibility,4,24,delivery_aware_v1,1,0,77,77,0,1.0,1.0,0,0,0,0.0,1.0,0.3984375,0.0,0.40310077519379844,0.0,1.0,0.0,0.0,0.0,1.0,0.0,0.0,0.0,1.0,0.0,0.0,0.0
constructed_high,high_compressibility,4,24,delivery_aware_v2,1,0,77,77,0,1.0,1.0,0,0,0,0.0,1.0,0.3984375,0.0,0.40310077519379844,0.0,1.0,0.0,0.0,0.0,1.0,0.0,0.0,0.0,1.0,0.0,0.0,0.0
constructed_high,high_compressibility,4,24,static,1,4,77,124,47,1.6103896103896105,1.6103896103896105,51,54,47,16.74025974025974,1.0,0.0,-0.6103896103896104,0.03875968992248062,-0.5897435897435898,0.0,0.0,0.0,-9.2,0.0,0.0,0.0,-46.0,0.0,0.0,0.0,-0.10204081632653061
constructed_high,high_compressibility,4,24,capacity_aware,1,4,129,129,0,1.0,1.6753246753246753,0,0,0,0.0,1.6753246753246753,-0.04032258064516129,-0.6753246753246753,0.0,-0.6538461538461539,1.0,0.0,0.0,1.0,1.0,0.0,0.0,1.0,1.0,0.0,0.0,1.0
constructed_high,high_compressibility,4,24,smooth,1,4,77,77,0,1.0,1.0,0,0,0,0.0,1.0,0.3790322580645161,0.0,0.40310077519379844,0.01282051282051282,1.0,0.0,0.0,1.0,1.0,0.0,0.0,1.0,1.0,0.0,0.0,1.0
constructed_high,high_compressibility,4,24,delivery_aware_v1,1,4,77,78,1,1.0129870129870129,1.0129870129870129,5,49,1,0.6363636363636364,1.0,0.3709677419354839,-0.012987012987012988,0.3953488372093023,0.0,0.9019607843137255,0.0,0.0,0.0,0.9787234042553191,0.0,0.0,0.0,0.09259259259259259,0.0,0.0,0.0
constructed_high,high_compressibility,4,24,delivery_aware_v2,1,4,77,77,0,1.0,1.0,0,0,0,0.0,1.0,0.3790322580645161,0.0,0.40310077519379844,0.01282051282051282,1.0,0.0,0.0,1.0,1.0,0.0,0.0,1.0,1.0,0.0,0.0,1.0
constructed_high,high_compressibility,4,24,static,1,8,77,120,43,1.5584415584415585,1.5584415584415585,51,50,43,14.012987012987013,1.0,0.0,-0.5584415584415584,0.06976744186046512,-0.5384615384615384,0.0,0.0,0.0,-4.666666666666667,0.0,0.0,0.0,-42.0,0.0,0.0,0.0,-0.08695652173913043
constructed_high,high_compressibility,4,24,capacity_aware,1,8,129,129,0,1.0,1.6753246753246753,0,0,0,0.0,1.6753246753246753,-0.075,-0.6753246753246753,0.0,-0.6538461538461539,1.0,0.0,0.0,1.0,1.0,0.0,0.0,1.0,1.0,0.0,0.0,1.0
constructed_high,high_compressibility,4,24,smooth,1,8,77,77,0,1.0,1.0,0,0,0,0.0,1.0,0.35833333333333334,0.0,0.40310077519379844,0.01282051282051282,1.0,0.0,0.0,1.0,1.0,0.0,0.0,1.0,1.0,0.0,0.0,1.0
constructed_high,high_compressibility,4,24,delivery_aware_v1,1,8,77,78,1,1.0129870129870129,1.0129870129870129,9,46,1,0.5974025974025974,1.0,0.35,-0.012987012987012988,0.3953488372093023,0.0,0.8235294117647058,0.0,0.0,0.0,0.9767441860465116,0.0,0.0,0.0,0.08,0.0,0.0,0.0
constructed_high,high_compressibility,4,24,delivery_aware_v2,1,8,77,77,0,1.0,1.0,0,0,0,0.0,1.0,0.35833333333333334,0.0,0.40310077519379844,0.01282051282051282,1.0,0.0,0.0,1.0,1.0,0.0,0.0,1.0,1.0,0.0,0.0,1.0
constructed_high,high_compressibility,4,24,static,1,12,77,116,39,1.5064935064935066,1.5064935064935066,51,45,39,11.532467532467532,1.0,0.0,-0.5064935064935064,0.10077519379844961,-0.48717948717948717,0.0,0.0,0.0,-2.923076923076923,0.0,0.0,0.0,-38.0,0.0,0.0,0.0,-0.15384615384615385
constructed_high,high_compressibility,4,24,capacity_aware,1,12,129,129,0,1.0,1.6753246753246753,0,0,0,0.0,1.6753246753246753,-0.11206896551724138,-0.6753246753246753,0.0,-0.6538461538461539,1.0,0.0,0.0,1.0,1.0,0.0,0.0,1.0,1.0,0.0,0.0,1.0
constructed_high,high_compressibility,4,24,smooth,1,12,77,77,0,1.0,1.0,0,0,0,0.0,1.0,0.33620689655172414,0.0,0.40310077519379844,0.01282051282051282,1.0,0.0,0.0,1.0,1.0,0.0,0.0,1.0,1.0,0.0,0.0,1.0
constructed_high,high_compressibility,4,24,delivery_aware_v1,1,12,77,78,1,1.0129870129870129,1.0129870129870129,13,39,1,0.5064935064935064,1.0,0.3275862068965517,-0.012987012987012988,0.3953488372093023,0.0,0.7450980392156863,0.0,0.0,0.0,0.9743589743589743,0.0,0.0,0.0,0.13333333333333333,0.0,0.0,0.0
constructed_high,high_compressibility,4,24,delivery_aware_v2,1,12,77,77,0,1.0,1.0,0,0,0,0.0,1.0,0.33620689655172414,0.0,0.40310077519379844,0.01282051282051282,1.0,0.0,0.0,1.0,1.0,0.0,0.0,1.0,1.0,0.0,0.0,1.0
constructed_high,high_compressibility,4,24,static,2,0,77,102,25,1.3246753246753247,1.3246753246753247,49,26,49,8.571428571428571,1.0,0.0,-0.3246753246753247,0.009708737864077669,-0.3246753246753247,0.0,0.0,0.0,0.0,0.0,0.0,0.0,0.0,0.0,0.0,0.0,0.0
constructed_high,high_compressibility,4,24,capacity_aware,2,0,103,103,0,1.0,1.3376623376623376,0,0,0,0.0,1.3376623376623376,-0.00980392156862745,-0.33766233766233766,0.0,-0.33766233766233766,1.0,0.0,0.0,0.0,1.0,0.0,0.0,0.0,1.0,0.0,0.0,0.0
constructed_high,high_compressibility,4,24,smooth,2,0,77,77,0,1.0,1.0,0,0,0,0.0,1.0,0.24509803921568626,0.0,0.2524271844660194,0.0,1.0,0.0,0.0,0.0,1.0,0.0,0.0,0.0,1.0,0.0,0.0,0.0
constructed_high,high_compressibility,4,24,delivery_aware_v1,2,0,77,77,0,1.0,1.0,0,0,0,0.0,1.0,0.24509803921568626,0.0,0.2524271844660194,0.0,1.0,0.0,0.0,0.0,1.0,0.0,0.0,0.0,1.0,0.0,0.0,0.0
constructed_high,high_compressibility,4,24,delivery_aware_v2,2,0,77,77,0,1.0,1.0,0,0,0,0.0,1.0,0.24509803921568626,0.0,0.2524271844660194,0.0,1.0,0.0,0.0,0.0,1.0,0.0,0.0,0.0,1.0,0.0,0.0,0.0
constructed_high,high_compressibility,4,24,static,2,4,77,100,23,1.2987012987012987,1.2987012987012987,49,24,45,7.246753246753247,1.0,0.0,-0.2987012987012987,0.02912621359223301,-0.28205128205128205,0.0,0.0,0.0,-7.166666666666667,0.0,0.0,0.0,-22.0,0.0,0.0,0.0,-0.3333333333333333
constructed_high,high_compressibility,4,24,capacity_aware,2,4,103,103,0,1.0,1.3376623376623376,0,0,0,0.0,1.3376623376623376,-0.03,-0.33766233766233766,0.0,-0.32051282051282054,1.0,0.0,0.0,1.0,1.0,0.0,0.0,1.0,1.0,0.0,0.0,1.0
constructed_high,high_compressibility,4,24,smooth,2,4,77,77,0,1.0,1.0,0,0,0,0.0,1.0,0.23,0.0,0.2524271844660194,0.01282051282051282,1.0,0.0,0.0,1.0,1.0,0.0,0.0,1.0,1.0,0.0,0.0,1.0
constructed_high,high_compressibility,4,24,delivery_aware_v1,2,4,77,78,1,1.0129870129870129,1.0129870129870129,6,18,2,0.45454545454545453,1.0,0.22,-0.012987012987012988,0.24271844660194175,0.0,0.8775510204081632,0.0,0.0,0.0,0.9565217391304348,0.0,0.0,0.0,0.25,0.0,0.0,0.0
constructed_high,high_compressibility,4,24,delivery_aware_v2,2,4,77,77,0,1.0,1.0,0,0,0,0.0,1.0,0.23,0.0,0.2524271844660194,0.01282051282051282,1.0,0.0,0.0,1.0,1.0,0.0,0.0,1.0,1.0,0.0,0.0,1.0
constructed_high,high_compressibility,4,24,static,2,8,77,98,21,1.2727272727272727,1.2727272727272727,49,22,41,6.025974025974026,1.0,0.0,-0.2727272727272727,0.04854368932038835,-0.2564102564102564,0.0,0.0,0.0,-3.9,0.0,0.0,0.0,-20.0,0.0,0.0,0.0,-0.29411764705882354
constructed_high,high_compressibility,4,24,capacity_aware,2,8,103,103,0,1.0,1.3376623376623376,0,0,0,0.0,1.3376623376623376,-0.05102040816326531,-0.33766233766233766,0.0,-0.32051282051282054,1.0,0.0,0.0,1.0,1.0,0.0,0.0,1.0,1.0,0.0,0.0,1.0
constructed_high,high_compressibility,4,24,smooth,2,8,77,77,0,1.0,1.0,0,0,0,0.0,1.0,0.21428571428571427,0.0,0.2524271844660194,0.01282051282051282,1.0,0.0,0.0,1.0,1.0,0.0,0.0,1.0,1.0,0.0,0.0,1.0
constructed_high,high_compressibility,4,24,delivery_aware_v1,2,8,77,78,1,1.0129870129870129,1.0129870129870129,10,17,2,0.44155844155844154,1.0,0.20408163265306123,-0.012987012987012988,0.24271844660194175,0.0,0.7959183673469388,0.0,0.0,0.0,0.9523809523809523,0.0,0.0,0.0,0.22727272727272727,0.0,0.0,0.0
constructed_high,high_compressibility,4,24,delivery_aware_v2,2,8,77,77,0,1.0,1.0,0,0,0,0.0,1.0,0.21428571428571427,0.0,0.2524271844660194,0.01282051282051282,1.0,0.0,0.0,1.0,1.0,0.0,0.0,1.0,1.0,0.0,0.0,1.0
constructed_high,high_compressibility,4,24,static,2,12,77,96,19,1.2467532467532467,1.2467532467532467,49,20,37,4.922077922077922,1.0,0.0,-0.24675324675324675,0.06796116504854369,-0.23076923076923078,0.0,0.0,0.0,-2.5,0.0,0.0,0.0,-18.0,0.0,0.0,0.0,-0.5384615384615384
constructed_high,high_compressibility,4,24,capacity_aware,2,12,103,103,0,1.0,1.3376623376623376,0,0,0,0.0,1.3376623376623376,-0.07291666666666667,-0.33766233766233766,0.0,-0.32051282051282054,1.0,0.0,0.0,1.0,1.0,0.0,0.0,1.0,1.0,0.0,0.0,1.0
constructed_high,high_compressibility,4,24,smooth,2,12,77,77,0,1.0,1.0,0,0,0,0.0,1.0,0.19791666666666666,0.0,0.2524271844660194,0.01282051282051282,1.0,0.0,0.0,1.0,1.0,0.0,0.0,1.0,1.0,0.0,0.0,1.0
constructed_high,high_compressibility,4,24,delivery_aware_v1,2,12,77,78,1,1.0129870129870129,1.0129870129870129,14,13,2,0.3246753246753247,1.0,0.1875,-0.012987012987012988,0.24271844660194175,0.0,0.7142857142857143,0.0,0.0,0.0,0.9473684210526315,0.0,0.0,0.0,0.35,0.0,0.0,0.0
constructed_high,high_compressibility,4,24,delivery_aware_v2,2,12,77,77,0,1.0,1.0,0,0,0,0.0,1.0,0.19791666666666666,0.0,0.2524271844660194,0.01282051282051282,1.0,0.0,0.0,1.0,1.0,0.0,0.0,1.0,1.0,0.0,0.0,1.0
constructed_high,high_compressibility,4,24,static,3,0,77,93,16,1.2077922077922079,1.2077922077922079,47,17,47,5.246753246753247,1.0,0.0,-0.2077922077922078,0.010638297872340425,-0.2077922077922078,0.0,0.0,0.0,0.0,0.0,0.0,0.0,0.0,0.0,0.0,0.0,0.0
constructed_high,high_compressibility,4,24,capacity_aware,3,0,94,94,0,1.0,1.2207792207792207,0,0,0,0.0,1.2207792207792207,-0.010752688172043012,-0.22077922077922077,0.0,-0.22077922077922077,1.0,0.0,0.0,0.0,1.0,0.0,0.0,0.0,1.0,0.0,0.0,0.0
constructed_high,high_compressibility,4,24,smooth,3,0,77,77,0,1.0,1.0,0,0,0,0.0,1.0,0.17204301075268819,0.0,0.18085106382978725,0.0,1.0,0.0,0.0,0.0,1.0,0.0,0.0,0.0,1.0,0.0,0.0,0.0
constructed_high,high_compressibility,4,24,delivery_aware_v1,3,0,77,77,0,1.0,1.0,0,0,0,0.0,1.0,0.17204301075268819,0.0,0.18085106382978725,0.0,1.0,0.0,0.0,0.0,1.0,0.0,0.0,0.0,1.0,0.0,0.0,0.0
constructed_high,high_compressibility,4,24,delivery_aware_v2,3,0,77,77,0,1.0,1.0,0,0,0,0.0,1.0,0.17204301075268819,0.0,0.18085106382978725,0.0,1.0,0.0,0.0,0.0,1.0,0.0,0.0,0.0,1.0,0.0,0.0,0.0
constructed_high,high_compressibility,4,24,static,3,4,77,92,15,1.1948051948051948,1.1948051948051948,47,15,43,4.402597402597403,1.0,0.0,-0.19480519480519481,0.02127659574468085,-0.1794871794871795,0.0,0.0,0.0,-5.714285714285714,0.0,0.0,0.0,-14.0,0.0,0.0,0.0,-0.875
constructed_high,high_compressibility,4,24,capacity_aware,3,4,94,94,0,1.0,1.2207792207792207,0,0,0,0.0,1.2207792207792207,-0.021739130434782608,-0.22077922077922077,0.0,-0.20512820512820512,1.0,0.0,0.0,1.0,1.0,0.0,0.0,1.0,1.0,0.0,0.0,1.0
constructed_high,high_compressibility,4,24,smooth,3,4,77,77,0,1.0,1.0,0,0,0,0.0,1.0,0.16304347826086957,0.0,0.18085106382978725,0.01282051282051282,1.0,0.0,0.0,1.0,1.0,0.0,0.0,1.0,1.0,0.0,0.0,1.0
constructed_high,high_compressibility,4,24,delivery_aware_v1,3,4,77,78,1,1.0129870129870129,1.0129870129870129,7,8,3,0.2727272727272727,1.0,0.15217391304347827,-0.012987012987012988,0.1702127659574468,0.0,0.851063829787234,0.0,0.0,0.0,0.9333333333333333,0.0,0.0,0.0,0.4666666666666667,0.0,0.0,0.0
constructed_high,high_compressibility,4,24,delivery_aware_v2,3,4,77,77,0,1.0,1.0,0,0,0,0.0,1.0,0.16304347826086957,0.0,0.18085106382978725,0.01282051282051282,1.0,0.0,0.0,1.0,1.0,0.0,0.0,1.0,1.0,0.0,0.0,1.0
constructed_high,high_compressibility,4,24,static,3,8,77,90,13,1.1688311688311688,1.1688311688311688,47,14,39,3.6363636363636362,1.0,0.0,-0.16883116883116883,0.0425531914893617,-0.15384615384615385,0.0,0.0,0.0,-3.272727272727273,0.0,0.0,0.0,-12.0,0.0,0.0,0.0,-0.5555555555555556
constructed_high,high_compressibility,4,24,capacity_aware,3,8,94,94,0,1.0,1.2207792207792207,0,0,0,0.0,1.2207792207792207,-0.044444444444444446,-0.22077922077922077,0.0,-0.20512820512820512,1.0,0.0,0.0,1.0,1.0,0.0,0.0,1.0,1.0,0.0,0.0,1.0
constructed_high,high_compressibility,4,24,smooth,3,8,77,77,0,1.0,1.0,0,0,0,0.0,1.0,0.14444444444444443,0.0,0.18085106382978725,0.01282051282051282,1.0,0.0,0.0,1.0,1.0,0.0,0.0,1.0,1.0,0.0,0.0,1.0
constructed_high,high_compressibility,4,24,delivery_aware_v1,3,8,77,78,1,1.0129870129870129,1.0129870129870129,11,9,3,0.2987012987012987,1.0,0.13333333333333333,-0.012987012987012988,0.1702127659574468,0.0,0.7659574468085106,0.0,0.0,0.0,0.9230769230769231,0.0,0.0,0.0,0.35714285714285715,0.0,0.0,0.0
constructed_high,high_compressibility,4,24,delivery_aware_v2,3,8,77,77,0,1.0,1.0,0,0,0,0.0,1.0,0.14444444444444443,0.0,0.18085106382978725,0.01282051282051282,1.0,0.0,0.0,1.0,1.0,0.0,0.0,1.0,1.0,0.0,0.0,1.0
constructed_high,high_compressibility,4,24,static,3,12,77,89,12,1.155844155844156,1.155844155844156,47,12,35,2.948051948051948,1.0,0.0,-0.15584415584415584,0.05319148936170213,-0.14102564102564102,0.0,0.0,0.0,-2.1333333333333333,0.0,0.0,0.0,-11.0,0.0,0.0,0.0,-1.4
constructed_high,high_compressibility,4,24,capacity_aware,3,12,94,94,0,1.0,1.2207792207792207,0,0,0,0.0,1.2207792207792207,-0.056179775280898875,-0.22077922077922077,0.0,-0.20512820512820512,1.0,0.0,0.0,1.0,1.0,0.0,0.0,1.0,1.0,0.0,0.0,1.0
constructed_high,high_compressibility,4,24,smooth,3,12,77,77,0,1.0,1.0,0,0,0,0.0,1.0,0.1348314606741573,0.0,0.18085106382978725,0.01282051282051282,1.0,0.0,0.0,1.0,1.0,0.0,0.0,1.0,1.0,0.0,0.0,1.0
constructed_high,high_compressibility,4,24,delivery_aware_v1,3,12,77,78,1,1.0129870129870129,1.0129870129870129,15,5,3,0.16883116883116883,1.0,0.12359550561797752,-0.012987012987012988,0.1702127659574468,0.0,0.6808510638297872,0.0,0.0,0.0,0.9166666666666666,0.0,0.0,0.0,0.5833333333333334,0.0,0.0,0.0
constructed_high,high_compressibility,4,24,delivery_aware_v2,3,12,77,77,0,1.0,1.0,0,0,0,0.0,1.0,0.1348314606741573,0.0,0.18085106382978725,0.01282051282051282,1.0,0.0,0.0,1.0,1.0,0.0,0.0,1.0,1.0,0.0,0.0,1.0
constructed_high,high_compressibility,4,24,static,4,0,77,89,12,1.155844155844156,1.155844155844156,45,12,45,3.6493506493506493,1.0,0.0,-0.15584415584415584,0.011111111111111112,-0.15584415584415584,0.0,0.0,0.0,0.0,0.0,0.0,0.0,0.0,0.0,0.0,0.0,0.0
constructed_high,high_compressibility,4,24,capacity_aware,4,0,90,90,0,1.0,1.1688311688311688,0,0,0,0.0,1.1688311688311688,-0.011235955056179775,-0.16883116883116883,0.0,-0.16883116883116883,1.0,0.0,0.0,0.0,1.0,0.0,0.0,0.0,1.0,0.0,0.0,0.0
constructed_high,high_compressibility,4,24,smooth,4,0,77,77,0,1.0,1.0,0,0,0,0.0,1.0,0.1348314606741573,0.0,0.14444444444444443,0.0,1.0,0.0,0.0,0.0,1.0,0.0,0.0,0.0,1.0,0.0,0.0,0.0
constructed_high,high_compressibility,4,24,delivery_aware_v1,4,0,77,77,0,1.0,1.0,0,0,0,0.0,1.0,0.1348314606741573,0.0,0.14444444444444443,0.0,1.0,0.0,0.0,0.0,1.0,0.0,0.0,0.0,1.0,0.0,0.0,0.0
constructed_high,high_compressibility,4,24,delivery_aware_v2,4,0,77,77,0,1.0,1.0,0,0,0,0.0,1.0,0.1348314606741573,0.0,0.14444444444444443,0.0,1.0,0.0,0.0,0.0,1.0,0.0,0.0,0.0,1.0,0.0,0.0,0.0
constructed_high,high_compressibility,4,24,static,4,4,77,88,11,1.1428571428571428,1.1428571428571428,45,11,41,3.051948051948052,1.0,0.0,-0.14285714285714285,0.022222222222222223,-0.1282051282051282,0.0,0.0,0.0,-6.5,0.0,0.0,0.0,-10.0,0.0,0.0,0.0,-2.6666666666666665
constructed_high,high_compressibility,4,24,capacity_aware,4,4,90,90,0,1.0,1.1688311688311688,0,0,0,0.0,1.1688311688311688,-0.022727272727272728,-0.16883116883116883,0.0,-0.15384615384615385,1.0,0.0,0.0,1.0,1.0,0.0,0.0,1.0,1.0,0.0,0.0,1.0
constructed_high,high_compressibility,4,24,smooth,4,4,77,77,0,1.0,1.0,0,0,0,0.0,1.0,0.125,0.0,0.14444444444444443,0.01282051282051282,1.0,0.0,0.0,1.0,1.0,0.0,0.0,1.0,1.0,0.0,0.0,1.0
constructed_high,high_compressibility,4,24,delivery_aware_v1,4,4,77,78,1,1.0129870129870129,1.0129870129870129,6,3,2,0.06493506493506493,1.0,0.11363636363636363,-0.012987012987012988,0.13333333333333333,0.0,0.8666666666666667,0.0,0.0,0.0,0.9090909090909091,0.0,0.0,0.0,0.7272727272727273,0.0,0.0,0.0
constructed_high,high_compressibility,4,24,delivery_aware_v2,4,4,77,77,0,1.0,1.0,0,0,0,0.0,1.0,0.125,0.0,0.14444444444444443,0.01282051282051282,1.0,0.0,0.0,1.0,1.0,0.0,0.0,1.0,1.0,0.0,0.0,1.0
constructed_high,high_compressibility,4,24,static,4,8,77,87,10,1.12987012987013,1.12987012987013,45,10,37,2.5064935064935066,1.0,0.0,-0.12987012987012986,0.03333333333333333,-0.11538461538461539,0.0,0.0,0.0,-2.75,0.0,0.0,0.0,-9.0,0.0,0.0,0.0,-1.5
constructed_high,high_compressibility,4,24,capacity_aware,4,8,90,90,0,1.0,1.1688311688311688,0,0,0,0.0,1.1688311688311688,-0.034482758620689655,-0.16883116883116883,0.0,-0.15384615384615385,1.0,0.0,0.0,1.0,1.0,0.0,0.0,1.0,1.0,0.0,0.0,1.0
constructed_high,high_compressibility,4,24,smooth,4,8,77,77,0,1.0,1.0,0,0,0,0.0,1.0,0.11494252873563218,0.0,0.14444444444444443,0.01282051282051282,1.0,0.0,0.0,1.0,1.0,0.0,0.0,1.0,1.0,0.0,0.0,1.0
constructed_high,high_compressibility,4,24,delivery_aware_v1,4,8,77,78,1,1.0129870129870129,1.0129870129870129,12,4,4,0.15584415584415584,1.0,0.10344827586206896,-0.012987012987012988,0.13333333333333333,0.0,0.7333333333333333,0.0,0.0,0.0,0.9,0.0,0.0,0.0,0.6,0.0,0.0,0.0
constructed_high,high_compressibility,4,24,delivery_aware_v2,4,8,77,77,0,1.0,1.0,0,0,0,0.0,1.0,0.11494252873563218,0.0,0.14444444444444443,0.01282051282051282,1.0,0.0,0.0,1.0,1.0,0.0,0.0,1.0,1.0,0.0,0.0,1.0
constructed_high,high_compressibility,4,24,static,4,12,77,86,9,1.1168831168831168,1.1168831168831168,45,9,33,2.012987012987013,1.0,0.0,-0.11688311688311688,0.044444444444444446,-0.10256410256410256,0.0,0.0,0.0,-2.2142857142857144,0.0,0.0,0.0,-8.0,0.0,0.0,0.0,-8.0
constructed_high,high_compressibility,4,24,capacity_aware,4,12,90,90,0,1.0,1.1688311688311688,0,0,0,0.0,1.1688311688311688,-0.046511627906976744,-0.16883116883116883,0.0,-0.15384615384615385,1.0,0.0,0.0,1.0,1.0,0.0,0.0,1.0,1.0,0.0,0.0,1.0
constructed_high,high_compressibility,4,24,smooth,4,12,77,77,0,1.0,1.0,0,0,0,0.0,1.0,0.10465116279069768,0.0,0.14444444444444443,0.01282051282051282,1.0,0.0,0.0,1.0,1.0,0.0,0.0,1.0,1.0,0.0,0.0,1.0
constructed_high,high_compressibility,4,24,delivery_aware_v1,4,12,77,78,1,1.0129870129870129,1.0129870129870129,14,1,2,0.025974025974025976,1.0,0.09302325581395349,-0.012987012987012988,0.13333333333333333,0.0,0.6888888888888889,0.0,0.0,0.0,0.8888888888888888,0.0,0.0,0.0,0.8888888888888888,0.0,0.0,0.0
constructed_high,high_compressibility,4,24,delivery_aware_v2,4,12,77,77,0,1.0,1.0,0,0,0,0.0,1.0,0.10465116279069768,0.0,0.14444444444444443,0.01282051282051282,1.0,0.0,0.0,1.0,1.0,0.0,0.0,1.0,1.0,0.0,0.0,1.0
constructed_high,high_compressibility,4,24,static,5,0,77,86,9,1.1168831168831168,1.1168831168831168,43,9,43,2.7142857142857144,1.0,0.0,-0.11688311688311688,0.011494252873563218,-0.11688311688311688,0.0,0.0,0.0,0.0,0.0,0.0,0.0,0.0,0.0,0.0,0.0,0.0
constructed_high,high_compressibility,4,24,capacity_aware,5,0,87,87,0,1.0,1.12987012987013,0,0,0,0.0,1.12987012987013,-0.011627906976744186,-0.12987012987012986,0.0,-0.12987012987012986,1.0,0.0,0.0,0.0,1.0,0.0,0.0,0.0,1.0,0.0,0.0,0.0
constructed_high,high_compressibility,4,24,smooth,5,0,77,77,0,1.0,1.0,0,0,0,0.0,1.0,0.10465116279069768,0.0,0.11494252873563218,0.0,1.0,0.0,0.0,0.0,1.0,0.0,0.0,0.0,1.0,0.0,0.0,0.0
constructed_high,high_compressibility,4,24,delivery_aware_v1,5,0,77,77,0,1.0,1.0,0,0,0,0.0,1.0,0.10465116279069768,0.0,0.11494252873563218,0.0,1.0,0.0,0.0,0.0,1.0,0.0,0.0,0.0,1.0,0.0,0.0,0.0
constructed_high,high_compressibility,4,24,delivery_aware_v2,5,0,77,77,0,1.0,1.0,0,0,0,0.0,1.0,0.10465116279069768,0.0,0.11494252873563218,0.0,1.0,0.0,0.0,0.0,1.0,0.0,0.0,0.0,1.0,0.0,0.0,0.0
constructed_high,high_compressibility,4,24,static,5,4,77,85,8,1.103896103896104,1.103896103896104,43,8,39,2.2467532467532467,1.0,0.0,-0.1038961038961039,0.022988505747126436,-0.1038961038961039,0.0,0.0,0.0,-9.75,0.0,0.0,0.0,0.0,0.0,0.0,0.0,0.0
constructed_high,high_compressibility,4,24,capacity_aware,5,4,87,87,0,1.0,1.12987012987013,0,0,0,0.0,1.12987012987013,-0.023529411764705882,-0.12987012987012986,0.0,-0.12987012987012986,1.0,0.0,0.0,1.0,1.0,0.0,0.0,0.0,1.0,0.0,0.0,0.0
constructed_high,high_compressibility,4,24,smooth,5,4,77,77,0,1.0,1.0,0,0,0,0.0,1.0,0.09411764705882353,0.0,0.11494252873563218,0.0,1.0,0.0,0.0,1.0,1.0,0.0,0.0,0.0,1.0,0.0,0.0,0.0
constructed_high,high_compressibility,4,24,delivery_aware_v1,5,4,77,77,0,1.0,1.0,4,0,0,0.0,1.0,0.09411764705882353,0.0,0.11494252873563218,0.0,0.9069767441860465,0.0,0.0,0.0,1.0,0.0,0.0,0.0,1.0,0.0,0.0,0.0
constructed_high,high_compressibility,4,24,delivery_aware_v2,5,4,77,77,0,1.0,1.0,0,0,0,0.0,1.0,0.09411764705882353,0.0,0.11494252873563218,0.0,1.0,0.0,0.0,1.0,1.0,0.0,0.0,0.0,1.0,0.0,0.0,0.0
constructed_high,high_compressibility,4,24,static,5,8,77,84,7,1.0909090909090908,1.0909090909090908,43,8,35,1.8311688311688312,1.0,0.0,-0.09090909090909091,0.034482758620689655,-0.07692307692307693,0.0,0.0,0.0,-3.7777777777777777,0.0,0.0,0.0,-6.0,0.0,0.0,0.0,-3.0
constructed_high,high_compressibility,4,24,capacity_aware,5,8,87,87,0,1.0,1.12987012987013,0,0,0,0.0,1.12987012987013,-0.03571428571428571,-0.12987012987012986,0.0,-0.11538461538461539,1.0,0.0,0.0,1.0,1.0,0.0,0.0,1.0,1.0,0.0,0.0,1.0
constructed_high,high_compressibility,4,24,smooth,5,8,77,77,0,1.0,1.0,0,0,0,0.0,1.0,0.08333333333333333,0.0,0.11494252873563218,0.01282051282051282,1.0,0.0,0.0,1.0,1.0,0.0,0.0,1.0,1.0,0.0,0.0,1.0
constructed_high,high_compressibility,4,24,delivery_aware_v1,5,8,77,78,1,1.0129870129870129,1.0129870129870129,9,2,1,0.025974025974025976,1.0,0.07142857142857142,-0.012987012987012988,0.10344827586206896,0.0,0.7906976744186046,0.0,0.0,0.0,0.8571428571428571,0.0,0.0,0.0,0.75,0.0,0.0,0.0
constructed_high,high_compressibility,4,24,delivery_aware_v2,5,8,77,77,0,1.0,1.0,0,0,0,0.0,1.0,0.08333333333333333,0.0,0.11494252873563218,0.01282051282051282,1.0,0.0,0.0,1.0,1.0,0.0,0.0,1.0,1.0,0.0,0.0,1.0
constructed_high,high_compressibility,4,24,static,5,12,77,84,7,1.0909090909090908,1.0909090909090908,43,7,31,1.4545454545454546,1.0,0.0,-0.09090909090909091,0.034482758620689655,-0.09090909090909091,0.0,0.0,0.0,-3.7777777777777777,0.0,0.0,0.0,0.0,0.0,0.0,0.0,0.0
constructed_high,high_compressibility,4,24,capacity_aware,5,12,87,87,0,1.0,1.12987012987013,0,0,0,0.0,1.12987012987013,-0.03571428571428571,-0.12987012987012986,0.0,-0.12987012987012986,1.0,0.0,0.0,1.0,1.0,0.0,0.0,0.0,1.0,0.0,0.0,0.0
constructed_high,high_compressibility,4,24,smooth,5,12,77,77,0,1.0,1.0,0,0,0,0.0,1.0,0.08333333333333333,0.0,0.11494252873563218,0.0,1.0,0.0,0.0,1.0,1.0,0.0,0.0,0.0,1.0,0.0,0.0,0.0
constructed_high,high_compressibility,4,24,delivery_aware_v1,5,12,77,77,0,1.0,1.0,9,0,0,0.0,1.0,0.08333333333333333,0.0,0.11494252873563218,0.0,0.7906976744186046,0.0,0.0,0.0,1.0,0.0,0.0,0.0,1.0,0.0,0.0,0.0
constructed_high,high_compressibility,4,24,delivery_aware_v2,5,12,77,77,0,1.0,1.0,0,0,0,0.0,1.0,0.08333333333333333,0.0,0.11494252873563218,0.0,1.0,0.0,0.0,1.0,1.0,0.0,0.0,0.0,1.0,0.0,0.0,0.0
constructed_medium,medium_compressibility,4,24,static,1,0,73,95,22,1.3013698630136987,1.3013698630136987,22,46,22,6.780821917808219,1.0,0.0,-0.06741573033707865,0.05,-0.06741573033707865,0.0,-0.375,0.0,-0.375,0.0,-0.375,0.0,-0.375,0.0,-0.35294117647058826,0.0,-0.3142857142857143
constructed_medium,medium_compressibility,4,24,capacity_aware,1,0,100,100,0,1.0,1.36986301369863,0,0,0,0.0,1.36986301369863,-0.05263157894736842,-0.12359550561797752,0.0,-0.12359550561797752,1.0,1.0,0.0,1.0,1.0,1.0,0.0,1.0,1.0,1.0,0.0,1.0
constructed_medium,medium_compressibility,4,24,smooth,1,0,73,89,16,1.2191780821917808,1.2191780821917808,16,34,16,3.5205479452054793,1.0,0.06315789473684211,0.0,0.11,0.0,0.2727272727272727,0.0,0.0,0.0,0.2727272727272727,0.0,0.0,0.0,0.2608695652173913,0.0,0.0,0.02857142857142857
constructed_medium,medium_compressibility,4,24,delivery_aware_v1,1,0,73,89,16,1.2191780821917808,1.2191780821917808,16,35,16,3.8904109589041096,1.0,0.06315789473684211,0.0,0.11,0.0,0.2727272727272727,0.0,0.0,0.0,0.2727272727272727,0.0,0.0,0.0,0.2391304347826087,-0.029411764705882353,0.0,0.0
constructed_medium,medium_compressibility,4,24,delivery_aware_v2,1,0,73,89,16,1.2191780821917808,1.2191780821917808,16,34,16,3.5205479452054793,1.0,0.06315789473684211,0.0,0.11,0.0,0.2727272727272727,0.0,0.0,0.0,0.2727272727272727,0.0,0.0,0.0,0.2608695652173913,0.0,0.0,0.02857142857142857
constructed_medium,medium_compressibility,4,24,static,1,4,73,91,18,1.2465753424657535,1.2465753424657535,22,38,18,4.424657534246576,1.0,0.0,-0.07058823529411765,0.09,-0.07058823529411765,0.0,-0.375,0.0,-0.375,0.0,-0.5,0.0,-0.5,0.0,-0.52,0.0,-0.11764705882352941
constructed_medium,medium_compressibility,4,24,capacity_aware,1,4,100,100,0,1.0,1.36986301369863,0,0,0,0.0,1.36986301369863,-0.0989010989010989,-0.17647058823529413,0.0,-0.17647058823529413,1.0,1.0,0.0,1.0,1.0,1.0,0.0,1.0,1.0,1.0,0.0,1.0
constructed_medium,medium_compressibility,4,24,smooth,1,4,73,85,12,1.1643835616438356,1.1643835616438356,16,25,12,1.8630136986301369,1.0,0.06593406593406594,0.0,0.15,0.0,0.2727272727272727,0.0,0.0,0.0,0.3333333333333333,0.0,0.0,0.0,0.34210526315789475,0.0,0.0,0.2647058823529412
constructed_medium,medium_compressibility,4,24,delivery_aware_v1,1,4,73,85,12,1.1643835616438356,1.1643835616438356,16,34,12,2.219178082191781,1.0,0.06593406593406594,0.0,0.15,0.0,0.2727272727272727,0.0,0.0,0.0,0.3333333333333333,0.0,0.0,0.0,0.10526315789473684,-0.36,0.0,0.0
constructed_medium,medium_compressibility,4,24,delivery_aware_v2,1,4,73,85,12,1.1643835616438356,1.1643835616438356,16,25,12,1.8630136986301369,1.0,0.06593406593406594,0.0,0.15,0.0,0.2727272727272727,0.0,0.0,0.0,0.3333333333333333,0.0,0.0,0.0,0.34210526315789475,0.0,0.0,0.2647058823529412
constructed_medium,medium_compressibility,4,24,static,1,8,73,87,14,1.1917808219178083,1.1917808219178083,22,29,14,2.5342465753424657,1.0,0.0,-0.07407407407407407,0.13,-0.07407407407407407,0.0,-0.375,0.0,-0.375,0.0,-0.75,0.0,-0.75,0.0,-0.8125,0.0,-0.07407407407407407
constructed_medium,medium_compressibility,4,24,capacity_aware,1,8,100,100,0,1.0,1.36986301369863,0,0,0,0.0,1.36986301369863,-0.14942528735632185,-0.2345679012345679,0.0,-0.2345679012345679,1.0,1.0,0.0,1.0,1.0,1.0,0.0,1.0,1.0,1.0,0.0,1.0
constructed_medium,medium_compressibility,4,24,smooth,1,8,73,81,8,1.1095890410958904,1.1095890410958904,16,16,8,0.6986301369863014,1.0,0.06896551724137931,0.0,0.19,0.0,0.2727272727272727,0.0,0.0,0.0,0.42857142857142855,0.0,0.0,0.0,0.4482758620689655,0.0,0.0,0.4074074074074074
constructed_medium,medium_compressibility,4,24,delivery_aware_v1,1,8,73,81,8,1.1095890410958904,1.1095890410958904,16,27,8,1.0136986301369864,1.0,0.06896551724137931,0.0,0.19,0.0,0.2727272727272727,0.0,0.0,0.0,0.42857142857142855,0.0,0.0,0.0,0.06896551724137931,-0.6875,0.0,0.0
constructed_medium,medium_compressibility,4,24,delivery_aware_v2,1,8,73,81,8,1.1095890410958904,1.1095890410958904,16,16,8,0.6986301369863014,1.0,0.06896551724137931,0.0,0.19,0.0,0.2727272727272727,0.0,0.0,0.0,0.42857142857142855,0.0,0.0,0.0,0.4482758620689655,0.0,0.0,0.4074074074074074
constructed_medium,medium_compressibility,4,24,static,1,12,73,83,10,1.1369863013698631,1.1369863013698631,22,19,10,1.1506849315068493,1.0,0.0,-0.07792207792207792,0.17,-0.07792207792207792,0.0,-0.375,0.0,-0.375,0.0,-1.5,0.0,-1.5,0.0,-3.75,0.0,-0.11764705882352941
constructed_medium,medium_compressibility,4,24,capacity_aware,1,12,100,100,0,1.0,1.36986301369863,0,0,0,0.0,1.36986301369863,-0.20481927710843373,-0.2987012987012987,0.0,-0.2987012987012987,1.0,1.0,0.0,1.0,1.0,1.0,0.0,1.0,1.0,1.0,0.0,1.0
constructed_medium,medium_compressibility,4,24,smooth,1,12,73,77,4,1.0547945205479452,1.0547945205479452,16,4,4,0.136986301369863,1.0,0.07228915662650602,0.0,0.23,0.0,0.2727272727272727,0.0,0.0,0.0,0.6,0.0,0.0,0.0,0.7894736842105263,0.0,0.0,0.7647058823529411
constructed_medium,medium_compressibility,4,24,delivery_aware_v1,1,12,73,77,4,1.0547945205479452,1.0547945205479452,16,17,4,0.3150684931506849,1.0,0.07228915662650602,0.0,0.23,0.0,0.2727272727272727,0.0,0.0,0.0,0.6,0.0,0.0,0.0,0.10526315789473684,-3.25,0.0,0.0
constructed_medium,medium_compressibility,4,24,delivery_aware_v2,1,12,73,77,4,1.0547945205479452,1.0547945205479452,16,4,4,0.136986301369863,1.0,0.07228915662650602,0.0,0.23,0.0,0.2727272727272727,0.0,0.0,0.0,0.6,0.0,0.0,0.0,0.7894736842105263,0.0,0.0,0.7647058823529411
constructed_medium,medium_compressibility,4,24,static,2,0,73,75,2,1.0273972602739727,1.0273972602739727,4,4,4,0.136986301369863,1.0,0.0,-0.0273972602739726,0.07407407407407407,-0.0273972602739726,0.0,0.0,0.0,0.0,0.0,0.0,0.0,0.0,0.0,0.0,0.0,0.0
constructed_medium,medium_compressibility,4,24,capacity_aware,2,0,81,81,0,1.0,1.1095890410958904,0,0,0,0.0,1.1095890410958904,-0.08,-0.1095890410958904,0.0,-0.1095890410958904,1.0,0.0,0.0,0.0,1.0,0.0,0.0,0.0,1.0,0.0,0.0,0.0
constructed_medium,medium_compressibility,4,24,smooth,2,0,73,73,0,1.0,1.0,0,0,0,0.0,1.0,0.02666666666666667,0.0,0.09876543209876543,0.0,1.0,0.0,0.0,0.0,1.0,0.0,0.0,0.0,1.0,0.0,0.0,0.0
constructed_medium,medium_compressibility,4,24,delivery_aware_v1,2,0,73,73,0,1.0,1.0,0,0,0,0.0,1.0,0.02666666666666667,0.0,0.09876543209876543,0.0,1.0,0.0,0.0,0.0,1.0,0.0,0.0,0.0,1.0,0.0,0.0,0.0
constructed_medium,medium_compressibility,4,24,delivery_aware_v2,2,0,73,73,0,1.0,1.0,0,0,0,0.0,1.0,0.02666666666666667,0.0,0.09876543209876543,0.0,1.0,0.0,0.0,0.0,1.0,0.0,0.0,0.0,1.0,0.0,0.0,0.0
constructed_medium,medium_compressibility,4,24,static,2,4,73,73,0,1.0,1.0,4,0,0,0.0,1.0,0.0,0.0,0.09876543209876543,0.0,0.0,0.0,0.0,0.0,0.0,0.0,0.0,0.0,0.0,0.0,0.0,0.0
constructed_medium,medium_compressibility,4,24,capacity_aware,2,4,81,81,0,1.0,1.1095890410958904,0,0,0,0.0,1.1095890410958904,-0.1095890410958904,-0.1095890410958904,0.0,-0.1095890410958904,1.0,0.0,0.0,0.0,0.0,0.0,0.0,0.0,0.0,0.0,0.0,0.0
constructed_medium,medium_compressibility,4,24,smooth,2,4,73,73,0,1.0,1.0,0,0,0,0.0,1.0,0.0,0.0,0.09876543209876543,0.0,1.0,0.0,0.0,0.0,0.0,0.0,0.0,0.0,0.0,0.0,0.0,0.0
constructed_medium,medium_compressibility,4,24,delivery_aware_v1,2,4,73,73,0,1.0,1.0,0,0,0,0.0,1.0,0.0,0.0,0.09876543209876543,0.0,1.0,0.0,0.0,0.0,0.0,0.0,0.0,0.0,0.0,0.0,0.0,0.0
constructed_medium,medium_compressibility,4,24,delivery_aware_v2,2,4,73,73,0,1.0,1.0,0,0,0,0.0,1.0,0.0,0.0,0.09876543209876543,0.0,1.0,0.0,0.0,0.0,0.0,0.0,0.0,0.0,0.0,0.0,0.0,0.0
constructed_medium,medium_compressibility,4,24,static,2,8,73,73,0,1.0,1.0,4,0,0,0.0,1.0,0.0,0.0,0.09876543209876543,0.0,0.0,0.0,0.0,-1.0,0.0,0.0,0.0,0.0,0.0,0.0,0.0,0.0
constructed_medium,medium_compressibility,4,24,capacity_aware,2,8,81,81,0,1.0,1.1095890410958904,0,0,0,0.0,1.1095890410958904,-0.1095890410958904,-0.1095890410958904,0.0,-0.1095890410958904,1.0,0.0,0.0,1.0,0.0,0.0,0.0,0.0,0.0,0.0,0.0,0.0
constructed_medium,medium_compressibility,4,24,smooth,2,8,73,73,0,1.0,1.0,0,0,0,0.0,1.0,0.0,0.0,0.09876543209876543,0.0,1.0,0.0,0.0,1.0,0.0,0.0,0.0,0.0,0.0,0.0,0.0,0.0
constructed_medium,medium_compressibility,4,24,delivery_aware_v1,2,8,73,73,0,1.0,1.0,2,0,0,0.0,1.0,0.0,0.0,0.09876543209876543,0.0,0.5,0.0,0.0,0.0,0.0,0.0,0.0,0.0,0.0,0.0,0.0,0.0
constructed_medium,medium_compressibility,4,24,delivery_aware_v2,2,8,73,73,0,1.0,1.0,0,0,0,0.0,1.0,0.0,0.0,0.09876543209876543,0.0,1.0,0.0,0.0,1.0,0.0,0.0,0.0,0.0,0.0,0.0,0.0,0.0
constructed_medium,medium_compressibility,4,24,static,2,12,73,73,0,1.0,1.0,4,0,0,0.0,1.0,0.0,0.0,0.09876543209876543,0.0,0.0,0.0,0.0,-1.0,0.0,0.0,0.0,0.0,0.0,0.0,0.0,0.0
constructed_medium,medium_compressibility,4,24,capacity_aware,2,12,81,81,0,1.0,1.1095890410958904,0,0,0,0.0,1.1095890410958904,-0.1095890410958904,-0.1095890410958904,0.0,-0.1095890410958904,1.0,0.0,0.0,1.0,0.0,0.0,0.0,0.0,0.0,0.0,0.0,0.0
constructed_medium,medium_compressibility,4,24,smooth,2,12,73,73,0,1.0,1.0,0,0,0,0.0,1.0,0.0,0.0,0.09876543209876543,0.0,1.0,0.0,0.0,1.0,0.0,0.0,0.0,0.0,0.0,0.0,0.0,0.0
constructed_medium,medium_compressibility,4,24,delivery_aware_v1,2,12,73,73,0,1.0,1.0,2,0,0,0.0,1.0,0.0,0.0,0.09876543209876543,0.0,0.5,0.0,0.0,0.0,0.0,0.0,0.0,0.0,0.0,0.0,0.0,0.0
constructed_medium,medium_compressibility,4,24,delivery_aware_v2,2,12,73,73,0,1.0,1.0,0,0,0,0.0,1.0,0.0,0.0,0.09876543209876543,0.0,1.0,0.0,0.0,1.0,0.0,0.0,0.0,0.0,0.0,0.0,0.0,0.0
constructed_medium,medium_compressibility,4,24,static,3,0,73,74,1,1.0136986301369864,1.0136986301369864,2,1,2,0.0273972602739726,1.0,0.0,-0.0136986301369863,0.05128205128205128,-0.0136986301369863,0.0,0.0,0.0,0.0,0.0,0.0,0.0,0.0,0.0,0.0,0.0,0.0
constructed_medium,medium_compressibility,4,24,capacity_aware,3,0,78,78,0,1.0,1.0684931506849316,0,0,0,0.0,1.0684931506849316,-0.05405405405405406,-0.0684931506849315,0.0,-0.0684931506849315,1.0,0.0,0.0,0.0,1.0,0.0,0.0,0.0,1.0,0.0,0.0,0.0
constructed_medium,medium_compressibility,4,24,smooth,3,0,73,73,0,1.0,1.0,0,0,0,0.0,1.0,0.013513513513513514,0.0,0.0641025641025641,0.0,1.0,0.0,0.0,0.0,1.0,0.0,0.0,0.0,1.0,0.0,0.0,0.0
constructed_medium,medium_compressibility,4,24,delivery_aware_v1,3,0,73,73,0,1.0,1.0,0,0,0,0.0,1.0,0.013513513513513514,0.0,0.0641025641025641,0.0,1.0,0.0,0.0,0.0,1.0,0.0,0.0,0.0,1.0,0.0,0.0,0.0
constructed_medium,medium_compressibility,4,24,delivery_aware_v2,3,0,73,73,0,1.0,1.0,0,0,0,0.0,1.0,0.013513513513513514,0.0,0.0641025641025641,0.0,1.0,0.0,0.0,0.0,1.0,0.0,0.0,0.0,1.0,0.0,0.0,0.0
constructed_medium,medium_compressibility,4,24,static,3,4,73,73,0,1.0,1.0,2,0,0,0.0,1.0,0.0,0.0,0.0641025641025641,0.0,0.0,0.0,0.0,0.0,0.0,0.0,0.0,0.0,0.0,0.0,0.0,0.0
constructed_medium,medium_compressibility,4,24,capacity_aware,3,4,78,78,0,1.0,1.0684931506849316,0,0,0,0.0,1.0684931506849316,-0.0684931506849315,-0.0684931506849315,0.0,-0.0684931506849315,1.0,0.0,0.0,0.0,0.0,0.0,0.0,0.0,0.0,0.0,0.0,0.0
constructed_medium,medium_compressibility,4,24,smooth,3,4,73,73,0,1.0,1.0,0,0,0,0.0,1.0,0.0,0.0,0.0641025641025641,0.0,1.0,0.0,0.0,0.0,0.0,0.0,0.0,0.0,0.0,0.0,0.0,0.0
constructed_medium,medium_compressibility,4,24,delivery_aware_v1,3,4,73,73,0,1.0,1.0,0,0,0,0.0,1.0,0.0,0.0,0.0641025641025641,0.0,1.0,0.0,0.0,0.0,0.0,0.0,0.0,0.0,0.0,0.0,0.0,0.0
constructed_medium,medium_compressibility,4,24,delivery_aware_v2,3,4,73,73,0,1.0,1.0,0,0,0,0.0,1.0,0.0,0.0,0.0641025641025641,0.0,1.0,0.0,0.0,0.0,0.0,0.0,0.0,0.0,0.0,0.0,0.0,0.0
constructed_medium,medium_compressibility,4,24,static,3,8,73,73,0,1.0,1.0,2,0,0,0.0,1.0,0.0,0.0,0.0641025641025641,0.0,0.0,0.0,0.0,0.0,0.0,0.0,0.0,0.0,0.0,0.0,0.0,0.0
constructed_medium,medium_compressibility,4,24,capacity_aware,3,8,78,78,0,1.0,1.0684931506849316,0,0,0,0.0,1.0684931506849316,-0.0684931506849315,-0.0684931506849315,0.0,-0.0684931506849315,1.0,0.0,0.0,0.0,0.0,0.0,0.0,0.0,0.0,0.0,0.0,0.0
constructed_medium,medium_compressibility,4,24,smooth,3,8,73,73,0,1.0,1.0,0,0,0,0.0,1.0,0.0,0.0,0.0641025641025641,0.0,1.0,0.0,0.0,0.0,0.0,0.0,0.0,0.0,0.0,0.0,0.0,0.0
constructed_medium,medium_compressibility,4,24,delivery_aware_v1,3,8,73,73,0,1.0,1.0,0,0,0,0.0,1.0,0.0,0.0,0.0641025641025641,0.0,1.0,0.0,0.0,0.0,0.0,0.0,0.0,0.0,0.0,0.0,0.0,0.0
constructed_medium,medium_compressibility,4,24,delivery_aware_v2,3,8,73,73,0,1.0,1.0,0,0,0,0.0,1.0,0.0,0.0,0.0641025641025641,0.0,1.0,0.0,0.0,0.0,0.0,0.0,0.0,0.0,0.0,0.0,0.0,0.0
constructed_medium,medium_compressibility,4,24,static,3,12,73,73,0,1.0,1.0,2,0,0,0.0,1.0,0.0,0.0,0.0641025641025641,0.0,0.0,0.0,0.0,0.0,0.0,0.0,0.0,0.0,0.0,0.0,0.0,0.0
constructed_medium,medium_compressibility,4,24,capacity_aware,3,12,78,78,0,1.0,1.0684931506849316,0,0,0,0.0,1.0684931506849316,-0.0684931506849315,-0.0684931506849315,0.0,-0.0684931506849315,1.0,0.0,0.0,0.0,0.0,0.0,0.0,0.0,0.0,0.0,0.0,0.0
constructed_medium,medium_compressibility,4,24,smooth,3,12,73,73,0,1.0,1.0,0,0,0,0.0,1.0,0.0,0.0,0.0641025641025641,0.0,1.0,0.0,0.0,0.0,0.0,0.0,0.0,0.0,0.0,0.0,0.0,0.0
constructed_medium,medium_compressibility,4,24,delivery_aware_v1,3,12,73,73,0,1.0,1.0,0,0,0,0.0,1.0,0.0,0.0,0.0641025641025641,0.0,1.0,0.0,0.0,0.0,0.0,0.0,0.0,0.0,0.0,0.0,0.0,0.0
constructed_medium,medium_compressibility,4,24,delivery_aware_v2,3,12,73,73,0,1.0,1.0,0,0,0,0.0,1.0,0.0,0.0,0.0641025641025641,0.0,1.0,0.0,0.0,0.0,0.0,0.0,0.0,0.0,0.0,0.0,0.0,0.0
constructed_medium,medium_compressibility,4,24,static,4,0,73,73,0,1.0,1.0,0,0,0,0.0,1.0,0.0,0.0,0.02666666666666667,0.0,0.0,0.0,0.0,0.0,0.0,0.0,0.0,0.0,0.0,0.0,0.0,0.0
constructed_medium,medium_compressibility,4,24,capacity_aware,4,0,75,75,0,1.0,1.0273972602739727,0,0,0,0.0,1.0273972602739727,-0.0273972602739726,-0.0273972602739726,0.0,-0.0273972602739726,0.0,0.0,0.0,0.0,0.0,0.0,0.0,0.0,0.0,0.0,0.0,0.0
constructed_medium,medium_compressibility,4,24,smooth,4,0,73,73,0,1.0,1.0,0,0,0,0.0,1.0,0.0,0.0,0.02666666666666667,0.0,0.0,0.0,0.0,0.0,0.0,0.0,0.0,0.0,0.0,0.0,0.0,0.0
constructed_medium,medium_compressibility,4,24,delivery_aware_v1,4,0,73,73,0,1.0,1.0,0,0,0,0.0,1.0,0.0,0.0,0.02666666666666667,0.0,0.0,0.0,0.0,0.0,0.0,0.0,0.0,0.0,0.0,0.0,0.0,0.0
constructed_medium,medium_compressibility,4,24,delivery_aware_v2,4,0,73,73,0,1.0,1.0,0,0,0,0.0,1.0,0.0,0.0,0.02666666666666667,0.0,0.0,0.0,0.0,0.0,0.0,0.0,0.0,0.0,0.0,0.0,0.0,0.0
constructed_medium,medium_compressibility,4,24,static,4,4,73,73,0,1.0,1.0,0,0,0,0.0,1.0,0.0,0.0,0.02666666666666667,0.0,0.0,0.0,0.0,0.0,0.0,0.0,0.0,0.0,0.0,0.0,0.0,0.0
constructed_medium,medium_compressibility,4,24,capacity_aware,4,4,75,75,0,1.0,1.0273972602739727,0,0,0,0.0,1.0273972602739727,-0.0273972602739726,-0.0273972602739726,0.0,-0.0273972602739726,0.0,0.0,0.0,0.0,0.0,0.0,0.0,0.0,0.0,0.0,0.0,0.0
constructed_medium,medium_compressibility,4,24,smooth,4,4,73,73,0,1.0,1.0,0,0,0,0.0,1.0,0.0,0.0,0.02666666666666667,0.0,0.0,0.0,0.0,0.0,0.0,0.0,0.0,0.0,0.0,0.0,0.0,0.0
constructed_medium,medium_compressibility,4,24,delivery_aware_v1,4,4,73,73,0,1.0,1.0,0,0,0,0.0,1.0,0.0,0.0,0.02666666666666667,0.0,0.0,0.0,0.0,0.0,0.0,0.0,0.0,0.0,0.0,0.0,0.0,0.0
constructed_medium,medium_compressibility,4,24,delivery_aware_v2,4,4,73,73,0,1.0,1.0,0,0,0,0.0,1.0,0.0,0.0,0.02666666666666667,0.0,0.0,0.0,0.0,0.0,0.0,0.0,0.0,0.0,0.0,0.0,0.0,0.0
constructed_medium,medium_compressibility,4,24,static,4,8,73,73,0,1.0,1.0,0,0,0,0.0,1.0,0.0,0.0,0.02666666666666667,0.0,0.0,0.0,0.0,0.0,0.0,0.0,0.0,0.0,0.0,0.0,0.0,0.0
constructed_medium,medium_compressibility,4,24,capacity_aware,4,8,75,75,0,1.0,1.0273972602739727,0,0,0,0.0,1.0273972602739727,-0.0273972602739726,-0.0273972602739726,0.0,-0.0273972602739726,0.0,0.0,0.0,0.0,0.0,0.0,0.0,0.0,0.0,0.0,0.0,0.0
constructed_medium,medium_compressibility,4,24,smooth,4,8,73,73,0,1.0,1.0,0,0,0,0.0,1.0,0.0,0.0,0.02666666666666667,0.0,0.0,0.0,0.0,0.0,0.0,0.0,0.0,0.0,0.0,0.0,0.0,0.0
constructed_medium,medium_compressibility,4,24,delivery_aware_v1,4,8,73,73,0,1.0,1.0,0,0,0,0.0,1.0,0.0,0.0,0.02666666666666667,0.0,0.0,0.0,0.0,0.0,0.0,0.0,0.0,0.0,0.0,0.0,0.0,0.0
constructed_medium,medium_compressibility,4,24,delivery_aware_v2,4,8,73,73,0,1.0,1.0,0,0,0,0.0,1.0,0.0,0.0,0.02666666666666667,0.0,0.0,0.0,0.0,0.0,0.0,0.0,0.0,0.0,0.0,0.0,0.0,0.0
constructed_medium,medium_compressibility,4,24,static,4,12,73,73,0,1.0,1.0,0,0,0,0.0,1.0,0.0,0.0,0.02666666666666667,0.0,0.0,0.0,0.0,0.0,0.0,0.0,0.0,0.0,0.0,0.0,0.0,0.0
constructed_medium,medium_compressibility,4,24,capacity_aware,4,12,75,75,0,1.0,1.0273972602739727,0,0,0,0.0,1.0273972602739727,-0.0273972602739726,-0.0273972602739726,0.0,-0.0273972602739726,0.0,0.0,0.0,0.0,0.0,0.0,0.0,0.0,0.0,0.0,0.0,0.0
constructed_medium,medium_compressibility,4,24,smooth,4,12,73,73,0,1.0,1.0,0,0,0,0.0,1.0,0.0,0.0,0.02666666666666667,0.0,0.0,0.0,0.0,0.0,0.0,0.0,0.0,0.0,0.0,0.0,0.0,0.0
constructed_medium,medium_compressibility,4,24,delivery_aware_v1,4,12,73,73,0,1.0,1.0,0,0,0,0.0,1.0,0.0,0.0,0.02666666666666667,0.0,0.0,0.0,0.0,0.0,0.0,0.0,0.0,0.0,0.0,0.0,0.0,0.0
constructed_medium,medium_compressibility,4,24,delivery_aware_v2,4,12,73,73,0,1.0,1.0,0,0,0,0.0,1.0,0.0,0.0,0.02666666666666667,0.0,0.0,0.0,0.0,0.0,0.0,0.0,0.0,0.0,0.0,0.0,0.0,0.0
constructed_medium,medium_compressibility,4,24,static,5,0,73,73,0,1.0,1.0,0,0,0,0.0,1.0,0.0,0.0,0.02666666666666667,0.0,0.0,0.0,0.0,0.0,0.0,0.0,0.0,0.0,0.0,0.0,0.0,0.0
constructed_medium,medium_compressibility,4,24,capacity_aware,5,0,75,75,0,1.0,1.0273972602739727,0,0,0,0.0,1.0273972602739727,-0.0273972602739726,-0.0273972602739726,0.0,-0.0273972602739726,0.0,0.0,0.0,0.0,0.0,0.0,0.0,0.0,0.0,0.0,0.0,0.0
constructed_medium,medium_compressibility,4,24,smooth,5,0,73,73,0,1.0,1.0,0,0,0,0.0,1.0,0.0,0.0,0.02666666666666667,0.0,0.0,0.0,0.0,0.0,0.0,0.0,0.0,0.0,0.0,0.0,0.0,0.0
constructed_medium,medium_compressibility,4,24,delivery_aware_v1,5,0,73,73,0,1.0,1.0,0,0,0,0.0,1.0,0.0,0.0,0.02666666666666667,0.0,0.0,0.0,0.0,0.0,0.0,0.0,0.0,0.0,0.0,0.0,0.0,0.0
constructed_medium,medium_compressibility,4,24,delivery_aware_v2,5,0,73,73,0,1.0,1.0,0,0,0,0.0,1.0,0.0,0.0,0.02666666666666667,0.0,0.0,0.0,0.0,0.0,0.0,0.0,0.0,0.0,0.0,0.0,0.0,0.0
constructed_medium,medium_compressibility,4,24,static,5,4,73,73,0,1.0,1.0,0,0,0,0.0,1.0,0.0,0.0,0.02666666666666667,0.0,0.0,0.0,0.0,0.0,0.0,0.0,0.0,0.0,0.0,0.0,0.0,0.0
constructed_medium,medium_compressibility,4,24,capacity_aware,5,4,75,75,0,1.0,1.0273972602739727,0,0,0,0.0,1.0273972602739727,-0.0273972602739726,-0.0273972602739726,0.0,-0.0273972602739726,0.0,0.0,0.0,0.0,0.0,0.0,0.0,0.0,0.0,0.0,0.0,0.0
constructed_medium,medium_compressibility,4,24,smooth,5,4,73,73,0,1.0,1.0,0,0,0,0.0,1.0,0.0,0.0,0.02666666666666667,0.0,0.0,0.0,0.0,0.0,0.0,0.0,0.0,0.0,0.0,0.0,0.0,0.0
constructed_medium,medium_compressibility,4,24,delivery_aware_v1,5,4,73,73,0,1.0,1.0,0,0,0,0.0,1.0,0.0,0.0,0.02666666666666667,0.0,0.0,0.0,0.0,0.0,0.0,0.0,0.0,0.0,0.0,0.0,0.0,0.0
constructed_medium,medium_compressibility,4,24,delivery_aware_v2,5,4,73,73,0,1.0,1.0,0,0,0,0.0,1.0,0.0,0.0,0.02666666666666667,0.0,0.0,0.0,0.0,0.0,0.0,0.0,0.0,0.0,0.0,0.0,0.0,0.0
constructed_medium,medium_compressibility,4,24,static,5,8,73,73,0,1.0,1.0,0,0,0,0.0,1.0,0.0,0.0,0.02666666666666667,0.0,0.0,0.0,0.0,0.0,0.0,0.0,0.0,0.0,0.0,0.0,0.0,0.0
constructed_medium,medium_compressibility,4,24,capacity_aware,5,8,75,75,0,1.0,1.0273972602739727,0,0,0,0.0,1.0273972602739727,-0.0273972602739726,-0.0273972602739726,0.0,-0.0273972602739726,0.0,0.0,0.0,0.0,0.0,0.0,0.0,0.0,0.0,0.0,0.0,0.0
constructed_medium,medium_compressibility,4,24,smooth,5,8,73,73,0,1.0,1.0,0,0,0,0.0,1.0,0.0,0.0,0.02666666666666667,0.0,0.0,0.0,0.0,0.0,0.0,0.0,0.0,0.0,0.0,0.0,0.0,0.0
constructed_medium,medium_compressibility,4,24,delivery_aware_v1,5,8,73,73,0,1.0,1.0,0,0,0,0.0,1.0,0.0,0.0,0.02666666666666667,0.0,0.0,0.0,0.0,0.0,0.0,0.0,0.0,0.0,0.0,0.0,0.0,0.0
constructed_medium,medium_compressibility,4,24,delivery_aware_v2,5,8,73,73,0,1.0,1.0,0,0,0,0.0,1.0,0.0,0.0,0.02666666666666667,0.0,0.0,0.0,0.0,0.0,0.0,0.0,0.0,0.0,0.0,0.0,0.0,0.0
constructed_medium,medium_compressibility,4,24,static,5,12,73,73,0,1.0,1.0,0,0,0,0.0,1.0,0.0,0.0,0.02666666666666667,0.0,0.0,0.0,0.0,0.0,0.0,0.0,0.0,0.0,0.0,0.0,0.0,0.0
constructed_medium,medium_compressibility,4,24,capacity_aware,5,12,75,75,0,1.0,1.0273972602739727,0,0,0,0.0,1.0273972602739727,-0.0273972602739726,-0.0273972602739726,0.0,-0.0273972602739726,0.0,0.0,0.0,0.0,0.0,0.0,0.0,0.0,0.0,0.0,0.0,0.0
constructed_medium,medium_compressibility,4,24,smooth,5,12,73,73,0,1.0,1.0,0,0,0,0.0,1.0,0.0,0.0,0.02666666666666667,0.0,0.0,0.0,0.0,0.0,0.0,0.0,0.0,0.0,0.0,0.0,0.0,0.0
constructed_medium,medium_compressibility,4,24,delivery_aware_v1,5,12,73,73,0,1.0,1.0,0,0,0,0.0,1.0,0.0,0.0,0.02666666666666667,0.0,0.0,0.0,0.0,0.0,0.0,0.0,0.0,0.0,0.0,0.0,0.0,0.0
constructed_medium,medium_compressibility,4,24,delivery_aware_v2,5,12,73,73,0,1.0,1.0,0,0,0,0.0,1.0,0.0,0.0,0.02666666666666667,0.0,0.0,0.0,0.0,0.0,0.0,0.0,0.0,0.0,0.0,0.0,0.0,0.0
constructed_low,low_compressibility,4,24,static,1,0,100,100,0,1.0,1.0,0,0,0,0.0,1.0,0.0,0.0,0.0,0.0,0.0,0.0,0.0,0.0,0.0,0.0,0.0,0.0,0.0,0.0,0.0,0.0
constructed_low,low_compressibility,4,24,capacity_aware,1,0,100,100,0,1.0,1.0,0,0,0,0.0,1.0,0.0,0.0,0.0,0.0,0.0,0.0,0.0,0.0,0.0,0.0,0.0,0.0,0.0,0.0,0.0,0.0
constructed_low,low_compressibility,4,24,smooth,1,0,100,100,0,1.0,1.0,0,0,0,0.0,1.0,0.0,0.0,0.0,0.0,0.0,0.0,0.0,0.0,0.0,0.0,0.0,0.0,0.0,0.0,0.0,0.0
constructed_low,low_compressibility,4,24,delivery_aware_v1,1,0,100,100,0,1.0,1.0,0,0,0,0.0,1.0,0.0,0.0,0.0,0.0,0.0,0.0,0.0,0.0,0.0,0.0,0.0,0.0,0.0,0.0,0.0,0.0
constructed_low,low_compressibility,4,24,delivery_aware_v2,1,0,100,100,0,1.0,1.0,0,0,0,0.0,1.0,0.0,0.0,0.0,0.0,0.0,0.0,0.0,0.0,0.0,0.0,0.0,0.0,0.0,0.0,0.0,0.0
constructed_low,low_compressibility,4,24,static,1,4,100,100,0,1.0,1.0,0,0,0,0.0,1.0,0.0,0.0,0.0,0.0,0.0,0.0,0.0,0.0,0.0,0.0,0.0,0.0,0.0,0.0,0.0,0.0
constructed_low,low_compressibility,4,24,capacity_aware,1,4,100,100,0,1.0,1.0,0,0,0,0.0,1.0,0.0,0.0,0.0,0.0,0.0,0.0,0.0,0.0,0.0,0.0,0.0,0.0,0.0,0.0,0.0,0.0
constructed_low,low_compressibility,4,24,smooth,1,4,100,100,0,1.0,1.0,0,0,0,0.0,1.0,0.0,0.0,0.0,0.0,0.0,0.0,0.0,0.0,0.0,0.0,0.0,0.0,0.0,0.0,0.0,0.0
constructed_low,low_compressibility,4,24,delivery_aware_v1,1,4,100,100,0,1.0,1.0,0,0,0,0.0,1.0,0.0,0.0,0.0,0.0,0.0,0.0,0.0,0.0,0.0,0.0,0.0,0.0,0.0,0.0,0.0,0.0
constructed_low,low_compressibility,4,24,delivery_aware_v2,1,4,100,100,0,1.0,1.0,0,0,0,0.0,1.0,0.0,0.0,0.0,0.0,0.0,0.0,0.0,0.0,0.0,0.0,0.0,0.0,0.0,0.0,0.0,0.0
constructed_low,low_compressibility,4,24,static,1,8,100,100,0,1.0,1.0,0,0,0,0.0,1.0,0.0,0.0,0.0,0.0,0.0,0.0,0.0,0.0,0.0,0.0,0.0,0.0,0.0,0.0,0.0,0.0
constructed_low,low_compressibility,4,24,capacity_aware,1,8,100,100,0,1.0,1.0,0,0,0,0.0,1.0,0.0,0.0,0.0,0.0,0.0,0.0,0.0,0.0,0.0,0.0,0.0,0.0,0.0,0.0,0.0,0.0
constructed_low,low_compressibility,4,24,smooth,1,8,100,100,0,1.0,1.0,0,0,0,0.0,1.0,0.0,0.0,0.0,0.0,0.0,0.0,0.0,0.0,0.0,0.0,0.0,0.0,0.0,0.0,0.0,0.0
constructed_low,low_compressibility,4,24,delivery_aware_v1,1,8,100,100,0,1.0,1.0,0,0,0,0.0,1.0,0.0,0.0,0.0,0.0,0.0,0.0,0.0,0.0,0.0,0.0,0.0,0.0,0.0,0.0,0.0,0.0
constructed_low,low_compressibility,4,24,delivery_aware_v2,1,8,100,100,0,1.0,1.0,0,0,0,0.0,1.0,0.0,0.0,0.0,0.0,0.0,0.0,0.0,0.0,0.0,0.0,0.0,0.0,0.0,0.0,0.0,0.0
constructed_low,low_compressibility,4,24,static,1,12,100,100,0,1.0,1.0,0,0,0,0.0,1.0,0.0,0.0,0.0,0.0,0.0,0.0,0.0,0.0,0.0,0.0,0.0,0.0,0.0,0.0,0.0,0.0
constructed_low,low_compressibility,4,24,capacity_aware,1,12,100,100,0,1.0,1.0,0,0,0,0.0,1.0,0.0,0.0,0.0,0.0,0.0,0.0,0.0,0.0,0.0,0.0,0.0,0.0,0.0,0.0,0.0,0.0
constructed_low,low_compressibility,4,24,smooth,1,12,100,100,0,1.0,1.0,0,0,0,0.0,1.0,0.0,0.0,0.0,0.0,0.0,0.0,0.0,0.0,0.0,0.0,0.0,0.0,0.0,0.0,0.0,0.0
constructed_low,low_compressibility,4,24,delivery_aware_v1,1,12,100,100,0,1.0,1.0,0,0,0,0.0,1.0,0.0,0.0,0.0,0.0,0.0,0.0,0.0,0.0,0.0,0.0,0.0,0.0,0.0,0.0,0.0,0.0
constructed_low,low_compressibility,4,24,delivery_aware_v2,1,12,100,100,0,1.0,1.0,0,0,0,0.0,1.0,0.0,0.0,0.0,0.0,0.0,0.0,0.0,0.0,0.0,0.0,0.0,0.0,0.0,0.0,0.0,0.0
constructed_low,low_compressibility,4,24,static,2,0,100,100,0,1.0,1.0,0,0,0,0.0,1.0,0.0,0.0,0.0,0.0,0.0,0.0,0.0,0.0,0.0,0.0,0.0,0.0,0.0,0.0,0.0,0.0
constructed_low,low_compressibility,4,24,capacity_aware,2,0,100,100,0,1.0,1.0,0,0,0,0.0,1.0,0.0,0.0,0.0,0.0,0.0,0.0,0.0,0.0,0.0,0.0,0.0,0.0,0.0,0.0,0.0,0.0
constructed_low,low_compressibility,4,24,smooth,2,0,100,100,0,1.0,1.0,0,0,0,0.0,1.0,0.0,0.0,0.0,0.0,0.0,0.0,0.0,0.0,0.0,0.0,0.0,0.0,0.0,0.0,0.0,0.0
constructed_low,low_compressibility,4,24,delivery_aware_v1,2,0,100,100,0,1.0,1.0,0,0,0,0.0,1.0,0.0,0.0,0.0,0.0,0.0,0.0,0.0,0.0,0.0,0.0,0.0,0.0,0.0,0.0,0.0,0.0
constructed_low,low_compressibility,4,24,delivery_aware_v2,2,0,100,100,0,1.0,1.0,0,0,0,0.0,1.0,0.0,0.0,0.0,0.0,0.0,0.0,0.0,0.0,0.0,0.0,0.0,0.0,0.0,0.0,0.0,0.0
constructed_low,low_compressibility,4,24,static,2,4,100,100,0,1.0,1.0,0,0,0,0.0,1.0,0.0,0.0,0.0,0.0,0.0,0.0,0.0,0.0,0.0,0.0,0.0,0.0,0.0,0.0,0.0,0.0
constructed_low,low_compressibility,4,24,capacity_aware,2,4,100,100,0,1.0,1.0,0,0,0,0.0,1.0,0.0,0.0,0.0,0.0,0.0,0.0,0.0,0.0,0.0,0.0,0.0,0.0,0.0,0.0,0.0,0.0
constructed_low,low_compressibility,4,24,smooth,2,4,100,100,0,1.0,1.0,0,0,0,0.0,1.0,0.0,0.0,0.0,0.0,0.0,0.0,0.0,0.0,0.0,0.0,0.0,0.0,0.0,0.0,0.0,0.0
constructed_low,low_compressibility,4,24,delivery_aware_v1,2,4,100,100,0,1.0,1.0,0,0,0,0.0,1.0,0.0,0.0,0.0,0.0,0.0,0.0,0.0,0.0,0.0,0.0,0.0,0.0,0.0,0.0,0.0,0.0
constructed_low,low_compressibility,4,24,delivery_aware_v2,2,4,100,100,0,1.0,1.0,0,0,0,0.0,1.0,0.0,0.0,0.0,0.0,0.0,0.0,0.0,0.0,0.0,0.0,0.0,0.0,0.0,0.0,0.0,0.0
constructed_low,low_compressibility,4,24,static,2,8,100,100,0,1.0,1.0,0,0,0,0.0,1.0,0.0,0.0,0.0,0.0,0.0,0.0,0.0,0.0,0.0,0.0,0.0,0.0,0.0,0.0,0.0,0.0
constructed_low,low_compressibility,4,24,capacity_aware,2,8,100,100,0,1.0,1.0,0,0,0,0.0,1.0,0.0,0.0,0.0,0.0,0.0,0.0,0.0,0.0,0.0,0.0,0.0,0.0,0.0,0.0,0.0,0.0
constructed_low,low_compressibility,4,24,smooth,2,8,100,100,0,1.0,1.0,0,0,0,0.0,1.0,0.0,0.0,0.0,0.0,0.0,0.0,0.0,0.0,0.0,0.0,0.0,0.0,0.0,0.0,0.0,0.0
constructed_low,low_compressibility,4,24,delivery_aware_v1,2,8,100,100,0,1.0,1.0,0,0,0,0.0,1.0,0.0,0.0,0.0,0.0,0.0,0.0,0.0,0.0,0.0,0.0,0.0,0.0,0.0,0.0,0.0,0.0
constructed_low,low_compressibility,4,24,delivery_aware_v2,2,8,100,100,0,1.0,1.0,0,0,0,0.0,1.0,0.0,0.0,0.0,0.0,0.0,0.0,0.0,0.0,0.0,0.0,0.0,0.0,0.0,0.0,0.0,0.0
constructed_low,low_compressibility,4,24,static,2,12,100,100,0,1.0,1.0,0,0,0,0.0,1.0,0.0,0.0,0.0,0.0,0.0,0.0,0.0,0.0,0.0,0.0,0.0,0.0,0.0,0.0,0.0,0.0
constructed_low,low_compressibility,4,24,capacity_aware,2,12,100,100,0,1.0,1.0,0,0,0,0.0,1.0,0.0,0.0,0.0,0.0,0.0,0.0,0.0,0.0,0.0,0.0,0.0,0.0,0.0,0.0,0.0,0.0
constructed_low,low_compressibility,4,24,smooth,2,12,100,100,0,1.0,1.0,0,0,0,0.0,1.0,0.0,0.0,0.0,0.0,0.0,0.0,0.0,0.0,0.0,0.0,0.0,0.0,0.0,0.0,0.0,0.0
constructed_low,low_compressibility,4,24,delivery_aware_v1,2,12,100,100,0,1.0,1.0,0,0,0,0.0,1.0,0.0,0.0,0.0,0.0,0.0,0.0,0.0,0.0,0.0,0.0,0.0,0.0,0.0,0.0,0.0,0.0
constructed_low,low_compressibility,4,24,delivery_aware_v2,2,12,100,100,0,1.0,1.0,0,0,0,0.0,1.0,0.0,0.0,0.0,0.0,0.0,0.0,0.0,0.0,0.0,0.0,0.0,0.0,0.0,0.0,0.0,0.0
constructed_low,low_compressibility,4,24,static,3,0,100,100,0,1.0,1.0,0,0,0,0.0,1.0,0.0,0.0,0.0,0.0,0.0,0.0,0.0,0.0,0.0,0.0,0.0,0.0,0.0,0.0,0.0,0.0
constructed_low,low_compressibility,4,24,capacity_aware,3,0,100,100,0,1.0,1.0,0,0,0,0.0,1.0,0.0,0.0,0.0,0.0,0.0,0.0,0.0,0.0,0.0,0.0,0.0,0.0,0.0,0.0,0.0,0.0
constructed_low,low_compressibility,4,24,smooth,3,0,100,100,0,1.0,1.0,0,0,0,0.0,1.0,0.0,0.0,0.0,0.0,0.0,0.0,0.0,0.0,0.0,0.0,0.0,0.0,0.0,0.0,0.0,0.0
constructed_low,low_compressibility,4,24,delivery_aware_v1,3,0,100,100,0,1.0,1.0,0,0,0,0.0,1.0,0.0,0.0,0.0,0.0,0.0,0.0,0.0,0.0,0.0,0.0,0.0,0.0,0.0,0.0,0.0,0.0
constructed_low,low_compressibility,4,24,delivery_aware_v2,3,0,100,100,0,1.0,1.0,0,0,0,0.0,1.0,0.0,0.0,0.0,0.0,0.0,0.0,0.0,0.0,0.0,0.0,0.0,0.0,0.0,0.0,0.0,0.0
constructed_low,low_compressibility,4,24,static,3,4,100,100,0,1.0,1.0,0,0,0,0.0,1.0,0.0,0.0,0.0,0.0,0.0,0.0,0.0,0.0,0.0,0.0,0.0,0.0,0.0,0.0,0.0,0.0
constructed_low,low_compressibility,4,24,capacity_aware,3,4,100,100,0,1.0,1.0,0,0,0,0.0,1.0,0.0,0.0,0.0,0.0,0.0,0.0,0.0,0.0,0.0,0.0,0.0,0.0,0.0,0.0,0.0,0.0
constructed_low,low_compressibility,4,24,smooth,3,4,100,100,0,1.0,1.0,0,0,0,0.0,1.0,0.0,0.0,0.0,0.0,0.0,0.0,0.0,0.0,0.0,0.0,0.0,0.0,0.0,0.0,0.0,0.0
constructed_low,low_compressibility,4,24,delivery_aware_v1,3,4,100,100,0,1.0,1.0,0,0,0,0.0,1.0,0.0,0.0,0.0,0.0,0.0,0.0,0.0,0.0,0.0,0.0,0.0,0.0,0.0,0.0,0.0,0.0
constructed_low,low_compressibility,4,24,delivery_aware_v2,3,4,100,100,0,1.0,1.0,0,0,0,0.0,1.0,0.0,0.0,0.0,0.0,0.0,0.0,0.0,0.0,0.0,0.0,0.0,0.0,0.0,0.0,0.0,0.0
constructed_low,low_compressibility,4,24,static,3,8,100,100,0,1.0,1.0,0,0,0,0.0,1.0,0.0,0.0,0.0,0.0,0.0,0.0,0.0,0.0,0.0,0.0,0.0,0.0,0.0,0.0,0.0,0.0
constructed_low,low_compressibility,4,24,capacity_aware,3,8,100,100,0,1.0,1.0,0,0,0,0.0,1.0,0.0,0.0,0.0,0.0,0.0,0.0,0.0,0.0,0.0,0.0,0.0,0.0,0.0,0.0,0.0,0.0
constructed_low,low_compressibility,4,24,smooth,3,8,100,100,0,1.0,1.0,0,0,0,0.0,1.0,0.0,0.0,0.0,0.0,0.0,0.0,0.0,0.0,0.0,0.0,0.0,0.0,0.0,0.0,0.0,0.0
constructed_low,low_compressibility,4,24,delivery_aware_v1,3,8,100,100,0,1.0,1.0,0,0,0,0.0,1.0,0.0,0.0,0.0,0.0,0.0,0.0,0.0,0.0,0.0,0.0,0.0,0.0,0.0,0.0,0.0,0.0
constructed_low,low_compressibility,4,24,delivery_aware_v2,3,8,100,100,0,1.0,1.0,0,0,0,0.0,1.0,0.0,0.0,0.0,0.0,0.0,0.0,0.0,0.0,0.0,0.0,0.0,0.0,0.0,0.0,0.0,0.0
constructed_low,low_compressibility,4,24,static,3,12,100,100,0,1.0,1.0,0,0,0,0.0,1.0,0.0,0.0,0.0,0.0,0.0,0.0,0.0,0.0,0.0,0.0,0.0,0.0,0.0,0.0,0.0,0.0
constructed_low,low_compressibility,4,24,capacity_aware,3,12,100,100,0,1.0,1.0,0,0,0,0.0,1.0,0.0,0.0,0.0,0.0,0.0,0.0,0.0,0.0,0.0,0.0,0.0,0.0,0.0,0.0,0.0,0.0
constructed_low,low_compressibility,4,24,smooth,3,12,100,100,0,1.0,1.0,0,0,0,0.0,1.0,0.0,0.0,0.0,0.0,0.0,0.0,0.0,0.0,0.0,0.0,0.0,0.0,0.0,0.0,0.0,0.0
constructed_low,low_compressibility,4,24,delivery_aware_v1,3,12,100,100,0,1.0,1.0,0,0,0,0.0,1.0,0.0,0.0,0.0,0.0,0.0,0.0,0.0,0.0,0.0,0.0,0.0,0.0,0.0,0.0,0.0,0.0
constructed_low,low_compressibility,4,24,delivery_aware_v2,3,12,100,100,0,1.0,1.0,0,0,0,0.0,1.0,0.0,0.0,0.0,0.0,0.0,0.0,0.0,0.0,0.0,0.0,0.0,0.0,0.0,0.0,0.0,0.0
constructed_low,low_compressibility,4,24,static,4,0,100,100,0,1.0,1.0,0,0,0,0.0,1.0,0.0,0.0,0.0,0.0,0.0,0.0,0.0,0.0,0.0,0.0,0.0,0.0,0.0,0.0,0.0,0.0
constructed_low,low_compressibility,4,24,capacity_aware,4,0,100,100,0,1.0,1.0,0,0,0,0.0,1.0,0.0,0.0,0.0,0.0,0.0,0.0,0.0,0.0,0.0,0.0,0.0,0.0,0.0,0.0,0.0,0.0
constructed_low,low_compressibility,4,24,smooth,4,0,100,100,0,1.0,1.0,0,0,0,0.0,1.0,0.0,0.0,0.0,0.0,0.0,0.0,0.0,0.0,0.0,0.0,0.0,0.0,0.0,0.0,0.0,0.0
constructed_low,low_compressibility,4,24,delivery_aware_v1,4,0,100,100,0,1.0,1.0,0,0,0,0.0,1.0,0.0,0.0,0.0,0.0,0.0,0.0,0.0,0.0,0.0,0.0,0.0,0.0,0.0,0.0,0.0,0.0
constructed_low,low_compressibility,4,24,delivery_aware_v2,4,0,100,100,0,1.0,1.0,0,0,0,0.0,1.0,0.0,0.0,0.0,0.0,0.0,0.0,0.0,0.0,0.0,0.0,0.0,0.0,0.0,0.0,0.0,0.0
constructed_low,low_compressibility,4,24,static,4,4,100,100,0,1.0,1.0,0,0,0,0.0,1.0,0.0,0.0,0.0,0.0,0.0,0.0,0.0,0.0,0.0,0.0,0.0,0.0,0.0,0.0,0.0,0.0
constructed_low,low_compressibility,4,24,capacity_aware,4,4,100,100,0,1.0,1.0,0,0,0,0.0,1.0,0.0,0.0,0.0,0.0,0.0,0.0,0.0,0.0,0.0,0.0,0.0,0.0,0.0,0.0,0.0,0.0
constructed_low,low_compressibility,4,24,smooth,4,4,100,100,0,1.0,1.0,0,0,0,0.0,1.0,0.0,0.0,0.0,0.0,0.0,0.0,0.0,0.0,0.0,0.0,0.0,0.0,0.0,0.0,0.0,0.0
constructed_low,low_compressibility,4,24,delivery_aware_v1,4,4,100,100,0,1.0,1.0,0,0,0,0.0,1.0,0.0,0.0,0.0,0.0,0.0,0.0,0.0,0.0,0.0,0.0,0.0,0.0,0.0,0.0,0.0,0.0
constructed_low,low_compressibility,4,24,delivery_aware_v2,4,4,100,100,0,1.0,1.0,0,0,0,0.0,1.0,0.0,0.0,0.0,0.0,0.0,0.0,0.0,0.0,0.0,0.0,0.0,0.0,0.0,0.0,0.0,0.0
constructed_low,low_compressibility,4,24,static,4,8,100,100,0,1.0,1.0,0,0,0,0.0,1.0,0.0,0.0,0.0,0.0,0.0,0.0,0.0,0.0,0.0,0.0,0.0,0.0,0.0,0.0,0.0,0.0
constructed_low,low_compressibility,4,24,capacity_aware,4,8,100,100,0,1.0,1.0,0,0,0,0.0,1.0,0.0,0.0,0.0,0.0,0.0,0.0,0.0,0.0,0.0,0.0,0.0,0.0,0.0,0.0,0.0,0.0
constructed_low,low_compressibility,4,24,smooth,4,8,100,100,0,1.0,1.0,0,0,0,0.0,1.0,0.0,0.0,0.0,0.0,0.0,0.0,0.0,0.0,0.0,0.0,0.0,0.0,0.0,0.0,0.0,0.0
constructed_low,low_compressibility,4,24,delivery_aware_v1,4,8,100,100,0,1.0,1.0,0,0,0,0.0,1.0,0.0,0.0,0.0,0.0,0.0,0.0,0.0,0.0,0.0,0.0,0.0,0.0,0.0,0.0,0.0,0.0
constructed_low,low_compressibility,4,24,delivery_aware_v2,4,8,100,100,0,1.0,1.0,0,0,0,0.0,1.0,0.0,0.0,0.0,0.0,0.0,0.0,0.0,0.0,0.0,0.0,0.0,0.0,0.0,0.0,0.0,0.0
constructed_low,low_compressibility,4,24,static,4,12,100,100,0,1.0,1.0,0,0,0,0.0,1.0,0.0,0.0,0.0,0.0,0.0,0.0,0.0,0.0,0.0,0.0,0.0,0.0,0.0,0.0,0.0,0.0
constructed_low,low_compressibility,4,24,capacity_aware,4,12,100,100,0,1.0,1.0,0,0,0,0.0,1.0,0.0,0.0,0.0,0.0,0.0,0.0,0.0,0.0,0.0,0.0,0.0,0.0,0.0,0.0,0.0,0.0
constructed_low,low_compressibility,4,24,smooth,4,12,100,100,0,1.0,1.0,0,0,0,0.0,1.0,0.0,0.0,0.0,0.0,0.0,0.0,0.0,0.0,0.0,0.0,0.0,0.0,0.0,0.0,0.0,0.0
constructed_low,low_compressibility,4,24,delivery_aware_v1,4,12,100,100,0,1.0,1.0,0,0,0,0.0,1.0,0.0,0.0,0.0,0.0,0.0,0.0,0.0,0.0,0.0,0.0,0.0,0.0,0.0,0.0,0.0,0.0
constructed_low,low_compressibility,4,24,delivery_aware_v2,4,12,100,100,0,1.0,1.0,0,0,0,0.0,1.0,0.0,0.0,0.0,0.0,0.0,0.0,0.0,0.0,0.0,0.0,0.0,0.0,0.0,0.0,0.0,0.0
constructed_low,low_compressibility,4,24,static,5,0,100,100,0,1.0,1.0,0,0,0,0.0,1.0,0.0,0.0,0.0,0.0,0.0,0.0,0.0,0.0,0.0,0.0,0.0,0.0,0.0,0.0,0.0,0.0
constructed_low,low_compressibility,4,24,capacity_aware,5,0,100,100,0,1.0,1.0,0,0,0,0.0,1.0,0.0,0.0,0.0,0.0,0.0,0.0,0.0,0.0,0.0,0.0,0.0,0.0,0.0,0.0,0.0,0.0
constructed_low,low_compressibility,4,24,smooth,5,0,100,100,0,1.0,1.0,0,0,0,0.0,1.0,0.0,0.0,0.0,0.0,0.0,0.0,0.0,0.0,0.0,0.0,0.0,0.0,0.0,0.0,0.0,0.0
constructed_low,low_compressibility,4,24,delivery_aware_v1,5,0,100,100,0,1.0,1.0,0,0,0,0.0,1.0,0.0,0.0,0.0,0.0,0.0,0.0,0.0,0.0,0.0,0.0,0.0,0.0,0.0,0.0,0.0,0.0
constructed_low,low_compressibility,4,24,delivery_aware_v2,5,0,100,100,0,1.0,1.0,0,0,0,0.0,1.0,0.0,0.0,0.0,0.0,0.0,0.0,0.0,0.0,0.0,0.0,0.0,0.0,0.0,0.0,0.0,0.0
constructed_low,low_compressibility,4,24,static,5,4,100,100,0,1.0,1.0,0,0,0,0.0,1.0,0.0,0.0,0.0,0.0,0.0,0.0,0.0,0.0,0.0,0.0,0.0,0.0,0.0,0.0,0.0,0.0
constructed_low,low_compressibility,4,24,capacity_aware,5,4,100,100,0,1.0,1.0,0,0,0,0.0,1.0,0.0,0.0,0.0,0.0,0.0,0.0,0.0,0.0,0.0,0.0,0.0,0.0,0.0,0.0,0.0,0.0
constructed_low,low_compressibility,4,24,smooth,5,4,100,100,0,1.0,1.0,0,0,0,0.0,1.0,0.0,0.0,0.0,0.0,0.0,0.0,0.0,0.0,0.0,0.0,0.0,0.0,0.0,0.0,0.0,0.0
constructed_low,low_compressibility,4,24,delivery_aware_v1,5,4,100,100,0,1.0,1.0,0,0,0,0.0,1.0,0.0,0.0,0.0,0.0,0.0,0.0,0.0,0.0,0.0,0.0,0.0,0.0,0.0,0.0,0.0,0.0
constructed_low,low_compressibility,4,24,delivery_aware_v2,5,4,100,100,0,1.0,1.0,0,0,0,0.0,1.0,0.0,0.0,0.0,0.0,0.0,0.0,0.0,0.0,0.0,0.0,0.0,0.0,0.0,0.0,0.0,0.0
constructed_low,low_compressibility,4,24,static,5,8,100,100,0,1.0,1.0,0,0,0,0.0,1.0,0.0,0.0,0.0,0.0,0.0,0.0,0.0,0.0,0.0,0.0,0.0,0.0,0.0,0.0,0.0,0.0
constructed_low,low_compressibility,4,24,capacity_aware,5,8,100,100,0,1.0,1.0,0,0,0,0.0,1.0,0.0,0.0,0.0,0.0,0.0,0.0,0.0,0.0,0.0,0.0,0.0,0.0,0.0,0.0,0.0,0.0
constructed_low,low_compressibility,4,24,smooth,5,8,100,100,0,1.0,1.0,0,0,0,0.0,1.0,0.0,0.0,0.0,0.0,0.0,0.0,0.0,0.0,0.0,0.0,0.0,0.0,0.0,0.0,0.0,0.0
constructed_low,low_compressibility,4,24,delivery_aware_v1,5,8,100,100,0,1.0,1.0,0,0,0,0.0,1.0,0.0,0.0,0.0,0.0,0.0,0.0,0.0,0.0,0.0,0.0,0.0,0.0,0.0,0.0,0.0,0.0
constructed_low,low_compressibility,4,24,delivery_aware_v2,5,8,100,100,0,1.0,1.0,0,0,0,0.0,1.0,0.0,0.0,0.0,0.0,0.0,0.0,0.0,0.0,0.0,0.0,0.0,0.0,0.0,0.0,0.0,0.0
constructed_low,low_compressibility,4,24,static,5,12,100,100,0,1.0,1.0,0,0,0,0.0,1.0,0.0,0.0,0.0,0.0,0.0,0.0,0.0,0.0,0.0,0.0,0.0,0.0,0.0,0.0,0.0,0.0
constructed_low,low_compressibility,4,24,capacity_aware,5,12,100,100,0,1.0,1.0,0,0,0,0.0,1.0,0.0,0.0,0.0,0.0,0.0,0.0,0.0,0.0,0.0,0.0,0.0,0.0,0.0,0.0,0.0,0.0
constructed_low,low_compressibility,4,24,smooth,5,12,100,100,0,1.0,1.0,0,0,0,0.0,1.0,0.0,0.0,0.0,0.0,0.0,0.0,0.0,0.0,0.0,0.0,0.0,0.0,0.0,0.0,0.0,0.0
constructed_low,low_compressibility,4,24,delivery_aware_v1,5,12,100,100,0,1.0,1.0,0,0,0,0.0,1.0,0.0,0.0,0.0,0.0,0.0,0.0,0.0,0.0,0.0,0.0,0.0,0.0,0.0,0.0,0.0,0.0
constructed_low,low_compressibility,4,24,delivery_aware_v2,5,12,100,100,0,1.0,1.0,0,0,0,0.0,1.0,0.0,0.0,0.0,0.0,0.0,0.0,0.0,0.0,0.0,0.0,0.0,0.0,0.0,0.0,0.0,0.0
adder_n8,semi_real_adder,0,8,static,1,0,34,34,0,1.0,1.0,0,0,0,0.0,1.0,0.0,0.0,0.0,0.0,0.0,0.0,0.0,0.0,0.0,0.0,0.0,0.0,0.0,0.0,0.0,0.0
adder_n8,semi_real_adder,0,8,capacity_aware,1,0,34,34,0,1.0,1.0,0,0,0,0.0,1.0,0.0,0.0,0.0,0.0,0.0,0.0,0.0,0.0,0.0,0.0,0.0,0.0,0.0,0.0,0.0,0.0
adder_n8,semi_real_adder,0,8,smooth,1,0,34,34,0,1.0,1.0,0,0,0,0.0,1.0,0.0,0.0,0.0,0.0,0.0,0.0,0.0,0.0,0.0,0.0,0.0,0.0,0.0,0.0,0.0,0.0
adder_n8,semi_real_adder,0,8,delivery_aware_v1,1,0,34,34,0,1.0,1.0,0,0,0,0.0,1.0,0.0,0.0,0.0,0.0,0.0,0.0,0.0,0.0,0.0,0.0,0.0,0.0,0.0,0.0,0.0,0.0
adder_n8,semi_real_adder,0,8,delivery_aware_v2,1,0,34,34,0,1.0,1.0,0,0,0,0.0,1.0,0.0,0.0,0.0,0.0,0.0,0.0,0.0,0.0,0.0,0.0,0.0,0.0,0.0,0.0,0.0,0.0
adder_n8,semi_real_adder,0,8,static,1,4,34,34,0,1.0,1.0,0,0,0,0.0,1.0,0.0,0.0,0.0,0.0,0.0,0.0,0.0,0.0,0.0,0.0,0.0,0.0,0.0,0.0,0.0,0.0
adder_n8,semi_real_adder,0,8,capacity_aware,1,4,34,34,0,1.0,1.0,0,0,0,0.0,1.0,0.0,0.0,0.0,0.0,0.0,0.0,0.0,0.0,0.0,0.0,0.0,0.0,0.0,0.0,0.0,0.0
adder_n8,semi_real_adder,0,8,smooth,1,4,34,34,0,1.0,1.0,0,0,0,0.0,1.0,0.0,0.0,0.0,0.0,0.0,0.0,0.0,0.0,0.0,0.0,0.0,0.0,0.0,0.0,0.0,0.0
adder_n8,semi_real_adder,0,8,delivery_aware_v1,1,4,34,34,0,1.0,1.0,0,0,0,0.0,1.0,0.0,0.0,0.0,0.0,0.0,0.0,0.0,0.0,0.0,0.0,0.0,0.0,0.0,0.0,0.0,0.0
adder_n8,semi_real_adder,0,8,delivery_aware_v2,1,4,34,34,0,1.0,1.0,0,0,0,0.0,1.0,0.0,0.0,0.0,0.0,0.0,0.0,0.0,0.0,0.0,0.0,0.0,0.0,0.0,0.0,0.0,0.0
adder_n8,semi_real_adder,0,8,static,1,8,34,34,0,1.0,1.0,0,0,0,0.0,1.0,0.0,0.0,0.0,0.0,0.0,0.0,0.0,0.0,0.0,0.0,0.0,0.0,0.0,0.0,0.0,0.0
adder_n8,semi_real_adder,0,8,capacity_aware,1,8,34,34,0,1.0,1.0,0,0,0,0.0,1.0,0.0,0.0,0.0,0.0,0.0,0.0,0.0,0.0,0.0,0.0,0.0,0.0,0.0,0.0,0.0,0.0
adder_n8,semi_real_adder,0,8,smooth,1,8,34,34,0,1.0,1.0,0,0,0,0.0,1.0,0.0,0.0,0.0,0.0,0.0,0.0,0.0,0.0,0.0,0.0,0.0,0.0,0.0,0.0,0.0,0.0
adder_n8,semi_real_adder,0,8,delivery_aware_v1,1,8,34,34,0,1.0,1.0,0,0,0,0.0,1.0,0.0,0.0,0.0,0.0,0.0,0.0,0.0,0.0,0.0,0.0,0.0,0.0,0.0,0.0,0.0,0.0
adder_n8,semi_real_adder,0,8,delivery_aware_v2,1,8,34,34,0,1.0,1.0,0,0,0,0.0,1.0,0.0,0.0,0.0,0.0,0.0,0.0,0.0,0.0,0.0,0.0,0.0,0.0,0.0,0.0,0.0,0.0
adder_n8,semi_real_adder,0,8,static,1,12,34,34,0,1.0,1.0,0,0,0,0.0,1.0,0.0,0.0,0.0,0.0,0.0,0.0,0.0,0.0,0.0,0.0,0.0,0.0,0.0,0.0,0.0,0.0
adder_n8,semi_real_adder,0,8,capacity_aware,1,12,34,34,0,1.0,1.0,0,0,0,0.0,1.0,0.0,0.0,0.0,0.0,0.0,0.0,0.0,0.0,0.0,0.0,0.0,0.0,0.0,0.0,0.0,0.0
adder_n8,semi_real_adder,0,8,smooth,1,12,34,34,0,1.0,1.0,0,0,0,0.0,1.0,0.0,0.0,0.0,0.0,0.0,0.0,0.0,0.0,0.0,0.0,0.0,0.0,0.0,0.0,0.0,0.0
adder_n8,semi_real_adder,0,8,delivery_aware_v1,1,12,34,34,0,1.0,1.0,0,0,0,0.0,1.0,0.0,0.0,0.0,0.0,0.0,0.0,0.0,0.0,0.0,0.0,0.0,0.0,0.0,0.0,0.0,0.0
adder_n8,semi_real_adder,0,8,delivery_aware_v2,1,12,34,34,0,1.0,1.0,0,0,0,0.0,1.0,0.0,0.0,0.0,0.0,0.0,0.0,0.0,0.0,0.0,0.0,0.0,0.0,0.0,0.0,0.0,0.0
adder_n8,semi_real_adder,0,8,static,2,0,34,34,0,1.0,1.0,0,0,0,0.0,1.0,0.0,0.0,0.0,0.0,0.0,0.0,0.0,0.0,0.0,0.0,0.0,0.0,0.0,0.0,0.0,0.0
adder_n8,semi_real_adder,0,8,capacity_aware,2,0,34,34,0,1.0,1.0,0,0,0,0.0,1.0,0.0,0.0,0.0,0.0,0.0,0.0,0.0,0.0,0.0,0.0,0.0,0.0,0.0,0.0,0.0,0.0
adder_n8,semi_real_adder,0,8,smooth,2,0,34,34,0,1.0,1.0,0,0,0,0.0,1.0,0.0,0.0,0.0,0.0,0.0,0.0,0.0,0.0,0.0,0.0,0.0,0.0,0.0,0.0,0.0,0.0
adder_n8,semi_real_adder,0,8,delivery_aware_v1,2,0,34,34,0,1.0,1.0,0,0,0,0.0,1.0,0.0,0.0,0.0,0.0,0.0,0.0,0.0,0.0,0.0,0.0,0.0,0.0,0.0,0.0,0.0,0.0
adder_n8,semi_real_adder,0,8,delivery_aware_v2,2,0,34,34,0,1.0,1.0,0,0,0,0.0,1.0,0.0,0.0,0.0,0.0,0.0,0.0,0.0,0.0,0.0,0.0,0.0,0.0,0.0,0.0,0.0,0.0
adder_n8,semi_real_adder,0,8,static,2,4,34,34,0,1.0,1.0,0,0,0,0.0,1.0,0.0,0.0,0.0,0.0,0.0,0.0,0.0,0.0,0.0,0.0,0.0,0.0,0.0,0.0,0.0,0.0
adder_n8,semi_real_adder,0,8,capacity_aware,2,4,34,34,0,1.0,1.0,0,0,0,0.0,1.0,0.0,0.0,0.0,0.0,0.0,0.0,0.0,0.0,0.0,0.0,0.0,0.0,0.0,0.0,0.0,0.0
adder_n8,semi_real_adder,0,8,smooth,2,4,34,34,0,1.0,1.0,0,0,0,0.0,1.0,0.0,0.0,0.0,0.0,0.0,0.0,0.0,0.0,0.0,0.0,0.0,0.0,0.0,0.0,0.0,0.0
adder_n8,semi_real_adder,0,8,delivery_aware_v1,2,4,34,34,0,1.0,1.0,0,0,0,0.0,1.0,0.0,0.0,0.0,0.0,0.0,0.0,0.0,0.0,0.0,0.0,0.0,0.0,0.0,0.0,0.0,0.0
adder_n8,semi_real_adder,0,8,delivery_aware_v2,2,4,34,34,0,1.0,1.0,0,0,0,0.0,1.0,0.0,0.0,0.0,0.0,0.0,0.0,0.0,0.0,0.0,0.0,0.0,0.0,0.0,0.0,0.0,0.0
adder_n8,semi_real_adder,0,8,static,2,8,34,34,0,1.0,1.0,0,0,0,0.0,1.0,0.0,0.0,0.0,0.0,0.0,0.0,0.0,0.0,0.0,0.0,0.0,0.0,0.0,0.0,0.0,0.0
adder_n8,semi_real_adder,0,8,capacity_aware,2,8,34,34,0,1.0,1.0,0,0,0,0.0,1.0,0.0,0.0,0.0,0.0,0.0,0.0,0.0,0.0,0.0,0.0,0.0,0.0,0.0,0.0,0.0,0.0
adder_n8,semi_real_adder,0,8,smooth,2,8,34,34,0,1.0,1.0,0,0,0,0.0,1.0,0.0,0.0,0.0,0.0,0.0,0.0,0.0,0.0,0.0,0.0,0.0,0.0,0.0,0.0,0.0,0.0
adder_n8,semi_real_adder,0,8,delivery_aware_v1,2,8,34,34,0,1.0,1.0,0,0,0,0.0,1.0,0.0,0.0,0.0,0.0,0.0,0.0,0.0,0.0,0.0,0.0,0.0,0.0,0.0,0.0,0.0,0.0
adder_n8,semi_real_adder,0,8,delivery_aware_v2,2,8,34,34,0,1.0,1.0,0,0,0,0.0,1.0,0.0,0.0,0.0,0.0,0.0,0.0,0.0,0.0,0.0,0.0,0.0,0.0,0.0,0.0,0.0,0.0
adder_n8,semi_real_adder,0,8,static,2,12,34,34,0,1.0,1.0,0,0,0,0.0,1.0,0.0,0.0,0.0,0.0,0.0,0.0,0.0,0.0,0.0,0.0,0.0,0.0,0.0,0.0,0.0,0.0
adder_n8,semi_real_adder,0,8,capacity_aware,2,12,34,34,0,1.0,1.0,0,0,0,0.0,1.0,0.0,0.0,0.0,0.0,0.0,0.0,0.0,0.0,0.0,0.0,0.0,0.0,0.0,0.0,0.0,0.0
adder_n8,semi_real_adder,0,8,smooth,2,12,34,34,0,1.0,1.0,0,0,0,0.0,1.0,0.0,0.0,0.0,0.0,0.0,0.0,0.0,0.0,0.0,0.0,0.0,0.0,0.0,0.0,0.0,0.0
adder_n8,semi_real_adder,0,8,delivery_aware_v1,2,12,34,34,0,1.0,1.0,0,0,0,0.0,1.0,0.0,0.0,0.0,0.0,0.0,0.0,0.0,0.0,0.0,0.0,0.0,0.0,0.0,0.0,0.0,0.0
adder_n8,semi_real_adder,0,8,delivery_aware_v2,2,12,34,34,0,1.0,1.0,0,0,0,0.0,1.0,0.0,0.0,0.0,0.0,0.0,0.0,0.0,0.0,0.0,0.0,0.0,0.0,0.0,0.0,0.0,0.0
adder_n8,semi_real_adder,0,8,static,3,0,34,34,0,1.0,1.0,0,0,0,0.0,1.0,0.0,0.0,0.0,0.0,0.0,0.0,0.0,0.0,0.0,0.0,0.0,0.0,0.0,0.0,0.0,0.0
adder_n8,semi_real_adder,0,8,capacity_aware,3,0,34,34,0,1.0,1.0,0,0,0,0.0,1.0,0.0,0.0,0.0,0.0,0.0,0.0,0.0,0.0,0.0,0.0,0.0,0.0,0.0,0.0,0.0,0.0
adder_n8,semi_real_adder,0,8,smooth,3,0,34,34,0,1.0,1.0,0,0,0,0.0,1.0,0.0,0.0,0.0,0.0,0.0,0.0,0.0,0.0,0.0,0.0,0.0,0.0,0.0,0.0,0.0,0.0
adder_n8,semi_real_adder,0,8,delivery_aware_v1,3,0,34,34,0,1.0,1.0,0,0,0,0.0,1.0,0.0,0.0,0.0,0.0,0.0,0.0,0.0,0.0,0.0,0.0,0.0,0.0,0.0,0.0,0.0,0.0
adder_n8,semi_real_adder,0,8,delivery_aware_v2,3,0,34,34,0,1.0,1.0,0,0,0,0.0,1.0,0.0,0.0,0.0,0.0,0.0,0.0,0.0,0.0,0.0,0.0,0.0,0.0,0.0,0.0,0.0,0.0
adder_n8,semi_real_adder,0,8,static,3,4,34,34,0,1.0,1.0,0,0,0,0.0,1.0,0.0,0.0,0.0,0.0,0.0,0.0,0.0,0.0,0.0,0.0,0.0,0.0,0.0,0.0,0.0,0.0
adder_n8,semi_real_adder,0,8,capacity_aware,3,4,34,34,0,1.0,1.0,0,0,0,0.0,1.0,0.0,0.0,0.0,0.0,0.0,0.0,0.0,0.0,0.0,0.0,0.0,0.0,0.0,0.0,0.0,0.0
adder_n8,semi_real_adder,0,8,smooth,3,4,34,34,0,1.0,1.0,0,0,0,0.0,1.0,0.0,0.0,0.0,0.0,0.0,0.0,0.0,0.0,0.0,0.0,0.0,0.0,0.0,0.0,0.0,0.0
adder_n8,semi_real_adder,0,8,delivery_aware_v1,3,4,34,34,0,1.0,1.0,0,0,0,0.0,1.0,0.0,0.0,0.0,0.0,0.0,0.0,0.0,0.0,0.0,0.0,0.0,0.0,0.0,0.0,0.0,0.0
adder_n8,semi_real_adder,0,8,delivery_aware_v2,3,4,34,34,0,1.0,1.0,0,0,0,0.0,1.0,0.0,0.0,0.0,0.0,0.0,0.0,0.0,0.0,0.0,0.0,0.0,0.0,0.0,0.0,0.0,0.0
adder_n8,semi_real_adder,0,8,static,3,8,34,34,0,1.0,1.0,0,0,0,0.0,1.0,0.0,0.0,0.0,0.0,0.0,0.0,0.0,0.0,0.0,0.0,0.0,0.0,0.0,0.0,0.0,0.0
adder_n8,semi_real_adder,0,8,capacity_aware,3,8,34,34,0,1.0,1.0,0,0,0,0.0,1.0,0.0,0.0,0.0,0.0,0.0,0.0,0.0,0.0,0.0,0.0,0.0,0.0,0.0,0.0,0.0,0.0
adder_n8,semi_real_adder,0,8,smooth,3,8,34,34,0,1.0,1.0,0,0,0,0.0,1.0,0.0,0.0,0.0,0.0,0.0,0.0,0.0,0.0,0.0,0.0,0.0,0.0,0.0,0.0,0.0,0.0
adder_n8,semi_real_adder,0,8,delivery_aware_v1,3,8,34,34,0,1.0,1.0,0,0,0,0.0,1.0,0.0,0.0,0.0,0.0,0.0,0.0,0.0,0.0,0.0,0.0,0.0,0.0,0.0,0.0,0.0,0.0
adder_n8,semi_real_adder,0,8,delivery_aware_v2,3,8,34,34,0,1.0,1.0,0,0,0,0.0,1.0,0.0,0.0,0.0,0.0,0.0,0.0,0.0,0.0,0.0,0.0,0.0,0.0,0.0,0.0,0.0,0.0
adder_n8,semi_real_adder,0,8,static,3,12,34,34,0,1.0,1.0,0,0,0,0.0,1.0,0.0,0.0,0.0,0.0,0.0,0.0,0.0,0.0,0.0,0.0,0.0,0.0,0.0,0.0,0.0,0.0
adder_n8,semi_real_adder,0,8,capacity_aware,3,12,34,34,0,1.0,1.0,0,0,0,0.0,1.0,0.0,0.0,0.0,0.0,0.0,0.0,0.0,0.0,0.0,0.0,0.0,0.0,0.0,0.0,0.0,0.0
adder_n8,semi_real_adder,0,8,smooth,3,12,34,34,0,1.0,1.0,0,0,0,0.0,1.0,0.0,0.0,0.0,0.0,0.0,0.0,0.0,0.0,0.0,0.0,0.0,0.0,0.0,0.0,0.0,0.0
adder_n8,semi_real_adder,0,8,delivery_aware_v1,3,12,34,34,0,1.0,1.0,0,0,0,0.0,1.0,0.0,0.0,0.0,0.0,0.0,0.0,0.0,0.0,0.0,0.0,0.0,0.0,0.0,0.0,0.0,0.0
adder_n8,semi_real_adder,0,8,delivery_aware_v2,3,12,34,34,0,1.0,1.0,0,0,0,0.0,1.0,0.0,0.0,0.0,0.0,0.0,0.0,0.0,0.0,0.0,0.0,0.0,0.0,0.0,0.0,0.0,0.0
adder_n8,semi_real_adder,0,8,static,4,0,34,34,0,1.0,1.0,0,0,0,0.0,1.0,0.0,0.0,0.0,0.0,0.0,0.0,0.0,0.0,0.0,0.0,0.0,0.0,0.0,0.0,0.0,0.0
adder_n8,semi_real_adder,0,8,capacity_aware,4,0,34,34,0,1.0,1.0,0,0,0,0.0,1.0,0.0,0.0,0.0,0.0,0.0,0.0,0.0,0.0,0.0,0.0,0.0,0.0,0.0,0.0,0.0,0.0
adder_n8,semi_real_adder,0,8,smooth,4,0,34,34,0,1.0,1.0,0,0,0,0.0,1.0,0.0,0.0,0.0,0.0,0.0,0.0,0.0,0.0,0.0,0.0,0.0,0.0,0.0,0.0,0.0,0.0
adder_n8,semi_real_adder,0,8,delivery_aware_v1,4,0,34,34,0,1.0,1.0,0,0,0,0.0,1.0,0.0,0.0,0.0,0.0,0.0,0.0,0.0,0.0,0.0,0.0,0.0,0.0,0.0,0.0,0.0,0.0
adder_n8,semi_real_adder,0,8,delivery_aware_v2,4,0,34,34,0,1.0,1.0,0,0,0,0.0,1.0,0.0,0.0,0.0,0.0,0.0,0.0,0.0,0.0,0.0,0.0,0.0,0.0,0.0,0.0,0.0,0.0
adder_n8,semi_real_adder,0,8,static,4,4,34,34,0,1.0,1.0,0,0,0,0.0,1.0,0.0,0.0,0.0,0.0,0.0,0.0,0.0,0.0,0.0,0.0,0.0,0.0,0.0,0.0,0.0,0.0
adder_n8,semi_real_adder,0,8,capacity_aware,4,4,34,34,0,1.0,1.0,0,0,0,0.0,1.0,0.0,0.0,0.0,0.0,0.0,0.0,0.0,0.0,0.0,0.0,0.0,0.0,0.0,0.0,0.0,0.0
adder_n8,semi_real_adder,0,8,smooth,4,4,34,34,0,1.0,1.0,0,0,0,0.0,1.0,0.0,0.0,0.0,0.0,0.0,0.0,0.0,0.0,0.0,0.0,0.0,0.0,0.0,0.0,0.0,0.0
adder_n8,semi_real_adder,0,8,delivery_aware_v1,4,4,34,34,0,1.0,1.0,0,0,0,0.0,1.0,0.0,0.0,0.0,0.0,0.0,0.0,0.0,0.0,0.0,0.0,0.0,0.0,0.0,0.0,0.0,0.0
adder_n8,semi_real_adder,0,8,delivery_aware_v2,4,4,34,34,0,1.0,1.0,0,0,0,0.0,1.0,0.0,0.0,0.0,0.0,0.0,0.0,0.0,0.0,0.0,0.0,0.0,0.0,0.0,0.0,0.0,0.0
adder_n8,semi_real_adder,0,8,static,4,8,34,34,0,1.0,1.0,0,0,0,0.0,1.0,0.0,0.0,0.0,0.0,0.0,0.0,0.0,0.0,0.0,0.0,0.0,0.0,0.0,0.0,0.0,0.0
adder_n8,semi_real_adder,0,8,capacity_aware,4,8,34,34,0,1.0,1.0,0,0,0,0.0,1.0,0.0,0.0,0.0,0.0,0.0,0.0,0.0,0.0,0.0,0.0,0.0,0.0,0.0,0.0,0.0,0.0
adder_n8,semi_real_adder,0,8,smooth,4,8,34,34,0,1.0,1.0,0,0,0,0.0,1.0,0.0,0.0,0.0,0.0,0.0,0.0,0.0,0.0,0.0,0.0,0.0,0.0,0.0,0.0,0.0,0.0
adder_n8,semi_real_adder,0,8,delivery_aware_v1,4,8,34,34,0,1.0,1.0,0,0,0,0.0,1.0,0.0,0.0,0.0,0.0,0.0,0.0,0.0,0.0,0.0,0.0,0.0,0.0,0.0,0.0,0.0,0.0
adder_n8,semi_real_adder,0,8,delivery_aware_v2,4,8,34,34,0,1.0,1.0,0,0,0,0.0,1.0,0.0,0.0,0.0,0.0,0.0,0.0,0.0,0.0,0.0,0.0,0.0,0.0,0.0,0.0,0.0,0.0
adder_n8,semi_real_adder,0,8,static,4,12,34,34,0,1.0,1.0,0,0,0,0.0,1.0,0.0,0.0,0.0,0.0,0.0,0.0,0.0,0.0,0.0,0.0,0.0,0.0,0.0,0.0,0.0,0.0
adder_n8,semi_real_adder,0,8,capacity_aware,4,12,34,34,0,1.0,1.0,0,0,0,0.0,1.0,0.0,0.0,0.0,0.0,0.0,0.0,0.0,0.0,0.0,0.0,0.0,0.0,0.0,0.0,0.0,0.0
adder_n8,semi_real_adder,0,8,smooth,4,12,34,34,0,1.0,1.0,0,0,0,0.0,1.0,0.0,0.0,0.0,0.0,0.0,0.0,0.0,0.0,0.0,0.0,0.0,0.0,0.0,0.0,0.0,0.0
adder_n8,semi_real_adder,0,8,delivery_aware_v1,4,12,34,34,0,1.0,1.0,0,0,0,0.0,1.0,0.0,0.0,0.0,0.0,0.0,0.0,0.0,0.0,0.0,0.0,0.0,0.0,0.0,0.0,0.0,0.0
adder_n8,semi_real_adder,0,8,delivery_aware_v2,4,12,34,34,0,1.0,1.0,0,0,0,0.0,1.0,0.0,0.0,0.0,0.0,0.0,0.0,0.0,0.0,0.0,0.0,0.0,0.0,0.0,0.0,0.0,0.0
adder_n8,semi_real_adder,0,8,static,5,0,34,34,0,1.0,1.0,0,0,0,0.0,1.0,0.0,0.0,0.0,0.0,0.0,0.0,0.0,0.0,0.0,0.0,0.0,0.0,0.0,0.0,0.0,0.0
adder_n8,semi_real_adder,0,8,capacity_aware,5,0,34,34,0,1.0,1.0,0,0,0,0.0,1.0,0.0,0.0,0.0,0.0,0.0,0.0,0.0,0.0,0.0,0.0,0.0,0.0,0.0,0.0,0.0,0.0
adder_n8,semi_real_adder,0,8,smooth,5,0,34,34,0,1.0,1.0,0,0,0,0.0,1.0,0.0,0.0,0.0,0.0,0.0,0.0,0.0,0.0,0.0,0.0,0.0,0.0,0.0,0.0,0.0,0.0
adder_n8,semi_real_adder,0,8,delivery_aware_v1,5,0,34,34,0,1.0,1.0,0,0,0,0.0,1.0,0.0,0.0,0.0,0.0,0.0,0.0,0.0,0.0,0.0,0.0,0.0,0.0,0.0,0.0,0.0,0.0
adder_n8,semi_real_adder,0,8,delivery_aware_v2,5,0,34,34,0,1.0,1.0,0,0,0,0.0,1.0,0.0,0.0,0.0,0.0,0.0,0.0,0.0,0.0,0.0,0.0,0.0,0.0,0.0,0.0,0.0,0.0
adder_n8,semi_real_adder,0,8,static,5,4,34,34,0,1.0,1.0,0,0,0,0.0,1.0,0.0,0.0,0.0,0.0,0.0,0.0,0.0,0.0,0.0,0.0,0.0,0.0,0.0,0.0,0.0,0.0
adder_n8,semi_real_adder,0,8,capacity_aware,5,4,34,34,0,1.0,1.0,0,0,0,0.0,1.0,0.0,0.0,0.0,0.0,0.0,0.0,0.0,0.0,0.0,0.0,0.0,0.0,0.0,0.0,0.0,0.0
adder_n8,semi_real_adder,0,8,smooth,5,4,34,34,0,1.0,1.0,0,0,0,0.0,1.0,0.0,0.0,0.0,0.0,0.0,0.0,0.0,0.0,0.0,0.0,0.0,0.0,0.0,0.0,0.0,0.0
adder_n8,semi_real_adder,0,8,delivery_aware_v1,5,4,34,34,0,1.0,1.0,0,0,0,0.0,1.0,0.0,0.0,0.0,0.0,0.0,0.0,0.0,0.0,0.0,0.0,0.0,0.0,0.0,0.0,0.0,0.0
adder_n8,semi_real_adder,0,8,delivery_aware_v2,5,4,34,34,0,1.0,1.0,0,0,0,0.0,1.0,0.0,0.0,0.0,0.0,0.0,0.0,0.0,0.0,0.0,0.0,0.0,0.0,0.0,0.0,0.0,0.0
adder_n8,semi_real_adder,0,8,static,5,8,34,34,0,1.0,1.0,0,0,0,0.0,1.0,0.0,0.0,0.0,0.0,0.0,0.0,0.0,0.0,0.0,0.0,0.0,0.0,0.0,0.0,0.0,0.0
adder_n8,semi_real_adder,0,8,capacity_aware,5,8,34,34,0,1.0,1.0,0,0,0,0.0,1.0,0.0,0.0,0.0,0.0,0.0,0.0,0.0,0.0,0.0,0.0,0.0,0.0,0.0,0.0,0.0,0.0
adder_n8,semi_real_adder,0,8,smooth,5,8,34,34,0,1.0,1.0,0,0,0,0.0,1.0,0.0,0.0,0.0,0.0,0.0,0.0,0.0,0.0,0.0,0.0,0.0,0.0,0.0,0.0,0.0,0.0
adder_n8,semi_real_adder,0,8,delivery_aware_v1,5,8,34,34,0,1.0,1.0,0,0,0,0.0,1.0,0.0,0.0,0.0,0.0,0.0,0.0,0.0,0.0,0.0,0.0,0.0,0.0,0.0,0.0,0.0,0.0
adder_n8,semi_real_adder,0,8,delivery_aware_v2,5,8,34,34,0,1.0,1.0,0,0,0,0.0,1.0,0.0,0.0,0.0,0.0,0.0,0.0,0.0,0.0,0.0,0.0,0.0,0.0,0.0,0.0,0.0,0.0
adder_n8,semi_real_adder,0,8,static,5,12,34,34,0,1.0,1.0,0,0,0,0.0,1.0,0.0,0.0,0.0,0.0,0.0,0.0,0.0,0.0,0.0,0.0,0.0,0.0,0.0,0.0,0.0,0.0
adder_n8,semi_real_adder,0,8,capacity_aware,5,12,34,34,0,1.0,1.0,0,0,0,0.0,1.0,0.0,0.0,0.0,0.0,0.0,0.0,0.0,0.0,0.0,0.0,0.0,0.0,0.0,0.0,0.0,0.0
adder_n8,semi_real_adder,0,8,smooth,5,12,34,34,0,1.0,1.0,0,0,0,0.0,1.0,0.0,0.0,0.0,0.0,0.0,0.0,0.0,0.0,0.0,0.0,0.0,0.0,0.0,0.0,0.0,0.0
adder_n8,semi_real_adder,0,8,delivery_aware_v1,5,12,34,34,0,1.0,1.0,0,0,0,0.0,1.0,0.0,0.0,0.0,0.0,0.0,0.0,0.0,0.0,0.0,0.0,0.0,0.0,0.0,0.0,0.0,0.0
adder_n8,semi_real_adder,0,8,delivery_aware_v2,5,12,34,34,0,1.0,1.0,0,0,0,0.0,1.0,0.0,0.0,0.0,0.0,0.0,0.0,0.0,0.0,0.0,0.0,0.0,0.0,0.0,0.0,0.0,0.0
adder_n16,semi_real_adder,0,16,static,1,0,66,66,0,1.0,1.0,0,0,0,0.0,1.0,0.0,0.0,0.0,0.0,0.0,0.0,0.0,0.0,0.0,0.0,0.0,0.0,0.0,0.0,0.0,0.0
adder_n16,semi_real_adder,0,16,capacity_aware,1,0,66,66,0,1.0,1.0,0,0,0,0.0,1.0,0.0,0.0,0.0,0.0,0.0,0.0,0.0,0.0,0.0,0.0,0.0,0.0,0.0,0.0,0.0,0.0
adder_n16,semi_real_adder,0,16,smooth,1,0,66,66,0,1.0,1.0,0,0,0,0.0,1.0,0.0,0.0,0.0,0.0,0.0,0.0,0.0,0.0,0.0,0.0,0.0,0.0,0.0,0.0,0.0,0.0
adder_n16,semi_real_adder,0,16,delivery_aware_v1,1,0,66,66,0,1.0,1.0,0,0,0,0.0,1.0,0.0,0.0,0.0,0.0,0.0,0.0,0.0,0.0,0.0,0.0,0.0,0.0,0.0,0.0,0.0,0.0
adder_n16,semi_real_adder,0,16,delivery_aware_v2,1,0,66,66,0,1.0,1.0,0,0,0,0.0,1.0,0.0,0.0,0.0,0.0,0.0,0.0,0.0,0.0,0.0,0.0,0.0,0.0,0.0,0.0,0.0,0.0
adder_n16,semi_real_adder,0,16,static,1,4,66,66,0,1.0,1.0,0,0,0,0.0,1.0,0.0,0.0,0.0,0.0,0.0,0.0,0.0,0.0,0.0,0.0,0.0,0.0,0.0,0.0,0.0,0.0
adder_n16,semi_real_adder,0,16,capacity_aware,1,4,66,66,0,1.0,1.0,0,0,0,0.0,1.0,0.0,0.0,0.0,0.0,0.0,0.0,0.0,0.0,0.0,0.0,0.0,0.0,0.0,0.0,0.0,0.0
adder_n16,semi_real_adder,0,16,smooth,1,4,66,66,0,1.0,1.0,0,0,0,0.0,1.0,0.0,0.0,0.0,0.0,0.0,0.0,0.0,0.0,0.0,0.0,0.0,0.0,0.0,0.0,0.0,0.0
adder_n16,semi_real_adder,0,16,delivery_aware_v1,1,4,66,66,0,1.0,1.0,0,0,0,0.0,1.0,0.0,0.0,0.0,0.0,0.0,0.0,0.0,0.0,0.0,0.0,0.0,0.0,0.0,0.0,0.0,0.0
adder_n16,semi_real_adder,0,16,delivery_aware_v2,1,4,66,66,0,1.0,1.0,0,0,0,0.0,1.0,0.0,0.0,0.0,0.0,0.0,0.0,0.0,0.0,0.0,0.0,0.0,0.0,0.0,0.0,0.0,0.0
adder_n16,semi_real_adder,0,16,static,1,8,66,66,0,1.0,1.0,0,0,0,0.0,1.0,0.0,0.0,0.0,0.0,0.0,0.0,0.0,0.0,0.0,0.0,0.0,0.0,0.0,0.0,0.0,0.0
adder_n16,semi_real_adder,0,16,capacity_aware,1,8,66,66,0,1.0,1.0,0,0,0,0.0,1.0,0.0,0.0,0.0,0.0,0.0,0.0,0.0,0.0,0.0,0.0,0.0,0.0,0.0,0.0,0.0,0.0
adder_n16,semi_real_adder,0,16,smooth,1,8,66,66,0,1.0,1.0,0,0,0,0.0,1.0,0.0,0.0,0.0,0.0,0.0,0.0,0.0,0.0,0.0,0.0,0.0,0.0,0.0,0.0,0.0,0.0
adder_n16,semi_real_adder,0,16,delivery_aware_v1,1,8,66,66,0,1.0,1.0,0,0,0,0.0,1.0,0.0,0.0,0.0,0.0,0.0,0.0,0.0,0.0,0.0,0.0,0.0,0.0,0.0,0.0,0.0,0.0
adder_n16,semi_real_adder,0,16,delivery_aware_v2,1,8,66,66,0,1.0,1.0,0,0,0,0.0,1.0,0.0,0.0,0.0,0.0,0.0,0.0,0.0,0.0,0.0,0.0,0.0,0.0,0.0,0.0,0.0,0.0
adder_n16,semi_real_adder,0,16,static,1,12,66,66,0,1.0,1.0,0,0,0,0.0,1.0,0.0,0.0,0.0,0.0,0.0,0.0,0.0,0.0,0.0,0.0,0.0,0.0,0.0,0.0,0.0,0.0
adder_n16,semi_real_adder,0,16,capacity_aware,1,12,66,66,0,1.0,1.0,0,0,0,0.0,1.0,0.0,0.0,0.0,0.0,0.0,0.0,0.0,0.0,0.0,0.0,0.0,0.0,0.0,0.0,0.0,0.0
adder_n16,semi_real_adder,0,16,smooth,1,12,66,66,0,1.0,1.0,0,0,0,0.0,1.0,0.0,0.0,0.0,0.0,0.0,0.0,0.0,0.0,0.0,0.0,0.0,0.0,0.0,0.0,0.0,0.0
adder_n16,semi_real_adder,0,16,delivery_aware_v1,1,12,66,66,0,1.0,1.0,0,0,0,0.0,1.0,0.0,0.0,0.0,0.0,0.0,0.0,0.0,0.0,0.0,0.0,0.0,0.0,0.0,0.0,0.0,0.0
adder_n16,semi_real_adder,0,16,delivery_aware_v2,1,12,66,66,0,1.0,1.0,0,0,0,0.0,1.0,0.0,0.0,0.0,0.0,0.0,0.0,0.0,0.0,0.0,0.0,0.0,0.0,0.0,0.0,0.0,0.0
adder_n16,semi_real_adder,0,16,static,2,0,66,66,0,1.0,1.0,0,0,0,0.0,1.0,0.0,0.0,0.0,0.0,0.0,0.0,0.0,0.0,0.0,0.0,0.0,0.0,0.0,0.0,0.0,0.0
adder_n16,semi_real_adder,0,16,capacity_aware,2,0,66,66,0,1.0,1.0,0,0,0,0.0,1.0,0.0,0.0,0.0,0.0,0.0,0.0,0.0,0.0,0.0,0.0,0.0,0.0,0.0,0.0,0.0,0.0
adder_n16,semi_real_adder,0,16,smooth,2,0,66,66,0,1.0,1.0,0,0,0,0.0,1.0,0.0,0.0,0.0,0.0,0.0,0.0,0.0,0.0,0.0,0.0,0.0,0.0,0.0,0.0,0.0,0.0
adder_n16,semi_real_adder,0,16,delivery_aware_v1,2,0,66,66,0,1.0,1.0,0,0,0,0.0,1.0,0.0,0.0,0.0,0.0,0.0,0.0,0.0,0.0,0.0,0.0,0.0,0.0,0.0,0.0,0.0,0.0
adder_n16,semi_real_adder,0,16,delivery_aware_v2,2,0,66,66,0,1.0,1.0,0,0,0,0.0,1.0,0.0,0.0,0.0,0.0,0.0,0.0,0.0,0.0,0.0,0.0,0.0,0.0,0.0,0.0,0.0,0.0
adder_n16,semi_real_adder,0,16,static,2,4,66,66,0,1.0,1.0,0,0,0,0.0,1.0,0.0,0.0,0.0,0.0,0.0,0.0,0.0,0.0,0.0,0.0,0.0,0.0,0.0,0.0,0.0,0.0
adder_n16,semi_real_adder,0,16,capacity_aware,2,4,66,66,0,1.0,1.0,0,0,0,0.0,1.0,0.0,0.0,0.0,0.0,0.0,0.0,0.0,0.0,0.0,0.0,0.0,0.0,0.0,0.0,0.0,0.0
adder_n16,semi_real_adder,0,16,smooth,2,4,66,66,0,1.0,1.0,0,0,0,0.0,1.0,0.0,0.0,0.0,0.0,0.0,0.0,0.0,0.0,0.0,0.0,0.0,0.0,0.0,0.0,0.0,0.0
adder_n16,semi_real_adder,0,16,delivery_aware_v1,2,4,66,66,0,1.0,1.0,0,0,0,0.0,1.0,0.0,0.0,0.0,0.0,0.0,0.0,0.0,0.0,0.0,0.0,0.0,0.0,0.0,0.0,0.0,0.0
adder_n16,semi_real_adder,0,16,delivery_aware_v2,2,4,66,66,0,1.0,1.0,0,0,0,0.0,1.0,0.0,0.0,0.0,0.0,0.0,0.0,0.0,0.0,0.0,0.0,0.0,0.0,0.0,0.0,0.0,0.0
adder_n16,semi_real_adder,0,16,static,2,8,66,66,0,1.0,1.0,0,0,0,0.0,1.0,0.0,0.0,0.0,0.0,0.0,0.0,0.0,0.0,0.0,0.0,0.0,0.0,0.0,0.0,0.0,0.0
adder_n16,semi_real_adder,0,16,capacity_aware,2,8,66,66,0,1.0,1.0,0,0,0,0.0,1.0,0.0,0.0,0.0,0.0,0.0,0.0,0.0,0.0,0.0,0.0,0.0,0.0,0.0,0.0,0.0,0.0
adder_n16,semi_real_adder,0,16,smooth,2,8,66,66,0,1.0,1.0,0,0,0,0.0,1.0,0.0,0.0,0.0,0.0,0.0,0.0,0.0,0.0,0.0,0.0,0.0,0.0,0.0,0.0,0.0,0.0
adder_n16,semi_real_adder,0,16,delivery_aware_v1,2,8,66,66,0,1.0,1.0,0,0,0,0.0,1.0,0.0,0.0,0.0,0.0,0.0,0.0,0.0,0.0,0.0,0.0,0.0,0.0,0.0,0.0,0.0,0.0
adder_n16,semi_real_adder,0,16,delivery_aware_v2,2,8,66,66,0,1.0,1.0,0,0,0,0.0,1.0,0.0,0.0,0.0,0.0,0.0,0.0,0.0,0.0,0.0,0.0,0.0,0.0,0.0,0.0,0.0,0.0
adder_n16,semi_real_adder,0,16,static,2,12,66,66,0,1.0,1.0,0,0,0,0.0,1.0,0.0,0.0,0.0,0.0,0.0,0.0,0.0,0.0,0.0,0.0,0.0,0.0,0.0,0.0,0.0,0.0
adder_n16,semi_real_adder,0,16,capacity_aware,2,12,66,66,0,1.0,1.0,0,0,0,0.0,1.0,0.0,0.0,0.0,0.0,0.0,0.0,0.0,0.0,0.0,0.0,0.0,0.0,0.0,0.0,0.0,0.0
adder_n16,semi_real_adder,0,16,smooth,2,12,66,66,0,1.0,1.0,0,0,0,0.0,1.0,0.0,0.0,0.0,0.0,0.0,0.0,0.0,0.0,0.0,0.0,0.0,0.0,0.0,0.0,0.0,0.0
adder_n16,semi_real_adder,0,16,delivery_aware_v1,2,12,66,66,0,1.0,1.0,0,0,0,0.0,1.0,0.0,0.0,0.0,0.0,0.0,0.0,0.0,0.0,0.0,0.0,0.0,0.0,0.0,0.0,0.0,0.0
adder_n16,semi_real_adder,0,16,delivery_aware_v2,2,12,66,66,0,1.0,1.0,0,0,0,0.0,1.0,0.0,0.0,0.0,0.0,0.0,0.0,0.0,0.0,0.0,0.0,0.0,0.0,0.0,0.0,0.0,0.0
adder_n16,semi_real_adder,0,16,static,3,0,66,66,0,1.0,1.0,0,0,0,0.0,1.0,0.0,0.0,0.0,0.0,0.0,0.0,0.0,0.0,0.0,0.0,0.0,0.0,0.0,0.0,0.0,0.0
adder_n16,semi_real_adder,0,16,capacity_aware,3,0,66,66,0,1.0,1.0,0,0,0,0.0,1.0,0.0,0.0,0.0,0.0,0.0,0.0,0.0,0.0,0.0,0.0,0.0,0.0,0.0,0.0,0.0,0.0
adder_n16,semi_real_adder,0,16,smooth,3,0,66,66,0,1.0,1.0,0,0,0,0.0,1.0,0.0,0.0,0.0,0.0,0.0,0.0,0.0,0.0,0.0,0.0,0.0,0.0,0.0,0.0,0.0,0.0
adder_n16,semi_real_adder,0,16,delivery_aware_v1,3,0,66,66,0,1.0,1.0,0,0,0,0.0,1.0,0.0,0.0,0.0,0.0,0.0,0.0,0.0,0.0,0.0,0.0,0.0,0.0,0.0,0.0,0.0,0.0
adder_n16,semi_real_adder,0,16,delivery_aware_v2,3,0,66,66,0,1.0,1.0,0,0,0,0.0,1.0,0.0,0.0,0.0,0.0,0.0,0.0,0.0,0.0,0.0,0.0,0.0,0.0,0.0,0.0,0.0,0.0
adder_n16,semi_real_adder,0,16,static,3,4,66,66,0,1.0,1.0,0,0,0,0.0,1.0,0.0,0.0,0.0,0.0,0.0,0.0,0.0,0.0,0.0,0.0,0.0,0.0,0.0,0.0,0.0,0.0
adder_n16,semi_real_adder,0,16,capacity_aware,3,4,66,66,0,1.0,1.0,0,0,0,0.0,1.0,0.0,0.0,0.0,0.0,0.0,0.0,0.0,0.0,0.0,0.0,0.0,0.0,0.0,0.0,0.0,0.0
adder_n16,semi_real_adder,0,16,smooth,3,4,66,66,0,1.0,1.0,0,0,0,0.0,1.0,0.0,0.0,0.0,0.0,0.0,0.0,0.0,0.0,0.0,0.0,0.0,0.0,0.0,0.0,0.0,0.0
adder_n16,semi_real_adder,0,16,delivery_aware_v1,3,4,66,66,0,1.0,1.0,0,0,0,0.0,1.0,0.0,0.0,0.0,0.0,0.0,0.0,0.0,0.0,0.0,0.0,0.0,0.0,0.0,0.0,0.0,0.0
adder_n16,semi_real_adder,0,16,delivery_aware_v2,3,4,66,66,0,1.0,1.0,0,0,0,0.0,1.0,0.0,0.0,0.0,0.0,0.0,0.0,0.0,0.0,0.0,0.0,0.0,0.0,0.0,0.0,0.0,0.0
adder_n16,semi_real_adder,0,16,static,3,8,66,66,0,1.0,1.0,0,0,0,0.0,1.0,0.0,0.0,0.0,0.0,0.0,0.0,0.0,0.0,0.0,0.0,0.0,0.0,0.0,0.0,0.0,0.0
adder_n16,semi_real_adder,0,16,capacity_aware,3,8,66,66,0,1.0,1.0,0,0,0,0.0,1.0,0.0,0.0,0.0,0.0,0.0,0.0,0.0,0.0,0.0,0.0,0.0,0.0,0.0,0.0,0.0,0.0
adder_n16,semi_real_adder,0,16,smooth,3,8,66,66,0,1.0,1.0,0,0,0,0.0,1.0,0.0,0.0,0.0,0.0,0.0,0.0,0.0,0.0,0.0,0.0,0.0,0.0,0.0,0.0,0.0,0.0
adder_n16,semi_real_adder,0,16,delivery_aware_v1,3,8,66,66,0,1.0,1.0,0,0,0,0.0,1.0,0.0,0.0,0.0,0.0,0.0,0.0,0.0,0.0,0.0,0.0,0.0,0.0,0.0,0.0,0.0,0.0
adder_n16,semi_real_adder,0,16,delivery_aware_v2,3,8,66,66,0,1.0,1.0,0,0,0,0.0,1.0,0.0,0.0,0.0,0.0,0.0,0.0,0.0,0.0,0.0,0.0,0.0,0.0,0.0,0.0,0.0,0.0
adder_n16,semi_real_adder,0,16,static,3,12,66,66,0,1.0,1.0,0,0,0,0.0,1.0,0.0,0.0,0.0,0.0,0.0,0.0,0.0,0.0,0.0,0.0,0.0,0.0,0.0,0.0,0.0,0.0
adder_n16,semi_real_adder,0,16,capacity_aware,3,12,66,66,0,1.0,1.0,0,0,0,0.0,1.0,0.0,0.0,0.0,0.0,0.0,0.0,0.0,0.0,0.0,0.0,0.0,0.0,0.0,0.0,0.0,0.0
adder_n16,semi_real_adder,0,16,smooth,3,12,66,66,0,1.0,1.0,0,0,0,0.0,1.0,0.0,0.0,0.0,0.0,0.0,0.0,0.0,0.0,0.0,0.0,0.0,0.0,0.0,0.0,0.0,0.0
adder_n16,semi_real_adder,0,16,delivery_aware_v1,3,12,66,66,0,1.0,1.0,0,0,0,0.0,1.0,0.0,0.0,0.0,0.0,0.0,0.0,0.0,0.0,0.0,0.0,0.0,0.0,0.0,0.0,0.0,0.0
adder_n16,semi_real_adder,0,16,delivery_aware_v2,3,12,66,66,0,1.0,1.0,0,0,0,0.0,1.0,0.0,0.0,0.0,0.0,0.0,0.0,0.0,0.0,0.0,0.0,0.0,0.0,0.0,0.0,0.0,0.0
adder_n16,semi_real_adder,0,16,static,4,0,66,66,0,1.0,1.0,0,0,0,0.0,1.0,0.0,0.0,0.0,0.0,0.0,0.0,0.0,0.0,0.0,0.0,0.0,0.0,0.0,0.0,0.0,0.0
adder_n16,semi_real_adder,0,16,capacity_aware,4,0,66,66,0,1.0,1.0,0,0,0,0.0,1.0,0.0,0.0,0.0,0.0,0.0,0.0,0.0,0.0,0.0,0.0,0.0,0.0,0.0,0.0,0.0,0.0
adder_n16,semi_real_adder,0,16,smooth,4,0,66,66,0,1.0,1.0,0,0,0,0.0,1.0,0.0,0.0,0.0,0.0,0.0,0.0,0.0,0.0,0.0,0.0,0.0,0.0,0.0,0.0,0.0,0.0
adder_n16,semi_real_adder,0,16,delivery_aware_v1,4,0,66,66,0,1.0,1.0,0,0,0,0.0,1.0,0.0,0.0,0.0,0.0,0.0,0.0,0.0,0.0,0.0,0.0,0.0,0.0,0.0,0.0,0.0,0.0
adder_n16,semi_real_adder,0,16,delivery_aware_v2,4,0,66,66,0,1.0,1.0,0,0,0,0.0,1.0,0.0,0.0,0.0,0.0,0.0,0.0,0.0,0.0,0.0,0.0,0.0,0.0,0.0,0.0,0.0,0.0
adder_n16,semi_real_adder,0,16,static,4,4,66,66,0,1.0,1.0,0,0,0,0.0,1.0,0.0,0.0,0.0,0.0,0.0,0.0,0.0,0.0,0.0,0.0,0.0,0.0,0.0,0.0,0.0,0.0
adder_n16,semi_real_adder,0,16,capacity_aware,4,4,66,66,0,1.0,1.0,0,0,0,0.0,1.0,0.0,0.0,0.0,0.0,0.0,0.0,0.0,0.0,0.0,0.0,0.0,0.0,0.0,0.0,0.0,0.0
adder_n16,semi_real_adder,0,16,smooth,4,4,66,66,0,1.0,1.0,0,0,0,0.0,1.0,0.0,0.0,0.0,0.0,0.0,0.0,0.0,0.0,0.0,0.0,0.0,0.0,0.0,0.0,0.0,0.0
adder_n16,semi_real_adder,0,16,delivery_aware_v1,4,4,66,66,0,1.0,1.0,0,0,0,0.0,1.0,0.0,0.0,0.0,0.0,0.0,0.0,0.0,0.0,0.0,0.0,0.0,0.0,0.0,0.0,0.0,0.0
adder_n16,semi_real_adder,0,16,delivery_aware_v2,4,4,66,66,0,1.0,1.0,0,0,0,0.0,1.0,0.0,0.0,0.0,0.0,0.0,0.0,0.0,0.0,0.0,0.0,0.0,0.0,0.0,0.0,0.0,0.0
adder_n16,semi_real_adder,0,16,static,4,8,66,66,0,1.0,1.0,0,0,0,0.0,1.0,0.0,0.0,0.0,0.0,0.0,0.0,0.0,0.0,0.0,0.0,0.0,0.0,0.0,0.0,0.0,0.0
adder_n16,semi_real_adder,0,16,capacity_aware,4,8,66,66,0,1.0,1.0,0,0,0,0.0,1.0,0.0,0.0,0.0,0.0,0.0,0.0,0.0,0.0,0.0,0.0,0.0,0.0,0.0,0.0,0.0,0.0
adder_n16,semi_real_adder,0,16,smooth,4,8,66,66,0,1.0,1.0,0,0,0,0.0,1.0,0.0,0.0,0.0,0.0,0.0,0.0,0.0,0.0,0.0,0.0,0.0,0.0,0.0,0.0,0.0,0.0
adder_n16,semi_real_adder,0,16,delivery_aware_v1,4,8,66,66,0,1.0,1.0,0,0,0,0.0,1.0,0.0,0.0,0.0,0.0,0.0,0.0,0.0,0.0,0.0,0.0,0.0,0.0,0.0,0.0,0.0,0.0
adder_n16,semi_real_adder,0,16,delivery_aware_v2,4,8,66,66,0,1.0,1.0,0,0,0,0.0,1.0,0.0,0.0,0.0,0.0,0.0,0.0,0.0,0.0,0.0,0.0,0.0,0.0,0.0,0.0,0.0,0.0
adder_n16,semi_real_adder,0,16,static,4,12,66,66,0,1.0,1.0,0,0,0,0.0,1.0,0.0,0.0,0.0,0.0,0.0,0.0,0.0,0.0,0.0,0.0,0.0,0.0,0.0,0.0,0.0,0.0
adder_n16,semi_real_adder,0,16,capacity_aware,4,12,66,66,0,1.0,1.0,0,0,0,0.0,1.0,0.0,0.0,0.0,0.0,0.0,0.0,0.0,0.0,0.0,0.0,0.0,0.0,0.0,0.0,0.0,0.0
adder_n16,semi_real_adder,0,16,smooth,4,12,66,66,0,1.0,1.0,0,0,0,0.0,1.0,0.0,0.0,0.0,0.0,0.0,0.0,0.0,0.0,0.0,0.0,0.0,0.0,0.0,0.0,0.0,0.0
adder_n16,semi_real_adder,0,16,delivery_aware_v1,4,12,66,66,0,1.0,1.0,0,0,0,0.0,1.0,0.0,0.0,0.0,0.0,0.0,0.0,0.0,0.0,0.0,0.0,0.0,0.0,0.0,0.0,0.0,0.0
adder_n16,semi_real_adder,0,16,delivery_aware_v2,4,12,66,66,0,1.0,1.0,0,0,0,0.0,1.0,0.0,0.0,0.0,0.0,0.0,0.0,0.0,0.0,0.0,0.0,0.0,0.0,0.0,0.0,0.0,0.0
adder_n16,semi_real_adder,0,16,static,5,0,66,66,0,1.0,1.0,0,0,0,0.0,1.0,0.0,0.0,0.0,0.0,0.0,0.0,0.0,0.0,0.0,0.0,0.0,0.0,0.0,0.0,0.0,0.0
adder_n16,semi_real_adder,0,16,capacity_aware,5,0,66,66,0,1.0,1.0,0,0,0,0.0,1.0,0.0,0.0,0.0,0.0,0.0,0.0,0.0,0.0,0.0,0.0,0.0,0.0,0.0,0.0,0.0,0.0
adder_n16,semi_real_adder,0,16,smooth,5,0,66,66,0,1.0,1.0,0,0,0,0.0,1.0,0.0,0.0,0.0,0.0,0.0,0.0,0.0,0.0,0.0,0.0,0.0,0.0,0.0,0.0,0.0,0.0
adder_n16,semi_real_adder,0,16,delivery_aware_v1,5,0,66,66,0,1.0,1.0,0,0,0,0.0,1.0,0.0,0.0,0.0,0.0,0.0,0.0,0.0,0.0,0.0,0.0,0.0,0.0,0.0,0.0,0.0,0.0
adder_n16,semi_real_adder,0,16,delivery_aware_v2,5,0,66,66,0,1.0,1.0,0,0,0,0.0,1.0,0.0,0.0,0.0,0.0,0.0,0.0,0.0,0.0,0.0,0.0,0.0,0.0,0.0,0.0,0.0,0.0
adder_n16,semi_real_adder,0,16,static,5,4,66,66,0,1.0,1.0,0,0,0,0.0,1.0,0.0,0.0,0.0,0.0,0.0,0.0,0.0,0.0,0.0,0.0,0.0,0.0,0.0,0.0,0.0,0.0
adder_n16,semi_real_adder,0,16,capacity_aware,5,4,66,66,0,1.0,1.0,0,0,0,0.0,1.0,0.0,0.0,0.0,0.0,0.0,0.0,0.0,0.0,0.0,0.0,0.0,0.0,0.0,0.0,0.0,0.0
adder_n16,semi_real_adder,0,16,smooth,5,4,66,66,0,1.0,1.0,0,0,0,0.0,1.0,0.0,0.0,0.0,0.0,0.0,0.0,0.0,0.0,0.0,0.0,0.0,0.0,0.0,0.0,0.0,0.0
adder_n16,semi_real_adder,0,16,delivery_aware_v1,5,4,66,66,0,1.0,1.0,0,0,0,0.0,1.0,0.0,0.0,0.0,0.0,0.0,0.0,0.0,0.0,0.0,0.0,0.0,0.0,0.0,0.0,0.0,0.0
adder_n16,semi_real_adder,0,16,delivery_aware_v2,5,4,66,66,0,1.0,1.0,0,0,0,0.0,1.0,0.0,0.0,0.0,0.0,0.0,0.0,0.0,0.0,0.0,0.0,0.0,0.0,0.0,0.0,0.0,0.0
adder_n16,semi_real_adder,0,16,static,5,8,66,66,0,1.0,1.0,0,0,0,0.0,1.0,0.0,0.0,0.0,0.0,0.0,0.0,0.0,0.0,0.0,0.0,0.0,0.0,0.0,0.0,0.0,0.0
adder_n16,semi_real_adder,0,16,capacity_aware,5,8,66,66,0,1.0,1.0,0,0,0,0.0,1.0,0.0,0.0,0.0,0.0,0.0,0.0,0.0,0.0,0.0,0.0,0.0,0.0,0.0,0.0,0.0,0.0
adder_n16,semi_real_adder,0,16,smooth,5,8,66,66,0,1.0,1.0,0,0,0,0.0,1.0,0.0,0.0,0.0,0.0,0.0,0.0,0.0,0.0,0.0,0.0,0.0,0.0,0.0,0.0,0.0,0.0
adder_n16,semi_real_adder,0,16,delivery_aware_v1,5,8,66,66,0,1.0,1.0,0,0,0,0.0,1.0,0.0,0.0,0.0,0.0,0.0,0.0,0.0,0.0,0.0,0.0,0.0,0.0,0.0,0.0,0.0,0.0
adder_n16,semi_real_adder,0,16,delivery_aware_v2,5,8,66,66,0,1.0,1.0,0,0,0,0.0,1.0,0.0,0.0,0.0,0.0,0.0,0.0,0.0,0.0,0.0,0.0,0.0,0.0,0.0,0.0,0.0,0.0
adder_n16,semi_real_adder,0,16,static,5,12,66,66,0,1.0,1.0,0,0,0,0.0,1.0,0.0,0.0,0.0,0.0,0.0,0.0,0.0,0.0,0.0,0.0,0.0,0.0,0.0,0.0,0.0,0.0
adder_n16,semi_real_adder,0,16,capacity_aware,5,12,66,66,0,1.0,1.0,0,0,0,0.0,1.0,0.0,0.0,0.0,0.0,0.0,0.0,0.0,0.0,0.0,0.0,0.0,0.0,0.0,0.0,0.0,0.0
adder_n16,semi_real_adder,0,16,smooth,5,12,66,66,0,1.0,1.0,0,0,0,0.0,1.0,0.0,0.0,0.0,0.0,0.0,0.0,0.0,0.0,0.0,0.0,0.0,0.0,0.0,0.0,0.0,0.0
adder_n16,semi_real_adder,0,16,delivery_aware_v1,5,12,66,66,0,1.0,1.0,0,0,0,0.0,1.0,0.0,0.0,0.0,0.0,0.0,0.0,0.0,0.0,0.0,0.0,0.0,0.0,0.0,0.0,0.0,0.0
adder_n16,semi_real_adder,0,16,delivery_aware_v2,5,12,66,66,0,1.0,1.0,0,0,0,0.0,1.0,0.0,0.0,0.0,0.0,0.0,0.0,0.0,0.0,0.0,0.0,0.0,0.0,0.0,0.0,0.0,0.0
multiplier_n4,semi_real_multiplier,0,4,static,1,0,22,28,6,1.2727272727272727,1.2727272727272727,6,16,6,2.0454545454545454,1.0,0.0,-0.16666666666666666,-0.12,-0.16666666666666666,0.0,-2.0,0.0,-2.0,0.0,-2.0,0.0,-2.0,0.0,-3.0,0.0,-1.6666666666666667
multiplier_n4,semi_real_multiplier,0,4,capacity_aware,1,0,25,25,0,1.0,1.1363636363636365,0,0,0,0.0,1.1363636363636365,0.10714285714285714,-0.041666666666666664,0.0,-0.041666666666666664,1.0,1.0,0.0,1.0,1.0,1.0,0.0,1.0,1.0,1.0,0.0,1.0
multiplier_n4,semi_real_multiplier,0,4,smooth,1,0,22,24,2,1.0909090909090908,1.0909090909090908,2,4,2,0.22727272727272727,1.0,0.14285714285714285,0.0,0.04,0.0,0.6666666666666666,0.0,0.0,0.0,0.6666666666666666,0.0,0.0,0.0,0.75,0.0,0.0,0.3333333333333333
multiplier_n4,semi_real_multiplier,0,4,delivery_aware_v1,1,0,22,24,2,1.0909090909090908,1.0909090909090908,2,6,2,0.3181818181818182,1.0,0.14285714285714285,0.0,0.04,0.0,0.6666666666666666,0.0,0.0,0.0,0.6666666666666666,0.0,0.0,0.0,0.625,-0.5,0.0,0.0
multiplier_n4,semi_real_multiplier,0,4,delivery_aware_v2,1,0,22,24,2,1.0909090909090908,1.0909090909090908,2,4,2,0.22727272727272727,1.0,0.14285714285714285,0.0,0.04,0.0,0.6666666666666666,0.0,0.0,0.0,0.6666666666666666,0.0,0.0,0.0,0.75,0.0,0.0,0.3333333333333333
multiplier_n4,semi_real_multiplier,0,4,static,1,4,22,24,2,1.0909090909090908,1.0909090909090908,6,2,2,0.13636363636363635,1.0,0.0,-0.09090909090909091,0.04,-0.043478260869565216,0.0,-2.0,0.0,-0.2,0.0,0.0,0.0,-1.0,0.0,0.0,0.0,-1.0
multiplier_n4,semi_real_multiplier,0,4,capacity_aware,1,4,25,25,0,1.0,1.1363636363636365,0,0,0,0.0,1.1363636363636365,-0.041666666666666664,-0.13636363636363635,0.0,-0.08695652173913043,1.0,1.0,0.0,1.0,1.0,0.0,0.0,1.0,1.0,0.0,0.0,1.0
multiplier_n4,semi_real_multiplier,0,4,smooth,1,4,22,22,0,1.0,1.0,2,0,0,0.0,1.0,0.08333333333333333,0.0,0.12,0.043478260869565216,0.6666666666666666,0.0,0.0,0.6,1.0,0.0,0.0,1.0,1.0,0.0,0.0,1.0
multiplier_n4,semi_real_multiplier,0,4,delivery_aware_v1,1,4,22,23,1,1.0454545454545454,1.0454545454545454,5,1,1,0.045454545454545456,1.0,0.041666666666666664,-0.045454545454545456,0.08,0.0,0.16666666666666666,-1.5,0.0,0.0,0.5,0.0,0.0,0.0,0.5,0.0,0.0,0.0
multiplier_n4,semi_real_multiplier,0,4,delivery_aware_v2,1,4,22,22,0,1.0,1.0,2,0,0,0.0,1.0,0.08333333333333333,0.0,0.12,0.043478260869565216,0.6666666666666666,0.0,0.0,0.6,1.0,0.0,0.0,1.0,1.0,0.0,0.0,1.0
multiplier_n4,semi_real_multiplier,0,4,static,1,8,22,22,0,1.0,1.0,6,0,0,0.0,1.0,0.0,0.0,0.12,0.0,0.0,-2.0,0.0,-0.2,0.0,0.0,0.0,0.0,0.0,0.0,0.0,0.0
multiplier_n4,semi_real_multiplier,0,4,capacity_aware,1,8,25,25,0,1.0,1.1363636363636365,0,0,0,0.0,1.1363636363636365,-0.13636363636363635,-0.13636363636363635,0.0,-0.13636363636363635,1.0,1.0,0.0,1.0,0.0,0.0,0.0,0.0,0.0,0.0,0.0,0.0
multiplier_n4,semi_real_multiplier,0,4,smooth,1,8,22,22,0,1.0,1.0,2,0,0,0.0,1.0,0.0,0.0,0.12,0.0,0.6666666666666666,0.0,0.0,0.6,0.0,0.0,0.0,0.0,0.0,0.0,0.0,0.0
multiplier_n4,semi_real_multiplier,0,4,delivery_aware_v1,1,8,22,22,0,1.0,1.0,5,0,0,0.0,1.0,0.0,0.0,0.12,0.0,0.16666666666666666,-1.5,0.0,0.0,0.0,0.0,0.0,0.0,0.0,0.0,0.0,0.0
multiplier_n4,semi_real_multiplier,0,4,delivery_aware_v2,1,8,22,22,0,1.0,1.0,2,0,0,0.0,1.0,0.0,0.0,0.12,0.0,0.6666666666666666,0.0,0.0,0.6,0.0,0.0,0.0,0.0,0.0,0.0,0.0,0.0
multiplier_n4,semi_real_multiplier,0,4,static,1,12,22,22,0,1.0,1.0,6,0,0,0.0,1.0,0.0,0.0,0.12,0.0,0.0,-2.0,0.0,-0.2,0.0,0.0,0.0,0.0,0.0,0.0,0.0,0.0
multiplier_n4,semi_real_multiplier,0,4,capacity_aware,1,12,25,25,0,1.0,1.1363636363636365,0,0,0,0.0,1.1363636363636365,-0.13636363636363635,-0.13636363636363635,0.0,-0.13636363636363635,1.0,1.0,0.0,1.0,0.0,0.0,0.0,0.0,0.0,0.0,0.0,0.0
multiplier_n4,semi_real_multiplier,0,4,smooth,1,12,22,22,0,1.0,1.0,2,0,0,0.0,1.0,0.0,0.0,0.12,0.0,0.6666666666666666,0.0,0.0,0.6,0.0,0.0,0.0,0.0,0.0,0.0,0.0,0.0
multiplier_n4,semi_real_multiplier,0,4,delivery_aware_v1,1,12,22,22,0,1.0,1.0,5,0,0,0.0,1.0,0.0,0.0,0.12,0.0,0.16666666666666666,-1.5,0.0,0.0,0.0,0.0,0.0,0.0,0.0,0.0,0.0,0.0
multiplier_n4,semi_real_multiplier,0,4,delivery_aware_v2,1,12,22,22,0,1.0,1.0,2,0,0,0.0,1.0,0.0,0.0,0.12,0.0,0.6666666666666666,0.0,0.0,0.6,0.0,0.0,0.0,0.0,0.0,0.0,0.0,0.0
multiplier_n4,semi_real_multiplier,0,4,static,2,0,22,23,1,1.0454545454545454,1.0454545454545454,1,1,1,0.045454545454545456,1.0,0.0,-0.045454545454545456,-0.045454545454545456,-0.045454545454545456,0.0,0.0,0.0,0.0,0.0,0.0,0.0,0.0,0.0,0.0,0.0,0.0
multiplier_n4,semi_real_multiplier,0,4,capacity_aware,2,0,22,22,0,1.0,1.0,0,0,0,0.0,1.0,0.043478260869565216,0.0,0.0,0.0,1.0,0.0,0.0,0.0,1.0,0.0,0.0,0.0,1.0,0.0,0.0,0.0
multiplier_n4,semi_real_multiplier,0,4,smooth,2,0,22,22,0,1.0,1.0,0,0,0,0.0,1.0,0.043478260869565216,0.0,0.0,0.0,1.0,0.0,0.0,0.0,1.0,0.0,0.0,0.0,1.0,0.0,0.0,0.0
multiplier_n4,semi_real_multiplier,0,4,delivery_aware_v1,2,0,22,22,0,1.0,1.0,0,0,0,0.0,1.0,0.043478260869565216,0.0,0.0,0.0,1.0,0.0,0.0,0.0,1.0,0.0,0.0,0.0,1.0,0.0,0.0,0.0
multiplier_n4,semi_real_multiplier,0,4,delivery_aware_v2,2,0,22,22,0,1.0,1.0,0,0,0,0.0,1.0,0.043478260869565216,0.0,0.0,0.0,1.0,0.0,0.0,0.0,1.0,0.0,0.0,0.0,1.0,0.0,0.0,0.0
multiplier_n4,semi_real_multiplier,0,4,static,2,4,22,22,0,1.0,1.0,1,0,0,0.0,1.0,0.0,0.0,0.0,0.0,0.0,0.0,0.0,0.0,0.0,0.0,0.0,0.0,0.0,0.0,0.0,0.0
multiplier_n4,semi_real_multiplier,0,4,capacity_aware,2,4,22,22,0,1.0,1.0,0,0,0,0.0,1.0,0.0,0.0,0.0,0.0,1.0,0.0,0.0,0.0,0.0,0.0,0.0,0.0,0.0,0.0,0.0,0.0
multiplier_n4,semi_real_multiplier,0,4,smooth,2,4,22,22,0,1.0,1.0,0,0,0,0.0,1.0,0.0,0.0,0.0,0.0,1.0,0.0,0.0,0.0,0.0,0.0,0.0,0.0,0.0,0.0,0.0,0.0
multiplier_n4,semi_real_multiplier,0,4,delivery_aware_v1,2,4,22,22,0,1.0,1.0,0,0,0,0.0,1.0,0.0,0.0,0.0,0.0,1.0,0.0,0.0,0.0,0.0,0.0,0.0,0.0,0.0,0.0,0.0,0.0
multiplier_n4,semi_real_multiplier,0,4,delivery_aware_v2,2,4,22,22,0,1.0,1.0,0,0,0,0.0,1.0,0.0,0.0,0.0,0.0,1.0,0.0,0.0,0.0,0.0,0.0,0.0,0.0,0.0,0.0,0.0,0.0
multiplier_n4,semi_real_multiplier,0,4,static,2,8,22,22,0,1.0,1.0,1,0,0,0.0,1.0,0.0,0.0,0.0,0.0,0.0,0.0,0.0,0.0,0.0,0.0,0.0,0.0,0.0,0.0,0.0,0.0
multiplier_n4,semi_real_multiplier,0,4,capacity_aware,2,8,22,22,0,1.0,1.0,0,0,0,0.0,1.0,0.0,0.0,0.0,0.0,1.0,0.0,0.0,0.0,0.0,0.0,0.0,0.0,0.0,0.0,0.0,0.0
multiplier_n4,semi_real_multiplier,0,4,smooth,2,8,22,22,0,1.0,1.0,0,0,0,0.0,1.0,0.0,0.0,0.0,0.0,1.0,0.0,0.0,0.0,0.0,0.0,0.0,0.0,0.0,0.0,0.0,0.0
multiplier_n4,semi_real_multiplier,0,4,delivery_aware_v1,2,8,22,22,0,1.0,1.0,0,0,0,0.0,1.0,0.0,0.0,0.0,0.0,1.0,0.0,0.0,0.0,0.0,0.0,0.0,0.0,0.0,0.0,0.0,0.0
multiplier_n4,semi_real_multiplier,0,4,delivery_aware_v2,2,8,22,22,0,1.0,1.0,0,0,0,0.0,1.0,0.0,0.0,0.0,0.0,1.0,0.0,0.0,0.0,0.0,0.0,0.0,0.0,0.0,0.0,0.0,0.0
multiplier_n4,semi_real_multiplier,0,4,static,2,12,22,22,0,1.0,1.0,1,0,0,0.0,1.0,0.0,0.0,0.0,0.0,0.0,0.0,0.0,0.0,0.0,0.0,0.0,0.0,0.0,0.0,0.0,0.0
multiplier_n4,semi_real_multiplier,0,4,capacity_aware,2,12,22,22,0,1.0,1.0,0,0,0,0.0,1.0,0.0,0.0,0.0,0.0,1.0,0.0,0.0,0.0,0.0,0.0,0.0,0.0,0.0,0.0,0.0,0.0
multiplier_n4,semi_real_multiplier,0,4,smooth,2,12,22,22,0,1.0,1.0,0,0,0,0.0,1.0,0.0,0.0,0.0,0.0,1.0,0.0,0.0,0.0,0.0,0.0,0.0,0.0,0.0,0.0,0.0,0.0
multiplier_n4,semi_real_multiplier,0,4,delivery_aware_v1,2,12,22,22,0,1.0,1.0,0,0,0,0.0,1.0,0.0,0.0,0.0,0.0,1.0,0.0,0.0,0.0,0.0,0.0,0.0,0.0,0.0,0.0,0.0,0.0
multiplier_n4,semi_real_multiplier,0,4,delivery_aware_v2,2,12,22,22,0,1.0,1.0,0,0,0,0.0,1.0,0.0,0.0,0.0,0.0,1.0,0.0,0.0,0.0,0.0,0.0,0.0,0.0,0.0,0.0,0.0,0.0
multiplier_n4,semi_real_multiplier,0,4,static,3,0,22,22,0,1.0,1.0,0,0,0,0.0,1.0,0.0,0.0,0.0,0.0,0.0,0.0,0.0,0.0,0.0,0.0,0.0,0.0,0.0,0.0,0.0,0.0
multiplier_n4,semi_real_multiplier,0,4,capacity_aware,3,0,22,22,0,1.0,1.0,0,0,0,0.0,1.0,0.0,0.0,0.0,0.0,0.0,0.0,0.0,0.0,0.0,0.0,0.0,0.0,0.0,0.0,0.0,0.0
multiplier_n4,semi_real_multiplier,0,4,smooth,3,0,22,22,0,1.0,1.0,0,0,0,0.0,1.0,0.0,0.0,0.0,0.0,0.0,0.0,0.0,0.0,0.0,0.0,0.0,0.0,0.0,0.0,0.0,0.0
multiplier_n4,semi_real_multiplier,0,4,delivery_aware_v1,3,0,22,22,0,1.0,1.0,0,0,0,0.0,1.0,0.0,0.0,0.0,0.0,0.0,0.0,0.0,0.0,0.0,0.0,0.0,0.0,0.0,0.0,0.0,0.0
multiplier_n4,semi_real_multiplier,0,4,delivery_aware_v2,3,0,22,22,0,1.0,1.0,0,0,0,0.0,1.0,0.0,0.0,0.0,0.0,0.0,0.0,0.0,0.0,0.0,0.0,0.0,0.0,0.0,0.0,0.0,0.0
multiplier_n4,semi_real_multiplier,0,4,static,3,4,22,22,0,1.0,1.0,0,0,0,0.0,1.0,0.0,0.0,0.0,0.0,0.0,0.0,0.0,0.0,0.0,0.0,0.0,0.0,0.0,0.0,0.0,0.0
multiplier_n4,semi_real_multiplier,0,4,capacity_aware,3,4,22,22,0,1.0,1.0,0,0,0,0.0,1.0,0.0,0.0,0.0,0.0,0.0,0.0,0.0,0.0,0.0,0.0,0.0,0.0,0.0,0.0,0.0,0.0
multiplier_n4,semi_real_multiplier,0,4,smooth,3,4,22,22,0,1.0,1.0,0,0,0,0.0,1.0,0.0,0.0,0.0,0.0,0.0,0.0,0.0,0.0,0.0,0.0,0.0,0.0,0.0,0.0,0.0,0.0
multiplier_n4,semi_real_multiplier,0,4,delivery_aware_v1,3,4,22,22,0,1.0,1.0,0,0,0,0.0,1.0,0.0,0.0,0.0,0.0,0.0,0.0,0.0,0.0,0.0,0.0,0.0,0.0,0.0,0.0,0.0,0.0
multiplier_n4,semi_real_multiplier,0,4,delivery_aware_v2,3,4,22,22,0,1.0,1.0,0,0,0,0.0,1.0,0.0,0.0,0.0,0.0,0.0,0.0,0.0,0.0,0.0,0.0,0.0,0.0,0.0,0.0,0.0,0.0
multiplier_n4,semi_real_multiplier,0,4,static,3,8,22,22,0,1.0,1.0,0,0,0,0.0,1.0,0.0,0.0,0.0,0.0,0.0,0.0,0.0,0.0,0.0,0.0,0.0,0.0,0.0,0.0,0.0,0.0
multiplier_n4,semi_real_multiplier,0,4,capacity_aware,3,8,22,22,0,1.0,1.0,0,0,0,0.0,1.0,0.0,0.0,0.0,0.0,0.0,0.0,0.0,0.0,0.0,0.0,0.0,0.0,0.0,0.0,0.0,0.0
multiplier_n4,semi_real_multiplier,0,4,smooth,3,8,22,22,0,1.0,1.0,0,0,0,0.0,1.0,0.0,0.0,0.0,0.0,0.0,0.0,0.0,0.0,0.0,0.0,0.0,0.0,0.0,0.0,0.0,0.0
multiplier_n4,semi_real_multiplier,0,4,delivery_aware_v1,3,8,22,22,0,1.0,1.0,0,0,0,0.0,1.0,0.0,0.0,0.0,0.0,0.0,0.0,0.0,0.0,0.0,0.0,0.0,0.0,0.0,0.0,0.0,0.0
multiplier_n4,semi_real_multiplier,0,4,delivery_aware_v2,3,8,22,22,0,1.0,1.0,0,0,0,0.0,1.0,0.0,0.0,0.0,0.0,0.0,0.0,0.0,0.0,0.0,0.0,0.0,0.0,0.0,0.0,0.0,0.0
multiplier_n4,semi_real_multiplier,0,4,static,3,12,22,22,0,1.0,1.0,0,0,0,0.0,1.0,0.0,0.0,0.0,0.0,0.0,0.0,0.0,0.0,0.0,0.0,0.0,0.0,0.0,0.0,0.0,0.0
multiplier_n4,semi_real_multiplier,0,4,capacity_aware,3,12,22,22,0,1.0,1.0,0,0,0,0.0,1.0,0.0,0.0,0.0,0.0,0.0,0.0,0.0,0.0,0.0,0.0,0.0,0.0,0.0,0.0,0.0,0.0
multiplier_n4,semi_real_multiplier,0,4,smooth,3,12,22,22,0,1.0,1.0,0,0,0,0.0,1.0,0.0,0.0,0.0,0.0,0.0,0.0,0.0,0.0,0.0,0.0,0.0,0.0,0.0,0.0,0.0,0.0
multiplier_n4,semi_real_multiplier,0,4,delivery_aware_v1,3,12,22,22,0,1.0,1.0,0,0,0,0.0,1.0,0.0,0.0,0.0,0.0,0.0,0.0,0.0,0.0,0.0,0.0,0.0,0.0,0.0,0.0,0.0,0.0
multiplier_n4,semi_real_multiplier,0,4,delivery_aware_v2,3,12,22,22,0,1.0,1.0,0,0,0,0.0,1.0,0.0,0.0,0.0,0.0,0.0,0.0,0.0,0.0,0.0,0.0,0.0,0.0,0.0,0.0,0.0,0.0
multiplier_n4,semi_real_multiplier,0,4,static,4,0,22,22,0,1.0,1.0,0,0,0,0.0,1.0,0.0,0.0,0.0,0.0,0.0,0.0,0.0,0.0,0.0,0.0,0.0,0.0,0.0,0.0,0.0,0.0
multiplier_n4,semi_real_multiplier,0,4,capacity_aware,4,0,22,22,0,1.0,1.0,0,0,0,0.0,1.0,0.0,0.0,0.0,0.0,0.0,0.0,0.0,0.0,0.0,0.0,0.0,0.0,0.0,0.0,0.0,0.0
multiplier_n4,semi_real_multiplier,0,4,smooth,4,0,22,22,0,1.0,1.0,0,0,0,0.0,1.0,0.0,0.0,0.0,0.0,0.0,0.0,0.0,0.0,0.0,0.0,0.0,0.0,0.0,0.0,0.0,0.0
multiplier_n4,semi_real_multiplier,0,4,delivery_aware_v1,4,0,22,22,0,1.0,1.0,0,0,0,0.0,1.0,0.0,0.0,0.0,0.0,0.0,0.0,0.0,0.0,0.0,0.0,0.0,0.0,0.0,0.0,0.0,0.0
multiplier_n4,semi_real_multiplier,0,4,delivery_aware_v2,4,0,22,22,0,1.0,1.0,0,0,0,0.0,1.0,0.0,0.0,0.0,0.0,0.0,0.0,0.0,0.0,0.0,0.0,0.0,0.0,0.0,0.0,0.0,0.0
multiplier_n4,semi_real_multiplier,0,4,static,4,4,22,22,0,1.0,1.0,0,0,0,0.0,1.0,0.0,0.0,0.0,0.0,0.0,0.0,0.0,0.0,0.0,0.0,0.0,0.0,0.0,0.0,0.0,0.0
multiplier_n4,semi_real_multiplier,0,4,capacity_aware,4,4,22,22,0,1.0,1.0,0,0,0,0.0,1.0,0.0,0.0,0.0,0.0,0.0,0.0,0.0,0.0,0.0,0.0,0.0,0.0,0.0,0.0,0.0,0.0
multiplier_n4,semi_real_multiplier,0,4,smooth,4,4,22,22,0,1.0,1.0,0,0,0,0.0,1.0,0.0,0.0,0.0,0.0,0.0,0.0,0.0,0.0,0.0,0.0,0.0,0.0,0.0,0.0,0.0,0.0
multiplier_n4,semi_real_multiplier,0,4,delivery_aware_v1,4,4,22,22,0,1.0,1.0,0,0,0,0.0,1.0,0.0,0.0,0.0,0.0,0.0,0.0,0.0,0.0,0.0,0.0,0.0,0.0,0.0,0.0,0.0,0.0
multiplier_n4,semi_real_multiplier,0,4,delivery_aware_v2,4,4,22,22,0,1.0,1.0,0,0,0,0.0,1.0,0.0,0.0,0.0,0.0,0.0,0.0,0.0,0.0,0.0,0.0,0.0,0.0,0.0,0.0,0.0,0.0
multiplier_n4,semi_real_multiplier,0,4,static,4,8,22,22,0,1.0,1.0,0,0,0,0.0,1.0,0.0,0.0,0.0,0.0,0.0,0.0,0.0,0.0,0.0,0.0,0.0,0.0,0.0,0.0,0.0,0.0
multiplier_n4,semi_real_multiplier,0,4,capacity_aware,4,8,22,22,0,1.0,1.0,0,0,0,0.0,1.0,0.0,0.0,0.0,0.0,0.0,0.0,0.0,0.0,0.0,0.0,0.0,0.0,0.0,0.0,0.0,0.0
multiplier_n4,semi_real_multiplier,0,4,smooth,4,8,22,22,0,1.0,1.0,0,0,0,0.0,1.0,0.0,0.0,0.0,0.0,0.0,0.0,0.0,0.0,0.0,0.0,0.0,0.0,0.0,0.0,0.0,0.0
multiplier_n4,semi_real_multiplier,0,4,delivery_aware_v1,4,8,22,22,0,1.0,1.0,0,0,0,0.0,1.0,0.0,0.0,0.0,0.0,0.0,0.0,0.0,0.0,0.0,0.0,0.0,0.0,0.0,0.0,0.0,0.0
multiplier_n4,semi_real_multiplier,0,4,delivery_aware_v2,4,8,22,22,0,1.0,1.0,0,0,0,0.0,1.0,0.0,0.0,0.0,0.0,0.0,0.0,0.0,0.0,0.0,0.0,0.0,0.0,0.0,0.0,0.0,0.0
multiplier_n4,semi_real_multiplier,0,4,static,4,12,22,22,0,1.0,1.0,0,0,0,0.0,1.0,0.0,0.0,0.0,0.0,0.0,0.0,0.0,0.0,0.0,0.0,0.0,0.0,0.0,0.0,0.0,0.0
multiplier_n4,semi_real_multiplier,0,4,capacity_aware,4,12,22,22,0,1.0,1.0,0,0,0,0.0,1.0,0.0,0.0,0.0,0.0,0.0,0.0,0.0,0.0,0.0,0.0,0.0,0.0,0.0,0.0,0.0,0.0
multiplier_n4,semi_real_multiplier,0,4,smooth,4,12,22,22,0,1.0,1.0,0,0,0,0.0,1.0,0.0,0.0,0.0,0.0,0.0,0.0,0.0,0.0,0.0,0.0,0.0,0.0,0.0,0.0,0.0,0.0
multiplier_n4,semi_real_multiplier,0,4,delivery_aware_v1,4,12,22,22,0,1.0,1.0,0,0,0,0.0,1.0,0.0,0.0,0.0,0.0,0.0,0.0,0.0,0.0,0.0,0.0,0.0,0.0,0.0,0.0,0.0,0.0
multiplier_n4,semi_real_multiplier,0,4,delivery_aware_v2,4,12,22,22,0,1.0,1.0,0,0,0,0.0,1.0,0.0,0.0,0.0,0.0,0.0,0.0,0.0,0.0,0.0,0.0,0.0,0.0,0.0,0.0,0.0,0.0
multiplier_n4,semi_real_multiplier,0,4,static,5,0,22,22,0,1.0,1.0,0,0,0,0.0,1.0,0.0,0.0,0.0,0.0,0.0,0.0,0.0,0.0,0.0,0.0,0.0,0.0,0.0,0.0,0.0,0.0
multiplier_n4,semi_real_multiplier,0,4,capacity_aware,5,0,22,22,0,1.0,1.0,0,0,0,0.0,1.0,0.0,0.0,0.0,0.0,0.0,0.0,0.0,0.0,0.0,0.0,0.0,0.0,0.0,0.0,0.0,0.0
multiplier_n4,semi_real_multiplier,0,4,smooth,5,0,22,22,0,1.0,1.0,0,0,0,0.0,1.0,0.0,0.0,0.0,0.0,0.0,0.0,0.0,0.0,0.0,0.0,0.0,0.0,0.0,0.0,0.0,0.0
multiplier_n4,semi_real_multiplier,0,4,delivery_aware_v1,5,0,22,22,0,1.0,1.0,0,0,0,0.0,1.0,0.0,0.0,0.0,0.0,0.0,0.0,0.0,0.0,0.0,0.0,0.0,0.0,0.0,0.0,0.0,0.0
multiplier_n4,semi_real_multiplier,0,4,delivery_aware_v2,5,0,22,22,0,1.0,1.0,0,0,0,0.0,1.0,0.0,0.0,0.0,0.0,0.0,0.0,0.0,0.0,0.0,0.0,0.0,0.0,0.0,0.0,0.0,0.0
multiplier_n4,semi_real_multiplier,0,4,static,5,4,22,22,0,1.0,1.0,0,0,0,0.0,1.0,0.0,0.0,0.0,0.0,0.0,0.0,0.0,0.0,0.0,0.0,0.0,0.0,0.0,0.0,0.0,0.0
multiplier_n4,semi_real_multiplier,0,4,capacity_aware,5,4,22,22,0,1.0,1.0,0,0,0,0.0,1.0,0.0,0.0,0.0,0.0,0.0,0.0,0.0,0.0,0.0,0.0,0.0,0.0,0.0,0.0,0.0,0.0
multiplier_n4,semi_real_multiplier,0,4,smooth,5,4,22,22,0,1.0,1.0,0,0,0,0.0,1.0,0.0,0.0,0.0,0.0,0.0,0.0,0.0,0.0,0.0,0.0,0.0,0.0,0.0,0.0,0.0,0.0
multiplier_n4,semi_real_multiplier,0,4,delivery_aware_v1,5,4,22,22,0,1.0,1.0,0,0,0,0.0,1.0,0.0,0.0,0.0,0.0,0.0,0.0,0.0,0.0,0.0,0.0,0.0,0.0,0.0,0.0,0.0,0.0
multiplier_n4,semi_real_multiplier,0,4,delivery_aware_v2,5,4,22,22,0,1.0,1.0,0,0,0,0.0,1.0,0.0,0.0,0.0,0.0,0.0,0.0,0.0,0.0,0.0,0.0,0.0,0.0,0.0,0.0,0.0,0.0
multiplier_n4,semi_real_multiplier,0,4,static,5,8,22,22,0,1.0,1.0,0,0,0,0.0,1.0,0.0,0.0,0.0,0.0,0.0,0.0,0.0,0.0,0.0,0.0,0.0,0.0,0.0,0.0,0.0,0.0
multiplier_n4,semi_real_multiplier,0,4,capacity_aware,5,8,22,22,0,1.0,1.0,0,0,0,0.0,1.0,0.0,0.0,0.0,0.0,0.0,0.0,0.0,0.0,0.0,0.0,0.0,0.0,0.0,0.0,0.0,0.0
multiplier_n4,semi_real_multiplier,0,4,smooth,5,8,22,22,0,1.0,1.0,0,0,0,0.0,1.0,0.0,0.0,0.0,0.0,0.0,0.0,0.0,0.0,0.0,0.0,0.0,0.0,0.0,0.0,0.0,0.0
multiplier_n4,semi_real_multiplier,0,4,delivery_aware_v1,5,8,22,22,0,1.0,1.0,0,0,0,0.0,1.0,0.0,0.0,0.0,0.0,0.0,0.0,0.0,0.0,0.0,0.0,0.0,0.0,0.0,0.0,0.0,0.0
multiplier_n4,semi_real_multiplier,0,4,delivery_aware_v2,5,8,22,22,0,1.0,1.0,0,0,0,0.0,1.0,0.0,0.0,0.0,0.0,0.0,0.0,0.0,0.0,0.0,0.0,0.0,0.0,0.0,0.0,0.0,0.0
multiplier_n4,semi_real_multiplier,0,4,static,5,12,22,22,0,1.0,1.0,0,0,0,0.0,1.0,0.0,0.0,0.0,0.0,0.0,0.0,0.0,0.0,0.0,0.0,0.0,0.0,0.0,0.0,0.0,0.0
multiplier_n4,semi_real_multiplier,0,4,capacity_aware,5,12,22,22,0,1.0,1.0,0,0,0,0.0,1.0,0.0,0.0,0.0,0.0,0.0,0.0,0.0,0.0,0.0,0.0,0.0,0.0,0.0,0.0,0.0,0.0
multiplier_n4,semi_real_multiplier,0,4,smooth,5,12,22,22,0,1.0,1.0,0,0,0,0.0,1.0,0.0,0.0,0.0,0.0,0.0,0.0,0.0,0.0,0.0,0.0,0.0,0.0,0.0,0.0,0.0,0.0
multiplier_n4,semi_real_multiplier,0,4,delivery_aware_v1,5,12,22,22,0,1.0,1.0,0,0,0,0.0,1.0,0.0,0.0,0.0,0.0,0.0,0.0,0.0,0.0,0.0,0.0,0.0,0.0,0.0,0.0,0.0,0.0
multiplier_n4,semi_real_multiplier,0,4,delivery_aware_v2,5,12,22,22,0,1.0,1.0,0,0,0,0.0,1.0,0.0,0.0,0.0,0.0,0.0,0.0,0.0,0.0,0.0,0.0,0.0,0.0,0.0,0.0,0.0,0.0
multiplier_n6,semi_real_multiplier,0,6,static,1,0,32,53,21,1.65625,1.65625,21,31,21,11.40625,1.0,0.0,-0.10416666666666667,-0.08163265306122448,-0.10416666666666667,0.0,-2.5,0.0,-2.5,0.0,-2.5,0.0,-2.5,0.0,-2.1,0.0,-2.1
multiplier_n6,semi_real_multiplier,0,6,capacity_aware,1,0,49,49,0,1.0,1.53125,0,0,0,0.0,1.53125,0.07547169811320754,-0.020833333333333332,0.0,-0.020833333333333332,1.0,1.0,0.0,1.0,1.0,1.0,0.0,1.0,1.0,1.0,0.0,1.0
multiplier_n6,semi_real_multiplier,0,6,smooth,1,0,42,48,6,1.1428571428571428,1.5,6,10,6,0.7380952380952381,1.3125,0.09433962264150944,0.0,0.02040816326530612,0.0,0.7142857142857143,0.0,0.0,0.0,0.7142857142857143,0.0,0.0,0.0,0.6774193548387096,0.0,0.0,0.0
multiplier_n6,semi_real_multiplier,0,6,delivery_aware_v1,1,0,42,48,6,1.1428571428571428,1.5,6,10,6,0.8095238095238095,1.3125,0.09433962264150944,0.0,0.02040816326530612,0.0,0.7142857142857143,0.0,0.0,0.0,0.7142857142857143,0.0,0.0,0.0,0.6774193548387096,0.0,0.0,0.0
multiplier_n6,semi_real_multiplier,0,6,delivery_aware_v2,1,0,42,48,6,1.1428571428571428,1.5,6,10,6,0.7380952380952381,1.3125,0.09433962264150944,0.0,0.02040816326530612,0.0,0.7142857142857143,0.0,0.0,0.0,0.7142857142857143,0.0,0.0,0.0,0.6774193548387096,0.0,0.0,0.0
multiplier_n6,semi_real_multiplier,0,6,static,1,4,32,49,17,1.53125,1.53125,21,28,17,7.625,1.0,0.0,-0.11363636363636363,0.0,-0.11363636363636363,0.0,-2.5,0.0,-2.5,0.0,-7.5,0.0,-7.5,0.0,-13.0,0.0,-0.037037037037037035
multiplier_n6,semi_real_multiplier,0,6,capacity_aware,1,4,49,49,0,1.0,1.53125,0,0,0,0.0,1.53125,0.0,-0.11363636363636363,0.0,-0.11363636363636363,1.0,1.0,0.0,1.0,1.0,1.0,0.0,1.0,1.0,1.0,0.0,1.0
multiplier_n6,semi_real_multiplier,0,6,smooth,1,4,42,44,2,1.0476190476190477,1.375,6,2,2,0.07142857142857142,1.3125,0.10204081632653061,0.0,0.10204081632653061,0.0,0.7142857142857143,0.0,0.0,0.0,0.8823529411764706,0.0,0.0,0.0,0.9285714285714286,0.0,0.0,0.9259259259259259
multiplier_n6,semi_real_multiplier,0,6,delivery_aware_v1,1,4,42,44,2,1.0476190476190477,1.375,6,27,2,0.6666666666666666,1.3125,0.10204081632653061,0.0,0.10204081632653061,0.0,0.7142857142857143,0.0,0.0,0.0,0.8823529411764706,0.0,0.0,0.0,0.03571428571428571,-12.5,0.0,0.0
multiplier_n6,semi_real_multiplier,0,6,delivery_aware_v2,1,4,41,44,3,1.0731707317073171,1.375,7,12,3,0.5365853658536586,1.28125,0.10204081632653061,0.0,0.10204081632653061,0.0,0.6666666666666666,-0.16666666666666666,0.0,-0.16666666666666666,0.8235294117647058,-0.5,0.0,-0.5,0.5714285714285714,-5.0,0.0,0.5555555555555556
multiplier_n6,semi_real_multiplier,0,6,static,1,8,32,45,13,1.40625,1.40625,21,23,13,4.40625,1.0,0.0,-0.07142857142857142,0.08163265306122448,-0.125,0.0,-2.5,0.0,-1.3333333333333333,0.0,0.0,0.0,-12.0,0.0,0.0,0.0,-0.09523809523809523
multiplier_n6,semi_real_multiplier,0,6,capacity_aware,1,8,49,49,0,1.0,1.53125,0,0,0,0.0,1.53125,-0.08888888888888889,-0.16666666666666666,0.0,-0.225,1.0,1.0,0.0,1.0,1.0,0.0,0.0,1.0,1.0,0.0,0.0,1.0
multiplier_n6,semi_real_multiplier,0,6,smooth,1,8,42,42,0,1.0,1.3125,6,0,0,0.0,1.3125,0.06666666666666667,0.0,0.14285714285714285,-0.05,0.7142857142857143,0.0,0.0,0.3333333333333333,1.0,0.0,0.0,1.0,1.0,0.0,0.0,1.0
multiplier_n6,semi_real_multiplier,0,6,delivery_aware_v1,1,8,39,40,1,1.0256410256410255,1.25,9,21,1,0.5384615384615384,1.21875,0.1111111111111111,0.047619047619047616,0.1836734693877551,0.0,0.5714285714285714,-0.5,0.0,0.0,0.9230769230769231,0.0,0.0,0.0,0.08695652173913043,0.0,0.0,0.0
multiplier_n6,semi_real_multiplier,0,6,delivery_aware_v2,1,8,42,42,0,1.0,1.3125,7,0,0,0.0,1.3125,0.06666666666666667,0.0,0.14285714285714285,-0.05,0.6666666666666666,-0.16666666666666666,0.0,0.2222222222222222,1.0,0.0,0.0,1.0,1.0,0.0,0.0,1.0
multiplier_n6,semi_real_multiplier,0,6,static,1,12,32,41,9,1.28125,1.28125,21,15,9,1.9375,1.0,0.0,0.023809523809523808,0.16326530612244897,-0.1388888888888889,0.0,-2.5,0.0,-0.6153846153846154,0.0,0.0,0.0,-8.0,0.0,0.0,0.0,-0.15384615384615385
multiplier_n6,semi_real_multiplier,0,6,capacity_aware,1,12,49,49,0,1.0,1.53125,0,0,0,0.0,1.53125,-0.1951219512195122,-0.16666666666666666,0.0,-0.3611111111111111,1.0,1.0,0.0,1.0,1.0,0.0,0.0,1.0,1.0,0.0,0.0,1.0
multiplier_n6,semi_real_multiplier,0,6,smooth,1,12,42,42,0,1.0,1.3125,6,0,0,0.0,1.3125,-0.024390243902439025,0.0,0.14285714285714285,-0.16666666666666666,0.7142857142857143,0.0,0.0,0.5384615384615384,1.0,0.0,0.0,1.0,1.0,0.0,0.0,1.0
multiplier_n6,semi_real_multiplier,0,6,delivery_aware_v1,1,12,35,36,1,1.0285714285714285,1.125,13,13,1,0.37142857142857144,1.09375,0.12195121951219512,0.14285714285714285,0.2653061224489796,0.0,0.38095238095238093,-1.1666666666666667,0.0,0.0,0.8888888888888888,0.0,0.0,0.0,0.13333333333333333,0.0,0.0,0.0
multiplier_n6,semi_real_multiplier,0,6,delivery_aware_v2,1,12,40,40,0,1.0,1.25,8,0,0,0.0,1.25,0.024390243902439025,0.047619047619047616,0.1836734693877551,-0.1111111111111111,0.6190476190476191,-0.3333333333333333,0.0,0.38461538461538464,1.0,0.0,0.0,1.0,1.0,0.0,0.0,1.0
multiplier_n6,semi_real_multiplier,0,6,static,2,0,32,34,2,1.0625,1.0625,3,8,3,0.4375,1.0,0.0,-0.0625,-0.0625,-0.0625,0.0,0.0,0.0,0.0,0.0,0.0,0.0,0.0,0.0,0.0,0.0,0.0
multiplier_n6,semi_real_multiplier,0,6,capacity_aware,2,0,32,32,0,1.0,1.0,0,0,0,0.0,1.0,0.058823529411764705,0.0,0.0,0.0,1.0,0.0,0.0,0.0,1.0,0.0,0.0,0.0,1.0,0.0,0.0,0.0
multiplier_n6,semi_real_multiplier,0,6,smooth,2,0,32,32,0,1.0,1.0,0,0,0,0.0,1.0,0.058823529411764705,0.0,0.0,0.0,1.0,0.0,0.0,0.0,1.0,0.0,0.0,0.0,1.0,0.0,0.0,0.0
multiplier_n6,semi_real_multiplier,0,6,delivery_aware_v1,2,0,32,32,0,1.0,1.0,0,0,0,0.0,1.0,0.058823529411764705,0.0,0.0,0.0,1.0,0.0,0.0,0.0,1.0,0.0,0.0,0.0,1.0,0.0,0.0,0.0
multiplier_n6,semi_real_multiplier,0,6,delivery_aware_v2,2,0,32,32,0,1.0,1.0,0,0,0,0.0,1.0,0.058823529411764705,0.0,0.0,0.0,1.0,0.0,0.0,0.0,1.0,0.0,0.0,0.0,1.0,0.0,0.0,0.0
multiplier_n6,semi_real_multiplier,0,6,static,2,4,32,32,0,1.0,1.0,3,0,0,0.0,1.0,0.0,0.0,0.0,0.0,0.0,0.0,0.0,0.0,0.0,0.0,0.0,0.0,0.0,0.0,0.0,0.0
multiplier_n6,semi_real_multiplier,0,6,capacity_aware,2,4,32,32,0,1.0,1.0,0,0,0,0.0,1.0,0.0,0.0,0.0,0.0,1.0,0.0,0.0,0.0,0.0,0.0,0.0,0.0,0.0,0.0,0.0,0.0
multiplier_n6,semi_real_multiplier,0,6,smooth,2,4,32,32,0,1.0,1.0,0,0,0,0.0,1.0,0.0,0.0,0.0,0.0,1.0,0.0,0.0,0.0,0.0,0.0,0.0,0.0,0.0,0.0,0.0,0.0
multiplier_n6,semi_real_multiplier,0,6,delivery_aware_v1,2,4,32,32,0,1.0,1.0,0,0,0,0.0,1.0,0.0,0.0,0.0,0.0,1.0,0.0,0.0,0.0,0.0,0.0,0.0,0.0,0.0,0.0,0.0,0.0
multiplier_n6,semi_real_multiplier,0,6,delivery_aware_v2,2,4,32,32,0,1.0,1.0,0,0,0,0.0,1.0,0.0,0.0,0.0,0.0,1.0,0.0,0.0,0.0,0.0,0.0,0.0,0.0,0.0,0.0,0.0,0.0
multiplier_n6,semi_real_multiplier,0,6,static,2,8,32,32,0,1.0,1.0,3,0,0,0.0,1.0,0.0,0.0,0.0,0.0,0.0,0.0,0.0,-2.0,0.0,0.0,0.0,0.0,0.0,0.0,0.0,0.0
multiplier_n6,semi_real_multiplier,0,6,capacity_aware,2,8,32,32,0,1.0,1.0,0,0,0,0.0,1.0,0.0,0.0,0.0,0.0,1.0,0.0,0.0,1.0,0.0,0.0,0.0,0.0,0.0,0.0,0.0,0.0
multiplier_n6,semi_real_multiplier,0,6,smooth,2,8,32,32,0,1.0,1.0,0,0,0,0.0,1.0,0.0,0.0,0.0,0.0,1.0,0.0,0.0,1.0,0.0,0.0,0.0,0.0,0.0,0.0,0.0,0.0
multiplier_n6,semi_real_multiplier,0,6,delivery_aware_v1,2,8,32,32,0,1.0,1.0,1,0,0,0.0,1.0,0.0,0.0,0.0,0.0,0.6666666666666666,0.0,0.0,0.0,0.0,0.0,0.0,0.0,0.0,0.0,0.0,0.0
multiplier_n6,semi_real_multiplier,0,6,delivery_aware_v2,2,8,32,32,0,1.0,1.0,0,0,0,0.0,1.0,0.0,0.0,0.0,0.0,1.0,0.0,0.0,1.0,0.0,0.0,0.0,0.0,0.0,0.0,0.0,0.0
multiplier_n6,semi_real_multiplier,0,6,static,2,12,32,32,0,1.0,1.0,3,0,0,0.0,1.0,0.0,0.0,0.0,0.0,0.0,0.0,0.0,-2.0,0.0,0.0,0.0,0.0,0.0,0.0,0.0,0.0
multiplier_n6,semi_real_multiplier,0,6,capacity_aware,2,12,32,32,0,1.0,1.0,0,0,0,0.0,1.0,0.0,0.0,0.0,0.0,1.0,0.0,0.0,1.0,0.0,0.0,0.0,0.0,0.0,0.0,0.0,0.0
multiplier_n6,semi_real_multiplier,0,6,smooth,2,12,32,32,0,1.0,1.0,0,0,0,0.0,1.0,0.0,0.0,0.0,0.0,1.0,0.0,0.0,1.0,0.0,0.0,0.0,0.0,0.0,0.0,0.0,0.0
multiplier_n6,semi_real_multiplier,0,6,delivery_aware_v1,2,12,32,32,0,1.0,1.0,1,0,0,0.0,1.0,0.0,0.0,0.0,0.0,0.6666666666666666,0.0,0.0,0.0,0.0,0.0,0.0,0.0,0.0,0.0,0.0,0.0
multiplier_n6,semi_real_multiplier,0,6,delivery_aware_v2,2,12,32,32,0,1.0,1.0,0,0,0,0.0,1.0,0.0,0.0,0.0,0.0,1.0,0.0,0.0,1.0,0.0,0.0,0.0,0.0,0.0,0.0,0.0,0.0
multiplier_n6,semi_real_multiplier,0,6,static,3,0,32,33,1,1.03125,1.03125,1,1,1,0.03125,1.0,0.0,-0.03125,-0.03125,-0.03125,0.0,0.0,0.0,0.0,0.0,0.0,0.0,0.0,0.0,0.0,0.0,0.0
multiplier_n6,semi_real_multiplier,0,6,capacity_aware,3,0,32,32,0,1.0,1.0,0,0,0,0.0,1.0,0.030303030303030304,0.0,0.0,0.0,1.0,0.0,0.0,0.0,1.0,0.0,0.0,0.0,1.0,0.0,0.0,0.0
multiplier_n6,semi_real_multiplier,0,6,smooth,3,0,32,32,0,1.0,1.0,0,0,0,0.0,1.0,0.030303030303030304,0.0,0.0,0.0,1.0,0.0,0.0,0.0,1.0,0.0,0.0,0.0,1.0,0.0,0.0,0.0
multiplier_n6,semi_real_multiplier,0,6,delivery_aware_v1,3,0,32,32,0,1.0,1.0,0,0,0,0.0,1.0,0.030303030303030304,0.0,0.0,0.0,1.0,0.0,0.0,0.0,1.0,0.0,0.0,0.0,1.0,0.0,0.0,0.0
multiplier_n6,semi_real_multiplier,0,6,delivery_aware_v2,3,0,32,32,0,1.0,1.0,0,0,0,0.0,1.0,0.030303030303030304,0.0,0.0,0.0,1.0,0.0,0.0,0.0,1.0,0.0,0.0,0.0,1.0,0.0,0.0,0.0
multiplier_n6,semi_real_multiplier,0,6,static,3,4,32,32,0,1.0,1.0,1,0,0,0.0,1.0,0.0,0.0,0.0,0.0,0.0,0.0,0.0,0.0,0.0,0.0,0.0,0.0,0.0,0.0,0.0,0.0
multiplier_n6,semi_real_multiplier,0,6,capacity_aware,3,4,32,32,0,1.0,1.0,0,0,0,0.0,1.0,0.0,0.0,0.0,0.0,1.0,0.0,0.0,0.0,0.0,0.0,0.0,0.0,0.0,0.0,0.0,0.0
multiplier_n6,semi_real_multiplier,0,6,smooth,3,4,32,32,0,1.0,1.0,0,0,0,0.0,1.0,0.0,0.0,0.0,0.0,1.0,0.0,0.0,0.0,0.0,0.0,0.0,0.0,0.0,0.0,0.0,0.0
multiplier_n6,semi_real_multiplier,0,6,delivery_aware_v1,3,4,32,32,0,1.0,1.0,0,0,0,0.0,1.0,0.0,0.0,0.0,0.0,1.0,0.0,0.0,0.0,0.0,0.0,0.0,0.0,0.0,0.0,0.0,0.0
multiplier_n6,semi_real_multiplier,0,6,delivery_aware_v2,3,4,32,32,0,1.0,1.0,0,0,0,0.0,1.0,0.0,0.0,0.0,0.0,1.0,0.0,0.0,0.0,0.0,0.0,0.0,0.0,0.0,0.0,0.0,0.0
multiplier_n6,semi_real_multiplier,0,6,static,3,8,32,32,0,1.0,1.0,1,0,0,0.0,1.0,0.0,0.0,0.0,0.0,0.0,0.0,0.0,0.0,0.0,0.0,0.0,0.0,0.0,0.0,0.0,0.0
multiplier_n6,semi_real_multiplier,0,6,capacity_aware,3,8,32,32,0,1.0,1.0,0,0,0,0.0,1.0,0.0,0.0,0.0,0.0,1.0,0.0,0.0,0.0,0.0,0.0,0.0,0.0,0.0,0.0,0.0,0.0
multiplier_n6,semi_real_multiplier,0,6,smooth,3,8,32,32,0,1.0,1.0,0,0,0,0.0,1.0,0.0,0.0,0.0,0.0,1.0,0.0,0.0,0.0,0.0,0.0,0.0,0.0,0.0,0.0,0.0,0.0
multiplier_n6,semi_real_multiplier,0,6,delivery_aware_v1,3,8,32,32,0,1.0,1.0,0,0,0,0.0,1.0,0.0,0.0,0.0,0.0,1.0,0.0,0.0,0.0,0.0,0.0,0.0,0.0,0.0,0.0,0.0,0.0
multiplier_n6,semi_real_multiplier,0,6,delivery_aware_v2,3,8,32,32,0,1.0,1.0,0,0,0,0.0,1.0,0.0,0.0,0.0,0.0,1.0,0.0,0.0,0.0,0.0,0.0,0.0,0.0,0.0,0.0,0.0,0.0
multiplier_n6,semi_real_multiplier,0,6,static,3,12,32,32,0,1.0,1.0,1,0,0,0.0,1.0,0.0,0.0,0.0,0.0,0.0,0.0,0.0,0.0,0.0,0.0,0.0,0.0,0.0,0.0,0.0,0.0
multiplier_n6,semi_real_multiplier,0,6,capacity_aware,3,12,32,32,0,1.0,1.0,0,0,0,0.0,1.0,0.0,0.0,0.0,0.0,1.0,0.0,0.0,0.0,0.0,0.0,0.0,0.0,0.0,0.0,0.0,0.0
multiplier_n6,semi_real_multiplier,0,6,smooth,3,12,32,32,0,1.0,1.0,0,0,0,0.0,1.0,0.0,0.0,0.0,0.0,1.0,0.0,0.0,0.0,0.0,0.0,0.0,0.0,0.0,0.0,0.0,0.0
multiplier_n6,semi_real_multiplier,0,6,delivery_aware_v1,3,12,32,32,0,1.0,1.0,0,0,0,0.0,1.0,0.0,0.0,0.0,0.0,1.0,0.0,0.0,0.0,0.0,0.0,0.0,0.0,0.0,0.0,0.0,0.0
multiplier_n6,semi_real_multiplier,0,6,delivery_aware_v2,3,12,32,32,0,1.0,1.0,0,0,0,0.0,1.0,0.0,0.0,0.0,0.0,1.0,0.0,0.0,0.0,0.0,0.0,0.0,0.0,0.0,0.0,0.0,0.0
multiplier_n6,semi_real_multiplier,0,6,static,4,0,32,32,0,1.0,1.0,0,0,0,0.0,1.0,0.0,0.0,0.0,0.0,0.0,0.0,0.0,0.0,0.0,0.0,0.0,0.0,0.0,0.0,0.0,0.0
multiplier_n6,semi_real_multiplier,0,6,capacity_aware,4,0,32,32,0,1.0,1.0,0,0,0,0.0,1.0,0.0,0.0,0.0,0.0,0.0,0.0,0.0,0.0,0.0,0.0,0.0,0.0,0.0,0.0,0.0,0.0
multiplier_n6,semi_real_multiplier,0,6,smooth,4,0,32,32,0,1.0,1.0,0,0,0,0.0,1.0,0.0,0.0,0.0,0.0,0.0,0.0,0.0,0.0,0.0,0.0,0.0,0.0,0.0,0.0,0.0,0.0
multiplier_n6,semi_real_multiplier,0,6,delivery_aware_v1,4,0,32,32,0,1.0,1.0,0,0,0,0.0,1.0,0.0,0.0,0.0,0.0,0.0,0.0,0.0,0.0,0.0,0.0,0.0,0.0,0.0,0.0,0.0,0.0
multiplier_n6,semi_real_multiplier,0,6,delivery_aware_v2,4,0,32,32,0,1.0,1.0,0,0,0,0.0,1.0,0.0,0.0,0.0,0.0,0.0,0.0,0.0,0.0,0.0,0.0,0.0,0.0,0.0,0.0,0.0,0.0
multiplier_n6,semi_real_multiplier,0,6,static,4,4,32,32,0,1.0,1.0,0,0,0,0.0,1.0,0.0,0.0,0.0,0.0,0.0,0.0,0.0,0.0,0.0,0.0,0.0,0.0,0.0,0.0,0.0,0.0
multiplier_n6,semi_real_multiplier,0,6,capacity_aware,4,4,32,32,0,1.0,1.0,0,0,0,0.0,1.0,0.0,0.0,0.0,0.0,0.0,0.0,0.0,0.0,0.0,0.0,0.0,0.0,0.0,0.0,0.0,0.0
multiplier_n6,semi_real_multiplier,0,6,smooth,4,4,32,32,0,1.0,1.0,0,0,0,0.0,1.0,0.0,0.0,0.0,0.0,0.0,0.0,0.0,0.0,0.0,0.0,0.0,0.0,0.0,0.0,0.0,0.0
multiplier_n6,semi_real_multiplier,0,6,delivery_aware_v1,4,4,32,32,0,1.0,1.0,0,0,0,0.0,1.0,0.0,0.0,0.0,0.0,0.0,0.0,0.0,0.0,0.0,0.0,0.0,0.0,0.0,0.0,0.0,0.0
multiplier_n6,semi_real_multiplier,0,6,delivery_aware_v2,4,4,32,32,0,1.0,1.0,0,0,0,0.0,1.0,0.0,0.0,0.0,0.0,0.0,0.0,0.0,0.0,0.0,0.0,0.0,0.0,0.0,0.0,0.0,0.0
multiplier_n6,semi_real_multiplier,0,6,static,4,8,32,32,0,1.0,1.0,0,0,0,0.0,1.0,0.0,0.0,0.0,0.0,0.0,0.0,0.0,0.0,0.0,0.0,0.0,0.0,0.0,0.0,0.0,0.0
multiplier_n6,semi_real_multiplier,0,6,capacity_aware,4,8,32,32,0,1.0,1.0,0,0,0,0.0,1.0,0.0,0.0,0.0,0.0,0.0,0.0,0.0,0.0,0.0,0.0,0.0,0.0,0.0,0.0,0.0,0.0
multiplier_n6,semi_real_multiplier,0,6,smooth,4,8,32,32,0,1.0,1.0,0,0,0,0.0,1.0,0.0,0.0,0.0,0.0,0.0,0.0,0.0,0.0,0.0,0.0,0.0,0.0,0.0,0.0,0.0,0.0
multiplier_n6,semi_real_multiplier,0,6,delivery_aware_v1,4,8,32,32,0,1.0,1.0,0,0,0,0.0,1.0,0.0,0.0,0.0,0.0,0.0,0.0,0.0,0.0,0.0,0.0,0.0,0.0,0.0,0.0,0.0,0.0
multiplier_n6,semi_real_multiplier,0,6,delivery_aware_v2,4,8,32,32,0,1.0,1.0,0,0,0,0.0,1.0,0.0,0.0,0.0,0.0,0.0,0.0,0.0,0.0,0.0,0.0,0.0,0.0,0.0,0.0,0.0,0.0
multiplier_n6,semi_real_multiplier,0,6,static,4,12,32,32,0,1.0,1.0,0,0,0,0.0,1.0,0.0,0.0,0.0,0.0,0.0,0.0,0.0,0.0,0.0,0.0,0.0,0.0,0.0,0.0,0.0,0.0
multiplier_n6,semi_real_multiplier,0,6,capacity_aware,4,12,32,32,0,1.0,1.0,0,0,0,0.0,1.0,0.0,0.0,0.0,0.0,0.0,0.0,0.0,0.0,0.0,0.0,0.0,0.0,0.0,0.0,0.0,0.0
multiplier_n6,semi_real_multiplier,0,6,smooth,4,12,32,32,0,1.0,1.0,0,0,0,0.0,1.0,0.0,0.0,0.0,0.0,0.0,0.0,0.0,0.0,0.0,0.0,0.0,0.0,0.0,0.0,0.0,0.0
multiplier_n6,semi_real_multiplier,0,6,delivery_aware_v1,4,12,32,32,0,1.0,1.0,0,0,0,0.0,1.0,0.0,0.0,0.0,0.0,0.0,0.0,0.0,0.0,0.0,0.0,0.0,0.0,0.0,0.0,0.0,0.0
multiplier_n6,semi_real_multiplier,0,6,delivery_aware_v2,4,12,32,32,0,1.0,1.0,0,0,0,0.0,1.0,0.0,0.0,0.0,0.0,0.0,0.0,0.0,0.0,0.0,0.0,0.0,0.0,0.0,0.0,0.0,0.0
multiplier_n6,semi_real_multiplier,0,6,static,5,0,32,32,0,1.0,1.0,0,0,0,0.0,1.0,0.0,0.0,0.0,0.0,0.0,0.0,0.0,0.0,0.0,0.0,0.0,0.0,0.0,0.0,0.0,0.0
multiplier_n6,semi_real_multiplier,0,6,capacity_aware,5,0,32,32,0,1.0,1.0,0,0,0,0.0,1.0,0.0,0.0,0.0,0.0,0.0,0.0,0.0,0.0,0.0,0.0,0.0,0.0,0.0,0.0,0.0,0.0
multiplier_n6,semi_real_multiplier,0,6,smooth,5,0,32,32,0,1.0,1.0,0,0,0,0.0,1.0,0.0,0.0,0.0,0.0,0.0,0.0,0.0,0.0,0.0,0.0,0.0,0.0,0.0,0.0,0.0,0.0
multiplier_n6,semi_real_multiplier,0,6,delivery_aware_v1,5,0,32,32,0,1.0,1.0,0,0,0,0.0,1.0,0.0,0.0,0.0,0.0,0.0,0.0,0.0,0.0,0.0,0.0,0.0,0.0,0.0,0.0,0.0,0.0
multiplier_n6,semi_real_multiplier,0,6,delivery_aware_v2,5,0,32,32,0,1.0,1.0,0,0,0,0.0,1.0,0.0,0.0,0.0,0.0,0.0,0.0,0.0,0.0,0.0,0.0,0.0,0.0,0.0,0.0,0.0,0.0
multiplier_n6,semi_real_multiplier,0,6,static,5,4,32,32,0,1.0,1.0,0,0,0,0.0,1.0,0.0,0.0,0.0,0.0,0.0,0.0,0.0,0.0,0.0,0.0,0.0,0.0,0.0,0.0,0.0,0.0
multiplier_n6,semi_real_multiplier,0,6,capacity_aware,5,4,32,32,0,1.0,1.0,0,0,0,0.0,1.0,0.0,0.0,0.0,0.0,0.0,0.0,0.0,0.0,0.0,0.0,0.0,0.0,0.0,0.0,0.0,0.0
multiplier_n6,semi_real_multiplier,0,6,smooth,5,4,32,32,0,1.0,1.0,0,0,0,0.0,1.0,0.0,0.0,0.0,0.0,0.0,0.0,0.0,0.0,0.0,0.0,0.0,0.0,0.0,0.0,0.0,0.0
multiplier_n6,semi_real_multiplier,0,6,delivery_aware_v1,5,4,32,32,0,1.0,1.0,0,0,0,0.0,1.0,0.0,0.0,0.0,0.0,0.0,0.0,0.0,0.0,0.0,0.0,0.0,0.0,0.0,0.0,0.0,0.0
multiplier_n6,semi_real_multiplier,0,6,delivery_aware_v2,5,4,32,32,0,1.0,1.0,0,0,0,0.0,1.0,0.0,0.0,0.0,0.0,0.0,0.0,0.0,0.0,0.0,0.0,0.0,0.0,0.0,0.0,0.0,0.0
multiplier_n6,semi_real_multiplier,0,6,static,5,8,32,32,0,1.0,1.0,0,0,0,0.0,1.0,0.0,0.0,0.0,0.0,0.0,0.0,0.0,0.0,0.0,0.0,0.0,0.0,0.0,0.0,0.0,0.0
multiplier_n6,semi_real_multiplier,0,6,capacity_aware,5,8,32,32,0,1.0,1.0,0,0,0,0.0,1.0,0.0,0.0,0.0,0.0,0.0,0.0,0.0,0.0,0.0,0.0,0.0,0.0,0.0,0.0,0.0,0.0
multiplier_n6,semi_real_multiplier,0,6,smooth,5,8,32,32,0,1.0,1.0,0,0,0,0.0,1.0,0.0,0.0,0.0,0.0,0.0,0.0,0.0,0.0,0.0,0.0,0.0,0.0,0.0,0.0,0.0,0.0
multiplier_n6,semi_real_multiplier,0,6,delivery_aware_v1,5,8,32,32,0,1.0,1.0,0,0,0,0.0,1.0,0.0,0.0,0.0,0.0,0.0,0.0,0.0,0.0,0.0,0.0,0.0,0.0,0.0,0.0,0.0,0.0
multiplier_n6,semi_real_multiplier,0,6,delivery_aware_v2,5,8,32,32,0,1.0,1.0,0,0,0,0.0,1.0,0.0,0.0,0.0,0.0,0.0,0.0,0.0,0.0,0.0,0.0,0.0,0.0,0.0,0.0,0.0,0.0
multiplier_n6,semi_real_multiplier,0,6,static,5,12,32,32,0,1.0,1.0,0,0,0,0.0,1.0,0.0,0.0,0.0,0.0,0.0,0.0,0.0,0.0,0.0,0.0,0.0,0.0,0.0,0.0,0.0,0.0
multiplier_n6,semi_real_multiplier,0,6,capacity_aware,5,12,32,32,0,1.0,1.0,0,0,0,0.0,1.0,0.0,0.0,0.0,0.0,0.0,0.0,0.0,0.0,0.0,0.0,0.0,0.0,0.0,0.0,0.0,0.0
multiplier_n6,semi_real_multiplier,0,6,smooth,5,12,32,32,0,1.0,1.0,0,0,0,0.0,1.0,0.0,0.0,0.0,0.0,0.0,0.0,0.0,0.0,0.0,0.0,0.0,0.0,0.0,0.0,0.0,0.0
multiplier_n6,semi_real_multiplier,0,6,delivery_aware_v1,5,12,32,32,0,1.0,1.0,0,0,0,0.0,1.0,0.0,0.0,0.0,0.0,0.0,0.0,0.0,0.0,0.0,0.0,0.0,0.0,0.0,0.0,0.0,0.0
multiplier_n6,semi_real_multiplier,0,6,delivery_aware_v2,5,12,32,32,0,1.0,1.0,0,0,0,0.0,1.0,0.0,0.0,0.0,0.0,0.0,0.0,0.0,0.0,0.0,0.0,0.0,0.0,0.0,0.0,0.0,0.0
multiplier_n8,semi_real_multiplier,0,8,static,1,0,42,85,43,2.0238095238095237,2.0238095238095237,43,41,43,26.642857142857142,1.0,0.0,-0.0625,-0.04938271604938271,-0.0625,0.0,-3.7777777777777777,0.0,-3.7777777777777777,0.0,-3.7777777777777777,0.0,-3.7777777777777777,0.0,-2.1538461538461537,0.0,-2.1538461538461537
multiplier_n8,semi_real_multiplier,0,8,capacity_aware,1,0,81,81,0,1.0,1.9285714285714286,0,0,0,0.0,1.9285714285714286,0.047058823529411764,-0.0125,0.0,-0.0125,1.0,1.0,0.0,1.0,1.0,1.0,0.0,1.0,1.0,1.0,0.0,1.0
multiplier_n8,semi_real_multiplier,0,8,smooth,1,0,71,80,9,1.1267605633802817,1.9047619047619047,9,13,9,0.8450704225352113,1.6904761904761905,0.058823529411764705,0.0,0.012345679012345678,0.0,0.7906976744186046,0.0,0.0,0.0,0.7906976744186046,0.0,0.0,0.0,0.6829268292682927,0.0,0.0,0.0
multiplier_n8,semi_real_multiplier,0,8,delivery_aware_v1,1,0,71,80,9,1.1267605633802817,1.9047619047619047,9,13,9,0.8873239436619719,1.6904761904761905,0.058823529411764705,0.0,0.012345679012345678,0.0,0.7906976744186046,0.0,0.0,0.0,0.7906976744186046,0.0,0.0,0.0,0.6829268292682927,0.0,0.0,0.0
multiplier_n8,semi_real_multiplier,0,8,delivery_aware_v2,1,0,71,80,9,1.1267605633802817,1.9047619047619047,9,13,9,0.8450704225352113,1.6904761904761905,0.058823529411764705,0.0,0.012345679012345678,0.0,0.7906976744186046,0.0,0.0,0.0,0.7906976744186046,0.0,0.0,0.0,0.6829268292682927,0.0,0.0,0.0
multiplier_n8,semi_real_multiplier,0,8,static,1,4,42,81,39,1.9285714285714286,1.9285714285714286,43,40,39,22.738095238095237,1.0,0.0,-0.06578947368421052,0.0,-0.06578947368421052,0.0,-3.7777777777777777,0.0,-3.7777777777777777,0.0,-6.8,0.0,-6.8,0.0,-5.666666666666667,0.0,0.3103448275862069
multiplier_n8,semi_real_multiplier,0,8,capacity_aware,1,4,81,81,0,1.0,1.9285714285714286,0,0,0,0.0,1.9285714285714286,0.0,-0.06578947368421052,0.0,-0.06578947368421052,1.0,1.0,0.0,1.0,1.0,1.0,0.0,1.0,1.0,1.0,0.0,1.0
multiplier_n8,semi_real_multiplier,0,8,smooth,1,4,71,76,5,1.0704225352112675,1.8095238095238095,9,6,5,0.23943661971830985,1.6904761904761905,0.06172839506172839,0.0,0.06172839506172839,0.0,0.7906976744186046,0.0,0.0,0.0,0.8717948717948718,0.0,0.0,0.0,0.85,0.0,0.0,0.896551724137931
multiplier_n8,semi_real_multiplier,0,8,delivery_aware_v1,1,4,71,76,5,1.0704225352112675,1.8095238095238095,9,58,5,0.971830985915493,1.6904761904761905,0.06172839506172839,0.0,0.06172839506172839,0.0,0.7906976744186046,0.0,0.0,0.0,0.8717948717948718,0.0,0.0,0.0,-0.45,-8.666666666666666,0.0,0.0
multiplier_n8,semi_real_multiplier,0,8,delivery_aware_v2,1,4,71,76,5,1.0704225352112675,1.8095238095238095,9,6,5,0.23943661971830985,1.6904761904761905,0.06172839506172839,0.0,0.06172839506172839,0.0,0.7906976744186046,0.0,0.0,0.0,0.8717948717948718,0.0,0.0,0.0,0.85,0.0,0.0,0.896551724137931
multiplier_n8,semi_real_multiplier,0,8,static,1,8,42,77,35,1.8333333333333333,1.8333333333333333,43,37,35,19.071428571428573,1.0,0.0,-0.06944444444444445,0.04938271604938271,-0.06944444444444445,0.0,-3.7777777777777777,0.0,-3.7777777777777777,0.0,-34.0,0.0,-34.0,0.0,-36.0,0.0,0.28846153846153844
multiplier_n8,semi_real_multiplier,0,8,capacity_aware,1,8,81,81,0,1.0,1.9285714285714286,0,0,0,0.0,1.9285714285714286,-0.05194805194805195,-0.125,0.0,-0.125,1.0,1.0,0.0,1.0,1.0,1.0,0.0,1.0,1.0,1.0,0.0,1.0
multiplier_n8,semi_real_multiplier,0,8,smooth,1,8,71,72,1,1.0140845070422535,1.7142857142857142,9,1,1,0.014084507042253521,1.6904761904761905,0.06493506493506493,0.0,0.1111111111111111,0.0,0.7906976744186046,0.0,0.0,0.0,0.9714285714285714,0.0,0.0,0.0,0.972972972972973,0.0,0.0,0.9807692307692307
multiplier_n8,semi_real_multiplier,0,8,delivery_aware_v1,1,8,71,72,1,1.0140845070422535,1.7142857142857142,9,52,1,0.7323943661971831,1.6904761904761905,0.06493506493506493,0.0,0.1111111111111111,0.0,0.7906976744186046,0.0,0.0,0.0,0.9714285714285714,0.0,0.0,0.0,-0.40540540540540543,-51.0,0.0,0.0
multiplier_n8,semi_real_multiplier,0,8,delivery_aware_v2,1,8,71,72,1,1.0140845070422535,1.7142857142857142,9,1,1,0.014084507042253521,1.6904761904761905,0.06493506493506493,0.0,0.1111111111111111,0.0,0.7906976744186046,0.0,0.0,0.0,0.9714285714285714,0.0,0.0,0.0,0.972972972972973,0.0,0.0,0.9807692307692307
multiplier_n8,semi_real_multiplier,0,8,static,1,12,42,73,31,1.7380952380952381,1.7380952380952381,43,34,31,15.69047619047619,1.0,0.0,-0.028169014084507043,0.09876543209876543,-0.07352941176470588,0.0,-3.7777777777777777,0.0,-2.3076923076923075,0.0,0.0,0.0,-30.0,0.0,0.0,0.0,0.2608695652173913
multiplier_n8,semi_real_multiplier,0,8,capacity_aware,1,12,81,81,0,1.0,1.9285714285714286,0,0,0,0.0,1.9285714285714286,-0.1095890410958904,-0.14084507042253522,0.0,-0.19117647058823528,1.0,1.0,0.0,1.0,1.0,0.0,0.0,1.0,1.0,0.0,0.0,1.0
multiplier_n8,semi_real_multiplier,0,8,smooth,1,12,71,71,0,1.0,1.6904761904761905,9,0,0,0.0,1.6904761904761905,0.0273972602739726,0.0,0.12345679012345678,-0.04411764705882353,0.7906976744186046,0.0,0.0,0.3076923076923077,1.0,0.0,0.0,1.0,1.0,0.0,0.0,1.0
multiplier_n8,semi_real_multiplier,0,8,delivery_aware_v1,1,12,67,68,1,1.0149253731343284,1.619047619047619,13,46,1,0.6865671641791045,1.5952380952380953,0.0684931506849315,0.04225352112676056,0.16049382716049382,0.0,0.6976744186046512,-0.4444444444444444,0.0,0.0,0.967741935483871,0.0,0.0,0.0,-0.35294117647058826,0.0,0.0,0.0
multiplier_n8,semi_real_multiplier,0,8,delivery_aware_v2,1,12,71,71,0,1.0,1.6904761904761905,9,0,0,0.0,1.6904761904761905,0.0273972602739726,0.0,0.12345679012345678,-0.04411764705882353,0.7906976744186046,0.0,0.0,0.3076923076923077,1.0,0.0,0.0,1.0,1.0,0.0,0.0,1.0
multiplier_n8,semi_real_multiplier,0,8,static,2,0,42,52,10,1.2380952380952381,1.2380952380952381,19,32,19,6.714285714285714,1.0,0.0,-0.13043478260869565,-0.10638297872340426,-0.13043478260869565,0.0,-1.375,0.0,-1.375,0.0,-1.5,0.0,-1.5,0.0,-1.9090909090909092,0.0,-1.2857142857142858
multiplier_n8,semi_real_multiplier,0,8,capacity_aware,2,0,47,47,0,1.0,1.119047619047619,0,0,0,0.0,1.119047619047619,0.09615384615384616,-0.021739130434782608,0.0,-0.021739130434782608,1.0,1.0,0.0,1.0,1.0,1.0,0.0,1.0,1.0,1.0,0.0,1.0
multiplier_n8,semi_real_multiplier,0,8,smooth,2,0,42,46,4,1.0952380952380953,1.0952380952380953,8,11,8,0.9047619047619048,1.0,0.11538461538461539,0.0,0.02127659574468085,0.0,0.5789473684210527,0.0,0.0,0.0,0.6,0.0,0.0,0.0,0.65625,0.0,0.0,0.21428571428571427
multiplier_n8,semi_real_multiplier,0,8,delivery_aware_v1,2,0,42,46,4,1.0952380952380953,1.0952380952380953,8,14,8,1.2142857142857142,1.0,0.11538461538461539,0.0,0.02127659574468085,0.0,0.5789473684210527,0.0,0.0,0.0,0.6,0.0,0.0,0.0,0.5625,-0.2727272727272727,0.0,0.0
multiplier_n8,semi_real_multiplier,0,8,delivery_aware_v2,2,0,42,46,4,1.0952380952380953,1.0952380952380953,8,12,8,0.9761904761904762,1.0,0.11538461538461539,0.0,0.02127659574468085,0.0,0.5789473684210527,0.0,0.0,0.0,0.6,0.0,0.0,0.0,0.625,-0.09090909090909091,0.0,0.14285714285714285
multiplier_n8,semi_real_multiplier,0,8,static,2,4,42,50,8,1.1904761904761905,1.1904761904761905,19,24,15,3.9761904761904763,1.0,0.0,-0.13636363636363635,-0.06382978723404255,-0.13636363636363635,0.0,-1.375,0.0,-1.375,0.0,-3.0,0.0,-3.0,0.0,-7.0,0.0,-0.2
multiplier_n8,semi_real_multiplier,0,8,capacity_aware,2,4,47,47,0,1.0,1.119047619047619,0,0,0,0.0,1.119047619047619,0.06,-0.06818181818181818,0.0,-0.06818181818181818,1.0,1.0,0.0,1.0,1.0,1.0,0.0,1.0,1.0,1.0,0.0,1.0
multiplier_n8,semi_real_multiplier,0,8,smooth,2,4,42,44,2,1.0476190476190477,1.0476190476190477,8,3,4,0.19047619047619047,1.0,0.12,0.0,0.06382978723404255,0.0,0.5789473684210527,0.0,0.0,0.0,0.75,0.0,0.0,0.0,0.875,0.0,0.0,0.85
multiplier_n8,semi_real_multiplier,0,8,delivery_aware_v1,2,4,42,44,2,1.0476190476190477,1.0476190476190477,8,20,4,0.9761904761904762,1.0,0.12,0.0,0.06382978723404255,0.0,0.5789473684210527,0.0,0.0,0.0,0.75,0.0,0.0,0.0,0.16666666666666666,-5.666666666666667,0.0,0.0
multiplier_n8,semi_real_multiplier,0,8,delivery_aware_v2,2,4,42,44,2,1.0476190476190477,1.0476190476190477,8,3,4,0.19047619047619047,1.0,0.12,0.0,0.06382978723404255,0.0,0.5789473684210527,0.0,0.0,0.0,0.75,0.0,0.0,0.0,0.875,0.0,0.0,0.85
multiplier_n8,semi_real_multiplier,0,8,static,2,8,42,48,6,1.1428571428571428,1.1428571428571428,19,15,11,2.0,1.0,0.0,-0.14285714285714285,-0.02127659574468085,-0.11627906976744186,0.0,-1.375,0.0,-0.9,0.0,0.0,0.0,-5.0,0.0,0.0,0.0,-0.15384615384615385
multiplier_n8,semi_real_multiplier,0,8,capacity_aware,2,8,47,47,0,1.0,1.119047619047619,0,0,0,0.0,1.119047619047619,0.020833333333333332,-0.11904761904761904,0.0,-0.09302325581395349,1.0,1.0,0.0,1.0,1.0,0.0,0.0,1.0,1.0,0.0,0.0,1.0
multiplier_n8,semi_real_multiplier,0,8,smooth,2,8,42,42,0,1.0,1.0,8,0,0,0.0,1.0,0.125,0.0,0.10638297872340426,0.023255813953488372,0.5789473684210527,0.0,0.0,0.2,1.0,0.0,0.0,1.0,1.0,0.0,0.0,1.0
multiplier_n8,semi_real_multiplier,0,8,delivery_aware_v1,2,8,42,43,1,1.0238095238095237,1.0238095238095237,10,13,2,0.6190476190476191,1.0,0.10416666666666667,-0.023809523809523808,0.0851063829787234,0.0,0.47368421052631576,-0.25,0.0,0.0,0.8333333333333334,0.0,0.0,0.0,0.13333333333333333,0.0,0.0,0.0
multiplier_n8,semi_real_multiplier,0,8,delivery_aware_v2,2,8,42,42,0,1.0,1.0,8,0,0,0.0,1.0,0.125,0.0,0.10638297872340426,0.023255813953488372,0.5789473684210527,0.0,0.0,0.2,1.0,0.0,0.0,1.0,1.0,0.0,0.0,1.0
multiplier_n8,semi_real_multiplier,0,8,static,2,12,42,46,4,1.0952380952380953,1.0952380952380953,19,9,7,0.7380952380952381,1.0,0.0,-0.09523809523809523,0.02127659574468085,-0.06976744186046512,0.0,-1.375,0.0,-0.35714285714285715,0.0,0.0,0.0,-3.0,0.0,0.0,0.0,-0.2857142857142857
multiplier_n8,semi_real_multiplier,0,8,capacity_aware,2,12,47,47,0,1.0,1.119047619047619,0,0,0,0.0,1.119047619047619,-0.021739130434782608,-0.11904761904761904,0.0,-0.09302325581395349,1.0,1.0,0.0,1.0,1.0,0.0,0.0,1.0,1.0,0.0,0.0,1.0
multiplier_n8,semi_real_multiplier,0,8,smooth,2,12,42,42,0,1.0,1.0,8,0,0,0.0,1.0,0.08695652173913043,0.0,0.10638297872340426,0.023255813953488372,0.5789473684210527,0.0,0.0,0.42857142857142855,1.0,0.0,0.0,1.0,1.0,0.0,0.0,1.0
multiplier_n8,semi_real_multiplier,0,8,delivery_aware_v1,2,12,42,43,1,1.0238095238095237,1.0238095238095237,14,7,2,0.2857142857142857,1.0,0.06521739130434782,-0.023809523809523808,0.0851063829787234,0.0,0.2631578947368421,-0.75,0.0,0.0,0.75,0.0,0.0,0.0,0.2222222222222222,0.0,0.0,0.0
multiplier_n8,semi_real_multiplier,0,8,delivery_aware_v2,2,12,42,42,0,1.0,1.0,8,0,0,0.0,1.0,0.08695652173913043,0.0,0.10638297872340426,0.023255813953488372,0.5789473684210527,0.0,0.0,0.42857142857142855,1.0,0.0,0.0,1.0,1.0,0.0,0.0,1.0
multiplier_n8,semi_real_multiplier,0,8,static,3,0,42,43,1,1.0238095238095237,1.0238095238095237,3,1,3,0.07142857142857142,1.0,0.0,-0.023809523809523808,-0.023809523809523808,-0.023809523809523808,0.0,0.0,0.0,0.0,0.0,0.0,0.0,0.0,0.0,0.0,0.0,0.0
multiplier_n8,semi_real_multiplier,0,8,capacity_aware,3,0,42,42,0,1.0,1.0,0,0,0,0.0,1.0,0.023255813953488372,0.0,0.0,0.0,1.0,0.0,0.0,0.0,1.0,0.0,0.0,0.0,1.0,0.0,0.0,0.0
multiplier_n8,semi_real_multiplier,0,8,smooth,3,0,42,42,0,1.0,1.0,0,0,0,0.0,1.0,0.023255813953488372,0.0,0.0,0.0,1.0,0.0,0.0,0.0,1.0,0.0,0.0,0.0,1.0,0.0,0.0,0.0
multiplier_n8,semi_real_multiplier,0,8,delivery_aware_v1,3,0,42,42,0,1.0,1.0,0,0,0,0.0,1.0,0.023255813953488372,0.0,0.0,0.0,1.0,0.0,0.0,0.0,1.0,0.0,0.0,0.0,1.0,0.0,0.0,0.0
multiplier_n8,semi_real_multiplier,0,8,delivery_aware_v2,3,0,42,42,0,1.0,1.0,0,0,0,0.0,1.0,0.023255813953488372,0.0,0.0,0.0,1.0,0.0,0.0,0.0,1.0,0.0,0.0,0.0,1.0,0.0,0.0,0.0
multiplier_n8,semi_real_multiplier,0,8,static,3,4,42,42,0,1.0,1.0,3,0,0,0.0,1.0,0.0,0.0,0.0,0.0,0.0,0.0,0.0,0.0,0.0,0.0,0.0,0.0,0.0,0.0,0.0,0.0
multiplier_n8,semi_real_multiplier,0,8,capacity_aware,3,4,42,42,0,1.0,1.0,0,0,0,0.0,1.0,0.0,0.0,0.0,0.0,1.0,0.0,0.0,0.0,0.0,0.0,0.0,0.0,0.0,0.0,0.0,0.0
multiplier_n8,semi_real_multiplier,0,8,smooth,3,4,42,42,0,1.0,1.0,0,0,0,0.0,1.0,0.0,0.0,0.0,0.0,1.0,0.0,0.0,0.0,0.0,0.0,0.0,0.0,0.0,0.0,0.0,0.0
multiplier_n8,semi_real_multiplier,0,8,delivery_aware_v1,3,4,42,42,0,1.0,1.0,0,0,0,0.0,1.0,0.0,0.0,0.0,0.0,1.0,0.0,0.0,0.0,0.0,0.0,0.0,0.0,0.0,0.0,0.0,0.0
multiplier_n8,semi_real_multiplier,0,8,delivery_aware_v2,3,4,42,42,0,1.0,1.0,0,0,0,0.0,1.0,0.0,0.0,0.0,0.0,1.0,0.0,0.0,0.0,0.0,0.0,0.0,0.0,0.0,0.0,0.0,0.0
multiplier_n8,semi_real_multiplier,0,8,static,3,8,42,42,0,1.0,1.0,3,0,0,0.0,1.0,0.0,0.0,0.0,0.0,0.0,0.0,0.0,0.0,0.0,0.0,0.0,0.0,0.0,0.0,0.0,0.0
multiplier_n8,semi_real_multiplier,0,8,capacity_aware,3,8,42,42,0,1.0,1.0,0,0,0,0.0,1.0,0.0,0.0,0.0,0.0,1.0,0.0,0.0,0.0,0.0,0.0,0.0,0.0,0.0,0.0,0.0,0.0
multiplier_n8,semi_real_multiplier,0,8,smooth,3,8,42,42,0,1.0,1.0,0,0,0,0.0,1.0,0.0,0.0,0.0,0.0,1.0,0.0,0.0,0.0,0.0,0.0,0.0,0.0,0.0,0.0,0.0,0.0
multiplier_n8,semi_real_multiplier,0,8,delivery_aware_v1,3,8,42,42,0,1.0,1.0,0,0,0,0.0,1.0,0.0,0.0,0.0,0.0,1.0,0.0,0.0,0.0,0.0,0.0,0.0,0.0,0.0,0.0,0.0,0.0
multiplier_n8,semi_real_multiplier,0,8,delivery_aware_v2,3,8,42,42,0,1.0,1.0,0,0,0,0.0,1.0,0.0,0.0,0.0,0.0,1.0,0.0,0.0,0.0,0.0,0.0,0.0,0.0,0.0,0.0,0.0,0.0
multiplier_n8,semi_real_multiplier,0,8,static,3,12,42,42,0,1.0,1.0,3,0,0,0.0,1.0,0.0,0.0,0.0,0.0,0.0,0.0,0.0,0.0,0.0,0.0,0.0,0.0,0.0,0.0,0.0,0.0
multiplier_n8,semi_real_multiplier,0,8,capacity_aware,3,12,42,42,0,1.0,1.0,0,0,0,0.0,1.0,0.0,0.0,0.0,0.0,1.0,0.0,0.0,0.0,0.0,0.0,0.0,0.0,0.0,0.0,0.0,0.0
multiplier_n8,semi_real_multiplier,0,8,smooth,3,12,42,42,0,1.0,1.0,0,0,0,0.0,1.0,0.0,0.0,0.0,0.0,1.0,0.0,0.0,0.0,0.0,0.0,0.0,0.0,0.0,0.0,0.0,0.0
multiplier_n8,semi_real_multiplier,0,8,delivery_aware_v1,3,12,42,42,0,1.0,1.0,0,0,0,0.0,1.0,0.0,0.0,0.0,0.0,1.0,0.0,0.0,0.0,0.0,0.0,0.0,0.0,0.0,0.0,0.0,0.0
multiplier_n8,semi_real_multiplier,0,8,delivery_aware_v2,3,12,42,42,0,1.0,1.0,0,0,0,0.0,1.0,0.0,0.0,0.0,0.0,1.0,0.0,0.0,0.0,0.0,0.0,0.0,0.0,0.0,0.0,0.0,0.0
multiplier_n8,semi_real_multiplier,0,8,static,4,0,42,43,1,1.0238095238095237,1.0238095238095237,1,1,1,0.023809523809523808,1.0,0.0,-0.023809523809523808,-0.023809523809523808,-0.023809523809523808,0.0,0.0,0.0,0.0,0.0,0.0,0.0,0.0,0.0,0.0,0.0,0.0
multiplier_n8,semi_real_multiplier,0,8,capacity_aware,4,0,42,42,0,1.0,1.0,0,0,0,0.0,1.0,0.023255813953488372,0.0,0.0,0.0,1.0,0.0,0.0,0.0,1.0,0.0,0.0,0.0,1.0,0.0,0.0,0.0
multiplier_n8,semi_real_multiplier,0,8,smooth,4,0,42,42,0,1.0,1.0,0,0,0,0.0,1.0,0.023255813953488372,0.0,0.0,0.0,1.0,0.0,0.0,0.0,1.0,0.0,0.0,0.0,1.0,0.0,0.0,0.0
multiplier_n8,semi_real_multiplier,0,8,delivery_aware_v1,4,0,42,42,0,1.0,1.0,0,0,0,0.0,1.0,0.023255813953488372,0.0,0.0,0.0,1.0,0.0,0.0,0.0,1.0,0.0,0.0,0.0,1.0,0.0,0.0,0.0
multiplier_n8,semi_real_multiplier,0,8,delivery_aware_v2,4,0,42,42,0,1.0,1.0,0,0,0,0.0,1.0,0.023255813953488372,0.0,0.0,0.0,1.0,0.0,0.0,0.0,1.0,0.0,0.0,0.0,1.0,0.0,0.0,0.0
multiplier_n8,semi_real_multiplier,0,8,static,4,4,42,42,0,1.0,1.0,1,0,0,0.0,1.0,0.0,0.0,0.0,0.0,0.0,0.0,0.0,0.0,0.0,0.0,0.0,0.0,0.0,0.0,0.0,0.0
multiplier_n8,semi_real_multiplier,0,8,capacity_aware,4,4,42,42,0,1.0,1.0,0,0,0,0.0,1.0,0.0,0.0,0.0,0.0,1.0,0.0,0.0,0.0,0.0,0.0,0.0,0.0,0.0,0.0,0.0,0.0
multiplier_n8,semi_real_multiplier,0,8,smooth,4,4,42,42,0,1.0,1.0,0,0,0,0.0,1.0,0.0,0.0,0.0,0.0,1.0,0.0,0.0,0.0,0.0,0.0,0.0,0.0,0.0,0.0,0.0,0.0
multiplier_n8,semi_real_multiplier,0,8,delivery_aware_v1,4,4,42,42,0,1.0,1.0,0,0,0,0.0,1.0,0.0,0.0,0.0,0.0,1.0,0.0,0.0,0.0,0.0,0.0,0.0,0.0,0.0,0.0,0.0,0.0
multiplier_n8,semi_real_multiplier,0,8,delivery_aware_v2,4,4,42,42,0,1.0,1.0,0,0,0,0.0,1.0,0.0,0.0,0.0,0.0,1.0,0.0,0.0,0.0,0.0,0.0,0.0,0.0,0.0,0.0,0.0,0.0
multiplier_n8,semi_real_multiplier,0,8,static,4,8,42,42,0,1.0,1.0,1,0,0,0.0,1.0,0.0,0.0,0.0,0.0,0.0,0.0,0.0,0.0,0.0,0.0,0.0,0.0,0.0,0.0,0.0,0.0
multiplier_n8,semi_real_multiplier,0,8,capacity_aware,4,8,42,42,0,1.0,1.0,0,0,0,0.0,1.0,0.0,0.0,0.0,0.0,1.0,0.0,0.0,0.0,0.0,0.0,0.0,0.0,0.0,0.0,0.0,0.0
multiplier_n8,semi_real_multiplier,0,8,smooth,4,8,42,42,0,1.0,1.0,0,0,0,0.0,1.0,0.0,0.0,0.0,0.0,1.0,0.0,0.0,0.0,0.0,0.0,0.0,0.0,0.0,0.0,0.0,0.0
multiplier_n8,semi_real_multiplier,0,8,delivery_aware_v1,4,8,42,42,0,1.0,1.0,0,0,0,0.0,1.0,0.0,0.0,0.0,0.0,1.0,0.0,0.0,0.0,0.0,0.0,0.0,0.0,0.0,0.0,0.0,0.0
multiplier_n8,semi_real_multiplier,0,8,delivery_aware_v2,4,8,42,42,0,1.0,1.0,0,0,0,0.0,1.0,0.0,0.0,0.0,0.0,1.0,0.0,0.0,0.0,0.0,0.0,0.0,0.0,0.0,0.0,0.0,0.0
multiplier_n8,semi_real_multiplier,0,8,static,4,12,42,42,0,1.0,1.0,1,0,0,0.0,1.0,0.0,0.0,0.0,0.0,0.0,0.0,0.0,0.0,0.0,0.0,0.0,0.0,0.0,0.0,0.0,0.0
multiplier_n8,semi_real_multiplier,0,8,capacity_aware,4,12,42,42,0,1.0,1.0,0,0,0,0.0,1.0,0.0,0.0,0.0,0.0,1.0,0.0,0.0,0.0,0.0,0.0,0.0,0.0,0.0,0.0,0.0,0.0
multiplier_n8,semi_real_multiplier,0,8,smooth,4,12,42,42,0,1.0,1.0,0,0,0,0.0,1.0,0.0,0.0,0.0,0.0,1.0,0.0,0.0,0.0,0.0,0.0,0.0,0.0,0.0,0.0,0.0,0.0
multiplier_n8,semi_real_multiplier,0,8,delivery_aware_v1,4,12,42,42,0,1.0,1.0,0,0,0,0.0,1.0,0.0,0.0,0.0,0.0,1.0,0.0,0.0,0.0,0.0,0.0,0.0,0.0,0.0,0.0,0.0,0.0
multiplier_n8,semi_real_multiplier,0,8,delivery_aware_v2,4,12,42,42,0,1.0,1.0,0,0,0,0.0,1.0,0.0,0.0,0.0,0.0,1.0,0.0,0.0,0.0,0.0,0.0,0.0,0.0,0.0,0.0,0.0,0.0
multiplier_n8,semi_real_multiplier,0,8,static,5,0,42,42,0,1.0,1.0,0,0,0,0.0,1.0,0.0,0.0,0.0,0.0,0.0,0.0,0.0,0.0,0.0,0.0,0.0,0.0,0.0,0.0,0.0,0.0
multiplier_n8,semi_real_multiplier,0,8,capacity_aware,5,0,42,42,0,1.0,1.0,0,0,0,0.0,1.0,0.0,0.0,0.0,0.0,0.0,0.0,0.0,0.0,0.0,0.0,0.0,0.0,0.0,0.0,0.0,0.0
multiplier_n8,semi_real_multiplier,0,8,smooth,5,0,42,42,0,1.0,1.0,0,0,0,0.0,1.0,0.0,0.0,0.0,0.0,0.0,0.0,0.0,0.0,0.0,0.0,0.0,0.0,0.0,0.0,0.0,0.0
multiplier_n8,semi_real_multiplier,0,8,delivery_aware_v1,5,0,42,42,0,1.0,1.0,0,0,0,0.0,1.0,0.0,0.0,0.0,0.0,0.0,0.0,0.0,0.0,0.0,0.0,0.0,0.0,0.0,0.0,0.0,0.0
multiplier_n8,semi_real_multiplier,0,8,delivery_aware_v2,5,0,42,42,0,1.0,1.0,0,0,0,0.0,1.0,0.0,0.0,0.0,0.0,0.0,0.0,0.0,0.0,0.0,0.0,0.0,0.0,0.0,0.0,0.0,0.0
multiplier_n8,semi_real_multiplier,0,8,static,5,4,42,42,0,1.0,1.0,0,0,0,0.0,1.0,0.0,0.0,0.0,0.0,0.0,0.0,0.0,0.0,0.0,0.0,0.0,0.0,0.0,0.0,0.0,0.0
multiplier_n8,semi_real_multiplier,0,8,capacity_aware,5,4,42,42,0,1.0,1.0,0,0,0,0.0,1.0,0.0,0.0,0.0,0.0,0.0,0.0,0.0,0.0,0.0,0.0,0.0,0.0,0.0,0.0,0.0,0.0
multiplier_n8,semi_real_multiplier,0,8,smooth,5,4,42,42,0,1.0,1.0,0,0,0,0.0,1.0,0.0,0.0,0.0,0.0,0.0,0.0,0.0,0.0,0.0,0.0,0.0,0.0,0.0,0.0,0.0,0.0
multiplier_n8,semi_real_multiplier,0,8,delivery_aware_v1,5,4,42,42,0,1.0,1.0,0,0,0,0.0,1.0,0.0,0.0,0.0,0.0,0.0,0.0,0.0,0.0,0.0,0.0,0.0,0.0,0.0,0.0,0.0,0.0
multiplier_n8,semi_real_multiplier,0,8,delivery_aware_v2,5,4,42,42,0,1.0,1.0,0,0,0,0.0,1.0,0.0,0.0,0.0,0.0,0.0,0.0,0.0,0.0,0.0,0.0,0.0,0.0,0.0,0.0,0.0,0.0
multiplier_n8,semi_real_multiplier,0,8,static,5,8,42,42,0,1.0,1.0,0,0,0,0.0,1.0,0.0,0.0,0.0,0.0,0.0,0.0,0.0,0.0,0.0,0.0,0.0,0.0,0.0,0.0,0.0,0.0
multiplier_n8,semi_real_multiplier,0,8,capacity_aware,5,8,42,42,0,1.0,1.0,0,0,0,0.0,1.0,0.0,0.0,0.0,0.0,0.0,0.0,0.0,0.0,0.0,0.0,0.0,0.0,0.0,0.0,0.0,0.0
multiplier_n8,semi_real_multiplier,0,8,smooth,5,8,42,42,0,1.0,1.0,0,0,0,0.0,1.0,0.0,0.0,0.0,0.0,0.0,0.0,0.0,0.0,0.0,0.0,0.0,0.0,0.0,0.0,0.0,0.0
multiplier_n8,semi_real_multiplier,0,8,delivery_aware_v1,5,8,42,42,0,1.0,1.0,0,0,0,0.0,1.0,0.0,0.0,0.0,0.0,0.0,0.0,0.0,0.0,0.0,0.0,0.0,0.0,0.0,0.0,0.0,0.0
multiplier_n8,semi_real_multiplier,0,8,delivery_aware_v2,5,8,42,42,0,1.0,1.0,0,0,0,0.0,1.0,0.0,0.0,0.0,0.0,0.0,0.0,0.0,0.0,0.0,0.0,0.0,0.0,0.0,0.0,0.0,0.0
multiplier_n8,semi_real_multiplier,0,8,static,5,12,42,42,0,1.0,1.0,0,0,0,0.0,1.0,0.0,0.0,0.0,0.0,0.0,0.0,0.0,0.0,0.0,0.0,0.0,0.0,0.0,0.0,0.0,0.0
multiplier_n8,semi_real_multiplier,0,8,capacity_aware,5,12,42,42,0,1.0,1.0,0,0,0,0.0,1.0,0.0,0.0,0.0,0.0,0.0,0.0,0.0,0.0,0.0,0.0,0.0,0.0,0.0,0.0,0.0,0.0
multiplier_n8,semi_real_multiplier,0,8,smooth,5,12,42,42,0,1.0,1.0,0,0,0,0.0,1.0,0.0,0.0,0.0,0.0,0.0,0.0,0.0,0.0,0.0,0.0,0.0,0.0,0.0,0.0,0.0,0.0
multiplier_n8,semi_real_multiplier,0,8,delivery_aware_v1,5,12,42,42,0,1.0,1.0,0,0,0,0.0,1.0,0.0,0.0,0.0,0.0,0.0,0.0,0.0,0.0,0.0,0.0,0.0,0.0,0.0,0.0,0.0,0.0
multiplier_n8,semi_real_multiplier,0,8,delivery_aware_v2,5,12,42,42,0,1.0,1.0,0,0,0,0.0,1.0,0.0,0.0,0.0,0.0,0.0,0.0,0.0,0.0,0.0,0.0,0.0,0.0,0.0,0.0,0.0,0.0
multiplier_n12,semi_real_multiplier,0,12,static,1,0,62,175,113,2.8225806451612905,2.8225806451612905,113,61,113,74.0,1.0,0.0,-0.041666666666666664,-0.005747126436781609,-0.041666666666666664,0.0,-7.071428571428571,0.0,-7.071428571428571,0.0,-7.071428571428571,0.0,-7.071428571428571,0.0,-2.210526315789474,0.0,-2.210526315789474
multiplier_n12,semi_real_multiplier,0,12,capacity_aware,1,0,174,174,0,1.0,2.806451612903226,0,0,0,0.0,2.806451612903226,0.005714285714285714,-0.03571428571428571,0.0,-0.03571428571428571,1.0,1.0,0.0,1.0,1.0,1.0,0.0,1.0,1.0,1.0,0.0,1.0
multiplier_n12,semi_real_multiplier,0,12,smooth,1,0,154,168,14,1.0909090909090908,2.7096774193548385,14,19,14,0.8246753246753247,2.4838709677419355,0.04,0.0,0.034482758620689655,0.0,0.8761061946902655,0.0,0.0,0.0,0.8761061946902655,0.0,0.0,0.0,0.6885245901639344,0.0,0.0,0.0
multiplier_n12,semi_real_multiplier,0,12,delivery_aware_v1,1,0,154,168,14,1.0909090909090908,2.7096774193548385,14,19,14,0.8311688311688312,2.4838709677419355,0.04,0.0,0.034482758620689655,0.0,0.8761061946902655,0.0,0.0,0.0,0.8761061946902655,0.0,0.0,0.0,0.6885245901639344,0.0,0.0,0.0
multiplier_n12,semi_real_multiplier,0,12,delivery_aware_v2,1,0,154,168,14,1.0909090909090908,2.7096774193548385,14,19,14,0.8246753246753247,2.4838709677419355,0.04,0.0,0.034482758620689655,0.0,0.8761061946902655,0.0,0.0,0.0,0.8761061946902655,0.0,0.0,0.0,0.6885245901639344,0.0,0.0,0.0
multiplier_n12,semi_real_multiplier,0,12,static,1,4,62,171,109,2.7580645161290325,2.7580645161290325,113,61,109,70.06451612903226,1.0,0.0,-0.042682926829268296,0.017241379310344827,-0.042682926829268296,0.0,-7.071428571428571,0.0,-7.071428571428571,0.0,-9.9,0.0,-9.9,0.0,-4.545454545454546,0.0,0.5642857142857143
multiplier_n12,semi_real_multiplier,0,12,capacity_aware,1,4,174,174,0,1.0,2.806451612903226,0,0,0,0.0,2.806451612903226,-0.017543859649122806,-0.06097560975609756,0.0,-0.06097560975609756,1.0,1.0,0.0,1.0,1.0,1.0,0.0,1.0,1.0,1.0,0.0,1.0
multiplier_n12,semi_real_multiplier,0,12,smooth,1,4,154,164,10,1.0649350649350648,2.6451612903225805,14,11,10,0.38961038961038963,2.4838709677419355,0.04093567251461988,0.0,0.05747126436781609,0.0,0.8761061946902655,0.0,0.0,0.0,0.908256880733945,0.0,0.0,0.0,0.819672131147541,0.0,0.0,0.9214285714285714
multiplier_n12,semi_real_multiplier,0,12,delivery_aware_v1,1,4,154,164,10,1.0649350649350648,2.6451612903225805,14,140,10,1.2272727272727273,2.4838709677419355,0.04093567251461988,0.0,0.05747126436781609,0.0,0.8761061946902655,0.0,0.0,0.0,0.908256880733945,0.0,0.0,0.0,-1.2950819672131149,-11.727272727272727,0.0,0.0
multiplier_n12,semi_real_multiplier,0,12,delivery_aware_v2,1,4,154,164,10,1.0649350649350648,2.6451612903225805,14,11,10,0.38961038961038963,2.4838709677419355,0.04093567251461988,0.0,0.05747126436781609,0.0,0.8761061946902655,0.0,0.0,0.0,0.908256880733945,0.0,0.0,0.0,0.819672131147541,0.0,0.0,0.9214285714285714
multiplier_n12,semi_real_multiplier,0,12,static,1,8,62,167,105,2.693548387096774,2.693548387096774,113,60,105,66.12903225806451,1.0,0.0,-0.04375,0.040229885057471264,-0.04375,0.0,-7.071428571428571,0.0,-7.071428571428571,0.0,-16.5,0.0,-16.5,0.0,-7.571428571428571,0.0,0.5620437956204379
multiplier_n12,semi_real_multiplier,0,12,capacity_aware,1,8,174,174,0,1.0,2.806451612903226,0,0,0,0.0,2.806451612903226,-0.041916167664670656,-0.0875,0.0,-0.0875,1.0,1.0,0.0,1.0,1.0,1.0,0.0,1.0,1.0,1.0,0.0,1.0
multiplier_n12,semi_real_multiplier,0,12,smooth,1,8,154,160,6,1.0389610389610389,2.5806451612903225,14,7,6,0.14285714285714285,2.4838709677419355,0.041916167664670656,0.0,0.08045977011494253,0.0,0.8761061946902655,0.0,0.0,0.0,0.9428571428571428,0.0,0.0,0.0,0.8833333333333333,0.0,0.0,0.948905109489051
multiplier_n12,semi_real_multiplier,0,12,delivery_aware_v1,1,8,154,160,6,1.0389610389610389,2.5806451612903225,14,137,6,0.987012987012987,2.4838709677419355,0.041916167664670656,0.0,0.08045977011494253,0.0,0.8761061946902655,0.0,0.0,0.0,0.9428571428571428,0.0,0.0,0.0,-1.2833333333333334,-18.571428571428573,0.0,0.0
multiplier_n12,semi_real_multiplier,0,12,delivery_aware_v2,1,8,154,160,6,1.0389610389610389,2.5806451612903225,14,7,6,0.14285714285714285,2.4838709677419355,0.041916167664670656,0.0,0.08045977011494253,0.0,0.8761061946902655,0.0,0.0,0.0,0.9428571428571428,0.0,0.0,0.0,0.8833333333333333,0.0,0.0,0.948905109489051
multiplier_n12,semi_real_multiplier,0,12,static,1,12,62,163,101,2.629032258064516,2.629032258064516,113,57,101,62.354838709677416,1.0,0.0,-0.04487179487179487,0.06321839080459771,-0.04487179487179487,0.0,-7.071428571428571,0.0,-7.071428571428571,0.0,-49.5,0.0,-49.5,0.0,-27.5,0.0,0.5615384615384615
multiplier_n12,semi_real_multiplier,0,12,capacity_aware,1,12,174,174,0,1.0,2.806451612903226,0,0,0,0.0,2.806451612903226,-0.06748466257668712,-0.11538461538461539,0.0,-0.11538461538461539,1.0,1.0,0.0,1.0,1.0,1.0,0.0,1.0,1.0,1.0,0.0,1.0
multiplier_n12,semi_real_multiplier,0,12,smooth,1,12,154,156,2,1.0129870129870129,2.5161290322580645,14,2,2,0.01948051948051948,2.4838709677419355,0.04294478527607362,0.0,0.10344827586206896,0.0,0.8761061946902655,0.0,0.0,0.0,0.9801980198019802,0.0,0.0,0.0,0.9649122807017544,0.0,0.0,0.9846153846153847
multiplier_n12,semi_real_multiplier,0,12,delivery_aware_v1,1,12,154,156,2,1.0129870129870129,2.5161290322580645,14,130,2,0.8506493506493507,2.4838709677419355,0.04294478527607362,0.0,0.10344827586206896,0.0,0.8761061946902655,0.0,0.0,0.0,0.9801980198019802,0.0,0.0,0.0,-1.280701754385965,-64.0,0.0,0.0
multiplier_n12,semi_real_multiplier,0,12,delivery_aware_v2,1,12,154,156,2,1.0129870129870129,2.5161290322580645,14,2,2,0.01948051948051948,2.4838709677419355,0.04294478527607362,0.0,0.10344827586206896,0.0,0.8761061946902655,0.0,0.0,0.0,0.9801980198019802,0.0,0.0,0.0,0.9649122807017544,0.0,0.0,0.9846153846153847
multiplier_n12,semi_real_multiplier,0,12,static,2,0,62,101,39,1.6290322580645162,1.6290322580645162,77,61,77,42.516129032258064,1.0,0.0,-0.08602150537634409,-0.01,-0.08602150537634409,0.0,-1.5666666666666667,0.0,-1.5666666666666667,0.0,-1.6,0.0,-1.6,0.0,-1.1785714285714286,0.0,-1.1785714285714286
multiplier_n12,semi_real_multiplier,0,12,capacity_aware,2,0,100,100,0,1.0,1.6129032258064515,0,0,0,0.0,1.6129032258064515,0.009900990099009901,-0.07526881720430108,0.0,-0.07526881720430108,1.0,1.0,0.0,1.0,1.0,1.0,0.0,1.0,1.0,1.0,0.0,1.0
multiplier_n12,semi_real_multiplier,0,12,smooth,2,0,78,93,15,1.1923076923076923,1.5,30,28,30,5.076923076923077,1.2580645161290323,0.07920792079207921,0.0,0.07,0.0,0.6103896103896104,0.0,0.0,0.0,0.6153846153846154,0.0,0.0,0.0,0.5409836065573771,0.0,0.0,0.0
multiplier_n12,semi_real_multiplier,0,12,delivery_aware_v1,2,0,78,93,15,1.1923076923076923,1.5,30,28,30,5.346153846153846,1.2580645161290323,0.07920792079207921,0.0,0.07,0.0,0.6103896103896104,0.0,0.0,0.0,0.6153846153846154,0.0,0.0,0.0,0.5409836065573771,0.0,0.0,0.0
multiplier_n12,semi_real_multiplier,0,12,delivery_aware_v2,2,0,78,93,15,1.1923076923076923,1.5,30,28,30,5.141025641025641,1.2580645161290323,0.07920792079207921,0.0,0.07,0.0,0.6103896103896104,0.0,0.0,0.0,0.6153846153846154,0.0,0.0,0.0,0.5409836065573771,0.0,0.0,0.0
multiplier_n12,semi_real_multiplier,0,12,static,2,4,62,99,37,1.596774193548387,1.596774193548387,77,60,73,38.596774193548384,1.0,0.0,-0.08791208791208792,0.01,-0.08791208791208792,0.0,-1.5666666666666667,0.0,-1.5666666666666667,0.0,-1.8461538461538463,0.0,-1.8461538461538463,0.0,-1.608695652173913,0.0,0.09090909090909091
multiplier_n12,semi_real_multiplier,0,12,capacity_aware,2,4,100,100,0,1.0,1.6129032258064515,0,0,0,0.0,1.6129032258064515,-0.010101010101010102,-0.0989010989010989,0.0,-0.0989010989010989,1.0,1.0,0.0,1.0,1.0,1.0,0.0,1.0,1.0,1.0,0.0,1.0
multiplier_n12,semi_real_multiplier,0,12,smooth,2,4,78,91,13,1.1666666666666667,1.467741935483871,30,23,26,3.730769230769231,1.2580645161290323,0.08080808080808081,0.0,0.09,0.0,0.6103896103896104,0.0,0.0,0.0,0.6486486486486487,0.0,0.0,0.0,0.6166666666666667,0.0,0.0,0.6515151515151515
multiplier_n12,semi_real_multiplier,0,12,delivery_aware_v1,2,4,78,91,13,1.1666666666666667,1.467741935483871,30,66,26,5.0256410256410255,1.2580645161290323,0.08080808080808081,0.0,0.09,0.0,0.6103896103896104,0.0,0.0,0.0,0.6486486486486487,0.0,0.0,0.0,-0.1,-1.8695652173913044,0.0,0.0
multiplier_n12,semi_real_multiplier,0,12,delivery_aware_v2,2,4,78,91,13,1.1666666666666667,1.467741935483871,30,23,26,3.7564102564102564,1.2580645161290323,0.08080808080808081,0.0,0.09,0.0,0.6103896103896104,0.0,0.0,0.0,0.6486486486486487,0.0,0.0,0.0,0.6166666666666667,0.0,0.0,0.6515151515151515
multiplier_n12,semi_real_multiplier,0,12,static,2,8,62,97,35,1.564516129032258,1.564516129032258,77,58,69,34.79032258064516,1.0,0.0,-0.0898876404494382,0.03,-0.0898876404494382,0.0,-1.5666666666666667,0.0,-1.5666666666666667,0.0,-2.1818181818181817,0.0,-2.1818181818181817,0.0,-1.9,0.0,0.09375
multiplier_n12,semi_real_multiplier,0,12,capacity_aware,2,8,100,100,0,1.0,1.6129032258064515,0,0,0,0.0,1.6129032258064515,-0.030927835051546393,-0.12359550561797752,0.0,-0.12359550561797752,1.0,1.0,0.0,1.0,1.0,1.0,0.0,1.0,1.0,1.0,0.0,1.0
multiplier_n12,semi_real_multiplier,0,12,smooth,2,8,78,89,11,1.141025641025641,1.435483870967742,30,20,22,2.6153846153846154,1.2580645161290323,0.08247422680412371,0.0,0.11,0.0,0.6103896103896104,0.0,0.0,0.0,0.6857142857142857,0.0,0.0,0.0,0.6551724137931034,0.0,0.0,0.6875
multiplier_n12,semi_real_multiplier,0,12,delivery_aware_v1,2,8,78,89,11,1.141025641025641,1.435483870967742,30,64,22,3.8974358974358974,1.2580645161290323,0.08247422680412371,0.0,0.11,0.0,0.6103896103896104,0.0,0.0,0.0,0.6857142857142857,0.0,0.0,0.0,-0.10344827586206896,-2.2,0.0,0.0
multiplier_n12,semi_real_multiplier,0,12,delivery_aware_v2,2,8,78,89,11,1.141025641025641,1.435483870967742,30,20,22,2.628205128205128,1.2580645161290323,0.08247422680412371,0.0,0.11,0.0,0.6103896103896104,0.0,0.0,0.0,0.6857142857142857,0.0,0.0,0.0,0.6551724137931034,0.0,0.0,0.6875
multiplier_n12,semi_real_multiplier,0,12,static,2,12,62,95,33,1.532258064516129,1.532258064516129,77,55,65,31.161290322580644,1.0,0.0,-0.09195402298850575,0.05,-0.09195402298850575,0.0,-1.5666666666666667,0.0,-1.5666666666666667,0.0,-2.6666666666666665,0.0,-2.6666666666666665,0.0,-2.4375,0.0,0.08333333333333333
multiplier_n12,semi_real_multiplier,0,12,capacity_aware,2,12,100,100,0,1.0,1.6129032258064515,0,0,0,0.0,1.6129032258064515,-0.05263157894736842,-0.14942528735632185,0.0,-0.14942528735632185,1.0,1.0,0.0,1.0,1.0,1.0,0.0,1.0,1.0,1.0,0.0,1.0
multiplier_n12,semi_real_multiplier,0,12,smooth,2,12,78,87,9,1.1153846153846154,1.403225806451613,30,16,18,1.6923076923076923,1.2580645161290323,0.08421052631578947,0.0,0.13,0.0,0.6103896103896104,0.0,0.0,0.0,0.7272727272727273,0.0,0.0,0.0,0.7090909090909091,0.0,0.0,0.7333333333333333
multiplier_n12,semi_real_multiplier,0,12,delivery_aware_v1,2,12,78,87,9,1.1153846153846154,1.403225806451613,30,60,18,2.9358974358974357,1.2580645161290323,0.08421052631578947,0.0,0.13,0.0,0.6103896103896104,0.0,0.0,0.0,0.7272727272727273,0.0,0.0,0.0,-0.09090909090909091,-2.75,0.0,0.0
multiplier_n12,semi_real_multiplier,0,12,delivery_aware_v2,2,12,78,87,9,1.1153846153846154,1.403225806451613,30,16,18,1.705128205128205,1.2580645161290323,0.08421052631578947,0.0,0.13,0.0,0.6103896103896104,0.0,0.0,0.0,0.7272727272727273,0.0,0.0,0.0,0.7090909090909091,0.0,0.0,0.7333333333333333
multiplier_n12,semi_real_multiplier,0,12,static,3,0,62,76,14,1.2258064516129032,1.2258064516129032,41,48,41,14.564516129032258,1.0,0.0,-0.11764705882352941,-0.013333333333333334,-0.11764705882352941,0.0,-1.2777777777777777,0.0,-1.2777777777777777,0.0,-1.3333333333333333,0.0,-1.3333333333333333,0.0,-1.5263157894736843,0.0,-1.1818181818181819
multiplier_n12,semi_real_multiplier,0,12,capacity_aware,3,0,75,75,0,1.0,1.2096774193548387,0,0,0,0.0,1.2096774193548387,0.013157894736842105,-0.10294117647058823,0.0,-0.10294117647058823,1.0,1.0,0.0,1.0,1.0,1.0,0.0,1.0,1.0,1.0,0.0,1.0
multiplier_n12,semi_real_multiplier,0,12,smooth,3,0,62,68,6,1.096774193548387,1.096774193548387,18,19,18,2.3225806451612905,1.0,0.10526315789473684,0.0,0.09333333333333334,0.0,0.5609756097560976,0.0,0.0,0.0,0.5714285714285714,0.0,0.0,0.0,0.6041666666666666,0.0,0.0,0.13636363636363635
multiplier_n12,semi_real_multiplier,0,12,delivery_aware_v1,3,0,62,68,6,1.096774193548387,1.096774193548387,18,22,18,2.870967741935484,1.0,0.10526315789473684,0.0,0.09333333333333334,0.0,0.5609756097560976,0.0,0.0,0.0,0.5714285714285714,0.0,0.0,0.0,0.5416666666666666,-0.15789473684210525,0.0,0.0
multiplier_n12,semi_real_multiplier,0,12,delivery_aware_v2,3,0,62,68,6,1.096774193548387,1.096774193548387,18,20,18,2.467741935483871,1.0,0.10526315789473684,0.0,0.09333333333333334,0.0,0.5609756097560976,0.0,0.0,0.0,0.5714285714285714,0.0,0.0,0.0,0.5833333333333334,-0.05263157894736842,0.0,0.09090909090909091
multiplier_n12,semi_real_multiplier,0,12,static,3,4,62,75,13,1.2096774193548387,1.2096774193548387,41,42,37,11.629032258064516,1.0,0.0,-0.11940298507462686,0.0,-0.11940298507462686,0.0,-1.2777777777777777,0.0,-1.2777777777777777,0.0,-1.6,0.0,-1.6,0.0,-2.230769230769231,0.0,-0.13513513513513514
multiplier_n12,semi_real_multiplier,0,12,capacity_aware,3,4,75,75,0,1.0,1.2096774193548387,0,0,0,0.0,1.2096774193548387,0.0,-0.11940298507462686,0.0,-0.11940298507462686,1.0,1.0,0.0,1.0,1.0,1.0,0.0,1.0,1.0,1.0,0.0,1.0
multiplier_n12,semi_real_multiplier,0,12,smooth,3,4,62,67,5,1.0806451612903225,1.0806451612903225,18,13,14,1.2903225806451613,1.0,0.10666666666666667,0.0,0.10666666666666667,0.0,0.5609756097560976,0.0,0.0,0.0,0.6153846153846154,0.0,0.0,0.0,0.6904761904761905,0.0,0.0,0.6486486486486487
multiplier_n12,semi_real_multiplier,0,12,delivery_aware_v1,3,4,62,67,5,1.0806451612903225,1.0806451612903225,18,37,14,2.725806451612903,1.0,0.10666666666666667,0.0,0.10666666666666667,0.0,0.5609756097560976,0.0,0.0,0.0,0.6153846153846154,0.0,0.0,0.0,0.11904761904761904,-1.8461538461538463,0.0,0.0
multiplier_n12,semi_real_multiplier,0,12,delivery_aware_v2,3,4,62,67,5,1.0806451612903225,1.0806451612903225,18,13,14,1.3709677419354838,1.0,0.10666666666666667,0.0,0.10666666666666667,0.0,0.5609756097560976,0.0,0.0,0.0,0.6153846153846154,0.0,0.0,0.0,0.6904761904761905,0.0,0.0,0.6486486486486487
multiplier_n12,semi_real_multiplier,0,12,static,3,8,62,73,11,1.1774193548387097,1.1774193548387097,41,36,33,9.03225806451613,1.0,0.0,-0.10606060606060606,0.02666666666666667,-0.10606060606060606,0.0,-1.2777777777777777,0.0,-1.2777777777777777,0.0,-1.75,0.0,-1.75,0.0,-3.5,0.0,-0.058823529411764705
multiplier_n12,semi_real_multiplier,0,12,capacity_aware,3,8,75,75,0,1.0,1.2096774193548387,0,0,0,0.0,1.2096774193548387,-0.0273972602739726,-0.13636363636363635,0.0,-0.13636363636363635,1.0,1.0,0.0,1.0,1.0,1.0,0.0,1.0,1.0,1.0,0.0,1.0
multiplier_n12,semi_real_multiplier,0,12,smooth,3,8,62,66,4,1.064516129032258,1.064516129032258,18,8,10,0.5806451612903226,1.0,0.0958904109589041,0.0,0.12,0.0,0.5609756097560976,0.0,0.0,0.0,0.6363636363636364,0.0,0.0,0.0,0.7777777777777778,0.0,0.0,0.7647058823529411
multiplier_n12,semi_real_multiplier,0,12,delivery_aware_v1,3,8,62,66,4,1.064516129032258,1.064516129032258,18,34,10,1.903225806451613,1.0,0.0958904109589041,0.0,0.12,0.0,0.5609756097560976,0.0,0.0,0.0,0.6363636363636364,0.0,0.0,0.0,0.05555555555555555,-3.25,0.0,0.0
multiplier_n12,semi_real_multiplier,0,12,delivery_aware_v2,3,8,62,66,4,1.064516129032258,1.064516129032258,18,8,10,0.6290322580645161,1.0,0.0958904109589041,0.0,0.12,0.0,0.5609756097560976,0.0,0.0,0.0,0.6363636363636364,0.0,0.0,0.0,0.7777777777777778,0.0,0.0,0.7647058823529411
multiplier_n12,semi_real_multiplier,0,12,static,3,12,62,72,10,1.1612903225806452,1.1612903225806452,41,31,29,6.82258064516129,1.0,0.0,-0.125,0.04,-0.125,0.0,-1.2777777777777777,0.0,-1.2777777777777777,0.0,-4.0,0.0,-4.0,0.0,-9.333333333333334,0.0,-0.10714285714285714
multiplier_n12,semi_real_multiplier,0,12,capacity_aware,3,12,75,75,0,1.0,1.2096774193548387,0,0,0,0.0,1.2096774193548387,-0.041666666666666664,-0.171875,0.0,-0.171875,1.0,1.0,0.0,1.0,1.0,1.0,0.0,1.0,1.0,1.0,0.0,1.0
multiplier_n12,semi_real_multiplier,0,12,smooth,3,12,62,64,2,1.032258064516129,1.032258064516129,18,3,6,0.1774193548387097,1.0,0.1111111111111111,0.0,0.14666666666666667,0.0,0.5609756097560976,0.0,0.0,0.0,0.8,0.0,0.0,0.0,0.9032258064516129,0.0,0.0,0.8928571428571429
multiplier_n12,semi_real_multiplier,0,12,delivery_aware_v1,3,12,62,64,2,1.032258064516129,1.032258064516129,18,28,6,1.3709677419354838,1.0,0.1111111111111111,0.0,0.14666666666666667,0.0,0.5609756097560976,0.0,0.0,0.0,0.8,0.0,0.0,0.0,0.0967741935483871,-8.333333333333334,0.0,0.0
multiplier_n12,semi_real_multiplier,0,12,delivery_aware_v2,3,12,62,64,2,1.032258064516129,1.032258064516129,18,3,6,0.1774193548387097,1.0,0.1111111111111111,0.0,0.14666666666666667,0.0,0.5609756097560976,0.0,0.0,0.0,0.8,0.0,0.0,0.0,0.9032258064516129,0.0,0.0,0.8928571428571429
multiplier_n12,semi_real_multiplier,0,12,static,4,0,62,64,2,1.032258064516129,1.032258064516129,5,15,5,0.6451612903225806,1.0,0.0,-0.03225806451612903,-0.015873015873015872,-0.03225806451612903,0.0,0.0,0.0,0.0,0.0,0.0,0.0,0.0,0.0,0.0,0.0,0.0
multiplier_n12,semi_real_multiplier,0,12,capacity_aware,4,0,63,63,0,1.0,1.0161290322580645,0,0,0,0.0,1.0161290322580645,0.015625,-0.016129032258064516,0.0,-0.016129032258064516,1.0,0.0,0.0,0.0,1.0,0.0,0.0,0.0,1.0,0.0,0.0,0.0
multiplier_n12,semi_real_multiplier,0,12,smooth,4,0,62,62,0,1.0,1.0,0,0,0,0.0,1.0,0.03125,0.0,0.015873015873015872,0.0,1.0,0.0,0.0,0.0,1.0,0.0,0.0,0.0,1.0,0.0,0.0,0.0
multiplier_n12,semi_real_multiplier,0,12,delivery_aware_v1,4,0,62,62,0,1.0,1.0,0,0,0,0.0,1.0,0.03125,0.0,0.015873015873015872,0.0,1.0,0.0,0.0,0.0,1.0,0.0,0.0,0.0,1.0,0.0,0.0,0.0
multiplier_n12,semi_real_multiplier,0,12,delivery_aware_v2,4,0,62,62,0,1.0,1.0,0,0,0,0.0,1.0,0.03125,0.0,0.015873015873015872,0.0,1.0,0.0,0.0,0.0,1.0,0.0,0.0,0.0,1.0,0.0,0.0,0.0
multiplier_n12,semi_real_multiplier,0,12,static,4,4,62,63,1,1.0161290322580645,1.0161290322580645,5,2,1,0.03225806451612903,1.0,0.0,-0.016129032258064516,0.0,-0.016129032258064516,0.0,0.0,0.0,0.0,0.0,0.0,0.0,0.0,0.0,0.0,0.0,0.0
multiplier_n12,semi_real_multiplier,0,12,capacity_aware,4,4,63,63,0,1.0,1.0161290322580645,0,0,0,0.0,1.0161290322580645,0.0,-0.016129032258064516,0.0,-0.016129032258064516,1.0,0.0,0.0,0.0,1.0,0.0,0.0,0.0,1.0,0.0,0.0,0.0
multiplier_n12,semi_real_multiplier,0,12,smooth,4,4,62,62,0,1.0,1.0,0,0,0,0.0,1.0,0.015873015873015872,0.0,0.015873015873015872,0.0,1.0,0.0,0.0,0.0,1.0,0.0,0.0,0.0,1.0,0.0,0.0,0.0
multiplier_n12,semi_real_multiplier,0,12,delivery_aware_v1,4,4,62,62,0,1.0,1.0,0,0,0,0.0,1.0,0.015873015873015872,0.0,0.015873015873015872,0.0,1.0,0.0,0.0,0.0,1.0,0.0,0.0,0.0,1.0,0.0,0.0,0.0
multiplier_n12,semi_real_multiplier,0,12,delivery_aware_v2,4,4,62,62,0,1.0,1.0,0,0,0,0.0,1.0,0.015873015873015872,0.0,0.015873015873015872,0.0,1.0,0.0,0.0,0.0,1.0,0.0,0.0,0.0,1.0,0.0,0.0,0.0
multiplier_n12,semi_real_multiplier,0,12,static,4,8,62,62,0,1.0,1.0,5,0,0,0.0,1.0,0.0,0.0,0.015873015873015872,0.0,0.0,0.0,0.0,-4.0,0.0,0.0,0.0,0.0,0.0,0.0,0.0,0.0
multiplier_n12,semi_real_multiplier,0,12,capacity_aware,4,8,63,63,0,1.0,1.0161290322580645,0,0,0,0.0,1.0161290322580645,-0.016129032258064516,-0.016129032258064516,0.0,-0.016129032258064516,1.0,0.0,0.0,1.0,0.0,0.0,0.0,0.0,0.0,0.0,0.0,0.0
multiplier_n12,semi_real_multiplier,0,12,smooth,4,8,62,62,0,1.0,1.0,0,0,0,0.0,1.0,0.0,0.0,0.015873015873015872,0.0,1.0,0.0,0.0,1.0,0.0,0.0,0.0,0.0,0.0,0.0,0.0,0.0
multiplier_n12,semi_real_multiplier,0,12,delivery_aware_v1,4,8,62,62,0,1.0,1.0,1,0,0,0.0,1.0,0.0,0.0,0.015873015873015872,0.0,0.8,0.0,0.0,0.0,0.0,0.0,0.0,0.0,0.0,0.0,0.0,0.0
multiplier_n12,semi_real_multiplier,0,12,delivery_aware_v2,4,8,62,62,0,1.0,1.0,0,0,0,0.0,1.0,0.0,0.0,0.015873015873015872,0.0,1.0,0.0,0.0,1.0,0.0,0.0,0.0,0.0,0.0,0.0,0.0,0.0
multiplier_n12,semi_real_multiplier,0,12,static,4,12,62,62,0,1.0,1.0,5,0,0,0.0,1.0,0.0,0.0,0.015873015873015872,0.0,0.0,0.0,0.0,-4.0,0.0,0.0,0.0,0.0,0.0,0.0,0.0,0.0
multiplier_n12,semi_real_multiplier,0,12,capacity_aware,4,12,63,63,0,1.0,1.0161290322580645,0,0,0,0.0,1.0161290322580645,-0.016129032258064516,-0.016129032258064516,0.0,-0.016129032258064516,1.0,0.0,0.0,1.0,0.0,0.0,0.0,0.0,0.0,0.0,0.0,0.0
multiplier_n12,semi_real_multiplier,0,12,smooth,4,12,62,62,0,1.0,1.0,0,0,0,0.0,1.0,0.0,0.0,0.015873015873015872,0.0,1.0,0.0,0.0,1.0,0.0,0.0,0.0,0.0,0.0,0.0,0.0,0.0
multiplier_n12,semi_real_multiplier,0,12,delivery_aware_v1,4,12,62,62,0,1.0,1.0,1,0,0,0.0,1.0,0.0,0.0,0.015873015873015872,0.0,0.8,0.0,0.0,0.0,0.0,0.0,0.0,0.0,0.0,0.0,0.0,0.0
multiplier_n12,semi_real_multiplier,0,12,delivery_aware_v2,4,12,62,62,0,1.0,1.0,0,0,0,0.0,1.0,0.0,0.0,0.015873015873015872,0.0,1.0,0.0,0.0,1.0,0.0,0.0,0.0,0.0,0.0,0.0,0.0,0.0
multiplier_n12,semi_real_multiplier,0,12,static,5,0,62,63,1,1.0161290322580645,1.0161290322580645,3,1,3,0.04838709677419355,1.0,0.0,-0.016129032258064516,-0.016129032258064516,-0.016129032258064516,0.0,0.0,0.0,0.0,0.0,0.0,0.0,0.0,0.0,0.0,0.0,0.0
multiplier_n12,semi_real_multiplier,0,12,capacity_aware,5,0,62,62,0,1.0,1.0,0,0,0,0.0,1.0,0.015873015873015872,0.0,0.0,0.0,1.0,0.0,0.0,0.0,1.0,0.0,0.0,0.0,1.0,0.0,0.0,0.0
multiplier_n12,semi_real_multiplier,0,12,smooth,5,0,62,62,0,1.0,1.0,0,0,0,0.0,1.0,0.015873015873015872,0.0,0.0,0.0,1.0,0.0,0.0,0.0,1.0,0.0,0.0,0.0,1.0,0.0,0.0,0.0
multiplier_n12,semi_real_multiplier,0,12,delivery_aware_v1,5,0,62,62,0,1.0,1.0,0,0,0,0.0,1.0,0.015873015873015872,0.0,0.0,0.0,1.0,0.0,0.0,0.0,1.0,0.0,0.0,0.0,1.0,0.0,0.0,0.0
multiplier_n12,semi_real_multiplier,0,12,delivery_aware_v2,5,0,62,62,0,1.0,1.0,0,0,0,0.0,1.0,0.015873015873015872,0.0,0.0,0.0,1.0,0.0,0.0,0.0,1.0,0.0,0.0,0.0,1.0,0.0,0.0,0.0
multiplier_n12,semi_real_multiplier,0,12,static,5,4,62,62,0,1.0,1.0,3,0,0,0.0,1.0,0.0,0.0,0.0,0.0,0.0,0.0,0.0,0.0,0.0,0.0,0.0,0.0,0.0,0.0,0.0,0.0
multiplier_n12,semi_real_multiplier,0,12,capacity_aware,5,4,62,62,0,1.0,1.0,0,0,0,0.0,1.0,0.0,0.0,0.0,0.0,1.0,0.0,0.0,0.0,0.0,0.0,0.0,0.0,0.0,0.0,0.0,0.0
multiplier_n12,semi_real_multiplier,0,12,smooth,5,4,62,62,0,1.0,1.0,0,0,0,0.0,1.0,0.0,0.0,0.0,0.0,1.0,0.0,0.0,0.0,0.0,0.0,0.0,0.0,0.0,0.0,0.0,0.0
multiplier_n12,semi_real_multiplier,0,12,delivery_aware_v1,5,4,62,62,0,1.0,1.0,0,0,0,0.0,1.0,0.0,0.0,0.0,0.0,1.0,0.0,0.0,0.0,0.0,0.0,0.0,0.0,0.0,0.0,0.0,0.0
multiplier_n12,semi_real_multiplier,0,12,delivery_aware_v2,5,4,62,62,0,1.0,1.0,0,0,0,0.0,1.0,0.0,0.0,0.0,0.0,1.0,0.0,0.0,0.0,0.0,0.0,0.0,0.0,0.0,0.0,0.0,0.0
multiplier_n12,semi_real_multiplier,0,12,static,5,8,62,62,0,1.0,1.0,3,0,0,0.0,1.0,0.0,0.0,0.0,0.0,0.0,0.0,0.0,0.0,0.0,0.0,0.0,0.0,0.0,0.0,0.0,0.0
multiplier_n12,semi_real_multiplier,0,12,capacity_aware,5,8,62,62,0,1.0,1.0,0,0,0,0.0,1.0,0.0,0.0,0.0,0.0,1.0,0.0,0.0,0.0,0.0,0.0,0.0,0.0,0.0,0.0,0.0,0.0
multiplier_n12,semi_real_multiplier,0,12,smooth,5,8,62,62,0,1.0,1.0,0,0,0,0.0,1.0,0.0,0.0,0.0,0.0,1.0,0.0,0.0,0.0,0.0,0.0,0.0,0.0,0.0,0.0,0.0,0.0
multiplier_n12,semi_real_multiplier,0,12,delivery_aware_v1,5,8,62,62,0,1.0,1.0,0,0,0,0.0,1.0,0.0,0.0,0.0,0.0,1.0,0.0,0.0,0.0,0.0,0.0,0.0,0.0,0.0,0.0,0.0,0.0
multiplier_n12,semi_real_multiplier,0,12,delivery_aware_v2,5,8,62,62,0,1.0,1.0,0,0,0,0.0,1.0,0.0,0.0,0.0,0.0,1.0,0.0,0.0,0.0,0.0,0.0,0.0,0.0,0.0,0.0,0.0,0.0
multiplier_n12,semi_real_multiplier,0,12,static,5,12,62,62,0,1.0,1.0,3,0,0,0.0,1.0,0.0,0.0,0.0,0.0,0.0,0.0,0.0,0.0,0.0,0.0,0.0,0.0,0.0,0.0,0.0,0.0
multiplier_n12,semi_real_multiplier,0,12,capacity_aware,5,12,62,62,0,1.0,1.0,0,0,0,0.0,1.0,0.0,0.0,0.0,0.0,1.0,0.0,0.0,0.0,0.0,0.0,0.0,0.0,0.0,0.0,0.0,0.0
multiplier_n12,semi_real_multiplier,0,12,smooth,5,12,62,62,0,1.0,1.0,0,0,0,0.0,1.0,0.0,0.0,0.0,0.0,1.0,0.0,0.0,0.0,0.0,0.0,0.0,0.0,0.0,0.0,0.0,0.0
multiplier_n12,semi_real_multiplier,0,12,delivery_aware_v1,5,12,62,62,0,1.0,1.0,0,0,0,0.0,1.0,0.0,0.0,0.0,0.0,1.0,0.0,0.0,0.0,0.0,0.0,0.0,0.0,0.0,0.0,0.0,0.0
multiplier_n12,semi_real_multiplier,0,12,delivery_aware_v2,5,12,62,62,0,1.0,1.0,0,0,0,0.0,1.0,0.0,0.0,0.0,0.0,1.0,0.0,0.0,0.0,0.0,0.0,0.0,0.0,0.0,0.0,0.0,0.0
exact_qft_n8,semi_real_qft,0,8,static,1,0,26,41,15,1.5769230769230769,1.5769230769230769,15,23,15,8.846153846153847,1.0,0.0,-0.05128205128205128,0.0,-0.05128205128205128,0.0,-1.5,0.0,-1.5,0.0,-1.5,0.0,-1.5,0.0,-0.6428571428571429,0.0,-0.6428571428571429
exact_qft_n8,semi_real_qft,0,8,capacity_aware,1,0,41,41,0,1.0,1.5769230769230769,0,0,0,0.0,1.5769230769230769,0.0,-0.05128205128205128,0.0,-0.05128205128205128,1.0,1.0,0.0,1.0,1.0,1.0,0.0,1.0,1.0,1.0,0.0,1.0
exact_qft_n8,semi_real_qft,0,8,smooth,1,0,33,39,6,1.1818181818181819,1.5,6,14,6,1.5454545454545454,1.2692307692307692,0.04878048780487805,0.0,0.04878048780487805,0.0,0.6,0.0,0.0,0.0,0.6,0.0,0.0,0.0,0.391304347826087,0.0,0.0,0.0
exact_qft_n8,semi_real_qft,0,8,delivery_aware_v1,1,0,33,39,6,1.1818181818181819,1.5,6,14,6,1.6666666666666667,1.2692307692307692,0.04878048780487805,0.0,0.04878048780487805,0.0,0.6,0.0,0.0,0.0,0.6,0.0,0.0,0.0,0.391304347826087,0.0,0.0,0.0
exact_qft_n8,semi_real_qft,0,8,delivery_aware_v2,1,0,33,39,6,1.1818181818181819,1.5,6,14,6,1.5454545454545454,1.2692307692307692,0.04878048780487805,0.0,0.04878048780487805,0.0,0.6,0.0,0.0,0.0,0.6,0.0,0.0,0.0,0.391304347826087,0.0,0.0,0.0
exact_qft_n8,semi_real_qft,0,8,static,1,4,26,37,11,1.4230769230769231,1.4230769230769231,15,21,11,5.346153846153846,1.0,0.0,-0.05714285714285714,0.0975609756097561,-0.05714285714285714,0.0,-1.5,0.0,-1.5,0.0,-4.5,0.0,-4.5,0.0,-2.5,0.0,-0.3125
exact_qft_n8,semi_real_qft,0,8,capacity_aware,1,4,41,41,0,1.0,1.5769230769230769,0,0,0,0.0,1.5769230769230769,-0.10810810810810811,-0.17142857142857143,0.0,-0.17142857142857143,1.0,1.0,0.0,1.0,1.0,1.0,0.0,1.0,1.0,1.0,0.0,1.0
exact_qft_n8,semi_real_qft,0,8,smooth,1,4,33,35,2,1.0606060606060606,1.3461538461538463,6,6,2,0.24242424242424243,1.2692307692307692,0.05405405405405406,0.0,0.14634146341463414,0.0,0.6,0.0,0.0,0.0,0.8181818181818182,0.0,0.0,0.0,0.7142857142857143,0.0,0.0,0.625
exact_qft_n8,semi_real_qft,0,8,delivery_aware_v1,1,4,33,35,2,1.0606060606060606,1.3461538461538463,6,16,2,0.6060606060606061,1.2692307692307692,0.05405405405405406,0.0,0.14634146341463414,0.0,0.6,0.0,0.0,0.0,0.8181818181818182,0.0,0.0,0.0,0.23809523809523808,-1.6666666666666667,0.0,0.0
exact_qft_n8,semi_real_qft,0,8,delivery_aware_v2,1,4,33,35,2,1.0606060606060606,1.3461538461538463,6,6,2,0.24242424242424243,1.2692307692307692,0.05405405405405406,0.0,0.14634146341463414,0.0,0.6,0.0,0.0,0.0,0.8181818181818182,0.0,0.0,0.0,0.7142857142857143,0.0,0.0,0.625
exact_qft_n8,semi_real_qft,0,8,static,1,8,26,33,7,1.2692307692307692,1.2692307692307692,15,15,7,2.3846153846153846,1.0,0.0,0.0,0.1951219512195122,-0.06451612903225806,0.0,-1.5,0.0,-0.6666666666666666,0.0,0.0,0.0,-6.0,0.0,0.0,0.0,-0.15384615384615385
exact_qft_n8,semi_real_qft,0,8,capacity_aware,1,8,41,41,0,1.0,1.5769230769230769,0,0,0,0.0,1.5769230769230769,-0.24242424242424243,-0.24242424242424243,0.0,-0.3225806451612903,1.0,1.0,0.0,1.0,1.0,0.0,0.0,1.0,1.0,0.0,0.0,1.0
exact_qft_n8,semi_real_qft,0,8,smooth,1,8,33,33,0,1.0,1.2692307692307692,6,0,0,0.0,1.2692307692307692,0.0,0.0,0.1951219512195122,-0.06451612903225806,0.6,0.0,0.0,0.3333333333333333,1.0,0.0,0.0,1.0,1.0,0.0,0.0,1.0
exact_qft_n8,semi_real_qft,0,8,delivery_aware_v1,1,8,30,31,1,1.0333333333333334,1.1923076923076923,9,13,1,0.43333333333333335,1.1538461538461537,0.06060606060606061,0.06060606060606061,0.24390243902439024,0.0,0.4,-0.5,0.0,0.0,0.8571428571428571,0.0,0.0,0.0,0.13333333333333333,0.0,0.0,0.0
exact_qft_n8,semi_real_qft,0,8,delivery_aware_v2,1,8,33,33,0,1.0,1.2692307692307692,7,0,0,0.0,1.2692307692307692,0.0,0.0,0.1951219512195122,-0.06451612903225806,0.5333333333333333,-0.16666666666666666,0.0,0.2222222222222222,1.0,0.0,0.0,1.0,1.0,0.0,0.0,1.0
exact_qft_n8,semi_real_qft,0,8,static,1,12,26,29,3,1.1153846153846154,1.1153846153846154,15,7,3,0.5384615384615384,1.0,0.0,0.12121212121212122,0.2926829268292683,-0.07407407407407407,0.0,-1.5,0.0,-0.15384615384615385,0.0,0.0,0.0,-2.0,0.0,0.0,0.0,-0.16666666666666666
exact_qft_n8,semi_real_qft,0,8,capacity_aware,1,12,41,41,0,1.0,1.5769230769230769,0,0,0,0.0,1.5769230769230769,-0.41379310344827586,-0.24242424242424243,0.0,-0.5185185185185185,1.0,1.0,0.0,1.0,1.0,0.0,0.0,1.0,1.0,0.0,0.0,1.0
exact_qft_n8,semi_real_qft,0,8,smooth,1,12,33,33,0,1.0,1.2692307692307692,6,0,0,0.0,1.2692307692307692,-0.13793103448275862,0.0,0.1951219512195122,-0.2222222222222222,0.6,0.0,0.0,0.5384615384615384,1.0,0.0,0.0,1.0,1.0,0.0,0.0,1.0
exact_qft_n8,semi_real_qft,0,8,delivery_aware_v1,1,12,26,27,1,1.0384615384615385,1.0384615384615385,13,6,1,0.23076923076923078,1.0,0.06896551724137931,0.18181818181818182,0.34146341463414637,0.0,0.13333333333333333,-1.1666666666666667,0.0,0.0,0.6666666666666666,0.0,0.0,0.0,0.14285714285714285,0.0,0.0,0.0
exact_qft_n8,semi_real_qft,0,8,delivery_aware_v2,1,12,33,33,0,1.0,1.2692307692307692,7,0,0,0.0,1.2692307692307692,-0.13793103448275862,0.0,0.1951219512195122,-0.2222222222222222,0.5333333333333333,-0.16666666666666666,0.0,0.46153846153846156,1.0,0.0,0.0,1.0,1.0,0.0,0.0,1.0
exact_qft_n8,semi_real_qft,0,8,static,2,0,26,28,2,1.0769230769230769,1.0769230769230769,3,8,3,0.5769230769230769,1.0,0.0,-0.07692307692307693,0.034482758620689655,-0.07692307692307693,0.0,0.0,0.0,0.0,0.0,0.0,0.0,0.0,0.0,0.0,0.0,0.0
exact_qft_n8,semi_real_qft,0,8,capacity_aware,2,0,29,29,0,1.0,1.1153846153846154,0,0,0,0.0,1.1153846153846154,-0.03571428571428571,-0.11538461538461539,0.0,-0.11538461538461539,1.0,0.0,0.0,0.0,1.0,0.0,0.0,0.0,1.0,0.0,0.0,0.0
exact_qft_n8,semi_real_qft,0,8,smooth,2,0,26,26,0,1.0,1.0,0,0,0,0.0,1.0,0.07142857142857142,0.0,0.10344827586206896,0.0,1.0,0.0,0.0,0.0,1.0,0.0,0.0,0.0,1.0,0.0,0.0,0.0
exact_qft_n8,semi_real_qft,0,8,delivery_aware_v1,2,0,26,26,0,1.0,1.0,0,0,0,0.0,1.0,0.07142857142857142,0.0,0.10344827586206896,0.0,1.0,0.0,0.0,0.0,1.0,0.0,0.0,0.0,1.0,0.0,0.0,0.0
exact_qft_n8,semi_real_qft,0,8,delivery_aware_v2,2,0,26,26,0,1.0,1.0,0,0,0,0.0,1.0,0.07142857142857142,0.0,0.10344827586206896,0.0,1.0,0.0,0.0,0.0,1.0,0.0,0.0,0.0,1.0,0.0,0.0,0.0
exact_qft_n8,semi_real_qft,0,8,static,2,4,26,26,0,1.0,1.0,3,0,0,0.0,1.0,0.0,0.0,0.10344827586206896,0.0,0.0,0.0,0.0,-0.5,0.0,0.0,0.0,0.0,0.0,0.0,0.0,0.0
exact_qft_n8,semi_real_qft,0,8,capacity_aware,2,4,29,29,0,1.0,1.1153846153846154,0,0,0,0.0,1.1153846153846154,-0.11538461538461539,-0.11538461538461539,0.0,-0.11538461538461539,1.0,0.0,0.0,1.0,0.0,0.0,0.0,0.0,0.0,0.0,0.0,0.0
exact_qft_n8,semi_real_qft,0,8,smooth,2,4,26,26,0,1.0,1.0,0,0,0,0.0,1.0,0.0,0.0,0.10344827586206896,0.0,1.0,0.0,0.0,1.0,0.0,0.0,0.0,0.0,0.0,0.0,0.0,0.0
exact_qft_n8,semi_real_qft,0,8,delivery_aware_v1,2,4,26,26,0,1.0,1.0,2,0,0,0.0,1.0,0.0,0.0,0.10344827586206896,0.0,0.3333333333333333,0.0,0.0,0.0,0.0,0.0,0.0,0.0,0.0,0.0,0.0,0.0
exact_qft_n8,semi_real_qft,0,8,delivery_aware_v2,2,4,26,26,0,1.0,1.0,1,0,0,0.0,1.0,0.0,0.0,0.10344827586206896,0.0,0.6666666666666666,0.0,0.0,0.5,0.0,0.0,0.0,0.0,0.0,0.0,0.0,0.0
exact_qft_n8,semi_real_qft,0,8,static,2,8,26,26,0,1.0,1.0,3,0,0,0.0,1.0,0.0,0.0,0.10344827586206896,0.0,0.0,0.0,0.0,0.0,0.0,0.0,0.0,0.0,0.0,0.0,0.0,0.0
exact_qft_n8,semi_real_qft,0,8,capacity_aware,2,8,29,29,0,1.0,1.1153846153846154,0,0,0,0.0,1.1153846153846154,-0.11538461538461539,-0.11538461538461539,0.0,-0.11538461538461539,1.0,0.0,0.0,1.0,0.0,0.0,0.0,0.0,0.0,0.0,0.0,0.0
exact_qft_n8,semi_real_qft,0,8,smooth,2,8,26,26,0,1.0,1.0,0,0,0,0.0,1.0,0.0,0.0,0.10344827586206896,0.0,1.0,0.0,0.0,1.0,0.0,0.0,0.0,0.0,0.0,0.0,0.0,0.0
exact_qft_n8,semi_real_qft,0,8,delivery_aware_v1,2,8,26,26,0,1.0,1.0,3,0,0,0.0,1.0,0.0,0.0,0.10344827586206896,0.0,0.0,0.0,0.0,0.0,0.0,0.0,0.0,0.0,0.0,0.0,0.0,0.0
exact_qft_n8,semi_real_qft,0,8,delivery_aware_v2,2,8,26,26,0,1.0,1.0,1,0,0,0.0,1.0,0.0,0.0,0.10344827586206896,0.0,0.6666666666666666,0.0,0.0,0.6666666666666666,0.0,0.0,0.0,0.0,0.0,0.0,0.0,0.0
exact_qft_n8,semi_real_qft,0,8,static,2,12,26,26,0,1.0,1.0,3,0,0,0.0,1.0,0.0,0.0,0.10344827586206896,0.0,0.0,0.0,0.0,0.0,0.0,0.0,0.0,0.0,0.0,0.0,0.0,0.0
exact_qft_n8,semi_real_qft,0,8,capacity_aware,2,12,29,29,0,1.0,1.1153846153846154,0,0,0,0.0,1.1153846153846154,-0.11538461538461539,-0.11538461538461539,0.0,-0.11538461538461539,1.0,0.0,0.0,1.0,0.0,0.0,0.0,0.0,0.0,0.0,0.0,0.0
exact_qft_n8,semi_real_qft,0,8,smooth,2,12,26,26,0,1.0,1.0,0,0,0,0.0,1.0,0.0,0.0,0.10344827586206896,0.0,1.0,0.0,0.0,1.0,0.0,0.0,0.0,0.0,0.0,0.0,0.0,0.0
exact_qft_n8,semi_real_qft,0,8,delivery_aware_v1,2,12,26,26,0,1.0,1.0,3,0,0,0.0,1.0,0.0,0.0,0.10344827586206896,0.0,0.0,0.0,0.0,0.0,0.0,0.0,0.0,0.0,0.0,0.0,0.0,0.0
exact_qft_n8,semi_real_qft,0,8,delivery_aware_v2,2,12,26,26,0,1.0,1.0,1,0,0,0.0,1.0,0.0,0.0,0.10344827586206896,0.0,0.6666666666666666,0.0,0.0,0.6666666666666666,0.0,0.0,0.0,0.0,0.0,0.0,0.0,0.0
exact_qft_n8,semi_real_qft,0,8,static,3,0,26,26,0,1.0,1.0,0,0,0,0.0,1.0,0.0,0.0,0.0,0.0,0.0,0.0,0.0,0.0,0.0,0.0,0.0,0.0,0.0,0.0,0.0,0.0
exact_qft_n8,semi_real_qft,0,8,capacity_aware,3,0,26,26,0,1.0,1.0,0,0,0,0.0,1.0,0.0,0.0,0.0,0.0,0.0,0.0,0.0,0.0,0.0,0.0,0.0,0.0,0.0,0.0,0.0,0.0
exact_qft_n8,semi_real_qft,0,8,smooth,3,0,26,26,0,1.0,1.0,0,0,0,0.0,1.0,0.0,0.0,0.0,0.0,0.0,0.0,0.0,0.0,0.0,0.0,0.0,0.0,0.0,0.0,0.0,0.0
exact_qft_n8,semi_real_qft,0,8,delivery_aware_v1,3,0,26,26,0,1.0,1.0,0,0,0,0.0,1.0,0.0,0.0,0.0,0.0,0.0,0.0,0.0,0.0,0.0,0.0,0.0,0.0,0.0,0.0,0.0,0.0
exact_qft_n8,semi_real_qft,0,8,delivery_aware_v2,3,0,26,26,0,1.0,1.0,0,0,0,0.0,1.0,0.0,0.0,0.0,0.0,0.0,0.0,0.0,0.0,0.0,0.0,0.0,0.0,0.0,0.0,0.0,0.0
exact_qft_n8,semi_real_qft,0,8,static,3,4,26,26,0,1.0,1.0,0,0,0,0.0,1.0,0.0,0.0,0.0,0.0,0.0,0.0,0.0,0.0,0.0,0.0,0.0,0.0,0.0,0.0,0.0,0.0
exact_qft_n8,semi_real_qft,0,8,capacity_aware,3,4,26,26,0,1.0,1.0,0,0,0,0.0,1.0,0.0,0.0,0.0,0.0,0.0,0.0,0.0,0.0,0.0,0.0,0.0,0.0,0.0,0.0,0.0,0.0
exact_qft_n8,semi_real_qft,0,8,smooth,3,4,26,26,0,1.0,1.0,0,0,0,0.0,1.0,0.0,0.0,0.0,0.0,0.0,0.0,0.0,0.0,0.0,0.0,0.0,0.0,0.0,0.0,0.0,0.0
exact_qft_n8,semi_real_qft,0,8,delivery_aware_v1,3,4,26,26,0,1.0,1.0,0,0,0,0.0,1.0,0.0,0.0,0.0,0.0,0.0,0.0,0.0,0.0,0.0,0.0,0.0,0.0,0.0,0.0,0.0,0.0
exact_qft_n8,semi_real_qft,0,8,delivery_aware_v2,3,4,26,26,0,1.0,1.0,0,0,0,0.0,1.0,0.0,0.0,0.0,0.0,0.0,0.0,0.0,0.0,0.0,0.0,0.0,0.0,0.0,0.0,0.0,0.0
exact_qft_n8,semi_real_qft,0,8,static,3,8,26,26,0,1.0,1.0,0,0,0,0.0,1.0,0.0,0.0,0.0,0.0,0.0,0.0,0.0,0.0,0.0,0.0,0.0,0.0,0.0,0.0,0.0,0.0
exact_qft_n8,semi_real_qft,0,8,capacity_aware,3,8,26,26,0,1.0,1.0,0,0,0,0.0,1.0,0.0,0.0,0.0,0.0,0.0,0.0,0.0,0.0,0.0,0.0,0.0,0.0,0.0,0.0,0.0,0.0
exact_qft_n8,semi_real_qft,0,8,smooth,3,8,26,26,0,1.0,1.0,0,0,0,0.0,1.0,0.0,0.0,0.0,0.0,0.0,0.0,0.0,0.0,0.0,0.0,0.0,0.0,0.0,0.0,0.0,0.0
exact_qft_n8,semi_real_qft,0,8,delivery_aware_v1,3,8,26,26,0,1.0,1.0,0,0,0,0.0,1.0,0.0,0.0,0.0,0.0,0.0,0.0,0.0,0.0,0.0,0.0,0.0,0.0,0.0,0.0,0.0,0.0
exact_qft_n8,semi_real_qft,0,8,delivery_aware_v2,3,8,26,26,0,1.0,1.0,0,0,0,0.0,1.0,0.0,0.0,0.0,0.0,0.0,0.0,0.0,0.0,0.0,0.0,0.0,0.0,0.0,0.0,0.0,0.0
exact_qft_n8,semi_real_qft,0,8,static,3,12,26,26,0,1.0,1.0,0,0,0,0.0,1.0,0.0,0.0,0.0,0.0,0.0,0.0,0.0,0.0,0.0,0.0,0.0,0.0,0.0,0.0,0.0,0.0
exact_qft_n8,semi_real_qft,0,8,capacity_aware,3,12,26,26,0,1.0,1.0,0,0,0,0.0,1.0,0.0,0.0,0.0,0.0,0.0,0.0,0.0,0.0,0.0,0.0,0.0,0.0,0.0,0.0,0.0,0.0
exact_qft_n8,semi_real_qft,0,8,smooth,3,12,26,26,0,1.0,1.0,0,0,0,0.0,1.0,0.0,0.0,0.0,0.0,0.0,0.0,0.0,0.0,0.0,0.0,0.0,0.0,0.0,0.0,0.0,0.0
exact_qft_n8,semi_real_qft,0,8,delivery_aware_v1,3,12,26,26,0,1.0,1.0,0,0,0,0.0,1.0,0.0,0.0,0.0,0.0,0.0,0.0,0.0,0.0,0.0,0.0,0.0,0.0,0.0,0.0,0.0,0.0
exact_qft_n8,semi_real_qft,0,8,delivery_aware_v2,3,12,26,26,0,1.0,1.0,0,0,0,0.0,1.0,0.0,0.0,0.0,0.0,0.0,0.0,0.0,0.0,0.0,0.0,0.0,0.0,0.0,0.0,0.0,0.0
exact_qft_n8,semi_real_qft,0,8,static,4,0,26,26,0,1.0,1.0,0,0,0,0.0,1.0,0.0,0.0,0.0,0.0,0.0,0.0,0.0,0.0,0.0,0.0,0.0,0.0,0.0,0.0,0.0,0.0
exact_qft_n8,semi_real_qft,0,8,capacity_aware,4,0,26,26,0,1.0,1.0,0,0,0,0.0,1.0,0.0,0.0,0.0,0.0,0.0,0.0,0.0,0.0,0.0,0.0,0.0,0.0,0.0,0.0,0.0,0.0
exact_qft_n8,semi_real_qft,0,8,smooth,4,0,26,26,0,1.0,1.0,0,0,0,0.0,1.0,0.0,0.0,0.0,0.0,0.0,0.0,0.0,0.0,0.0,0.0,0.0,0.0,0.0,0.0,0.0,0.0
exact_qft_n8,semi_real_qft,0,8,delivery_aware_v1,4,0,26,26,0,1.0,1.0,0,0,0,0.0,1.0,0.0,0.0,0.0,0.0,0.0,0.0,0.0,0.0,0.0,0.0,0.0,0.0,0.0,0.0,0.0,0.0
exact_qft_n8,semi_real_qft,0,8,delivery_aware_v2,4,0,26,26,0,1.0,1.0,0,0,0,0.0,1.0,0.0,0.0,0.0,0.0,0.0,0.0,0.0,0.0,0.0,0.0,0.0,0.0,0.0,0.0,0.0,0.0
exact_qft_n8,semi_real_qft,0,8,static,4,4,26,26,0,1.0,1.0,0,0,0,0.0,1.0,0.0,0.0,0.0,0.0,0.0,0.0,0.0,0.0,0.0,0.0,0.0,0.0,0.0,0.0,0.0,0.0
exact_qft_n8,semi_real_qft,0,8,capacity_aware,4,4,26,26,0,1.0,1.0,0,0,0,0.0,1.0,0.0,0.0,0.0,0.0,0.0,0.0,0.0,0.0,0.0,0.0,0.0,0.0,0.0,0.0,0.0,0.0
exact_qft_n8,semi_real_qft,0,8,smooth,4,4,26,26,0,1.0,1.0,0,0,0,0.0,1.0,0.0,0.0,0.0,0.0,0.0,0.0,0.0,0.0,0.0,0.0,0.0,0.0,0.0,0.0,0.0,0.0
exact_qft_n8,semi_real_qft,0,8,delivery_aware_v1,4,4,26,26,0,1.0,1.0,0,0,0,0.0,1.0,0.0,0.0,0.0,0.0,0.0,0.0,0.0,0.0,0.0,0.0,0.0,0.0,0.0,0.0,0.0,0.0
exact_qft_n8,semi_real_qft,0,8,delivery_aware_v2,4,4,26,26,0,1.0,1.0,0,0,0,0.0,1.0,0.0,0.0,0.0,0.0,0.0,0.0,0.0,0.0,0.0,0.0,0.0,0.0,0.0,0.0,0.0,0.0
exact_qft_n8,semi_real_qft,0,8,static,4,8,26,26,0,1.0,1.0,0,0,0,0.0,1.0,0.0,0.0,0.0,0.0,0.0,0.0,0.0,0.0,0.0,0.0,0.0,0.0,0.0,0.0,0.0,0.0
exact_qft_n8,semi_real_qft,0,8,capacity_aware,4,8,26,26,0,1.0,1.0,0,0,0,0.0,1.0,0.0,0.0,0.0,0.0,0.0,0.0,0.0,0.0,0.0,0.0,0.0,0.0,0.0,0.0,0.0,0.0
exact_qft_n8,semi_real_qft,0,8,smooth,4,8,26,26,0,1.0,1.0,0,0,0,0.0,1.0,0.0,0.0,0.0,0.0,0.0,0.0,0.0,0.0,0.0,0.0,0.0,0.0,0.0,0.0,0.0,0.0
exact_qft_n8,semi_real_qft,0,8,delivery_aware_v1,4,8,26,26,0,1.0,1.0,0,0,0,0.0,1.0,0.0,0.0,0.0,0.0,0.0,0.0,0.0,0.0,0.0,0.0,0.0,0.0,0.0,0.0,0.0,0.0
exact_qft_n8,semi_real_qft,0,8,delivery_aware_v2,4,8,26,26,0,1.0,1.0,0,0,0,0.0,1.0,0.0,0.0,0.0,0.0,0.0,0.0,0.0,0.0,0.0,0.0,0.0,0.0,0.0,0.0,0.0,0.0
exact_qft_n8,semi_real_qft,0,8,static,4,12,26,26,0,1.0,1.0,0,0,0,0.0,1.0,0.0,0.0,0.0,0.0,0.0,0.0,0.0,0.0,0.0,0.0,0.0,0.0,0.0,0.0,0.0,0.0
exact_qft_n8,semi_real_qft,0,8,capacity_aware,4,12,26,26,0,1.0,1.0,0,0,0,0.0,1.0,0.0,0.0,0.0,0.0,0.0,0.0,0.0,0.0,0.0,0.0,0.0,0.0,0.0,0.0,0.0,0.0
exact_qft_n8,semi_real_qft,0,8,smooth,4,12,26,26,0,1.0,1.0,0,0,0,0.0,1.0,0.0,0.0,0.0,0.0,0.0,0.0,0.0,0.0,0.0,0.0,0.0,0.0,0.0,0.0,0.0,0.0
exact_qft_n8,semi_real_qft,0,8,delivery_aware_v1,4,12,26,26,0,1.0,1.0,0,0,0,0.0,1.0,0.0,0.0,0.0,0.0,0.0,0.0,0.0,0.0,0.0,0.0,0.0,0.0,0.0,0.0,0.0,0.0
exact_qft_n8,semi_real_qft,0,8,delivery_aware_v2,4,12,26,26,0,1.0,1.0,0,0,0,0.0,1.0,0.0,0.0,0.0,0.0,0.0,0.0,0.0,0.0,0.0,0.0,0.0,0.0,0.0,0.0,0.0,0.0
exact_qft_n8,semi_real_qft,0,8,static,5,0,26,26,0,1.0,1.0,0,0,0,0.0,1.0,0.0,0.0,0.0,0.0,0.0,0.0,0.0,0.0,0.0,0.0,0.0,0.0,0.0,0.0,0.0,0.0
exact_qft_n8,semi_real_qft,0,8,capacity_aware,5,0,26,26,0,1.0,1.0,0,0,0,0.0,1.0,0.0,0.0,0.0,0.0,0.0,0.0,0.0,0.0,0.0,0.0,0.0,0.0,0.0,0.0,0.0,0.0
exact_qft_n8,semi_real_qft,0,8,smooth,5,0,26,26,0,1.0,1.0,0,0,0,0.0,1.0,0.0,0.0,0.0,0.0,0.0,0.0,0.0,0.0,0.0,0.0,0.0,0.0,0.0,0.0,0.0,0.0
exact_qft_n8,semi_real_qft,0,8,delivery_aware_v1,5,0,26,26,0,1.0,1.0,0,0,0,0.0,1.0,0.0,0.0,0.0,0.0,0.0,0.0,0.0,0.0,0.0,0.0,0.0,0.0,0.0,0.0,0.0,0.0
exact_qft_n8,semi_real_qft,0,8,delivery_aware_v2,5,0,26,26,0,1.0,1.0,0,0,0,0.0,1.0,0.0,0.0,0.0,0.0,0.0,0.0,0.0,0.0,0.0,0.0,0.0,0.0,0.0,0.0,0.0,0.0
exact_qft_n8,semi_real_qft,0,8,static,5,4,26,26,0,1.0,1.0,0,0,0,0.0,1.0,0.0,0.0,0.0,0.0,0.0,0.0,0.0,0.0,0.0,0.0,0.0,0.0,0.0,0.0,0.0,0.0
exact_qft_n8,semi_real_qft,0,8,capacity_aware,5,4,26,26,0,1.0,1.0,0,0,0,0.0,1.0,0.0,0.0,0.0,0.0,0.0,0.0,0.0,0.0,0.0,0.0,0.0,0.0,0.0,0.0,0.0,0.0
exact_qft_n8,semi_real_qft,0,8,smooth,5,4,26,26,0,1.0,1.0,0,0,0,0.0,1.0,0.0,0.0,0.0,0.0,0.0,0.0,0.0,0.0,0.0,0.0,0.0,0.0,0.0,0.0,0.0,0.0
exact_qft_n8,semi_real_qft,0,8,delivery_aware_v1,5,4,26,26,0,1.0,1.0,0,0,0,0.0,1.0,0.0,0.0,0.0,0.0,0.0,0.0,0.0,0.0,0.0,0.0,0.0,0.0,0.0,0.0,0.0,0.0
exact_qft_n8,semi_real_qft,0,8,delivery_aware_v2,5,4,26,26,0,1.0,1.0,0,0,0,0.0,1.0,0.0,0.0,0.0,0.0,0.0,0.0,0.0,0.0,0.0,0.0,0.0,0.0,0.0,0.0,0.0,0.0
exact_qft_n8,semi_real_qft,0,8,static,5,8,26,26,0,1.0,1.0,0,0,0,0.0,1.0,0.0,0.0,0.0,0.0,0.0,0.0,0.0,0.0,0.0,0.0,0.0,0.0,0.0,0.0,0.0,0.0
exact_qft_n8,semi_real_qft,0,8,capacity_aware,5,8,26,26,0,1.0,1.0,0,0,0,0.0,1.0,0.0,0.0,0.0,0.0,0.0,0.0,0.0,0.0,0.0,0.0,0.0,0.0,0.0,0.0,0.0,0.0
exact_qft_n8,semi_real_qft,0,8,smooth,5,8,26,26,0,1.0,1.0,0,0,0,0.0,1.0,0.0,0.0,0.0,0.0,0.0,0.0,0.0,0.0,0.0,0.0,0.0,0.0,0.0,0.0,0.0,0.0
exact_qft_n8,semi_real_qft,0,8,delivery_aware_v1,5,8,26,26,0,1.0,1.0,0,0,0,0.0,1.0,0.0,0.0,0.0,0.0,0.0,0.0,0.0,0.0,0.0,0.0,0.0,0.0,0.0,0.0,0.0,0.0
exact_qft_n8,semi_real_qft,0,8,delivery_aware_v2,5,8,26,26,0,1.0,1.0,0,0,0,0.0,1.0,0.0,0.0,0.0,0.0,0.0,0.0,0.0,0.0,0.0,0.0,0.0,0.0,0.0,0.0,0.0,0.0
exact_qft_n8,semi_real_qft,0,8,static,5,12,26,26,0,1.0,1.0,0,0,0,0.0,1.0,0.0,0.0,0.0,0.0,0.0,0.0,0.0,0.0,0.0,0.0,0.0,0.0,0.0,0.0,0.0,0.0
exact_qft_n8,semi_real_qft,0,8,capacity_aware,5,12,26,26,0,1.0,1.0,0,0,0,0.0,1.0,0.0,0.0,0.0,0.0,0.0,0.0,0.0,0.0,0.0,0.0,0.0,0.0,0.0,0.0,0.0,0.0
exact_qft_n8,semi_real_qft,0,8,smooth,5,12,26,26,0,1.0,1.0,0,0,0,0.0,1.0,0.0,0.0,0.0,0.0,0.0,0.0,0.0,0.0,0.0,0.0,0.0,0.0,0.0,0.0,0.0,0.0
exact_qft_n8,semi_real_qft,0,8,delivery_aware_v1,5,12,26,26,0,1.0,1.0,0,0,0,0.0,1.0,0.0,0.0,0.0,0.0,0.0,0.0,0.0,0.0,0.0,0.0,0.0,0.0,0.0,0.0,0.0,0.0
exact_qft_n8,semi_real_qft,0,8,delivery_aware_v2,5,12,26,26,0,1.0,1.0,0,0,0,0.0,1.0,0.0,0.0,0.0,0.0,0.0,0.0,0.0,0.0,0.0,0.0,0.0,0.0,0.0,0.0,0.0,0.0
approx_qft_n12,semi_real_qft,0,12,static,1,0,38,67,29,1.763157894736842,1.763157894736842,29,35,29,15.026315789473685,1.0,0.0,-0.046875,-0.015151515151515152,-0.046875,0.0,-0.45,0.0,-0.45,0.0,-0.45,0.0,-0.45,0.0,-0.34615384615384615,0.0,-0.34615384615384615
approx_qft_n12,semi_real_qft,0,12,capacity_aware,1,0,66,66,0,1.0,1.736842105263158,0,0,0,0.0,1.736842105263158,0.014925373134328358,-0.03125,0.0,-0.03125,1.0,1.0,0.0,1.0,1.0,1.0,0.0,1.0,1.0,1.0,0.0,1.0
approx_qft_n12,semi_real_qft,0,12,smooth,1,0,44,64,20,1.4545454545454546,1.6842105263157894,20,26,20,5.886363636363637,1.1578947368421053,0.04477611940298507,0.0,0.030303030303030304,0.0,0.3103448275862069,0.0,0.0,0.0,0.3103448275862069,0.0,0.0,0.0,0.2571428571428571,0.0,0.0,0.0
approx_qft_n12,semi_real_qft,0,12,delivery_aware_v1,1,0,44,64,20,1.4545454545454546,1.6842105263157894,20,26,20,5.909090909090909,1.1578947368421053,0.04477611940298507,0.0,0.030303030303030304,0.0,0.3103448275862069,0.0,0.0,0.0,0.3103448275862069,0.0,0.0,0.0,0.2571428571428571,0.0,0.0,0.0
approx_qft_n12,semi_real_qft,0,12,delivery_aware_v2,1,0,44,64,20,1.4545454545454546,1.6842105263157894,20,26,20,5.886363636363637,1.1578947368421053,0.04477611940298507,0.0,0.030303030303030304,0.0,0.3103448275862069,0.0,0.0,0.0,0.3103448275862069,0.0,0.0,0.0,0.2571428571428571,0.0,0.0,0.0
approx_qft_n12,semi_real_qft,0,12,static,1,4,38,63,25,1.6578947368421053,1.6578947368421053,29,34,25,11.342105263157896,1.0,0.0,-0.05,0.045454545454545456,-0.05,0.0,-0.45,0.0,-0.45,0.0,-0.5625,0.0,-0.5625,0.0,-0.6190476190476191,0.0,-0.25925925925925924
approx_qft_n12,semi_real_qft,0,12,capacity_aware,1,4,66,66,0,1.0,1.736842105263158,0,0,0,0.0,1.736842105263158,-0.047619047619047616,-0.1,0.0,-0.1,1.0,1.0,0.0,1.0,1.0,1.0,0.0,1.0,1.0,1.0,0.0,1.0
approx_qft_n12,semi_real_qft,0,12,smooth,1,4,44,60,16,1.3636363636363635,1.5789473684210527,20,21,16,3.727272727272727,1.1578947368421053,0.047619047619047616,0.0,0.09090909090909091,0.0,0.3103448275862069,0.0,0.0,0.0,0.36,0.0,0.0,0.0,0.38235294117647056,0.0,0.0,0.2222222222222222
approx_qft_n12,semi_real_qft,0,12,delivery_aware_v1,1,4,44,60,16,1.3636363636363635,1.5789473684210527,20,27,16,3.8863636363636362,1.1578947368421053,0.047619047619047616,0.0,0.09090909090909091,0.0,0.3103448275862069,0.0,0.0,0.0,0.36,0.0,0.0,0.0,0.20588235294117646,-0.2857142857142857,0.0,0.0
approx_qft_n12,semi_real_qft,0,12,delivery_aware_v2,1,4,44,60,16,1.3636363636363635,1.5789473684210527,20,21,16,3.727272727272727,1.1578947368421053,0.047619047619047616,0.0,0.09090909090909091,0.0,0.3103448275862069,0.0,0.0,0.0,0.36,0.0,0.0,0.0,0.38235294117647056,0.0,0.0,0.2222222222222222
approx_qft_n12,semi_real_qft,0,12,static,1,8,38,59,21,1.5526315789473684,1.5526315789473684,29,27,21,7.973684210526316,1.0,0.0,-0.05357142857142857,0.10606060606060606,-0.05357142857142857,0.0,-0.45,0.0,-0.45,0.0,-0.75,0.0,-0.75,0.0,-0.8,0.0,-0.125
approx_qft_n12,semi_real_qft,0,12,capacity_aware,1,8,66,66,0,1.0,1.736842105263158,0,0,0,0.0,1.736842105263158,-0.11864406779661017,-0.17857142857142858,0.0,-0.17857142857142858,1.0,1.0,0.0,1.0,1.0,1.0,0.0,1.0,1.0,1.0,0.0,1.0
approx_qft_n12,semi_real_qft,0,12,smooth,1,8,44,56,12,1.2727272727272727,1.4736842105263157,20,15,12,2.0681818181818183,1.1578947368421053,0.05084745762711865,0.0,0.15151515151515152,0.0,0.3103448275862069,0.0,0.0,0.0,0.42857142857142855,0.0,0.0,0.0,0.4444444444444444,0.0,0.0,0.375
approx_qft_n12,semi_real_qft,0,12,delivery_aware_v1,1,8,44,56,12,1.2727272727272727,1.4736842105263157,20,24,12,2.272727272727273,1.1578947368421053,0.05084745762711865,0.0,0.15151515151515152,0.0,0.3103448275862069,0.0,0.0,0.0,0.42857142857142855,0.0,0.0,0.0,0.1111111111111111,-0.6,0.0,0.0
approx_qft_n12,semi_real_qft,0,12,delivery_aware_v2,1,8,44,56,12,1.2727272727272727,1.4736842105263157,20,15,12,2.0681818181818183,1.1578947368421053,0.05084745762711865,0.0,0.15151515151515152,0.0,0.3103448275862069,0.0,0.0,0.0,0.42857142857142855,0.0,0.0,0.0,0.4444444444444444,0.0,0.0,0.375
approx_qft_n12,semi_real_qft,0,12,static,1,12,38,55,17,1.4473684210526316,1.4473684210526316,29,23,17,5.2894736842105265,1.0,0.0,-0.057692307692307696,0.16666666666666666,-0.057692307692307696,0.0,-0.45,0.0,-0.45,0.0,-1.125,0.0,-1.125,0.0,-1.3,0.0,-0.35294117647058826
approx_qft_n12,semi_real_qft,0,12,capacity_aware,1,12,66,66,0,1.0,1.736842105263158,0,0,0,0.0,1.736842105263158,-0.2,-0.2692307692307692,0.0,-0.2692307692307692,1.0,1.0,0.0,1.0,1.0,1.0,0.0,1.0,1.0,1.0,0.0,1.0
approx_qft_n12,semi_real_qft,0,12,smooth,1,12,44,52,8,1.1818181818181819,1.368421052631579,20,10,8,0.8636363636363636,1.1578947368421053,0.05454545454545454,0.0,0.21212121212121213,0.0,0.3103448275862069,0.0,0.0,0.0,0.5294117647058824,0.0,0.0,0.0,0.5652173913043478,0.0,0.0,0.4117647058823529
approx_qft_n12,semi_real_qft,0,12,delivery_aware_v1,1,12,44,52,8,1.1818181818181819,1.368421052631579,20,17,8,1.0227272727272727,1.1578947368421053,0.05454545454545454,0.0,0.21212121212121213,0.0,0.3103448275862069,0.0,0.0,0.0,0.5294117647058824,0.0,0.0,0.0,0.2608695652173913,-0.7,0.0,0.0
approx_qft_n12,semi_real_qft,0,12,delivery_aware_v2,1,12,44,52,8,1.1818181818181819,1.368421052631579,20,10,8,0.8636363636363636,1.1578947368421053,0.05454545454545454,0.0,0.21212121212121213,0.0,0.3103448275862069,0.0,0.0,0.0,0.5294117647058824,0.0,0.0,0.0,0.5652173913043478,0.0,0.0,0.4117647058823529
approx_qft_n12,semi_real_qft,0,12,static,2,0,38,48,10,1.263157894736842,1.263157894736842,19,16,19,4.184210526315789,1.0,0.0,-0.09090909090909091,-0.02127659574468085,-0.09090909090909091,0.0,-0.5833333333333334,0.0,-0.5833333333333334,0.0,-0.6666666666666666,0.0,-0.6666666666666666,0.0,-0.7777777777777778,0.0,-0.6
approx_qft_n12,semi_real_qft,0,12,capacity_aware,2,0,47,47,0,1.0,1.236842105263158,0,0,0,0.0,1.236842105263158,0.020833333333333332,-0.06818181818181818,0.0,-0.06818181818181818,1.0,1.0,0.0,1.0,1.0,1.0,0.0,1.0,1.0,1.0,0.0,1.0
approx_qft_n12,semi_real_qft,0,12,smooth,2,0,38,44,6,1.1578947368421053,1.1578947368421053,12,9,12,1.5,1.0,0.08333333333333333,0.0,0.06382978723404255,0.0,0.3684210526315789,0.0,0.0,0.0,0.4,0.0,0.0,0.0,0.4375,0.0,0.0,0.1
approx_qft_n12,semi_real_qft,0,12,delivery_aware_v1,2,0,38,44,6,1.1578947368421053,1.1578947368421053,12,10,12,1.5789473684210527,1.0,0.08333333333333333,0.0,0.06382978723404255,0.0,0.3684210526315789,0.0,0.0,0.0,0.4,0.0,0.0,0.0,0.375,-0.1111111111111111,0.0,0.0
approx_qft_n12,semi_real_qft,0,12,delivery_aware_v2,2,0,38,44,6,1.1578947368421053,1.1578947368421053,12,9,12,1.5,1.0,0.08333333333333333,0.0,0.06382978723404255,0.0,0.3684210526315789,0.0,0.0,0.0,0.4,0.0,0.0,0.0,0.4375,0.0,0.0,0.1
approx_qft_n12,semi_real_qft,0,12,static,2,4,38,46,8,1.2105263157894737,1.2105263157894737,19,12,15,2.6052631578947367,1.0,0.0,-0.09523809523809523,0.02127659574468085,-0.09523809523809523,0.0,-0.5833333333333334,0.0,-0.5833333333333334,0.0,-1.0,0.0,-1.0,0.0,-1.0,0.0,-1.0
approx_qft_n12,semi_real_qft,0,12,capacity_aware,2,4,47,47,0,1.0,1.236842105263158,0,0,0,0.0,1.236842105263158,-0.021739130434782608,-0.11904761904761904,0.0,-0.11904761904761904,1.0,1.0,0.0,1.0,1.0,1.0,0.0,1.0,1.0,1.0,0.0,1.0
approx_qft_n12,semi_real_qft,0,12,smooth,2,4,38,42,4,1.105263157894737,1.105263157894737,12,6,8,0.6578947368421053,1.0,0.08695652173913043,0.0,0.10638297872340426,0.0,0.3684210526315789,0.0,0.0,0.0,0.5,0.0,0.0,0.0,0.5,0.0,0.0,0.0
approx_qft_n12,semi_real_qft,0,12,delivery_aware_v1,2,4,38,42,4,1.105263157894737,1.105263157894737,12,6,8,0.6842105263157895,1.0,0.08695652173913043,0.0,0.10638297872340426,0.0,0.3684210526315789,0.0,0.0,0.0,0.5,0.0,0.0,0.0,0.5,0.0,0.0,0.0
approx_qft_n12,semi_real_qft,0,12,delivery_aware_v2,2,4,38,42,4,1.105263157894737,1.105263157894737,12,6,8,0.6578947368421053,1.0,0.08695652173913043,0.0,0.10638297872340426,0.0,0.3684210526315789,0.0,0.0,0.0,0.5,0.0,0.0,0.0,0.5,0.0,0.0,0.0
approx_qft_n12,semi_real_qft,0,12,static,2,8,38,44,6,1.1578947368421053,1.1578947368421053,19,9,11,1.394736842105263,1.0,0.0,-0.1,0.06382978723404255,-0.1,0.0,-0.5833333333333334,0.0,-0.5833333333333334,0.0,-2.0,0.0,-2.0,0.0,-3.5,0.0,-0.5
approx_qft_n12,semi_real_qft,0,12,capacity_aware,2,8,47,47,0,1.0,1.236842105263158,0,0,0,0.0,1.236842105263158,-0.06818181818181818,-0.175,0.0,-0.175,1.0,1.0,0.0,1.0,1.0,1.0,0.0,1.0,1.0,1.0,0.0,1.0
approx_qft_n12,semi_real_qft,0,12,smooth,2,8,38,40,2,1.0526315789473684,1.0526315789473684,12,2,4,0.15789473684210525,1.0,0.09090909090909091,0.0,0.14893617021276595,0.0,0.3684210526315789,0.0,0.0,0.0,0.6666666666666666,0.0,0.0,0.0,0.7777777777777778,0.0,0.0,0.6666666666666666
approx_qft_n12,semi_real_qft,0,12,delivery_aware_v1,2,8,38,40,2,1.0526315789473684,1.0526315789473684,12,6,4,0.34210526315789475,1.0,0.09090909090909091,0.0,0.14893617021276595,0.0,0.3684210526315789,0.0,0.0,0.0,0.6666666666666666,0.0,0.0,0.0,0.3333333333333333,-2.0,0.0,0.0
approx_qft_n12,semi_real_qft,0,12,delivery_aware_v2,2,8,38,40,2,1.0526315789473684,1.0526315789473684,12,2,4,0.15789473684210525,1.0,0.09090909090909091,0.0,0.14893617021276595,0.0,0.3684210526315789,0.0,0.0,0.0,0.6666666666666666,0.0,0.0,0.0,0.7777777777777778,0.0,0.0,0.6666666666666666
approx_qft_n12,semi_real_qft,0,12,static,2,12,38,42,4,1.105263157894737,1.105263157894737,19,6,7,0.5526315789473685,1.0,0.0,-0.10526315789473684,0.10638297872340426,-0.07692307692307693,0.0,-0.5833333333333334,0.0,-0.35714285714285715,0.0,0.0,0.0,-3.0,0.0,0.0,0.0,-2.0
approx_qft_n12,semi_real_qft,0,12,capacity_aware,2,12,47,47,0,1.0,1.236842105263158,0,0,0,0.0,1.236842105263158,-0.11904761904761904,-0.23684210526315788,0.0,-0.20512820512820512,1.0,1.0,0.0,1.0,1.0,0.0,0.0,1.0,1.0,0.0,0.0,1.0
approx_qft_n12,semi_real_qft,0,12,smooth,2,12,38,38,0,1.0,1.0,12,0,0,0.0,1.0,0.09523809523809523,0.0,0.19148936170212766,0.02564102564102564,0.3684210526315789,0.0,0.0,0.14285714285714285,1.0,0.0,0.0,1.0,1.0,0.0,0.0,1.0
approx_qft_n12,semi_real_qft,0,12,delivery_aware_v1,2,12,38,39,1,1.0263157894736843,1.0263157894736843,14,2,2,0.07894736842105263,1.0,0.07142857142857142,-0.02631578947368421,0.1702127659574468,0.0,0.2631578947368421,-0.16666666666666666,0.0,0.0,0.75,0.0,0.0,0.0,0.6666666666666666,0.0,0.0,0.0
approx_qft_n12,semi_real_qft,0,12,delivery_aware_v2,2,12,38,38,0,1.0,1.0,12,0,0,0.0,1.0,0.09523809523809523,0.0,0.19148936170212766,0.02564102564102564,0.3684210526315789,0.0,0.0,0.14285714285714285,1.0,0.0,0.0,1.0,1.0,0.0,0.0,1.0
approx_qft_n12,semi_real_qft,0,12,static,3,0,38,41,3,1.0789473684210527,1.0789473684210527,9,8,9,0.9210526315789473,1.0,0.0,-0.07894736842105263,-0.025,-0.07894736842105263,0.0,0.0,0.0,0.0,0.0,0.0,0.0,0.0,0.0,0.0,0.0,0.0
approx_qft_n12,semi_real_qft,0,12,capacity_aware,3,0,40,40,0,1.0,1.0526315789473684,0,0,0,0.0,1.0526315789473684,0.024390243902439025,-0.05263157894736842,0.0,-0.05263157894736842,1.0,0.0,0.0,0.0,1.0,0.0,0.0,0.0,1.0,0.0,0.0,0.0
approx_qft_n12,semi_real_qft,0,12,smooth,3,0,38,38,0,1.0,1.0,0,0,0,0.0,1.0,0.07317073170731707,0.0,0.05,0.0,1.0,0.0,0.0,0.0,1.0,0.0,0.0,0.0,1.0,0.0,0.0,0.0
approx_qft_n12,semi_real_qft,0,12,delivery_aware_v1,3,0,38,38,0,1.0,1.0,0,0,0,0.0,1.0,0.07317073170731707,0.0,0.05,0.0,1.0,0.0,0.0,0.0,1.0,0.0,0.0,0.0,1.0,0.0,0.0,0.0
approx_qft_n12,semi_real_qft,0,12,delivery_aware_v2,3,0,38,38,0,1.0,1.0,0,0,0,0.0,1.0,0.07317073170731707,0.0,0.05,0.0,1.0,0.0,0.0,0.0,1.0,0.0,0.0,0.0,1.0,0.0,0.0,0.0
approx_qft_n12,semi_real_qft,0,12,static,3,4,38,40,2,1.0526315789473684,1.0526315789473684,9,3,5,0.2631578947368421,1.0,0.0,-0.05263157894736842,0.0,-0.05263157894736842,0.0,0.0,0.0,-8.0,0.0,0.0,0.0,0.0,0.0,0.0,0.0,0.0
approx_qft_n12,semi_real_qft,0,12,capacity_aware,3,4,40,40,0,1.0,1.0526315789473684,0,0,0,0.0,1.0526315789473684,0.0,-0.05263157894736842,0.0,-0.05263157894736842,1.0,0.0,0.0,1.0,1.0,0.0,0.0,0.0,1.0,0.0,0.0,0.0
approx_qft_n12,semi_real_qft,0,12,smooth,3,4,38,38,0,1.0,1.0,0,0,0,0.0,1.0,0.05,0.0,0.05,0.0,1.0,0.0,0.0,1.0,1.0,0.0,0.0,0.0,1.0,0.0,0.0,0.0
approx_qft_n12,semi_real_qft,0,12,delivery_aware_v1,3,4,38,38,0,1.0,1.0,1,0,0,0.0,1.0,0.05,0.0,0.05,0.0,0.8888888888888888,0.0,0.0,0.0,1.0,0.0,0.0,0.0,1.0,0.0,0.0,0.0
approx_qft_n12,semi_real_qft,0,12,delivery_aware_v2,3,4,38,38,0,1.0,1.0,0,0,0,0.0,1.0,0.05,0.0,0.05,0.0,1.0,0.0,0.0,1.0,1.0,0.0,0.0,0.0,1.0,0.0,0.0,0.0
approx_qft_n12,semi_real_qft,0,12,static,3,8,38,39,1,1.0263157894736843,1.0263157894736843,9,1,1,0.02631578947368421,1.0,0.0,-0.02631578947368421,0.025,-0.02631578947368421,0.0,0.0,0.0,-0.5,0.0,0.0,0.0,0.0,0.0,0.0,0.0,0.0
approx_qft_n12,semi_real_qft,0,12,capacity_aware,3,8,40,40,0,1.0,1.0526315789473684,0,0,0,0.0,1.0526315789473684,-0.02564102564102564,-0.05263157894736842,0.0,-0.05263157894736842,1.0,0.0,0.0,1.0,1.0,0.0,0.0,0.0,1.0,0.0,0.0,0.0
approx_qft_n12,semi_real_qft,0,12,smooth,3,8,38,38,0,1.0,1.0,0,0,0,0.0,1.0,0.02564102564102564,0.0,0.05,0.0,1.0,0.0,0.0,1.0,1.0,0.0,0.0,0.0,1.0,0.0,0.0,0.0
approx_qft_n12,semi_real_qft,0,12,delivery_aware_v1,3,8,38,38,0,1.0,1.0,6,0,0,0.0,1.0,0.02564102564102564,0.0,0.05,0.0,0.3333333333333333,0.0,0.0,0.0,1.0,0.0,0.0,0.0,1.0,0.0,0.0,0.0
approx_qft_n12,semi_real_qft,0,12,delivery_aware_v2,3,8,38,38,0,1.0,1.0,0,0,0,0.0,1.0,0.02564102564102564,0.0,0.05,0.0,1.0,0.0,0.0,1.0,1.0,0.0,0.0,0.0,1.0,0.0,0.0,0.0
approx_qft_n12,semi_real_qft,0,12,static,3,12,38,38,0,1.0,1.0,9,0,0,0.0,1.0,0.0,0.0,0.05,0.0,0.0,0.0,0.0,-0.5,0.0,0.0,0.0,0.0,0.0,0.0,0.0,0.0
approx_qft_n12,semi_real_qft,0,12,capacity_aware,3,12,40,40,0,1.0,1.0526315789473684,0,0,0,0.0,1.0526315789473684,-0.05263157894736842,-0.05263157894736842,0.0,-0.05263157894736842,1.0,0.0,0.0,1.0,0.0,0.0,0.0,0.0,0.0,0.0,0.0,0.0
approx_qft_n12,semi_real_qft,0,12,smooth,3,12,38,38,0,1.0,1.0,0,0,0,0.0,1.0,0.0,0.0,0.05,0.0,1.0,0.0,0.0,1.0,0.0,0.0,0.0,0.0,0.0,0.0,0.0,0.0
approx_qft_n12,semi_real_qft,0,12,delivery_aware_v1,3,12,38,38,0,1.0,1.0,6,0,0,0.0,1.0,0.0,0.0,0.05,0.0,0.3333333333333333,0.0,0.0,0.0,0.0,0.0,0.0,0.0,0.0,0.0,0.0,0.0
approx_qft_n12,semi_real_qft,0,12,delivery_aware_v2,3,12,38,38,0,1.0,1.0,0,0,0,0.0,1.0,0.0,0.0,0.05,0.0,1.0,0.0,0.0,1.0,0.0,0.0,0.0,0.0,0.0,0.0,0.0,0.0
approx_qft_n12,semi_real_qft,0,12,static,4,0,38,38,0,1.0,1.0,0,0,0,0.0,1.0,0.0,0.0,0.0,0.0,0.0,0.0,0.0,0.0,0.0,0.0,0.0,0.0,0.0,0.0,0.0,0.0
approx_qft_n12,semi_real_qft,0,12,capacity_aware,4,0,38,38,0,1.0,1.0,0,0,0,0.0,1.0,0.0,0.0,0.0,0.0,0.0,0.0,0.0,0.0,0.0,0.0,0.0,0.0,0.0,0.0,0.0,0.0
approx_qft_n12,semi_real_qft,0,12,smooth,4,0,38,38,0,1.0,1.0,0,0,0,0.0,1.0,0.0,0.0,0.0,0.0,0.0,0.0,0.0,0.0,0.0,0.0,0.0,0.0,0.0,0.0,0.0,0.0
approx_qft_n12,semi_real_qft,0,12,delivery_aware_v1,4,0,38,38,0,1.0,1.0,0,0,0,0.0,1.0,0.0,0.0,0.0,0.0,0.0,0.0,0.0,0.0,0.0,0.0,0.0,0.0,0.0,0.0,0.0,0.0
approx_qft_n12,semi_real_qft,0,12,delivery_aware_v2,4,0,38,38,0,1.0,1.0,0,0,0,0.0,1.0,0.0,0.0,0.0,0.0,0.0,0.0,0.0,0.0,0.0,0.0,0.0,0.0,0.0,0.0,0.0,0.0
approx_qft_n12,semi_real_qft,0,12,static,4,4,38,38,0,1.0,1.0,0,0,0,0.0,1.0,0.0,0.0,0.0,0.0,0.0,0.0,0.0,0.0,0.0,0.0,0.0,0.0,0.0,0.0,0.0,0.0
approx_qft_n12,semi_real_qft,0,12,capacity_aware,4,4,38,38,0,1.0,1.0,0,0,0,0.0,1.0,0.0,0.0,0.0,0.0,0.0,0.0,0.0,0.0,0.0,0.0,0.0,0.0,0.0,0.0,0.0,0.0
approx_qft_n12,semi_real_qft,0,12,smooth,4,4,38,38,0,1.0,1.0,0,0,0,0.0,1.0,0.0,0.0,0.0,0.0,0.0,0.0,0.0,0.0,0.0,0.0,0.0,0.0,0.0,0.0,0.0,0.0
approx_qft_n12,semi_real_qft,0,12,delivery_aware_v1,4,4,38,38,0,1.0,1.0,0,0,0,0.0,1.0,0.0,0.0,0.0,0.0,0.0,0.0,0.0,0.0,0.0,0.0,0.0,0.0,0.0,0.0,0.0,0.0
approx_qft_n12,semi_real_qft,0,12,delivery_aware_v2,4,4,38,38,0,1.0,1.0,0,0,0,0.0,1.0,0.0,0.0,0.0,0.0,0.0,0.0,0.0,0.0,0.0,0.0,0.0,0.0,0.0,0.0,0.0,0.0
approx_qft_n12,semi_real_qft,0,12,static,4,8,38,38,0,1.0,1.0,0,0,0,0.0,1.0,0.0,0.0,0.0,0.0,0.0,0.0,0.0,0.0,0.0,0.0,0.0,0.0,0.0,0.0,0.0,0.0
approx_qft_n12,semi_real_qft,0,12,capacity_aware,4,8,38,38,0,1.0,1.0,0,0,0,0.0,1.0,0.0,0.0,0.0,0.0,0.0,0.0,0.0,0.0,0.0,0.0,0.0,0.0,0.0,0.0,0.0,0.0
approx_qft_n12,semi_real_qft,0,12,smooth,4,8,38,38,0,1.0,1.0,0,0,0,0.0,1.0,0.0,0.0,0.0,0.0,0.0,0.0,0.0,0.0,0.0,0.0,0.0,0.0,0.0,0.0,0.0,0.0
approx_qft_n12,semi_real_qft,0,12,delivery_aware_v1,4,8,38,38,0,1.0,1.0,0,0,0,0.0,1.0,0.0,0.0,0.0,0.0,0.0,0.0,0.0,0.0,0.0,0.0,0.0,0.0,0.0,0.0,0.0,0.0
approx_qft_n12,semi_real_qft,0,12,delivery_aware_v2,4,8,38,38,0,1.0,1.0,0,0,0,0.0,1.0,0.0,0.0,0.0,0.0,0.0,0.0,0.0,0.0,0.0,0.0,0.0,0.0,0.0,0.0,0.0,0.0
approx_qft_n12,semi_real_qft,0,12,static,4,12,38,38,0,1.0,1.0,0,0,0,0.0,1.0,0.0,0.0,0.0,0.0,0.0,0.0,0.0,0.0,0.0,0.0,0.0,0.0,0.0,0.0,0.0,0.0
approx_qft_n12,semi_real_qft,0,12,capacity_aware,4,12,38,38,0,1.0,1.0,0,0,0,0.0,1.0,0.0,0.0,0.0,0.0,0.0,0.0,0.0,0.0,0.0,0.0,0.0,0.0,0.0,0.0,0.0,0.0
approx_qft_n12,semi_real_qft,0,12,smooth,4,12,38,38,0,1.0,1.0,0,0,0,0.0,1.0,0.0,0.0,0.0,0.0,0.0,0.0,0.0,0.0,0.0,0.0,0.0,0.0,0.0,0.0,0.0,0.0
approx_qft_n12,semi_real_qft,0,12,delivery_aware_v1,4,12,38,38,0,1.0,1.0,0,0,0,0.0,1.0,0.0,0.0,0.0,0.0,0.0,0.0,0.0,0.0,0.0,0.0,0.0,0.0,0.0,0.0,0.0,0.0
approx_qft_n12,semi_real_qft,0,12,delivery_aware_v2,4,12,38,38,0,1.0,1.0,0,0,0,0.0,1.0,0.0,0.0,0.0,0.0,0.0,0.0,0.0,0.0,0.0,0.0,0.0,0.0,0.0,0.0,0.0,0.0
approx_qft_n12,semi_real_qft,0,12,static,5,0,38,38,0,1.0,1.0,0,0,0,0.0,1.0,0.0,0.0,0.0,0.0,0.0,0.0,0.0,0.0,0.0,0.0,0.0,0.0,0.0,0.0,0.0,0.0
approx_qft_n12,semi_real_qft,0,12,capacity_aware,5,0,38,38,0,1.0,1.0,0,0,0,0.0,1.0,0.0,0.0,0.0,0.0,0.0,0.0,0.0,0.0,0.0,0.0,0.0,0.0,0.0,0.0,0.0,0.0
approx_qft_n12,semi_real_qft,0,12,smooth,5,0,38,38,0,1.0,1.0,0,0,0,0.0,1.0,0.0,0.0,0.0,0.0,0.0,0.0,0.0,0.0,0.0,0.0,0.0,0.0,0.0,0.0,0.0,0.0
approx_qft_n12,semi_real_qft,0,12,delivery_aware_v1,5,0,38,38,0,1.0,1.0,0,0,0,0.0,1.0,0.0,0.0,0.0,0.0,0.0,0.0,0.0,0.0,0.0,0.0,0.0,0.0,0.0,0.0,0.0,0.0
approx_qft_n12,semi_real_qft,0,12,delivery_aware_v2,5,0,38,38,0,1.0,1.0,0,0,0,0.0,1.0,0.0,0.0,0.0,0.0,0.0,0.0,0.0,0.0,0.0,0.0,0.0,0.0,0.0,0.0,0.0,0.0
approx_qft_n12,semi_real_qft,0,12,static,5,4,38,38,0,1.0,1.0,0,0,0,0.0,1.0,0.0,0.0,0.0,0.0,0.0,0.0,0.0,0.0,0.0,0.0,0.0,0.0,0.0,0.0,0.0,0.0
approx_qft_n12,semi_real_qft,0,12,capacity_aware,5,4,38,38,0,1.0,1.0,0,0,0,0.0,1.0,0.0,0.0,0.0,0.0,0.0,0.0,0.0,0.0,0.0,0.0,0.0,0.0,0.0,0.0,0.0,0.0
approx_qft_n12,semi_real_qft,0,12,smooth,5,4,38,38,0,1.0,1.0,0,0,0,0.0,1.0,0.0,0.0,0.0,0.0,0.0,0.0,0.0,0.0,0.0,0.0,0.0,0.0,0.0,0.0,0.0,0.0
approx_qft_n12,semi_real_qft,0,12,delivery_aware_v1,5,4,38,38,0,1.0,1.0,0,0,0,0.0,1.0,0.0,0.0,0.0,0.0,0.0,0.0,0.0,0.0,0.0,0.0,0.0,0.0,0.0,0.0,0.0,0.0
approx_qft_n12,semi_real_qft,0,12,delivery_aware_v2,5,4,38,38,0,1.0,1.0,0,0,0,0.0,1.0,0.0,0.0,0.0,0.0,0.0,0.0,0.0,0.0,0.0,0.0,0.0,0.0,0.0,0.0,0.0,0.0
approx_qft_n12,semi_real_qft,0,12,static,5,8,38,38,0,1.0,1.0,0,0,0,0.0,1.0,0.0,0.0,0.0,0.0,0.0,0.0,0.0,0.0,0.0,0.0,0.0,0.0,0.0,0.0,0.0,0.0
approx_qft_n12,semi_real_qft,0,12,capacity_aware,5,8,38,38,0,1.0,1.0,0,0,0,0.0,1.0,0.0,0.0,0.0,0.0,0.0,0.0,0.0,0.0,0.0,0.0,0.0,0.0,0.0,0.0,0.0,0.0
approx_qft_n12,semi_real_qft,0,12,smooth,5,8,38,38,0,1.0,1.0,0,0,0,0.0,1.0,0.0,0.0,0.0,0.0,0.0,0.0,0.0,0.0,0.0,0.0,0.0,0.0,0.0,0.0,0.0,0.0
approx_qft_n12,semi_real_qft,0,12,delivery_aware_v1,5,8,38,38,0,1.0,1.0,0,0,0,0.0,1.0,0.0,0.0,0.0,0.0,0.0,0.0,0.0,0.0,0.0,0.0,0.0,0.0,0.0,0.0,0.0,0.0
approx_qft_n12,semi_real_qft,0,12,delivery_aware_v2,5,8,38,38,0,1.0,1.0,0,0,0,0.0,1.0,0.0,0.0,0.0,0.0,0.0,0.0,0.0,0.0,0.0,0.0,0.0,0.0,0.0,0.0,0.0,0.0
approx_qft_n12,semi_real_qft,0,12,static,5,12,38,38,0,1.0,1.0,0,0,0,0.0,1.0,0.0,0.0,0.0,0.0,0.0,0.0,0.0,0.0,0.0,0.0,0.0,0.0,0.0,0.0,0.0,0.0
approx_qft_n12,semi_real_qft,0,12,capacity_aware,5,12,38,38,0,1.0,1.0,0,0,0,0.0,1.0,0.0,0.0,0.0,0.0,0.0,0.0,0.0,0.0,0.0,0.0,0.0,0.0,0.0,0.0,0.0,0.0
approx_qft_n12,semi_real_qft,0,12,smooth,5,12,38,38,0,1.0,1.0,0,0,0,0.0,1.0,0.0,0.0,0.0,0.0,0.0,0.0,0.0,0.0,0.0,0.0,0.0,0.0,0.0,0.0,0.0,0.0
approx_qft_n12,semi_real_qft,0,12,delivery_aware_v1,5,12,38,38,0,1.0,1.0,0,0,0,0.0,1.0,0.0,0.0,0.0,0.0,0.0,0.0,0.0,0.0,0.0,0.0,0.0,0.0,0.0,0.0,0.0,0.0
approx_qft_n12,semi_real_qft,0,12,delivery_aware_v2,5,12,38,38,0,1.0,1.0,0,0,0,0.0,1.0,0.0,0.0,0.0,0.0,0.0,0.0,0.0,0.0,0.0,0.0,0.0,0.0,0.0,0.0,0.0,0.0
larger_multiplier_n16,semi_real_multiplier_larger,0,16,static,1,0,82,296,214,3.6097560975609757,3.6097560975609757,214,81,214,143.70731707317074,1.0,0.0,-0.027777777777777776,-0.020689655172413793,-0.027777777777777776,0.0,-9.7,0.0,-9.7,0.0,-9.7,0.0,-9.7,0.0,-2.24,0.0,-2.24
larger_multiplier_n16,semi_real_multiplier_larger,0,16,capacity_aware,1,0,290,290,0,1.0,3.5365853658536586,0,0,0,0.0,3.5365853658536586,0.02027027027027027,-0.006944444444444444,0.0,-0.006944444444444444,1.0,1.0,0.0,1.0,1.0,1.0,0.0,1.0,1.0,1.0,0.0,1.0
larger_multiplier_n16,semi_real_multiplier_larger,0,16,smooth,1,0,268,288,20,1.0746268656716418,3.5121951219512195,20,25,20,0.9104477611940298,3.268292682926829,0.02702702702702703,0.0,0.006896551724137931,0.0,0.9065420560747663,0.0,0.0,0.0,0.9065420560747663,0.0,0.0,0.0,0.691358024691358,0.0,0.0,0.0
larger_multiplier_n16,semi_real_multiplier_larger,0,16,delivery_aware_v1,1,0,268,288,20,1.0746268656716418,3.5121951219512195,20,25,20,0.9216417910447762,3.268292682926829,0.02702702702702703,0.0,0.006896551724137931,0.0,0.9065420560747663,0.0,0.0,0.0,0.9065420560747663,0.0,0.0,0.0,0.691358024691358,0.0,0.0,0.0
larger_multiplier_n16,semi_real_multiplier_larger,0,16,delivery_aware_v2,1,0,268,288,20,1.0746268656716418,3.5121951219512195,20,25,20,0.9104477611940298,3.268292682926829,0.02702702702702703,0.0,0.006896551724137931,0.0,0.9065420560747663,0.0,0.0,0.0,0.9065420560747663,0.0,0.0,0.0,0.691358024691358,0.0,0.0,0.0
larger_multiplier_n16,semi_real_multiplier_larger,0,16,static,1,8,82,288,206,3.5121951219512195,3.5121951219512195,214,81,206,135.8048780487805,1.0,0.0,-0.02857142857142857,0.006896551724137931,-0.02857142857142857,0.0,-9.7,0.0,-9.7,0.0,-16.166666666666668,0.0,-16.166666666666668,0.0,-5.230769230769231,0.0,0.6772908366533864
larger_multiplier_n16,semi_real_multiplier_larger,0,16,capacity_aware,1,8,290,290,0,1.0,3.5365853658536586,0,0,0,0.0,3.5365853658536586,-0.006944444444444444,-0.03571428571428571,0.0,-0.03571428571428571,1.0,1.0,0.0,1.0,1.0,1.0,0.0,1.0,1.0,1.0,0.0,1.0
larger_multiplier_n16,semi_real_multiplier_larger,0,16,smooth,1,8,268,280,12,1.044776119402985,3.4146341463414633,20,13,12,0.30970149253731344,3.268292682926829,0.027777777777777776,0.0,0.034482758620689655,0.0,0.9065420560747663,0.0,0.0,0.0,0.941747572815534,0.0,0.0,0.0,0.8395061728395061,0.0,0.0,0.9482071713147411
larger_multiplier_n16,semi_real_multiplier_larger,0,16,delivery_aware_v1,1,8,268,280,12,1.044776119402985,3.4146341463414633,20,251,12,1.1977611940298507,3.268292682926829,0.027777777777777776,0.0,0.034482758620689655,0.0,0.9065420560747663,0.0,0.0,0.0,0.941747572815534,0.0,0.0,0.0,-2.0987654320987654,-18.307692307692307,0.0,0.0
larger_multiplier_n16,semi_real_multiplier_larger,0,16,delivery_aware_v2,1,8,268,280,12,1.044776119402985,3.4146341463414633,20,13,12,0.30970149253731344,3.268292682926829,0.027777777777777776,0.0,0.034482758620689655,0.0,0.9065420560747663,0.0,0.0,0.0,0.941747572815534,0.0,0.0,0.0,0.8395061728395061,0.0,0.0,0.9482071713147411
larger_multiplier_n16,semi_real_multiplier_larger,0,16,static,2,0,82,165,83,2.0121951219512195,2.0121951219512195,166,81,166,102.21951219512195,1.0,0.0,-0.057692307692307696,-0.03773584905660377,-0.057692307692307696,0.0,-2.9523809523809526,0.0,-2.9523809523809526,0.0,-2.9523809523809526,0.0,-2.9523809523809526,0.0,-1.6129032258064515,0.0,-1.6129032258064515
larger_multiplier_n16,semi_real_multiplier_larger,0,16,capacity_aware,2,0,159,159,0,1.0,1.9390243902439024,0,0,0,0.0,1.9390243902439024,0.03636363636363636,-0.019230769230769232,0.0,-0.019230769230769232,1.0,1.0,0.0,1.0,1.0,1.0,0.0,1.0,1.0,1.0,0.0,1.0
larger_multiplier_n16,semi_real_multiplier_larger,0,16,smooth,2,0,135,156,21,1.1555555555555554,1.9024390243902438,42,31,42,4.82962962962963,1.646341463414634,0.05454545454545454,0.0,0.018867924528301886,0.0,0.7469879518072289,0.0,0.0,0.0,0.7469879518072289,0.0,0.0,0.0,0.6172839506172839,0.0,0.0,0.0
larger_multiplier_n16,semi_real_multiplier_larger,0,16,delivery_aware_v1,2,0,135,156,21,1.1555555555555554,1.9024390243902438,42,31,42,4.948148148148148,1.646341463414634,0.05454545454545454,0.0,0.018867924528301886,0.0,0.7469879518072289,0.0,0.0,0.0,0.7469879518072289,0.0,0.0,0.0,0.6172839506172839,0.0,0.0,0.0
larger_multiplier_n16,semi_real_multiplier_larger,0,16,delivery_aware_v2,2,0,135,156,21,1.1555555555555554,1.9024390243902438,42,31,42,4.874074074074074,1.646341463414634,0.05454545454545454,0.0,0.018867924528301886,0.0,0.7469879518072289,0.0,0.0,0.0,0.7469879518072289,0.0,0.0,0.0,0.6172839506172839,0.0,0.0,0.0
larger_multiplier_n16,semi_real_multiplier_larger,0,16,static,2,8,82,161,79,1.9634146341463414,1.9634146341463414,166,80,158,94.32926829268293,1.0,0.0,-0.05921052631578947,-0.012578616352201259,-0.05921052631578947,0.0,-2.9523809523809526,0.0,-2.9523809523809526,0.0,-3.6470588235294117,0.0,-3.6470588235294117,0.0,-2.076923076923077,0.0,0.3442622950819672
larger_multiplier_n16,semi_real_multiplier_larger,0,16,capacity_aware,2,8,159,159,0,1.0,1.9390243902439024,0,0,0,0.0,1.9390243902439024,0.012422360248447204,-0.046052631578947366,0.0,-0.046052631578947366,1.0,1.0,0.0,1.0,1.0,1.0,0.0,1.0,1.0,1.0,0.0,1.0
larger_multiplier_n16,semi_real_multiplier_larger,0,16,smooth,2,8,135,152,17,1.125925925925926,1.853658536585366,42,26,34,3.088888888888889,1.646341463414634,0.055900621118012424,0.0,0.0440251572327044,0.0,0.7469879518072289,0.0,0.0,0.0,0.7848101265822784,0.0,0.0,0.0,0.675,0.0,0.0,0.7868852459016393
larger_multiplier_n16,semi_real_multiplier_larger,0,16,delivery_aware_v1,2,8,135,152,17,1.125925925925926,1.853658536585366,42,122,34,4.607407407407408,1.646341463414634,0.055900621118012424,0.0,0.0440251572327044,0.0,0.7469879518072289,0.0,0.0,0.0,0.7848101265822784,0.0,0.0,0.0,-0.525,-3.6923076923076925,0.0,0.0
larger_multiplier_n16,semi_real_multiplier_larger,0,16,delivery_aware_v2,2,8,135,152,17,1.125925925925926,1.853658536585366,42,26,34,3.1037037037037036,1.646341463414634,0.055900621118012424,0.0,0.0440251572327044,0.0,0.7469879518072289,0.0,0.0,0.0,0.7848101265822784,0.0,0.0,0.0,0.675,0.0,0.0,0.7868852459016393
larger_multiplier_n16,semi_real_multiplier_larger,0,16,static,3,0,82,122,40,1.4878048780487805,1.4878048780487805,118,81,118,60.73170731707317,1.0,0.0,-0.08928571428571429,-0.07017543859649122,-0.08928571428571429,0.0,-0.873015873015873,0.0,-0.873015873015873,0.0,-0.9047619047619048,0.0,-0.9047619047619048,0.0,-0.8,0.0,-0.7608695652173914
larger_multiplier_n16,semi_real_multiplier_larger,0,16,capacity_aware,3,0,114,114,0,1.0,1.3902439024390243,0,0,0,0.0,1.3902439024390243,0.06557377049180328,-0.017857142857142856,0.0,-0.017857142857142856,1.0,1.0,0.0,1.0,1.0,1.0,0.0,1.0,1.0,1.0,0.0,1.0
larger_multiplier_n16,semi_real_multiplier_larger,0,16,smooth,3,0,91,112,21,1.2307692307692308,1.3658536585365855,63,45,63,14.846153846153847,1.1097560975609757,0.08196721311475409,0.0,0.017543859649122806,0.0,0.4661016949152542,0.0,0.0,0.0,0.475,0.0,0.0,0.0,0.4444444444444444,0.0,0.0,0.021739130434782608
larger_multiplier_n16,semi_real_multiplier_larger,0,16,delivery_aware_v1,3,0,91,112,21,1.2307692307692308,1.3658536585365855,63,46,63,15.582417582417582,1.1097560975609757,0.08196721311475409,0.0,0.017543859649122806,0.0,0.4661016949152542,0.0,0.0,0.0,0.475,0.0,0.0,0.0,0.43209876543209874,-0.022222222222222223,0.0,0.0
larger_multiplier_n16,semi_real_multiplier_larger,0,16,delivery_aware_v2,3,0,91,112,21,1.2307692307692308,1.3658536585365855,63,45,63,15.0,1.1097560975609757,0.08196721311475409,0.0,0.017543859649122806,0.0,0.4661016949152542,0.0,0.0,0.0,0.475,0.0,0.0,0.0,0.4444444444444444,0.0,0.0,0.021739130434782608
larger_multiplier_n16,semi_real_multiplier_larger,0,16,static,3,8,82,119,37,1.451219512195122,1.451219512195122,118,78,110,52.9390243902439,1.0,0.0,-0.08181818181818182,-0.043859649122807015,-0.08181818181818182,0.0,-0.873015873015873,0.0,-0.873015873015873,0.0,-0.9473684210526315,0.0,-0.9473684210526315,0.0,-1.0526315789473684,0.0,-0.012987012987012988
larger_multiplier_n16,semi_real_multiplier_larger,0,16,capacity_aware,3,8,114,114,0,1.0,1.3902439024390243,0,0,0,0.0,1.3902439024390243,0.04201680672268908,-0.03636363636363636,0.0,-0.03636363636363636,1.0,1.0,0.0,1.0,1.0,1.0,0.0,1.0,1.0,1.0,0.0,1.0
larger_multiplier_n16,semi_real_multiplier_larger,0,16,smooth,3,8,91,110,19,1.2087912087912087,1.3414634146341464,63,38,55,11.142857142857142,1.1097560975609757,0.07563025210084033,0.0,0.03508771929824561,0.0,0.4661016949152542,0.0,0.0,0.0,0.4864864864864865,0.0,0.0,0.0,0.5128205128205128,0.0,0.0,0.5064935064935064
larger_multiplier_n16,semi_real_multiplier_larger,0,16,delivery_aware_v1,3,8,91,110,19,1.2087912087912087,1.3414634146341464,63,77,55,12.978021978021978,1.1097560975609757,0.07563025210084033,0.0,0.03508771929824561,0.0,0.4661016949152542,0.0,0.0,0.0,0.4864864864864865,0.0,0.0,0.0,0.01282051282051282,-1.0263157894736843,0.0,0.0
larger_multiplier_n16,semi_real_multiplier_larger,0,16,delivery_aware_v2,3,8,91,110,19,1.2087912087912087,1.3414634146341464,63,38,55,11.241758241758241,1.1097560975609757,0.07563025210084033,0.0,0.03508771929824561,0.0,0.4661016949152542,0.0,0.0,0.0,0.4864864864864865,0.0,0.0,0.0,0.5128205128205128,0.0,0.0,0.5064935064935064
phase_estimation_like_n10,semi_real_phase_estimation_like,0,10,static,1,0,42,71,29,1.6904761904761905,1.6904761904761905,29,41,29,16.333333333333332,1.0,0.0,-0.12698412698412698,-0.109375,-0.12698412698412698,0.0,-1.6363636363636365,0.0,-1.6363636363636365,0.0,-1.6363636363636365,0.0,-1.6363636363636365,0.0,-1.2777777777777777,0.0,-1.05
phase_estimation_like_n10,semi_real_phase_estimation_like,0,10,capacity_aware,1,0,64,64,0,1.0,1.5238095238095237,0,0,0,0.0,1.5238095238095237,0.09859154929577464,-0.015873015873015872,0.0,-0.015873015873015872,1.0,1.0,0.0,1.0,1.0,1.0,0.0,1.0,1.0,1.0,0.0,1.0
phase_estimation_like_n10,semi_real_phase_estimation_like,0,10,smooth,1,0,52,63,11,1.2115384615384615,1.5,11,18,11,1.9615384615384615,1.2380952380952381,0.11267605633802817,0.0,0.015625,0.0,0.6206896551724138,0.0,0.0,0.0,0.6206896551724138,0.0,0.0,0.0,0.5609756097560976,0.0,0.0,0.1
phase_estimation_like_n10,semi_real_phase_estimation_like,0,10,delivery_aware_v1,1,0,52,63,11,1.2115384615384615,1.5,11,20,11,2.173076923076923,1.2380952380952381,0.11267605633802817,0.0,0.015625,0.0,0.6206896551724138,0.0,0.0,0.0,0.6206896551724138,0.0,0.0,0.0,0.5121951219512195,-0.1111111111111111,0.0,0.0
phase_estimation_like_n10,semi_real_phase_estimation_like,0,10,delivery_aware_v2,1,0,52,63,11,1.2115384615384615,1.5,11,18,11,1.9615384615384615,1.2380952380952381,0.11267605633802817,0.0,0.015625,0.0,0.6206896551724138,0.0,0.0,0.0,0.6206896551724138,0.0,0.0,0.0,0.5609756097560976,0.0,0.0,0.1
phase_estimation_like_n10,semi_real_phase_estimation_like,0,10,static,1,8,42,63,21,1.5,1.5,29,36,21,8.666666666666666,1.0,0.0,-0.14545454545454545,0.015625,-0.14545454545454545,0.0,-1.6363636363636365,0.0,-1.6363636363636365,0.0,-6.0,0.0,-6.0,0.0,-8.0,0.0,-0.09090909090909091
phase_estimation_like_n10,semi_real_phase_estimation_like,0,10,capacity_aware,1,8,64,64,0,1.0,1.5238095238095237,0,0,0,0.0,1.5238095238095237,-0.015873015873015872,-0.16363636363636364,0.0,-0.16363636363636364,1.0,1.0,0.0,1.0,1.0,1.0,0.0,1.0,1.0,1.0,0.0,1.0
phase_estimation_like_n10,semi_real_phase_estimation_like,0,10,smooth,1,8,52,55,3,1.0576923076923077,1.3095238095238095,11,4,3,0.17307692307692307,1.2380952380952381,0.12698412698412698,0.0,0.140625,0.0,0.6206896551724138,0.0,0.0,0.0,0.8571428571428571,0.0,0.0,0.0,0.8888888888888888,0.0,0.0,0.8787878787878788
phase_estimation_like_n10,semi_real_phase_estimation_like,0,10,delivery_aware_v1,1,8,52,55,3,1.0576923076923077,1.3095238095238095,11,33,3,0.7307692307692307,1.2380952380952381,0.12698412698412698,0.0,0.140625,0.0,0.6206896551724138,0.0,0.0,0.0,0.8571428571428571,0.0,0.0,0.0,0.08333333333333333,-7.25,0.0,0.0
phase_estimation_like_n10,semi_real_phase_estimation_like,0,10,delivery_aware_v2,1,8,52,55,3,1.0576923076923077,1.3095238095238095,11,4,3,0.17307692307692307,1.2380952380952381,0.12698412698412698,0.0,0.140625,0.0,0.6206896551724138,0.0,0.0,0.0,0.8571428571428571,0.0,0.0,0.0,0.8888888888888888,0.0,0.0,0.8787878787878788
phase_estimation_like_n10,semi_real_phase_estimation_like,0,10,static,2,0,42,47,5,1.119047619047619,1.119047619047619,10,21,10,2.619047619047619,1.0,0.0,-0.11904761904761904,-0.11904761904761904,-0.11904761904761904,0.0,0.0,0.0,0.0,0.0,0.0,0.0,0.0,0.0,0.0,0.0,0.0
phase_estimation_like_n10,semi_real_phase_estimation_like,0,10,capacity_aware,2,0,42,42,0,1.0,1.0,0,0,0,0.0,1.0,0.10638297872340426,0.0,0.0,0.0,1.0,0.0,0.0,0.0,1.0,0.0,0.0,0.0,1.0,0.0,0.0,0.0
phase_estimation_like_n10,semi_real_phase_estimation_like,0,10,smooth,2,0,42,42,0,1.0,1.0,0,0,0,0.0,1.0,0.10638297872340426,0.0,0.0,0.0,1.0,0.0,0.0,0.0,1.0,0.0,0.0,0.0,1.0,0.0,0.0,0.0
phase_estimation_like_n10,semi_real_phase_estimation_like,0,10,delivery_aware_v1,2,0,42,42,0,1.0,1.0,0,0,0,0.0,1.0,0.10638297872340426,0.0,0.0,0.0,1.0,0.0,0.0,0.0,1.0,0.0,0.0,0.0,1.0,0.0,0.0,0.0
phase_estimation_like_n10,semi_real_phase_estimation_like,0,10,delivery_aware_v2,2,0,42,42,0,1.0,1.0,0,0,0,0.0,1.0,0.10638297872340426,0.0,0.0,0.0,1.0,0.0,0.0,0.0,1.0,0.0,0.0,0.0,1.0,0.0,0.0,0.0
phase_estimation_like_n10,semi_real_phase_estimation_like,0,10,static,2,8,42,43,1,1.0238095238095237,1.0238095238095237,10,2,2,0.09523809523809523,1.0,0.0,-0.023809523809523808,-0.023809523809523808,-0.023809523809523808,0.0,0.0,0.0,-0.25,0.0,0.0,0.0,0.0,0.0,0.0,0.0,0.0
phase_estimation_like_n10,semi_real_phase_estimation_like,0,10,capacity_aware,2,8,42,42,0,1.0,1.0,0,0,0,0.0,1.0,0.023255813953488372,0.0,0.0,0.0,1.0,0.0,0.0,1.0,1.0,0.0,0.0,0.0,1.0,0.0,0.0,0.0
phase_estimation_like_n10,semi_real_phase_estimation_like,0,10,smooth,2,8,42,42,0,1.0,1.0,0,0,0,0.0,1.0,0.023255813953488372,0.0,0.0,0.0,1.0,0.0,0.0,1.0,1.0,0.0,0.0,0.0,1.0,0.0,0.0,0.0
phase_estimation_like_n10,semi_real_phase_estimation_like,0,10,delivery_aware_v1,2,8,42,42,0,1.0,1.0,8,0,0,0.0,1.0,0.023255813953488372,0.0,0.0,0.0,0.2,0.0,0.0,0.0,1.0,0.0,0.0,0.0,1.0,0.0,0.0,0.0
phase_estimation_like_n10,semi_real_phase_estimation_like,0,10,delivery_aware_v2,2,8,42,42,0,1.0,1.0,1,0,0,0.0,1.0,0.023255813953488372,0.0,0.0,0.0,0.9,0.0,0.0,0.875,1.0,0.0,0.0,0.0,1.0,0.0,0.0,0.0
phase_estimation_like_n10,semi_real_phase_estimation_like,0,10,static,3,0,42,44,2,1.0476190476190477,1.0476190476190477,5,2,5,0.16666666666666666,1.0,0.0,-0.047619047619047616,-0.047619047619047616,-0.047619047619047616,0.0,0.0,0.0,0.0,0.0,0.0,0.0,0.0,0.0,0.0,0.0,0.0
phase_estimation_like_n10,semi_real_phase_estimation_like,0,10,capacity_aware,3,0,42,42,0,1.0,1.0,0,0,0,0.0,1.0,0.045454545454545456,0.0,0.0,0.0,1.0,0.0,0.0,0.0,1.0,0.0,0.0,0.0,1.0,0.0,0.0,0.0
phase_estimation_like_n10,semi_real_phase_estimation_like,0,10,smooth,3,0,42,42,0,1.0,1.0,0,0,0,0.0,1.0,0.045454545454545456,0.0,0.0,0.0,1.0,0.0,0.0,0.0,1.0,0.0,0.0,0.0,1.0,0.0,0.0,0.0
phase_estimation_like_n10,semi_real_phase_estimation_like,0,10,delivery_aware_v1,3,0,42,42,0,1.0,1.0,0,0,0,0.0,1.0,0.045454545454545456,0.0,0.0,0.0,1.0,0.0,0.0,0.0,1.0,0.0,0.0,0.0,1.0,0.0,0.0,0.0
phase_estimation_like_n10,semi_real_phase_estimation_like,0,10,delivery_aware_v2,3,0,42,42,0,1.0,1.0,0,0,0,0.0,1.0,0.045454545454545456,0.0,0.0,0.0,1.0,0.0,0.0,0.0,1.0,0.0,0.0,0.0,1.0,0.0,0.0,0.0
phase_estimation_like_n10,semi_real_phase_estimation_like,0,10,static,3,8,42,42,0,1.0,1.0,5,0,0,0.0,1.0,0.0,0.0,0.0,0.0,0.0,0.0,0.0,-4.0,0.0,0.0,0.0,0.0,0.0,0.0,0.0,0.0
phase_estimation_like_n10,semi_real_phase_estimation_like,0,10,capacity_aware,3,8,42,42,0,1.0,1.0,0,0,0,0.0,1.0,0.0,0.0,0.0,0.0,1.0,0.0,0.0,1.0,0.0,0.0,0.0,0.0,0.0,0.0,0.0,0.0
phase_estimation_like_n10,semi_real_phase_estimation_like,0,10,smooth,3,8,42,42,0,1.0,1.0,0,0,0,0.0,1.0,0.0,0.0,0.0,0.0,1.0,0.0,0.0,1.0,0.0,0.0,0.0,0.0,0.0,0.0,0.0,0.0
phase_estimation_like_n10,semi_real_phase_estimation_like,0,10,delivery_aware_v1,3,8,42,42,0,1.0,1.0,1,0,0,0.0,1.0,0.0,0.0,0.0,0.0,0.8,0.0,0.0,0.0,0.0,0.0,0.0,0.0,0.0,0.0,0.0,0.0
phase_estimation_like_n10,semi_real_phase_estimation_like,0,10,delivery_aware_v2,3,8,42,42,0,1.0,1.0,0,0,0,0.0,1.0,0.0,0.0,0.0,0.0,1.0,0.0,0.0,1.0,0.0,0.0,0.0,0.0,0.0,0.0,0.0,0.0
larger_exact_qft_n12,semi_real_qft_larger,0,12,static,1,0,38,84,46,2.210526315789474,2.210526315789474,46,35,46,32.13157894736842,1.0,0.0,-0.05,0.011764705882352941,-0.05,0.0,-4.75,0.0,-4.75,0.0,-4.75,0.0,-4.75,0.0,-1.0588235294117647,0.0,-0.9444444444444444
larger_exact_qft_n12,semi_real_qft_larger,0,12,capacity_aware,1,0,85,85,0,1.0,2.236842105263158,0,0,0,0.0,2.236842105263158,-0.011904761904761904,-0.0625,0.0,-0.0625,1.0,1.0,0.0,1.0,1.0,1.0,0.0,1.0,1.0,1.0,0.0,1.0
larger_exact_qft_n12,semi_real_qft_larger,0,12,smooth,1,0,72,80,8,1.1111111111111112,2.1052631578947367,8,17,8,1.1527777777777777,1.894736842105263,0.047619047619047616,0.0,0.058823529411764705,0.0,0.8260869565217391,0.0,0.0,0.0,0.8260869565217391,0.0,0.0,0.0,0.5142857142857142,0.0,0.0,0.05555555555555555
larger_exact_qft_n12,semi_real_qft_larger,0,12,delivery_aware_v1,1,0,72,80,8,1.1111111111111112,2.1052631578947367,8,18,8,1.2222222222222223,1.894736842105263,0.047619047619047616,0.0,0.058823529411764705,0.0,0.8260869565217391,0.0,0.0,0.0,0.8260869565217391,0.0,0.0,0.0,0.4857142857142857,-0.058823529411764705,0.0,0.0
larger_exact_qft_n12,semi_real_qft_larger,0,12,delivery_aware_v2,1,0,72,80,8,1.1111111111111112,2.1052631578947367,8,17,8,1.1527777777777777,1.894736842105263,0.047619047619047616,0.0,0.058823529411764705,0.0,0.8260869565217391,0.0,0.0,0.0,0.8260869565217391,0.0,0.0,0.0,0.5142857142857142,0.0,0.0,0.05555555555555555
larger_exact_qft_n12,semi_real_qft_larger,0,12,static,1,8,38,76,38,2.0,2.0,46,33,38,24.789473684210527,1.0,0.0,-0.05555555555555555,0.10588235294117647,-0.05555555555555555,0.0,-4.75,0.0,-4.111111111111111,0.0,0.0,0.0,-37.0,0.0,0.0,0.0,0.36538461538461536
larger_exact_qft_n12,semi_real_qft_larger,0,12,capacity_aware,1,8,85,85,0,1.0,2.236842105263158,0,0,0,0.0,2.236842105263158,-0.11842105263157894,-0.18055555555555555,0.0,-0.18055555555555555,1.0,1.0,0.0,1.0,1.0,0.0,0.0,1.0,1.0,0.0,0.0,1.0
larger_exact_qft_n12,semi_real_qft_larger,0,12,smooth,1,8,72,72,0,1.0,1.894736842105263,8,0,0,0.0,1.894736842105263,0.05263157894736842,0.0,0.15294117647058825,0.0,0.8260869565217391,0.0,0.0,0.1111111111111111,1.0,0.0,0.0,1.0,1.0,0.0,0.0,1.0
larger_exact_qft_n12,semi_real_qft_larger,0,12,delivery_aware_v1,1,8,71,72,1,1.0140845070422535,1.894736842105263,9,52,1,0.7323943661971831,1.868421052631579,0.05263157894736842,0.0,0.15294117647058825,0.0,0.8043478260869565,-0.125,0.0,0.0,0.9736842105263158,0.0,0.0,0.0,-0.5757575757575758,0.0,0.0,0.0
larger_exact_qft_n12,semi_real_qft_larger,0,12,delivery_aware_v2,1,8,72,72,0,1.0,1.894736842105263,8,0,0,0.0,1.894736842105263,0.05263157894736842,0.0,0.15294117647058825,0.0,0.8260869565217391,0.0,0.0,0.1111111111111111,1.0,0.0,0.0,1.0,1.0,0.0,0.0,1.0
larger_exact_qft_n12,semi_real_qft_larger,0,12,static,2,0,38,51,13,1.3421052631578947,1.3421052631578947,26,31,26,13.105263157894736,1.0,0.0,-0.0625,0.0,-0.0625,0.0,-0.3684210526315789,0.0,-0.3684210526315789,0.0,-0.3,0.0,-0.3,0.0,-0.2916666666666667,0.0,-0.24
larger_exact_qft_n12,semi_real_qft_larger,0,12,capacity_aware,2,0,51,51,0,1.0,1.3421052631578947,0,0,0,0.0,1.3421052631578947,0.0,-0.0625,0.0,-0.0625,1.0,1.0,0.0,1.0,1.0,1.0,0.0,1.0,1.0,1.0,0.0,1.0
larger_exact_qft_n12,semi_real_qft_larger,0,12,smooth,2,0,38,48,10,1.263157894736842,1.263157894736842,19,24,19,7.473684210526316,1.0,0.058823529411764705,0.0,0.058823529411764705,0.0,0.2692307692307692,0.0,0.0,0.0,0.23076923076923078,0.0,0.0,0.0,0.22580645161290322,0.0,0.0,0.04
larger_exact_qft_n12,semi_real_qft_larger,0,12,delivery_aware_v1,2,0,38,48,10,1.263157894736842,1.263157894736842,19,25,19,8.0,1.0,0.058823529411764705,0.0,0.058823529411764705,0.0,0.2692307692307692,0.0,0.0,0.0,0.23076923076923078,0.0,0.0,0.0,0.1935483870967742,-0.041666666666666664,0.0,0.0
larger_exact_qft_n12,semi_real_qft_larger,0,12,delivery_aware_v2,2,0,38,48,10,1.263157894736842,1.263157894736842,19,24,19,7.552631578947368,1.0,0.058823529411764705,0.0,0.058823529411764705,0.0,0.2692307692307692,0.0,0.0,0.0,0.23076923076923078,0.0,0.0,0.0,0.22580645161290322,0.0,0.0,0.04
larger_exact_qft_n12,semi_real_qft_larger,0,12,static,2,8,38,47,9,1.236842105263158,1.236842105263158,26,24,18,7.184210526315789,1.0,0.0,-0.06818181818181818,0.0784313725490196,-0.06818181818181818,0.0,-0.3684210526315789,0.0,-0.3684210526315789,0.0,-0.5,0.0,-0.5,0.0,-0.4117647058823529,0.0,-0.14285714285714285
larger_exact_qft_n12,semi_real_qft_larger,0,12,capacity_aware,2,8,51,51,0,1.0,1.3421052631578947,0,0,0,0.0,1.3421052631578947,-0.0851063829787234,-0.1590909090909091,0.0,-0.1590909090909091,1.0,1.0,0.0,1.0,1.0,1.0,0.0,1.0,1.0,1.0,0.0,1.0
larger_exact_qft_n12,semi_real_qft_larger,0,12,smooth,2,8,38,44,6,1.1578947368421053,1.1578947368421053,19,17,11,2.973684210526316,1.0,0.06382978723404255,0.0,0.13725490196078433,0.0,0.2692307692307692,0.0,0.0,0.0,0.3333333333333333,0.0,0.0,0.0,0.2916666666666667,0.0,0.0,0.19047619047619047
larger_exact_qft_n12,semi_real_qft_larger,0,12,delivery_aware_v1,2,8,38,44,6,1.1578947368421053,1.1578947368421053,19,21,11,3.5789473684210527,1.0,0.06382978723404255,0.0,0.13725490196078433,0.0,0.2692307692307692,0.0,0.0,0.0,0.3333333333333333,0.0,0.0,0.0,0.125,-0.23529411764705882,0.0,0.0
larger_exact_qft_n12,semi_real_qft_larger,0,12,delivery_aware_v2,2,8,38,44,6,1.1578947368421053,1.1578947368421053,19,17,11,3.026315789473684,1.0,0.06382978723404255,0.0,0.13725490196078433,0.0,0.2692307692307692,0.0,0.0,0.0,0.3333333333333333,0.0,0.0,0.0,0.2916666666666667,0.0,0.0,0.19047619047619047
larger_exact_qft_n12,semi_real_qft_larger,0,12,static,3,0,38,42,4,1.105263157894737,1.105263157894737,11,17,11,2.8421052631578947,1.0,0.0,-0.10526315789473684,-0.024390243902439025,-0.10526315789473684,0.0,0.0,0.0,0.0,0.0,0.0,0.0,0.0,0.0,0.0,0.0,0.0
larger_exact_qft_n12,semi_real_qft_larger,0,12,capacity_aware,3,0,41,41,0,1.0,1.0789473684210527,0,0,0,0.0,1.0789473684210527,0.023809523809523808,-0.07894736842105263,0.0,-0.07894736842105263,1.0,0.0,0.0,0.0,1.0,0.0,0.0,0.0,1.0,0.0,0.0,0.0
larger_exact_qft_n12,semi_real_qft_larger,0,12,smooth,3,0,38,38,0,1.0,1.0,0,0,0,0.0,1.0,0.09523809523809523,0.0,0.07317073170731707,0.0,1.0,0.0,0.0,0.0,1.0,0.0,0.0,0.0,1.0,0.0,0.0,0.0
larger_exact_qft_n12,semi_real_qft_larger,0,12,delivery_aware_v1,3,0,38,38,0,1.0,1.0,0,0,0,0.0,1.0,0.09523809523809523,0.0,0.07317073170731707,0.0,1.0,0.0,0.0,0.0,1.0,0.0,0.0,0.0,1.0,0.0,0.0,0.0
larger_exact_qft_n12,semi_real_qft_larger,0,12,delivery_aware_v2,3,0,38,38,0,1.0,1.0,0,0,0,0.0,1.0,0.09523809523809523,0.0,0.07317073170731707,0.0,1.0,0.0,0.0,0.0,1.0,0.0,0.0,0.0,1.0,0.0,0.0,0.0
larger_exact_qft_n12,semi_real_qft_larger,0,12,static,3,8,38,39,1,1.0263157894736843,1.0263157894736843,11,4,3,0.23684210526315788,1.0,0.0,-0.02631578947368421,0.04878048780487805,0.0,0.0,0.0,0.0,-0.1,0.0,0.0,0.0,0.0,0.0,0.0,0.0,-1.0
larger_exact_qft_n12,semi_real_qft_larger,0,12,capacity_aware,3,8,41,41,0,1.0,1.0789473684210527,0,0,0,0.0,1.0789473684210527,-0.05128205128205128,-0.07894736842105263,0.0,-0.05128205128205128,1.0,0.0,0.0,1.0,1.0,0.0,0.0,1.0,1.0,0.0,0.0,1.0
larger_exact_qft_n12,semi_real_qft_larger,0,12,smooth,3,8,38,38,0,1.0,1.0,0,0,0,0.0,1.0,0.02564102564102564,0.0,0.07317073170731707,0.02564102564102564,1.0,0.0,0.0,1.0,1.0,0.0,0.0,1.0,1.0,0.0,0.0,1.0
larger_exact_qft_n12,semi_real_qft_larger,0,12,delivery_aware_v1,3,8,38,39,1,1.0263157894736843,1.0263157894736843,10,2,2,0.10526315789473684,1.0,0.0,-0.02631578947368421,0.04878048780487805,0.0,0.09090909090909091,0.0,0.0,0.0,0.0,0.0,0.0,0.0,0.5,0.0,0.0,0.0
larger_exact_qft_n12,semi_real_qft_larger,0,12,delivery_aware_v2,3,8,38,38,0,1.0,1.0,0,0,0,0.0,1.0,0.02564102564102564,0.0,0.07317073170731707,0.02564102564102564,1.0,0.0,0.0,1.0,1.0,0.0,0.0,1.0,1.0,0.0,0.0,1.0
