workload,family,seed,n,schedule,B,epsilon,T_ref_type,T_ref,C_ref_star,achieved_T_exe,achieved_ratio_to_T_ref,T_static_at_C_ref_star,stall_cycles_at_C_ref_star,Delta_max_at_C_ref_star
constructed_high,high_compressibility,0,24,static,0,0.05,asap,80,,,,,,
constructed_high,high_compressibility,0,24,capacity_aware,0,0.05,asap,80,,,,,,
constructed_high,high_compressibility,0,24,smooth,0,0.05,asap,80,1,80,1.0,80,0,0
constructed_high,high_compressibility,0,24,delivery_aware_v1,0,0.05,asap,80,1,80,1.0,80,0,0
constructed_high,high_compressibility,0,24,delivery_aware_v2,0,0.05,asap,80,1,80,1.0,80,0,0
constructed_high,high_compressibility,0,24,static,0,0.05,best,80,,,,,,
constructed_high,high_compressibility,0,24,capacity_aware,0,0.05,best,80,,,,,,
constructed_high,high_compressibility,0,24,smooth,0,0.05,best,80,1,80,1.0,80,0,0
constructed_high,high_compressibility,0,24,delivery_aware_v1,0,0.05,best,80,1,80,1.0,80,0,0
constructed_high,high_compressibility,0,24,delivery_aware_v2,0,0.05,best,80,1,80,1.0,80,0,0
constructed_high,high_compressibility,0,24,static,0,0.1,asap,80,7,87,1.0875,80,7,47
constructed_high,high_compressibility,0,24,capacity_aware,0,0.1,asap,80,7,88,1.1,88,0,0
constructed_high,high_compressibility,0,24,smooth,0,0.1,asap,80,1,80,1.0,80,0,0
constructed_high,high_compressibility,0,24,delivery_aware_v1,0,0.1,asap,80,1,80,1.0,80,0,0
constructed_high,high_compressibility,0,24,delivery_aware_v2,0,0.1,asap,80,1,80,1.0,80,0,0
constructed_high,high_compressibility,0,24,static,0,0.1,best,80,7,87,1.0875,80,7,47
constructed_high,high_compressibility,0,24,capacity_aware,0,0.1,best,80,7,88,1.1,88,0,0
constructed_high,high_compressibility,0,24,smooth,0,0.1,best,80,1,80,1.0,80,0,0
constructed_high,high_compressibility,0,24,delivery_aware_v1,0,0.1,best,80,1,80,1.0,80,0,0
constructed_high,high_compressibility,0,24,delivery_aware_v2,0,0.1,best,80,1,80,1.0,80,0,0
constructed_high,high_compressibility,0,24,static,4,0.05,asap,80,10,84,1.05,80,4,41
constructed_high,high_compressibility,0,24,capacity_aware,4,0.05,asap,80,,,,,,
constructed_high,high_compressibility,0,24,smooth,4,0.05,asap,80,1,80,1.0,80,0,0
constructed_high,high_compressibility,0,24,delivery_aware_v1,4,0.05,asap,80,1,81,1.0125,80,1,5
constructed_high,high_compressibility,0,24,delivery_aware_v2,4,0.05,asap,80,1,80,1.0,80,0,0
constructed_high,high_compressibility,0,24,static,4,0.05,best,80,10,84,1.05,80,4,41
constructed_high,high_compressibility,0,24,capacity_aware,4,0.05,best,80,,,,,,
constructed_high,high_compressibility,0,24,smooth,4,0.05,best,80,1,80,1.0,80,0,0
constructed_high,high_compressibility,0,24,delivery_aware_v1,4,0.05,best,80,1,81,1.0125,80,1,5
constructed_high,high_compressibility,0,24,delivery_aware_v2,4,0.05,best,80,1,80,1.0,80,0,0
constructed_high,high_compressibility,0,24,static,4,0.1,asap,80,6,88,1.1,80,8,49
constructed_high,high_compressibility,0,24,capacity_aware,4,0.1,asap,80,7,88,1.1,88,0,0
constructed_high,high_compressibility,0,24,smooth,4,0.1,asap,80,1,80,1.0,80,0,0
constructed_high,high_compressibility,0,24,delivery_aware_v1,4,0.1,asap,80,1,81,1.0125,80,1,5
constructed_high,high_compressibility,0,24,delivery_aware_v2,4,0.1,asap,80,1,80,1.0,80,0,0
constructed_high,high_compressibility,0,24,static,4,0.1,best,80,6,88,1.1,80,8,49
constructed_high,high_compressibility,0,24,capacity_aware,4,0.1,best,80,7,88,1.1,88,0,0
constructed_high,high_compressibility,0,24,smooth,4,0.1,best,80,1,80,1.0,80,0,0
constructed_high,high_compressibility,0,24,delivery_aware_v1,4,0.1,best,80,1,81,1.0125,80,1,5
constructed_high,high_compressibility,0,24,delivery_aware_v2,4,0.1,best,80,1,80,1.0,80,0,0
constructed_high,high_compressibility,0,24,static,8,0.05,asap,80,9,84,1.05,80,4,43
constructed_high,high_compressibility,0,24,capacity_aware,8,0.05,asap,80,,,,,,
constructed_high,high_compressibility,0,24,smooth,8,0.05,asap,80,1,80,1.0,80,0,0
constructed_high,high_compressibility,0,24,delivery_aware_v1,8,0.05,asap,80,1,81,1.0125,80,1,9
constructed_high,high_compressibility,0,24,delivery_aware_v2,8,0.05,asap,80,1,80,1.0,80,0,0
constructed_high,high_compressibility,0,24,static,8,0.05,best,80,9,84,1.05,80,4,43
constructed_high,high_compressibility,0,24,capacity_aware,8,0.05,best,80,,,,,,
constructed_high,high_compressibility,0,24,smooth,8,0.05,best,80,1,80,1.0,80,0,0
constructed_high,high_compressibility,0,24,delivery_aware_v1,8,0.05,best,80,1,81,1.0125,80,1,9
constructed_high,high_compressibility,0,24,delivery_aware_v2,8,0.05,best,80,1,80,1.0,80,0,0
constructed_high,high_compressibility,0,24,static,8,0.1,asap,80,6,87,1.0875,80,7,49
constructed_high,high_compressibility,0,24,capacity_aware,8,0.1,asap,80,7,88,1.1,88,0,0
constructed_high,high_compressibility,0,24,smooth,8,0.1,asap,80,1,80,1.0,80,0,0
constructed_high,high_compressibility,0,24,delivery_aware_v1,8,0.1,asap,80,1,81,1.0125,80,1,9
constructed_high,high_compressibility,0,24,delivery_aware_v2,8,0.1,asap,80,1,80,1.0,80,0,0
constructed_high,high_compressibility,0,24,static,8,0.1,best,80,6,87,1.0875,80,7,49
constructed_high,high_compressibility,0,24,capacity_aware,8,0.1,best,80,7,88,1.1,88,0,0
constructed_high,high_compressibility,0,24,smooth,8,0.1,best,80,1,80,1.0,80,0,0
constructed_high,high_compressibility,0,24,delivery_aware_v1,8,0.1,best,80,1,81,1.0125,80,1,9
constructed_high,high_compressibility,0,24,delivery_aware_v2,8,0.1,best,80,1,80,1.0,80,0,0
constructed_high,high_compressibility,0,24,static,12,0.05,asap,80,9,84,1.05,80,4,43
constructed_high,high_compressibility,0,24,capacity_aware,12,0.05,asap,80,,,,,,
constructed_high,high_compressibility,0,24,smooth,12,0.05,asap,80,1,80,1.0,80,0,0
constructed_high,high_compressibility,0,24,delivery_aware_v1,12,0.05,asap,80,1,81,1.0125,80,1,13
constructed_high,high_compressibility,0,24,delivery_aware_v2,12,0.05,asap,80,1,80,1.0,80,0,0
constructed_high,high_compressibility,0,24,static,12,0.05,best,80,9,84,1.05,80,4,43
constructed_high,high_compressibility,0,24,capacity_aware,12,0.05,best,80,,,,,,
constructed_high,high_compressibility,0,24,smooth,12,0.05,best,80,1,80,1.0,80,0,0
constructed_high,high_compressibility,0,24,delivery_aware_v1,12,0.05,best,80,1,81,1.0125,80,1,13
constructed_high,high_compressibility,0,24,delivery_aware_v2,12,0.05,best,80,1,80,1.0,80,0,0
constructed_high,high_compressibility,0,24,static,12,0.1,asap,80,5,88,1.1,80,8,51
constructed_high,high_compressibility,0,24,capacity_aware,12,0.1,asap,80,7,88,1.1,88,0,0
constructed_high,high_compressibility,0,24,smooth,12,0.1,asap,80,1,80,1.0,80,0,0
constructed_high,high_compressibility,0,24,delivery_aware_v1,12,0.1,asap,80,1,81,1.0125,80,1,13
constructed_high,high_compressibility,0,24,delivery_aware_v2,12,0.1,asap,80,1,80,1.0,80,0,0
constructed_high,high_compressibility,0,24,static,12,0.1,best,80,5,88,1.1,80,8,51
constructed_high,high_compressibility,0,24,capacity_aware,12,0.1,best,80,7,88,1.1,88,0,0
constructed_high,high_compressibility,0,24,smooth,12,0.1,best,80,1,80,1.0,80,0,0
constructed_high,high_compressibility,0,24,delivery_aware_v1,12,0.1,best,80,1,81,1.0125,80,1,13
constructed_high,high_compressibility,0,24,delivery_aware_v2,12,0.1,best,80,1,80,1.0,80,0,0
constructed_medium,medium_compressibility,0,24,static,0,0.05,asap,73,2,75,1.0273972602739727,73,2,4
constructed_medium,medium_compressibility,0,24,capacity_aware,0,0.05,asap,73,4,75,1.0273972602739727,75,0,0
constructed_medium,medium_compressibility,0,24,smooth,0,0.05,asap,73,2,73,1.0,73,0,0
constructed_medium,medium_compressibility,0,24,delivery_aware_v1,0,0.05,asap,73,2,73,1.0,73,0,0
constructed_medium,medium_compressibility,0,24,delivery_aware_v2,0,0.05,asap,73,2,73,1.0,73,0,0
constructed_medium,medium_compressibility,0,24,static,0,0.05,best,73,2,75,1.0273972602739727,73,2,4
constructed_medium,medium_compressibility,0,24,capacity_aware,0,0.05,best,73,4,75,1.0273972602739727,75,0,0
constructed_medium,medium_compressibility,0,24,smooth,0,0.05,best,73,2,73,1.0,73,0,0
constructed_medium,medium_compressibility,0,24,delivery_aware_v1,0,0.05,best,73,2,73,1.0,73,0,0
constructed_medium,medium_compressibility,0,24,delivery_aware_v2,0,0.05,best,73,2,73,1.0,73,0,0
constructed_medium,medium_compressibility,0,24,static,0,0.1,asap,73,2,75,1.0273972602739727,73,2,4
constructed_medium,medium_compressibility,0,24,capacity_aware,0,0.1,asap,73,3,78,1.0684931506849316,78,0,0
constructed_medium,medium_compressibility,0,24,smooth,0,0.1,asap,73,2,73,1.0,73,0,0
constructed_medium,medium_compressibility,0,24,delivery_aware_v1,0,0.1,asap,73,2,73,1.0,73,0,0
constructed_medium,medium_compressibility,0,24,delivery_aware_v2,0,0.1,asap,73,2,73,1.0,73,0,0
constructed_medium,medium_compressibility,0,24,static,0,0.1,best,73,2,75,1.0273972602739727,73,2,4
constructed_medium,medium_compressibility,0,24,capacity_aware,0,0.1,best,73,3,78,1.0684931506849316,78,0,0
constructed_medium,medium_compressibility,0,24,smooth,0,0.1,best,73,2,73,1.0,73,0,0
constructed_medium,medium_compressibility,0,24,delivery_aware_v1,0,0.1,best,73,2,73,1.0,73,0,0
constructed_medium,medium_compressibility,0,24,delivery_aware_v2,0,0.1,best,73,2,73,1.0,73,0,0
constructed_medium,medium_compressibility,0,24,static,4,0.05,asap,73,2,73,1.0,73,0,4
constructed_medium,medium_compressibility,0,24,capacity_aware,4,0.05,asap,73,4,75,1.0273972602739727,75,0,0
constructed_medium,medium_compressibility,0,24,smooth,4,0.05,asap,73,2,73,1.0,73,0,0
constructed_medium,medium_compressibility,0,24,delivery_aware_v1,4,0.05,asap,73,2,73,1.0,73,0,0
constructed_medium,medium_compressibility,0,24,delivery_aware_v2,4,0.05,asap,73,2,73,1.0,73,0,0
constructed_medium,medium_compressibility,0,24,static,4,0.05,best,73,2,73,1.0,73,0,4
constructed_medium,medium_compressibility,0,24,capacity_aware,4,0.05,best,73,4,75,1.0273972602739727,75,0,0
constructed_medium,medium_compressibility,0,24,smooth,4,0.05,best,73,2,73,1.0,73,0,0
constructed_medium,medium_compressibility,0,24,delivery_aware_v1,4,0.05,best,73,2,73,1.0,73,0,0
constructed_medium,medium_compressibility,0,24,delivery_aware_v2,4,0.05,best,73,2,73,1.0,73,0,0
constructed_medium,medium_compressibility,0,24,static,4,0.1,asap,73,2,73,1.0,73,0,4
constructed_medium,medium_compressibility,0,24,capacity_aware,4,0.1,asap,73,3,78,1.0684931506849316,78,0,0
constructed_medium,medium_compressibility,0,24,smooth,4,0.1,asap,73,2,73,1.0,73,0,0
constructed_medium,medium_compressibility,0,24,delivery_aware_v1,4,0.1,asap,73,2,73,1.0,73,0,0
constructed_medium,medium_compressibility,0,24,delivery_aware_v2,4,0.1,asap,73,2,73,1.0,73,0,0
constructed_medium,medium_compressibility,0,24,static,4,0.1,best,73,2,73,1.0,73,0,4
constructed_medium,medium_compressibility,0,24,capacity_aware,4,0.1,best,73,3,78,1.0684931506849316,78,0,0
constructed_medium,medium_compressibility,0,24,smooth,4,0.1,best,73,2,73,1.0,73,0,0
constructed_medium,medium_compressibility,0,24,delivery_aware_v1,4,0.1,best,73,2,73,1.0,73,0,0
constructed_medium,medium_compressibility,0,24,delivery_aware_v2,4,0.1,best,73,2,73,1.0,73,0,0
constructed_medium,medium_compressibility,0,24,static,8,0.05,asap,73,2,73,1.0,73,0,4
constructed_medium,medium_compressibility,0,24,capacity_aware,8,0.05,asap,73,4,75,1.0273972602739727,75,0,0
constructed_medium,medium_compressibility,0,24,smooth,8,0.05,asap,73,2,73,1.0,73,0,0
constructed_medium,medium_compressibility,0,24,delivery_aware_v1,8,0.05,asap,73,2,73,1.0,73,0,2
constructed_medium,medium_compressibility,0,24,delivery_aware_v2,8,0.05,asap,73,2,73,1.0,73,0,0
constructed_medium,medium_compressibility,0,24,static,8,0.05,best,73,2,73,1.0,73,0,4
constructed_medium,medium_compressibility,0,24,capacity_aware,8,0.05,best,73,4,75,1.0273972602739727,75,0,0
constructed_medium,medium_compressibility,0,24,smooth,8,0.05,best,73,2,73,1.0,73,0,0
constructed_medium,medium_compressibility,0,24,delivery_aware_v1,8,0.05,best,73,2,73,1.0,73,0,2
constructed_medium,medium_compressibility,0,24,delivery_aware_v2,8,0.05,best,73,2,73,1.0,73,0,0
constructed_medium,medium_compressibility,0,24,static,8,0.1,asap,73,2,73,1.0,73,0,4
constructed_medium,medium_compressibility,0,24,capacity_aware,8,0.1,asap,73,3,78,1.0684931506849316,78,0,0
constructed_medium,medium_compressibility,0,24,smooth,8,0.1,asap,73,1,79,1.082191780821918,73,6,14
constructed_medium,medium_compressibility,0,24,delivery_aware_v1,8,0.1,asap,73,1,79,1.082191780821918,73,6,14
constructed_medium,medium_compressibility,0,24,delivery_aware_v2,8,0.1,asap,73,1,79,1.082191780821918,73,6,14
constructed_medium,medium_compressibility,0,24,static,8,0.1,best,73,2,73,1.0,73,0,4
constructed_medium,medium_compressibility,0,24,capacity_aware,8,0.1,best,73,3,78,1.0684931506849316,78,0,0
constructed_medium,medium_compressibility,0,24,smooth,8,0.1,best,73,1,79,1.082191780821918,73,6,14
constructed_medium,medium_compressibility,0,24,delivery_aware_v1,8,0.1,best,73,1,79,1.082191780821918,73,6,14
constructed_medium,medium_compressibility,0,24,delivery_aware_v2,8,0.1,best,73,1,79,1.082191780821918,73,6,14
constructed_medium,medium_compressibility,0,24,static,12,0.05,asap,73,2,73,1.0,73,0,4
constructed_medium,medium_compressibility,0,24,capacity_aware,12,0.05,asap,73,4,75,1.0273972602739727,75,0,0
constructed_medium,medium_compressibility,0,24,smooth,12,0.05,asap,73,1,75,1.0273972602739727,73,2,14
constructed_medium,medium_compressibility,0,24,delivery_aware_v1,12,0.05,asap,73,1,75,1.0273972602739727,73,2,14
constructed_medium,medium_compressibility,0,24,delivery_aware_v2,12,0.05,asap,73,1,75,1.0273972602739727,73,2,14
constructed_medium,medium_compressibility,0,24,static,12,0.05,best,73,2,73,1.0,73,0,4
constructed_medium,medium_compressibility,0,24,capacity_aware,12,0.05,best,73,4,75,1.0273972602739727,75,0,0
constructed_medium,medium_compressibility,0,24,smooth,12,0.05,best,73,1,75,1.0273972602739727,73,2,14
constructed_medium,medium_compressibility,0,24,delivery_aware_v1,12,0.05,best,73,1,75,1.0273972602739727,73,2,14
constructed_medium,medium_compressibility,0,24,delivery_aware_v2,12,0.05,best,73,1,75,1.0273972602739727,73,2,14
constructed_medium,medium_compressibility,0,24,static,12,0.1,asap,73,2,73,1.0,73,0,4
constructed_medium,medium_compressibility,0,24,capacity_aware,12,0.1,asap,73,3,78,1.0684931506849316,78,0,0
constructed_medium,medium_compressibility,0,24,smooth,12,0.1,asap,73,1,75,1.0273972602739727,73,2,14
constructed_medium,medium_compressibility,0,24,delivery_aware_v1,12,0.1,asap,73,1,75,1.0273972602739727,73,2,14
constructed_medium,medium_compressibility,0,24,delivery_aware_v2,12,0.1,asap,73,1,75,1.0273972602739727,73,2,14
constructed_medium,medium_compressibility,0,24,static,12,0.1,best,73,2,73,1.0,73,0,4
constructed_medium,medium_compressibility,0,24,capacity_aware,12,0.1,best,73,3,78,1.0684931506849316,78,0,0
constructed_medium,medium_compressibility,0,24,smooth,12,0.1,best,73,1,75,1.0273972602739727,73,2,14
constructed_medium,medium_compressibility,0,24,delivery_aware_v1,12,0.1,best,73,1,75,1.0273972602739727,73,2,14
constructed_medium,medium_compressibility,0,24,delivery_aware_v2,12,0.1,best,73,1,75,1.0273972602739727,73,2,14
constructed_low,low_compressibility,0,24,static,0,0.05,asap,110,1,110,1.0,110,0,0
constructed_low,low_compressibility,0,24,capacity_aware,0,0.05,asap,110,1,110,1.0,110,0,0
constructed_low,low_compressibility,0,24,smooth,0,0.05,asap,110,1,110,1.0,110,0,0
constructed_low,low_compressibility,0,24,delivery_aware_v1,0,0.05,asap,110,1,110,1.0,110,0,0
constructed_low,low_compressibility,0,24,delivery_aware_v2,0,0.05,asap,110,1,110,1.0,110,0,0
constructed_low,low_compressibility,0,24,static,0,0.05,best,110,1,110,1.0,110,0,0
constructed_low,low_compressibility,0,24,capacity_aware,0,0.05,best,110,1,110,1.0,110,0,0
constructed_low,low_compressibility,0,24,smooth,0,0.05,best,110,1,110,1.0,110,0,0
constructed_low,low_compressibility,0,24,delivery_aware_v1,0,0.05,best,110,1,110,1.0,110,0,0
constructed_low,low_compressibility,0,24,delivery_aware_v2,0,0.05,best,110,1,110,1.0,110,0,0
constructed_low,low_compressibility,0,24,static,0,0.1,asap,110,1,110,1.0,110,0,0
constructed_low,low_compressibility,0,24,capacity_aware,0,0.1,asap,110,1,110,1.0,110,0,0
constructed_low,low_compressibility,0,24,smooth,0,0.1,asap,110,1,110,1.0,110,0,0
constructed_low,low_compressibility,0,24,delivery_aware_v1,0,0.1,asap,110,1,110,1.0,110,0,0
constructed_low,low_compressibility,0,24,delivery_aware_v2,0,0.1,asap,110,1,110,1.0,110,0,0
constructed_low,low_compressibility,0,24,static,0,0.1,best,110,1,110,1.0,110,0,0
constructed_low,low_compressibility,0,24,capacity_aware,0,0.1,best,110,1,110,1.0,110,0,0
constructed_low,low_compressibility,0,24,smooth,0,0.1,best,110,1,110,1.0,110,0,0
constructed_low,low_compressibility,0,24,delivery_aware_v1,0,0.1,best,110,1,110,1.0,110,0,0
constructed_low,low_compressibility,0,24,delivery_aware_v2,0,0.1,best,110,1,110,1.0,110,0,0
constructed_low,low_compressibility,0,24,static,4,0.05,asap,110,1,110,1.0,110,0,0
constructed_low,low_compressibility,0,24,capacity_aware,4,0.05,asap,110,1,110,1.0,110,0,0
constructed_low,low_compressibility,0,24,smooth,4,0.05,asap,110,1,110,1.0,110,0,0
constructed_low,low_compressibility,0,24,delivery_aware_v1,4,0.05,asap,110,1,110,1.0,110,0,0
constructed_low,low_compressibility,0,24,delivery_aware_v2,4,0.05,asap,110,1,110,1.0,110,0,0
constructed_low,low_compressibility,0,24,static,4,0.05,best,110,1,110,1.0,110,0,0
constructed_low,low_compressibility,0,24,capacity_aware,4,0.05,best,110,1,110,1.0,110,0,0
constructed_low,low_compressibility,0,24,smooth,4,0.05,best,110,1,110,1.0,110,0,0
constructed_low,low_compressibility,0,24,delivery_aware_v1,4,0.05,best,110,1,110,1.0,110,0,0
constructed_low,low_compressibility,0,24,delivery_aware_v2,4,0.05,best,110,1,110,1.0,110,0,0
constructed_low,low_compressibility,0,24,static,4,0.1,asap,110,1,110,1.0,110,0,0
constructed_low,low_compressibility,0,24,capacity_aware,4,0.1,asap,110,1,110,1.0,110,0,0
constructed_low,low_compressibility,0,24,smooth,4,0.1,asap,110,1,110,1.0,110,0,0
constructed_low,low_compressibility,0,24,delivery_aware_v1,4,0.1,asap,110,1,110,1.0,110,0,0
constructed_low,low_compressibility,0,24,delivery_aware_v2,4,0.1,asap,110,1,110,1.0,110,0,0
constructed_low,low_compressibility,0,24,static,4,0.1,best,110,1,110,1.0,110,0,0
constructed_low,low_compressibility,0,24,capacity_aware,4,0.1,best,110,1,110,1.0,110,0,0
constructed_low,low_compressibility,0,24,smooth,4,0.1,best,110,1,110,1.0,110,0,0
constructed_low,low_compressibility,0,24,delivery_aware_v1,4,0.1,best,110,1,110,1.0,110,0,0
constructed_low,low_compressibility,0,24,delivery_aware_v2,4,0.1,best,110,1,110,1.0,110,0,0
constructed_low,low_compressibility,0,24,static,8,0.05,asap,110,1,110,1.0,110,0,0
constructed_low,low_compressibility,0,24,capacity_aware,8,0.05,asap,110,1,110,1.0,110,0,0
constructed_low,low_compressibility,0,24,smooth,8,0.05,asap,110,1,110,1.0,110,0,0
constructed_low,low_compressibility,0,24,delivery_aware_v1,8,0.05,asap,110,1,110,1.0,110,0,0
constructed_low,low_compressibility,0,24,delivery_aware_v2,8,0.05,asap,110,1,110,1.0,110,0,0
constructed_low,low_compressibility,0,24,static,8,0.05,best,110,1,110,1.0,110,0,0
constructed_low,low_compressibility,0,24,capacity_aware,8,0.05,best,110,1,110,1.0,110,0,0
constructed_low,low_compressibility,0,24,smooth,8,0.05,best,110,1,110,1.0,110,0,0
constructed_low,low_compressibility,0,24,delivery_aware_v1,8,0.05,best,110,1,110,1.0,110,0,0
constructed_low,low_compressibility,0,24,delivery_aware_v2,8,0.05,best,110,1,110,1.0,110,0,0
constructed_low,low_compressibility,0,24,static,8,0.1,asap,110,1,110,1.0,110,0,0
constructed_low,low_compressibility,0,24,capacity_aware,8,0.1,asap,110,1,110,1.0,110,0,0
constructed_low,low_compressibility,0,24,smooth,8,0.1,asap,110,1,110,1.0,110,0,0
constructed_low,low_compressibility,0,24,delivery_aware_v1,8,0.1,asap,110,1,110,1.0,110,0,0
constructed_low,low_compressibility,0,24,delivery_aware_v2,8,0.1,asap,110,1,110,1.0,110,0,0
constructed_low,low_compressibility,0,24,static,8,0.1,best,110,1,110,1.0,110,0,0
constructed_low,low_compressibility,0,24,capacity_aware,8,0.1,best,110,1,110,1.0,110,0,0
constructed_low,low_compressibility,0,24,smooth,8,0.1,best,110,1,110,1.0,110,0,0
constructed_low,low_compressibility,0,24,delivery_aware_v1,8,0.1,best,110,1,110,1.0,110,0,0
constructed_low,low_compressibility,0,24,delivery_aware_v2,8,0.1,best,110,1,110,1.0,110,0,0
constructed_low,low_compressibility,0,24,static,12,0.05,asap,110,1,110,1.0,110,0,0
constructed_low,low_compressibility,0,24,capacity_aware,12,0.05,asap,110,1,110,1.0,110,0,0
constructed_low,low_compressibility,0,24,smooth,12,0.05,asap,110,1,110,1.0,110,0,0
constructed_low,low_compressibility,0,24,delivery_aware_v1,12,0.05,asap,110,1,110,1.0,110,0,0
constructed_low,low_compressibility,0,24,delivery_aware_v2,12,0.05,asap,110,1,110,1.0,110,0,0
constructed_low,low_compressibility,0,24,static,12,0.05,best,110,1,110,1.0,110,0,0
constructed_low,low_compressibility,0,24,capacity_aware,12,0.05,best,110,1,110,1.0,110,0,0
constructed_low,low_compressibility,0,24,smooth,12,0.05,best,110,1,110,1.0,110,0,0
constructed_low,low_compressibility,0,24,delivery_aware_v1,12,0.05,best,110,1,110,1.0,110,0,0
constructed_low,low_compressibility,0,24,delivery_aware_v2,12,0.05,best,110,1,110,1.0,110,0,0
constructed_low,low_compressibility,0,24,static,12,0.1,asap,110,1,110,1.0,110,0,0
constructed_low,low_compressibility,0,24,capacity_aware,12,0.1,asap,110,1,110,1.0,110,0,0
constructed_low,low_compressibility,0,24,smooth,12,0.1,asap,110,1,110,1.0,110,0,0
constructed_low,low_compressibility,0,24,delivery_aware_v1,12,0.1,asap,110,1,110,1.0,110,0,0
constructed_low,low_compressibility,0,24,delivery_aware_v2,12,0.1,asap,110,1,110,1.0,110,0,0
constructed_low,low_compressibility,0,24,static,12,0.1,best,110,1,110,1.0,110,0,0
constructed_low,low_compressibility,0,24,capacity_aware,12,0.1,best,110,1,110,1.0,110,0,0
constructed_low,low_compressibility,0,24,smooth,12,0.1,best,110,1,110,1.0,110,0,0
constructed_low,low_compressibility,0,24,delivery_aware_v1,12,0.1,best,110,1,110,1.0,110,0,0
constructed_low,low_compressibility,0,24,delivery_aware_v2,12,0.1,best,110,1,110,1.0,110,0,0
constructed_high,high_compressibility,1,24,static,0,0.05,asap,76,,,,,,
constructed_high,high_compressibility,1,24,capacity_aware,0,0.05,asap,76,,,,,,
constructed_high,high_compressibility,1,24,smooth,0,0.05,asap,76,1,76,1.0,76,0,0
constructed_high,high_compressibility,1,24,delivery_aware_v1,0,0.05,asap,76,1,76,1.0,76,0,0
constructed_high,high_compressibility,1,24,delivery_aware_v2,0,0.05,asap,76,1,76,1.0,76,0,0
constructed_high,high_compressibility,1,24,static,0,0.05,best,76,,,,,,
constructed_high,high_compressibility,1,24,capacity_aware,0,0.05,best,76,,,,,,
constructed_high,high_compressibility,1,24,smooth,0,0.05,best,76,1,76,1.0,76,0,0
constructed_high,high_compressibility,1,24,delivery_aware_v1,0,0.05,best,76,1,76,1.0,76,0,0
constructed_high,high_compressibility,1,24,delivery_aware_v2,0,0.05,best,76,1,76,1.0,76,0,0
constructed_high,high_compressibility,1,24,static,0,0.1,asap,76,7,83,1.0921052631578947,76,7,44
constructed_high,high_compressibility,1,24,capacity_aware,0,0.1,asap,76,8,83,1.0921052631578947,83,0,0
constructed_high,high_compressibility,1,24,smooth,0,0.1,asap,76,1,76,1.0,76,0,0
constructed_high,high_compressibility,1,24,delivery_aware_v1,0,0.1,asap,76,1,76,1.0,76,0,0
constructed_high,high_compressibility,1,24,delivery_aware_v2,0,0.1,asap,76,1,76,1.0,76,0,0
constructed_high,high_compressibility,1,24,static,0,0.1,best,76,7,83,1.0921052631578947,76,7,44
constructed_high,high_compressibility,1,24,capacity_aware,0,0.1,best,76,8,83,1.0921052631578947,83,0,0
constructed_high,high_compressibility,1,24,smooth,0,0.1,best,76,1,76,1.0,76,0,0
constructed_high,high_compressibility,1,24,delivery_aware_v1,0,0.1,best,76,1,76,1.0,76,0,0
constructed_high,high_compressibility,1,24,delivery_aware_v2,0,0.1,best,76,1,76,1.0,76,0,0
constructed_high,high_compressibility,1,24,static,4,0.05,asap,76,,,,,,
constructed_high,high_compressibility,1,24,capacity_aware,4,0.05,asap,76,,,,,,
constructed_high,high_compressibility,1,24,smooth,4,0.05,asap,76,1,76,1.0,76,0,0
constructed_high,high_compressibility,1,24,delivery_aware_v1,4,0.05,asap,76,1,77,1.013157894736842,76,1,5
constructed_high,high_compressibility,1,24,delivery_aware_v2,4,0.05,asap,76,1,76,1.0,76,0,0
constructed_high,high_compressibility,1,24,static,4,0.05,best,76,,,,,,
constructed_high,high_compressibility,1,24,capacity_aware,4,0.05,best,76,,,,,,
constructed_high,high_compressibility,1,24,smooth,4,0.05,best,76,1,76,1.0,76,0,0
constructed_high,high_compressibility,1,24,delivery_aware_v1,4,0.05,best,76,1,77,1.013157894736842,76,1,5
constructed_high,high_compressibility,1,24,delivery_aware_v2,4,0.05,best,76,1,76,1.0,76,0,0
constructed_high,high_compressibility,1,24,static,4,0.1,asap,76,6,83,1.0921052631578947,76,7,46
constructed_high,high_compressibility,1,24,capacity_aware,4,0.1,asap,76,8,83,1.0921052631578947,83,0,0
constructed_high,high_compressibility,1,24,smooth,4,0.1,asap,76,1,76,1.0,76,0,0
constructed_high,high_compressibility,1,24,delivery_aware_v1,4,0.1,asap,76,1,77,1.013157894736842,76,1,5
constructed_high,high_compressibility,1,24,delivery_aware_v2,4,0.1,asap,76,1,76,1.0,76,0,0
constructed_high,high_compressibility,1,24,static,4,0.1,best,76,6,83,1.0921052631578947,76,7,46
constructed_high,high_compressibility,1,24,capacity_aware,4,0.1,best,76,8,83,1.0921052631578947,83,0,0
constructed_high,high_compressibility,1,24,smooth,4,0.1,best,76,1,76,1.0,76,0,0
constructed_high,high_compressibility,1,24,delivery_aware_v1,4,0.1,best,76,1,77,1.013157894736842,76,1,5
constructed_high,high_compressibility,1,24,delivery_aware_v2,4,0.1,best,76,1,76,1.0,76,0,0
constructed_high,high_compressibility,1,24,static,8,0.05,asap,76,10,79,1.0394736842105263,76,3,38
constructed_high,high_compressibility,1,24,capacity_aware,8,0.05,asap,76,,,,,,
constructed_high,high_compressibility,1,24,smooth,8,0.05,asap,76,1,76,1.0,76,0,0
constructed_high,high_compressibility,1,24,delivery_aware_v1,8,0.05,asap,76,1,77,1.013157894736842,76,1,9
constructed_high,high_compressibility,1,24,delivery_aware_v2,8,0.05,asap,76,1,76,1.0,76,0,0
constructed_high,high_compressibility,1,24,static,8,0.05,best,76,10,79,1.0394736842105263,76,3,38
constructed_high,high_compressibility,1,24,capacity_aware,8,0.05,best,76,,,,,,
constructed_high,high_compressibility,1,24,smooth,8,0.05,best,76,1,76,1.0,76,0,0
constructed_high,high_compressibility,1,24,delivery_aware_v1,8,0.05,best,76,1,77,1.013157894736842,76,1,9
constructed_high,high_compressibility,1,24,delivery_aware_v2,8,0.05,best,76,1,76,1.0,76,0,0
constructed_high,high_compressibility,1,24,static,8,0.1,asap,76,6,83,1.0921052631578947,76,7,46
constructed_high,high_compressibility,1,24,capacity_aware,8,0.1,asap,76,8,83,1.0921052631578947,83,0,0
constructed_high,high_compressibility,1,24,smooth,8,0.1,asap,76,1,76,1.0,76,0,0
constructed_high,high_compressibility,1,24,delivery_aware_v1,8,0.1,asap,76,1,77,1.013157894736842,76,1,9
constructed_high,high_compressibility,1,24,delivery_aware_v2,8,0.1,asap,76,1,76,1.0,76,0,0
constructed_high,high_compressibility,1,24,static,8,0.1,best,76,6,83,1.0921052631578947,76,7,46
constructed_high,high_compressibility,1,24,capacity_aware,8,0.1,best,76,8,83,1.0921052631578947,83,0,0
constructed_high,high_compressibility,1,24,smooth,8,0.1,best,76,1,76,1.0,76,0,0
constructed_high,high_compressibility,1,24,delivery_aware_v1,8,0.1,best,76,1,77,1.013157894736842,76,1,9
constructed_high,high_compressibility,1,24,delivery_aware_v2,8,0.1,best,76,1,76,1.0,76,0,0
constructed_high,high_compressibility,1,24,static,12,0.05,asap,76,10,79,1.0394736842105263,76,3,38
constructed_high,high_compressibility,1,24,capacity_aware,12,0.05,asap,76,,,,,,
constructed_high,high_compressibility,1,24,smooth,12,0.05,asap,76,1,76,1.0,76,0,0
constructed_high,high_compressibility,1,24,delivery_aware_v1,12,0.05,asap,76,1,77,1.013157894736842,76,1,13
constructed_high,high_compressibility,1,24,delivery_aware_v2,12,0.05,asap,76,1,76,1.0,76,0,0
constructed_high,high_compressibility,1,24,static,12,0.05,best,76,10,79,1.0394736842105263,76,3,38
constructed_high,high_compressibility,1,24,capacity_aware,12,0.05,best,76,,,,,,
constructed_high,high_compressibility,1,24,smooth,12,0.05,best,76,1,76,1.0,76,0,0
constructed_high,high_compressibility,1,24,delivery_aware_v1,12,0.05,best,76,1,77,1.013157894736842,76,1,13
constructed_high,high_compressibility,1,24,delivery_aware_v2,12,0.05,best,76,1,76,1.0,76,0,0
constructed_high,high_compressibility,1,24,static,12,0.1,asap,76,6,82,1.0789473684210527,76,6,46
constructed_high,high_compressibility,1,24,capacity_aware,12,0.1,asap,76,8,83,1.0921052631578947,83,0,0
constructed_high,high_compressibility,1,24,smooth,12,0.1,asap,76,1,76,1.0,76,0,0
constructed_high,high_compressibility,1,24,delivery_aware_v1,12,0.1,asap,76,1,77,1.013157894736842,76,1,13
constructed_high,high_compressibility,1,24,delivery_aware_v2,12,0.1,asap,76,1,76,1.0,76,0,0
constructed_high,high_compressibility,1,24,static,12,0.1,best,76,6,82,1.0789473684210527,76,6,46
constructed_high,high_compressibility,1,24,capacity_aware,12,0.1,best,76,8,83,1.0921052631578947,83,0,0
constructed_high,high_compressibility,1,24,smooth,12,0.1,best,76,1,76,1.0,76,0,0
constructed_high,high_compressibility,1,24,delivery_aware_v1,12,0.1,best,76,1,77,1.013157894736842,76,1,13
constructed_high,high_compressibility,1,24,delivery_aware_v2,12,0.1,best,76,1,76,1.0,76,0,0
constructed_medium,medium_compressibility,1,24,static,0,0.05,asap,73,2,76,1.0410958904109588,73,3,5
constructed_medium,medium_compressibility,1,24,capacity_aware,0,0.05,asap,73,4,76,1.0410958904109588,76,0,0
constructed_medium,medium_compressibility,1,24,smooth,0,0.05,asap,73,2,73,1.0,73,0,0
constructed_medium,medium_compressibility,1,24,delivery_aware_v1,0,0.05,asap,73,2,73,1.0,73,0,0
constructed_medium,medium_compressibility,1,24,delivery_aware_v2,0,0.05,asap,73,2,73,1.0,73,0,0
constructed_medium,medium_compressibility,1,24,static,0,0.05,best,73,2,76,1.0410958904109588,73,3,5
constructed_medium,medium_compressibility,1,24,capacity_aware,0,0.05,best,73,4,76,1.0410958904109588,76,0,0
constructed_medium,medium_compressibility,1,24,smooth,0,0.05,best,73,2,73,1.0,73,0,0
constructed_medium,medium_compressibility,1,24,delivery_aware_v1,0,0.05,best,73,2,73,1.0,73,0,0
constructed_medium,medium_compressibility,1,24,delivery_aware_v2,0,0.05,best,73,2,73,1.0,73,0,0
constructed_medium,medium_compressibility,1,24,static,0,0.1,asap,73,2,76,1.0410958904109588,73,3,5
constructed_medium,medium_compressibility,1,24,capacity_aware,0,0.1,asap,73,3,78,1.0684931506849316,78,0,0
constructed_medium,medium_compressibility,1,24,smooth,0,0.1,asap,73,2,73,1.0,73,0,0
constructed_medium,medium_compressibility,1,24,delivery_aware_v1,0,0.1,asap,73,2,73,1.0,73,0,0
constructed_medium,medium_compressibility,1,24,delivery_aware_v2,0,0.1,asap,73,2,73,1.0,73,0,0
constructed_medium,medium_compressibility,1,24,static,0,0.1,best,73,2,76,1.0410958904109588,73,3,5
constructed_medium,medium_compressibility,1,24,capacity_aware,0,0.1,best,73,3,78,1.0684931506849316,78,0,0
constructed_medium,medium_compressibility,1,24,smooth,0,0.1,best,73,2,73,1.0,73,0,0
constructed_medium,medium_compressibility,1,24,delivery_aware_v1,0,0.1,best,73,2,73,1.0,73,0,0
constructed_medium,medium_compressibility,1,24,delivery_aware_v2,0,0.1,best,73,2,73,1.0,73,0,0
constructed_medium,medium_compressibility,1,24,static,4,0.05,asap,73,2,74,1.0136986301369864,73,1,5
constructed_medium,medium_compressibility,1,24,capacity_aware,4,0.05,asap,73,4,76,1.0410958904109588,76,0,0
constructed_medium,medium_compressibility,1,24,smooth,4,0.05,asap,73,2,73,1.0,73,0,0
constructed_medium,medium_compressibility,1,24,delivery_aware_v1,4,0.05,asap,73,2,73,1.0,73,0,1
constructed_medium,medium_compressibility,1,24,delivery_aware_v2,4,0.05,asap,73,2,73,1.0,73,0,0
constructed_medium,medium_compressibility,1,24,static,4,0.05,best,73,2,74,1.0136986301369864,73,1,5
constructed_medium,medium_compressibility,1,24,capacity_aware,4,0.05,best,73,4,76,1.0410958904109588,76,0,0
constructed_medium,medium_compressibility,1,24,smooth,4,0.05,best,73,2,73,1.0,73,0,0
constructed_medium,medium_compressibility,1,24,delivery_aware_v1,4,0.05,best,73,2,73,1.0,73,0,1
constructed_medium,medium_compressibility,1,24,delivery_aware_v2,4,0.05,best,73,2,73,1.0,73,0,0
constructed_medium,medium_compressibility,1,24,static,4,0.1,asap,73,2,74,1.0136986301369864,73,1,5
constructed_medium,medium_compressibility,1,24,capacity_aware,4,0.1,asap,73,3,78,1.0684931506849316,78,0,0
constructed_medium,medium_compressibility,1,24,smooth,4,0.1,asap,73,2,73,1.0,73,0,0
constructed_medium,medium_compressibility,1,24,delivery_aware_v1,4,0.1,asap,73,2,73,1.0,73,0,1
constructed_medium,medium_compressibility,1,24,delivery_aware_v2,4,0.1,asap,73,2,73,1.0,73,0,0
constructed_medium,medium_compressibility,1,24,static,4,0.1,best,73,2,74,1.0136986301369864,73,1,5
constructed_medium,medium_compressibility,1,24,capacity_aware,4,0.1,best,73,3,78,1.0684931506849316,78,0,0
constructed_medium,medium_compressibility,1,24,smooth,4,0.1,best,73,2,73,1.0,73,0,0
constructed_medium,medium_compressibility,1,24,delivery_aware_v1,4,0.1,best,73,2,73,1.0,73,0,1
constructed_medium,medium_compressibility,1,24,delivery_aware_v2,4,0.1,best,73,2,73,1.0,73,0,0
constructed_medium,medium_compressibility,1,24,static,8,0.05,asap,73,2,73,1.0,73,0,5
constructed_medium,medium_compressibility,1,24,capacity_aware,8,0.05,asap,73,4,76,1.0410958904109588,76,0,0
constructed_medium,medium_compressibility,1,24,smooth,8,0.05,asap,73,2,73,1.0,73,0,0
constructed_medium,medium_compressibility,1,24,delivery_aware_v1,8,0.05,asap,73,2,73,1.0,73,0,2
constructed_medium,medium_compressibility,1,24,delivery_aware_v2,8,0.05,asap,73,2,73,1.0,73,0,0
constructed_medium,medium_compressibility,1,24,static,8,0.05,best,73,2,73,1.0,73,0,5
constructed_medium,medium_compressibility,1,24,capacity_aware,8,0.05,best,73,4,76,1.0410958904109588,76,0,0
constructed_medium,medium_compressibility,1,24,smooth,8,0.05,best,73,2,73,1.0,73,0,0
constructed_medium,medium_compressibility,1,24,delivery_aware_v1,8,0.05,best,73,2,73,1.0,73,0,2
constructed_medium,medium_compressibility,1,24,delivery_aware_v2,8,0.05,best,73,2,73,1.0,73,0,0
constructed_medium,medium_compressibility,1,24,static,8,0.1,asap,73,2,73,1.0,73,0,5
constructed_medium,medium_compressibility,1,24,capacity_aware,8,0.1,asap,73,3,78,1.0684931506849316,78,0,0
constructed_medium,medium_compressibility,1,24,smooth,8,0.1,asap,73,2,73,1.0,73,0,0
constructed_medium,medium_compressibility,1,24,delivery_aware_v1,8,0.1,asap,73,2,73,1.0,73,0,2
constructed_medium,medium_compressibility,1,24,delivery_aware_v2,8,0.1,asap,73,2,73,1.0,73,0,0
constructed_medium,medium_compressibility,1,24,static,8,0.1,best,73,2,73,1.0,73,0,5
constructed_medium,medium_compressibility,1,24,capacity_aware,8,0.1,best,73,3,78,1.0684931506849316,78,0,0
constructed_medium,medium_compressibility,1,24,smooth,8,0.1,best,73,2,73,1.0,73,0,0
constructed_medium,medium_compressibility,1,24,delivery_aware_v1,8,0.1,best,73,2,73,1.0,73,0,2
constructed_medium,medium_compressibility,1,24,delivery_aware_v2,8,0.1,best,73,2,73,1.0,73,0,0
constructed_medium,medium_compressibility,1,24,static,12,0.05,asap,73,2,73,1.0,73,0,5
constructed_medium,medium_compressibility,1,24,capacity_aware,12,0.05,asap,73,4,76,1.0410958904109588,76,0,0
constructed_medium,medium_compressibility,1,24,smooth,12,0.05,asap,73,2,73,1.0,73,0,0
constructed_medium,medium_compressibility,1,24,delivery_aware_v1,12,0.05,asap,73,2,73,1.0,73,0,2
constructed_medium,medium_compressibility,1,24,delivery_aware_v2,12,0.05,asap,73,2,73,1.0,73,0,0
constructed_medium,medium_compressibility,1,24,static,12,0.05,best,73,2,73,1.0,73,0,5
constructed_medium,medium_compressibility,1,24,capacity_aware,12,0.05,best,73,4,76,1.0410958904109588,76,0,0
constructed_medium,medium_compressibility,1,24,smooth,12,0.05,best,73,2,73,1.0,73,0,0
constructed_medium,medium_compressibility,1,24,delivery_aware_v1,12,0.05,best,73,2,73,1.0,73,0,2
constructed_medium,medium_compressibility,1,24,delivery_aware_v2,12,0.05,best,73,2,73,1.0,73,0,0
constructed_medium,medium_compressibility,1,24,static,12,0.1,asap,73,2,73,1.0,73,0,5
constructed_medium,medium_compressibility,1,24,capacity_aware,12,0.1,asap,73,3,78,1.0684931506849316,78,0,0
constructed_medium,medium_compressibility,1,24,smooth,12,0.1,asap,73,1,78,1.0684931506849316,73,5,17
constructed_medium,medium_compressibility,1,24,delivery_aware_v1,12,0.1,asap,73,1,78,1.0684931506849316,73,5,17
constructed_medium,medium_compressibility,1,24,delivery_aware_v2,12,0.1,asap,73,1,78,1.0684931506849316,73,5,17
constructed_medium,medium_compressibility,1,24,static,12,0.1,best,73,2,73,1.0,73,0,5
constructed_medium,medium_compressibility,1,24,capacity_aware,12,0.1,best,73,3,78,1.0684931506849316,78,0,0
constructed_medium,medium_compressibility,1,24,smooth,12,0.1,best,73,1,78,1.0684931506849316,73,5,17
constructed_medium,medium_compressibility,1,24,delivery_aware_v1,12,0.1,best,73,1,78,1.0684931506849316,73,5,17
constructed_medium,medium_compressibility,1,24,delivery_aware_v2,12,0.1,best,73,1,78,1.0684931506849316,73,5,17
constructed_low,low_compressibility,1,24,static,0,0.05,asap,100,1,100,1.0,100,0,0
constructed_low,low_compressibility,1,24,capacity_aware,0,0.05,asap,100,1,100,1.0,100,0,0
constructed_low,low_compressibility,1,24,smooth,0,0.05,asap,100,1,100,1.0,100,0,0
constructed_low,low_compressibility,1,24,delivery_aware_v1,0,0.05,asap,100,1,100,1.0,100,0,0
constructed_low,low_compressibility,1,24,delivery_aware_v2,0,0.05,asap,100,1,100,1.0,100,0,0
constructed_low,low_compressibility,1,24,static,0,0.05,best,100,1,100,1.0,100,0,0
constructed_low,low_compressibility,1,24,capacity_aware,0,0.05,best,100,1,100,1.0,100,0,0
constructed_low,low_compressibility,1,24,smooth,0,0.05,best,100,1,100,1.0,100,0,0
constructed_low,low_compressibility,1,24,delivery_aware_v1,0,0.05,best,100,1,100,1.0,100,0,0
constructed_low,low_compressibility,1,24,delivery_aware_v2,0,0.05,best,100,1,100,1.0,100,0,0
constructed_low,low_compressibility,1,24,static,0,0.1,asap,100,1,100,1.0,100,0,0
constructed_low,low_compressibility,1,24,capacity_aware,0,0.1,asap,100,1,100,1.0,100,0,0
constructed_low,low_compressibility,1,24,smooth,0,0.1,asap,100,1,100,1.0,100,0,0
constructed_low,low_compressibility,1,24,delivery_aware_v1,0,0.1,asap,100,1,100,1.0,100,0,0
constructed_low,low_compressibility,1,24,delivery_aware_v2,0,0.1,asap,100,1,100,1.0,100,0,0
constructed_low,low_compressibility,1,24,static,0,0.1,best,100,1,100,1.0,100,0,0
constructed_low,low_compressibility,1,24,capacity_aware,0,0.1,best,100,1,100,1.0,100,0,0
constructed_low,low_compressibility,1,24,smooth,0,0.1,best,100,1,100,1.0,100,0,0
constructed_low,low_compressibility,1,24,delivery_aware_v1,0,0.1,best,100,1,100,1.0,100,0,0
constructed_low,low_compressibility,1,24,delivery_aware_v2,0,0.1,best,100,1,100,1.0,100,0,0
constructed_low,low_compressibility,1,24,static,4,0.05,asap,100,1,100,1.0,100,0,0
constructed_low,low_compressibility,1,24,capacity_aware,4,0.05,asap,100,1,100,1.0,100,0,0
constructed_low,low_compressibility,1,24,smooth,4,0.05,asap,100,1,100,1.0,100,0,0
constructed_low,low_compressibility,1,24,delivery_aware_v1,4,0.05,asap,100,1,100,1.0,100,0,0
constructed_low,low_compressibility,1,24,delivery_aware_v2,4,0.05,asap,100,1,100,1.0,100,0,0
constructed_low,low_compressibility,1,24,static,4,0.05,best,100,1,100,1.0,100,0,0
constructed_low,low_compressibility,1,24,capacity_aware,4,0.05,best,100,1,100,1.0,100,0,0
constructed_low,low_compressibility,1,24,smooth,4,0.05,best,100,1,100,1.0,100,0,0
constructed_low,low_compressibility,1,24,delivery_aware_v1,4,0.05,best,100,1,100,1.0,100,0,0
constructed_low,low_compressibility,1,24,delivery_aware_v2,4,0.05,best,100,1,100,1.0,100,0,0
constructed_low,low_compressibility,1,24,static,4,0.1,asap,100,1,100,1.0,100,0,0
constructed_low,low_compressibility,1,24,capacity_aware,4,0.1,asap,100,1,100,1.0,100,0,0
constructed_low,low_compressibility,1,24,smooth,4,0.1,asap,100,1,100,1.0,100,0,0
constructed_low,low_compressibility,1,24,delivery_aware_v1,4,0.1,asap,100,1,100,1.0,100,0,0
constructed_low,low_compressibility,1,24,delivery_aware_v2,4,0.1,asap,100,1,100,1.0,100,0,0
constructed_low,low_compressibility,1,24,static,4,0.1,best,100,1,100,1.0,100,0,0
constructed_low,low_compressibility,1,24,capacity_aware,4,0.1,best,100,1,100,1.0,100,0,0
constructed_low,low_compressibility,1,24,smooth,4,0.1,best,100,1,100,1.0,100,0,0
constructed_low,low_compressibility,1,24,delivery_aware_v1,4,0.1,best,100,1,100,1.0,100,0,0
constructed_low,low_compressibility,1,24,delivery_aware_v2,4,0.1,best,100,1,100,1.0,100,0,0
constructed_low,low_compressibility,1,24,static,8,0.05,asap,100,1,100,1.0,100,0,0
constructed_low,low_compressibility,1,24,capacity_aware,8,0.05,asap,100,1,100,1.0,100,0,0
constructed_low,low_compressibility,1,24,smooth,8,0.05,asap,100,1,100,1.0,100,0,0
constructed_low,low_compressibility,1,24,delivery_aware_v1,8,0.05,asap,100,1,100,1.0,100,0,0
constructed_low,low_compressibility,1,24,delivery_aware_v2,8,0.05,asap,100,1,100,1.0,100,0,0
constructed_low,low_compressibility,1,24,static,8,0.05,best,100,1,100,1.0,100,0,0
constructed_low,low_compressibility,1,24,capacity_aware,8,0.05,best,100,1,100,1.0,100,0,0
constructed_low,low_compressibility,1,24,smooth,8,0.05,best,100,1,100,1.0,100,0,0
constructed_low,low_compressibility,1,24,delivery_aware_v1,8,0.05,best,100,1,100,1.0,100,0,0
constructed_low,low_compressibility,1,24,delivery_aware_v2,8,0.05,best,100,1,100,1.0,100,0,0
constructed_low,low_compressibility,1,24,static,8,0.1,asap,100,1,100,1.0,100,0,0
constructed_low,low_compressibility,1,24,capacity_aware,8,0.1,asap,100,1,100,1.0,100,0,0
constructed_low,low_compressibility,1,24,smooth,8,0.1,asap,100,1,100,1.0,100,0,0
constructed_low,low_compressibility,1,24,delivery_aware_v1,8,0.1,asap,100,1,100,1.0,100,0,0
constructed_low,low_compressibility,1,24,delivery_aware_v2,8,0.1,asap,100,1,100,1.0,100,0,0
constructed_low,low_compressibility,1,24,static,8,0.1,best,100,1,100,1.0,100,0,0
constructed_low,low_compressibility,1,24,capacity_aware,8,0.1,best,100,1,100,1.0,100,0,0
constructed_low,low_compressibility,1,24,smooth,8,0.1,best,100,1,100,1.0,100,0,0
constructed_low,low_compressibility,1,24,delivery_aware_v1,8,0.1,best,100,1,100,1.0,100,0,0
constructed_low,low_compressibility,1,24,delivery_aware_v2,8,0.1,best,100,1,100,1.0,100,0,0
constructed_low,low_compressibility,1,24,static,12,0.05,asap,100,1,100,1.0,100,0,0
constructed_low,low_compressibility,1,24,capacity_aware,12,0.05,asap,100,1,100,1.0,100,0,0
constructed_low,low_compressibility,1,24,smooth,12,0.05,asap,100,1,100,1.0,100,0,0
constructed_low,low_compressibility,1,24,delivery_aware_v1,12,0.05,asap,100,1,100,1.0,100,0,0
constructed_low,low_compressibility,1,24,delivery_aware_v2,12,0.05,asap,100,1,100,1.0,100,0,0
constructed_low,low_compressibility,1,24,static,12,0.05,best,100,1,100,1.0,100,0,0
constructed_low,low_compressibility,1,24,capacity_aware,12,0.05,best,100,1,100,1.0,100,0,0
constructed_low,low_compressibility,1,24,smooth,12,0.05,best,100,1,100,1.0,100,0,0
constructed_low,low_compressibility,1,24,delivery_aware_v1,12,0.05,best,100,1,100,1.0,100,0,0
constructed_low,low_compressibility,1,24,delivery_aware_v2,12,0.05,best,100,1,100,1.0,100,0,0
constructed_low,low_compressibility,1,24,static,12,0.1,asap,100,1,100,1.0,100,0,0
constructed_low,low_compressibility,1,24,capacity_aware,12,0.1,asap,100,1,100,1.0,100,0,0
constructed_low,low_compressibility,1,24,smooth,12,0.1,asap,100,1,100,1.0,100,0,0
constructed_low,low_compressibility,1,24,delivery_aware_v1,12,0.1,asap,100,1,100,1.0,100,0,0
constructed_low,low_compressibility,1,24,delivery_aware_v2,12,0.1,asap,100,1,100,1.0,100,0,0
constructed_low,low_compressibility,1,24,static,12,0.1,best,100,1,100,1.0,100,0,0
constructed_low,low_compressibility,1,24,capacity_aware,12,0.1,best,100,1,100,1.0,100,0,0
constructed_low,low_compressibility,1,24,smooth,12,0.1,best,100,1,100,1.0,100,0,0
constructed_low,low_compressibility,1,24,delivery_aware_v1,12,0.1,best,100,1,100,1.0,100,0,0
constructed_low,low_compressibility,1,24,delivery_aware_v2,12,0.1,best,100,1,100,1.0,100,0,0
constructed_high,high_compressibility,2,24,static,0,0.05,asap,74,10,77,1.0405405405405406,74,3,30
constructed_high,high_compressibility,2,24,capacity_aware,0,0.05,asap,74,,,,,,
constructed_high,high_compressibility,2,24,smooth,0,0.05,asap,74,1,74,1.0,74,0,0
constructed_high,high_compressibility,2,24,delivery_aware_v1,0,0.05,asap,74,1,74,1.0,74,0,0
constructed_high,high_compressibility,2,24,delivery_aware_v2,0,0.05,asap,74,1,74,1.0,74,0,0
constructed_high,high_compressibility,2,24,static,0,0.05,best,74,10,77,1.0405405405405406,74,3,30
constructed_high,high_compressibility,2,24,capacity_aware,0,0.05,best,74,,,,,,
constructed_high,high_compressibility,2,24,smooth,0,0.05,best,74,1,74,1.0,74,0,0
constructed_high,high_compressibility,2,24,delivery_aware_v1,0,0.05,best,74,1,74,1.0,74,0,0
constructed_high,high_compressibility,2,24,delivery_aware_v2,0,0.05,best,74,1,74,1.0,74,0,0
constructed_high,high_compressibility,2,24,static,0,0.1,asap,74,6,81,1.0945945945945945,74,7,38
constructed_high,high_compressibility,2,24,capacity_aware,0,0.1,asap,74,7,81,1.0945945945945945,81,0,0
constructed_high,high_compressibility,2,24,smooth,0,0.1,asap,74,1,74,1.0,74,0,0
constructed_high,high_compressibility,2,24,delivery_aware_v1,0,0.1,asap,74,1,74,1.0,74,0,0
constructed_high,high_compressibility,2,24,delivery_aware_v2,0,0.1,asap,74,1,74,1.0,74,0,0
constructed_high,high_compressibility,2,24,static,0,0.1,best,74,6,81,1.0945945945945945,74,7,38
constructed_high,high_compressibility,2,24,capacity_aware,0,0.1,best,74,7,81,1.0945945945945945,81,0,0
constructed_high,high_compressibility,2,24,smooth,0,0.1,best,74,1,74,1.0,74,0,0
constructed_high,high_compressibility,2,24,delivery_aware_v1,0,0.1,best,74,1,74,1.0,74,0,0
constructed_high,high_compressibility,2,24,delivery_aware_v2,0,0.1,best,74,1,74,1.0,74,0,0
constructed_high,high_compressibility,2,24,static,4,0.05,asap,74,10,77,1.0405405405405406,74,3,30
constructed_high,high_compressibility,2,24,capacity_aware,4,0.05,asap,74,,,,,,
constructed_high,high_compressibility,2,24,smooth,4,0.05,asap,74,1,74,1.0,74,0,0
constructed_high,high_compressibility,2,24,delivery_aware_v1,4,0.05,asap,74,1,75,1.0135135135135136,74,1,5
constructed_high,high_compressibility,2,24,delivery_aware_v2,4,0.05,asap,74,1,74,1.0,74,0,0
constructed_high,high_compressibility,2,24,static,4,0.05,best,74,10,77,1.0405405405405406,74,3,30
constructed_high,high_compressibility,2,24,capacity_aware,4,0.05,best,74,,,,,,
constructed_high,high_compressibility,2,24,smooth,4,0.05,best,74,1,74,1.0,74,0,0
constructed_high,high_compressibility,2,24,delivery_aware_v1,4,0.05,best,74,1,75,1.0135135135135136,74,1,5
constructed_high,high_compressibility,2,24,delivery_aware_v2,4,0.05,best,74,1,74,1.0,74,0,0
constructed_high,high_compressibility,2,24,static,4,0.1,asap,74,6,80,1.0810810810810811,74,6,38
constructed_high,high_compressibility,2,24,capacity_aware,4,0.1,asap,74,7,81,1.0945945945945945,81,0,0
constructed_high,high_compressibility,2,24,smooth,4,0.1,asap,74,1,74,1.0,74,0,0
constructed_high,high_compressibility,2,24,delivery_aware_v1,4,0.1,asap,74,1,75,1.0135135135135136,74,1,5
constructed_high,high_compressibility,2,24,delivery_aware_v2,4,0.1,asap,74,1,74,1.0,74,0,0
constructed_high,high_compressibility,2,24,static,4,0.1,best,74,6,80,1.0810810810810811,74,6,38
constructed_high,high_compressibility,2,24,capacity_aware,4,0.1,best,74,7,81,1.0945945945945945,81,0,0
constructed_high,high_compressibility,2,24,smooth,4,0.1,best,74,1,74,1.0,74,0,0
constructed_high,high_compressibility,2,24,delivery_aware_v1,4,0.1,best,74,1,75,1.0135135135135136,74,1,5
constructed_high,high_compressibility,2,24,delivery_aware_v2,4,0.1,best,74,1,74,1.0,74,0,0
constructed_high,high_compressibility,2,24,static,8,0.05,asap,74,9,77,1.0405405405405406,74,3,32
constructed_high,high_compressibility,2,24,capacity_aware,8,0.05,asap,74,,,,,,
constructed_high,high_compressibility,2,24,smooth,8,0.05,asap,74,1,74,1.0,74,0,0
constructed_high,high_compressibility,2,24,delivery_aware_v1,8,0.05,asap,74,1,75,1.0135135135135136,74,1,9
constructed_high,high_compressibility,2,24,delivery_aware_v2,8,0.05,asap,74,1,74,1.0,74,0,0
constructed_high,high_compressibility,2,24,static,8,0.05,best,74,9,77,1.0405405405405406,74,3,32
constructed_high,high_compressibility,2,24,capacity_aware,8,0.05,best,74,,,,,,
constructed_high,high_compressibility,2,24,smooth,8,0.05,best,74,1,74,1.0,74,0,0
constructed_high,high_compressibility,2,24,delivery_aware_v1,8,0.05,best,74,1,75,1.0135135135135136,74,1,9
constructed_high,high_compressibility,2,24,delivery_aware_v2,8,0.05,best,74,1,74,1.0,74,0,0
constructed_high,high_compressibility,2,24,static,8,0.1,asap,74,5,81,1.0945945945945945,74,7,40
constructed_high,high_compressibility,2,24,capacity_aware,8,0.1,asap,74,7,81,1.0945945945945945,81,0,0
constructed_high,high_compressibility,2,24,smooth,8,0.1,asap,74,1,74,1.0,74,0,0
constructed_high,high_compressibility,2,24,delivery_aware_v1,8,0.1,asap,74,1,75,1.0135135135135136,74,1,9
constructed_high,high_compressibility,2,24,delivery_aware_v2,8,0.1,asap,74,1,74,1.0,74,0,0
constructed_high,high_compressibility,2,24,static,8,0.1,best,74,5,81,1.0945945945945945,74,7,40
constructed_high,high_compressibility,2,24,capacity_aware,8,0.1,best,74,7,81,1.0945945945945945,81,0,0
constructed_high,high_compressibility,2,24,smooth,8,0.1,best,74,1,74,1.0,74,0,0
constructed_high,high_compressibility,2,24,delivery_aware_v1,8,0.1,best,74,1,75,1.0135135135135136,74,1,9
constructed_high,high_compressibility,2,24,delivery_aware_v2,8,0.1,best,74,1,74,1.0,74,0,0
constructed_high,high_compressibility,2,24,static,12,0.05,asap,74,8,77,1.0405405405405406,74,3,34
constructed_high,high_compressibility,2,24,capacity_aware,12,0.05,asap,74,,,,,,
constructed_high,high_compressibility,2,24,smooth,12,0.05,asap,74,1,74,1.0,74,0,0
constructed_high,high_compressibility,2,24,delivery_aware_v1,12,0.05,asap,74,1,75,1.0135135135135136,74,1,13
constructed_high,high_compressibility,2,24,delivery_aware_v2,12,0.05,asap,74,1,74,1.0,74,0,0
constructed_high,high_compressibility,2,24,static,12,0.05,best,74,8,77,1.0405405405405406,74,3,34
constructed_high,high_compressibility,2,24,capacity_aware,12,0.05,best,74,,,,,,
constructed_high,high_compressibility,2,24,smooth,12,0.05,best,74,1,74,1.0,74,0,0
constructed_high,high_compressibility,2,24,delivery_aware_v1,12,0.05,best,74,1,75,1.0135135135135136,74,1,13
constructed_high,high_compressibility,2,24,delivery_aware_v2,12,0.05,best,74,1,74,1.0,74,0,0
constructed_high,high_compressibility,2,24,static,12,0.1,asap,74,5,80,1.0810810810810811,74,6,40
constructed_high,high_compressibility,2,24,capacity_aware,12,0.1,asap,74,7,81,1.0945945945945945,81,0,0
constructed_high,high_compressibility,2,24,smooth,12,0.1,asap,74,1,74,1.0,74,0,0
constructed_high,high_compressibility,2,24,delivery_aware_v1,12,0.1,asap,74,1,75,1.0135135135135136,74,1,13
constructed_high,high_compressibility,2,24,delivery_aware_v2,12,0.1,asap,74,1,74,1.0,74,0,0
constructed_high,high_compressibility,2,24,static,12,0.1,best,74,5,80,1.0810810810810811,74,6,40
constructed_high,high_compressibility,2,24,capacity_aware,12,0.1,best,74,7,81,1.0945945945945945,81,0,0
constructed_high,high_compressibility,2,24,smooth,12,0.1,best,74,1,74,1.0,74,0,0
constructed_high,high_compressibility,2,24,delivery_aware_v1,12,0.1,best,74,1,75,1.0135135135135136,74,1,13
constructed_high,high_compressibility,2,24,delivery_aware_v2,12,0.1,best,74,1,74,1.0,74,0,0
constructed_medium,medium_compressibility,2,24,static,0,0.05,asap,73,2,75,1.0273972602739727,73,2,3
constructed_medium,medium_compressibility,2,24,capacity_aware,0,0.05,asap,73,5,75,1.0273972602739727,75,0,0
constructed_medium,medium_compressibility,2,24,smooth,0,0.05,asap,73,2,73,1.0,73,0,0
constructed_medium,medium_compressibility,2,24,delivery_aware_v1,0,0.05,asap,73,2,73,1.0,73,0,0
constructed_medium,medium_compressibility,2,24,delivery_aware_v2,0,0.05,asap,73,2,73,1.0,73,0,0
constructed_medium,medium_compressibility,2,24,static,0,0.05,best,73,2,75,1.0273972602739727,73,2,3
constructed_medium,medium_compressibility,2,24,capacity_aware,0,0.05,best,73,5,75,1.0273972602739727,75,0,0
constructed_medium,medium_compressibility,2,24,smooth,0,0.05,best,73,2,73,1.0,73,0,0
constructed_medium,medium_compressibility,2,24,delivery_aware_v1,0,0.05,best,73,2,73,1.0,73,0,0
constructed_medium,medium_compressibility,2,24,delivery_aware_v2,0,0.05,best,73,2,73,1.0,73,0,0
constructed_medium,medium_compressibility,2,24,static,0,0.1,asap,73,2,75,1.0273972602739727,73,2,3
constructed_medium,medium_compressibility,2,24,capacity_aware,0,0.1,asap,73,3,78,1.0684931506849316,78,0,0
constructed_medium,medium_compressibility,2,24,smooth,0,0.1,asap,73,2,73,1.0,73,0,0
constructed_medium,medium_compressibility,2,24,delivery_aware_v1,0,0.1,asap,73,2,73,1.0,73,0,0
constructed_medium,medium_compressibility,2,24,delivery_aware_v2,0,0.1,asap,73,2,73,1.0,73,0,0
constructed_medium,medium_compressibility,2,24,static,0,0.1,best,73,2,75,1.0273972602739727,73,2,3
constructed_medium,medium_compressibility,2,24,capacity_aware,0,0.1,best,73,3,78,1.0684931506849316,78,0,0
constructed_medium,medium_compressibility,2,24,smooth,0,0.1,best,73,2,73,1.0,73,0,0
constructed_medium,medium_compressibility,2,24,delivery_aware_v1,0,0.1,best,73,2,73,1.0,73,0,0
constructed_medium,medium_compressibility,2,24,delivery_aware_v2,0,0.1,best,73,2,73,1.0,73,0,0
constructed_medium,medium_compressibility,2,24,static,4,0.05,asap,73,2,73,1.0,73,0,3
constructed_medium,medium_compressibility,2,24,capacity_aware,4,0.05,asap,73,5,75,1.0273972602739727,75,0,0
constructed_medium,medium_compressibility,2,24,smooth,4,0.05,asap,73,2,73,1.0,73,0,0
constructed_medium,medium_compressibility,2,24,delivery_aware_v1,4,0.05,asap,73,2,73,1.0,73,0,0
constructed_medium,medium_compressibility,2,24,delivery_aware_v2,4,0.05,asap,73,2,73,1.0,73,0,0
constructed_medium,medium_compressibility,2,24,static,4,0.05,best,73,2,73,1.0,73,0,3
constructed_medium,medium_compressibility,2,24,capacity_aware,4,0.05,best,73,5,75,1.0273972602739727,75,0,0
constructed_medium,medium_compressibility,2,24,smooth,4,0.05,best,73,2,73,1.0,73,0,0
constructed_medium,medium_compressibility,2,24,delivery_aware_v1,4,0.05,best,73,2,73,1.0,73,0,0
constructed_medium,medium_compressibility,2,24,delivery_aware_v2,4,0.05,best,73,2,73,1.0,73,0,0
constructed_medium,medium_compressibility,2,24,static,4,0.1,asap,73,2,73,1.0,73,0,3
constructed_medium,medium_compressibility,2,24,capacity_aware,4,0.1,asap,73,3,78,1.0684931506849316,78,0,0
constructed_medium,medium_compressibility,2,24,smooth,4,0.1,asap,73,2,73,1.0,73,0,0
constructed_medium,medium_compressibility,2,24,delivery_aware_v1,4,0.1,asap,73,2,73,1.0,73,0,0
constructed_medium,medium_compressibility,2,24,delivery_aware_v2,4,0.1,asap,73,2,73,1.0,73,0,0
constructed_medium,medium_compressibility,2,24,static,4,0.1,best,73,2,73,1.0,73,0,3
constructed_medium,medium_compressibility,2,24,capacity_aware,4,0.1,best,73,3,78,1.0684931506849316,78,0,0
constructed_medium,medium_compressibility,2,24,smooth,4,0.1,best,73,2,73,1.0,73,0,0
constructed_medium,medium_compressibility,2,24,delivery_aware_v1,4,0.1,best,73,2,73,1.0,73,0,0
constructed_medium,medium_compressibility,2,24,delivery_aware_v2,4,0.1,best,73,2,73,1.0,73,0,0
constructed_medium,medium_compressibility,2,24,static,8,0.05,asap,73,2,73,1.0,73,0,3
constructed_medium,medium_compressibility,2,24,capacity_aware,8,0.05,asap,73,5,75,1.0273972602739727,75,0,0
constructed_medium,medium_compressibility,2,24,smooth,8,0.05,asap,73,2,73,1.0,73,0,0
constructed_medium,medium_compressibility,2,24,delivery_aware_v1,8,0.05,asap,73,2,73,1.0,73,0,1
constructed_medium,medium_compressibility,2,24,delivery_aware_v2,8,0.05,asap,73,2,73,1.0,73,0,0
constructed_medium,medium_compressibility,2,24,static,8,0.05,best,73,2,73,1.0,73,0,3
constructed_medium,medium_compressibility,2,24,capacity_aware,8,0.05,best,73,5,75,1.0273972602739727,75,0,0
constructed_medium,medium_compressibility,2,24,smooth,8,0.05,best,73,2,73,1.0,73,0,0
constructed_medium,medium_compressibility,2,24,delivery_aware_v1,8,0.05,best,73,2,73,1.0,73,0,1
constructed_medium,medium_compressibility,2,24,delivery_aware_v2,8,0.05,best,73,2,73,1.0,73,0,0
constructed_medium,medium_compressibility,2,24,static,8,0.1,asap,73,2,73,1.0,73,0,3
constructed_medium,medium_compressibility,2,24,capacity_aware,8,0.1,asap,73,3,78,1.0684931506849316,78,0,0
constructed_medium,medium_compressibility,2,24,smooth,8,0.1,asap,73,2,73,1.0,73,0,0
constructed_medium,medium_compressibility,2,24,delivery_aware_v1,8,0.1,asap,73,2,73,1.0,73,0,1
constructed_medium,medium_compressibility,2,24,delivery_aware_v2,8,0.1,asap,73,2,73,1.0,73,0,0
constructed_medium,medium_compressibility,2,24,static,8,0.1,best,73,2,73,1.0,73,0,3
constructed_medium,medium_compressibility,2,24,capacity_aware,8,0.1,best,73,3,78,1.0684931506849316,78,0,0
constructed_medium,medium_compressibility,2,24,smooth,8,0.1,best,73,2,73,1.0,73,0,0
constructed_medium,medium_compressibility,2,24,delivery_aware_v1,8,0.1,best,73,2,73,1.0,73,0,1
constructed_medium,medium_compressibility,2,24,delivery_aware_v2,8,0.1,best,73,2,73,1.0,73,0,0
constructed_medium,medium_compressibility,2,24,static,12,0.05,asap,73,2,73,1.0,73,0,3
constructed_medium,medium_compressibility,2,24,capacity_aware,12,0.05,asap,73,5,75,1.0273972602739727,75,0,0
constructed_medium,medium_compressibility,2,24,smooth,12,0.05,asap,73,2,73,1.0,73,0,0
constructed_medium,medium_compressibility,2,24,delivery_aware_v1,12,0.05,asap,73,2,73,1.0,73,0,1
constructed_medium,medium_compressibility,2,24,delivery_aware_v2,12,0.05,asap,73,2,73,1.0,73,0,0
constructed_medium,medium_compressibility,2,24,static,12,0.05,best,73,2,73,1.0,73,0,3
constructed_medium,medium_compressibility,2,24,capacity_aware,12,0.05,best,73,5,75,1.0273972602739727,75,0,0
constructed_medium,medium_compressibility,2,24,smooth,12,0.05,best,73,2,73,1.0,73,0,0
constructed_medium,medium_compressibility,2,24,delivery_aware_v1,12,0.05,best,73,2,73,1.0,73,0,1
constructed_medium,medium_compressibility,2,24,delivery_aware_v2,12,0.05,best,73,2,73,1.0,73,0,0
constructed_medium,medium_compressibility,2,24,static,12,0.1,asap,73,2,73,1.0,73,0,3
constructed_medium,medium_compressibility,2,24,capacity_aware,12,0.1,asap,73,3,78,1.0684931506849316,78,0,0
constructed_medium,medium_compressibility,2,24,smooth,12,0.1,asap,73,1,80,1.095890410958904,73,7,19
constructed_medium,medium_compressibility,2,24,delivery_aware_v1,12,0.1,asap,73,1,80,1.095890410958904,73,7,19
constructed_medium,medium_compressibility,2,24,delivery_aware_v2,12,0.1,asap,73,1,80,1.095890410958904,73,7,19
constructed_medium,medium_compressibility,2,24,static,12,0.1,best,73,2,73,1.0,73,0,3
constructed_medium,medium_compressibility,2,24,capacity_aware,12,0.1,best,73,3,78,1.0684931506849316,78,0,0
constructed_medium,medium_compressibility,2,24,smooth,12,0.1,best,73,1,80,1.095890410958904,73,7,19
constructed_medium,medium_compressibility,2,24,delivery_aware_v1,12,0.1,best,73,1,80,1.095890410958904,73,7,19
constructed_medium,medium_compressibility,2,24,delivery_aware_v2,12,0.1,best,73,1,80,1.095890410958904,73,7,19
constructed_low,low_compressibility,2,24,static,0,0.05,asap,110,1,110,1.0,110,0,0
constructed_low,low_compressibility,2,24,capacity_aware,0,0.05,asap,110,1,110,1.0,110,0,0
constructed_low,low_compressibility,2,24,smooth,0,0.05,asap,110,1,110,1.0,110,0,0
constructed_low,low_compressibility,2,24,delivery_aware_v1,0,0.05,asap,110,1,110,1.0,110,0,0
constructed_low,low_compressibility,2,24,delivery_aware_v2,0,0.05,asap,110,1,110,1.0,110,0,0
constructed_low,low_compressibility,2,24,static,0,0.05,best,110,1,110,1.0,110,0,0
constructed_low,low_compressibility,2,24,capacity_aware,0,0.05,best,110,1,110,1.0,110,0,0
constructed_low,low_compressibility,2,24,smooth,0,0.05,best,110,1,110,1.0,110,0,0
constructed_low,low_compressibility,2,24,delivery_aware_v1,0,0.05,best,110,1,110,1.0,110,0,0
constructed_low,low_compressibility,2,24,delivery_aware_v2,0,0.05,best,110,1,110,1.0,110,0,0
constructed_low,low_compressibility,2,24,static,0,0.1,asap,110,1,110,1.0,110,0,0
constructed_low,low_compressibility,2,24,capacity_aware,0,0.1,asap,110,1,110,1.0,110,0,0
constructed_low,low_compressibility,2,24,smooth,0,0.1,asap,110,1,110,1.0,110,0,0
constructed_low,low_compressibility,2,24,delivery_aware_v1,0,0.1,asap,110,1,110,1.0,110,0,0
constructed_low,low_compressibility,2,24,delivery_aware_v2,0,0.1,asap,110,1,110,1.0,110,0,0
constructed_low,low_compressibility,2,24,static,0,0.1,best,110,1,110,1.0,110,0,0
constructed_low,low_compressibility,2,24,capacity_aware,0,0.1,best,110,1,110,1.0,110,0,0
constructed_low,low_compressibility,2,24,smooth,0,0.1,best,110,1,110,1.0,110,0,0
constructed_low,low_compressibility,2,24,delivery_aware_v1,0,0.1,best,110,1,110,1.0,110,0,0
constructed_low,low_compressibility,2,24,delivery_aware_v2,0,0.1,best,110,1,110,1.0,110,0,0
constructed_low,low_compressibility,2,24,static,4,0.05,asap,110,1,110,1.0,110,0,0
constructed_low,low_compressibility,2,24,capacity_aware,4,0.05,asap,110,1,110,1.0,110,0,0
constructed_low,low_compressibility,2,24,smooth,4,0.05,asap,110,1,110,1.0,110,0,0
constructed_low,low_compressibility,2,24,delivery_aware_v1,4,0.05,asap,110,1,110,1.0,110,0,0
constructed_low,low_compressibility,2,24,delivery_aware_v2,4,0.05,asap,110,1,110,1.0,110,0,0
constructed_low,low_compressibility,2,24,static,4,0.05,best,110,1,110,1.0,110,0,0
constructed_low,low_compressibility,2,24,capacity_aware,4,0.05,best,110,1,110,1.0,110,0,0
constructed_low,low_compressibility,2,24,smooth,4,0.05,best,110,1,110,1.0,110,0,0
constructed_low,low_compressibility,2,24,delivery_aware_v1,4,0.05,best,110,1,110,1.0,110,0,0
constructed_low,low_compressibility,2,24,delivery_aware_v2,4,0.05,best,110,1,110,1.0,110,0,0
constructed_low,low_compressibility,2,24,static,4,0.1,asap,110,1,110,1.0,110,0,0
constructed_low,low_compressibility,2,24,capacity_aware,4,0.1,asap,110,1,110,1.0,110,0,0
constructed_low,low_compressibility,2,24,smooth,4,0.1,asap,110,1,110,1.0,110,0,0
constructed_low,low_compressibility,2,24,delivery_aware_v1,4,0.1,asap,110,1,110,1.0,110,0,0
constructed_low,low_compressibility,2,24,delivery_aware_v2,4,0.1,asap,110,1,110,1.0,110,0,0
constructed_low,low_compressibility,2,24,static,4,0.1,best,110,1,110,1.0,110,0,0
constructed_low,low_compressibility,2,24,capacity_aware,4,0.1,best,110,1,110,1.0,110,0,0
constructed_low,low_compressibility,2,24,smooth,4,0.1,best,110,1,110,1.0,110,0,0
constructed_low,low_compressibility,2,24,delivery_aware_v1,4,0.1,best,110,1,110,1.0,110,0,0
constructed_low,low_compressibility,2,24,delivery_aware_v2,4,0.1,best,110,1,110,1.0,110,0,0
constructed_low,low_compressibility,2,24,static,8,0.05,asap,110,1,110,1.0,110,0,0
constructed_low,low_compressibility,2,24,capacity_aware,8,0.05,asap,110,1,110,1.0,110,0,0
constructed_low,low_compressibility,2,24,smooth,8,0.05,asap,110,1,110,1.0,110,0,0
constructed_low,low_compressibility,2,24,delivery_aware_v1,8,0.05,asap,110,1,110,1.0,110,0,0
constructed_low,low_compressibility,2,24,delivery_aware_v2,8,0.05,asap,110,1,110,1.0,110,0,0
constructed_low,low_compressibility,2,24,static,8,0.05,best,110,1,110,1.0,110,0,0
constructed_low,low_compressibility,2,24,capacity_aware,8,0.05,best,110,1,110,1.0,110,0,0
constructed_low,low_compressibility,2,24,smooth,8,0.05,best,110,1,110,1.0,110,0,0
constructed_low,low_compressibility,2,24,delivery_aware_v1,8,0.05,best,110,1,110,1.0,110,0,0
constructed_low,low_compressibility,2,24,delivery_aware_v2,8,0.05,best,110,1,110,1.0,110,0,0
constructed_low,low_compressibility,2,24,static,8,0.1,asap,110,1,110,1.0,110,0,0
constructed_low,low_compressibility,2,24,capacity_aware,8,0.1,asap,110,1,110,1.0,110,0,0
constructed_low,low_compressibility,2,24,smooth,8,0.1,asap,110,1,110,1.0,110,0,0
constructed_low,low_compressibility,2,24,delivery_aware_v1,8,0.1,asap,110,1,110,1.0,110,0,0
constructed_low,low_compressibility,2,24,delivery_aware_v2,8,0.1,asap,110,1,110,1.0,110,0,0
constructed_low,low_compressibility,2,24,static,8,0.1,best,110,1,110,1.0,110,0,0
constructed_low,low_compressibility,2,24,capacity_aware,8,0.1,best,110,1,110,1.0,110,0,0
constructed_low,low_compressibility,2,24,smooth,8,0.1,best,110,1,110,1.0,110,0,0
constructed_low,low_compressibility,2,24,delivery_aware_v1,8,0.1,best,110,1,110,1.0,110,0,0
constructed_low,low_compressibility,2,24,delivery_aware_v2,8,0.1,best,110,1,110,1.0,110,0,0
constructed_low,low_compressibility,2,24,static,12,0.05,asap,110,1,110,1.0,110,0,0
constructed_low,low_compressibility,2,24,capacity_aware,12,0.05,asap,110,1,110,1.0,110,0,0
constructed_low,low_compressibility,2,24,smooth,12,0.05,asap,110,1,110,1.0,110,0,0
constructed_low,low_compressibility,2,24,delivery_aware_v1,12,0.05,asap,110,1,110,1.0,110,0,0
constructed_low,low_compressibility,2,24,delivery_aware_v2,12,0.05,asap,110,1,110,1.0,110,0,0
constructed_low,low_compressibility,2,24,static,12,0.05,best,110,1,110,1.0,110,0,0
constructed_low,low_compressibility,2,24,capacity_aware,12,0.05,best,110,1,110,1.0,110,0,0
constructed_low,low_compressibility,2,24,smooth,12,0.05,best,110,1,110,1.0,110,0,0
constructed_low,low_compressibility,2,24,delivery_aware_v1,12,0.05,best,110,1,110,1.0,110,0,0
constructed_low,low_compressibility,2,24,delivery_aware_v2,12,0.05,best,110,1,110,1.0,110,0,0
constructed_low,low_compressibility,2,24,static,12,0.1,asap,110,1,110,1.0,110,0,0
constructed_low,low_compressibility,2,24,capacity_aware,12,0.1,asap,110,1,110,1.0,110,0,0
constructed_low,low_compressibility,2,24,smooth,12,0.1,asap,110,1,110,1.0,110,0,0
constructed_low,low_compressibility,2,24,delivery_aware_v1,12,0.1,asap,110,1,110,1.0,110,0,0
constructed_low,low_compressibility,2,24,delivery_aware_v2,12,0.1,asap,110,1,110,1.0,110,0,0
constructed_low,low_compressibility,2,24,static,12,0.1,best,110,1,110,1.0,110,0,0
constructed_low,low_compressibility,2,24,capacity_aware,12,0.1,best,110,1,110,1.0,110,0,0
constructed_low,low_compressibility,2,24,smooth,12,0.1,best,110,1,110,1.0,110,0,0
constructed_low,low_compressibility,2,24,delivery_aware_v1,12,0.1,best,110,1,110,1.0,110,0,0
constructed_low,low_compressibility,2,24,delivery_aware_v2,12,0.1,best,110,1,110,1.0,110,0,0
constructed_high,high_compressibility,3,24,static,0,0.05,asap,77,,,,,,
constructed_high,high_compressibility,3,24,capacity_aware,0,0.05,asap,77,,,,,,
constructed_high,high_compressibility,3,24,smooth,0,0.05,asap,77,1,77,1.0,77,0,0
constructed_high,high_compressibility,3,24,delivery_aware_v1,0,0.05,asap,77,1,77,1.0,77,0,0
constructed_high,high_compressibility,3,24,delivery_aware_v2,0,0.05,asap,77,1,77,1.0,77,0,0
constructed_high,high_compressibility,3,24,static,0,0.05,best,77,,,,,,
constructed_high,high_compressibility,3,24,capacity_aware,0,0.05,best,77,,,,,,
constructed_high,high_compressibility,3,24,smooth,0,0.05,best,77,1,77,1.0,77,0,0
constructed_high,high_compressibility,3,24,delivery_aware_v1,0,0.05,best,77,1,77,1.0,77,0,0
constructed_high,high_compressibility,3,24,delivery_aware_v2,0,0.05,best,77,1,77,1.0,77,0,0
constructed_high,high_compressibility,3,24,static,0,0.1,asap,77,7,84,1.0909090909090908,77,7,44
constructed_high,high_compressibility,3,24,capacity_aware,0,0.1,asap,77,8,84,1.0909090909090908,84,0,0
constructed_high,high_compressibility,3,24,smooth,0,0.1,asap,77,1,77,1.0,77,0,0
constructed_high,high_compressibility,3,24,delivery_aware_v1,0,0.1,asap,77,1,77,1.0,77,0,0
constructed_high,high_compressibility,3,24,delivery_aware_v2,0,0.1,asap,77,1,77,1.0,77,0,0
constructed_high,high_compressibility,3,24,static,0,0.1,best,77,7,84,1.0909090909090908,77,7,44
constructed_high,high_compressibility,3,24,capacity_aware,0,0.1,best,77,8,84,1.0909090909090908,84,0,0
constructed_high,high_compressibility,3,24,smooth,0,0.1,best,77,1,77,1.0,77,0,0
constructed_high,high_compressibility,3,24,delivery_aware_v1,0,0.1,best,77,1,77,1.0,77,0,0
constructed_high,high_compressibility,3,24,delivery_aware_v2,0,0.1,best,77,1,77,1.0,77,0,0
constructed_high,high_compressibility,3,24,static,4,0.05,asap,77,,,,,,
constructed_high,high_compressibility,3,24,capacity_aware,4,0.05,asap,77,,,,,,
constructed_high,high_compressibility,3,24,smooth,4,0.05,asap,77,1,77,1.0,77,0,0
constructed_high,high_compressibility,3,24,delivery_aware_v1,4,0.05,asap,77,1,78,1.0129870129870129,77,1,5
constructed_high,high_compressibility,3,24,delivery_aware_v2,4,0.05,asap,77,1,77,1.0,77,0,0
constructed_high,high_compressibility,3,24,static,4,0.05,best,77,,,,,,
constructed_high,high_compressibility,3,24,capacity_aware,4,0.05,best,77,,,,,,
constructed_high,high_compressibility,3,24,smooth,4,0.05,best,77,1,77,1.0,77,0,0
constructed_high,high_compressibility,3,24,delivery_aware_v1,4,0.05,best,77,1,78,1.0129870129870129,77,1,5
constructed_high,high_compressibility,3,24,delivery_aware_v2,4,0.05,best,77,1,77,1.0,77,0,0
constructed_high,high_compressibility,3,24,static,4,0.1,asap,77,6,84,1.0909090909090908,77,7,46
constructed_high,high_compressibility,3,24,capacity_aware,4,0.1,asap,77,8,84,1.0909090909090908,84,0,0
constructed_high,high_compressibility,3,24,smooth,4,0.1,asap,77,1,77,1.0,77,0,0
constructed_high,high_compressibility,3,24,delivery_aware_v1,4,0.1,asap,77,1,78,1.0129870129870129,77,1,5
constructed_high,high_compressibility,3,24,delivery_aware_v2,4,0.1,asap,77,1,77,1.0,77,0,0
constructed_high,high_compressibility,3,24,static,4,0.1,best,77,6,84,1.0909090909090908,77,7,46
constructed_high,high_compressibility,3,24,capacity_aware,4,0.1,best,77,8,84,1.0909090909090908,84,0,0
constructed_high,high_compressibility,3,24,smooth,4,0.1,best,77,1,77,1.0,77,0,0
constructed_high,high_compressibility,3,24,delivery_aware_v1,4,0.1,best,77,1,78,1.0129870129870129,77,1,5
constructed_high,high_compressibility,3,24,delivery_aware_v2,4,0.1,best,77,1,77,1.0,77,0,0
constructed_high,high_compressibility,3,24,static,8,0.05,asap,77,10,80,1.0389610389610389,77,3,38
constructed_high,high_compressibility,3,24,capacity_aware,8,0.05,asap,77,,,,,,
constructed_high,high_compressibility,3,24,smooth,8,0.05,asap,77,1,77,1.0,77,0,0
constructed_high,high_compressibility,3,24,delivery_aware_v1,8,0.05,asap,77,1,78,1.0129870129870129,77,1,9
constructed_high,high_compressibility,3,24,delivery_aware_v2,8,0.05,asap,77,1,77,1.0,77,0,0
constructed_high,high_compressibility,3,24,static,8,0.05,best,77,10,80,1.0389610389610389,77,3,38
constructed_high,high_compressibility,3,24,capacity_aware,8,0.05,best,77,,,,,,
constructed_high,high_compressibility,3,24,smooth,8,0.05,best,77,1,77,1.0,77,0,0
constructed_high,high_compressibility,3,24,delivery_aware_v1,8,0.05,best,77,1,78,1.0129870129870129,77,1,9
constructed_high,high_compressibility,3,24,delivery_aware_v2,8,0.05,best,77,1,77,1.0,77,0,0
constructed_high,high_compressibility,3,24,static,8,0.1,asap,77,6,84,1.0909090909090908,77,7,46
constructed_high,high_compressibility,3,24,capacity_aware,8,0.1,asap,77,8,84,1.0909090909090908,84,0,0
constructed_high,high_compressibility,3,24,smooth,8,0.1,asap,77,1,77,1.0,77,0,0
constructed_high,high_compressibility,3,24,delivery_aware_v1,8,0.1,asap,77,1,78,1.0129870129870129,77,1,9
constructed_high,high_compressibility,3,24,delivery_aware_v2,8,0.1,asap,77,1,77,1.0,77,0,0
constructed_high,high_compressibility,3,24,static,8,0.1,best,77,6,84,1.0909090909090908,77,7,46
constructed_high,high_compressibility,3,24,capacity_aware,8,0.1,best,77,8,84,1.0909090909090908,84,0,0
constructed_high,high_compressibility,3,24,smooth,8,0.1,best,77,1,77,1.0,77,0,0
constructed_high,high_compressibility,3,24,delivery_aware_v1,8,0.1,best,77,1,78,1.0129870129870129,77,1,9
constructed_high,high_compressibility,3,24,delivery_aware_v2,8,0.1,best,77,1,77,1.0,77,0,0
constructed_high,high_compressibility,3,24,static,12,0.05,asap,77,10,80,1.0389610389610389,77,3,38
constructed_high,high_compressibility,3,24,capacity_aware,12,0.05,asap,77,,,,,,
constructed_high,high_compressibility,3,24,smooth,12,0.05,asap,77,1,77,1.0,77,0,0
constructed_high,high_compressibility,3,24,delivery_aware_v1,12,0.05,asap,77,1,78,1.0129870129870129,77,1,13
constructed_high,high_compressibility,3,24,delivery_aware_v2,12,0.05,asap,77,1,77,1.0,77,0,0
constructed_high,high_compressibility,3,24,static,12,0.05,best,77,10,80,1.0389610389610389,77,3,38
constructed_high,high_compressibility,3,24,capacity_aware,12,0.05,best,77,,,,,,
constructed_high,high_compressibility,3,24,smooth,12,0.05,best,77,1,77,1.0,77,0,0
constructed_high,high_compressibility,3,24,delivery_aware_v1,12,0.05,best,77,1,78,1.0129870129870129,77,1,13
constructed_high,high_compressibility,3,24,delivery_aware_v2,12,0.05,best,77,1,77,1.0,77,0,0
constructed_high,high_compressibility,3,24,static,12,0.1,asap,77,6,83,1.077922077922078,77,6,46
constructed_high,high_compressibility,3,24,capacity_aware,12,0.1,asap,77,8,84,1.0909090909090908,84,0,0
constructed_high,high_compressibility,3,24,smooth,12,0.1,asap,77,1,77,1.0,77,0,0
constructed_high,high_compressibility,3,24,delivery_aware_v1,12,0.1,asap,77,1,78,1.0129870129870129,77,1,13
constructed_high,high_compressibility,3,24,delivery_aware_v2,12,0.1,asap,77,1,77,1.0,77,0,0
constructed_high,high_compressibility,3,24,static,12,0.1,best,77,6,83,1.077922077922078,77,6,46
constructed_high,high_compressibility,3,24,capacity_aware,12,0.1,best,77,8,84,1.0909090909090908,84,0,0
constructed_high,high_compressibility,3,24,smooth,12,0.1,best,77,1,77,1.0,77,0,0
constructed_high,high_compressibility,3,24,delivery_aware_v1,12,0.1,best,77,1,78,1.0129870129870129,77,1,13
constructed_high,high_compressibility,3,24,delivery_aware_v2,12,0.1,best,77,1,77,1.0,77,0,0
constructed_medium,medium_compressibility,3,24,static,0,0.05,asap,73,2,76,1.0410958904109588,73,3,5
constructed_medium,medium_compressibility,3,24,capacity_aware,0,0.05,asap,73,5,75,1.0273972602739727,75,0,0
constructed_medium,medium_compressibility,3,24,smooth,0,0.05,asap,73,2,73,1.0,73,0,0
constructed_medium,medium_compressibility,3,24,delivery_aware_v1,0,0.05,asap,73,2,73,1.0,73,0,0
constructed_medium,medium_compressibility,3,24,delivery_aware_v2,0,0.05,asap,73,2,73,1.0,73,0,0
constructed_medium,medium_compressibility,3,24,static,0,0.05,best,73,2,76,1.0410958904109588,73,3,5
constructed_medium,medium_compressibility,3,24,capacity_aware,0,0.05,best,73,5,75,1.0273972602739727,75,0,0
constructed_medium,medium_compressibility,3,24,smooth,0,0.05,best,73,2,73,1.0,73,0,0
constructed_medium,medium_compressibility,3,24,delivery_aware_v1,0,0.05,best,73,2,73,1.0,73,0,0
constructed_medium,medium_compressibility,3,24,delivery_aware_v2,0,0.05,best,73,2,73,1.0,73,0,0
constructed_medium,medium_compressibility,3,24,static,0,0.1,asap,73,2,76,1.0410958904109588,73,3,5
constructed_medium,medium_compressibility,3,24,capacity_aware,0,0.1,asap,73,3,78,1.0684931506849316,78,0,0
constructed_medium,medium_compressibility,3,24,smooth,0,0.1,asap,73,2,73,1.0,73,0,0
constructed_medium,medium_compressibility,3,24,delivery_aware_v1,0,0.1,asap,73,2,73,1.0,73,0,0
constructed_medium,medium_compressibility,3,24,delivery_aware_v2,0,0.1,asap,73,2,73,1.0,73,0,0
constructed_medium,medium_compressibility,3,24,static,0,0.1,best,73,2,76,1.0410958904109588,73,3,5
constructed_medium,medium_compressibility,3,24,capacity_aware,0,0.1,best,73,3,78,1.0684931506849316,78,0,0
constructed_medium,medium_compressibility,3,24,smooth,0,0.1,best,73,2,73,1.0,73,0,0
constructed_medium,medium_compressibility,3,24,delivery_aware_v1,0,0.1,best,73,2,73,1.0,73,0,0
constructed_medium,medium_compressibility,3,24,delivery_aware_v2,0,0.1,best,73,2,73,1.0,73,0,0
constructed_medium,medium_compressibility,3,24,static,4,0.05,asap,73,2,74,1.0136986301369864,73,1,5
constructed_medium,medium_compressibility,3,24,capacity_aware,4,0.05,asap,73,5,75,1.0273972602739727,75,0,0
constructed_medium,medium_compressibility,3,24,smooth,4,0.05,asap,73,2,73,1.0,73,0,0
constructed_medium,medium_compressibility,3,24,delivery_aware_v1,4,0.05,asap,73,2,73,1.0,73,0,1
constructed_medium,medium_compressibility,3,24,delivery_aware_v2,4,0.05,asap,73,2,73,1.0,73,0,0
constructed_medium,medium_compressibility,3,24,static,4,0.05,best,73,2,74,1.0136986301369864,73,1,5
constructed_medium,medium_compressibility,3,24,capacity_aware,4,0.05,best,73,5,75,1.0273972602739727,75,0,0
constructed_medium,medium_compressibility,3,24,smooth,4,0.05,best,73,2,73,1.0,73,0,0
constructed_medium,medium_compressibility,3,24,delivery_aware_v1,4,0.05,best,73,2,73,1.0,73,0,1
constructed_medium,medium_compressibility,3,24,delivery_aware_v2,4,0.05,best,73,2,73,1.0,73,0,0
constructed_medium,medium_compressibility,3,24,static,4,0.1,asap,73,2,74,1.0136986301369864,73,1,5
constructed_medium,medium_compressibility,3,24,capacity_aware,4,0.1,asap,73,3,78,1.0684931506849316,78,0,0
constructed_medium,medium_compressibility,3,24,smooth,4,0.1,asap,73,2,73,1.0,73,0,0
constructed_medium,medium_compressibility,3,24,delivery_aware_v1,4,0.1,asap,73,2,73,1.0,73,0,1
constructed_medium,medium_compressibility,3,24,delivery_aware_v2,4,0.1,asap,73,2,73,1.0,73,0,0
constructed_medium,medium_compressibility,3,24,static,4,0.1,best,73,2,74,1.0136986301369864,73,1,5
constructed_medium,medium_compressibility,3,24,capacity_aware,4,0.1,best,73,3,78,1.0684931506849316,78,0,0
constructed_medium,medium_compressibility,3,24,smooth,4,0.1,best,73,2,73,1.0,73,0,0
constructed_medium,medium_compressibility,3,24,delivery_aware_v1,4,0.1,best,73,2,73,1.0,73,0,1
constructed_medium,medium_compressibility,3,24,delivery_aware_v2,4,0.1,best,73,2,73,1.0,73,0,0
constructed_medium,medium_compressibility,3,24,static,8,0.05,asap,73,2,73,1.0,73,0,5
constructed_medium,medium_compressibility,3,24,capacity_aware,8,0.05,asap,73,5,75,1.0273972602739727,75,0,0
constructed_medium,medium_compressibility,3,24,smooth,8,0.05,asap,73,2,73,1.0,73,0,0
constructed_medium,medium_compressibility,3,24,delivery_aware_v1,8,0.05,asap,73,2,73,1.0,73,0,2
constructed_medium,medium_compressibility,3,24,delivery_aware_v2,8,0.05,asap,73,2,73,1.0,73,0,0
constructed_medium,medium_compressibility,3,24,static,8,0.05,best,73,2,73,1.0,73,0,5
constructed_medium,medium_compressibility,3,24,capacity_aware,8,0.05,best,73,5,75,1.0273972602739727,75,0,0
constructed_medium,medium_compressibility,3,24,smooth,8,0.05,best,73,2,73,1.0,73,0,0
constructed_medium,medium_compressibility,3,24,delivery_aware_v1,8,0.05,best,73,2,73,1.0,73,0,2
constructed_medium,medium_compressibility,3,24,delivery_aware_v2,8,0.05,best,73,2,73,1.0,73,0,0
constructed_medium,medium_compressibility,3,24,static,8,0.1,asap,73,2,73,1.0,73,0,5
constructed_medium,medium_compressibility,3,24,capacity_aware,8,0.1,asap,73,3,78,1.0684931506849316,78,0,0
constructed_medium,medium_compressibility,3,24,smooth,8,0.1,asap,73,1,80,1.095890410958904,73,7,15
constructed_medium,medium_compressibility,3,24,delivery_aware_v1,8,0.1,asap,73,1,80,1.095890410958904,73,7,15
constructed_medium,medium_compressibility,3,24,delivery_aware_v2,8,0.1,asap,73,1,80,1.095890410958904,73,7,15
constructed_medium,medium_compressibility,3,24,static,8,0.1,best,73,2,73,1.0,73,0,5
constructed_medium,medium_compressibility,3,24,capacity_aware,8,0.1,best,73,3,78,1.0684931506849316,78,0,0
constructed_medium,medium_compressibility,3,24,smooth,8,0.1,best,73,1,80,1.095890410958904,73,7,15
constructed_medium,medium_compressibility,3,24,delivery_aware_v1,8,0.1,best,73,1,80,1.095890410958904,73,7,15
constructed_medium,medium_compressibility,3,24,delivery_aware_v2,8,0.1,best,73,1,80,1.095890410958904,73,7,15
constructed_medium,medium_compressibility,3,24,static,12,0.05,asap,73,2,73,1.0,73,0,5
constructed_medium,medium_compressibility,3,24,capacity_aware,12,0.05,asap,73,5,75,1.0273972602739727,75,0,0
constructed_medium,medium_compressibility,3,24,smooth,12,0.05,asap,73,1,76,1.0410958904109588,73,3,15
constructed_medium,medium_compressibility,3,24,delivery_aware_v1,12,0.05,asap,73,1,76,1.0410958904109588,73,3,15
constructed_medium,medium_compressibility,3,24,delivery_aware_v2,12,0.05,asap,73,1,76,1.0410958904109588,73,3,15
constructed_medium,medium_compressibility,3,24,static,12,0.05,best,73,2,73,1.0,73,0,5
constructed_medium,medium_compressibility,3,24,capacity_aware,12,0.05,best,73,5,75,1.0273972602739727,75,0,0
constructed_medium,medium_compressibility,3,24,smooth,12,0.05,best,73,1,76,1.0410958904109588,73,3,15
constructed_medium,medium_compressibility,3,24,delivery_aware_v1,12,0.05,best,73,1,76,1.0410958904109588,73,3,15
constructed_medium,medium_compressibility,3,24,delivery_aware_v2,12,0.05,best,73,1,76,1.0410958904109588,73,3,15
constructed_medium,medium_compressibility,3,24,static,12,0.1,asap,73,2,73,1.0,73,0,5
constructed_medium,medium_compressibility,3,24,capacity_aware,12,0.1,asap,73,3,78,1.0684931506849316,78,0,0
constructed_medium,medium_compressibility,3,24,smooth,12,0.1,asap,73,1,76,1.0410958904109588,73,3,15
constructed_medium,medium_compressibility,3,24,delivery_aware_v1,12,0.1,asap,73,1,76,1.0410958904109588,73,3,15
constructed_medium,medium_compressibility,3,24,delivery_aware_v2,12,0.1,asap,73,1,76,1.0410958904109588,73,3,15
constructed_medium,medium_compressibility,3,24,static,12,0.1,best,73,2,73,1.0,73,0,5
constructed_medium,medium_compressibility,3,24,capacity_aware,12,0.1,best,73,3,78,1.0684931506849316,78,0,0
constructed_medium,medium_compressibility,3,24,smooth,12,0.1,best,73,1,76,1.0410958904109588,73,3,15
constructed_medium,medium_compressibility,3,24,delivery_aware_v1,12,0.1,best,73,1,76,1.0410958904109588,73,3,15
constructed_medium,medium_compressibility,3,24,delivery_aware_v2,12,0.1,best,73,1,76,1.0410958904109588,73,3,15
constructed_low,low_compressibility,3,24,static,0,0.05,asap,100,1,100,1.0,100,0,0
constructed_low,low_compressibility,3,24,capacity_aware,0,0.05,asap,100,1,100,1.0,100,0,0
constructed_low,low_compressibility,3,24,smooth,0,0.05,asap,100,1,100,1.0,100,0,0
constructed_low,low_compressibility,3,24,delivery_aware_v1,0,0.05,asap,100,1,100,1.0,100,0,0
constructed_low,low_compressibility,3,24,delivery_aware_v2,0,0.05,asap,100,1,100,1.0,100,0,0
constructed_low,low_compressibility,3,24,static,0,0.05,best,100,1,100,1.0,100,0,0
constructed_low,low_compressibility,3,24,capacity_aware,0,0.05,best,100,1,100,1.0,100,0,0
constructed_low,low_compressibility,3,24,smooth,0,0.05,best,100,1,100,1.0,100,0,0
constructed_low,low_compressibility,3,24,delivery_aware_v1,0,0.05,best,100,1,100,1.0,100,0,0
constructed_low,low_compressibility,3,24,delivery_aware_v2,0,0.05,best,100,1,100,1.0,100,0,0
constructed_low,low_compressibility,3,24,static,0,0.1,asap,100,1,100,1.0,100,0,0
constructed_low,low_compressibility,3,24,capacity_aware,0,0.1,asap,100,1,100,1.0,100,0,0
constructed_low,low_compressibility,3,24,smooth,0,0.1,asap,100,1,100,1.0,100,0,0
constructed_low,low_compressibility,3,24,delivery_aware_v1,0,0.1,asap,100,1,100,1.0,100,0,0
constructed_low,low_compressibility,3,24,delivery_aware_v2,0,0.1,asap,100,1,100,1.0,100,0,0
constructed_low,low_compressibility,3,24,static,0,0.1,best,100,1,100,1.0,100,0,0
constructed_low,low_compressibility,3,24,capacity_aware,0,0.1,best,100,1,100,1.0,100,0,0
constructed_low,low_compressibility,3,24,smooth,0,0.1,best,100,1,100,1.0,100,0,0
constructed_low,low_compressibility,3,24,delivery_aware_v1,0,0.1,best,100,1,100,1.0,100,0,0
constructed_low,low_compressibility,3,24,delivery_aware_v2,0,0.1,best,100,1,100,1.0,100,0,0
constructed_low,low_compressibility,3,24,static,4,0.05,asap,100,1,100,1.0,100,0,0
constructed_low,low_compressibility,3,24,capacity_aware,4,0.05,asap,100,1,100,1.0,100,0,0
constructed_low,low_compressibility,3,24,smooth,4,0.05,asap,100,1,100,1.0,100,0,0
constructed_low,low_compressibility,3,24,delivery_aware_v1,4,0.05,asap,100,1,100,1.0,100,0,0
constructed_low,low_compressibility,3,24,delivery_aware_v2,4,0.05,asap,100,1,100,1.0,100,0,0
constructed_low,low_compressibility,3,24,static,4,0.05,best,100,1,100,1.0,100,0,0
constructed_low,low_compressibility,3,24,capacity_aware,4,0.05,best,100,1,100,1.0,100,0,0
constructed_low,low_compressibility,3,24,smooth,4,0.05,best,100,1,100,1.0,100,0,0
constructed_low,low_compressibility,3,24,delivery_aware_v1,4,0.05,best,100,1,100,1.0,100,0,0
constructed_low,low_compressibility,3,24,delivery_aware_v2,4,0.05,best,100,1,100,1.0,100,0,0
constructed_low,low_compressibility,3,24,static,4,0.1,asap,100,1,100,1.0,100,0,0
constructed_low,low_compressibility,3,24,capacity_aware,4,0.1,asap,100,1,100,1.0,100,0,0
constructed_low,low_compressibility,3,24,smooth,4,0.1,asap,100,1,100,1.0,100,0,0
constructed_low,low_compressibility,3,24,delivery_aware_v1,4,0.1,asap,100,1,100,1.0,100,0,0
constructed_low,low_compressibility,3,24,delivery_aware_v2,4,0.1,asap,100,1,100,1.0,100,0,0
constructed_low,low_compressibility,3,24,static,4,0.1,best,100,1,100,1.0,100,0,0
constructed_low,low_compressibility,3,24,capacity_aware,4,0.1,best,100,1,100,1.0,100,0,0
constructed_low,low_compressibility,3,24,smooth,4,0.1,best,100,1,100,1.0,100,0,0
constructed_low,low_compressibility,3,24,delivery_aware_v1,4,0.1,best,100,1,100,1.0,100,0,0
constructed_low,low_compressibility,3,24,delivery_aware_v2,4,0.1,best,100,1,100,1.0,100,0,0
constructed_low,low_compressibility,3,24,static,8,0.05,asap,100,1,100,1.0,100,0,0
constructed_low,low_compressibility,3,24,capacity_aware,8,0.05,asap,100,1,100,1.0,100,0,0
constructed_low,low_compressibility,3,24,smooth,8,0.05,asap,100,1,100,1.0,100,0,0
constructed_low,low_compressibility,3,24,delivery_aware_v1,8,0.05,asap,100,1,100,1.0,100,0,0
constructed_low,low_compressibility,3,24,delivery_aware_v2,8,0.05,asap,100,1,100,1.0,100,0,0
constructed_low,low_compressibility,3,24,static,8,0.05,best,100,1,100,1.0,100,0,0
constructed_low,low_compressibility,3,24,capacity_aware,8,0.05,best,100,1,100,1.0,100,0,0
constructed_low,low_compressibility,3,24,smooth,8,0.05,best,100,1,100,1.0,100,0,0
constructed_low,low_compressibility,3,24,delivery_aware_v1,8,0.05,best,100,1,100,1.0,100,0,0
constructed_low,low_compressibility,3,24,delivery_aware_v2,8,0.05,best,100,1,100,1.0,100,0,0
constructed_low,low_compressibility,3,24,static,8,0.1,asap,100,1,100,1.0,100,0,0
constructed_low,low_compressibility,3,24,capacity_aware,8,0.1,asap,100,1,100,1.0,100,0,0
constructed_low,low_compressibility,3,24,smooth,8,0.1,asap,100,1,100,1.0,100,0,0
constructed_low,low_compressibility,3,24,delivery_aware_v1,8,0.1,asap,100,1,100,1.0,100,0,0
constructed_low,low_compressibility,3,24,delivery_aware_v2,8,0.1,asap,100,1,100,1.0,100,0,0
constructed_low,low_compressibility,3,24,static,8,0.1,best,100,1,100,1.0,100,0,0
constructed_low,low_compressibility,3,24,capacity_aware,8,0.1,best,100,1,100,1.0,100,0,0
constructed_low,low_compressibility,3,24,smooth,8,0.1,best,100,1,100,1.0,100,0,0
constructed_low,low_compressibility,3,24,delivery_aware_v1,8,0.1,best,100,1,100,1.0,100,0,0
constructed_low,low_compressibility,3,24,delivery_aware_v2,8,0.1,best,100,1,100,1.0,100,0,0
constructed_low,low_compressibility,3,24,static,12,0.05,asap,100,1,100,1.0,100,0,0
constructed_low,low_compressibility,3,24,capacity_aware,12,0.05,asap,100,1,100,1.0,100,0,0
constructed_low,low_compressibility,3,24,smooth,12,0.05,asap,100,1,100,1.0,100,0,0
constructed_low,low_compressibility,3,24,delivery_aware_v1,12,0.05,asap,100,1,100,1.0,100,0,0
constructed_low,low_compressibility,3,24,delivery_aware_v2,12,0.05,asap,100,1,100,1.0,100,0,0
constructed_low,low_compressibility,3,24,static,12,0.05,best,100,1,100,1.0,100,0,0
constructed_low,low_compressibility,3,24,capacity_aware,12,0.05,best,100,1,100,1.0,100,0,0
constructed_low,low_compressibility,3,24,smooth,12,0.05,best,100,1,100,1.0,100,0,0
constructed_low,low_compressibility,3,24,delivery_aware_v1,12,0.05,best,100,1,100,1.0,100,0,0
constructed_low,low_compressibility,3,24,delivery_aware_v2,12,0.05,best,100,1,100,1.0,100,0,0
constructed_low,low_compressibility,3,24,static,12,0.1,asap,100,1,100,1.0,100,0,0
constructed_low,low_compressibility,3,24,capacity_aware,12,0.1,asap,100,1,100,1.0,100,0,0
constructed_low,low_compressibility,3,24,smooth,12,0.1,asap,100,1,100,1.0,100,0,0
constructed_low,low_compressibility,3,24,delivery_aware_v1,12,0.1,asap,100,1,100,1.0,100,0,0
constructed_low,low_compressibility,3,24,delivery_aware_v2,12,0.1,asap,100,1,100,1.0,100,0,0
constructed_low,low_compressibility,3,24,static,12,0.1,best,100,1,100,1.0,100,0,0
constructed_low,low_compressibility,3,24,capacity_aware,12,0.1,best,100,1,100,1.0,100,0,0
constructed_low,low_compressibility,3,24,smooth,12,0.1,best,100,1,100,1.0,100,0,0
constructed_low,low_compressibility,3,24,delivery_aware_v1,12,0.1,best,100,1,100,1.0,100,0,0
constructed_low,low_compressibility,3,24,delivery_aware_v2,12,0.1,best,100,1,100,1.0,100,0,0
constructed_high,high_compressibility,4,24,static,0,0.05,asap,77,,,,,,
constructed_high,high_compressibility,4,24,capacity_aware,0,0.05,asap,77,,,,,,
constructed_high,high_compressibility,4,24,smooth,0,0.05,asap,77,1,77,1.0,77,0,0
constructed_high,high_compressibility,4,24,delivery_aware_v1,0,0.05,asap,77,1,77,1.0,77,0,0
constructed_high,high_compressibility,4,24,delivery_aware_v2,0,0.05,asap,77,1,77,1.0,77,0,0
constructed_high,high_compressibility,4,24,static,0,0.05,best,77,,,,,,
constructed_high,high_compressibility,4,24,capacity_aware,0,0.05,best,77,,,,,,
constructed_high,high_compressibility,4,24,smooth,0,0.05,best,77,1,77,1.0,77,0,0
constructed_high,high_compressibility,4,24,delivery_aware_v1,0,0.05,best,77,1,77,1.0,77,0,0
constructed_high,high_compressibility,4,24,delivery_aware_v2,0,0.05,best,77,1,77,1.0,77,0,0
constructed_high,high_compressibility,4,24,static,0,0.1,asap,77,6,84,1.0909090909090908,77,7,41
constructed_high,high_compressibility,4,24,capacity_aware,0,0.1,asap,77,7,84,1.0909090909090908,84,0,0
constructed_high,high_compressibility,4,24,smooth,0,0.1,asap,77,1,77,1.0,77,0,0
constructed_high,high_compressibility,4,24,delivery_aware_v1,0,0.1,asap,77,1,77,1.0,77,0,0
constructed_high,high_compressibility,4,24,delivery_aware_v2,0,0.1,asap,77,1,77,1.0,77,0,0
constructed_high,high_compressibility,4,24,static,0,0.1,best,77,6,84,1.0909090909090908,77,7,41
constructed_high,high_compressibility,4,24,capacity_aware,0,0.1,best,77,7,84,1.0909090909090908,84,0,0
constructed_high,high_compressibility,4,24,smooth,0,0.1,best,77,1,77,1.0,77,0,0
constructed_high,high_compressibility,4,24,delivery_aware_v1,0,0.1,best,77,1,77,1.0,77,0,0
constructed_high,high_compressibility,4,24,delivery_aware_v2,0,0.1,best,77,1,77,1.0,77,0,0
constructed_high,high_compressibility,4,24,static,4,0.05,asap,77,10,80,1.0389610389610389,77,3,33
constructed_high,high_compressibility,4,24,capacity_aware,4,0.05,asap,77,,,,,,
constructed_high,high_compressibility,4,24,smooth,4,0.05,asap,77,1,77,1.0,77,0,0
constructed_high,high_compressibility,4,24,delivery_aware_v1,4,0.05,asap,77,1,78,1.0129870129870129,77,1,5
constructed_high,high_compressibility,4,24,delivery_aware_v2,4,0.05,asap,77,1,77,1.0,77,0,0
constructed_high,high_compressibility,4,24,static,4,0.05,best,77,10,80,1.0389610389610389,77,3,33
constructed_high,high_compressibility,4,24,capacity_aware,4,0.05,best,77,,,,,,
constructed_high,high_compressibility,4,24,smooth,4,0.05,best,77,1,77,1.0,77,0,0
constructed_high,high_compressibility,4,24,delivery_aware_v1,4,0.05,best,77,1,78,1.0129870129870129,77,1,5
constructed_high,high_compressibility,4,24,delivery_aware_v2,4,0.05,best,77,1,77,1.0,77,0,0
constructed_high,high_compressibility,4,24,static,4,0.1,asap,77,6,84,1.0909090909090908,77,7,41
constructed_high,high_compressibility,4,24,capacity_aware,4,0.1,asap,77,7,84,1.0909090909090908,84,0,0
constructed_high,high_compressibility,4,24,smooth,4,0.1,asap,77,1,77,1.0,77,0,0
constructed_high,high_compressibility,4,24,delivery_aware_v1,4,0.1,asap,77,1,78,1.0129870129870129,77,1,5
constructed_high,high_compressibility,4,24,delivery_aware_v2,4,0.1,asap,77,1,77,1.0,77,0,0
constructed_high,high_compressibility,4,24,static,4,0.1,best,77,6,84,1.0909090909090908,77,7,41
constructed_high,high_compressibility,4,24,capacity_aware,4,0.1,best,77,7,84,1.0909090909090908,84,0,0
constructed_high,high_compressibility,4,24,smooth,4,0.1,best,77,1,77,1.0,77,0,0
constructed_high,high_compressibility,4,24,delivery_aware_v1,4,0.1,best,77,1,78,1.0129870129870129,77,1,5
constructed_high,high_compressibility,4,24,delivery_aware_v2,4,0.1,best,77,1,77,1.0,77,0,0
constructed_high,high_compressibility,4,24,static,8,0.05,asap,77,9,80,1.0389610389610389,77,3,35
constructed_high,high_compressibility,4,24,capacity_aware,8,0.05,asap,77,,,,,,
constructed_high,high_compressibility,4,24,smooth,8,0.05,asap,77,1,77,1.0,77,0,0
constructed_high,high_compressibility,4,24,delivery_aware_v1,8,0.05,asap,77,1,78,1.0129870129870129,77,1,9
constructed_high,high_compressibility,4,24,delivery_aware_v2,8,0.05,asap,77,1,77,1.0,77,0,0
constructed_high,high_compressibility,4,24,static,8,0.05,best,77,9,80,1.0389610389610389,77,3,35
constructed_high,high_compressibility,4,24,capacity_aware,8,0.05,best,77,,,,,,
constructed_high,high_compressibility,4,24,smooth,8,0.05,best,77,1,77,1.0,77,0,0
constructed_high,high_compressibility,4,24,delivery_aware_v1,8,0.05,best,77,1,78,1.0129870129870129,77,1,9
constructed_high,high_compressibility,4,24,delivery_aware_v2,8,0.05,best,77,1,77,1.0,77,0,0
constructed_high,high_compressibility,4,24,static,8,0.1,asap,77,5,84,1.0909090909090908,77,7,43
constructed_high,high_compressibility,4,24,capacity_aware,8,0.1,asap,77,7,84,1.0909090909090908,84,0,0
constructed_high,high_compressibility,4,24,smooth,8,0.1,asap,77,1,77,1.0,77,0,0
constructed_high,high_compressibility,4,24,delivery_aware_v1,8,0.1,asap,77,1,78,1.0129870129870129,77,1,9
constructed_high,high_compressibility,4,24,delivery_aware_v2,8,0.1,asap,77,1,77,1.0,77,0,0
constructed_high,high_compressibility,4,24,static,8,0.1,best,77,5,84,1.0909090909090908,77,7,43
constructed_high,high_compressibility,4,24,capacity_aware,8,0.1,best,77,7,84,1.0909090909090908,84,0,0
constructed_high,high_compressibility,4,24,smooth,8,0.1,best,77,1,77,1.0,77,0,0
constructed_high,high_compressibility,4,24,delivery_aware_v1,8,0.1,best,77,1,78,1.0129870129870129,77,1,9
constructed_high,high_compressibility,4,24,delivery_aware_v2,8,0.1,best,77,1,77,1.0,77,0,0
constructed_high,high_compressibility,4,24,static,12,0.05,asap,77,9,80,1.0389610389610389,77,3,35
constructed_high,high_compressibility,4,24,capacity_aware,12,0.05,asap,77,,,,,,
constructed_high,high_compressibility,4,24,smooth,12,0.05,asap,77,1,77,1.0,77,0,0
constructed_high,high_compressibility,4,24,delivery_aware_v1,12,0.05,asap,77,1,78,1.0129870129870129,77,1,13
constructed_high,high_compressibility,4,24,delivery_aware_v2,12,0.05,asap,77,1,77,1.0,77,0,0
constructed_high,high_compressibility,4,24,static,12,0.05,best,77,9,80,1.0389610389610389,77,3,35
constructed_high,high_compressibility,4,24,capacity_aware,12,0.05,best,77,,,,,,
constructed_high,high_compressibility,4,24,smooth,12,0.05,best,77,1,77,1.0,77,0,0
constructed_high,high_compressibility,4,24,delivery_aware_v1,12,0.05,best,77,1,78,1.0129870129870129,77,1,13
constructed_high,high_compressibility,4,24,delivery_aware_v2,12,0.05,best,77,1,77,1.0,77,0,0
constructed_high,high_compressibility,4,24,static,12,0.1,asap,77,5,84,1.0909090909090908,77,7,43
constructed_high,high_compressibility,4,24,capacity_aware,12,0.1,asap,77,7,84,1.0909090909090908,84,0,0
constructed_high,high_compressibility,4,24,smooth,12,0.1,asap,77,1,77,1.0,77,0,0
constructed_high,high_compressibility,4,24,delivery_aware_v1,12,0.1,asap,77,1,78,1.0129870129870129,77,1,13
constructed_high,high_compressibility,4,24,delivery_aware_v2,12,0.1,asap,77,1,77,1.0,77,0,0
constructed_high,high_compressibility,4,24,static,12,0.1,best,77,5,84,1.0909090909090908,77,7,43
constructed_high,high_compressibility,4,24,capacity_aware,12,0.1,best,77,7,84,1.0909090909090908,84,0,0
constructed_high,high_compressibility,4,24,smooth,12,0.1,best,77,1,77,1.0,77,0,0
constructed_high,high_compressibility,4,24,delivery_aware_v1,12,0.1,best,77,1,78,1.0129870129870129,77,1,13
constructed_high,high_compressibility,4,24,delivery_aware_v2,12,0.1,best,77,1,77,1.0,77,0,0
constructed_medium,medium_compressibility,4,24,static,0,0.05,asap,73,2,75,1.0273972602739727,73,2,4
constructed_medium,medium_compressibility,4,24,capacity_aware,0,0.05,asap,73,4,75,1.0273972602739727,75,0,0
constructed_medium,medium_compressibility,4,24,smooth,0,0.05,asap,73,2,73,1.0,73,0,0
constructed_medium,medium_compressibility,4,24,delivery_aware_v1,0,0.05,asap,73,2,73,1.0,73,0,0
constructed_medium,medium_compressibility,4,24,delivery_aware_v2,0,0.05,asap,73,2,73,1.0,73,0,0
constructed_medium,medium_compressibility,4,24,static,0,0.05,best,73,2,75,1.0273972602739727,73,2,4
constructed_medium,medium_compressibility,4,24,capacity_aware,0,0.05,best,73,4,75,1.0273972602739727,75,0,0
constructed_medium,medium_compressibility,4,24,smooth,0,0.05,best,73,2,73,1.0,73,0,0
constructed_medium,medium_compressibility,4,24,delivery_aware_v1,0,0.05,best,73,2,73,1.0,73,0,0
constructed_medium,medium_compressibility,4,24,delivery_aware_v2,0,0.05,best,73,2,73,1.0,73,0,0
constructed_medium,medium_compressibility,4,24,static,0,0.1,asap,73,2,75,1.0273972602739727,73,2,4
constructed_medium,medium_compressibility,4,24,capacity_aware,0,0.1,asap,73,3,78,1.0684931506849316,78,0,0
constructed_medium,medium_compressibility,4,24,smooth,0,0.1,asap,73,2,73,1.0,73,0,0
constructed_medium,medium_compressibility,4,24,delivery_aware_v1,0,0.1,asap,73,2,73,1.0,73,0,0
constructed_medium,medium_compressibility,4,24,delivery_aware_v2,0,0.1,asap,73,2,73,1.0,73,0,0
constructed_medium,medium_compressibility,4,24,static,0,0.1,best,73,2,75,1.0273972602739727,73,2,4
constructed_medium,medium_compressibility,4,24,capacity_aware,0,0.1,best,73,3,78,1.0684931506849316,78,0,0
constructed_medium,medium_compressibility,4,24,smooth,0,0.1,best,73,2,73,1.0,73,0,0
constructed_medium,medium_compressibility,4,24,delivery_aware_v1,0,0.1,best,73,2,73,1.0,73,0,0
constructed_medium,medium_compressibility,4,24,delivery_aware_v2,0,0.1,best,73,2,73,1.0,73,0,0
constructed_medium,medium_compressibility,4,24,static,4,0.05,asap,73,2,73,1.0,73,0,4
constructed_medium,medium_compressibility,4,24,capacity_aware,4,0.05,asap,73,4,75,1.0273972602739727,75,0,0
constructed_medium,medium_compressibility,4,24,smooth,4,0.05,asap,73,2,73,1.0,73,0,0
constructed_medium,medium_compressibility,4,24,delivery_aware_v1,4,0.05,asap,73,2,73,1.0,73,0,0
constructed_medium,medium_compressibility,4,24,delivery_aware_v2,4,0.05,asap,73,2,73,1.0,73,0,0
constructed_medium,medium_compressibility,4,24,static,4,0.05,best,73,2,73,1.0,73,0,4
constructed_medium,medium_compressibility,4,24,capacity_aware,4,0.05,best,73,4,75,1.0273972602739727,75,0,0
constructed_medium,medium_compressibility,4,24,smooth,4,0.05,best,73,2,73,1.0,73,0,0
constructed_medium,medium_compressibility,4,24,delivery_aware_v1,4,0.05,best,73,2,73,1.0,73,0,0
constructed_medium,medium_compressibility,4,24,delivery_aware_v2,4,0.05,best,73,2,73,1.0,73,0,0
constructed_medium,medium_compressibility,4,24,static,4,0.1,asap,73,2,73,1.0,73,0,4
constructed_medium,medium_compressibility,4,24,capacity_aware,4,0.1,asap,73,3,78,1.0684931506849316,78,0,0
constructed_medium,medium_compressibility,4,24,smooth,4,0.1,asap,73,2,73,1.0,73,0,0
constructed_medium,medium_compressibility,4,24,delivery_aware_v1,4,0.1,asap,73,2,73,1.0,73,0,0
constructed_medium,medium_compressibility,4,24,delivery_aware_v2,4,0.1,asap,73,2,73,1.0,73,0,0
constructed_medium,medium_compressibility,4,24,static,4,0.1,best,73,2,73,1.0,73,0,4
constructed_medium,medium_compressibility,4,24,capacity_aware,4,0.1,best,73,3,78,1.0684931506849316,78,0,0
constructed_medium,medium_compressibility,4,24,smooth,4,0.1,best,73,2,73,1.0,73,0,0
constructed_medium,medium_compressibility,4,24,delivery_aware_v1,4,0.1,best,73,2,73,1.0,73,0,0
constructed_medium,medium_compressibility,4,24,delivery_aware_v2,4,0.1,best,73,2,73,1.0,73,0,0
constructed_medium,medium_compressibility,4,24,static,8,0.05,asap,73,2,73,1.0,73,0,4
constructed_medium,medium_compressibility,4,24,capacity_aware,8,0.05,asap,73,4,75,1.0273972602739727,75,0,0
constructed_medium,medium_compressibility,4,24,smooth,8,0.05,asap,73,2,73,1.0,73,0,0
constructed_medium,medium_compressibility,4,24,delivery_aware_v1,8,0.05,asap,73,2,73,1.0,73,0,2
constructed_medium,medium_compressibility,4,24,delivery_aware_v2,8,0.05,asap,73,2,73,1.0,73,0,0
constructed_medium,medium_compressibility,4,24,static,8,0.05,best,73,2,73,1.0,73,0,4
constructed_medium,medium_compressibility,4,24,capacity_aware,8,0.05,best,73,4,75,1.0273972602739727,75,0,0
constructed_medium,medium_compressibility,4,24,smooth,8,0.05,best,73,2,73,1.0,73,0,0
constructed_medium,medium_compressibility,4,24,delivery_aware_v1,8,0.05,best,73,2,73,1.0,73,0,2
constructed_medium,medium_compressibility,4,24,delivery_aware_v2,8,0.05,best,73,2,73,1.0,73,0,0
constructed_medium,medium_compressibility,4,24,static,8,0.1,asap,73,2,73,1.0,73,0,4
constructed_medium,medium_compressibility,4,24,capacity_aware,8,0.1,asap,73,3,78,1.0684931506849316,78,0,0
constructed_medium,medium_compressibility,4,24,smooth,8,0.1,asap,73,2,73,1.0,73,0,0
constructed_medium,medium_compressibility,4,24,delivery_aware_v1,8,0.1,asap,73,2,73,1.0,73,0,2
constructed_medium,medium_compressibility,4,24,delivery_aware_v2,8,0.1,asap,73,2,73,1.0,73,0,0
constructed_medium,medium_compressibility,4,24,static,8,0.1,best,73,2,73,1.0,73,0,4
constructed_medium,medium_compressibility,4,24,capacity_aware,8,0.1,best,73,3,78,1.0684931506849316,78,0,0
constructed_medium,medium_compressibility,4,24,smooth,8,0.1,best,73,2,73,1.0,73,0,0
constructed_medium,medium_compressibility,4,24,delivery_aware_v1,8,0.1,best,73,2,73,1.0,73,0,2
constructed_medium,medium_compressibility,4,24,delivery_aware_v2,8,0.1,best,73,2,73,1.0,73,0,0
constructed_medium,medium_compressibility,4,24,static,12,0.05,asap,73,2,73,1.0,73,0,4
constructed_medium,medium_compressibility,4,24,capacity_aware,12,0.05,asap,73,4,75,1.0273972602739727,75,0,0
constructed_medium,medium_compressibility,4,24,smooth,12,0.05,asap,73,2,73,1.0,73,0,0
constructed_medium,medium_compressibility,4,24,delivery_aware_v1,12,0.05,asap,73,2,73,1.0,73,0,2
constructed_medium,medium_compressibility,4,24,delivery_aware_v2,12,0.05,asap,73,2,73,1.0,73,0,0
constructed_medium,medium_compressibility,4,24,static,12,0.05,best,73,2,73,1.0,73,0,4
constructed_medium,medium_compressibility,4,24,capacity_aware,12,0.05,best,73,4,75,1.0273972602739727,75,0,0
constructed_medium,medium_compressibility,4,24,smooth,12,0.05,best,73,2,73,1.0,73,0,0
constructed_medium,medium_compressibility,4,24,delivery_aware_v1,12,0.05,best,73,2,73,1.0,73,0,2
constructed_medium,medium_compressibility,4,24,delivery_aware_v2,12,0.05,best,73,2,73,1.0,73,0,0
constructed_medium,medium_compressibility,4,24,static,12,0.1,asap,73,2,73,1.0,73,0,4
constructed_medium,medium_compressibility,4,24,capacity_aware,12,0.1,asap,73,3,78,1.0684931506849316,78,0,0
constructed_medium,medium_compressibility,4,24,smooth,12,0.1,asap,73,1,77,1.0547945205479452,73,4,16
constructed_medium,medium_compressibility,4,24,delivery_aware_v1,12,0.1,asap,73,1,77,1.0547945205479452,73,4,16
constructed_medium,medium_compressibility,4,24,delivery_aware_v2,12,0.1,asap,73,1,77,1.0547945205479452,73,4,16
constructed_medium,medium_compressibility,4,24,static,12,0.1,best,73,2,73,1.0,73,0,4
constructed_medium,medium_compressibility,4,24,capacity_aware,12,0.1,best,73,3,78,1.0684931506849316,78,0,0
constructed_medium,medium_compressibility,4,24,smooth,12,0.1,best,73,1,77,1.0547945205479452,73,4,16
constructed_medium,medium_compressibility,4,24,delivery_aware_v1,12,0.1,best,73,1,77,1.0547945205479452,73,4,16
constructed_medium,medium_compressibility,4,24,delivery_aware_v2,12,0.1,best,73,1,77,1.0547945205479452,73,4,16
constructed_low,low_compressibility,4,24,static,0,0.05,asap,100,1,100,1.0,100,0,0
constructed_low,low_compressibility,4,24,capacity_aware,0,0.05,asap,100,1,100,1.0,100,0,0
constructed_low,low_compressibility,4,24,smooth,0,0.05,asap,100,1,100,1.0,100,0,0
constructed_low,low_compressibility,4,24,delivery_aware_v1,0,0.05,asap,100,1,100,1.0,100,0,0
constructed_low,low_compressibility,4,24,delivery_aware_v2,0,0.05,asap,100,1,100,1.0,100,0,0
constructed_low,low_compressibility,4,24,static,0,0.05,best,100,1,100,1.0,100,0,0
constructed_low,low_compressibility,4,24,capacity_aware,0,0.05,best,100,1,100,1.0,100,0,0
constructed_low,low_compressibility,4,24,smooth,0,0.05,best,100,1,100,1.0,100,0,0
constructed_low,low_compressibility,4,24,delivery_aware_v1,0,0.05,best,100,1,100,1.0,100,0,0
constructed_low,low_compressibility,4,24,delivery_aware_v2,0,0.05,best,100,1,100,1.0,100,0,0
constructed_low,low_compressibility,4,24,static,0,0.1,asap,100,1,100,1.0,100,0,0
constructed_low,low_compressibility,4,24,capacity_aware,0,0.1,asap,100,1,100,1.0,100,0,0
constructed_low,low_compressibility,4,24,smooth,0,0.1,asap,100,1,100,1.0,100,0,0
constructed_low,low_compressibility,4,24,delivery_aware_v1,0,0.1,asap,100,1,100,1.0,100,0,0
constructed_low,low_compressibility,4,24,delivery_aware_v2,0,0.1,asap,100,1,100,1.0,100,0,0
constructed_low,low_compressibility,4,24,static,0,0.1,best,100,1,100,1.0,100,0,0
constructed_low,low_compressibility,4,24,capacity_aware,0,0.1,best,100,1,100,1.0,100,0,0
constructed_low,low_compressibility,4,24,smooth,0,0.1,best,100,1,100,1.0,100,0,0
constructed_low,low_compressibility,4,24,delivery_aware_v1,0,0.1,best,100,1,100,1.0,100,0,0
constructed_low,low_compressibility,4,24,delivery_aware_v2,0,0.1,best,100,1,100,1.0,100,0,0
constructed_low,low_compressibility,4,24,static,4,0.05,asap,100,1,100,1.0,100,0,0
constructed_low,low_compressibility,4,24,capacity_aware,4,0.05,asap,100,1,100,1.0,100,0,0
constructed_low,low_compressibility,4,24,smooth,4,0.05,asap,100,1,100,1.0,100,0,0
constructed_low,low_compressibility,4,24,delivery_aware_v1,4,0.05,asap,100,1,100,1.0,100,0,0
constructed_low,low_compressibility,4,24,delivery_aware_v2,4,0.05,asap,100,1,100,1.0,100,0,0
constructed_low,low_compressibility,4,24,static,4,0.05,best,100,1,100,1.0,100,0,0
constructed_low,low_compressibility,4,24,capacity_aware,4,0.05,best,100,1,100,1.0,100,0,0
constructed_low,low_compressibility,4,24,smooth,4,0.05,best,100,1,100,1.0,100,0,0
constructed_low,low_compressibility,4,24,delivery_aware_v1,4,0.05,best,100,1,100,1.0,100,0,0
constructed_low,low_compressibility,4,24,delivery_aware_v2,4,0.05,best,100,1,100,1.0,100,0,0
constructed_low,low_compressibility,4,24,static,4,0.1,asap,100,1,100,1.0,100,0,0
constructed_low,low_compressibility,4,24,capacity_aware,4,0.1,asap,100,1,100,1.0,100,0,0
constructed_low,low_compressibility,4,24,smooth,4,0.1,asap,100,1,100,1.0,100,0,0
constructed_low,low_compressibility,4,24,delivery_aware_v1,4,0.1,asap,100,1,100,1.0,100,0,0
constructed_low,low_compressibility,4,24,delivery_aware_v2,4,0.1,asap,100,1,100,1.0,100,0,0
constructed_low,low_compressibility,4,24,static,4,0.1,best,100,1,100,1.0,100,0,0
constructed_low,low_compressibility,4,24,capacity_aware,4,0.1,best,100,1,100,1.0,100,0,0
constructed_low,low_compressibility,4,24,smooth,4,0.1,best,100,1,100,1.0,100,0,0
constructed_low,low_compressibility,4,24,delivery_aware_v1,4,0.1,best,100,1,100,1.0,100,0,0
constructed_low,low_compressibility,4,24,delivery_aware_v2,4,0.1,best,100,1,100,1.0,100,0,0
constructed_low,low_compressibility,4,24,static,8,0.05,asap,100,1,100,1.0,100,0,0
constructed_low,low_compressibility,4,24,capacity_aware,8,0.05,asap,100,1,100,1.0,100,0,0
constructed_low,low_compressibility,4,24,smooth,8,0.05,asap,100,1,100,1.0,100,0,0
constructed_low,low_compressibility,4,24,delivery_aware_v1,8,0.05,asap,100,1,100,1.0,100,0,0
constructed_low,low_compressibility,4,24,delivery_aware_v2,8,0.05,asap,100,1,100,1.0,100,0,0
constructed_low,low_compressibility,4,24,static,8,0.05,best,100,1,100,1.0,100,0,0
constructed_low,low_compressibility,4,24,capacity_aware,8,0.05,best,100,1,100,1.0,100,0,0
constructed_low,low_compressibility,4,24,smooth,8,0.05,best,100,1,100,1.0,100,0,0
constructed_low,low_compressibility,4,24,delivery_aware_v1,8,0.05,best,100,1,100,1.0,100,0,0
constructed_low,low_compressibility,4,24,delivery_aware_v2,8,0.05,best,100,1,100,1.0,100,0,0
constructed_low,low_compressibility,4,24,static,8,0.1,asap,100,1,100,1.0,100,0,0
constructed_low,low_compressibility,4,24,capacity_aware,8,0.1,asap,100,1,100,1.0,100,0,0
constructed_low,low_compressibility,4,24,smooth,8,0.1,asap,100,1,100,1.0,100,0,0
constructed_low,low_compressibility,4,24,delivery_aware_v1,8,0.1,asap,100,1,100,1.0,100,0,0
constructed_low,low_compressibility,4,24,delivery_aware_v2,8,0.1,asap,100,1,100,1.0,100,0,0
constructed_low,low_compressibility,4,24,static,8,0.1,best,100,1,100,1.0,100,0,0
constructed_low,low_compressibility,4,24,capacity_aware,8,0.1,best,100,1,100,1.0,100,0,0
constructed_low,low_compressibility,4,24,smooth,8,0.1,best,100,1,100,1.0,100,0,0
constructed_low,low_compressibility,4,24,delivery_aware_v1,8,0.1,best,100,1,100,1.0,100,0,0
constructed_low,low_compressibility,4,24,delivery_aware_v2,8,0.1,best,100,1,100,1.0,100,0,0
constructed_low,low_compressibility,4,24,static,12,0.05,asap,100,1,100,1.0,100,0,0
constructed_low,low_compressibility,4,24,capacity_aware,12,0.05,asap,100,1,100,1.0,100,0,0
constructed_low,low_compressibility,4,24,smooth,12,0.05,asap,100,1,100,1.0,100,0,0
constructed_low,low_compressibility,4,24,delivery_aware_v1,12,0.05,asap,100,1,100,1.0,100,0,0
constructed_low,low_compressibility,4,24,delivery_aware_v2,12,0.05,asap,100,1,100,1.0,100,0,0
constructed_low,low_compressibility,4,24,static,12,0.05,best,100,1,100,1.0,100,0,0
constructed_low,low_compressibility,4,24,capacity_aware,12,0.05,best,100,1,100,1.0,100,0,0
constructed_low,low_compressibility,4,24,smooth,12,0.05,best,100,1,100,1.0,100,0,0
constructed_low,low_compressibility,4,24,delivery_aware_v1,12,0.05,best,100,1,100,1.0,100,0,0
constructed_low,low_compressibility,4,24,delivery_aware_v2,12,0.05,best,100,1,100,1.0,100,0,0
constructed_low,low_compressibility,4,24,static,12,0.1,asap,100,1,100,1.0,100,0,0
constructed_low,low_compressibility,4,24,capacity_aware,12,0.1,asap,100,1,100,1.0,100,0,0
constructed_low,low_compressibility,4,24,smooth,12,0.1,asap,100,1,100,1.0,100,0,0
constructed_low,low_compressibility,4,24,delivery_aware_v1,12,0.1,asap,100,1,100,1.0,100,0,0
constructed_low,low_compressibility,4,24,delivery_aware_v2,12,0.1,asap,100,1,100,1.0,100,0,0
constructed_low,low_compressibility,4,24,static,12,0.1,best,100,1,100,1.0,100,0,0
constructed_low,low_compressibility,4,24,capacity_aware,12,0.1,best,100,1,100,1.0,100,0,0
constructed_low,low_compressibility,4,24,smooth,12,0.1,best,100,1,100,1.0,100,0,0
constructed_low,low_compressibility,4,24,delivery_aware_v1,12,0.1,best,100,1,100,1.0,100,0,0
constructed_low,low_compressibility,4,24,delivery_aware_v2,12,0.1,best,100,1,100,1.0,100,0,0
adder_n8,semi_real_adder,0,8,static,0,0.05,asap,34,1,34,1.0,34,0,0
adder_n8,semi_real_adder,0,8,capacity_aware,0,0.05,asap,34,1,34,1.0,34,0,0
adder_n8,semi_real_adder,0,8,smooth,0,0.05,asap,34,1,34,1.0,34,0,0
adder_n8,semi_real_adder,0,8,delivery_aware_v1,0,0.05,asap,34,1,34,1.0,34,0,0
adder_n8,semi_real_adder,0,8,delivery_aware_v2,0,0.05,asap,34,1,34,1.0,34,0,0
adder_n8,semi_real_adder,0,8,static,0,0.05,best,34,1,34,1.0,34,0,0
adder_n8,semi_real_adder,0,8,capacity_aware,0,0.05,best,34,1,34,1.0,34,0,0
adder_n8,semi_real_adder,0,8,smooth,0,0.05,best,34,1,34,1.0,34,0,0
adder_n8,semi_real_adder,0,8,delivery_aware_v1,0,0.05,best,34,1,34,1.0,34,0,0
adder_n8,semi_real_adder,0,8,delivery_aware_v2,0,0.05,best,34,1,34,1.0,34,0,0
adder_n8,semi_real_adder,0,8,static,0,0.1,asap,34,1,34,1.0,34,0,0
adder_n8,semi_real_adder,0,8,capacity_aware,0,0.1,asap,34,1,34,1.0,34,0,0
adder_n8,semi_real_adder,0,8,smooth,0,0.1,asap,34,1,34,1.0,34,0,0
adder_n8,semi_real_adder,0,8,delivery_aware_v1,0,0.1,asap,34,1,34,1.0,34,0,0
adder_n8,semi_real_adder,0,8,delivery_aware_v2,0,0.1,asap,34,1,34,1.0,34,0,0
adder_n8,semi_real_adder,0,8,static,0,0.1,best,34,1,34,1.0,34,0,0
adder_n8,semi_real_adder,0,8,capacity_aware,0,0.1,best,34,1,34,1.0,34,0,0
adder_n8,semi_real_adder,0,8,smooth,0,0.1,best,34,1,34,1.0,34,0,0
adder_n8,semi_real_adder,0,8,delivery_aware_v1,0,0.1,best,34,1,34,1.0,34,0,0
adder_n8,semi_real_adder,0,8,delivery_aware_v2,0,0.1,best,34,1,34,1.0,34,0,0
adder_n8,semi_real_adder,0,8,static,4,0.05,asap,34,1,34,1.0,34,0,0
adder_n8,semi_real_adder,0,8,capacity_aware,4,0.05,asap,34,1,34,1.0,34,0,0
adder_n8,semi_real_adder,0,8,smooth,4,0.05,asap,34,1,34,1.0,34,0,0
adder_n8,semi_real_adder,0,8,delivery_aware_v1,4,0.05,asap,34,1,34,1.0,34,0,0
adder_n8,semi_real_adder,0,8,delivery_aware_v2,4,0.05,asap,34,1,34,1.0,34,0,0
adder_n8,semi_real_adder,0,8,static,4,0.05,best,34,1,34,1.0,34,0,0
adder_n8,semi_real_adder,0,8,capacity_aware,4,0.05,best,34,1,34,1.0,34,0,0
adder_n8,semi_real_adder,0,8,smooth,4,0.05,best,34,1,34,1.0,34,0,0
adder_n8,semi_real_adder,0,8,delivery_aware_v1,4,0.05,best,34,1,34,1.0,34,0,0
adder_n8,semi_real_adder,0,8,delivery_aware_v2,4,0.05,best,34,1,34,1.0,34,0,0
adder_n8,semi_real_adder,0,8,static,4,0.1,asap,34,1,34,1.0,34,0,0
adder_n8,semi_real_adder,0,8,capacity_aware,4,0.1,asap,34,1,34,1.0,34,0,0
adder_n8,semi_real_adder,0,8,smooth,4,0.1,asap,34,1,34,1.0,34,0,0
adder_n8,semi_real_adder,0,8,delivery_aware_v1,4,0.1,asap,34,1,34,1.0,34,0,0
adder_n8,semi_real_adder,0,8,delivery_aware_v2,4,0.1,asap,34,1,34,1.0,34,0,0
adder_n8,semi_real_adder,0,8,static,4,0.1,best,34,1,34,1.0,34,0,0
adder_n8,semi_real_adder,0,8,capacity_aware,4,0.1,best,34,1,34,1.0,34,0,0
adder_n8,semi_real_adder,0,8,smooth,4,0.1,best,34,1,34,1.0,34,0,0
adder_n8,semi_real_adder,0,8,delivery_aware_v1,4,0.1,best,34,1,34,1.0,34,0,0
adder_n8,semi_real_adder,0,8,delivery_aware_v2,4,0.1,best,34,1,34,1.0,34,0,0
adder_n8,semi_real_adder,0,8,static,8,0.05,asap,34,1,34,1.0,34,0,0
adder_n8,semi_real_adder,0,8,capacity_aware,8,0.05,asap,34,1,34,1.0,34,0,0
adder_n8,semi_real_adder,0,8,smooth,8,0.05,asap,34,1,34,1.0,34,0,0
adder_n8,semi_real_adder,0,8,delivery_aware_v1,8,0.05,asap,34,1,34,1.0,34,0,0
adder_n8,semi_real_adder,0,8,delivery_aware_v2,8,0.05,asap,34,1,34,1.0,34,0,0
adder_n8,semi_real_adder,0,8,static,8,0.05,best,34,1,34,1.0,34,0,0
adder_n8,semi_real_adder,0,8,capacity_aware,8,0.05,best,34,1,34,1.0,34,0,0
adder_n8,semi_real_adder,0,8,smooth,8,0.05,best,34,1,34,1.0,34,0,0
adder_n8,semi_real_adder,0,8,delivery_aware_v1,8,0.05,best,34,1,34,1.0,34,0,0
adder_n8,semi_real_adder,0,8,delivery_aware_v2,8,0.05,best,34,1,34,1.0,34,0,0
adder_n8,semi_real_adder,0,8,static,8,0.1,asap,34,1,34,1.0,34,0,0
adder_n8,semi_real_adder,0,8,capacity_aware,8,0.1,asap,34,1,34,1.0,34,0,0
adder_n8,semi_real_adder,0,8,smooth,8,0.1,asap,34,1,34,1.0,34,0,0
adder_n8,semi_real_adder,0,8,delivery_aware_v1,8,0.1,asap,34,1,34,1.0,34,0,0
adder_n8,semi_real_adder,0,8,delivery_aware_v2,8,0.1,asap,34,1,34,1.0,34,0,0
adder_n8,semi_real_adder,0,8,static,8,0.1,best,34,1,34,1.0,34,0,0
adder_n8,semi_real_adder,0,8,capacity_aware,8,0.1,best,34,1,34,1.0,34,0,0
adder_n8,semi_real_adder,0,8,smooth,8,0.1,best,34,1,34,1.0,34,0,0
adder_n8,semi_real_adder,0,8,delivery_aware_v1,8,0.1,best,34,1,34,1.0,34,0,0
adder_n8,semi_real_adder,0,8,delivery_aware_v2,8,0.1,best,34,1,34,1.0,34,0,0
adder_n8,semi_real_adder,0,8,static,12,0.05,asap,34,1,34,1.0,34,0,0
adder_n8,semi_real_adder,0,8,capacity_aware,12,0.05,asap,34,1,34,1.0,34,0,0
adder_n8,semi_real_adder,0,8,smooth,12,0.05,asap,34,1,34,1.0,34,0,0
adder_n8,semi_real_adder,0,8,delivery_aware_v1,12,0.05,asap,34,1,34,1.0,34,0,0
adder_n8,semi_real_adder,0,8,delivery_aware_v2,12,0.05,asap,34,1,34,1.0,34,0,0
adder_n8,semi_real_adder,0,8,static,12,0.05,best,34,1,34,1.0,34,0,0
adder_n8,semi_real_adder,0,8,capacity_aware,12,0.05,best,34,1,34,1.0,34,0,0
adder_n8,semi_real_adder,0,8,smooth,12,0.05,best,34,1,34,1.0,34,0,0
adder_n8,semi_real_adder,0,8,delivery_aware_v1,12,0.05,best,34,1,34,1.0,34,0,0
adder_n8,semi_real_adder,0,8,delivery_aware_v2,12,0.05,best,34,1,34,1.0,34,0,0
adder_n8,semi_real_adder,0,8,static,12,0.1,asap,34,1,34,1.0,34,0,0
adder_n8,semi_real_adder,0,8,capacity_aware,12,0.1,asap,34,1,34,1.0,34,0,0
adder_n8,semi_real_adder,0,8,smooth,12,0.1,asap,34,1,34,1.0,34,0,0
adder_n8,semi_real_adder,0,8,delivery_aware_v1,12,0.1,asap,34,1,34,1.0,34,0,0
adder_n8,semi_real_adder,0,8,delivery_aware_v2,12,0.1,asap,34,1,34,1.0,34,0,0
adder_n8,semi_real_adder,0,8,static,12,0.1,best,34,1,34,1.0,34,0,0
adder_n8,semi_real_adder,0,8,capacity_aware,12,0.1,best,34,1,34,1.0,34,0,0
adder_n8,semi_real_adder,0,8,smooth,12,0.1,best,34,1,34,1.0,34,0,0
adder_n8,semi_real_adder,0,8,delivery_aware_v1,12,0.1,best,34,1,34,1.0,34,0,0
adder_n8,semi_real_adder,0,8,delivery_aware_v2,12,0.1,best,34,1,34,1.0,34,0,0
adder_n16,semi_real_adder,0,16,static,0,0.05,asap,66,1,66,1.0,66,0,0
adder_n16,semi_real_adder,0,16,capacity_aware,0,0.05,asap,66,1,66,1.0,66,0,0
adder_n16,semi_real_adder,0,16,smooth,0,0.05,asap,66,1,66,1.0,66,0,0
adder_n16,semi_real_adder,0,16,delivery_aware_v1,0,0.05,asap,66,1,66,1.0,66,0,0
adder_n16,semi_real_adder,0,16,delivery_aware_v2,0,0.05,asap,66,1,66,1.0,66,0,0
adder_n16,semi_real_adder,0,16,static,0,0.05,best,66,1,66,1.0,66,0,0
adder_n16,semi_real_adder,0,16,capacity_aware,0,0.05,best,66,1,66,1.0,66,0,0
adder_n16,semi_real_adder,0,16,smooth,0,0.05,best,66,1,66,1.0,66,0,0
adder_n16,semi_real_adder,0,16,delivery_aware_v1,0,0.05,best,66,1,66,1.0,66,0,0
adder_n16,semi_real_adder,0,16,delivery_aware_v2,0,0.05,best,66,1,66,1.0,66,0,0
adder_n16,semi_real_adder,0,16,static,0,0.1,asap,66,1,66,1.0,66,0,0
adder_n16,semi_real_adder,0,16,capacity_aware,0,0.1,asap,66,1,66,1.0,66,0,0
adder_n16,semi_real_adder,0,16,smooth,0,0.1,asap,66,1,66,1.0,66,0,0
adder_n16,semi_real_adder,0,16,delivery_aware_v1,0,0.1,asap,66,1,66,1.0,66,0,0
adder_n16,semi_real_adder,0,16,delivery_aware_v2,0,0.1,asap,66,1,66,1.0,66,0,0
adder_n16,semi_real_adder,0,16,static,0,0.1,best,66,1,66,1.0,66,0,0
adder_n16,semi_real_adder,0,16,capacity_aware,0,0.1,best,66,1,66,1.0,66,0,0
adder_n16,semi_real_adder,0,16,smooth,0,0.1,best,66,1,66,1.0,66,0,0
adder_n16,semi_real_adder,0,16,delivery_aware_v1,0,0.1,best,66,1,66,1.0,66,0,0
adder_n16,semi_real_adder,0,16,delivery_aware_v2,0,0.1,best,66,1,66,1.0,66,0,0
adder_n16,semi_real_adder,0,16,static,4,0.05,asap,66,1,66,1.0,66,0,0
adder_n16,semi_real_adder,0,16,capacity_aware,4,0.05,asap,66,1,66,1.0,66,0,0
adder_n16,semi_real_adder,0,16,smooth,4,0.05,asap,66,1,66,1.0,66,0,0
adder_n16,semi_real_adder,0,16,delivery_aware_v1,4,0.05,asap,66,1,66,1.0,66,0,0
adder_n16,semi_real_adder,0,16,delivery_aware_v2,4,0.05,asap,66,1,66,1.0,66,0,0
adder_n16,semi_real_adder,0,16,static,4,0.05,best,66,1,66,1.0,66,0,0
adder_n16,semi_real_adder,0,16,capacity_aware,4,0.05,best,66,1,66,1.0,66,0,0
adder_n16,semi_real_adder,0,16,smooth,4,0.05,best,66,1,66,1.0,66,0,0
adder_n16,semi_real_adder,0,16,delivery_aware_v1,4,0.05,best,66,1,66,1.0,66,0,0
adder_n16,semi_real_adder,0,16,delivery_aware_v2,4,0.05,best,66,1,66,1.0,66,0,0
adder_n16,semi_real_adder,0,16,static,4,0.1,asap,66,1,66,1.0,66,0,0
adder_n16,semi_real_adder,0,16,capacity_aware,4,0.1,asap,66,1,66,1.0,66,0,0
adder_n16,semi_real_adder,0,16,smooth,4,0.1,asap,66,1,66,1.0,66,0,0
adder_n16,semi_real_adder,0,16,delivery_aware_v1,4,0.1,asap,66,1,66,1.0,66,0,0
adder_n16,semi_real_adder,0,16,delivery_aware_v2,4,0.1,asap,66,1,66,1.0,66,0,0
adder_n16,semi_real_adder,0,16,static,4,0.1,best,66,1,66,1.0,66,0,0
adder_n16,semi_real_adder,0,16,capacity_aware,4,0.1,best,66,1,66,1.0,66,0,0
adder_n16,semi_real_adder,0,16,smooth,4,0.1,best,66,1,66,1.0,66,0,0
adder_n16,semi_real_adder,0,16,delivery_aware_v1,4,0.1,best,66,1,66,1.0,66,0,0
adder_n16,semi_real_adder,0,16,delivery_aware_v2,4,0.1,best,66,1,66,1.0,66,0,0
adder_n16,semi_real_adder,0,16,static,8,0.05,asap,66,1,66,1.0,66,0,0
adder_n16,semi_real_adder,0,16,capacity_aware,8,0.05,asap,66,1,66,1.0,66,0,0
adder_n16,semi_real_adder,0,16,smooth,8,0.05,asap,66,1,66,1.0,66,0,0
adder_n16,semi_real_adder,0,16,delivery_aware_v1,8,0.05,asap,66,1,66,1.0,66,0,0
adder_n16,semi_real_adder,0,16,delivery_aware_v2,8,0.05,asap,66,1,66,1.0,66,0,0
adder_n16,semi_real_adder,0,16,static,8,0.05,best,66,1,66,1.0,66,0,0
adder_n16,semi_real_adder,0,16,capacity_aware,8,0.05,best,66,1,66,1.0,66,0,0
adder_n16,semi_real_adder,0,16,smooth,8,0.05,best,66,1,66,1.0,66,0,0
adder_n16,semi_real_adder,0,16,delivery_aware_v1,8,0.05,best,66,1,66,1.0,66,0,0
adder_n16,semi_real_adder,0,16,delivery_aware_v2,8,0.05,best,66,1,66,1.0,66,0,0
adder_n16,semi_real_adder,0,16,static,8,0.1,asap,66,1,66,1.0,66,0,0
adder_n16,semi_real_adder,0,16,capacity_aware,8,0.1,asap,66,1,66,1.0,66,0,0
adder_n16,semi_real_adder,0,16,smooth,8,0.1,asap,66,1,66,1.0,66,0,0
adder_n16,semi_real_adder,0,16,delivery_aware_v1,8,0.1,asap,66,1,66,1.0,66,0,0
adder_n16,semi_real_adder,0,16,delivery_aware_v2,8,0.1,asap,66,1,66,1.0,66,0,0
adder_n16,semi_real_adder,0,16,static,8,0.1,best,66,1,66,1.0,66,0,0
adder_n16,semi_real_adder,0,16,capacity_aware,8,0.1,best,66,1,66,1.0,66,0,0
adder_n16,semi_real_adder,0,16,smooth,8,0.1,best,66,1,66,1.0,66,0,0
adder_n16,semi_real_adder,0,16,delivery_aware_v1,8,0.1,best,66,1,66,1.0,66,0,0
adder_n16,semi_real_adder,0,16,delivery_aware_v2,8,0.1,best,66,1,66,1.0,66,0,0
adder_n16,semi_real_adder,0,16,static,12,0.05,asap,66,1,66,1.0,66,0,0
adder_n16,semi_real_adder,0,16,capacity_aware,12,0.05,asap,66,1,66,1.0,66,0,0
adder_n16,semi_real_adder,0,16,smooth,12,0.05,asap,66,1,66,1.0,66,0,0
adder_n16,semi_real_adder,0,16,delivery_aware_v1,12,0.05,asap,66,1,66,1.0,66,0,0
adder_n16,semi_real_adder,0,16,delivery_aware_v2,12,0.05,asap,66,1,66,1.0,66,0,0
adder_n16,semi_real_adder,0,16,static,12,0.05,best,66,1,66,1.0,66,0,0
adder_n16,semi_real_adder,0,16,capacity_aware,12,0.05,best,66,1,66,1.0,66,0,0
adder_n16,semi_real_adder,0,16,smooth,12,0.05,best,66,1,66,1.0,66,0,0
adder_n16,semi_real_adder,0,16,delivery_aware_v1,12,0.05,best,66,1,66,1.0,66,0,0
adder_n16,semi_real_adder,0,16,delivery_aware_v2,12,0.05,best,66,1,66,1.0,66,0,0
adder_n16,semi_real_adder,0,16,static,12,0.1,asap,66,1,66,1.0,66,0,0
adder_n16,semi_real_adder,0,16,capacity_aware,12,0.1,asap,66,1,66,1.0,66,0,0
adder_n16,semi_real_adder,0,16,smooth,12,0.1,asap,66,1,66,1.0,66,0,0
adder_n16,semi_real_adder,0,16,delivery_aware_v1,12,0.1,asap,66,1,66,1.0,66,0,0
adder_n16,semi_real_adder,0,16,delivery_aware_v2,12,0.1,asap,66,1,66,1.0,66,0,0
adder_n16,semi_real_adder,0,16,static,12,0.1,best,66,1,66,1.0,66,0,0
adder_n16,semi_real_adder,0,16,capacity_aware,12,0.1,best,66,1,66,1.0,66,0,0
adder_n16,semi_real_adder,0,16,smooth,12,0.1,best,66,1,66,1.0,66,0,0
adder_n16,semi_real_adder,0,16,delivery_aware_v1,12,0.1,best,66,1,66,1.0,66,0,0
adder_n16,semi_real_adder,0,16,delivery_aware_v2,12,0.1,best,66,1,66,1.0,66,0,0
multiplier_n4,semi_real_multiplier,0,4,static,0,0.05,asap,22,2,23,1.0454545454545454,22,1,1
multiplier_n4,semi_real_multiplier,0,4,capacity_aware,0,0.05,asap,22,2,22,1.0,22,0,0
multiplier_n4,semi_real_multiplier,0,4,smooth,0,0.05,asap,22,2,22,1.0,22,0,0
multiplier_n4,semi_real_multiplier,0,4,delivery_aware_v1,0,0.05,asap,22,2,22,1.0,22,0,0
multiplier_n4,semi_real_multiplier,0,4,delivery_aware_v2,0,0.05,asap,22,2,22,1.0,22,0,0
multiplier_n4,semi_real_multiplier,0,4,static,0,0.05,best,22,2,23,1.0454545454545454,22,1,1
multiplier_n4,semi_real_multiplier,0,4,capacity_aware,0,0.05,best,22,2,22,1.0,22,0,0
multiplier_n4,semi_real_multiplier,0,4,smooth,0,0.05,best,22,2,22,1.0,22,0,0
multiplier_n4,semi_real_multiplier,0,4,delivery_aware_v1,0,0.05,best,22,2,22,1.0,22,0,0
multiplier_n4,semi_real_multiplier,0,4,delivery_aware_v2,0,0.05,best,22,2,22,1.0,22,0,0
multiplier_n4,semi_real_multiplier,0,4,static,0,0.1,asap,22,2,23,1.0454545454545454,22,1,1
multiplier_n4,semi_real_multiplier,0,4,capacity_aware,0,0.1,asap,22,2,22,1.0,22,0,0
multiplier_n4,semi_real_multiplier,0,4,smooth,0,0.1,asap,22,1,24,1.0909090909090908,22,2,2
multiplier_n4,semi_real_multiplier,0,4,delivery_aware_v1,0,0.1,asap,22,1,24,1.0909090909090908,22,2,2
multiplier_n4,semi_real_multiplier,0,4,delivery_aware_v2,0,0.1,asap,22,1,24,1.0909090909090908,22,2,2
multiplier_n4,semi_real_multiplier,0,4,static,0,0.1,best,22,2,23,1.0454545454545454,22,1,1
multiplier_n4,semi_real_multiplier,0,4,capacity_aware,0,0.1,best,22,2,22,1.0,22,0,0
multiplier_n4,semi_real_multiplier,0,4,smooth,0,0.1,best,22,1,24,1.0909090909090908,22,2,2
multiplier_n4,semi_real_multiplier,0,4,delivery_aware_v1,0,0.1,best,22,1,24,1.0909090909090908,22,2,2
multiplier_n4,semi_real_multiplier,0,4,delivery_aware_v2,0,0.1,best,22,1,24,1.0909090909090908,22,2,2
multiplier_n4,semi_real_multiplier,0,4,static,4,0.05,asap,22,2,22,1.0,22,0,1
multiplier_n4,semi_real_multiplier,0,4,capacity_aware,4,0.05,asap,22,2,22,1.0,22,0,0
multiplier_n4,semi_real_multiplier,0,4,smooth,4,0.05,asap,22,1,22,1.0,22,0,2
multiplier_n4,semi_real_multiplier,0,4,delivery_aware_v1,4,0.05,asap,22,1,23,1.0454545454545454,22,1,5
multiplier_n4,semi_real_multiplier,0,4,delivery_aware_v2,4,0.05,asap,22,1,22,1.0,22,0,2
multiplier_n4,semi_real_multiplier,0,4,static,4,0.05,best,22,2,22,1.0,22,0,1
multiplier_n4,semi_real_multiplier,0,4,capacity_aware,4,0.05,best,22,2,22,1.0,22,0,0
multiplier_n4,semi_real_multiplier,0,4,smooth,4,0.05,best,22,1,22,1.0,22,0,2
multiplier_n4,semi_real_multiplier,0,4,delivery_aware_v1,4,0.05,best,22,1,23,1.0454545454545454,22,1,5
multiplier_n4,semi_real_multiplier,0,4,delivery_aware_v2,4,0.05,best,22,1,22,1.0,22,0,2
multiplier_n4,semi_real_multiplier,0,4,static,4,0.1,asap,22,1,24,1.0909090909090908,22,2,6
multiplier_n4,semi_real_multiplier,0,4,capacity_aware,4,0.1,asap,22,2,22,1.0,22,0,0
multiplier_n4,semi_real_multiplier,0,4,smooth,4,0.1,asap,22,1,22,1.0,22,0,2
multiplier_n4,semi_real_multiplier,0,4,delivery_aware_v1,4,0.1,asap,22,1,23,1.0454545454545454,22,1,5
multiplier_n4,semi_real_multiplier,0,4,delivery_aware_v2,4,0.1,asap,22,1,22,1.0,22,0,2
multiplier_n4,semi_real_multiplier,0,4,static,4,0.1,best,22,1,24,1.0909090909090908,22,2,6
multiplier_n4,semi_real_multiplier,0,4,capacity_aware,4,0.1,best,22,2,22,1.0,22,0,0
multiplier_n4,semi_real_multiplier,0,4,smooth,4,0.1,best,22,1,22,1.0,22,0,2
multiplier_n4,semi_real_multiplier,0,4,delivery_aware_v1,4,0.1,best,22,1,23,1.0454545454545454,22,1,5
multiplier_n4,semi_real_multiplier,0,4,delivery_aware_v2,4,0.1,best,22,1,22,1.0,22,0,2
multiplier_n4,semi_real_multiplier,0,4,static,8,0.05,asap,22,1,22,1.0,22,0,6
multiplier_n4,semi_real_multiplier,0,4,capacity_aware,8,0.05,asap,22,2,22,1.0,22,0,0
multiplier_n4,semi_real_multiplier,0,4,smooth,8,0.05,asap,22,1,22,1.0,22,0,2
multiplier_n4,semi_real_multiplier,0,4,delivery_aware_v1,8,0.05,asap,22,1,22,1.0,22,0,5
multiplier_n4,semi_real_multiplier,0,4,delivery_aware_v2,8,0.05,asap,22,1,22,1.0,22,0,2
multiplier_n4,semi_real_multiplier,0,4,static,8,0.05,best,22,1,22,1.0,22,0,6
multiplier_n4,semi_real_multiplier,0,4,capacity_aware,8,0.05,best,22,2,22,1.0,22,0,0
multiplier_n4,semi_real_multiplier,0,4,smooth,8,0.05,best,22,1,22,1.0,22,0,2
multiplier_n4,semi_real_multiplier,0,4,delivery_aware_v1,8,0.05,best,22,1,22,1.0,22,0,5
multiplier_n4,semi_real_multiplier,0,4,delivery_aware_v2,8,0.05,best,22,1,22,1.0,22,0,2
multiplier_n4,semi_real_multiplier,0,4,static,8,0.1,asap,22,1,22,1.0,22,0,6
multiplier_n4,semi_real_multiplier,0,4,capacity_aware,8,0.1,asap,22,2,22,1.0,22,0,0
multiplier_n4,semi_real_multiplier,0,4,smooth,8,0.1,asap,22,1,22,1.0,22,0,2
multiplier_n4,semi_real_multiplier,0,4,delivery_aware_v1,8,0.1,asap,22,1,22,1.0,22,0,5
multiplier_n4,semi_real_multiplier,0,4,delivery_aware_v2,8,0.1,asap,22,1,22,1.0,22,0,2
multiplier_n4,semi_real_multiplier,0,4,static,8,0.1,best,22,1,22,1.0,22,0,6
multiplier_n4,semi_real_multiplier,0,4,capacity_aware,8,0.1,best,22,2,22,1.0,22,0,0
multiplier_n4,semi_real_multiplier,0,4,smooth,8,0.1,best,22,1,22,1.0,22,0,2
multiplier_n4,semi_real_multiplier,0,4,delivery_aware_v1,8,0.1,best,22,1,22,1.0,22,0,5
multiplier_n4,semi_real_multiplier,0,4,delivery_aware_v2,8,0.1,best,22,1,22,1.0,22,0,2
multiplier_n4,semi_real_multiplier,0,4,static,12,0.05,asap,22,1,22,1.0,22,0,6
multiplier_n4,semi_real_multiplier,0,4,capacity_aware,12,0.05,asap,22,2,22,1.0,22,0,0
multiplier_n4,semi_real_multiplier,0,4,smooth,12,0.05,asap,22,1,22,1.0,22,0,2
multiplier_n4,semi_real_multiplier,0,4,delivery_aware_v1,12,0.05,asap,22,1,22,1.0,22,0,5
multiplier_n4,semi_real_multiplier,0,4,delivery_aware_v2,12,0.05,asap,22,1,22,1.0,22,0,2
multiplier_n4,semi_real_multiplier,0,4,static,12,0.05,best,22,1,22,1.0,22,0,6
multiplier_n4,semi_real_multiplier,0,4,capacity_aware,12,0.05,best,22,2,22,1.0,22,0,0
multiplier_n4,semi_real_multiplier,0,4,smooth,12,0.05,best,22,1,22,1.0,22,0,2
multiplier_n4,semi_real_multiplier,0,4,delivery_aware_v1,12,0.05,best,22,1,22,1.0,22,0,5
multiplier_n4,semi_real_multiplier,0,4,delivery_aware_v2,12,0.05,best,22,1,22,1.0,22,0,2
multiplier_n4,semi_real_multiplier,0,4,static,12,0.1,asap,22,1,22,1.0,22,0,6
multiplier_n4,semi_real_multiplier,0,4,capacity_aware,12,0.1,asap,22,2,22,1.0,22,0,0
multiplier_n4,semi_real_multiplier,0,4,smooth,12,0.1,asap,22,1,22,1.0,22,0,2
multiplier_n4,semi_real_multiplier,0,4,delivery_aware_v1,12,0.1,asap,22,1,22,1.0,22,0,5
multiplier_n4,semi_real_multiplier,0,4,delivery_aware_v2,12,0.1,asap,22,1,22,1.0,22,0,2
multiplier_n4,semi_real_multiplier,0,4,static,12,0.1,best,22,1,22,1.0,22,0,6
multiplier_n4,semi_real_multiplier,0,4,capacity_aware,12,0.1,best,22,2,22,1.0,22,0,0
multiplier_n4,semi_real_multiplier,0,4,smooth,12,0.1,best,22,1,22,1.0,22,0,2
multiplier_n4,semi_real_multiplier,0,4,delivery_aware_v1,12,0.1,best,22,1,22,1.0,22,0,5
multiplier_n4,semi_real_multiplier,0,4,delivery_aware_v2,12,0.1,best,22,1,22,1.0,22,0,2
multiplier_n6,semi_real_multiplier,0,6,static,0,0.05,asap,32,3,33,1.03125,32,1,1
multiplier_n6,semi_real_multiplier,0,6,capacity_aware,0,0.05,asap,32,2,32,1.0,32,0,0
multiplier_n6,semi_real_multiplier,0,6,smooth,0,0.05,asap,32,2,32,1.0,32,0,0
multiplier_n6,semi_real_multiplier,0,6,delivery_aware_v1,0,0.05,asap,32,2,32,1.0,32,0,0
multiplier_n6,semi_real_multiplier,0,6,delivery_aware_v2,0,0.05,asap,32,2,32,1.0,32,0,0
multiplier_n6,semi_real_multiplier,0,6,static,0,0.05,best,32,3,33,1.03125,32,1,1
multiplier_n6,semi_real_multiplier,0,6,capacity_aware,0,0.05,best,32,2,32,1.0,32,0,0
multiplier_n6,semi_real_multiplier,0,6,smooth,0,0.05,best,32,2,32,1.0,32,0,0
multiplier_n6,semi_real_multiplier,0,6,delivery_aware_v1,0,0.05,best,32,2,32,1.0,32,0,0
multiplier_n6,semi_real_multiplier,0,6,delivery_aware_v2,0,0.05,best,32,2,32,1.0,32,0,0
multiplier_n6,semi_real_multiplier,0,6,static,0,0.1,asap,32,2,34,1.0625,32,2,3
multiplier_n6,semi_real_multiplier,0,6,capacity_aware,0,0.1,asap,32,2,32,1.0,32,0,0
multiplier_n6,semi_real_multiplier,0,6,smooth,0,0.1,asap,32,2,32,1.0,32,0,0
multiplier_n6,semi_real_multiplier,0,6,delivery_aware_v1,0,0.1,asap,32,2,32,1.0,32,0,0
multiplier_n6,semi_real_multiplier,0,6,delivery_aware_v2,0,0.1,asap,32,2,32,1.0,32,0,0
multiplier_n6,semi_real_multiplier,0,6,static,0,0.1,best,32,2,34,1.0625,32,2,3
multiplier_n6,semi_real_multiplier,0,6,capacity_aware,0,0.1,best,32,2,32,1.0,32,0,0
multiplier_n6,semi_real_multiplier,0,6,smooth,0,0.1,best,32,2,32,1.0,32,0,0
multiplier_n6,semi_real_multiplier,0,6,delivery_aware_v1,0,0.1,best,32,2,32,1.0,32,0,0
multiplier_n6,semi_real_multiplier,0,6,delivery_aware_v2,0,0.1,best,32,2,32,1.0,32,0,0
multiplier_n6,semi_real_multiplier,0,6,static,4,0.05,asap,32,2,32,1.0,32,0,3
multiplier_n6,semi_real_multiplier,0,6,capacity_aware,4,0.05,asap,32,2,32,1.0,32,0,0
multiplier_n6,semi_real_multiplier,0,6,smooth,4,0.05,asap,32,2,32,1.0,32,0,0
multiplier_n6,semi_real_multiplier,0,6,delivery_aware_v1,4,0.05,asap,32,2,32,1.0,32,0,0
multiplier_n6,semi_real_multiplier,0,6,delivery_aware_v2,4,0.05,asap,32,2,32,1.0,32,0,0
multiplier_n6,semi_real_multiplier,0,6,static,4,0.05,best,32,2,32,1.0,32,0,3
multiplier_n6,semi_real_multiplier,0,6,capacity_aware,4,0.05,best,32,2,32,1.0,32,0,0
multiplier_n6,semi_real_multiplier,0,6,smooth,4,0.05,best,32,2,32,1.0,32,0,0
multiplier_n6,semi_real_multiplier,0,6,delivery_aware_v1,4,0.05,best,32,2,32,1.0,32,0,0
multiplier_n6,semi_real_multiplier,0,6,delivery_aware_v2,4,0.05,best,32,2,32,1.0,32,0,0
multiplier_n6,semi_real_multiplier,0,6,static,4,0.1,asap,32,2,32,1.0,32,0,3
multiplier_n6,semi_real_multiplier,0,6,capacity_aware,4,0.1,asap,32,2,32,1.0,32,0,0
multiplier_n6,semi_real_multiplier,0,6,smooth,4,0.1,asap,32,2,32,1.0,32,0,0
multiplier_n6,semi_real_multiplier,0,6,delivery_aware_v1,4,0.1,asap,32,2,32,1.0,32,0,0
multiplier_n6,semi_real_multiplier,0,6,delivery_aware_v2,4,0.1,asap,32,2,32,1.0,32,0,0
multiplier_n6,semi_real_multiplier,0,6,static,4,0.1,best,32,2,32,1.0,32,0,3
multiplier_n6,semi_real_multiplier,0,6,capacity_aware,4,0.1,best,32,2,32,1.0,32,0,0
multiplier_n6,semi_real_multiplier,0,6,smooth,4,0.1,best,32,2,32,1.0,32,0,0
multiplier_n6,semi_real_multiplier,0,6,delivery_aware_v1,4,0.1,best,32,2,32,1.0,32,0,0
multiplier_n6,semi_real_multiplier,0,6,delivery_aware_v2,4,0.1,best,32,2,32,1.0,32,0,0
multiplier_n6,semi_real_multiplier,0,6,static,8,0.05,asap,32,2,32,1.0,32,0,3
multiplier_n6,semi_real_multiplier,0,6,capacity_aware,8,0.05,asap,32,2,32,1.0,32,0,0
multiplier_n6,semi_real_multiplier,0,6,smooth,8,0.05,asap,32,2,32,1.0,32,0,0
multiplier_n6,semi_real_multiplier,0,6,delivery_aware_v1,8,0.05,asap,32,2,32,1.0,32,0,1
multiplier_n6,semi_real_multiplier,0,6,delivery_aware_v2,8,0.05,asap,32,2,32,1.0,32,0,0
multiplier_n6,semi_real_multiplier,0,6,static,8,0.05,best,32,2,32,1.0,32,0,3
multiplier_n6,semi_real_multiplier,0,6,capacity_aware,8,0.05,best,32,2,32,1.0,32,0,0
multiplier_n6,semi_real_multiplier,0,6,smooth,8,0.05,best,32,2,32,1.0,32,0,0
multiplier_n6,semi_real_multiplier,0,6,delivery_aware_v1,8,0.05,best,32,2,32,1.0,32,0,1
multiplier_n6,semi_real_multiplier,0,6,delivery_aware_v2,8,0.05,best,32,2,32,1.0,32,0,0
multiplier_n6,semi_real_multiplier,0,6,static,8,0.1,asap,32,2,32,1.0,32,0,3
multiplier_n6,semi_real_multiplier,0,6,capacity_aware,8,0.1,asap,32,2,32,1.0,32,0,0
multiplier_n6,semi_real_multiplier,0,6,smooth,8,0.1,asap,32,2,32,1.0,32,0,0
multiplier_n6,semi_real_multiplier,0,6,delivery_aware_v1,8,0.1,asap,32,2,32,1.0,32,0,1
multiplier_n6,semi_real_multiplier,0,6,delivery_aware_v2,8,0.1,asap,32,2,32,1.0,32,0,0
multiplier_n6,semi_real_multiplier,0,6,static,8,0.1,best,32,2,32,1.0,32,0,3
multiplier_n6,semi_real_multiplier,0,6,capacity_aware,8,0.1,best,32,2,32,1.0,32,0,0
multiplier_n6,semi_real_multiplier,0,6,smooth,8,0.1,best,32,2,32,1.0,32,0,0
multiplier_n6,semi_real_multiplier,0,6,delivery_aware_v1,8,0.1,best,32,2,32,1.0,32,0,1
multiplier_n6,semi_real_multiplier,0,6,delivery_aware_v2,8,0.1,best,32,2,32,1.0,32,0,0
multiplier_n6,semi_real_multiplier,0,6,static,12,0.05,asap,32,2,32,1.0,32,0,3
multiplier_n6,semi_real_multiplier,0,6,capacity_aware,12,0.05,asap,32,2,32,1.0,32,0,0
multiplier_n6,semi_real_multiplier,0,6,smooth,12,0.05,asap,32,2,32,1.0,32,0,0
multiplier_n6,semi_real_multiplier,0,6,delivery_aware_v1,12,0.05,asap,32,2,32,1.0,32,0,1
multiplier_n6,semi_real_multiplier,0,6,delivery_aware_v2,12,0.05,asap,32,2,32,1.0,32,0,0
multiplier_n6,semi_real_multiplier,0,6,static,12,0.05,best,32,2,32,1.0,32,0,3
multiplier_n6,semi_real_multiplier,0,6,capacity_aware,12,0.05,best,32,2,32,1.0,32,0,0
multiplier_n6,semi_real_multiplier,0,6,smooth,12,0.05,best,32,2,32,1.0,32,0,0
multiplier_n6,semi_real_multiplier,0,6,delivery_aware_v1,12,0.05,best,32,2,32,1.0,32,0,1
multiplier_n6,semi_real_multiplier,0,6,delivery_aware_v2,12,0.05,best,32,2,32,1.0,32,0,0
multiplier_n6,semi_real_multiplier,0,6,static,12,0.1,asap,32,2,32,1.0,32,0,3
multiplier_n6,semi_real_multiplier,0,6,capacity_aware,12,0.1,asap,32,2,32,1.0,32,0,0
multiplier_n6,semi_real_multiplier,0,6,smooth,12,0.1,asap,32,2,32,1.0,32,0,0
multiplier_n6,semi_real_multiplier,0,6,delivery_aware_v1,12,0.1,asap,32,2,32,1.0,32,0,1
multiplier_n6,semi_real_multiplier,0,6,delivery_aware_v2,12,0.1,asap,32,2,32,1.0,32,0,0
multiplier_n6,semi_real_multiplier,0,6,static,12,0.1,best,32,2,32,1.0,32,0,3
multiplier_n6,semi_real_multiplier,0,6,capacity_aware,12,0.1,best,32,2,32,1.0,32,0,0
multiplier_n6,semi_real_multiplier,0,6,smooth,12,0.1,best,32,2,32,1.0,32,0,0
multiplier_n6,semi_real_multiplier,0,6,delivery_aware_v1,12,0.1,best,32,2,32,1.0,32,0,1
multiplier_n6,semi_real_multiplier,0,6,delivery_aware_v2,12,0.1,best,32,2,32,1.0,32,0,0
multiplier_n8,semi_real_multiplier,0,8,static,0,0.05,asap,42,3,43,1.0238095238095237,42,1,3
multiplier_n8,semi_real_multiplier,0,8,capacity_aware,0,0.05,asap,42,3,42,1.0,42,0,0
multiplier_n8,semi_real_multiplier,0,8,smooth,0,0.05,asap,42,3,42,1.0,42,0,0
multiplier_n8,semi_real_multiplier,0,8,delivery_aware_v1,0,0.05,asap,42,3,42,1.0,42,0,0
multiplier_n8,semi_real_multiplier,0,8,delivery_aware_v2,0,0.05,asap,42,3,42,1.0,42,0,0
multiplier_n8,semi_real_multiplier,0,8,static,0,0.05,best,42,3,43,1.0238095238095237,42,1,3
multiplier_n8,semi_real_multiplier,0,8,capacity_aware,0,0.05,best,42,3,42,1.0,42,0,0
multiplier_n8,semi_real_multiplier,0,8,smooth,0,0.05,best,42,3,42,1.0,42,0,0
multiplier_n8,semi_real_multiplier,0,8,delivery_aware_v1,0,0.05,best,42,3,42,1.0,42,0,0
multiplier_n8,semi_real_multiplier,0,8,delivery_aware_v2,0,0.05,best,42,3,42,1.0,42,0,0
multiplier_n8,semi_real_multiplier,0,8,static,0,0.1,asap,42,3,43,1.0238095238095237,42,1,3
multiplier_n8,semi_real_multiplier,0,8,capacity_aware,0,0.1,asap,42,3,42,1.0,42,0,0
multiplier_n8,semi_real_multiplier,0,8,smooth,0,0.1,asap,42,2,46,1.0952380952380953,42,4,8
multiplier_n8,semi_real_multiplier,0,8,delivery_aware_v1,0,0.1,asap,42,2,46,1.0952380952380953,42,4,8
multiplier_n8,semi_real_multiplier,0,8,delivery_aware_v2,0,0.1,asap,42,2,46,1.0952380952380953,42,4,8
multiplier_n8,semi_real_multiplier,0,8,static,0,0.1,best,42,3,43,1.0238095238095237,42,1,3
multiplier_n8,semi_real_multiplier,0,8,capacity_aware,0,0.1,best,42,3,42,1.0,42,0,0
multiplier_n8,semi_real_multiplier,0,8,smooth,0,0.1,best,42,2,46,1.0952380952380953,42,4,8
multiplier_n8,semi_real_multiplier,0,8,delivery_aware_v1,0,0.1,best,42,2,46,1.0952380952380953,42,4,8
multiplier_n8,semi_real_multiplier,0,8,delivery_aware_v2,0,0.1,best,42,2,46,1.0952380952380953,42,4,8
multiplier_n8,semi_real_multiplier,0,8,static,4,0.05,asap,42,3,42,1.0,42,0,3
multiplier_n8,semi_real_multiplier,0,8,capacity_aware,4,0.05,asap,42,3,42,1.0,42,0,0
multiplier_n8,semi_real_multiplier,0,8,smooth,4,0.05,asap,42,2,44,1.0476190476190477,42,2,8
multiplier_n8,semi_real_multiplier,0,8,delivery_aware_v1,4,0.05,asap,42,2,44,1.0476190476190477,42,2,8
multiplier_n8,semi_real_multiplier,0,8,delivery_aware_v2,4,0.05,asap,42,2,44,1.0476190476190477,42,2,8
multiplier_n8,semi_real_multiplier,0,8,static,4,0.05,best,42,3,42,1.0,42,0,3
multiplier_n8,semi_real_multiplier,0,8,capacity_aware,4,0.05,best,42,3,42,1.0,42,0,0
multiplier_n8,semi_real_multiplier,0,8,smooth,4,0.05,best,42,2,44,1.0476190476190477,42,2,8
multiplier_n8,semi_real_multiplier,0,8,delivery_aware_v1,4,0.05,best,42,2,44,1.0476190476190477,42,2,8
multiplier_n8,semi_real_multiplier,0,8,delivery_aware_v2,4,0.05,best,42,2,44,1.0476190476190477,42,2,8
multiplier_n8,semi_real_multiplier,0,8,static,4,0.1,asap,42,3,42,1.0,42,0,3
multiplier_n8,semi_real_multiplier,0,8,capacity_aware,4,0.1,asap,42,3,42,1.0,42,0,0
multiplier_n8,semi_real_multiplier,0,8,smooth,4,0.1,asap,42,2,44,1.0476190476190477,42,2,8
multiplier_n8,semi_real_multiplier,0,8,delivery_aware_v1,4,0.1,asap,42,2,44,1.0476190476190477,42,2,8
multiplier_n8,semi_real_multiplier,0,8,delivery_aware_v2,4,0.1,asap,42,2,44,1.0476190476190477,42,2,8
multiplier_n8,semi_real_multiplier,0,8,static,4,0.1,best,42,3,42,1.0,42,0,3
multiplier_n8,semi_real_multiplier,0,8,capacity_aware,4,0.1,best,42,3,42,1.0,42,0,0
multiplier_n8,semi_real_multiplier,0,8,smooth,4,0.1,best,42,2,44,1.0476190476190477,42,2,8
multiplier_n8,semi_real_multiplier,0,8,delivery_aware_v1,4,0.1,best,42,2,44,1.0476190476190477,42,2,8
multiplier_n8,semi_real_multiplier,0,8,delivery_aware_v2,4,0.1,best,42,2,44,1.0476190476190477,42,2,8
multiplier_n8,semi_real_multiplier,0,8,static,8,0.05,asap,42,3,42,1.0,42,0,3
multiplier_n8,semi_real_multiplier,0,8,capacity_aware,8,0.05,asap,42,3,42,1.0,42,0,0
multiplier_n8,semi_real_multiplier,0,8,smooth,8,0.05,asap,42,2,42,1.0,42,0,8
multiplier_n8,semi_real_multiplier,0,8,delivery_aware_v1,8,0.05,asap,42,2,43,1.0238095238095237,42,1,10
multiplier_n8,semi_real_multiplier,0,8,delivery_aware_v2,8,0.05,asap,42,2,42,1.0,42,0,8
multiplier_n8,semi_real_multiplier,0,8,static,8,0.05,best,42,3,42,1.0,42,0,3
multiplier_n8,semi_real_multiplier,0,8,capacity_aware,8,0.05,best,42,3,42,1.0,42,0,0
multiplier_n8,semi_real_multiplier,0,8,smooth,8,0.05,best,42,2,42,1.0,42,0,8
multiplier_n8,semi_real_multiplier,0,8,delivery_aware_v1,8,0.05,best,42,2,43,1.0238095238095237,42,1,10
multiplier_n8,semi_real_multiplier,0,8,delivery_aware_v2,8,0.05,best,42,2,42,1.0,42,0,8
multiplier_n8,semi_real_multiplier,0,8,static,8,0.1,asap,42,3,42,1.0,42,0,3
multiplier_n8,semi_real_multiplier,0,8,capacity_aware,8,0.1,asap,42,3,42,1.0,42,0,0
multiplier_n8,semi_real_multiplier,0,8,smooth,8,0.1,asap,42,2,42,1.0,42,0,8
multiplier_n8,semi_real_multiplier,0,8,delivery_aware_v1,8,0.1,asap,42,2,43,1.0238095238095237,42,1,10
multiplier_n8,semi_real_multiplier,0,8,delivery_aware_v2,8,0.1,asap,42,2,42,1.0,42,0,8
multiplier_n8,semi_real_multiplier,0,8,static,8,0.1,best,42,3,42,1.0,42,0,3
multiplier_n8,semi_real_multiplier,0,8,capacity_aware,8,0.1,best,42,3,42,1.0,42,0,0
multiplier_n8,semi_real_multiplier,0,8,smooth,8,0.1,best,42,2,42,1.0,42,0,8
multiplier_n8,semi_real_multiplier,0,8,delivery_aware_v1,8,0.1,best,42,2,43,1.0238095238095237,42,1,10
multiplier_n8,semi_real_multiplier,0,8,delivery_aware_v2,8,0.1,best,42,2,42,1.0,42,0,8
multiplier_n8,semi_real_multiplier,0,8,static,12,0.05,asap,42,3,42,1.0,42,0,3
multiplier_n8,semi_real_multiplier,0,8,capacity_aware,12,0.05,asap,42,3,42,1.0,42,0,0
multiplier_n8,semi_real_multiplier,0,8,smooth,12,0.05,asap,42,2,42,1.0,42,0,8
multiplier_n8,semi_real_multiplier,0,8,delivery_aware_v1,12,0.05,asap,42,2,43,1.0238095238095237,42,1,14
multiplier_n8,semi_real_multiplier,0,8,delivery_aware_v2,12,0.05,asap,42,2,42,1.0,42,0,8
multiplier_n8,semi_real_multiplier,0,8,static,12,0.05,best,42,3,42,1.0,42,0,3
multiplier_n8,semi_real_multiplier,0,8,capacity_aware,12,0.05,best,42,3,42,1.0,42,0,0
multiplier_n8,semi_real_multiplier,0,8,smooth,12,0.05,best,42,2,42,1.0,42,0,8
multiplier_n8,semi_real_multiplier,0,8,delivery_aware_v1,12,0.05,best,42,2,43,1.0238095238095237,42,1,14
multiplier_n8,semi_real_multiplier,0,8,delivery_aware_v2,12,0.05,best,42,2,42,1.0,42,0,8
multiplier_n8,semi_real_multiplier,0,8,static,12,0.1,asap,42,2,46,1.0952380952380953,42,4,19
multiplier_n8,semi_real_multiplier,0,8,capacity_aware,12,0.1,asap,42,3,42,1.0,42,0,0
multiplier_n8,semi_real_multiplier,0,8,smooth,12,0.1,asap,42,2,42,1.0,42,0,8
multiplier_n8,semi_real_multiplier,0,8,delivery_aware_v1,12,0.1,asap,42,2,43,1.0238095238095237,42,1,14
multiplier_n8,semi_real_multiplier,0,8,delivery_aware_v2,12,0.1,asap,42,2,42,1.0,42,0,8
multiplier_n8,semi_real_multiplier,0,8,static,12,0.1,best,42,2,46,1.0952380952380953,42,4,19
multiplier_n8,semi_real_multiplier,0,8,capacity_aware,12,0.1,best,42,3,42,1.0,42,0,0
multiplier_n8,semi_real_multiplier,0,8,smooth,12,0.1,best,42,2,42,1.0,42,0,8
multiplier_n8,semi_real_multiplier,0,8,delivery_aware_v1,12,0.1,best,42,2,43,1.0238095238095237,42,1,14
multiplier_n8,semi_real_multiplier,0,8,delivery_aware_v2,12,0.1,best,42,2,42,1.0,42,0,8
multiplier_n12,semi_real_multiplier,0,12,static,0,0.05,asap,62,4,64,1.032258064516129,62,2,5
multiplier_n12,semi_real_multiplier,0,12,capacity_aware,0,0.05,asap,62,4,63,1.0161290322580645,63,0,0
multiplier_n12,semi_real_multiplier,0,12,smooth,0,0.05,asap,62,4,62,1.0,62,0,0
multiplier_n12,semi_real_multiplier,0,12,delivery_aware_v1,0,0.05,asap,62,4,62,1.0,62,0,0
multiplier_n12,semi_real_multiplier,0,12,delivery_aware_v2,0,0.05,asap,62,4,62,1.0,62,0,0
multiplier_n12,semi_real_multiplier,0,12,static,0,0.05,best,62,4,64,1.032258064516129,62,2,5
multiplier_n12,semi_real_multiplier,0,12,capacity_aware,0,0.05,best,62,4,63,1.0161290322580645,63,0,0
multiplier_n12,semi_real_multiplier,0,12,smooth,0,0.05,best,62,4,62,1.0,62,0,0
multiplier_n12,semi_real_multiplier,0,12,delivery_aware_v1,0,0.05,best,62,4,62,1.0,62,0,0
multiplier_n12,semi_real_multiplier,0,12,delivery_aware_v2,0,0.05,best,62,4,62,1.0,62,0,0
multiplier_n12,semi_real_multiplier,0,12,static,0,0.1,asap,62,4,64,1.032258064516129,62,2,5
multiplier_n12,semi_real_multiplier,0,12,capacity_aware,0,0.1,asap,62,4,63,1.0161290322580645,63,0,0
multiplier_n12,semi_real_multiplier,0,12,smooth,0,0.1,asap,62,3,68,1.096774193548387,62,6,18
multiplier_n12,semi_real_multiplier,0,12,delivery_aware_v1,0,0.1,asap,62,3,68,1.096774193548387,62,6,18
multiplier_n12,semi_real_multiplier,0,12,delivery_aware_v2,0,0.1,asap,62,3,68,1.096774193548387,62,6,18
multiplier_n12,semi_real_multiplier,0,12,static,0,0.1,best,62,4,64,1.032258064516129,62,2,5
multiplier_n12,semi_real_multiplier,0,12,capacity_aware,0,0.1,best,62,4,63,1.0161290322580645,63,0,0
multiplier_n12,semi_real_multiplier,0,12,smooth,0,0.1,best,62,3,68,1.096774193548387,62,6,18
multiplier_n12,semi_real_multiplier,0,12,delivery_aware_v1,0,0.1,best,62,3,68,1.096774193548387,62,6,18
multiplier_n12,semi_real_multiplier,0,12,delivery_aware_v2,0,0.1,best,62,3,68,1.096774193548387,62,6,18
multiplier_n12,semi_real_multiplier,0,12,static,4,0.05,asap,62,4,63,1.0161290322580645,62,1,5
multiplier_n12,semi_real_multiplier,0,12,capacity_aware,4,0.05,asap,62,4,63,1.0161290322580645,63,0,0
multiplier_n12,semi_real_multiplier,0,12,smooth,4,0.05,asap,62,4,62,1.0,62,0,0
multiplier_n12,semi_real_multiplier,0,12,delivery_aware_v1,4,0.05,asap,62,4,62,1.0,62,0,0
multiplier_n12,semi_real_multiplier,0,12,delivery_aware_v2,4,0.05,asap,62,4,62,1.0,62,0,0
multiplier_n12,semi_real_multiplier,0,12,static,4,0.05,best,62,4,63,1.0161290322580645,62,1,5
multiplier_n12,semi_real_multiplier,0,12,capacity_aware,4,0.05,best,62,4,63,1.0161290322580645,63,0,0
multiplier_n12,semi_real_multiplier,0,12,smooth,4,0.05,best,62,4,62,1.0,62,0,0
multiplier_n12,semi_real_multiplier,0,12,delivery_aware_v1,4,0.05,best,62,4,62,1.0,62,0,0
multiplier_n12,semi_real_multiplier,0,12,delivery_aware_v2,4,0.05,best,62,4,62,1.0,62,0,0
multiplier_n12,semi_real_multiplier,0,12,static,4,0.1,asap,62,4,63,1.0161290322580645,62,1,5
multiplier_n12,semi_real_multiplier,0,12,capacity_aware,4,0.1,asap,62,4,63,1.0161290322580645,63,0,0
multiplier_n12,semi_real_multiplier,0,12,smooth,4,0.1,asap,62,3,67,1.0806451612903225,62,5,18
multiplier_n12,semi_real_multiplier,0,12,delivery_aware_v1,4,0.1,asap,62,3,67,1.0806451612903225,62,5,18
multiplier_n12,semi_real_multiplier,0,12,delivery_aware_v2,4,0.1,asap,62,3,67,1.0806451612903225,62,5,18
multiplier_n12,semi_real_multiplier,0,12,static,4,0.1,best,62,4,63,1.0161290322580645,62,1,5
multiplier_n12,semi_real_multiplier,0,12,capacity_aware,4,0.1,best,62,4,63,1.0161290322580645,63,0,0
multiplier_n12,semi_real_multiplier,0,12,smooth,4,0.1,best,62,3,67,1.0806451612903225,62,5,18
multiplier_n12,semi_real_multiplier,0,12,delivery_aware_v1,4,0.1,best,62,3,67,1.0806451612903225,62,5,18
multiplier_n12,semi_real_multiplier,0,12,delivery_aware_v2,4,0.1,best,62,3,67,1.0806451612903225,62,5,18
multiplier_n12,semi_real_multiplier,0,12,static,8,0.05,asap,62,4,62,1.0,62,0,5
multiplier_n12,semi_real_multiplier,0,12,capacity_aware,8,0.05,asap,62,4,63,1.0161290322580645,63,0,0
multiplier_n12,semi_real_multiplier,0,12,smooth,8,0.05,asap,62,4,62,1.0,62,0,0
multiplier_n12,semi_real_multiplier,0,12,delivery_aware_v1,8,0.05,asap,62,4,62,1.0,62,0,1
multiplier_n12,semi_real_multiplier,0,12,delivery_aware_v2,8,0.05,asap,62,4,62,1.0,62,0,0
multiplier_n12,semi_real_multiplier,0,12,static,8,0.05,best,62,4,62,1.0,62,0,5
multiplier_n12,semi_real_multiplier,0,12,capacity_aware,8,0.05,best,62,4,63,1.0161290322580645,63,0,0
multiplier_n12,semi_real_multiplier,0,12,smooth,8,0.05,best,62,4,62,1.0,62,0,0
multiplier_n12,semi_real_multiplier,0,12,delivery_aware_v1,8,0.05,best,62,4,62,1.0,62,0,1
multiplier_n12,semi_real_multiplier,0,12,delivery_aware_v2,8,0.05,best,62,4,62,1.0,62,0,0
multiplier_n12,semi_real_multiplier,0,12,static,8,0.1,asap,62,4,62,1.0,62,0,5
multiplier_n12,semi_real_multiplier,0,12,capacity_aware,8,0.1,asap,62,4,63,1.0161290322580645,63,0,0
multiplier_n12,semi_real_multiplier,0,12,smooth,8,0.1,asap,62,3,66,1.064516129032258,62,4,18
multiplier_n12,semi_real_multiplier,0,12,delivery_aware_v1,8,0.1,asap,62,3,66,1.064516129032258,62,4,18
multiplier_n12,semi_real_multiplier,0,12,delivery_aware_v2,8,0.1,asap,62,3,66,1.064516129032258,62,4,18
multiplier_n12,semi_real_multiplier,0,12,static,8,0.1,best,62,4,62,1.0,62,0,5
multiplier_n12,semi_real_multiplier,0,12,capacity_aware,8,0.1,best,62,4,63,1.0161290322580645,63,0,0
multiplier_n12,semi_real_multiplier,0,12,smooth,8,0.1,best,62,3,66,1.064516129032258,62,4,18
multiplier_n12,semi_real_multiplier,0,12,delivery_aware_v1,8,0.1,best,62,3,66,1.064516129032258,62,4,18
multiplier_n12,semi_real_multiplier,0,12,delivery_aware_v2,8,0.1,best,62,3,66,1.064516129032258,62,4,18
multiplier_n12,semi_real_multiplier,0,12,static,12,0.05,asap,62,4,62,1.0,62,0,5
multiplier_n12,semi_real_multiplier,0,12,capacity_aware,12,0.05,asap,62,4,63,1.0161290322580645,63,0,0
multiplier_n12,semi_real_multiplier,0,12,smooth,12,0.05,asap,62,3,64,1.032258064516129,62,2,18
multiplier_n12,semi_real_multiplier,0,12,delivery_aware_v1,12,0.05,asap,62,3,64,1.032258064516129,62,2,18
multiplier_n12,semi_real_multiplier,0,12,delivery_aware_v2,12,0.05,asap,62,3,64,1.032258064516129,62,2,18
multiplier_n12,semi_real_multiplier,0,12,static,12,0.05,best,62,4,62,1.0,62,0,5
multiplier_n12,semi_real_multiplier,0,12,capacity_aware,12,0.05,best,62,4,63,1.0161290322580645,63,0,0
multiplier_n12,semi_real_multiplier,0,12,smooth,12,0.05,best,62,3,64,1.032258064516129,62,2,18
multiplier_n12,semi_real_multiplier,0,12,delivery_aware_v1,12,0.05,best,62,3,64,1.032258064516129,62,2,18
multiplier_n12,semi_real_multiplier,0,12,delivery_aware_v2,12,0.05,best,62,3,64,1.032258064516129,62,2,18
multiplier_n12,semi_real_multiplier,0,12,static,12,0.1,asap,62,4,62,1.0,62,0,5
multiplier_n12,semi_real_multiplier,0,12,capacity_aware,12,0.1,asap,62,4,63,1.0161290322580645,63,0,0
multiplier_n12,semi_real_multiplier,0,12,smooth,12,0.1,asap,62,3,64,1.032258064516129,62,2,18
multiplier_n12,semi_real_multiplier,0,12,delivery_aware_v1,12,0.1,asap,62,3,64,1.032258064516129,62,2,18
multiplier_n12,semi_real_multiplier,0,12,delivery_aware_v2,12,0.1,asap,62,3,64,1.032258064516129,62,2,18
multiplier_n12,semi_real_multiplier,0,12,static,12,0.1,best,62,4,62,1.0,62,0,5
multiplier_n12,semi_real_multiplier,0,12,capacity_aware,12,0.1,best,62,4,63,1.0161290322580645,63,0,0
multiplier_n12,semi_real_multiplier,0,12,smooth,12,0.1,best,62,3,64,1.032258064516129,62,2,18
multiplier_n12,semi_real_multiplier,0,12,delivery_aware_v1,12,0.1,best,62,3,64,1.032258064516129,62,2,18
multiplier_n12,semi_real_multiplier,0,12,delivery_aware_v2,12,0.1,best,62,3,64,1.032258064516129,62,2,18
exact_qft_n8,semi_real_qft,0,8,static,0,0.05,asap,26,3,26,1.0,26,0,0
exact_qft_n8,semi_real_qft,0,8,capacity_aware,0,0.05,asap,26,3,26,1.0,26,0,0
exact_qft_n8,semi_real_qft,0,8,smooth,0,0.05,asap,26,2,26,1.0,26,0,0
exact_qft_n8,semi_real_qft,0,8,delivery_aware_v1,0,0.05,asap,26,2,26,1.0,26,0,0
exact_qft_n8,semi_real_qft,0,8,delivery_aware_v2,0,0.05,asap,26,2,26,1.0,26,0,0
exact_qft_n8,semi_real_qft,0,8,static,0,0.05,best,26,3,26,1.0,26,0,0
exact_qft_n8,semi_real_qft,0,8,capacity_aware,0,0.05,best,26,3,26,1.0,26,0,0
exact_qft_n8,semi_real_qft,0,8,smooth,0,0.05,best,26,2,26,1.0,26,0,0
exact_qft_n8,semi_real_qft,0,8,delivery_aware_v1,0,0.05,best,26,2,26,1.0,26,0,0
exact_qft_n8,semi_real_qft,0,8,delivery_aware_v2,0,0.05,best,26,2,26,1.0,26,0,0
exact_qft_n8,semi_real_qft,0,8,static,0,0.1,asap,26,2,28,1.0769230769230769,26,2,3
exact_qft_n8,semi_real_qft,0,8,capacity_aware,0,0.1,asap,26,3,26,1.0,26,0,0
exact_qft_n8,semi_real_qft,0,8,smooth,0,0.1,asap,26,2,26,1.0,26,0,0
exact_qft_n8,semi_real_qft,0,8,delivery_aware_v1,0,0.1,asap,26,2,26,1.0,26,0,0
exact_qft_n8,semi_real_qft,0,8,delivery_aware_v2,0,0.1,asap,26,2,26,1.0,26,0,0
exact_qft_n8,semi_real_qft,0,8,static,0,0.1,best,26,2,28,1.0769230769230769,26,2,3
exact_qft_n8,semi_real_qft,0,8,capacity_aware,0,0.1,best,26,3,26,1.0,26,0,0
exact_qft_n8,semi_real_qft,0,8,smooth,0,0.1,best,26,2,26,1.0,26,0,0
exact_qft_n8,semi_real_qft,0,8,delivery_aware_v1,0,0.1,best,26,2,26,1.0,26,0,0
exact_qft_n8,semi_real_qft,0,8,delivery_aware_v2,0,0.1,best,26,2,26,1.0,26,0,0
exact_qft_n8,semi_real_qft,0,8,static,4,0.05,asap,26,2,26,1.0,26,0,3
exact_qft_n8,semi_real_qft,0,8,capacity_aware,4,0.05,asap,26,3,26,1.0,26,0,0
exact_qft_n8,semi_real_qft,0,8,smooth,4,0.05,asap,26,2,26,1.0,26,0,0
exact_qft_n8,semi_real_qft,0,8,delivery_aware_v1,4,0.05,asap,26,2,26,1.0,26,0,2
exact_qft_n8,semi_real_qft,0,8,delivery_aware_v2,4,0.05,asap,26,2,26,1.0,26,0,1
exact_qft_n8,semi_real_qft,0,8,static,4,0.05,best,26,2,26,1.0,26,0,3
exact_qft_n8,semi_real_qft,0,8,capacity_aware,4,0.05,best,26,3,26,1.0,26,0,0
exact_qft_n8,semi_real_qft,0,8,smooth,4,0.05,best,26,2,26,1.0,26,0,0
exact_qft_n8,semi_real_qft,0,8,delivery_aware_v1,4,0.05,best,26,2,26,1.0,26,0,2
exact_qft_n8,semi_real_qft,0,8,delivery_aware_v2,4,0.05,best,26,2,26,1.0,26,0,1
exact_qft_n8,semi_real_qft,0,8,static,4,0.1,asap,26,2,26,1.0,26,0,3
exact_qft_n8,semi_real_qft,0,8,capacity_aware,4,0.1,asap,26,3,26,1.0,26,0,0
exact_qft_n8,semi_real_qft,0,8,smooth,4,0.1,asap,26,2,26,1.0,26,0,0
exact_qft_n8,semi_real_qft,0,8,delivery_aware_v1,4,0.1,asap,26,2,26,1.0,26,0,2
exact_qft_n8,semi_real_qft,0,8,delivery_aware_v2,4,0.1,asap,26,2,26,1.0,26,0,1
exact_qft_n8,semi_real_qft,0,8,static,4,0.1,best,26,2,26,1.0,26,0,3
exact_qft_n8,semi_real_qft,0,8,capacity_aware,4,0.1,best,26,3,26,1.0,26,0,0
exact_qft_n8,semi_real_qft,0,8,smooth,4,0.1,best,26,2,26,1.0,26,0,0
exact_qft_n8,semi_real_qft,0,8,delivery_aware_v1,4,0.1,best,26,2,26,1.0,26,0,2
exact_qft_n8,semi_real_qft,0,8,delivery_aware_v2,4,0.1,best,26,2,26,1.0,26,0,1
exact_qft_n8,semi_real_qft,0,8,static,8,0.05,asap,26,2,26,1.0,26,0,3
exact_qft_n8,semi_real_qft,0,8,capacity_aware,8,0.05,asap,26,3,26,1.0,26,0,0
exact_qft_n8,semi_real_qft,0,8,smooth,8,0.05,asap,26,2,26,1.0,26,0,0
exact_qft_n8,semi_real_qft,0,8,delivery_aware_v1,8,0.05,asap,26,2,26,1.0,26,0,3
exact_qft_n8,semi_real_qft,0,8,delivery_aware_v2,8,0.05,asap,26,2,26,1.0,26,0,1
exact_qft_n8,semi_real_qft,0,8,static,8,0.05,best,26,2,26,1.0,26,0,3
exact_qft_n8,semi_real_qft,0,8,capacity_aware,8,0.05,best,26,3,26,1.0,26,0,0
exact_qft_n8,semi_real_qft,0,8,smooth,8,0.05,best,26,2,26,1.0,26,0,0
exact_qft_n8,semi_real_qft,0,8,delivery_aware_v1,8,0.05,best,26,2,26,1.0,26,0,3
exact_qft_n8,semi_real_qft,0,8,delivery_aware_v2,8,0.05,best,26,2,26,1.0,26,0,1
exact_qft_n8,semi_real_qft,0,8,static,8,0.1,asap,26,2,26,1.0,26,0,3
exact_qft_n8,semi_real_qft,0,8,capacity_aware,8,0.1,asap,26,3,26,1.0,26,0,0
exact_qft_n8,semi_real_qft,0,8,smooth,8,0.1,asap,26,2,26,1.0,26,0,0
exact_qft_n8,semi_real_qft,0,8,delivery_aware_v1,8,0.1,asap,26,2,26,1.0,26,0,3
exact_qft_n8,semi_real_qft,0,8,delivery_aware_v2,8,0.1,asap,26,2,26,1.0,26,0,1
exact_qft_n8,semi_real_qft,0,8,static,8,0.1,best,26,2,26,1.0,26,0,3
exact_qft_n8,semi_real_qft,0,8,capacity_aware,8,0.1,best,26,3,26,1.0,26,0,0
exact_qft_n8,semi_real_qft,0,8,smooth,8,0.1,best,26,2,26,1.0,26,0,0
exact_qft_n8,semi_real_qft,0,8,delivery_aware_v1,8,0.1,best,26,2,26,1.0,26,0,3
exact_qft_n8,semi_real_qft,0,8,delivery_aware_v2,8,0.1,best,26,2,26,1.0,26,0,1
exact_qft_n8,semi_real_qft,0,8,static,12,0.05,asap,26,2,26,1.0,26,0,3
exact_qft_n8,semi_real_qft,0,8,capacity_aware,12,0.05,asap,26,3,26,1.0,26,0,0
exact_qft_n8,semi_real_qft,0,8,smooth,12,0.05,asap,26,2,26,1.0,26,0,0
exact_qft_n8,semi_real_qft,0,8,delivery_aware_v1,12,0.05,asap,26,1,27,1.0384615384615385,26,1,13
exact_qft_n8,semi_real_qft,0,8,delivery_aware_v2,12,0.05,asap,26,2,26,1.0,26,0,1
exact_qft_n8,semi_real_qft,0,8,static,12,0.05,best,26,2,26,1.0,26,0,3
exact_qft_n8,semi_real_qft,0,8,capacity_aware,12,0.05,best,26,3,26,1.0,26,0,0
exact_qft_n8,semi_real_qft,0,8,smooth,12,0.05,best,26,2,26,1.0,26,0,0
exact_qft_n8,semi_real_qft,0,8,delivery_aware_v1,12,0.05,best,26,1,27,1.0384615384615385,26,1,13
exact_qft_n8,semi_real_qft,0,8,delivery_aware_v2,12,0.05,best,26,2,26,1.0,26,0,1
exact_qft_n8,semi_real_qft,0,8,static,12,0.1,asap,26,2,26,1.0,26,0,3
exact_qft_n8,semi_real_qft,0,8,capacity_aware,12,0.1,asap,26,3,26,1.0,26,0,0
exact_qft_n8,semi_real_qft,0,8,smooth,12,0.1,asap,26,2,26,1.0,26,0,0
exact_qft_n8,semi_real_qft,0,8,delivery_aware_v1,12,0.1,asap,26,1,27,1.0384615384615385,26,1,13
exact_qft_n8,semi_real_qft,0,8,delivery_aware_v2,12,0.1,asap,26,2,26,1.0,26,0,1
exact_qft_n8,semi_real_qft,0,8,static,12,0.1,best,26,2,26,1.0,26,0,3
exact_qft_n8,semi_real_qft,0,8,capacity_aware,12,0.1,best,26,3,26,1.0,26,0,0
exact_qft_n8,semi_real_qft,0,8,smooth,12,0.1,best,26,2,26,1.0,26,0,0
exact_qft_n8,semi_real_qft,0,8,delivery_aware_v1,12,0.1,best,26,1,27,1.0384615384615385,26,1,13
exact_qft_n8,semi_real_qft,0,8,delivery_aware_v2,12,0.1,best,26,2,26,1.0,26,0,1
approx_qft_n12,semi_real_qft,0,12,static,0,0.05,asap,38,4,38,1.0,38,0,0
approx_qft_n12,semi_real_qft,0,12,capacity_aware,0,0.05,asap,38,4,38,1.0,38,0,0
approx_qft_n12,semi_real_qft,0,12,smooth,0,0.05,asap,38,3,38,1.0,38,0,0
approx_qft_n12,semi_real_qft,0,12,delivery_aware_v1,0,0.05,asap,38,3,38,1.0,38,0,0
approx_qft_n12,semi_real_qft,0,12,delivery_aware_v2,0,0.05,asap,38,3,38,1.0,38,0,0
approx_qft_n12,semi_real_qft,0,12,static,0,0.05,best,38,4,38,1.0,38,0,0
approx_qft_n12,semi_real_qft,0,12,capacity_aware,0,0.05,best,38,4,38,1.0,38,0,0
approx_qft_n12,semi_real_qft,0,12,smooth,0,0.05,best,38,3,38,1.0,38,0,0
approx_qft_n12,semi_real_qft,0,12,delivery_aware_v1,0,0.05,best,38,3,38,1.0,38,0,0
approx_qft_n12,semi_real_qft,0,12,delivery_aware_v2,0,0.05,best,38,3,38,1.0,38,0,0
approx_qft_n12,semi_real_qft,0,12,static,0,0.1,asap,38,3,41,1.0789473684210527,38,3,9
approx_qft_n12,semi_real_qft,0,12,capacity_aware,0,0.1,asap,38,3,40,1.0526315789473684,40,0,0
approx_qft_n12,semi_real_qft,0,12,smooth,0,0.1,asap,38,3,38,1.0,38,0,0
approx_qft_n12,semi_real_qft,0,12,delivery_aware_v1,0,0.1,asap,38,3,38,1.0,38,0,0
approx_qft_n12,semi_real_qft,0,12,delivery_aware_v2,0,0.1,asap,38,3,38,1.0,38,0,0
approx_qft_n12,semi_real_qft,0,12,static,0,0.1,best,38,3,41,1.0789473684210527,38,3,9
approx_qft_n12,semi_real_qft,0,12,capacity_aware,0,0.1,best,38,3,40,1.0526315789473684,40,0,0
approx_qft_n12,semi_real_qft,0,12,smooth,0,0.1,best,38,3,38,1.0,38,0,0
approx_qft_n12,semi_real_qft,0,12,delivery_aware_v1,0,0.1,best,38,3,38,1.0,38,0,0
approx_qft_n12,semi_real_qft,0,12,delivery_aware_v2,0,0.1,best,38,3,38,1.0,38,0,0
approx_qft_n12,semi_real_qft,0,12,static,4,0.05,asap,38,4,38,1.0,38,0,0
approx_qft_n12,semi_real_qft,0,12,capacity_aware,4,0.05,asap,38,4,38,1.0,38,0,0
approx_qft_n12,semi_real_qft,0,12,smooth,4,0.05,asap,38,3,38,1.0,38,0,0
approx_qft_n12,semi_real_qft,0,12,delivery_aware_v1,4,0.05,asap,38,3,38,1.0,38,0,1
approx_qft_n12,semi_real_qft,0,12,delivery_aware_v2,4,0.05,asap,38,3,38,1.0,38,0,0
approx_qft_n12,semi_real_qft,0,12,static,4,0.05,best,38,4,38,1.0,38,0,0
approx_qft_n12,semi_real_qft,0,12,capacity_aware,4,0.05,best,38,4,38,1.0,38,0,0
approx_qft_n12,semi_real_qft,0,12,smooth,4,0.05,best,38,3,38,1.0,38,0,0
approx_qft_n12,semi_real_qft,0,12,delivery_aware_v1,4,0.05,best,38,3,38,1.0,38,0,1
approx_qft_n12,semi_real_qft,0,12,delivery_aware_v2,4,0.05,best,38,3,38,1.0,38,0,0
approx_qft_n12,semi_real_qft,0,12,static,4,0.1,asap,38,3,40,1.0526315789473684,38,2,9
approx_qft_n12,semi_real_qft,0,12,capacity_aware,4,0.1,asap,38,3,40,1.0526315789473684,40,0,0
approx_qft_n12,semi_real_qft,0,12,smooth,4,0.1,asap,38,3,38,1.0,38,0,0
approx_qft_n12,semi_real_qft,0,12,delivery_aware_v1,4,0.1,asap,38,3,38,1.0,38,0,1
approx_qft_n12,semi_real_qft,0,12,delivery_aware_v2,4,0.1,asap,38,3,38,1.0,38,0,0
approx_qft_n12,semi_real_qft,0,12,static,4,0.1,best,38,3,40,1.0526315789473684,38,2,9
approx_qft_n12,semi_real_qft,0,12,capacity_aware,4,0.1,best,38,3,40,1.0526315789473684,40,0,0
approx_qft_n12,semi_real_qft,0,12,smooth,4,0.1,best,38,3,38,1.0,38,0,0
approx_qft_n12,semi_real_qft,0,12,delivery_aware_v1,4,0.1,best,38,3,38,1.0,38,0,1
approx_qft_n12,semi_real_qft,0,12,delivery_aware_v2,4,0.1,best,38,3,38,1.0,38,0,0
approx_qft_n12,semi_real_qft,0,12,static,8,0.05,asap,38,3,39,1.0263157894736843,38,1,9
approx_qft_n12,semi_real_qft,0,12,capacity_aware,8,0.05,asap,38,4,38,1.0,38,0,0
approx_qft_n12,semi_real_qft,0,12,smooth,8,0.05,asap,38,3,38,1.0,38,0,0
approx_qft_n12,semi_real_qft,0,12,delivery_aware_v1,8,0.05,asap,38,3,38,1.0,38,0,6
approx_qft_n12,semi_real_qft,0,12,delivery_aware_v2,8,0.05,asap,38,3,38,1.0,38,0,0
approx_qft_n12,semi_real_qft,0,12,static,8,0.05,best,38,3,39,1.0263157894736843,38,1,9
approx_qft_n12,semi_real_qft,0,12,capacity_aware,8,0.05,best,38,4,38,1.0,38,0,0
approx_qft_n12,semi_real_qft,0,12,smooth,8,0.05,best,38,3,38,1.0,38,0,0
approx_qft_n12,semi_real_qft,0,12,delivery_aware_v1,8,0.05,best,38,3,38,1.0,38,0,6
approx_qft_n12,semi_real_qft,0,12,delivery_aware_v2,8,0.05,best,38,3,38,1.0,38,0,0
approx_qft_n12,semi_real_qft,0,12,static,8,0.1,asap,38,3,39,1.0263157894736843,38,1,9
approx_qft_n12,semi_real_qft,0,12,capacity_aware,8,0.1,asap,38,3,40,1.0526315789473684,40,0,0
approx_qft_n12,semi_real_qft,0,12,smooth,8,0.1,asap,38,2,40,1.0526315789473684,38,2,12
approx_qft_n12,semi_real_qft,0,12,delivery_aware_v1,8,0.1,asap,38,2,40,1.0526315789473684,38,2,12
approx_qft_n12,semi_real_qft,0,12,delivery_aware_v2,8,0.1,asap,38,2,40,1.0526315789473684,38,2,12
approx_qft_n12,semi_real_qft,0,12,static,8,0.1,best,38,3,39,1.0263157894736843,38,1,9
approx_qft_n12,semi_real_qft,0,12,capacity_aware,8,0.1,best,38,3,40,1.0526315789473684,40,0,0
approx_qft_n12,semi_real_qft,0,12,smooth,8,0.1,best,38,2,40,1.0526315789473684,38,2,12
approx_qft_n12,semi_real_qft,0,12,delivery_aware_v1,8,0.1,best,38,2,40,1.0526315789473684,38,2,12
approx_qft_n12,semi_real_qft,0,12,delivery_aware_v2,8,0.1,best,38,2,40,1.0526315789473684,38,2,12
approx_qft_n12,semi_real_qft,0,12,static,12,0.05,asap,38,3,38,1.0,38,0,9
approx_qft_n12,semi_real_qft,0,12,capacity_aware,12,0.05,asap,38,4,38,1.0,38,0,0
approx_qft_n12,semi_real_qft,0,12,smooth,12,0.05,asap,38,2,38,1.0,38,0,12
approx_qft_n12,semi_real_qft,0,12,delivery_aware_v1,12,0.05,asap,38,2,39,1.0263157894736843,38,1,14
approx_qft_n12,semi_real_qft,0,12,delivery_aware_v2,12,0.05,asap,38,2,38,1.0,38,0,12
approx_qft_n12,semi_real_qft,0,12,static,12,0.05,best,38,3,38,1.0,38,0,9
approx_qft_n12,semi_real_qft,0,12,capacity_aware,12,0.05,best,38,4,38,1.0,38,0,0
approx_qft_n12,semi_real_qft,0,12,smooth,12,0.05,best,38,2,38,1.0,38,0,12
approx_qft_n12,semi_real_qft,0,12,delivery_aware_v1,12,0.05,best,38,2,39,1.0263157894736843,38,1,14
approx_qft_n12,semi_real_qft,0,12,delivery_aware_v2,12,0.05,best,38,2,38,1.0,38,0,12
approx_qft_n12,semi_real_qft,0,12,static,12,0.1,asap,38,3,38,1.0,38,0,9
approx_qft_n12,semi_real_qft,0,12,capacity_aware,12,0.1,asap,38,3,40,1.0526315789473684,40,0,0
approx_qft_n12,semi_real_qft,0,12,smooth,12,0.1,asap,38,2,38,1.0,38,0,12
approx_qft_n12,semi_real_qft,0,12,delivery_aware_v1,12,0.1,asap,38,2,39,1.0263157894736843,38,1,14
approx_qft_n12,semi_real_qft,0,12,delivery_aware_v2,12,0.1,asap,38,2,38,1.0,38,0,12
approx_qft_n12,semi_real_qft,0,12,static,12,0.1,best,38,3,38,1.0,38,0,9
approx_qft_n12,semi_real_qft,0,12,capacity_aware,12,0.1,best,38,3,40,1.0526315789473684,40,0,0
approx_qft_n12,semi_real_qft,0,12,smooth,12,0.1,best,38,2,38,1.0,38,0,12
approx_qft_n12,semi_real_qft,0,12,delivery_aware_v1,12,0.1,best,38,2,39,1.0263157894736843,38,1,14
approx_qft_n12,semi_real_qft,0,12,delivery_aware_v2,12,0.1,best,38,2,38,1.0,38,0,12
larger_multiplier_n16,semi_real_multiplier_larger,0,16,static,0,0.05,asap,82,6,83,1.0121951219512195,82,1,5
larger_multiplier_n16,semi_real_multiplier_larger,0,16,capacity_aware,0,0.05,asap,82,6,82,1.0,82,0,0
larger_multiplier_n16,semi_real_multiplier_larger,0,16,smooth,0,0.05,asap,82,5,82,1.0,82,0,0
larger_multiplier_n16,semi_real_multiplier_larger,0,16,delivery_aware_v1,0,0.05,asap,82,5,82,1.0,82,0,0
larger_multiplier_n16,semi_real_multiplier_larger,0,16,delivery_aware_v2,0,0.05,asap,82,5,82,1.0,82,0,0
larger_multiplier_n16,semi_real_multiplier_larger,0,16,static,0,0.05,best,82,6,83,1.0121951219512195,82,1,5
larger_multiplier_n16,semi_real_multiplier_larger,0,16,capacity_aware,0,0.05,best,82,6,82,1.0,82,0,0
larger_multiplier_n16,semi_real_multiplier_larger,0,16,smooth,0,0.05,best,82,5,82,1.0,82,0,0
larger_multiplier_n16,semi_real_multiplier_larger,0,16,delivery_aware_v1,0,0.05,best,82,5,82,1.0,82,0,0
larger_multiplier_n16,semi_real_multiplier_larger,0,16,delivery_aware_v2,0,0.05,best,82,5,82,1.0,82,0,0
larger_multiplier_n16,semi_real_multiplier_larger,0,16,static,0,0.1,asap,82,5,87,1.0609756097560976,82,5,22
larger_multiplier_n16,semi_real_multiplier_larger,0,16,capacity_aware,0,0.1,asap,82,5,87,1.0609756097560976,87,0,0
larger_multiplier_n16,semi_real_multiplier_larger,0,16,smooth,0,0.1,asap,82,4,90,1.0975609756097562,82,8,32
larger_multiplier_n16,semi_real_multiplier_larger,0,16,delivery_aware_v1,0,0.1,asap,82,4,90,1.0975609756097562,82,8,32
larger_multiplier_n16,semi_real_multiplier_larger,0,16,delivery_aware_v2,0,0.1,asap,82,4,90,1.0975609756097562,82,8,32
larger_multiplier_n16,semi_real_multiplier_larger,0,16,static,0,0.1,best,82,5,87,1.0609756097560976,82,5,22
larger_multiplier_n16,semi_real_multiplier_larger,0,16,capacity_aware,0,0.1,best,82,5,87,1.0609756097560976,87,0,0
larger_multiplier_n16,semi_real_multiplier_larger,0,16,smooth,0,0.1,best,82,4,90,1.0975609756097562,82,8,32
larger_multiplier_n16,semi_real_multiplier_larger,0,16,delivery_aware_v1,0,0.1,best,82,4,90,1.0975609756097562,82,8,32
larger_multiplier_n16,semi_real_multiplier_larger,0,16,delivery_aware_v2,0,0.1,best,82,4,90,1.0975609756097562,82,8,32
larger_multiplier_n16,semi_real_multiplier_larger,0,16,static,4,0.05,asap,82,5,86,1.048780487804878,82,4,22
larger_multiplier_n16,semi_real_multiplier_larger,0,16,capacity_aware,4,0.05,asap,82,6,82,1.0,82,0,0
larger_multiplier_n16,semi_real_multiplier_larger,0,16,smooth,4,0.05,asap,82,5,82,1.0,82,0,0
larger_multiplier_n16,semi_real_multiplier_larger,0,16,delivery_aware_v1,4,0.05,asap,82,5,83,1.0121951219512195,82,1,9
larger_multiplier_n16,semi_real_multiplier_larger,0,16,delivery_aware_v2,4,0.05,asap,82,5,82,1.0,82,0,0
larger_multiplier_n16,semi_real_multiplier_larger,0,16,static,4,0.05,best,82,5,86,1.048780487804878,82,4,22
larger_multiplier_n16,semi_real_multiplier_larger,0,16,capacity_aware,4,0.05,best,82,6,82,1.0,82,0,0
larger_multiplier_n16,semi_real_multiplier_larger,0,16,smooth,4,0.05,best,82,5,82,1.0,82,0,0
larger_multiplier_n16,semi_real_multiplier_larger,0,16,delivery_aware_v1,4,0.05,best,82,5,83,1.0121951219512195,82,1,9
larger_multiplier_n16,semi_real_multiplier_larger,0,16,delivery_aware_v2,4,0.05,best,82,5,82,1.0,82,0,0
larger_multiplier_n16,semi_real_multiplier_larger,0,16,static,4,0.1,asap,82,5,86,1.048780487804878,82,4,22
larger_multiplier_n16,semi_real_multiplier_larger,0,16,capacity_aware,4,0.1,asap,82,5,87,1.0609756097560976,87,0,0
larger_multiplier_n16,semi_real_multiplier_larger,0,16,smooth,4,0.1,asap,82,4,89,1.0853658536585367,82,7,32
larger_multiplier_n16,semi_real_multiplier_larger,0,16,delivery_aware_v1,4,0.1,asap,82,4,89,1.0853658536585367,82,7,32
larger_multiplier_n16,semi_real_multiplier_larger,0,16,delivery_aware_v2,4,0.1,asap,82,4,89,1.0853658536585367,82,7,32
larger_multiplier_n16,semi_real_multiplier_larger,0,16,static,4,0.1,best,82,5,86,1.048780487804878,82,4,22
larger_multiplier_n16,semi_real_multiplier_larger,0,16,capacity_aware,4,0.1,best,82,5,87,1.0609756097560976,87,0,0
larger_multiplier_n16,semi_real_multiplier_larger,0,16,smooth,4,0.1,best,82,4,89,1.0853658536585367,82,7,32
larger_multiplier_n16,semi_real_multiplier_larger,0,16,delivery_aware_v1,4,0.1,best,82,4,89,1.0853658536585367,82,7,32
larger_multiplier_n16,semi_real_multiplier_larger,0,16,delivery_aware_v2,4,0.1,best,82,4,89,1.0853658536585367,82,7,32
larger_multiplier_n16,semi_real_multiplier_larger,0,16,static,8,0.05,asap,82,5,85,1.0365853658536586,82,3,22
larger_multiplier_n16,semi_real_multiplier_larger,0,16,capacity_aware,8,0.05,asap,82,6,82,1.0,82,0,0
larger_multiplier_n16,semi_real_multiplier_larger,0,16,smooth,8,0.05,asap,82,5,82,1.0,82,0,0
larger_multiplier_n16,semi_real_multiplier_larger,0,16,delivery_aware_v1,8,0.05,asap,82,5,83,1.0121951219512195,82,1,13
larger_multiplier_n16,semi_real_multiplier_larger,0,16,delivery_aware_v2,8,0.05,asap,82,5,82,1.0,82,0,0
larger_multiplier_n16,semi_real_multiplier_larger,0,16,static,8,0.05,best,82,5,85,1.0365853658536586,82,3,22
larger_multiplier_n16,semi_real_multiplier_larger,0,16,capacity_aware,8,0.05,best,82,6,82,1.0,82,0,0
larger_multiplier_n16,semi_real_multiplier_larger,0,16,smooth,8,0.05,best,82,5,82,1.0,82,0,0
larger_multiplier_n16,semi_real_multiplier_larger,0,16,delivery_aware_v1,8,0.05,best,82,5,83,1.0121951219512195,82,1,13
larger_multiplier_n16,semi_real_multiplier_larger,0,16,delivery_aware_v2,8,0.05,best,82,5,82,1.0,82,0,0
larger_multiplier_n16,semi_real_multiplier_larger,0,16,static,8,0.1,asap,82,5,85,1.0365853658536586,82,3,22
larger_multiplier_n16,semi_real_multiplier_larger,0,16,capacity_aware,8,0.1,asap,82,5,87,1.0609756097560976,87,0,0
larger_multiplier_n16,semi_real_multiplier_larger,0,16,smooth,8,0.1,asap,82,4,88,1.0731707317073171,82,6,32
larger_multiplier_n16,semi_real_multiplier_larger,0,16,delivery_aware_v1,8,0.1,asap,82,4,88,1.0731707317073171,82,6,32
larger_multiplier_n16,semi_real_multiplier_larger,0,16,delivery_aware_v2,8,0.1,asap,82,4,88,1.0731707317073171,82,6,32
larger_multiplier_n16,semi_real_multiplier_larger,0,16,static,8,0.1,best,82,5,85,1.0365853658536586,82,3,22
larger_multiplier_n16,semi_real_multiplier_larger,0,16,capacity_aware,8,0.1,best,82,5,87,1.0609756097560976,87,0,0
larger_multiplier_n16,semi_real_multiplier_larger,0,16,smooth,8,0.1,best,82,4,88,1.0731707317073171,82,6,32
larger_multiplier_n16,semi_real_multiplier_larger,0,16,delivery_aware_v1,8,0.1,best,82,4,88,1.0731707317073171,82,6,32
larger_multiplier_n16,semi_real_multiplier_larger,0,16,delivery_aware_v2,8,0.1,best,82,4,88,1.0731707317073171,82,6,32
larger_multiplier_n16,semi_real_multiplier_larger,0,16,static,12,0.05,asap,82,5,84,1.024390243902439,82,2,22
larger_multiplier_n16,semi_real_multiplier_larger,0,16,capacity_aware,12,0.05,asap,82,6,82,1.0,82,0,0
larger_multiplier_n16,semi_real_multiplier_larger,0,16,smooth,12,0.05,asap,82,5,82,1.0,82,0,0
larger_multiplier_n16,semi_real_multiplier_larger,0,16,delivery_aware_v1,12,0.05,asap,82,5,83,1.0121951219512195,82,1,15
larger_multiplier_n16,semi_real_multiplier_larger,0,16,delivery_aware_v2,12,0.05,asap,82,5,82,1.0,82,0,0
larger_multiplier_n16,semi_real_multiplier_larger,0,16,static,12,0.05,best,82,5,84,1.024390243902439,82,2,22
larger_multiplier_n16,semi_real_multiplier_larger,0,16,capacity_aware,12,0.05,best,82,6,82,1.0,82,0,0
larger_multiplier_n16,semi_real_multiplier_larger,0,16,smooth,12,0.05,best,82,5,82,1.0,82,0,0
larger_multiplier_n16,semi_real_multiplier_larger,0,16,delivery_aware_v1,12,0.05,best,82,5,83,1.0121951219512195,82,1,15
larger_multiplier_n16,semi_real_multiplier_larger,0,16,delivery_aware_v2,12,0.05,best,82,5,82,1.0,82,0,0
larger_multiplier_n16,semi_real_multiplier_larger,0,16,static,12,0.1,asap,82,5,84,1.024390243902439,82,2,22
larger_multiplier_n16,semi_real_multiplier_larger,0,16,capacity_aware,12,0.1,asap,82,5,87,1.0609756097560976,87,0,0
larger_multiplier_n16,semi_real_multiplier_larger,0,16,smooth,12,0.1,asap,82,4,87,1.0609756097560976,82,5,32
larger_multiplier_n16,semi_real_multiplier_larger,0,16,delivery_aware_v1,12,0.1,asap,82,4,87,1.0609756097560976,82,5,32
larger_multiplier_n16,semi_real_multiplier_larger,0,16,delivery_aware_v2,12,0.1,asap,82,4,87,1.0609756097560976,82,5,32
larger_multiplier_n16,semi_real_multiplier_larger,0,16,static,12,0.1,best,82,5,84,1.024390243902439,82,2,22
larger_multiplier_n16,semi_real_multiplier_larger,0,16,capacity_aware,12,0.1,best,82,5,87,1.0609756097560976,87,0,0
larger_multiplier_n16,semi_real_multiplier_larger,0,16,smooth,12,0.1,best,82,4,87,1.0609756097560976,82,5,32
larger_multiplier_n16,semi_real_multiplier_larger,0,16,delivery_aware_v1,12,0.1,best,82,4,87,1.0609756097560976,82,5,32
larger_multiplier_n16,semi_real_multiplier_larger,0,16,delivery_aware_v2,12,0.1,best,82,4,87,1.0609756097560976,82,5,32
phase_estimation_like_n10,semi_real_phase_estimation_like,0,10,static,0,0.05,asap,42,3,44,1.0476190476190477,42,2,5
phase_estimation_like_n10,semi_real_phase_estimation_like,0,10,capacity_aware,0,0.05,asap,42,2,42,1.0,42,0,0
phase_estimation_like_n10,semi_real_phase_estimation_like,0,10,smooth,0,0.05,asap,42,2,42,1.0,42,0,0
phase_estimation_like_n10,semi_real_phase_estimation_like,0,10,delivery_aware_v1,0,0.05,asap,42,2,42,1.0,42,0,0
phase_estimation_like_n10,semi_real_phase_estimation_like,0,10,delivery_aware_v2,0,0.05,asap,42,2,42,1.0,42,0,0
phase_estimation_like_n10,semi_real_phase_estimation_like,0,10,static,0,0.05,best,42,3,44,1.0476190476190477,42,2,5
phase_estimation_like_n10,semi_real_phase_estimation_like,0,10,capacity_aware,0,0.05,best,42,2,42,1.0,42,0,0
phase_estimation_like_n10,semi_real_phase_estimation_like,0,10,smooth,0,0.05,best,42,2,42,1.0,42,0,0
phase_estimation_like_n10,semi_real_phase_estimation_like,0,10,delivery_aware_v1,0,0.05,best,42,2,42,1.0,42,0,0
phase_estimation_like_n10,semi_real_phase_estimation_like,0,10,delivery_aware_v2,0,0.05,best,42,2,42,1.0,42,0,0
phase_estimation_like_n10,semi_real_phase_estimation_like,0,10,static,0,0.1,asap,42,3,44,1.0476190476190477,42,2,5
phase_estimation_like_n10,semi_real_phase_estimation_like,0,10,capacity_aware,0,0.1,asap,42,2,42,1.0,42,0,0
phase_estimation_like_n10,semi_real_phase_estimation_like,0,10,smooth,0,0.1,asap,42,2,42,1.0,42,0,0
phase_estimation_like_n10,semi_real_phase_estimation_like,0,10,delivery_aware_v1,0,0.1,asap,42,2,42,1.0,42,0,0
phase_estimation_like_n10,semi_real_phase_estimation_like,0,10,delivery_aware_v2,0,0.1,asap,42,2,42,1.0,42,0,0
phase_estimation_like_n10,semi_real_phase_estimation_like,0,10,static,0,0.1,best,42,3,44,1.0476190476190477,42,2,5
phase_estimation_like_n10,semi_real_phase_estimation_like,0,10,capacity_aware,0,0.1,best,42,2,42,1.0,42,0,0
phase_estimation_like_n10,semi_real_phase_estimation_like,0,10,smooth,0,0.1,best,42,2,42,1.0,42,0,0
phase_estimation_like_n10,semi_real_phase_estimation_like,0,10,delivery_aware_v1,0,0.1,best,42,2,42,1.0,42,0,0
phase_estimation_like_n10,semi_real_phase_estimation_like,0,10,delivery_aware_v2,0,0.1,best,42,2,42,1.0,42,0,0
phase_estimation_like_n10,semi_real_phase_estimation_like,0,10,static,4,0.05,asap,42,3,43,1.0238095238095237,42,1,5
phase_estimation_like_n10,semi_real_phase_estimation_like,0,10,capacity_aware,4,0.05,asap,42,2,42,1.0,42,0,0
phase_estimation_like_n10,semi_real_phase_estimation_like,0,10,smooth,4,0.05,asap,42,2,42,1.0,42,0,0
phase_estimation_like_n10,semi_real_phase_estimation_like,0,10,delivery_aware_v1,4,0.05,asap,42,2,43,1.0238095238095237,42,1,6
phase_estimation_like_n10,semi_real_phase_estimation_like,0,10,delivery_aware_v2,4,0.05,asap,42,2,42,1.0,42,0,1
phase_estimation_like_n10,semi_real_phase_estimation_like,0,10,static,4,0.05,best,42,3,43,1.0238095238095237,42,1,5
phase_estimation_like_n10,semi_real_phase_estimation_like,0,10,capacity_aware,4,0.05,best,42,2,42,1.0,42,0,0
phase_estimation_like_n10,semi_real_phase_estimation_like,0,10,smooth,4,0.05,best,42,2,42,1.0,42,0,0
phase_estimation_like_n10,semi_real_phase_estimation_like,0,10,delivery_aware_v1,4,0.05,best,42,2,43,1.0238095238095237,42,1,6
phase_estimation_like_n10,semi_real_phase_estimation_like,0,10,delivery_aware_v2,4,0.05,best,42,2,42,1.0,42,0,1
phase_estimation_like_n10,semi_real_phase_estimation_like,0,10,static,4,0.1,asap,42,2,45,1.0714285714285714,42,3,10
phase_estimation_like_n10,semi_real_phase_estimation_like,0,10,capacity_aware,4,0.1,asap,42,2,42,1.0,42,0,0
phase_estimation_like_n10,semi_real_phase_estimation_like,0,10,smooth,4,0.1,asap,42,2,42,1.0,42,0,0
phase_estimation_like_n10,semi_real_phase_estimation_like,0,10,delivery_aware_v1,4,0.1,asap,42,2,43,1.0238095238095237,42,1,6
phase_estimation_like_n10,semi_real_phase_estimation_like,0,10,delivery_aware_v2,4,0.1,asap,42,2,42,1.0,42,0,1
phase_estimation_like_n10,semi_real_phase_estimation_like,0,10,static,4,0.1,best,42,2,45,1.0714285714285714,42,3,10
phase_estimation_like_n10,semi_real_phase_estimation_like,0,10,capacity_aware,4,0.1,best,42,2,42,1.0,42,0,0
phase_estimation_like_n10,semi_real_phase_estimation_like,0,10,smooth,4,0.1,best,42,2,42,1.0,42,0,0
phase_estimation_like_n10,semi_real_phase_estimation_like,0,10,delivery_aware_v1,4,0.1,best,42,2,43,1.0238095238095237,42,1,6
phase_estimation_like_n10,semi_real_phase_estimation_like,0,10,delivery_aware_v2,4,0.1,best,42,2,42,1.0,42,0,1
phase_estimation_like_n10,semi_real_phase_estimation_like,0,10,static,8,0.05,asap,42,2,43,1.0238095238095237,42,1,10
phase_estimation_like_n10,semi_real_phase_estimation_like,0,10,capacity_aware,8,0.05,asap,42,2,42,1.0,42,0,0
phase_estimation_like_n10,semi_real_phase_estimation_like,0,10,smooth,8,0.05,asap,42,2,42,1.0,42,0,0
phase_estimation_like_n10,semi_real_phase_estimation_like,0,10,delivery_aware_v1,8,0.05,asap,42,2,42,1.0,42,0,8
phase_estimation_like_n10,semi_real_phase_estimation_like,0,10,delivery_aware_v2,8,0.05,asap,42,2,42,1.0,42,0,1
phase_estimation_like_n10,semi_real_phase_estimation_like,0,10,static,8,0.05,best,42,2,43,1.0238095238095237,42,1,10
phase_estimation_like_n10,semi_real_phase_estimation_like,0,10,capacity_aware,8,0.05,best,42,2,42,1.0,42,0,0
phase_estimation_like_n10,semi_real_phase_estimation_like,0,10,smooth,8,0.05,best,42,2,42,1.0,42,0,0
phase_estimation_like_n10,semi_real_phase_estimation_like,0,10,delivery_aware_v1,8,0.05,best,42,2,42,1.0,42,0,8
phase_estimation_like_n10,semi_real_phase_estimation_like,0,10,delivery_aware_v2,8,0.05,best,42,2,42,1.0,42,0,1
phase_estimation_like_n10,semi_real_phase_estimation_like,0,10,static,8,0.1,asap,42,2,43,1.0238095238095237,42,1,10
phase_estimation_like_n10,semi_real_phase_estimation_like,0,10,capacity_aware,8,0.1,asap,42,2,42,1.0,42,0,0
phase_estimation_like_n10,semi_real_phase_estimation_like,0,10,smooth,8,0.1,asap,42,2,42,1.0,42,0,0
phase_estimation_like_n10,semi_real_phase_estimation_like,0,10,delivery_aware_v1,8,0.1,asap,42,2,42,1.0,42,0,8
phase_estimation_like_n10,semi_real_phase_estimation_like,0,10,delivery_aware_v2,8,0.1,asap,42,2,42,1.0,42,0,1
phase_estimation_like_n10,semi_real_phase_estimation_like,0,10,static,8,0.1,best,42,2,43,1.0238095238095237,42,1,10
phase_estimation_like_n10,semi_real_phase_estimation_like,0,10,capacity_aware,8,0.1,best,42,2,42,1.0,42,0,0
phase_estimation_like_n10,semi_real_phase_estimation_like,0,10,smooth,8,0.1,best,42,2,42,1.0,42,0,0
phase_estimation_like_n10,semi_real_phase_estimation_like,0,10,delivery_aware_v1,8,0.1,best,42,2,42,1.0,42,0,8
phase_estimation_like_n10,semi_real_phase_estimation_like,0,10,delivery_aware_v2,8,0.1,best,42,2,42,1.0,42,0,1
phase_estimation_like_n10,semi_real_phase_estimation_like,0,10,static,12,0.05,asap,42,2,42,1.0,42,0,10
phase_estimation_like_n10,semi_real_phase_estimation_like,0,10,capacity_aware,12,0.05,asap,42,2,42,1.0,42,0,0
phase_estimation_like_n10,semi_real_phase_estimation_like,0,10,smooth,12,0.05,asap,42,2,42,1.0,42,0,0
phase_estimation_like_n10,semi_real_phase_estimation_like,0,10,delivery_aware_v1,12,0.05,asap,42,2,42,1.0,42,0,8
phase_estimation_like_n10,semi_real_phase_estimation_like,0,10,delivery_aware_v2,12,0.05,asap,42,2,42,1.0,42,0,1
phase_estimation_like_n10,semi_real_phase_estimation_like,0,10,static,12,0.05,best,42,2,42,1.0,42,0,10
phase_estimation_like_n10,semi_real_phase_estimation_like,0,10,capacity_aware,12,0.05,best,42,2,42,1.0,42,0,0
phase_estimation_like_n10,semi_real_phase_estimation_like,0,10,smooth,12,0.05,best,42,2,42,1.0,42,0,0
phase_estimation_like_n10,semi_real_phase_estimation_like,0,10,delivery_aware_v1,12,0.05,best,42,2,42,1.0,42,0,8
phase_estimation_like_n10,semi_real_phase_estimation_like,0,10,delivery_aware_v2,12,0.05,best,42,2,42,1.0,42,0,1
phase_estimation_like_n10,semi_real_phase_estimation_like,0,10,static,12,0.1,asap,42,2,42,1.0,42,0,10
phase_estimation_like_n10,semi_real_phase_estimation_like,0,10,capacity_aware,12,0.1,asap,42,2,42,1.0,42,0,0
phase_estimation_like_n10,semi_real_phase_estimation_like,0,10,smooth,12,0.1,asap,42,2,42,1.0,42,0,0
phase_estimation_like_n10,semi_real_phase_estimation_like,0,10,delivery_aware_v1,12,0.1,asap,42,2,42,1.0,42,0,8
phase_estimation_like_n10,semi_real_phase_estimation_like,0,10,delivery_aware_v2,12,0.1,asap,42,2,42,1.0,42,0,1
phase_estimation_like_n10,semi_real_phase_estimation_like,0,10,static,12,0.1,best,42,2,42,1.0,42,0,10
phase_estimation_like_n10,semi_real_phase_estimation_like,0,10,capacity_aware,12,0.1,best,42,2,42,1.0,42,0,0
phase_estimation_like_n10,semi_real_phase_estimation_like,0,10,smooth,12,0.1,best,42,2,42,1.0,42,0,0
phase_estimation_like_n10,semi_real_phase_estimation_like,0,10,delivery_aware_v1,12,0.1,best,42,2,42,1.0,42,0,8
phase_estimation_like_n10,semi_real_phase_estimation_like,0,10,delivery_aware_v2,12,0.1,best,42,2,42,1.0,42,0,1
larger_exact_qft_n12,semi_real_qft_larger,0,12,static,0,0.05,asap,38,4,38,1.0,38,0,0
larger_exact_qft_n12,semi_real_qft_larger,0,12,capacity_aware,0,0.05,asap,38,4,38,1.0,38,0,0
larger_exact_qft_n12,semi_real_qft_larger,0,12,smooth,0,0.05,asap,38,3,38,1.0,38,0,0
larger_exact_qft_n12,semi_real_qft_larger,0,12,delivery_aware_v1,0,0.05,asap,38,3,38,1.0,38,0,0
larger_exact_qft_n12,semi_real_qft_larger,0,12,delivery_aware_v2,0,0.05,asap,38,3,38,1.0,38,0,0
larger_exact_qft_n12,semi_real_qft_larger,0,12,static,0,0.05,best,38,4,38,1.0,38,0,0
larger_exact_qft_n12,semi_real_qft_larger,0,12,capacity_aware,0,0.05,best,38,4,38,1.0,38,0,0
larger_exact_qft_n12,semi_real_qft_larger,0,12,smooth,0,0.05,best,38,3,38,1.0,38,0,0
larger_exact_qft_n12,semi_real_qft_larger,0,12,delivery_aware_v1,0,0.05,best,38,3,38,1.0,38,0,0
larger_exact_qft_n12,semi_real_qft_larger,0,12,delivery_aware_v2,0,0.05,best,38,3,38,1.0,38,0,0
larger_exact_qft_n12,semi_real_qft_larger,0,12,static,0,0.1,asap,38,4,38,1.0,38,0,0
larger_exact_qft_n12,semi_real_qft_larger,0,12,capacity_aware,0,0.1,asap,38,3,41,1.0789473684210527,41,0,0
larger_exact_qft_n12,semi_real_qft_larger,0,12,smooth,0,0.1,asap,38,3,38,1.0,38,0,0
larger_exact_qft_n12,semi_real_qft_larger,0,12,delivery_aware_v1,0,0.1,asap,38,3,38,1.0,38,0,0
larger_exact_qft_n12,semi_real_qft_larger,0,12,delivery_aware_v2,0,0.1,asap,38,3,38,1.0,38,0,0
larger_exact_qft_n12,semi_real_qft_larger,0,12,static,0,0.1,best,38,4,38,1.0,38,0,0
larger_exact_qft_n12,semi_real_qft_larger,0,12,capacity_aware,0,0.1,best,38,3,41,1.0789473684210527,41,0,0
larger_exact_qft_n12,semi_real_qft_larger,0,12,smooth,0,0.1,best,38,3,38,1.0,38,0,0
larger_exact_qft_n12,semi_real_qft_larger,0,12,delivery_aware_v1,0,0.1,best,38,3,38,1.0,38,0,0
larger_exact_qft_n12,semi_real_qft_larger,0,12,delivery_aware_v2,0,0.1,best,38,3,38,1.0,38,0,0
larger_exact_qft_n12,semi_real_qft_larger,0,12,static,4,0.05,asap,38,4,38,1.0,38,0,0
larger_exact_qft_n12,semi_real_qft_larger,0,12,capacity_aware,4,0.05,asap,38,4,38,1.0,38,0,0
larger_exact_qft_n12,semi_real_qft_larger,0,12,smooth,4,0.05,asap,38,3,38,1.0,38,0,0
larger_exact_qft_n12,semi_real_qft_larger,0,12,delivery_aware_v1,4,0.05,asap,38,3,39,1.0263157894736843,38,1,7
larger_exact_qft_n12,semi_real_qft_larger,0,12,delivery_aware_v2,4,0.05,asap,38,3,38,1.0,38,0,0
larger_exact_qft_n12,semi_real_qft_larger,0,12,static,4,0.05,best,38,4,38,1.0,38,0,0
larger_exact_qft_n12,semi_real_qft_larger,0,12,capacity_aware,4,0.05,best,38,4,38,1.0,38,0,0
larger_exact_qft_n12,semi_real_qft_larger,0,12,smooth,4,0.05,best,38,3,38,1.0,38,0,0
larger_exact_qft_n12,semi_real_qft_larger,0,12,delivery_aware_v1,4,0.05,best,38,3,39,1.0263157894736843,38,1,7
larger_exact_qft_n12,semi_real_qft_larger,0,12,delivery_aware_v2,4,0.05,best,38,3,38,1.0,38,0,0
larger_exact_qft_n12,semi_real_qft_larger,0,12,static,4,0.1,asap,38,3,41,1.0789473684210527,38,3,11
larger_exact_qft_n12,semi_real_qft_larger,0,12,capacity_aware,4,0.1,asap,38,3,41,1.0789473684210527,41,0,0
larger_exact_qft_n12,semi_real_qft_larger,0,12,smooth,4,0.1,asap,38,3,38,1.0,38,0,0
larger_exact_qft_n12,semi_real_qft_larger,0,12,delivery_aware_v1,4,0.1,asap,38,3,39,1.0263157894736843,38,1,7
larger_exact_qft_n12,semi_real_qft_larger,0,12,delivery_aware_v2,4,0.1,asap,38,3,38,1.0,38,0,0
larger_exact_qft_n12,semi_real_qft_larger,0,12,static,4,0.1,best,38,3,41,1.0789473684210527,38,3,11
larger_exact_qft_n12,semi_real_qft_larger,0,12,capacity_aware,4,0.1,best,38,3,41,1.0789473684210527,41,0,0
larger_exact_qft_n12,semi_real_qft_larger,0,12,smooth,4,0.1,best,38,3,38,1.0,38,0,0
larger_exact_qft_n12,semi_real_qft_larger,0,12,delivery_aware_v1,4,0.1,best,38,3,39,1.0263157894736843,38,1,7
larger_exact_qft_n12,semi_real_qft_larger,0,12,delivery_aware_v2,4,0.1,best,38,3,38,1.0,38,0,0
larger_exact_qft_n12,semi_real_qft_larger,0,12,static,8,0.05,asap,38,3,39,1.0263157894736843,38,1,11
larger_exact_qft_n12,semi_real_qft_larger,0,12,capacity_aware,8,0.05,asap,38,4,38,1.0,38,0,0
larger_exact_qft_n12,semi_real_qft_larger,0,12,smooth,8,0.05,asap,38,3,38,1.0,38,0,0
larger_exact_qft_n12,semi_real_qft_larger,0,12,delivery_aware_v1,8,0.05,asap,38,3,39,1.0263157894736843,38,1,10
larger_exact_qft_n12,semi_real_qft_larger,0,12,delivery_aware_v2,8,0.05,asap,38,3,38,1.0,38,0,0
larger_exact_qft_n12,semi_real_qft_larger,0,12,static,8,0.05,best,38,3,39,1.0263157894736843,38,1,11
larger_exact_qft_n12,semi_real_qft_larger,0,12,capacity_aware,8,0.05,best,38,4,38,1.0,38,0,0
larger_exact_qft_n12,semi_real_qft_larger,0,12,smooth,8,0.05,best,38,3,38,1.0,38,0,0
larger_exact_qft_n12,semi_real_qft_larger,0,12,delivery_aware_v1,8,0.05,best,38,3,39,1.0263157894736843,38,1,10
larger_exact_qft_n12,semi_real_qft_larger,0,12,delivery_aware_v2,8,0.05,best,38,3,38,1.0,38,0,0
larger_exact_qft_n12,semi_real_qft_larger,0,12,static,8,0.1,asap,38,3,39,1.0263157894736843,38,1,11
larger_exact_qft_n12,semi_real_qft_larger,0,12,capacity_aware,8,0.1,asap,38,3,41,1.0789473684210527,41,0,0
larger_exact_qft_n12,semi_real_qft_larger,0,12,smooth,8,0.1,asap,38,3,38,1.0,38,0,0
larger_exact_qft_n12,semi_real_qft_larger,0,12,delivery_aware_v1,8,0.1,asap,38,3,39,1.0263157894736843,38,1,10
larger_exact_qft_n12,semi_real_qft_larger,0,12,delivery_aware_v2,8,0.1,asap,38,3,38,1.0,38,0,0
larger_exact_qft_n12,semi_real_qft_larger,0,12,static,8,0.1,best,38,3,39,1.0263157894736843,38,1,11
larger_exact_qft_n12,semi_real_qft_larger,0,12,capacity_aware,8,0.1,best,38,3,41,1.0789473684210527,41,0,0
larger_exact_qft_n12,semi_real_qft_larger,0,12,smooth,8,0.1,best,38,3,38,1.0,38,0,0
larger_exact_qft_n12,semi_real_qft_larger,0,12,delivery_aware_v1,8,0.1,best,38,3,39,1.0263157894736843,38,1,10
larger_exact_qft_n12,semi_real_qft_larger,0,12,delivery_aware_v2,8,0.1,best,38,3,38,1.0,38,0,0
larger_exact_qft_n12,semi_real_qft_larger,0,12,static,12,0.05,asap,38,3,38,1.0,38,0,11
larger_exact_qft_n12,semi_real_qft_larger,0,12,capacity_aware,12,0.05,asap,38,4,38,1.0,38,0,0
larger_exact_qft_n12,semi_real_qft_larger,0,12,smooth,12,0.05,asap,38,3,38,1.0,38,0,0
larger_exact_qft_n12,semi_real_qft_larger,0,12,delivery_aware_v1,12,0.05,asap,38,3,38,1.0,38,0,10
larger_exact_qft_n12,semi_real_qft_larger,0,12,delivery_aware_v2,12,0.05,asap,38,3,38,1.0,38,0,0
larger_exact_qft_n12,semi_real_qft_larger,0,12,static,12,0.05,best,38,3,38,1.0,38,0,11
larger_exact_qft_n12,semi_real_qft_larger,0,12,capacity_aware,12,0.05,best,38,4,38,1.0,38,0,0
larger_exact_qft_n12,semi_real_qft_larger,0,12,smooth,12,0.05,best,38,3,38,1.0,38,0,0
larger_exact_qft_n12,semi_real_qft_larger,0,12,delivery_aware_v1,12,0.05,best,38,3,38,1.0,38,0,10
larger_exact_qft_n12,semi_real_qft_larger,0,12,delivery_aware_v2,12,0.05,best,38,3,38,1.0,38,0,0
larger_exact_qft_n12,semi_real_qft_larger,0,12,static,12,0.1,asap,38,3,38,1.0,38,0,11
larger_exact_qft_n12,semi_real_qft_larger,0,12,capacity_aware,12,0.1,asap,38,3,41,1.0789473684210527,41,0,0
larger_exact_qft_n12,semi_real_qft_larger,0,12,smooth,12,0.1,asap,38,3,38,1.0,38,0,0
larger_exact_qft_n12,semi_real_qft_larger,0,12,delivery_aware_v1,12,0.1,asap,38,3,38,1.0,38,0,10
larger_exact_qft_n12,semi_real_qft_larger,0,12,delivery_aware_v2,12,0.1,asap,38,3,38,1.0,38,0,0
larger_exact_qft_n12,semi_real_qft_larger,0,12,static,12,0.1,best,38,3,38,1.0,38,0,11
larger_exact_qft_n12,semi_real_qft_larger,0,12,capacity_aware,12,0.1,best,38,3,41,1.0789473684210527,41,0,0
larger_exact_qft_n12,semi_real_qft_larger,0,12,smooth,12,0.1,best,38,3,38,1.0,38,0,0
larger_exact_qft_n12,semi_real_qft_larger,0,12,delivery_aware_v1,12,0.1,best,38,3,38,1.0,38,0,10
larger_exact_qft_n12,semi_real_qft_larger,0,12,delivery_aware_v2,12,0.1,best,38,3,38,1.0,38,0,0
