workload,source,family,role,assignment,transformation,machine,model,tiles,ccz_share,regime,makespan,depth,t_count,ccz_count,teq_demand,t_stalls,ccz_stalls,total_stalls,t_waste,ccz_waste,peak_stage_demand,mean_stage_demand,burstiness,stages,parallelism,space_time,factory_tiles,utilisation,baseline_makespan,improvement,baseline_depth,depth_reduction,supply_bound
qb_sat_n11,qasmbench,oracle,control,ccz,commuting,A_200_0.5,A,200,0.5,constrained,144,133,0,22,44.0,0,15,15,79,0,4.0,2.1,0.2033,21,0.684,24624,171,0.2654,144,0.0,133,0.0,0
qb_sat_n11,qasmbench,oracle,control,ccz,commuting_pace1,A_200_0.5,A,200,0.5,constrained,144,139,0,22,44.0,0,5,5,79,0,2.0,2.0,0.0,22,0.655,24624,171,0.2654,144,0.0,133,-0.0451,0
qb_sat_n11,qasmbench,oracle,control,ccz,commuting_pace2,A_200_0.5,A,200,0.5,constrained,144,134,0,22,44.0,0,10,10,79,0,4.0,2.1,0.2033,21,0.679,24624,171,0.2654,144,0.0,133,-0.0075,0
qb_sat_n11,qasmbench,oracle,control,ccz,commuting_pace4,A_200_0.5,A,200,0.5,constrained,144,133,0,22,44.0,0,15,15,79,0,4.0,2.1,0.2033,21,0.684,24624,171,0.2654,144,0.0,133,0.0,0
qb_sat_n11,qasmbench,oracle,control,ccz,commuting_pace8,A_200_0.5,A,200,0.5,constrained,144,133,0,22,44.0,0,15,15,79,0,4.0,2.1,0.2033,21,0.684,24624,171,0.2654,144,0.0,133,0.0,0
qb_sat_n11,qasmbench,oracle,control,ccz,conventional,A_200_0.5,A,200,0.5,constrained,144,133,0,22,44.0,0,15,15,79,0,4.0,2.1,0.2033,21,0.684,24624,171,0.2654,144,0.0,133,0.0,0
qb_sat_n11,qasmbench,oracle,control,ccz,conventional_pace4,A_200_0.5,A,200,0.5,constrained,144,133,0,22,44.0,0,15,15,79,0,4.0,2.1,0.2033,21,0.684,24624,171,0.2654,144,0.0,133,0.0,0
qb_sat_n11,qasmbench,oracle,control,ccz,commuting,A_3200_0.5,A,3200,0.5,abundant,135,133,0,22,44.0,0,2,2,1629,427,4.0,2.1,0.2033,21,0.684,429165,3179,0.0159,135,0.0,133,0.0,0
qb_sat_n11,qasmbench,oracle,control,ccz,commuting_pace1,A_3200_0.5,A,3200,0.5,abundant,141,139,0,22,44.0,0,2,2,1708,449,2.0,2.0,0.0,22,0.655,448239,3179,0.0152,135,-0.0444,133,-0.0451,0
qb_sat_n11,qasmbench,oracle,control,ccz,commuting_pace2,A_3200_0.5,A,3200,0.5,abundant,136,134,0,22,44.0,0,2,2,1643,430,4.0,2.1,0.2033,21,0.679,432344,3179,0.0158,135,-0.0074,133,-0.0075,0
qb_sat_n11,qasmbench,oracle,control,ccz,commuting_pace4,A_3200_0.5,A,3200,0.5,abundant,135,133,0,22,44.0,0,2,2,1629,427,4.0,2.1,0.2033,21,0.684,429165,3179,0.0159,135,0.0,133,0.0,0
qb_sat_n11,qasmbench,oracle,control,ccz,commuting_pace8,A_3200_0.5,A,3200,0.5,abundant,135,133,0,22,44.0,0,2,2,1629,427,4.0,2.1,0.2033,21,0.684,429165,3179,0.0159,135,0.0,133,0.0,0
qb_sat_n11,qasmbench,oracle,control,ccz,conventional,A_3200_0.5,A,3200,0.5,abundant,135,133,0,22,44.0,0,2,2,1629,427,4.0,2.1,0.2033,21,0.684,429165,3179,0.0159,135,0.0,133,0.0,0
qb_sat_n11,qasmbench,oracle,control,ccz,conventional_pace4,A_3200_0.5,A,3200,0.5,abundant,135,133,0,22,44.0,0,2,2,1629,427,4.0,2.1,0.2033,21,0.684,429165,3179,0.0159,135,0.0,133,0.0,0
qb_sat_n11,qasmbench,oracle,control,ccz,commuting,A_400_0.25,A,400,0.25,constrained,144,133,0,22,44.0,0,15,15,300,0,4.0,2.1,0.2033,21,0.684,53136,369,0.1096,144,0.0,133,0.0,0
qb_sat_n11,qasmbench,oracle,control,ccz,commuting_pace1,A_400_0.25,A,400,0.25,constrained,144,139,0,22,44.0,0,5,5,300,0,2.0,2.0,0.0,22,0.655,53136,369,0.1096,144,0.0,133,-0.0451,0
qb_sat_n11,qasmbench,oracle,control,ccz,commuting_pace2,A_400_0.25,A,400,0.25,constrained,144,134,0,22,44.0,0,10,10,300,0,4.0,2.1,0.2033,21,0.679,53136,369,0.1096,144,0.0,133,-0.0075,0
qb_sat_n11,qasmbench,oracle,control,ccz,commuting_pace4,A_400_0.25,A,400,0.25,constrained,144,133,0,22,44.0,0,15,15,300,0,4.0,2.1,0.2033,21,0.684,53136,369,0.1096,144,0.0,133,0.0,0
qb_sat_n11,qasmbench,oracle,control,ccz,commuting_pace8,A_400_0.25,A,400,0.25,constrained,144,133,0,22,44.0,0,15,15,300,0,4.0,2.1,0.2033,21,0.684,53136,369,0.1096,144,0.0,133,0.0,0
qb_sat_n11,qasmbench,oracle,control,ccz,conventional,A_400_0.25,A,400,0.25,constrained,144,133,0,22,44.0,0,15,15,300,0,4.0,2.1,0.2033,21,0.684,53136,369,0.1096,144,0.0,133,0.0,0
qb_sat_n11,qasmbench,oracle,control,ccz,conventional_pace4,A_400_0.25,A,400,0.25,constrained,144,133,0,22,44.0,0,15,15,300,0,4.0,2.1,0.2033,21,0.684,53136,369,0.1096,144,0.0,133,0.0,0
qb_sat_n11,qasmbench,oracle,control,ccz,commuting,A_400_0.5,A,400,0.5,constrained,135,133,0,22,44.0,0,2,2,175,12,4.0,2.1,0.2033,21,0.684,55890,414,0.1236,135,0.0,133,0.0,0
qb_sat_n11,qasmbench,oracle,control,ccz,commuting_pace1,A_400_0.5,A,400,0.5,constrained,141,139,0,22,44.0,0,2,2,184,15,2.0,2.0,0.0,22,0.655,58374,414,0.1184,135,-0.0444,133,-0.0451,0
qb_sat_n11,qasmbench,oracle,control,ccz,commuting_pace2,A_400_0.5,A,400,0.5,constrained,136,134,0,22,44.0,0,2,2,176,12,4.0,2.1,0.2033,21,0.679,56304,414,0.1227,135,-0.0074,133,-0.0075,0
qb_sat_n11,qasmbench,oracle,control,ccz,commuting_pace4,A_400_0.5,A,400,0.5,constrained,135,133,0,22,44.0,0,2,2,175,12,4.0,2.1,0.2033,21,0.684,55890,414,0.1236,135,0.0,133,0.0,0
qb_sat_n11,qasmbench,oracle,control,ccz,commuting_pace8,A_400_0.5,A,400,0.5,constrained,135,133,0,22,44.0,0,2,2,175,12,4.0,2.1,0.2033,21,0.684,55890,414,0.1236,135,0.0,133,0.0,0
qb_sat_n11,qasmbench,oracle,control,ccz,conventional,A_400_0.5,A,400,0.5,constrained,135,133,0,22,44.0,0,2,2,175,12,4.0,2.1,0.2033,21,0.684,55890,414,0.1236,135,0.0,133,0.0,0
qb_sat_n11,qasmbench,oracle,control,ccz,conventional_pace4,A_400_0.5,A,400,0.5,constrained,135,133,0,22,44.0,0,2,2,175,12,4.0,2.1,0.2033,21,0.684,55890,414,0.1236,135,0.0,133,0.0,0
qb_sat_n11,qasmbench,oracle,control,ccz,commuting,A_400_0.75,A,400,0.75,constrained,135,133,0,22,44.0,0,2,2,72,34,4.0,2.1,0.2033,21,0.684,52245,387,0.1515,135,0.0,133,0.0,0
qb_sat_n11,qasmbench,oracle,control,ccz,commuting_pace1,A_400_0.75,A,400,0.75,constrained,141,139,0,22,44.0,0,2,2,76,38,2.0,2.0,0.0,22,0.655,54567,387,0.145,135,-0.0444,133,-0.0451,0
qb_sat_n11,qasmbench,oracle,control,ccz,commuting_pace2,A_400_0.75,A,400,0.75,constrained,136,134,0,22,44.0,0,2,2,72,34,4.0,2.1,0.2033,21,0.679,52632,387,0.1504,135,-0.0074,133,-0.0075,0
qb_sat_n11,qasmbench,oracle,control,ccz,commuting_pace4,A_400_0.75,A,400,0.75,constrained,135,133,0,22,44.0,0,2,2,72,34,4.0,2.1,0.2033,21,0.684,52245,387,0.1515,135,0.0,133,0.0,0
qb_sat_n11,qasmbench,oracle,control,ccz,commuting_pace8,A_400_0.75,A,400,0.75,constrained,135,133,0,22,44.0,0,2,2,72,34,4.0,2.1,0.2033,21,0.684,52245,387,0.1515,135,0.0,133,0.0,0
qb_sat_n11,qasmbench,oracle,control,ccz,conventional,A_400_0.75,A,400,0.75,constrained,135,133,0,22,44.0,0,2,2,72,34,4.0,2.1,0.2033,21,0.684,52245,387,0.1515,135,0.0,133,0.0,0
qb_sat_n11,qasmbench,oracle,control,ccz,conventional_pace4,A_400_0.75,A,400,0.75,constrained,135,133,0,22,44.0,0,2,2,72,34,4.0,2.1,0.2033,21,0.684,52245,387,0.1515,135,0.0,133,0.0,0
qb_sat_n11,qasmbench,oracle,control,ccz,commuting,A_800_0.5,A,800,0.5,moderate,135,133,0,22,44.0,0,2,2,381,77,4.0,2.1,0.2033,21,0.684,111780,828,0.0618,135,0.0,133,0.0,0
qb_sat_n11,qasmbench,oracle,control,ccz,commuting_pace1,A_800_0.5,A,800,0.5,moderate,141,139,0,22,44.0,0,2,2,400,83,2.0,2.0,0.0,22,0.655,116748,828,0.0592,135,-0.0444,133,-0.0451,0
qb_sat_n11,qasmbench,oracle,control,ccz,commuting_pace2,A_800_0.5,A,800,0.5,moderate,136,134,0,22,44.0,0,2,2,384,78,4.0,2.1,0.2033,21,0.679,112608,828,0.0614,135,-0.0074,133,-0.0075,0
qb_sat_n11,qasmbench,oracle,control,ccz,commuting_pace4,A_800_0.5,A,800,0.5,moderate,135,133,0,22,44.0,0,2,2,381,77,4.0,2.1,0.2033,21,0.684,111780,828,0.0618,135,0.0,133,0.0,0
qb_sat_n11,qasmbench,oracle,control,ccz,commuting_pace8,A_800_0.5,A,800,0.5,moderate,135,133,0,22,44.0,0,2,2,381,77,4.0,2.1,0.2033,21,0.684,111780,828,0.0618,135,0.0,133,0.0,0
qb_sat_n11,qasmbench,oracle,control,ccz,conventional,A_800_0.5,A,800,0.5,moderate,135,133,0,22,44.0,0,2,2,381,77,4.0,2.1,0.2033,21,0.684,111780,828,0.0618,135,0.0,133,0.0,0
qb_sat_n11,qasmbench,oracle,control,ccz,conventional_pace4,A_800_0.5,A,800,0.5,moderate,135,133,0,22,44.0,0,2,2,381,77,4.0,2.1,0.2033,21,0.684,111780,828,0.0618,135,0.0,133,0.0,0
qb_sat_n11,qasmbench,oracle,control,ccz,commuting,B_400_0.5,B,400,0.5,constrained,138,133,0,22,44.0,0,5,5,0,0,4.0,2.1,0.2033,21,0.684,53268,386,0.1644,138,0.0,133,0.0,0
qb_sat_n11,qasmbench,oracle,control,ccz,commuting_pace1,B_400_0.5,B,400,0.5,constrained,144,139,0,22,44.0,0,5,5,0,0,2.0,2.0,0.0,22,0.655,55584,386,0.1576,138,-0.0435,133,-0.0451,0
qb_sat_n11,qasmbench,oracle,control,ccz,commuting_pace2,B_400_0.5,B,400,0.5,constrained,139,134,0,22,44.0,0,5,5,0,0,4.0,2.1,0.2033,21,0.679,53654,386,0.1632,138,-0.0072,133,-0.0075,0
qb_sat_n11,qasmbench,oracle,control,ccz,commuting_pace4,B_400_0.5,B,400,0.5,constrained,138,133,0,22,44.0,0,5,5,0,0,4.0,2.1,0.2033,21,0.684,53268,386,0.1644,138,0.0,133,0.0,0
qb_sat_n11,qasmbench,oracle,control,ccz,commuting_pace8,B_400_0.5,B,400,0.5,constrained,138,133,0,22,44.0,0,5,5,0,0,4.0,2.1,0.2033,21,0.684,53268,386,0.1644,138,0.0,133,0.0,0
qb_sat_n11,qasmbench,oracle,control,ccz,conventional,B_400_0.5,B,400,0.5,constrained,138,133,0,22,44.0,0,5,5,0,0,4.0,2.1,0.2033,21,0.684,53268,386,0.1644,138,0.0,133,0.0,0
qb_sat_n11,qasmbench,oracle,control,ccz,conventional_pace4,B_400_0.5,B,400,0.5,constrained,138,133,0,22,44.0,0,5,5,0,0,4.0,2.1,0.2033,21,0.684,53268,386,0.1644,138,0.0,133,0.0,0
qb_sat_n11,qasmbench,oracle,control,ccz,commuting,C_400_0.5,C,400,0.5,constrained,138,133,0,22,44.0,0,5,5,0,0,4.0,2.1,0.2033,21,0.684,54372,394,0.1644,138,0.0,133,0.0,0
qb_sat_n11,qasmbench,oracle,control,ccz,commuting_pace1,C_400_0.5,C,400,0.5,constrained,144,139,0,22,44.0,0,5,5,0,0,2.0,2.0,0.0,22,0.655,56736,394,0.1576,138,-0.0435,133,-0.0451,0
qb_sat_n11,qasmbench,oracle,control,ccz,commuting_pace2,C_400_0.5,C,400,0.5,constrained,139,134,0,22,44.0,0,5,5,0,0,4.0,2.1,0.2033,21,0.679,54766,394,0.1632,138,-0.0072,133,-0.0075,0
qb_sat_n11,qasmbench,oracle,control,ccz,commuting_pace4,C_400_0.5,C,400,0.5,constrained,138,133,0,22,44.0,0,5,5,0,0,4.0,2.1,0.2033,21,0.684,54372,394,0.1644,138,0.0,133,0.0,0
qb_sat_n11,qasmbench,oracle,control,ccz,commuting_pace8,C_400_0.5,C,400,0.5,constrained,138,133,0,22,44.0,0,5,5,0,0,4.0,2.1,0.2033,21,0.684,54372,394,0.1644,138,0.0,133,0.0,0
qb_sat_n11,qasmbench,oracle,control,ccz,conventional,C_400_0.5,C,400,0.5,constrained,138,133,0,22,44.0,0,5,5,0,0,4.0,2.1,0.2033,21,0.684,54372,394,0.1644,138,0.0,133,0.0,0
qb_sat_n11,qasmbench,oracle,control,ccz,conventional_pace4,C_400_0.5,C,400,0.5,constrained,138,133,0,22,44.0,0,5,5,0,0,4.0,2.1,0.2033,21,0.684,54372,394,0.1644,138,0.0,133,0.0,0
qb_sat_n11,qasmbench,oracle,control,t,commuting,A_200_0.5,A,200,0.5,constrained,183,175,88,0,88.0,8,0,8,23,0,8.0,4.19,0.2033,21,0.52,31293,171,0.4176,183,0.0,175,0.0,0
qb_sat_n11,qasmbench,oracle,control,t,commuting_pace1,A_200_0.5,A,200,0.5,constrained,191,183,88,0,88.0,8,0,8,29,0,4.0,4.0,0.0,22,0.497,32661,171,0.4001,183,-0.0437,175,-0.0457,0
qb_sat_n11,qasmbench,oracle,control,t,commuting_pace2,A_200_0.5,A,200,0.5,constrained,184,176,88,0,88.0,8,0,8,24,0,8.0,4.19,0.2033,21,0.517,31464,171,0.4153,183,-0.0055,175,-0.0057,0
qb_sat_n11,qasmbench,oracle,control,t,commuting_pace4,A_200_0.5,A,200,0.5,constrained,183,175,88,0,88.0,8,0,8,23,0,8.0,4.19,0.2033,21,0.52,31293,171,0.4176,183,0.0,175,0.0,0
qb_sat_n11,qasmbench,oracle,control,t,commuting_pace8,A_200_0.5,A,200,0.5,constrained,183,175,88,0,88.0,8,0,8,23,0,8.0,4.19,0.2033,21,0.52,31293,171,0.4176,183,0.0,175,0.0,0
qb_sat_n11,qasmbench,oracle,control,t,conventional,A_200_0.5,A,200,0.5,constrained,183,175,88,0,88.0,8,0,8,23,0,8.0,4.19,0.2033,21,0.52,31293,171,0.4176,183,0.0,175,0.0,0
qb_sat_n11,qasmbench,oracle,control,t,conventional_pace4,A_200_0.5,A,200,0.5,constrained,183,175,88,0,88.0,8,0,8,23,0,8.0,4.19,0.2033,21,0.52,31293,171,0.4176,183,0.0,175,0.0,0
qb_sat_n11,qasmbench,oracle,control,t,commuting,A_3200_0.5,A,3200,0.5,abundant,182,175,88,0,88.0,7,0,7,2161,621,8.0,4.19,0.2033,21,0.52,578578,3179,0.0236,182,0.0,175,0.0,0
qb_sat_n11,qasmbench,oracle,control,t,commuting_pace1,A_3200_0.5,A,3200,0.5,abundant,190,183,88,0,88.0,7,0,7,2266,650,4.0,4.0,0.0,22,0.497,604010,3179,0.0226,182,-0.044,175,-0.0457,0
qb_sat_n11,qasmbench,oracle,control,t,commuting_pace2,A_3200_0.5,A,3200,0.5,abundant,183,176,88,0,88.0,7,0,7,2174,625,8.0,4.19,0.2033,21,0.517,581757,3179,0.0234,182,-0.0055,175,-0.0057,0
qb_sat_n11,qasmbench,oracle,control,t,commuting_pace4,A_3200_0.5,A,3200,0.5,abundant,182,175,88,0,88.0,7,0,7,2161,621,8.0,4.19,0.2033,21,0.52,578578,3179,0.0236,182,0.0,175,0.0,0
qb_sat_n11,qasmbench,oracle,control,t,commuting_pace8,A_3200_0.5,A,3200,0.5,abundant,182,175,88,0,88.0,7,0,7,2161,621,8.0,4.19,0.2033,21,0.52,578578,3179,0.0236,182,0.0,175,0.0,0
qb_sat_n11,qasmbench,oracle,control,t,conventional,A_3200_0.5,A,3200,0.5,abundant,182,175,88,0,88.0,7,0,7,2161,621,8.0,4.19,0.2033,21,0.52,578578,3179,0.0236,182,0.0,175,0.0,0
qb_sat_n11,qasmbench,oracle,control,t,conventional_pace4,A_3200_0.5,A,3200,0.5,abundant,182,175,88,0,88.0,7,0,7,2161,621,8.0,4.19,0.2033,21,0.52,578578,3179,0.0236,182,0.0,175,0.0,0
qb_sat_n11,qasmbench,oracle,control,t,commuting,A_400_0.25,A,400,0.25,constrained,182,175,88,0,88.0,7,0,7,305,0,8.0,4.19,0.2033,21,0.52,67158,369,0.1734,182,0.0,175,0.0,0
qb_sat_n11,qasmbench,oracle,control,t,commuting_pace1,A_400_0.25,A,400,0.25,constrained,190,183,88,0,88.0,7,0,7,325,0,4.0,4.0,0.0,22,0.497,70110,369,0.1661,182,-0.044,175,-0.0457,0
qb_sat_n11,qasmbench,oracle,control,t,commuting_pace2,A_400_0.25,A,400,0.25,constrained,183,176,88,0,88.0,7,0,7,308,0,8.0,4.19,0.2033,21,0.517,67527,369,0.1725,182,-0.0055,175,-0.0057,0
qb_sat_n11,qasmbench,oracle,control,t,commuting_pace4,A_400_0.25,A,400,0.25,constrained,182,175,88,0,88.0,7,0,7,305,0,8.0,4.19,0.2033,21,0.52,67158,369,0.1734,182,0.0,175,0.0,0
qb_sat_n11,qasmbench,oracle,control,t,commuting_pace8,A_400_0.25,A,400,0.25,constrained,182,175,88,0,88.0,7,0,7,305,0,8.0,4.19,0.2033,21,0.52,67158,369,0.1734,182,0.0,175,0.0,0
qb_sat_n11,qasmbench,oracle,control,t,conventional,A_400_0.25,A,400,0.25,constrained,182,175,88,0,88.0,7,0,7,305,0,8.0,4.19,0.2033,21,0.52,67158,369,0.1734,182,0.0,175,0.0,0
qb_sat_n11,qasmbench,oracle,control,t,conventional_pace4,A_400_0.25,A,400,0.25,constrained,182,175,88,0,88.0,7,0,7,305,0,8.0,4.19,0.2033,21,0.52,67158,369,0.1734,182,0.0,175,0.0,0
qb_sat_n11,qasmbench,oracle,control,t,commuting,A_400_0.5,A,400,0.5,constrained,182,175,88,0,88.0,7,0,7,164,57,8.0,4.19,0.2033,21,0.52,75348,414,0.1834,182,0.0,175,0.0,0
qb_sat_n11,qasmbench,oracle,control,t,commuting_pace1,A_400_0.5,A,400,0.5,constrained,190,183,88,0,88.0,7,0,7,177,61,4.0,4.0,0.0,22,0.497,78660,414,0.1757,182,-0.044,175,-0.0457,0
qb_sat_n11,qasmbench,oracle,control,t,commuting_pace2,A_400_0.5,A,400,0.5,constrained,183,176,88,0,88.0,7,0,7,165,58,8.0,4.19,0.2033,21,0.517,75762,414,0.1824,182,-0.0055,175,-0.0057,0
qb_sat_n11,qasmbench,oracle,control,t,commuting_pace4,A_400_0.5,A,400,0.5,constrained,182,175,88,0,88.0,7,0,7,164,57,8.0,4.19,0.2033,21,0.52,75348,414,0.1834,182,0.0,175,0.0,0
qb_sat_n11,qasmbench,oracle,control,t,commuting_pace8,A_400_0.5,A,400,0.5,constrained,182,175,88,0,88.0,7,0,7,164,57,8.0,4.19,0.2033,21,0.52,75348,414,0.1834,182,0.0,175,0.0,0
qb_sat_n11,qasmbench,oracle,control,t,conventional,A_400_0.5,A,400,0.5,constrained,182,175,88,0,88.0,7,0,7,164,57,8.0,4.19,0.2033,21,0.52,75348,414,0.1834,182,0.0,175,0.0,0
qb_sat_n11,qasmbench,oracle,control,t,conventional_pace4,A_400_0.5,A,400,0.5,constrained,182,175,88,0,88.0,7,0,7,164,57,8.0,4.19,0.2033,21,0.52,75348,414,0.1834,182,0.0,175,0.0,0
qb_sat_n11,qasmbench,oracle,control,t,commuting,A_400_0.75,A,400,0.75,constrained,183,175,88,0,88.0,8,0,8,23,88,8.0,4.19,0.2033,21,0.52,70821,387,0.2235,183,0.0,175,0.0,0
qb_sat_n11,qasmbench,oracle,control,t,commuting_pace1,A_400_0.75,A,400,0.75,constrained,191,183,88,0,88.0,8,0,8,29,93,4.0,4.0,0.0,22,0.497,73917,387,0.2141,183,-0.0437,175,-0.0457,0
qb_sat_n11,qasmbench,oracle,control,t,commuting_pace2,A_400_0.75,A,400,0.75,constrained,184,176,88,0,88.0,8,0,8,24,88,8.0,4.19,0.2033,21,0.517,71208,387,0.2223,183,-0.0055,175,-0.0057,0
qb_sat_n11,qasmbench,oracle,control,t,commuting_pace4,A_400_0.75,A,400,0.75,constrained,183,175,88,0,88.0,8,0,8,23,88,8.0,4.19,0.2033,21,0.52,70821,387,0.2235,183,0.0,175,0.0,0
qb_sat_n11,qasmbench,oracle,control,t,commuting_pace8,A_400_0.75,A,400,0.75,constrained,183,175,88,0,88.0,8,0,8,23,88,8.0,4.19,0.2033,21,0.52,70821,387,0.2235,183,0.0,175,0.0,0
qb_sat_n11,qasmbench,oracle,control,t,conventional,A_400_0.75,A,400,0.75,constrained,183,175,88,0,88.0,8,0,8,23,88,8.0,4.19,0.2033,21,0.52,70821,387,0.2235,183,0.0,175,0.0,0
qb_sat_n11,qasmbench,oracle,control,t,conventional_pace4,A_400_0.75,A,400,0.75,constrained,183,175,88,0,88.0,8,0,8,23,88,8.0,4.19,0.2033,21,0.52,70821,387,0.2235,183,0.0,175,0.0,0
qb_sat_n11,qasmbench,oracle,control,t,commuting,A_800_0.5,A,800,0.5,moderate,182,175,88,0,88.0,7,0,7,447,146,8.0,4.19,0.2033,21,0.52,150696,828,0.0917,182,0.0,175,0.0,0
qb_sat_n11,qasmbench,oracle,control,t,commuting_pace1,A_800_0.5,A,800,0.5,moderate,190,183,88,0,88.0,7,0,7,473,154,4.0,4.0,0.0,22,0.497,157320,828,0.0878,182,-0.044,175,-0.0457,0
qb_sat_n11,qasmbench,oracle,control,t,commuting_pace2,A_800_0.5,A,800,0.5,moderate,183,176,88,0,88.0,7,0,7,450,147,8.0,4.19,0.2033,21,0.517,151524,828,0.0912,182,-0.0055,175,-0.0057,0
qb_sat_n11,qasmbench,oracle,control,t,commuting_pace4,A_800_0.5,A,800,0.5,moderate,182,175,88,0,88.0,7,0,7,447,146,8.0,4.19,0.2033,21,0.52,150696,828,0.0917,182,0.0,175,0.0,0
qb_sat_n11,qasmbench,oracle,control,t,commuting_pace8,A_800_0.5,A,800,0.5,moderate,182,175,88,0,88.0,7,0,7,447,146,8.0,4.19,0.2033,21,0.52,150696,828,0.0917,182,0.0,175,0.0,0
qb_sat_n11,qasmbench,oracle,control,t,conventional,A_800_0.5,A,800,0.5,moderate,182,175,88,0,88.0,7,0,7,447,146,8.0,4.19,0.2033,21,0.52,150696,828,0.0917,182,0.0,175,0.0,0
qb_sat_n11,qasmbench,oracle,control,t,conventional_pace4,A_800_0.5,A,800,0.5,moderate,182,175,88,0,88.0,7,0,7,447,146,8.0,4.19,0.2033,21,0.52,150696,828,0.0917,182,0.0,175,0.0,0
qb_sat_n11,qasmbench,oracle,control,t,commuting,B_400_0.5,B,400,0.5,constrained,186,175,88,0,88.0,11,0,11,0,0,8.0,4.19,0.2033,21,0.52,71796,386,0.244,186,0.0,175,0.0,0
qb_sat_n11,qasmbench,oracle,control,t,commuting_pace1,B_400_0.5,B,400,0.5,constrained,194,183,88,0,88.0,11,0,11,0,0,4.0,4.0,0.0,22,0.497,74884,386,0.2339,186,-0.043,175,-0.0457,0
qb_sat_n11,qasmbench,oracle,control,t,commuting_pace2,B_400_0.5,B,400,0.5,constrained,187,176,88,0,88.0,11,0,11,0,0,8.0,4.19,0.2033,21,0.517,72182,386,0.2426,186,-0.0054,175,-0.0057,0
qb_sat_n11,qasmbench,oracle,control,t,commuting_pace4,B_400_0.5,B,400,0.5,constrained,186,175,88,0,88.0,11,0,11,0,0,8.0,4.19,0.2033,21,0.52,71796,386,0.244,186,0.0,175,0.0,0
qb_sat_n11,qasmbench,oracle,control,t,commuting_pace8,B_400_0.5,B,400,0.5,constrained,186,175,88,0,88.0,11,0,11,0,0,8.0,4.19,0.2033,21,0.52,71796,386,0.244,186,0.0,175,0.0,0
qb_sat_n11,qasmbench,oracle,control,t,conventional,B_400_0.5,B,400,0.5,constrained,186,175,88,0,88.0,11,0,11,0,0,8.0,4.19,0.2033,21,0.52,71796,386,0.244,186,0.0,175,0.0,0
qb_sat_n11,qasmbench,oracle,control,t,conventional_pace4,B_400_0.5,B,400,0.5,constrained,186,175,88,0,88.0,11,0,11,0,0,8.0,4.19,0.2033,21,0.52,71796,386,0.244,186,0.0,175,0.0,0
qb_sat_n11,qasmbench,oracle,control,t,commuting,C_400_0.5,C,400,0.5,constrained,182,175,88,0,88.0,7,0,7,0,0,8.0,4.19,0.2033,21,0.52,71708,394,0.2493,182,0.0,175,0.0,0
qb_sat_n11,qasmbench,oracle,control,t,commuting_pace1,C_400_0.5,C,400,0.5,constrained,190,183,88,0,88.0,7,0,7,0,0,4.0,4.0,0.0,22,0.497,74860,394,0.2388,182,-0.044,175,-0.0457,0
qb_sat_n11,qasmbench,oracle,control,t,commuting_pace2,C_400_0.5,C,400,0.5,constrained,183,176,88,0,88.0,7,0,7,0,0,8.0,4.19,0.2033,21,0.517,72102,394,0.248,182,-0.0055,175,-0.0057,0
qb_sat_n11,qasmbench,oracle,control,t,commuting_pace4,C_400_0.5,C,400,0.5,constrained,182,175,88,0,88.0,7,0,7,0,0,8.0,4.19,0.2033,21,0.52,71708,394,0.2493,182,0.0,175,0.0,0
qb_sat_n11,qasmbench,oracle,control,t,commuting_pace8,C_400_0.5,C,400,0.5,constrained,182,175,88,0,88.0,7,0,7,0,0,8.0,4.19,0.2033,21,0.52,71708,394,0.2493,182,0.0,175,0.0,0
qb_sat_n11,qasmbench,oracle,control,t,conventional,C_400_0.5,C,400,0.5,constrained,182,175,88,0,88.0,7,0,7,0,0,8.0,4.19,0.2033,21,0.52,71708,394,0.2493,182,0.0,175,0.0,0
qb_sat_n11,qasmbench,oracle,control,t,conventional_pace4,C_400_0.5,C,400,0.5,constrained,182,175,88,0,88.0,7,0,7,0,0,8.0,4.19,0.2033,21,0.52,71708,394,0.2493,182,0.0,175,0.0,0
qb_sat_n7,qasmbench,oracle,control,ccz,commuting,A_200_0.5,A,200,0.5,constrained,48,40,0,6,12.0,0,9,9,0,0,4.0,2.4,0.3333,5,1.0,8208,171,0.2171,48,0.0,40,0.0,1
qb_sat_n7,qasmbench,oracle,control,ccz,commuting_pace1,A_200_0.5,A,200,0.5,constrained,48,45,0,6,12.0,0,3,3,0,0,2.0,2.0,0.0,6,0.889,8208,171,0.2171,48,0.0,40,-0.125,0
qb_sat_n7,qasmbench,oracle,control,ccz,commuting_pace2,A_200_0.5,A,200,0.5,constrained,48,40,0,6,12.0,0,9,9,0,0,4.0,2.4,0.3333,5,1.0,8208,171,0.2171,48,0.0,40,0.0,1
qb_sat_n7,qasmbench,oracle,control,ccz,commuting_pace4,A_200_0.5,A,200,0.5,constrained,48,40,0,6,12.0,0,9,9,0,0,4.0,2.4,0.3333,5,1.0,8208,171,0.2171,48,0.0,40,0.0,1
qb_sat_n7,qasmbench,oracle,control,ccz,commuting_pace8,A_200_0.5,A,200,0.5,constrained,48,40,0,6,12.0,0,9,9,0,0,4.0,2.4,0.3333,5,1.0,8208,171,0.2171,48,0.0,40,0.0,1
qb_sat_n7,qasmbench,oracle,control,ccz,conventional,A_200_0.5,A,200,0.5,constrained,48,40,0,6,12.0,0,9,9,0,0,4.0,2.4,0.3333,5,1.0,8208,171,0.2171,48,0.0,40,0.0,1
qb_sat_n7,qasmbench,oracle,control,ccz,conventional_pace4,A_200_0.5,A,200,0.5,constrained,48,40,0,6,12.0,0,9,9,0,0,4.0,2.4,0.3333,5,1.0,8208,171,0.2171,48,0.0,40,0.0,1
qb_sat_n7,qasmbench,oracle,control,ccz,commuting,A_3200_0.5,A,3200,0.5,abundant,41,40,0,6,12.0,0,1,1,390,98,4.0,2.4,0.3333,5,1.0,130339,3179,0.0143,41,0.0,40,0.0,0
qb_sat_n7,qasmbench,oracle,control,ccz,commuting_pace1,A_3200_0.5,A,3200,0.5,abundant,46,45,0,6,12.0,0,1,1,456,116,2.0,2.0,0.0,6,0.889,146234,3179,0.0127,41,-0.122,40,-0.125,0
qb_sat_n7,qasmbench,oracle,control,ccz,commuting_pace2,A_3200_0.5,A,3200,0.5,abundant,41,40,0,6,12.0,0,1,1,390,98,4.0,2.4,0.3333,5,1.0,130339,3179,0.0143,41,0.0,40,0.0,0
qb_sat_n7,qasmbench,oracle,control,ccz,commuting_pace4,A_3200_0.5,A,3200,0.5,abundant,41,40,0,6,12.0,0,1,1,390,98,4.0,2.4,0.3333,5,1.0,130339,3179,0.0143,41,0.0,40,0.0,0
qb_sat_n7,qasmbench,oracle,control,ccz,commuting_pace8,A_3200_0.5,A,3200,0.5,abundant,41,40,0,6,12.0,0,1,1,390,98,4.0,2.4,0.3333,5,1.0,130339,3179,0.0143,41,0.0,40,0.0,0
qb_sat_n7,qasmbench,oracle,control,ccz,conventional,A_3200_0.5,A,3200,0.5,abundant,41,40,0,6,12.0,0,1,1,390,98,4.0,2.4,0.3333,5,1.0,130339,3179,0.0143,41,0.0,40,0.0,0
qb_sat_n7,qasmbench,oracle,control,ccz,conventional_pace4,A_3200_0.5,A,3200,0.5,abundant,41,40,0,6,12.0,0,1,1,390,98,4.0,2.4,0.3333,5,1.0,130339,3179,0.0143,41,0.0,40,0.0,0
qb_sat_n7,qasmbench,oracle,control,ccz,commuting,A_400_0.25,A,400,0.25,constrained,48,40,0,6,12.0,0,9,9,64,0,4.0,2.4,0.3333,5,1.0,17712,369,0.0897,48,0.0,40,0.0,1
qb_sat_n7,qasmbench,oracle,control,ccz,commuting_pace1,A_400_0.25,A,400,0.25,constrained,48,45,0,6,12.0,0,3,3,64,0,2.0,2.0,0.0,6,0.889,17712,369,0.0897,48,0.0,40,-0.125,0
qb_sat_n7,qasmbench,oracle,control,ccz,commuting_pace2,A_400_0.25,A,400,0.25,constrained,48,40,0,6,12.0,0,9,9,64,0,4.0,2.4,0.3333,5,1.0,17712,369,0.0897,48,0.0,40,0.0,1
qb_sat_n7,qasmbench,oracle,control,ccz,commuting_pace4,A_400_0.25,A,400,0.25,constrained,48,40,0,6,12.0,0,9,9,64,0,4.0,2.4,0.3333,5,1.0,17712,369,0.0897,48,0.0,40,0.0,1
qb_sat_n7,qasmbench,oracle,control,ccz,commuting_pace8,A_400_0.25,A,400,0.25,constrained,48,40,0,6,12.0,0,9,9,64,0,4.0,2.4,0.3333,5,1.0,17712,369,0.0897,48,0.0,40,0.0,1
qb_sat_n7,qasmbench,oracle,control,ccz,conventional,A_400_0.25,A,400,0.25,constrained,48,40,0,6,12.0,0,9,9,64,0,4.0,2.4,0.3333,5,1.0,17712,369,0.0897,48,0.0,40,0.0,1
qb_sat_n7,qasmbench,oracle,control,ccz,conventional_pace4,A_400_0.25,A,400,0.25,constrained,48,40,0,6,12.0,0,9,9,64,0,4.0,2.4,0.3333,5,1.0,17712,369,0.0897,48,0.0,40,0.0,1
qb_sat_n7,qasmbench,oracle,control,ccz,commuting,A_400_0.5,A,400,0.5,constrained,41,40,0,6,12.0,0,1,1,21,0,4.0,2.4,0.3333,5,1.0,16974,414,0.111,41,0.0,40,0.0,0
qb_sat_n7,qasmbench,oracle,control,ccz,commuting_pace1,A_400_0.5,A,400,0.5,constrained,46,45,0,6,12.0,0,1,1,29,0,2.0,2.0,0.0,6,0.889,19044,414,0.099,41,-0.122,40,-0.125,0
qb_sat_n7,qasmbench,oracle,control,ccz,commuting_pace2,A_400_0.5,A,400,0.5,constrained,41,40,0,6,12.0,0,1,1,21,0,4.0,2.4,0.3333,5,1.0,16974,414,0.111,41,0.0,40,0.0,0
qb_sat_n7,qasmbench,oracle,control,ccz,commuting_pace4,A_400_0.5,A,400,0.5,constrained,41,40,0,6,12.0,0,1,1,21,0,4.0,2.4,0.3333,5,1.0,16974,414,0.111,41,0.0,40,0.0,0
qb_sat_n7,qasmbench,oracle,control,ccz,commuting_pace8,A_400_0.5,A,400,0.5,constrained,41,40,0,6,12.0,0,1,1,21,0,4.0,2.4,0.3333,5,1.0,16974,414,0.111,41,0.0,40,0.0,0
qb_sat_n7,qasmbench,oracle,control,ccz,conventional,A_400_0.5,A,400,0.5,constrained,41,40,0,6,12.0,0,1,1,21,0,4.0,2.4,0.3333,5,1.0,16974,414,0.111,41,0.0,40,0.0,0
qb_sat_n7,qasmbench,oracle,control,ccz,conventional_pace4,A_400_0.5,A,400,0.5,constrained,41,40,0,6,12.0,0,1,1,21,0,4.0,2.4,0.3333,5,1.0,16974,414,0.111,41,0.0,40,0.0,0
qb_sat_n7,qasmbench,oracle,control,ccz,commuting,A_400_0.75,A,400,0.75,constrained,41,40,0,6,12.0,0,1,1,0,0,4.0,2.4,0.3333,5,1.0,15867,387,0.136,41,0.0,40,0.0,0
qb_sat_n7,qasmbench,oracle,control,ccz,commuting_pace1,A_400_0.75,A,400,0.75,constrained,46,45,0,6,12.0,0,1,1,0,0,2.0,2.0,0.0,6,0.889,17802,387,0.1212,41,-0.122,40,-0.125,0
qb_sat_n7,qasmbench,oracle,control,ccz,commuting_pace2,A_400_0.75,A,400,0.75,constrained,41,40,0,6,12.0,0,1,1,0,0,4.0,2.4,0.3333,5,1.0,15867,387,0.136,41,0.0,40,0.0,0
qb_sat_n7,qasmbench,oracle,control,ccz,commuting_pace4,A_400_0.75,A,400,0.75,constrained,41,40,0,6,12.0,0,1,1,0,0,4.0,2.4,0.3333,5,1.0,15867,387,0.136,41,0.0,40,0.0,0
qb_sat_n7,qasmbench,oracle,control,ccz,commuting_pace8,A_400_0.75,A,400,0.75,constrained,41,40,0,6,12.0,0,1,1,0,0,4.0,2.4,0.3333,5,1.0,15867,387,0.136,41,0.0,40,0.0,0
qb_sat_n7,qasmbench,oracle,control,ccz,conventional,A_400_0.75,A,400,0.75,constrained,41,40,0,6,12.0,0,1,1,0,0,4.0,2.4,0.3333,5,1.0,15867,387,0.136,41,0.0,40,0.0,0
qb_sat_n7,qasmbench,oracle,control,ccz,conventional_pace4,A_400_0.75,A,400,0.75,constrained,41,40,0,6,12.0,0,1,1,0,0,4.0,2.4,0.3333,5,1.0,15867,387,0.136,41,0.0,40,0.0,0
qb_sat_n7,qasmbench,oracle,control,ccz,commuting,A_800_0.5,A,800,0.5,moderate,41,40,0,6,12.0,0,1,1,73,0,4.0,2.4,0.3333,5,1.0,33948,828,0.0555,41,0.0,40,0.0,0
qb_sat_n7,qasmbench,oracle,control,ccz,commuting_pace1,A_800_0.5,A,800,0.5,moderate,46,45,0,6,12.0,0,1,1,90,4,2.0,2.0,0.0,6,0.889,38088,828,0.0495,41,-0.122,40,-0.125,0
qb_sat_n7,qasmbench,oracle,control,ccz,commuting_pace2,A_800_0.5,A,800,0.5,moderate,41,40,0,6,12.0,0,1,1,73,0,4.0,2.4,0.3333,5,1.0,33948,828,0.0555,41,0.0,40,0.0,0
qb_sat_n7,qasmbench,oracle,control,ccz,commuting_pace4,A_800_0.5,A,800,0.5,moderate,41,40,0,6,12.0,0,1,1,73,0,4.0,2.4,0.3333,5,1.0,33948,828,0.0555,41,0.0,40,0.0,0
qb_sat_n7,qasmbench,oracle,control,ccz,commuting_pace8,A_800_0.5,A,800,0.5,moderate,41,40,0,6,12.0,0,1,1,73,0,4.0,2.4,0.3333,5,1.0,33948,828,0.0555,41,0.0,40,0.0,0
qb_sat_n7,qasmbench,oracle,control,ccz,conventional,A_800_0.5,A,800,0.5,moderate,41,40,0,6,12.0,0,1,1,73,0,4.0,2.4,0.3333,5,1.0,33948,828,0.0555,41,0.0,40,0.0,0
qb_sat_n7,qasmbench,oracle,control,ccz,conventional_pace4,A_800_0.5,A,800,0.5,moderate,41,40,0,6,12.0,0,1,1,73,0,4.0,2.4,0.3333,5,1.0,33948,828,0.0555,41,0.0,40,0.0,0
qb_sat_n7,qasmbench,oracle,control,ccz,commuting,B_400_0.5,B,400,0.5,constrained,44,40,0,6,12.0,0,4,4,0,0,4.0,2.4,0.3333,5,1.0,16984,386,0.1406,44,0.0,40,0.0,0
qb_sat_n7,qasmbench,oracle,control,ccz,commuting_pace1,B_400_0.5,B,400,0.5,constrained,49,45,0,6,12.0,0,4,4,0,0,2.0,2.0,0.0,6,0.889,18914,386,0.1263,44,-0.1136,40,-0.125,0
qb_sat_n7,qasmbench,oracle,control,ccz,commuting_pace2,B_400_0.5,B,400,0.5,constrained,44,40,0,6,12.0,0,4,4,0,0,4.0,2.4,0.3333,5,1.0,16984,386,0.1406,44,0.0,40,0.0,0
qb_sat_n7,qasmbench,oracle,control,ccz,commuting_pace4,B_400_0.5,B,400,0.5,constrained,44,40,0,6,12.0,0,4,4,0,0,4.0,2.4,0.3333,5,1.0,16984,386,0.1406,44,0.0,40,0.0,0
qb_sat_n7,qasmbench,oracle,control,ccz,commuting_pace8,B_400_0.5,B,400,0.5,constrained,44,40,0,6,12.0,0,4,4,0,0,4.0,2.4,0.3333,5,1.0,16984,386,0.1406,44,0.0,40,0.0,0
qb_sat_n7,qasmbench,oracle,control,ccz,conventional,B_400_0.5,B,400,0.5,constrained,44,40,0,6,12.0,0,4,4,0,0,4.0,2.4,0.3333,5,1.0,16984,386,0.1406,44,0.0,40,0.0,0
qb_sat_n7,qasmbench,oracle,control,ccz,conventional_pace4,B_400_0.5,B,400,0.5,constrained,44,40,0,6,12.0,0,4,4,0,0,4.0,2.4,0.3333,5,1.0,16984,386,0.1406,44,0.0,40,0.0,0
qb_sat_n7,qasmbench,oracle,control,ccz,commuting,C_400_0.5,C,400,0.5,constrained,44,40,0,6,12.0,0,4,4,0,0,4.0,2.4,0.3333,5,1.0,17336,394,0.1406,44,0.0,40,0.0,0
qb_sat_n7,qasmbench,oracle,control,ccz,commuting_pace1,C_400_0.5,C,400,0.5,constrained,49,45,0,6,12.0,0,4,4,0,0,2.0,2.0,0.0,6,0.889,19306,394,0.1263,44,-0.1136,40,-0.125,0
qb_sat_n7,qasmbench,oracle,control,ccz,commuting_pace2,C_400_0.5,C,400,0.5,constrained,44,40,0,6,12.0,0,4,4,0,0,4.0,2.4,0.3333,5,1.0,17336,394,0.1406,44,0.0,40,0.0,0
qb_sat_n7,qasmbench,oracle,control,ccz,commuting_pace4,C_400_0.5,C,400,0.5,constrained,44,40,0,6,12.0,0,4,4,0,0,4.0,2.4,0.3333,5,1.0,17336,394,0.1406,44,0.0,40,0.0,0
qb_sat_n7,qasmbench,oracle,control,ccz,commuting_pace8,C_400_0.5,C,400,0.5,constrained,44,40,0,6,12.0,0,4,4,0,0,4.0,2.4,0.3333,5,1.0,17336,394,0.1406,44,0.0,40,0.0,0
qb_sat_n7,qasmbench,oracle,control,ccz,conventional,C_400_0.5,C,400,0.5,constrained,44,40,0,6,12.0,0,4,4,0,0,4.0,2.4,0.3333,5,1.0,17336,394,0.1406,44,0.0,40,0.0,0
qb_sat_n7,qasmbench,oracle,control,ccz,conventional_pace4,C_400_0.5,C,400,0.5,constrained,44,40,0,6,12.0,0,4,4,0,0,4.0,2.4,0.3333,5,1.0,17336,394,0.1406,44,0.0,40,0.0,0
qb_sat_n7,qasmbench,oracle,control,t,commuting,A_200_0.5,A,200,0.5,constrained,57,50,24,0,24.0,7,0,7,0,0,8.0,4.8,0.3333,5,0.8,9747,171,0.3657,57,0.0,50,0.0,1
qb_sat_n7,qasmbench,oracle,control,t,commuting_pace1,A_200_0.5,A,200,0.5,constrained,64,57,24,0,24.0,7,0,7,0,0,4.0,4.0,0.0,6,0.702,10944,171,0.3257,57,-0.1228,50,-0.14,1
qb_sat_n7,qasmbench,oracle,control,t,commuting_pace2,A_200_0.5,A,200,0.5,constrained,57,50,24,0,24.0,7,0,7,0,0,8.0,4.8,0.3333,5,0.8,9747,171,0.3657,57,0.0,50,0.0,1
qb_sat_n7,qasmbench,oracle,control,t,commuting_pace4,A_200_0.5,A,200,0.5,constrained,57,50,24,0,24.0,7,0,7,0,0,8.0,4.8,0.3333,5,0.8,9747,171,0.3657,57,0.0,50,0.0,1
qb_sat_n7,qasmbench,oracle,control,t,commuting_pace8,A_200_0.5,A,200,0.5,constrained,57,50,24,0,24.0,7,0,7,0,0,8.0,4.8,0.3333,5,0.8,9747,171,0.3657,57,0.0,50,0.0,1
qb_sat_n7,qasmbench,oracle,control,t,conventional,A_200_0.5,A,200,0.5,constrained,57,50,24,0,24.0,7,0,7,0,0,8.0,4.8,0.3333,5,0.8,9747,171,0.3657,57,0.0,50,0.0,1
qb_sat_n7,qasmbench,oracle,control,t,conventional_pace4,A_200_0.5,A,200,0.5,constrained,57,50,24,0,24.0,7,0,7,0,0,8.0,4.8,0.3333,5,0.8,9747,171,0.3657,57,0.0,50,0.0,1
qb_sat_n7,qasmbench,oracle,control,t,commuting,A_3200_0.5,A,3200,0.5,abundant,56,50,24,0,24.0,6,0,6,564,159,8.0,4.8,0.3333,5,0.8,178024,3179,0.0209,56,0.0,50,0.0,1
qb_sat_n7,qasmbench,oracle,control,t,commuting_pace1,A_3200_0.5,A,3200,0.5,abundant,63,57,24,0,24.0,6,0,6,656,185,4.0,4.0,0.0,6,0.702,200277,3179,0.0186,56,-0.125,50,-0.14,1
qb_sat_n7,qasmbench,oracle,control,t,commuting_pace2,A_3200_0.5,A,3200,0.5,abundant,56,50,24,0,24.0,6,0,6,564,159,8.0,4.8,0.3333,5,0.8,178024,3179,0.0209,56,0.0,50,0.0,1
qb_sat_n7,qasmbench,oracle,control,t,commuting_pace4,A_3200_0.5,A,3200,0.5,abundant,56,50,24,0,24.0,6,0,6,564,159,8.0,4.8,0.3333,5,0.8,178024,3179,0.0209,56,0.0,50,0.0,1
qb_sat_n7,qasmbench,oracle,control,t,commuting_pace8,A_3200_0.5,A,3200,0.5,abundant,56,50,24,0,24.0,6,0,6,564,159,8.0,4.8,0.3333,5,0.8,178024,3179,0.0209,56,0.0,50,0.0,1
qb_sat_n7,qasmbench,oracle,control,t,conventional,A_3200_0.5,A,3200,0.5,abundant,56,50,24,0,24.0,6,0,6,564,159,8.0,4.8,0.3333,5,0.8,178024,3179,0.0209,56,0.0,50,0.0,1
qb_sat_n7,qasmbench,oracle,control,t,conventional_pace4,A_3200_0.5,A,3200,0.5,abundant,56,50,24,0,24.0,6,0,6,564,159,8.0,4.8,0.3333,5,0.8,178024,3179,0.0209,56,0.0,50,0.0,1
qb_sat_n7,qasmbench,oracle,control,t,commuting,A_400_0.25,A,400,0.25,constrained,56,50,24,0,24.0,6,0,6,60,0,8.0,4.8,0.3333,5,0.8,20664,369,0.1537,56,0.0,50,0.0,1
qb_sat_n7,qasmbench,oracle,control,t,commuting_pace1,A_400_0.25,A,400,0.25,constrained,63,57,24,0,24.0,6,0,6,77,0,4.0,4.0,0.0,6,0.702,23247,369,0.1366,56,-0.125,50,-0.14,1
qb_sat_n7,qasmbench,oracle,control,t,commuting_pace2,A_400_0.25,A,400,0.25,constrained,56,50,24,0,24.0,6,0,6,60,0,8.0,4.8,0.3333,5,0.8,20664,369,0.1537,56,0.0,50,0.0,1
qb_sat_n7,qasmbench,oracle,control,t,commuting_pace4,A_400_0.25,A,400,0.25,constrained,56,50,24,0,24.0,6,0,6,60,0,8.0,4.8,0.3333,5,0.8,20664,369,0.1537,56,0.0,50,0.0,1
qb_sat_n7,qasmbench,oracle,control,t,commuting_pace8,A_400_0.25,A,400,0.25,constrained,56,50,24,0,24.0,6,0,6,60,0,8.0,4.8,0.3333,5,0.8,20664,369,0.1537,56,0.0,50,0.0,1
qb_sat_n7,qasmbench,oracle,control,t,conventional,A_400_0.25,A,400,0.25,constrained,56,50,24,0,24.0,6,0,6,60,0,8.0,4.8,0.3333,5,0.8,20664,369,0.1537,56,0.0,50,0.0,1
qb_sat_n7,qasmbench,oracle,control,t,conventional_pace4,A_400_0.25,A,400,0.25,constrained,56,50,24,0,24.0,6,0,6,60,0,8.0,4.8,0.3333,5,0.8,20664,369,0.1537,56,0.0,50,0.0,1
qb_sat_n7,qasmbench,oracle,control,t,commuting,A_400_0.5,A,400,0.5,constrained,56,50,24,0,24.0,6,0,6,21,0,8.0,4.8,0.3333,5,0.8,23184,414,0.1626,56,0.0,50,0.0,1
qb_sat_n7,qasmbench,oracle,control,t,commuting_pace1,A_400_0.5,A,400,0.5,constrained,63,57,24,0,24.0,6,0,6,33,0,4.0,4.0,0.0,6,0.702,26082,414,0.1445,56,-0.125,50,-0.14,1
qb_sat_n7,qasmbench,oracle,control,t,commuting_pace2,A_400_0.5,A,400,0.5,constrained,56,50,24,0,24.0,6,0,6,21,0,8.0,4.8,0.3333,5,0.8,23184,414,0.1626,56,0.0,50,0.0,1
qb_sat_n7,qasmbench,oracle,control,t,commuting_pace4,A_400_0.5,A,400,0.5,constrained,56,50,24,0,24.0,6,0,6,21,0,8.0,4.8,0.3333,5,0.8,23184,414,0.1626,56,0.0,50,0.0,1
qb_sat_n7,qasmbench,oracle,control,t,commuting_pace8,A_400_0.5,A,400,0.5,constrained,56,50,24,0,24.0,6,0,6,21,0,8.0,4.8,0.3333,5,0.8,23184,414,0.1626,56,0.0,50,0.0,1
qb_sat_n7,qasmbench,oracle,control,t,conventional,A_400_0.5,A,400,0.5,constrained,56,50,24,0,24.0,6,0,6,21,0,8.0,4.8,0.3333,5,0.8,23184,414,0.1626,56,0.0,50,0.0,1
qb_sat_n7,qasmbench,oracle,control,t,conventional_pace4,A_400_0.5,A,400,0.5,constrained,56,50,24,0,24.0,6,0,6,21,0,8.0,4.8,0.3333,5,0.8,23184,414,0.1626,56,0.0,50,0.0,1
qb_sat_n7,qasmbench,oracle,control,t,commuting,A_400_0.75,A,400,0.75,constrained,57,50,24,0,24.0,7,0,7,0,4,8.0,4.8,0.3333,5,0.8,22059,387,0.1957,57,0.0,50,0.0,1
qb_sat_n7,qasmbench,oracle,control,t,commuting_pace1,A_400_0.75,A,400,0.75,constrained,64,57,24,0,24.0,7,0,7,0,8,4.0,4.0,0.0,6,0.702,24768,387,0.1743,57,-0.1228,50,-0.14,1
qb_sat_n7,qasmbench,oracle,control,t,commuting_pace2,A_400_0.75,A,400,0.75,constrained,57,50,24,0,24.0,7,0,7,0,4,8.0,4.8,0.3333,5,0.8,22059,387,0.1957,57,0.0,50,0.0,1
qb_sat_n7,qasmbench,oracle,control,t,commuting_pace4,A_400_0.75,A,400,0.75,constrained,57,50,24,0,24.0,7,0,7,0,4,8.0,4.8,0.3333,5,0.8,22059,387,0.1957,57,0.0,50,0.0,1
qb_sat_n7,qasmbench,oracle,control,t,commuting_pace8,A_400_0.75,A,400,0.75,constrained,57,50,24,0,24.0,7,0,7,0,4,8.0,4.8,0.3333,5,0.8,22059,387,0.1957,57,0.0,50,0.0,1
qb_sat_n7,qasmbench,oracle,control,t,conventional,A_400_0.75,A,400,0.75,constrained,57,50,24,0,24.0,7,0,7,0,4,8.0,4.8,0.3333,5,0.8,22059,387,0.1957,57,0.0,50,0.0,1
qb_sat_n7,qasmbench,oracle,control,t,conventional_pace4,A_400_0.75,A,400,0.75,constrained,57,50,24,0,24.0,7,0,7,0,4,8.0,4.8,0.3333,5,0.8,22059,387,0.1957,57,0.0,50,0.0,1
qb_sat_n7,qasmbench,oracle,control,t,commuting,A_800_0.5,A,800,0.5,moderate,56,50,24,0,24.0,6,0,6,98,20,8.0,4.8,0.3333,5,0.8,46368,828,0.0813,56,0.0,50,0.0,1
qb_sat_n7,qasmbench,oracle,control,t,commuting_pace1,A_800_0.5,A,800,0.5,moderate,63,57,24,0,24.0,6,0,6,121,27,4.0,4.0,0.0,6,0.702,52164,828,0.0722,56,-0.125,50,-0.14,1
qb_sat_n7,qasmbench,oracle,control,t,commuting_pace2,A_800_0.5,A,800,0.5,moderate,56,50,24,0,24.0,6,0,6,98,20,8.0,4.8,0.3333,5,0.8,46368,828,0.0813,56,0.0,50,0.0,1
qb_sat_n7,qasmbench,oracle,control,t,commuting_pace4,A_800_0.5,A,800,0.5,moderate,56,50,24,0,24.0,6,0,6,98,20,8.0,4.8,0.3333,5,0.8,46368,828,0.0813,56,0.0,50,0.0,1
qb_sat_n7,qasmbench,oracle,control,t,commuting_pace8,A_800_0.5,A,800,0.5,moderate,56,50,24,0,24.0,6,0,6,98,20,8.0,4.8,0.3333,5,0.8,46368,828,0.0813,56,0.0,50,0.0,1
qb_sat_n7,qasmbench,oracle,control,t,conventional,A_800_0.5,A,800,0.5,moderate,56,50,24,0,24.0,6,0,6,98,20,8.0,4.8,0.3333,5,0.8,46368,828,0.0813,56,0.0,50,0.0,1
qb_sat_n7,qasmbench,oracle,control,t,conventional_pace4,A_800_0.5,A,800,0.5,moderate,56,50,24,0,24.0,6,0,6,98,20,8.0,4.8,0.3333,5,0.8,46368,828,0.0813,56,0.0,50,0.0,1
qb_sat_n7,qasmbench,oracle,control,t,commuting,B_400_0.5,B,400,0.5,constrained,60,50,24,0,24.0,10,0,10,0,0,8.0,4.8,0.3333,5,0.8,23160,386,0.2062,60,0.0,50,0.0,1
qb_sat_n7,qasmbench,oracle,control,t,commuting_pace1,B_400_0.5,B,400,0.5,constrained,67,57,24,0,24.0,10,0,10,0,0,4.0,4.0,0.0,6,0.702,25862,386,0.1847,60,-0.1167,50,-0.14,1
qb_sat_n7,qasmbench,oracle,control,t,commuting_pace2,B_400_0.5,B,400,0.5,constrained,60,50,24,0,24.0,10,0,10,0,0,8.0,4.8,0.3333,5,0.8,23160,386,0.2062,60,0.0,50,0.0,1
qb_sat_n7,qasmbench,oracle,control,t,commuting_pace4,B_400_0.5,B,400,0.5,constrained,60,50,24,0,24.0,10,0,10,0,0,8.0,4.8,0.3333,5,0.8,23160,386,0.2062,60,0.0,50,0.0,1
qb_sat_n7,qasmbench,oracle,control,t,commuting_pace8,B_400_0.5,B,400,0.5,constrained,60,50,24,0,24.0,10,0,10,0,0,8.0,4.8,0.3333,5,0.8,23160,386,0.2062,60,0.0,50,0.0,1
qb_sat_n7,qasmbench,oracle,control,t,conventional,B_400_0.5,B,400,0.5,constrained,60,50,24,0,24.0,10,0,10,0,0,8.0,4.8,0.3333,5,0.8,23160,386,0.2062,60,0.0,50,0.0,1
qb_sat_n7,qasmbench,oracle,control,t,conventional_pace4,B_400_0.5,B,400,0.5,constrained,60,50,24,0,24.0,10,0,10,0,0,8.0,4.8,0.3333,5,0.8,23160,386,0.2062,60,0.0,50,0.0,1
qb_sat_n7,qasmbench,oracle,control,t,commuting,C_400_0.5,C,400,0.5,constrained,56,50,24,0,24.0,6,0,6,0,0,8.0,4.8,0.3333,5,0.8,22064,394,0.221,56,0.0,50,0.0,1
qb_sat_n7,qasmbench,oracle,control,t,commuting_pace1,C_400_0.5,C,400,0.5,constrained,63,57,24,0,24.0,6,0,6,0,0,4.0,4.0,0.0,6,0.702,24822,394,0.1964,56,-0.125,50,-0.14,1
qb_sat_n7,qasmbench,oracle,control,t,commuting_pace2,C_400_0.5,C,400,0.5,constrained,56,50,24,0,24.0,6,0,6,0,0,8.0,4.8,0.3333,5,0.8,22064,394,0.221,56,0.0,50,0.0,1
qb_sat_n7,qasmbench,oracle,control,t,commuting_pace4,C_400_0.5,C,400,0.5,constrained,56,50,24,0,24.0,6,0,6,0,0,8.0,4.8,0.3333,5,0.8,22064,394,0.221,56,0.0,50,0.0,1
qb_sat_n7,qasmbench,oracle,control,t,commuting_pace8,C_400_0.5,C,400,0.5,constrained,56,50,24,0,24.0,6,0,6,0,0,8.0,4.8,0.3333,5,0.8,22064,394,0.221,56,0.0,50,0.0,1
qb_sat_n7,qasmbench,oracle,control,t,conventional,C_400_0.5,C,400,0.5,constrained,56,50,24,0,24.0,6,0,6,0,0,8.0,4.8,0.3333,5,0.8,22064,394,0.221,56,0.0,50,0.0,1
qb_sat_n7,qasmbench,oracle,control,t,conventional_pace4,C_400_0.5,C,400,0.5,constrained,56,50,24,0,24.0,6,0,6,0,0,8.0,4.8,0.3333,5,0.8,22064,394,0.221,56,0.0,50,0.0,1
qb_sqrt_n18,qasmbench,arithmetic,control,ccz,commuting,A_200_0.5,A,200,0.5,constrained,465,462,0,65,130.0,0,3,3,342,0,2.0,2.0,0.0,65,1.039,79515,171,0.2428,465,0.0,462,0.0,0
qb_sqrt_n18,qasmbench,arithmetic,control,ccz,commuting_pace1,A_200_0.5,A,200,0.5,constrained,465,462,0,65,130.0,0,3,3,342,0,2.0,2.0,0.0,65,1.039,79515,171,0.2428,465,0.0,462,0.0,0
qb_sqrt_n18,qasmbench,arithmetic,control,ccz,commuting_pace2,A_200_0.5,A,200,0.5,constrained,465,462,0,65,130.0,0,3,3,342,0,2.0,2.0,0.0,65,1.039,79515,171,0.2428,465,0.0,462,0.0,0
qb_sqrt_n18,qasmbench,arithmetic,control,ccz,commuting_pace4,A_200_0.5,A,200,0.5,constrained,465,462,0,65,130.0,0,3,3,342,0,2.0,2.0,0.0,65,1.039,79515,171,0.2428,465,0.0,462,0.0,0
qb_sqrt_n18,qasmbench,arithmetic,control,ccz,commuting_pace8,A_200_0.5,A,200,0.5,constrained,465,462,0,65,130.0,0,3,3,342,0,2.0,2.0,0.0,65,1.039,79515,171,0.2428,465,0.0,462,0.0,0
qb_sqrt_n18,qasmbench,arithmetic,control,ccz,conventional,A_200_0.5,A,200,0.5,constrained,465,462,0,65,130.0,0,3,3,342,0,2.0,2.0,0.0,65,1.039,79515,171,0.2428,465,0.0,462,0.0,0
qb_sqrt_n18,qasmbench,arithmetic,control,ccz,conventional_pace4,A_200_0.5,A,200,0.5,constrained,465,462,0,65,130.0,0,3,3,342,0,2.0,2.0,0.0,65,1.039,79515,171,0.2428,465,0.0,462,0.0,0
qb_sqrt_n18,qasmbench,arithmetic,control,ccz,commuting,A_3200_0.5,A,3200,0.5,abundant,462,462,0,65,130.0,0,0,0,5940,1583,2.0,2.0,0.0,65,1.039,1468698,3179,0.0137,462,0.0,462,0.0,0
qb_sqrt_n18,qasmbench,arithmetic,control,ccz,commuting_pace1,A_3200_0.5,A,3200,0.5,abundant,462,462,0,65,130.0,0,0,0,5940,1583,2.0,2.0,0.0,65,1.039,1468698,3179,0.0137,462,0.0,462,0.0,0
qb_sqrt_n18,qasmbench,arithmetic,control,ccz,commuting_pace2,A_3200_0.5,A,3200,0.5,abundant,462,462,0,65,130.0,0,0,0,5940,1583,2.0,2.0,0.0,65,1.039,1468698,3179,0.0137,462,0.0,462,0.0,0
qb_sqrt_n18,qasmbench,arithmetic,control,ccz,commuting_pace4,A_3200_0.5,A,3200,0.5,abundant,462,462,0,65,130.0,0,0,0,5940,1583,2.0,2.0,0.0,65,1.039,1468698,3179,0.0137,462,0.0,462,0.0,0
qb_sqrt_n18,qasmbench,arithmetic,control,ccz,commuting_pace8,A_3200_0.5,A,3200,0.5,abundant,462,462,0,65,130.0,0,0,0,5940,1583,2.0,2.0,0.0,65,1.039,1468698,3179,0.0137,462,0.0,462,0.0,0
qb_sqrt_n18,qasmbench,arithmetic,control,ccz,conventional,A_3200_0.5,A,3200,0.5,abundant,462,462,0,65,130.0,0,0,0,5940,1583,2.0,2.0,0.0,65,1.039,1468698,3179,0.0137,462,0.0,462,0.0,0
qb_sqrt_n18,qasmbench,arithmetic,control,ccz,conventional_pace4,A_3200_0.5,A,3200,0.5,abundant,462,462,0,65,130.0,0,0,0,5940,1583,2.0,2.0,0.0,65,1.039,1468698,3179,0.0137,462,0.0,462,0.0,0
qb_sqrt_n18,qasmbench,arithmetic,control,ccz,commuting,A_400_0.25,A,400,0.25,constrained,465,462,0,65,130.0,0,3,3,1088,0,2.0,2.0,0.0,65,1.039,171585,369,0.1003,465,0.0,462,0.0,0
qb_sqrt_n18,qasmbench,arithmetic,control,ccz,commuting_pace1,A_400_0.25,A,400,0.25,constrained,465,462,0,65,130.0,0,3,3,1088,0,2.0,2.0,0.0,65,1.039,171585,369,0.1003,465,0.0,462,0.0,0
qb_sqrt_n18,qasmbench,arithmetic,control,ccz,commuting_pace2,A_400_0.25,A,400,0.25,constrained,465,462,0,65,130.0,0,3,3,1088,0,2.0,2.0,0.0,65,1.039,171585,369,0.1003,465,0.0,462,0.0,0
qb_sqrt_n18,qasmbench,arithmetic,control,ccz,commuting_pace4,A_400_0.25,A,400,0.25,constrained,465,462,0,65,130.0,0,3,3,1088,0,2.0,2.0,0.0,65,1.039,171585,369,0.1003,465,0.0,462,0.0,0
qb_sqrt_n18,qasmbench,arithmetic,control,ccz,commuting_pace8,A_400_0.25,A,400,0.25,constrained,465,462,0,65,130.0,0,3,3,1088,0,2.0,2.0,0.0,65,1.039,171585,369,0.1003,465,0.0,462,0.0,0
qb_sqrt_n18,qasmbench,arithmetic,control,ccz,conventional,A_400_0.25,A,400,0.25,constrained,465,462,0,65,130.0,0,3,3,1088,0,2.0,2.0,0.0,65,1.039,171585,369,0.1003,465,0.0,462,0.0,0
qb_sqrt_n18,qasmbench,arithmetic,control,ccz,conventional_pace4,A_400_0.25,A,400,0.25,constrained,465,462,0,65,130.0,0,3,3,1088,0,2.0,2.0,0.0,65,1.039,171585,369,0.1003,465,0.0,462,0.0,0
qb_sqrt_n18,qasmbench,arithmetic,control,ccz,commuting,A_400_0.5,A,400,0.5,constrained,462,462,0,65,130.0,0,0,0,710,132,2.0,2.0,0.0,65,1.039,191268,414,0.1067,462,0.0,462,0.0,0
qb_sqrt_n18,qasmbench,arithmetic,control,ccz,commuting_pace1,A_400_0.5,A,400,0.5,constrained,462,462,0,65,130.0,0,0,0,710,132,2.0,2.0,0.0,65,1.039,191268,414,0.1067,462,0.0,462,0.0,0
qb_sqrt_n18,qasmbench,arithmetic,control,ccz,commuting_pace2,A_400_0.5,A,400,0.5,constrained,462,462,0,65,130.0,0,0,0,710,132,2.0,2.0,0.0,65,1.039,191268,414,0.1067,462,0.0,462,0.0,0
qb_sqrt_n18,qasmbench,arithmetic,control,ccz,commuting_pace4,A_400_0.5,A,400,0.5,constrained,462,462,0,65,130.0,0,0,0,710,132,2.0,2.0,0.0,65,1.039,191268,414,0.1067,462,0.0,462,0.0,0
qb_sqrt_n18,qasmbench,arithmetic,control,ccz,commuting_pace8,A_400_0.5,A,400,0.5,constrained,462,462,0,65,130.0,0,0,0,710,132,2.0,2.0,0.0,65,1.039,191268,414,0.1067,462,0.0,462,0.0,0
qb_sqrt_n18,qasmbench,arithmetic,control,ccz,conventional,A_400_0.5,A,400,0.5,constrained,462,462,0,65,130.0,0,0,0,710,132,2.0,2.0,0.0,65,1.039,191268,414,0.1067,462,0.0,462,0.0,0
qb_sqrt_n18,qasmbench,arithmetic,control,ccz,conventional_pace4,A_400_0.5,A,400,0.5,constrained,462,462,0,65,130.0,0,0,0,710,132,2.0,2.0,0.0,65,1.039,191268,414,0.1067,462,0.0,462,0.0,0
qb_sqrt_n18,qasmbench,arithmetic,control,ccz,commuting,A_400_0.75,A,400,0.75,constrained,462,462,0,65,130.0,0,0,0,339,209,2.0,2.0,0.0,65,1.039,178794,387,0.1308,462,0.0,462,0.0,0
qb_sqrt_n18,qasmbench,arithmetic,control,ccz,commuting_pace1,A_400_0.75,A,400,0.75,constrained,462,462,0,65,130.0,0,0,0,339,209,2.0,2.0,0.0,65,1.039,178794,387,0.1308,462,0.0,462,0.0,0
qb_sqrt_n18,qasmbench,arithmetic,control,ccz,commuting_pace2,A_400_0.75,A,400,0.75,constrained,462,462,0,65,130.0,0,0,0,339,209,2.0,2.0,0.0,65,1.039,178794,387,0.1308,462,0.0,462,0.0,0
qb_sqrt_n18,qasmbench,arithmetic,control,ccz,commuting_pace4,A_400_0.75,A,400,0.75,constrained,462,462,0,65,130.0,0,0,0,339,209,2.0,2.0,0.0,65,1.039,178794,387,0.1308,462,0.0,462,0.0,0
qb_sqrt_n18,qasmbench,arithmetic,control,ccz,commuting_pace8,A_400_0.75,A,400,0.75,constrained,462,462,0,65,130.0,0,0,0,339,209,2.0,2.0,0.0,65,1.039,178794,387,0.1308,462,0.0,462,0.0,0
qb_sqrt_n18,qasmbench,arithmetic,control,ccz,conventional,A_400_0.75,A,400,0.75,constrained,462,462,0,65,130.0,0,0,0,339,209,2.0,2.0,0.0,65,1.039,178794,387,0.1308,462,0.0,462,0.0,0
qb_sqrt_n18,qasmbench,arithmetic,control,ccz,conventional_pace4,A_400_0.75,A,400,0.75,constrained,462,462,0,65,130.0,0,0,0,339,209,2.0,2.0,0.0,65,1.039,178794,387,0.1308,462,0.0,462,0.0,0
qb_sqrt_n18,qasmbench,arithmetic,control,ccz,commuting,A_800_0.5,A,800,0.5,moderate,462,462,0,65,130.0,0,0,0,1451,361,2.0,2.0,0.0,65,1.039,382536,828,0.0534,462,0.0,462,0.0,0
qb_sqrt_n18,qasmbench,arithmetic,control,ccz,commuting_pace1,A_800_0.5,A,800,0.5,moderate,462,462,0,65,130.0,0,0,0,1451,361,2.0,2.0,0.0,65,1.039,382536,828,0.0534,462,0.0,462,0.0,0
qb_sqrt_n18,qasmbench,arithmetic,control,ccz,commuting_pace2,A_800_0.5,A,800,0.5,moderate,462,462,0,65,130.0,0,0,0,1451,361,2.0,2.0,0.0,65,1.039,382536,828,0.0534,462,0.0,462,0.0,0
qb_sqrt_n18,qasmbench,arithmetic,control,ccz,commuting_pace4,A_800_0.5,A,800,0.5,moderate,462,462,0,65,130.0,0,0,0,1451,361,2.0,2.0,0.0,65,1.039,382536,828,0.0534,462,0.0,462,0.0,0
qb_sqrt_n18,qasmbench,arithmetic,control,ccz,commuting_pace8,A_800_0.5,A,800,0.5,moderate,462,462,0,65,130.0,0,0,0,1451,361,2.0,2.0,0.0,65,1.039,382536,828,0.0534,462,0.0,462,0.0,0
qb_sqrt_n18,qasmbench,arithmetic,control,ccz,conventional,A_800_0.5,A,800,0.5,moderate,462,462,0,65,130.0,0,0,0,1451,361,2.0,2.0,0.0,65,1.039,382536,828,0.0534,462,0.0,462,0.0,0
qb_sqrt_n18,qasmbench,arithmetic,control,ccz,conventional_pace4,A_800_0.5,A,800,0.5,moderate,462,462,0,65,130.0,0,0,0,1451,361,2.0,2.0,0.0,65,1.039,382536,828,0.0534,462,0.0,462,0.0,0
qb_sqrt_n18,qasmbench,arithmetic,control,ccz,commuting,B_400_0.5,B,400,0.5,constrained,464,462,0,65,130.0,0,2,2,0,0,2.0,2.0,0.0,65,1.039,179104,386,0.1445,464,0.0,462,0.0,0
qb_sqrt_n18,qasmbench,arithmetic,control,ccz,commuting_pace1,B_400_0.5,B,400,0.5,constrained,464,462,0,65,130.0,0,2,2,0,0,2.0,2.0,0.0,65,1.039,179104,386,0.1445,464,0.0,462,0.0,0
qb_sqrt_n18,qasmbench,arithmetic,control,ccz,commuting_pace2,B_400_0.5,B,400,0.5,constrained,464,462,0,65,130.0,0,2,2,0,0,2.0,2.0,0.0,65,1.039,179104,386,0.1445,464,0.0,462,0.0,0
qb_sqrt_n18,qasmbench,arithmetic,control,ccz,commuting_pace4,B_400_0.5,B,400,0.5,constrained,464,462,0,65,130.0,0,2,2,0,0,2.0,2.0,0.0,65,1.039,179104,386,0.1445,464,0.0,462,0.0,0
qb_sqrt_n18,qasmbench,arithmetic,control,ccz,commuting_pace8,B_400_0.5,B,400,0.5,constrained,464,462,0,65,130.0,0,2,2,0,0,2.0,2.0,0.0,65,1.039,179104,386,0.1445,464,0.0,462,0.0,0
qb_sqrt_n18,qasmbench,arithmetic,control,ccz,conventional,B_400_0.5,B,400,0.5,constrained,464,462,0,65,130.0,0,2,2,0,0,2.0,2.0,0.0,65,1.039,179104,386,0.1445,464,0.0,462,0.0,0
qb_sqrt_n18,qasmbench,arithmetic,control,ccz,conventional_pace4,B_400_0.5,B,400,0.5,constrained,464,462,0,65,130.0,0,2,2,0,0,2.0,2.0,0.0,65,1.039,179104,386,0.1445,464,0.0,462,0.0,0
qb_sqrt_n18,qasmbench,arithmetic,control,ccz,commuting,C_400_0.5,C,400,0.5,constrained,464,462,0,65,130.0,0,2,2,0,0,2.0,2.0,0.0,65,1.039,182816,394,0.1445,464,0.0,462,0.0,0
qb_sqrt_n18,qasmbench,arithmetic,control,ccz,commuting_pace1,C_400_0.5,C,400,0.5,constrained,464,462,0,65,130.0,0,2,2,0,0,2.0,2.0,0.0,65,1.039,182816,394,0.1445,464,0.0,462,0.0,0
qb_sqrt_n18,qasmbench,arithmetic,control,ccz,commuting_pace2,C_400_0.5,C,400,0.5,constrained,464,462,0,65,130.0,0,2,2,0,0,2.0,2.0,0.0,65,1.039,182816,394,0.1445,464,0.0,462,0.0,0
qb_sqrt_n18,qasmbench,arithmetic,control,ccz,commuting_pace4,C_400_0.5,C,400,0.5,constrained,464,462,0,65,130.0,0,2,2,0,0,2.0,2.0,0.0,65,1.039,182816,394,0.1445,464,0.0,462,0.0,0
qb_sqrt_n18,qasmbench,arithmetic,control,ccz,commuting_pace8,C_400_0.5,C,400,0.5,constrained,464,462,0,65,130.0,0,2,2,0,0,2.0,2.0,0.0,65,1.039,182816,394,0.1445,464,0.0,462,0.0,0
qb_sqrt_n18,qasmbench,arithmetic,control,ccz,conventional,C_400_0.5,C,400,0.5,constrained,464,462,0,65,130.0,0,2,2,0,0,2.0,2.0,0.0,65,1.039,182816,394,0.1445,464,0.0,462,0.0,0
qb_sqrt_n18,qasmbench,arithmetic,control,ccz,conventional_pace4,C_400_0.5,C,400,0.5,constrained,464,462,0,65,130.0,0,2,2,0,0,2.0,2.0,0.0,65,1.039,182816,394,0.1445,464,0.0,462,0.0,0
qb_sqrt_n18,qasmbench,arithmetic,control,t,commuting,A_200_0.5,A,200,0.5,constrained,597,592,260,0,260.0,5,0,5,190,67,4.0,4.0,0.0,65,0.811,102087,171,0.3782,597,0.0,592,0.0,0
qb_sqrt_n18,qasmbench,arithmetic,control,t,commuting_pace1,A_200_0.5,A,200,0.5,constrained,597,592,260,0,260.0,5,0,5,190,67,4.0,4.0,0.0,65,0.811,102087,171,0.3782,597,0.0,592,0.0,0
qb_sqrt_n18,qasmbench,arithmetic,control,t,commuting_pace2,A_200_0.5,A,200,0.5,constrained,597,592,260,0,260.0,5,0,5,190,67,4.0,4.0,0.0,65,0.811,102087,171,0.3782,597,0.0,592,0.0,0
qb_sqrt_n18,qasmbench,arithmetic,control,t,commuting_pace4,A_200_0.5,A,200,0.5,constrained,597,592,260,0,260.0,5,0,5,190,67,4.0,4.0,0.0,65,0.811,102087,171,0.3782,597,0.0,592,0.0,0
qb_sqrt_n18,qasmbench,arithmetic,control,t,commuting_pace8,A_200_0.5,A,200,0.5,constrained,597,592,260,0,260.0,5,0,5,190,67,4.0,4.0,0.0,65,0.811,102087,171,0.3782,597,0.0,592,0.0,0
qb_sqrt_n18,qasmbench,arithmetic,control,t,conventional,A_200_0.5,A,200,0.5,constrained,597,592,260,0,260.0,5,0,5,190,67,4.0,4.0,0.0,65,0.811,102087,171,0.3782,597,0.0,592,0.0,0
qb_sqrt_n18,qasmbench,arithmetic,control,t,conventional_pace4,A_200_0.5,A,200,0.5,constrained,597,592,260,0,260.0,5,0,5,190,67,4.0,4.0,0.0,65,0.811,102087,171,0.3782,597,0.0,592,0.0,0
qb_sqrt_n18,qasmbench,arithmetic,control,t,commuting,A_3200_0.5,A,3200,0.5,abundant,596,592,260,0,260.0,4,0,4,7446,2139,4.0,4.0,0.0,65,0.811,1894684,3179,0.0213,596,0.0,592,0.0,0
qb_sqrt_n18,qasmbench,arithmetic,control,t,commuting_pace1,A_3200_0.5,A,3200,0.5,abundant,596,592,260,0,260.0,4,0,4,7446,2139,4.0,4.0,0.0,65,0.811,1894684,3179,0.0213,596,0.0,592,0.0,0
qb_sqrt_n18,qasmbench,arithmetic,control,t,commuting_pace2,A_3200_0.5,A,3200,0.5,abundant,596,592,260,0,260.0,4,0,4,7446,2139,4.0,4.0,0.0,65,0.811,1894684,3179,0.0213,596,0.0,592,0.0,0
qb_sqrt_n18,qasmbench,arithmetic,control,t,commuting_pace4,A_3200_0.5,A,3200,0.5,abundant,596,592,260,0,260.0,4,0,4,7446,2139,4.0,4.0,0.0,65,0.811,1894684,3179,0.0213,596,0.0,592,0.0,0
qb_sqrt_n18,qasmbench,arithmetic,control,t,commuting_pace8,A_3200_0.5,A,3200,0.5,abundant,596,592,260,0,260.0,4,0,4,7446,2139,4.0,4.0,0.0,65,0.811,1894684,3179,0.0213,596,0.0,592,0.0,0
qb_sqrt_n18,qasmbench,arithmetic,control,t,conventional,A_3200_0.5,A,3200,0.5,abundant,596,592,260,0,260.0,4,0,4,7446,2139,4.0,4.0,0.0,65,0.811,1894684,3179,0.0213,596,0.0,592,0.0,0
qb_sqrt_n18,qasmbench,arithmetic,control,t,conventional_pace4,A_3200_0.5,A,3200,0.5,abundant,596,592,260,0,260.0,4,0,4,7446,2139,4.0,4.0,0.0,65,0.811,1894684,3179,0.0213,596,0.0,592,0.0,0
qb_sqrt_n18,qasmbench,arithmetic,control,t,commuting,A_400_0.25,A,400,0.25,constrained,596,592,260,0,260.0,4,0,4,1149,67,4.0,4.0,0.0,65,0.811,219924,369,0.1565,596,0.0,592,0.0,0
qb_sqrt_n18,qasmbench,arithmetic,control,t,commuting_pace1,A_400_0.25,A,400,0.25,constrained,596,592,260,0,260.0,4,0,4,1149,67,4.0,4.0,0.0,65,0.811,219924,369,0.1565,596,0.0,592,0.0,0
qb_sqrt_n18,qasmbench,arithmetic,control,t,commuting_pace2,A_400_0.25,A,400,0.25,constrained,596,592,260,0,260.0,4,0,4,1149,67,4.0,4.0,0.0,65,0.811,219924,369,0.1565,596,0.0,592,0.0,0
qb_sqrt_n18,qasmbench,arithmetic,control,t,commuting_pace4,A_400_0.25,A,400,0.25,constrained,596,592,260,0,260.0,4,0,4,1149,67,4.0,4.0,0.0,65,0.811,219924,369,0.1565,596,0.0,592,0.0,0
qb_sqrt_n18,qasmbench,arithmetic,control,t,commuting_pace8,A_400_0.25,A,400,0.25,constrained,596,592,260,0,260.0,4,0,4,1149,67,4.0,4.0,0.0,65,0.811,219924,369,0.1565,596,0.0,592,0.0,0
qb_sqrt_n18,qasmbench,arithmetic,control,t,conventional,A_400_0.25,A,400,0.25,constrained,596,592,260,0,260.0,4,0,4,1149,67,4.0,4.0,0.0,65,0.811,219924,369,0.1565,596,0.0,592,0.0,0
qb_sqrt_n18,qasmbench,arithmetic,control,t,conventional_pace4,A_400_0.25,A,400,0.25,constrained,596,592,260,0,260.0,4,0,4,1149,67,4.0,4.0,0.0,65,0.811,219924,369,0.1565,596,0.0,592,0.0,0
qb_sqrt_n18,qasmbench,arithmetic,control,t,commuting,A_400_0.5,A,400,0.5,constrained,596,592,260,0,260.0,4,0,4,669,264,4.0,4.0,0.0,65,0.811,246744,414,0.1655,596,0.0,592,0.0,0
qb_sqrt_n18,qasmbench,arithmetic,control,t,commuting_pace1,A_400_0.5,A,400,0.5,constrained,596,592,260,0,260.0,4,0,4,669,264,4.0,4.0,0.0,65,0.811,246744,414,0.1655,596,0.0,592,0.0,0
qb_sqrt_n18,qasmbench,arithmetic,control,t,commuting_pace2,A_400_0.5,A,400,0.5,constrained,596,592,260,0,260.0,4,0,4,669,264,4.0,4.0,0.0,65,0.811,246744,414,0.1655,596,0.0,592,0.0,0
qb_sqrt_n18,qasmbench,arithmetic,control,t,commuting_pace4,A_400_0.5,A,400,0.5,constrained,596,592,260,0,260.0,4,0,4,669,264,4.0,4.0,0.0,65,0.811,246744,414,0.1655,596,0.0,592,0.0,0
qb_sqrt_n18,qasmbench,arithmetic,control,t,commuting_pace8,A_400_0.5,A,400,0.5,constrained,596,592,260,0,260.0,4,0,4,669,264,4.0,4.0,0.0,65,0.811,246744,414,0.1655,596,0.0,592,0.0,0
qb_sqrt_n18,qasmbench,arithmetic,control,t,conventional,A_400_0.5,A,400,0.5,constrained,596,592,260,0,260.0,4,0,4,669,264,4.0,4.0,0.0,65,0.811,246744,414,0.1655,596,0.0,592,0.0,0
qb_sqrt_n18,qasmbench,arithmetic,control,t,conventional_pace4,A_400_0.5,A,400,0.5,constrained,596,592,260,0,260.0,4,0,4,669,264,4.0,4.0,0.0,65,0.811,246744,414,0.1655,596,0.0,592,0.0,0
qb_sqrt_n18,qasmbench,arithmetic,control,t,commuting,A_400_0.75,A,400,0.75,constrained,597,592,260,0,260.0,5,0,5,190,364,4.0,4.0,0.0,65,0.811,231039,387,0.2024,597,0.0,592,0.0,0
qb_sqrt_n18,qasmbench,arithmetic,control,t,commuting_pace1,A_400_0.75,A,400,0.75,constrained,597,592,260,0,260.0,5,0,5,190,364,4.0,4.0,0.0,65,0.811,231039,387,0.2024,597,0.0,592,0.0,0
qb_sqrt_n18,qasmbench,arithmetic,control,t,commuting_pace2,A_400_0.75,A,400,0.75,constrained,597,592,260,0,260.0,5,0,5,190,364,4.0,4.0,0.0,65,0.811,231039,387,0.2024,597,0.0,592,0.0,0
qb_sqrt_n18,qasmbench,arithmetic,control,t,commuting_pace4,A_400_0.75,A,400,0.75,constrained,597,592,260,0,260.0,5,0,5,190,364,4.0,4.0,0.0,65,0.811,231039,387,0.2024,597,0.0,592,0.0,0
qb_sqrt_n18,qasmbench,arithmetic,control,t,commuting_pace8,A_400_0.75,A,400,0.75,constrained,597,592,260,0,260.0,5,0,5,190,364,4.0,4.0,0.0,65,0.811,231039,387,0.2024,597,0.0,592,0.0,0
qb_sqrt_n18,qasmbench,arithmetic,control,t,conventional,A_400_0.75,A,400,0.75,constrained,597,592,260,0,260.0,5,0,5,190,364,4.0,4.0,0.0,65,0.811,231039,387,0.2024,597,0.0,592,0.0,0
qb_sqrt_n18,qasmbench,arithmetic,control,t,conventional_pace4,A_400_0.75,A,400,0.75,constrained,597,592,260,0,260.0,5,0,5,190,364,4.0,4.0,0.0,65,0.811,231039,387,0.2024,597,0.0,592,0.0,0
qb_sqrt_n18,qasmbench,arithmetic,control,t,commuting,A_800_0.5,A,800,0.5,moderate,596,592,260,0,260.0,4,0,4,1630,560,4.0,4.0,0.0,65,0.811,493488,828,0.0827,596,0.0,592,0.0,0
qb_sqrt_n18,qasmbench,arithmetic,control,t,commuting_pace1,A_800_0.5,A,800,0.5,moderate,596,592,260,0,260.0,4,0,4,1630,560,4.0,4.0,0.0,65,0.811,493488,828,0.0827,596,0.0,592,0.0,0
qb_sqrt_n18,qasmbench,arithmetic,control,t,commuting_pace2,A_800_0.5,A,800,0.5,moderate,596,592,260,0,260.0,4,0,4,1630,560,4.0,4.0,0.0,65,0.811,493488,828,0.0827,596,0.0,592,0.0,0
qb_sqrt_n18,qasmbench,arithmetic,control,t,commuting_pace4,A_800_0.5,A,800,0.5,moderate,596,592,260,0,260.0,4,0,4,1630,560,4.0,4.0,0.0,65,0.811,493488,828,0.0827,596,0.0,592,0.0,0
qb_sqrt_n18,qasmbench,arithmetic,control,t,commuting_pace8,A_800_0.5,A,800,0.5,moderate,596,592,260,0,260.0,4,0,4,1630,560,4.0,4.0,0.0,65,0.811,493488,828,0.0827,596,0.0,592,0.0,0
qb_sqrt_n18,qasmbench,arithmetic,control,t,conventional,A_800_0.5,A,800,0.5,moderate,596,592,260,0,260.0,4,0,4,1630,560,4.0,4.0,0.0,65,0.811,493488,828,0.0827,596,0.0,592,0.0,0
qb_sqrt_n18,qasmbench,arithmetic,control,t,conventional_pace4,A_800_0.5,A,800,0.5,moderate,596,592,260,0,260.0,4,0,4,1630,560,4.0,4.0,0.0,65,0.811,493488,828,0.0827,596,0.0,592,0.0,0
qb_sqrt_n18,qasmbench,arithmetic,control,t,commuting,B_400_0.5,B,400,0.5,constrained,600,592,260,0,260.0,8,0,8,0,0,4.0,4.0,0.0,65,0.811,231600,386,0.2234,600,0.0,592,0.0,0
qb_sqrt_n18,qasmbench,arithmetic,control,t,commuting_pace1,B_400_0.5,B,400,0.5,constrained,600,592,260,0,260.0,8,0,8,0,0,4.0,4.0,0.0,65,0.811,231600,386,0.2234,600,0.0,592,0.0,0
qb_sqrt_n18,qasmbench,arithmetic,control,t,commuting_pace2,B_400_0.5,B,400,0.5,constrained,600,592,260,0,260.0,8,0,8,0,0,4.0,4.0,0.0,65,0.811,231600,386,0.2234,600,0.0,592,0.0,0
qb_sqrt_n18,qasmbench,arithmetic,control,t,commuting_pace4,B_400_0.5,B,400,0.5,constrained,600,592,260,0,260.0,8,0,8,0,0,4.0,4.0,0.0,65,0.811,231600,386,0.2234,600,0.0,592,0.0,0
qb_sqrt_n18,qasmbench,arithmetic,control,t,commuting_pace8,B_400_0.5,B,400,0.5,constrained,600,592,260,0,260.0,8,0,8,0,0,4.0,4.0,0.0,65,0.811,231600,386,0.2234,600,0.0,592,0.0,0
qb_sqrt_n18,qasmbench,arithmetic,control,t,conventional,B_400_0.5,B,400,0.5,constrained,600,592,260,0,260.0,8,0,8,0,0,4.0,4.0,0.0,65,0.811,231600,386,0.2234,600,0.0,592,0.0,0
qb_sqrt_n18,qasmbench,arithmetic,control,t,conventional_pace4,B_400_0.5,B,400,0.5,constrained,600,592,260,0,260.0,8,0,8,0,0,4.0,4.0,0.0,65,0.811,231600,386,0.2234,600,0.0,592,0.0,0
qb_sqrt_n18,qasmbench,arithmetic,control,t,commuting,C_400_0.5,C,400,0.5,constrained,596,592,260,0,260.0,4,0,4,0,0,4.0,4.0,0.0,65,0.811,234824,394,0.2249,596,0.0,592,0.0,0
qb_sqrt_n18,qasmbench,arithmetic,control,t,commuting_pace1,C_400_0.5,C,400,0.5,constrained,596,592,260,0,260.0,4,0,4,0,0,4.0,4.0,0.0,65,0.811,234824,394,0.2249,596,0.0,592,0.0,0
qb_sqrt_n18,qasmbench,arithmetic,control,t,commuting_pace2,C_400_0.5,C,400,0.5,constrained,596,592,260,0,260.0,4,0,4,0,0,4.0,4.0,0.0,65,0.811,234824,394,0.2249,596,0.0,592,0.0,0
qb_sqrt_n18,qasmbench,arithmetic,control,t,commuting_pace4,C_400_0.5,C,400,0.5,constrained,596,592,260,0,260.0,4,0,4,0,0,4.0,4.0,0.0,65,0.811,234824,394,0.2249,596,0.0,592,0.0,0
qb_sqrt_n18,qasmbench,arithmetic,control,t,commuting_pace8,C_400_0.5,C,400,0.5,constrained,596,592,260,0,260.0,4,0,4,0,0,4.0,4.0,0.0,65,0.811,234824,394,0.2249,596,0.0,592,0.0,0
qb_sqrt_n18,qasmbench,arithmetic,control,t,conventional,C_400_0.5,C,400,0.5,constrained,596,592,260,0,260.0,4,0,4,0,0,4.0,4.0,0.0,65,0.811,234824,394,0.2249,596,0.0,592,0.0,0
qb_sqrt_n18,qasmbench,arithmetic,control,t,conventional_pace4,C_400_0.5,C,400,0.5,constrained,596,592,260,0,260.0,4,0,4,0,0,4.0,4.0,0.0,65,0.811,234824,394,0.2249,596,0.0,592,0.0,0
qmpa_draper16,qmpa,parallel_adder,control,ccz,commuting,A_200_0.5,A,200,0.5,constrained,99,8,0,16,32.0,0,93,93,42,0,32.0,32.0,0.0,1,7.75,16929,171,0.2807,99,0.0,8,0.0,1
qmpa_draper16,qmpa,parallel_adder,control,ccz,commuting_pace1,A_200_0.5,A,200,0.5,constrained,101,83,0,16,32.0,0,18,18,44,0,2.0,2.0,0.0,16,0.747,17271,171,0.2751,99,-0.0202,8,-9.375,1
qmpa_draper16,qmpa,parallel_adder,control,ccz,commuting_pace2,A_200_0.5,A,200,0.5,constrained,101,43,0,16,32.0,0,93,93,44,0,4.0,4.0,0.0,8,1.442,17271,171,0.2751,99,-0.0202,8,-4.375,1
qmpa_draper16,qmpa,parallel_adder,control,ccz,commuting_pace4,A_200_0.5,A,200,0.5,constrained,101,23,0,16,32.0,0,93,93,44,0,8.0,8.0,0.0,4,2.696,17271,171,0.2751,99,-0.0202,8,-1.875,1
qmpa_draper16,qmpa,parallel_adder,control,ccz,commuting_pace8,A_200_0.5,A,200,0.5,constrained,101,13,0,16,32.0,0,93,93,44,0,16.0,16.0,0.0,2,4.769,17271,171,0.2751,99,-0.0202,8,-0.625,1
qmpa_draper16,qmpa,parallel_adder,control,ccz,conventional,A_200_0.5,A,200,0.5,constrained,99,8,0,16,32.0,0,93,93,42,0,32.0,32.0,0.0,1,7.75,16929,171,0.2807,99,0.0,8,0.0,1
qmpa_draper16,qmpa,parallel_adder,control,ccz,conventional_pace4,A_200_0.5,A,200,0.5,constrained,101,23,0,16,32.0,0,93,93,44,0,8.0,8.0,0.0,4,2.696,17271,171,0.2751,99,-0.0202,8,-1.875,1
qmpa_draper16,qmpa,parallel_adder,control,ccz,commuting,A_3200_0.5,A,3200,0.5,abundant,14,8,0,16,32.0,0,7,7,34,0,32.0,32.0,0.0,1,7.75,44506,3179,0.1114,14,0.0,8,0.0,1
qmpa_draper16,qmpa,parallel_adder,control,ccz,commuting_pace1,A_3200_0.5,A,3200,0.5,abundant,86,83,0,16,32.0,0,3,3,983,253,2.0,2.0,0.0,16,0.747,273394,3179,0.0181,14,-5.1429,8,-9.375,0
qmpa_draper16,qmpa,parallel_adder,control,ccz,commuting_pace2,A_3200_0.5,A,3200,0.5,abundant,46,43,0,16,32.0,0,3,3,456,106,4.0,4.0,0.0,8,1.442,146234,3179,0.0339,14,-2.2857,8,-4.375,0
qmpa_draper16,qmpa,parallel_adder,control,ccz,commuting_pace4,A_3200_0.5,A,3200,0.5,abundant,26,23,0,16,32.0,0,3,3,193,33,8.0,8.0,0.0,4,2.696,82654,3179,0.06,14,-0.8571,8,-1.875,1
qmpa_draper16,qmpa,parallel_adder,control,ccz,commuting_pace8,A_3200_0.5,A,3200,0.5,abundant,17,13,0,16,32.0,0,4,4,74,0,16.0,16.0,0.0,2,4.769,54043,3179,0.0918,14,-0.2143,8,-0.625,1
qmpa_draper16,qmpa,parallel_adder,control,ccz,conventional,A_3200_0.5,A,3200,0.5,abundant,14,8,0,16,32.0,0,7,7,34,0,32.0,32.0,0.0,1,7.75,44506,3179,0.1114,14,0.0,8,0.0,1
qmpa_draper16,qmpa,parallel_adder,control,ccz,conventional_pace4,A_3200_0.5,A,3200,0.5,abundant,26,23,0,16,32.0,0,3,3,193,33,8.0,8.0,0.0,4,2.696,82654,3179,0.06,14,-0.8571,8,-1.875,1
qmpa_draper16,qmpa,parallel_adder,control,ccz,commuting,A_400_0.25,A,400,0.25,constrained,99,8,0,16,32.0,0,93,93,189,0,32.0,32.0,0.0,1,7.75,36531,369,0.1159,99,0.0,8,0.0,1
qmpa_draper16,qmpa,parallel_adder,control,ccz,commuting_pace1,A_400_0.25,A,400,0.25,constrained,101,83,0,16,32.0,0,18,18,194,0,2.0,2.0,0.0,16,0.747,37269,369,0.1136,99,-0.0202,8,-9.375,1
qmpa_draper16,qmpa,parallel_adder,control,ccz,commuting_pace2,A_400_0.25,A,400,0.25,constrained,101,43,0,16,32.0,0,93,93,194,0,4.0,4.0,0.0,8,1.442,37269,369,0.1136,99,-0.0202,8,-4.375,1
qmpa_draper16,qmpa,parallel_adder,control,ccz,commuting_pace4,A_400_0.25,A,400,0.25,constrained,101,23,0,16,32.0,0,93,93,194,0,8.0,8.0,0.0,4,2.696,37269,369,0.1136,99,-0.0202,8,-1.875,1
qmpa_draper16,qmpa,parallel_adder,control,ccz,commuting_pace8,A_400_0.25,A,400,0.25,constrained,101,13,0,16,32.0,0,93,93,194,0,16.0,16.0,0.0,2,4.769,37269,369,0.1136,99,-0.0202,8,-0.625,1
qmpa_draper16,qmpa,parallel_adder,control,ccz,conventional,A_400_0.25,A,400,0.25,constrained,99,8,0,16,32.0,0,93,93,189,0,32.0,32.0,0.0,1,7.75,36531,369,0.1159,99,0.0,8,0.0,1
qmpa_draper16,qmpa,parallel_adder,control,ccz,conventional_pace4,A_400_0.25,A,400,0.25,constrained,101,23,0,16,32.0,0,93,93,194,0,8.0,8.0,0.0,4,2.696,37269,369,0.1136,99,-0.0202,8,-1.875,1
qmpa_draper16,qmpa,parallel_adder,control,ccz,commuting,A_400_0.5,A,400,0.5,constrained,39,8,0,16,32.0,0,33,33,18,0,32.0,32.0,0.0,1,7.75,16146,414,0.3112,39,0.0,8,0.0,1
qmpa_draper16,qmpa,parallel_adder,control,ccz,commuting_pace1,A_400_0.5,A,400,0.5,constrained,86,83,0,16,32.0,0,3,3,94,0,2.0,2.0,0.0,16,0.747,35604,414,0.1411,39,-1.2051,8,-9.375,0
qmpa_draper16,qmpa,parallel_adder,control,ccz,commuting_pace2,A_400_0.5,A,400,0.5,constrained,48,43,0,16,32.0,0,5,5,32,0,4.0,4.0,0.0,8,1.442,19872,414,0.2529,39,-0.2308,8,-4.375,1
qmpa_draper16,qmpa,parallel_adder,control,ccz,commuting_pace4,A_400_0.5,A,400,0.5,constrained,41,23,0,16,32.0,0,33,33,21,0,8.0,8.0,0.0,4,2.696,16974,414,0.296,39,-0.0513,8,-1.875,1
qmpa_draper16,qmpa,parallel_adder,control,ccz,commuting_pace8,A_400_0.5,A,400,0.5,constrained,41,13,0,16,32.0,0,33,33,21,0,16.0,16.0,0.0,2,4.769,16974,414,0.296,39,-0.0513,8,-0.625,1
qmpa_draper16,qmpa,parallel_adder,control,ccz,conventional,A_400_0.5,A,400,0.5,constrained,39,8,0,16,32.0,0,33,33,18,0,32.0,32.0,0.0,1,7.75,16146,414,0.3112,39,0.0,8,0.0,1
qmpa_draper16,qmpa,parallel_adder,control,ccz,conventional_pace4,A_400_0.5,A,400,0.5,constrained,41,23,0,16,32.0,0,33,33,21,0,8.0,8.0,0.0,4,2.696,16974,414,0.296,39,-0.0513,8,-1.875,1
qmpa_draper16,qmpa,parallel_adder,control,ccz,commuting,A_400_0.75,A,400,0.75,constrained,32,8,0,16,32.0,0,25,25,0,0,32.0,32.0,0.0,1,7.75,12384,387,0.4648,32,0.0,8,0.0,1
qmpa_draper16,qmpa,parallel_adder,control,ccz,commuting_pace1,A_400_0.75,A,400,0.75,constrained,86,83,0,16,32.0,0,3,3,31,7,2.0,2.0,0.0,16,0.747,33282,387,0.1729,32,-1.6875,8,-9.375,0
qmpa_draper16,qmpa,parallel_adder,control,ccz,commuting_pace2,A_400_0.75,A,400,0.75,constrained,47,43,0,16,32.0,0,4,4,0,0,4.0,4.0,0.0,8,1.442,18189,387,0.3165,32,-0.4688,8,-4.375,0
qmpa_draper16,qmpa,parallel_adder,control,ccz,commuting_pace4,A_400_0.75,A,400,0.75,constrained,33,23,0,16,32.0,0,19,19,0,0,8.0,8.0,0.0,4,2.696,12771,387,0.4507,32,-0.0312,8,-1.875,1
qmpa_draper16,qmpa,parallel_adder,control,ccz,commuting_pace8,A_400_0.75,A,400,0.75,constrained,33,13,0,16,32.0,0,25,25,0,0,16.0,16.0,0.0,2,4.769,12771,387,0.4507,32,-0.0312,8,-0.625,1
qmpa_draper16,qmpa,parallel_adder,control,ccz,conventional,A_400_0.75,A,400,0.75,constrained,32,8,0,16,32.0,0,25,25,0,0,32.0,32.0,0.0,1,7.75,12384,387,0.4648,32,0.0,8,0.0,1
qmpa_draper16,qmpa,parallel_adder,control,ccz,conventional_pace4,A_400_0.75,A,400,0.75,constrained,33,23,0,16,32.0,0,19,19,0,0,8.0,8.0,0.0,4,2.696,12771,387,0.4507,32,-0.0312,8,-1.875,1
qmpa_draper16,qmpa,parallel_adder,control,ccz,commuting,A_800_0.5,A,800,0.5,moderate,25,8,0,16,32.0,0,18,18,21,0,32.0,32.0,0.0,1,7.75,20700,828,0.2428,25,0.0,8,0.0,1
qmpa_draper16,qmpa,parallel_adder,control,ccz,commuting_pace1,A_800_0.5,A,800,0.5,moderate,86,83,0,16,32.0,0,3,3,220,34,2.0,2.0,0.0,16,0.747,71208,828,0.0706,25,-2.44,8,-9.375,0
qmpa_draper16,qmpa,parallel_adder,control,ccz,commuting_pace2,A_800_0.5,A,800,0.5,moderate,47,43,0,16,32.0,0,4,4,93,0,4.0,4.0,0.0,8,1.442,38916,828,0.1291,25,-0.88,8,-4.375,0
qmpa_draper16,qmpa,parallel_adder,control,ccz,commuting_pace4,A_800_0.5,A,800,0.5,moderate,29,23,0,16,32.0,0,6,6,34,0,8.0,8.0,0.0,4,2.696,24012,828,0.2093,25,-0.16,8,-1.875,1
qmpa_draper16,qmpa,parallel_adder,control,ccz,commuting_pace8,A_800_0.5,A,800,0.5,moderate,26,13,0,16,32.0,0,18,18,24,0,16.0,16.0,0.0,2,4.769,21528,828,0.2334,25,-0.04,8,-0.625,1
qmpa_draper16,qmpa,parallel_adder,control,ccz,conventional,A_800_0.5,A,800,0.5,moderate,25,8,0,16,32.0,0,18,18,21,0,32.0,32.0,0.0,1,7.75,20700,828,0.2428,25,0.0,8,0.0,1
qmpa_draper16,qmpa,parallel_adder,control,ccz,conventional_pace4,A_800_0.5,A,800,0.5,moderate,29,23,0,16,32.0,0,6,6,34,0,8.0,8.0,0.0,4,2.696,24012,828,0.2093,25,-0.16,8,-1.875,1
qmpa_draper16,qmpa,parallel_adder,control,ccz,commuting,B_400_0.5,B,400,0.5,constrained,56,8,0,16,32.0,0,48,48,0,0,32.0,32.0,0.0,1,7.75,21616,386,0.2946,56,0.0,8,0.0,1
qmpa_draper16,qmpa,parallel_adder,control,ccz,commuting_pace1,B_400_0.5,B,400,0.5,constrained,89,83,0,16,32.0,0,6,6,0,0,2.0,2.0,0.0,16,0.747,34354,386,0.1854,56,-0.5893,8,-9.375,0
qmpa_draper16,qmpa,parallel_adder,control,ccz,commuting_pace2,B_400_0.5,B,400,0.5,constrained,56,43,0,16,32.0,0,13,13,0,0,4.0,4.0,0.0,8,1.442,21616,386,0.2946,56,0.0,8,-4.375,1
qmpa_draper16,qmpa,parallel_adder,control,ccz,commuting_pace4,B_400_0.5,B,400,0.5,constrained,56,23,0,16,32.0,0,48,48,0,0,8.0,8.0,0.0,4,2.696,21616,386,0.2946,56,0.0,8,-1.875,1
qmpa_draper16,qmpa,parallel_adder,control,ccz,commuting_pace8,B_400_0.5,B,400,0.5,constrained,56,13,0,16,32.0,0,48,48,0,0,16.0,16.0,0.0,2,4.769,21616,386,0.2946,56,0.0,8,-0.625,1
qmpa_draper16,qmpa,parallel_adder,control,ccz,conventional,B_400_0.5,B,400,0.5,constrained,56,8,0,16,32.0,0,48,48,0,0,32.0,32.0,0.0,1,7.75,21616,386,0.2946,56,0.0,8,0.0,1
qmpa_draper16,qmpa,parallel_adder,control,ccz,conventional_pace4,B_400_0.5,B,400,0.5,constrained,56,23,0,16,32.0,0,48,48,0,0,8.0,8.0,0.0,4,2.696,21616,386,0.2946,56,0.0,8,-1.875,1
qmpa_draper16,qmpa,parallel_adder,control,ccz,commuting,C_400_0.5,C,400,0.5,constrained,56,8,0,16,32.0,0,49,49,0,0,32.0,32.0,0.0,1,7.75,22064,394,0.2946,56,0.0,8,0.0,1
qmpa_draper16,qmpa,parallel_adder,control,ccz,commuting_pace1,C_400_0.5,C,400,0.5,constrained,89,83,0,16,32.0,0,6,6,0,0,2.0,2.0,0.0,16,0.747,35066,394,0.1854,56,-0.5893,8,-9.375,0
qmpa_draper16,qmpa,parallel_adder,control,ccz,commuting_pace2,C_400_0.5,C,400,0.5,constrained,57,43,0,16,32.0,0,21,21,0,0,4.0,4.0,0.0,8,1.442,22458,394,0.2895,56,-0.0179,8,-4.375,1
qmpa_draper16,qmpa,parallel_adder,control,ccz,commuting_pace4,C_400_0.5,C,400,0.5,constrained,57,23,0,16,32.0,0,49,49,0,0,8.0,8.0,0.0,4,2.696,22458,394,0.2895,56,-0.0179,8,-1.875,1
qmpa_draper16,qmpa,parallel_adder,control,ccz,commuting_pace8,C_400_0.5,C,400,0.5,constrained,57,13,0,16,32.0,0,49,49,0,0,16.0,16.0,0.0,2,4.769,22458,394,0.2895,56,-0.0179,8,-0.625,1
qmpa_draper16,qmpa,parallel_adder,control,ccz,conventional,C_400_0.5,C,400,0.5,constrained,56,8,0,16,32.0,0,49,49,0,0,32.0,32.0,0.0,1,7.75,22064,394,0.2946,56,0.0,8,0.0,1
qmpa_draper16,qmpa,parallel_adder,control,ccz,conventional_pace4,C_400_0.5,C,400,0.5,constrained,57,23,0,16,32.0,0,49,49,0,0,8.0,8.0,0.0,4,2.696,22458,394,0.2895,56,-0.0179,8,-1.875,1
qmpa_draper16,qmpa,parallel_adder,control,t,commuting,A_200_0.5,A,200,0.5,constrained,91,10,64,0,64.0,85,0,85,0,0,64.0,64.0,0.0,1,6.2,15561,171,0.6108,91,0.0,10,0.0,1
qmpa_draper16,qmpa,parallel_adder,control,t,commuting_pace1,A_200_0.5,A,200,0.5,constrained,124,115,64,0,64.0,9,0,9,0,0,4.0,4.0,0.0,16,0.539,21204,171,0.4482,91,-0.3626,10,-10.5,0
qmpa_draper16,qmpa,parallel_adder,control,t,commuting_pace2,A_200_0.5,A,200,0.5,constrained,93,59,64,0,64.0,50,0,50,0,0,8.0,8.0,0.0,8,1.051,15903,171,0.5976,91,-0.022,10,-4.9,1
qmpa_draper16,qmpa,parallel_adder,control,t,commuting_pace4,A_200_0.5,A,200,0.5,constrained,93,31,64,0,64.0,85,0,85,0,0,16.0,16.0,0.0,4,2.0,15903,171,0.5976,91,-0.022,10,-2.1,1
qmpa_draper16,qmpa,parallel_adder,control,t,commuting_pace8,A_200_0.5,A,200,0.5,constrained,93,17,64,0,64.0,85,0,85,0,0,32.0,32.0,0.0,2,3.647,15903,171,0.5976,91,-0.022,10,-0.7,1
qmpa_draper16,qmpa,parallel_adder,control,t,conventional,A_200_0.5,A,200,0.5,constrained,91,10,64,0,64.0,85,0,85,0,0,64.0,64.0,0.0,1,6.2,15561,171,0.6108,91,0.0,10,0.0,1
qmpa_draper16,qmpa,parallel_adder,control,t,conventional_pace4,A_200_0.5,A,200,0.5,constrained,93,31,64,0,64.0,85,0,85,0,0,16.0,16.0,0.0,4,2.0,15903,171,0.5976,91,-0.022,10,-2.1,1
qmpa_draper16,qmpa,parallel_adder,control,t,commuting,A_3200_0.5,A,3200,0.5,abundant,20,10,64,0,64.0,12,0,12,49,27,64.0,64.0,0.0,1,6.2,63580,3179,0.156,20,0.0,10,0.0,1
qmpa_draper16,qmpa,parallel_adder,control,t,commuting_pace1,A_3200_0.5,A,3200,0.5,abundant,123,115,64,0,64.0,8,0,8,1407,405,4.0,4.0,0.0,16,0.539,391017,3179,0.0254,20,-5.15,10,-10.5,0
qmpa_draper16,qmpa,parallel_adder,control,t,commuting_pace2,A_3200_0.5,A,3200,0.5,abundant,67,59,64,0,64.0,8,0,8,669,199,8.0,8.0,0.0,8,1.051,212993,3179,0.0466,20,-2.35,10,-4.9,1
qmpa_draper16,qmpa,parallel_adder,control,t,commuting_pace4,A_3200_0.5,A,3200,0.5,abundant,39,31,64,0,64.0,8,0,8,300,97,16.0,16.0,0.0,4,2.0,123981,3179,0.08,20,-0.95,10,-2.1,1
qmpa_draper16,qmpa,parallel_adder,control,t,commuting_pace8,A_3200_0.5,A,3200,0.5,abundant,26,17,64,0,64.0,9,0,9,129,49,32.0,32.0,0.0,2,3.647,82654,3179,0.12,20,-0.3,10,-0.7,1
qmpa_draper16,qmpa,parallel_adder,control,t,conventional,A_3200_0.5,A,3200,0.5,abundant,20,10,64,0,64.0,12,0,12,49,27,64.0,64.0,0.0,1,6.2,63580,3179,0.156,20,0.0,10,0.0,1
qmpa_draper16,qmpa,parallel_adder,control,t,conventional_pace4,A_3200_0.5,A,3200,0.5,abundant,39,31,64,0,64.0,8,0,8,300,97,16.0,16.0,0.0,4,2.0,123981,3179,0.08,20,-0.95,10,-2.1,1
qmpa_draper16,qmpa,parallel_adder,control,t,commuting,A_400_0.25,A,400,0.25,constrained,40,10,64,0,64.0,33,0,33,0,0,64.0,64.0,0.0,1,6.2,14760,369,0.5739,40,0.0,10,0.0,1
qmpa_draper16,qmpa,parallel_adder,control,t,commuting_pace1,A_400_0.25,A,400,0.25,constrained,123,115,64,0,64.0,8,0,8,184,0,4.0,4.0,0.0,16,0.539,45387,369,0.1866,40,-2.075,10,-10.5,0
qmpa_draper16,qmpa,parallel_adder,control,t,commuting_pace2,A_400_0.25,A,400,0.25,constrained,68,59,64,0,64.0,9,0,9,49,0,8.0,8.0,0.0,8,1.051,25092,369,0.3376,40,-0.7,10,-4.9,1
qmpa_draper16,qmpa,parallel_adder,control,t,commuting_pace4,A_400_0.25,A,400,0.25,constrained,43,31,64,0,64.0,14,0,14,0,0,16.0,16.0,0.0,4,2.0,15867,369,0.5339,40,-0.075,10,-2.1,1
qmpa_draper16,qmpa,parallel_adder,control,t,commuting_pace8,A_400_0.25,A,400,0.25,constrained,41,17,64,0,64.0,33,0,33,0,0,32.0,32.0,0.0,2,3.647,15129,369,0.5599,40,-0.025,10,-0.7,1
qmpa_draper16,qmpa,parallel_adder,control,t,conventional,A_400_0.25,A,400,0.25,constrained,40,10,64,0,64.0,33,0,33,0,0,64.0,64.0,0.0,1,6.2,14760,369,0.5739,40,0.0,10,0.0,1
qmpa_draper16,qmpa,parallel_adder,control,t,conventional_pace4,A_400_0.25,A,400,0.25,constrained,43,31,64,0,64.0,14,0,14,0,0,16.0,16.0,0.0,4,2.0,15867,369,0.5339,40,-0.075,10,-2.1,1
qmpa_draper16,qmpa,parallel_adder,control,t,commuting,A_400_0.5,A,400,0.5,constrained,53,10,64,0,64.0,46,0,46,0,0,64.0,64.0,0.0,1,6.2,21942,414,0.458,53,0.0,10,0.0,1
qmpa_draper16,qmpa,parallel_adder,control,t,commuting_pace1,A_400_0.5,A,400,0.5,constrained,123,115,64,0,64.0,8,0,8,91,28,4.0,4.0,0.0,16,0.539,50922,414,0.1974,53,-1.3208,10,-10.5,0
qmpa_draper16,qmpa,parallel_adder,control,t,commuting_pace2,A_400_0.5,A,400,0.5,constrained,69,59,64,0,64.0,11,0,11,3,1,8.0,8.0,0.0,8,1.051,28566,414,0.3518,53,-0.3019,10,-4.9,1
qmpa_draper16,qmpa,parallel_adder,control,t,commuting_pace4,A_400_0.5,A,400,0.5,constrained,54,31,64,0,64.0,35,0,35,0,0,16.0,16.0,0.0,4,2.0,22356,414,0.4496,53,-0.0189,10,-2.1,1
qmpa_draper16,qmpa,parallel_adder,control,t,commuting_pace8,A_400_0.5,A,400,0.5,constrained,54,17,64,0,64.0,46,0,46,0,0,32.0,32.0,0.0,2,3.647,22356,414,0.4496,53,-0.0189,10,-0.7,1
qmpa_draper16,qmpa,parallel_adder,control,t,conventional,A_400_0.5,A,400,0.5,constrained,53,10,64,0,64.0,46,0,46,0,0,64.0,64.0,0.0,1,6.2,21942,414,0.458,53,0.0,10,0.0,1
qmpa_draper16,qmpa,parallel_adder,control,t,conventional_pace4,A_400_0.5,A,400,0.5,constrained,54,31,64,0,64.0,35,0,35,0,0,16.0,16.0,0.0,4,2.0,22356,414,0.4496,53,-0.0189,10,-2.1,1
qmpa_draper16,qmpa,parallel_adder,control,t,commuting,A_400_0.75,A,400,0.75,constrained,91,10,64,0,64.0,85,0,85,0,26,64.0,64.0,0.0,1,6.2,35217,387,0.3269,91,0.0,10,0.0,1
qmpa_draper16,qmpa,parallel_adder,control,t,commuting_pace1,A_400_0.75,A,400,0.75,constrained,124,115,64,0,64.0,9,0,9,0,48,4.0,4.0,0.0,16,0.539,47988,387,0.2399,91,-0.3626,10,-10.5,0
qmpa_draper16,qmpa,parallel_adder,control,t,commuting_pace2,A_400_0.75,A,400,0.75,constrained,93,59,64,0,64.0,50,0,50,0,28,8.0,8.0,0.0,8,1.051,35991,387,0.3199,91,-0.022,10,-4.9,1
qmpa_draper16,qmpa,parallel_adder,control,t,commuting_pace4,A_400_0.75,A,400,0.75,constrained,93,31,64,0,64.0,85,0,85,0,28,16.0,16.0,0.0,4,2.0,35991,387,0.3199,91,-0.022,10,-2.1,1
qmpa_draper16,qmpa,parallel_adder,control,t,commuting_pace8,A_400_0.75,A,400,0.75,constrained,93,17,64,0,64.0,85,0,85,0,28,32.0,32.0,0.0,2,3.647,35991,387,0.3199,91,-0.022,10,-0.7,1
qmpa_draper16,qmpa,parallel_adder,control,t,conventional,A_400_0.75,A,400,0.75,constrained,91,10,64,0,64.0,85,0,85,0,26,64.0,64.0,0.0,1,6.2,35217,387,0.3269,91,0.0,10,0.0,1
qmpa_draper16,qmpa,parallel_adder,control,t,conventional_pace4,A_400_0.75,A,400,0.75,constrained,93,31,64,0,64.0,85,0,85,0,28,16.0,16.0,0.0,4,2.0,35991,387,0.3199,91,-0.022,10,-2.1,1
qmpa_draper16,qmpa,parallel_adder,control,t,commuting,A_800_0.5,A,800,0.5,moderate,34,10,64,0,64.0,27,0,27,0,0,64.0,64.0,0.0,1,6.2,28152,828,0.357,34,0.0,10,0.0,1
qmpa_draper16,qmpa,parallel_adder,control,t,commuting_pace1,A_800_0.5,A,800,0.5,moderate,123,115,64,0,64.0,8,0,8,278,87,4.0,4.0,0.0,16,0.539,101844,828,0.0987,34,-2.6176,10,-10.5,0
qmpa_draper16,qmpa,parallel_adder,control,t,commuting_pace2,A_800_0.5,A,800,0.5,moderate,67,59,64,0,64.0,8,0,8,94,31,8.0,8.0,0.0,8,1.051,55476,828,0.1812,34,-0.9706,10,-4.9,1
qmpa_draper16,qmpa,parallel_adder,control,t,commuting_pace4,A_800_0.5,A,800,0.5,moderate,41,31,64,0,64.0,11,0,11,9,5,16.0,16.0,0.0,4,2.0,33948,828,0.296,34,-0.2059,10,-2.1,1
qmpa_draper16,qmpa,parallel_adder,control,t,commuting_pace8,A_800_0.5,A,800,0.5,moderate,35,17,64,0,64.0,24,0,24,0,0,32.0,32.0,0.0,2,3.647,28980,828,0.3468,34,-0.0294,10,-0.7,1
qmpa_draper16,qmpa,parallel_adder,control,t,conventional,A_800_0.5,A,800,0.5,moderate,34,10,64,0,64.0,27,0,27,0,0,64.0,64.0,0.0,1,6.2,28152,828,0.357,34,0.0,10,0.0,1
qmpa_draper16,qmpa,parallel_adder,control,t,conventional_pace4,A_800_0.5,A,800,0.5,moderate,41,31,64,0,64.0,11,0,11,9,5,16.0,16.0,0.0,4,2.0,33948,828,0.296,34,-0.2059,10,-2.1,1
qmpa_draper16,qmpa,parallel_adder,control,t,commuting,B_400_0.5,B,400,0.5,constrained,66,10,64,0,64.0,60,0,60,0,0,64.0,64.0,0.0,1,6.2,25476,386,0.5,66,0.0,10,0.0,1
qmpa_draper16,qmpa,parallel_adder,control,t,commuting_pace1,B_400_0.5,B,400,0.5,constrained,127,115,64,0,64.0,12,0,12,0,0,4.0,4.0,0.0,16,0.539,49022,386,0.2598,66,-0.9242,10,-10.5,1
qmpa_draper16,qmpa,parallel_adder,control,t,commuting_pace2,B_400_0.5,B,400,0.5,constrained,73,59,64,0,64.0,14,0,14,0,0,8.0,8.0,0.0,8,1.051,28178,386,0.4521,66,-0.1061,10,-4.9,1
qmpa_draper16,qmpa,parallel_adder,control,t,commuting_pace4,B_400_0.5,B,400,0.5,constrained,68,31,64,0,64.0,59,0,59,0,0,16.0,16.0,0.0,4,2.0,26248,386,0.4853,66,-0.0303,10,-2.1,1
qmpa_draper16,qmpa,parallel_adder,control,t,commuting_pace8,B_400_0.5,B,400,0.5,constrained,68,17,64,0,64.0,60,0,60,0,0,32.0,32.0,0.0,2,3.647,26248,386,0.4853,66,-0.0303,10,-0.7,1
qmpa_draper16,qmpa,parallel_adder,control,t,conventional,B_400_0.5,B,400,0.5,constrained,66,10,64,0,64.0,60,0,60,0,0,64.0,64.0,0.0,1,6.2,25476,386,0.5,66,0.0,10,0.0,1
qmpa_draper16,qmpa,parallel_adder,control,t,conventional_pace4,B_400_0.5,B,400,0.5,constrained,68,31,64,0,64.0,59,0,59,0,0,16.0,16.0,0.0,4,2.0,26248,386,0.4853,66,-0.0303,10,-2.1,1
qmpa_draper16,qmpa,parallel_adder,control,t,commuting,C_400_0.5,C,400,0.5,constrained,63,10,64,0,64.0,57,0,57,0,0,64.0,64.0,0.0,1,6.2,24822,394,0.5238,63,0.0,10,0.0,1
qmpa_draper16,qmpa,parallel_adder,control,t,commuting_pace1,C_400_0.5,C,400,0.5,constrained,123,115,64,0,64.0,8,0,8,0,0,4.0,4.0,0.0,16,0.539,48462,394,0.2683,63,-0.9524,10,-10.5,0
qmpa_draper16,qmpa,parallel_adder,control,t,commuting_pace2,C_400_0.5,C,400,0.5,constrained,70,59,64,0,64.0,12,0,12,0,0,8.0,8.0,0.0,8,1.051,27580,394,0.4714,63,-0.1111,10,-4.9,1
qmpa_draper16,qmpa,parallel_adder,control,t,commuting_pace4,C_400_0.5,C,400,0.5,constrained,65,31,64,0,64.0,55,0,55,0,0,16.0,16.0,0.0,4,2.0,25610,394,0.5077,63,-0.0317,10,-2.1,1
qmpa_draper16,qmpa,parallel_adder,control,t,commuting_pace8,C_400_0.5,C,400,0.5,constrained,65,17,64,0,64.0,57,0,57,0,0,32.0,32.0,0.0,2,3.647,25610,394,0.5077,63,-0.0317,10,-0.7,1
qmpa_draper16,qmpa,parallel_adder,control,t,conventional,C_400_0.5,C,400,0.5,constrained,63,10,64,0,64.0,57,0,57,0,0,64.0,64.0,0.0,1,6.2,24822,394,0.5238,63,0.0,10,0.0,1
qmpa_draper16,qmpa,parallel_adder,control,t,conventional_pace4,C_400_0.5,C,400,0.5,constrained,65,31,64,0,64.0,55,0,55,0,0,16.0,16.0,0.0,4,2.0,25610,394,0.5077,63,-0.0317,10,-2.1,1
qmpa_draper8,qmpa,parallel_adder,control,ccz,commuting,A_200_0.5,A,200,0.5,constrained,51,8,0,8,16.0,0,45,45,3,0,16.0,16.0,0.0,1,3.75,8721,171,0.2724,51,0.0,8,0.0,1
qmpa_draper8,qmpa,parallel_adder,control,ccz,commuting_pace1,A_200_0.5,A,200,0.5,constrained,53,43,0,8,16.0,0,10,10,4,0,2.0,2.0,0.0,8,0.698,9063,171,0.2622,51,-0.0392,8,-4.375,1
qmpa_draper8,qmpa,parallel_adder,control,ccz,commuting_pace2,A_200_0.5,A,200,0.5,constrained,53,23,0,8,16.0,0,45,45,4,0,4.0,4.0,0.0,4,1.304,9063,171,0.2622,51,-0.0392,8,-1.875,1
qmpa_draper8,qmpa,parallel_adder,control,ccz,commuting_pace4,A_200_0.5,A,200,0.5,constrained,53,13,0,8,16.0,0,45,45,4,0,8.0,8.0,0.0,2,2.308,9063,171,0.2622,51,-0.0392,8,-0.625,1
qmpa_draper8,qmpa,parallel_adder,control,ccz,commuting_pace8,A_200_0.5,A,200,0.5,constrained,51,8,0,8,16.0,0,45,45,3,0,16.0,16.0,0.0,1,3.75,8721,171,0.2724,51,0.0,8,0.0,1
qmpa_draper8,qmpa,parallel_adder,control,ccz,conventional,A_200_0.5,A,200,0.5,constrained,51,8,0,8,16.0,0,45,45,3,0,16.0,16.0,0.0,1,3.75,8721,171,0.2724,51,0.0,8,0.0,1
qmpa_draper8,qmpa,parallel_adder,control,ccz,conventional_pace4,A_200_0.5,A,200,0.5,constrained,53,13,0,8,16.0,0,45,45,4,0,8.0,8.0,0.0,2,2.308,9063,171,0.2622,51,-0.0392,8,-0.625,1
qmpa_draper8,qmpa,parallel_adder,control,ccz,commuting,A_3200_0.5,A,3200,0.5,abundant,12,8,0,8,16.0,0,4,4,8,0,16.0,16.0,0.0,1,3.75,38148,3179,0.065,12,0.0,8,0.0,1
qmpa_draper8,qmpa,parallel_adder,control,ccz,commuting_pace1,A_3200_0.5,A,3200,0.5,abundant,46,43,0,8,16.0,0,3,3,456,114,2.0,2.0,0.0,8,0.698,146234,3179,0.017,12,-2.8333,8,-4.375,0
qmpa_draper8,qmpa,parallel_adder,control,ccz,commuting_pace2,A_3200_0.5,A,3200,0.5,abundant,26,23,0,8,16.0,0,3,3,193,41,4.0,4.0,0.0,4,1.304,82654,3179,0.03,12,-1.1667,8,-1.875,1
qmpa_draper8,qmpa,parallel_adder,control,ccz,commuting_pace4,A_3200_0.5,A,3200,0.5,abundant,16,13,0,8,16.0,0,3,3,61,4,8.0,8.0,0.0,2,2.308,50864,3179,0.0487,12,-0.3333,8,-0.625,1
qmpa_draper8,qmpa,parallel_adder,control,ccz,commuting_pace8,A_3200_0.5,A,3200,0.5,abundant,12,8,0,8,16.0,0,4,4,8,0,16.0,16.0,0.0,1,3.75,38148,3179,0.065,12,0.0,8,0.0,1
qmpa_draper8,qmpa,parallel_adder,control,ccz,conventional,A_3200_0.5,A,3200,0.5,abundant,12,8,0,8,16.0,0,4,4,8,0,16.0,16.0,0.0,1,3.75,38148,3179,0.065,12,0.0,8,0.0,1
qmpa_draper8,qmpa,parallel_adder,control,ccz,conventional_pace4,A_3200_0.5,A,3200,0.5,abundant,16,13,0,8,16.0,0,3,3,61,4,8.0,8.0,0.0,2,2.308,50864,3179,0.0487,12,-0.3333,8,-0.625,1
qmpa_draper8,qmpa,parallel_adder,control,ccz,commuting,A_400_0.25,A,400,0.25,constrained,51,8,0,8,16.0,0,45,45,72,0,16.0,16.0,0.0,1,3.75,18819,369,0.1125,51,0.0,8,0.0,1
qmpa_draper8,qmpa,parallel_adder,control,ccz,commuting_pace1,A_400_0.25,A,400,0.25,constrained,53,43,0,8,16.0,0,10,10,76,0,2.0,2.0,0.0,8,0.698,19557,369,0.1083,51,-0.0392,8,-4.375,1
qmpa_draper8,qmpa,parallel_adder,control,ccz,commuting_pace2,A_400_0.25,A,400,0.25,constrained,53,23,0,8,16.0,0,45,45,76,0,4.0,4.0,0.0,4,1.304,19557,369,0.1083,51,-0.0392,8,-1.875,1
qmpa_draper8,qmpa,parallel_adder,control,ccz,commuting_pace4,A_400_0.25,A,400,0.25,constrained,53,13,0,8,16.0,0,45,45,76,0,8.0,8.0,0.0,2,2.308,19557,369,0.1083,51,-0.0392,8,-0.625,1
qmpa_draper8,qmpa,parallel_adder,control,ccz,commuting_pace8,A_400_0.25,A,400,0.25,constrained,51,8,0,8,16.0,0,45,45,72,0,16.0,16.0,0.0,1,3.75,18819,369,0.1125,51,0.0,8,0.0,1
qmpa_draper8,qmpa,parallel_adder,control,ccz,conventional,A_400_0.25,A,400,0.25,constrained,51,8,0,8,16.0,0,45,45,72,0,16.0,16.0,0.0,1,3.75,18819,369,0.1125,51,0.0,8,0.0,1
qmpa_draper8,qmpa,parallel_adder,control,ccz,conventional_pace4,A_400_0.25,A,400,0.25,constrained,53,13,0,8,16.0,0,45,45,76,0,8.0,8.0,0.0,2,2.308,19557,369,0.1083,51,-0.0392,8,-0.625,1
qmpa_draper8,qmpa,parallel_adder,control,ccz,commuting,A_400_0.5,A,400,0.5,constrained,23,8,0,8,16.0,0,17,17,0,0,16.0,16.0,0.0,1,3.75,9522,414,0.2639,23,0.0,8,0.0,1
qmpa_draper8,qmpa,parallel_adder,control,ccz,commuting_pace1,A_400_0.5,A,400,0.5,constrained,46,43,0,8,16.0,0,3,3,29,0,2.0,2.0,0.0,8,0.698,19044,414,0.1319,23,-1.0,8,-4.375,0
qmpa_draper8,qmpa,parallel_adder,control,ccz,commuting_pace2,A_400_0.5,A,400,0.5,constrained,28,23,0,8,16.0,0,5,5,0,0,4.0,4.0,0.0,4,1.304,11592,414,0.2167,23,-0.2174,8,-1.875,1
qmpa_draper8,qmpa,parallel_adder,control,ccz,commuting_pace4,A_400_0.5,A,400,0.5,constrained,25,13,0,8,16.0,0,17,17,0,0,8.0,8.0,0.0,2,2.308,10350,414,0.2428,23,-0.087,8,-0.625,1
qmpa_draper8,qmpa,parallel_adder,control,ccz,commuting_pace8,A_400_0.5,A,400,0.5,constrained,23,8,0,8,16.0,0,17,17,0,0,16.0,16.0,0.0,1,3.75,9522,414,0.2639,23,0.0,8,0.0,1
qmpa_draper8,qmpa,parallel_adder,control,ccz,conventional,A_400_0.5,A,400,0.5,constrained,23,8,0,8,16.0,0,17,17,0,0,16.0,16.0,0.0,1,3.75,9522,414,0.2639,23,0.0,8,0.0,1
qmpa_draper8,qmpa,parallel_adder,control,ccz,conventional_pace4,A_400_0.5,A,400,0.5,constrained,25,13,0,8,16.0,0,17,17,0,0,8.0,8.0,0.0,2,2.308,10350,414,0.2428,23,-0.087,8,-0.625,1
qmpa_draper8,qmpa,parallel_adder,control,ccz,commuting,A_400_0.75,A,400,0.75,constrained,20,8,0,8,16.0,0,13,13,0,0,16.0,16.0,0.0,1,3.75,7740,387,0.3718,20,0.0,8,0.0,1
qmpa_draper8,qmpa,parallel_adder,control,ccz,commuting_pace1,A_400_0.75,A,400,0.75,constrained,46,43,0,8,16.0,0,3,3,0,0,2.0,2.0,0.0,8,0.698,17802,387,0.1617,20,-1.3,8,-4.375,0
qmpa_draper8,qmpa,parallel_adder,control,ccz,commuting_pace2,A_400_0.75,A,400,0.75,constrained,27,23,0,8,16.0,0,4,4,0,0,4.0,4.0,0.0,4,1.304,10449,387,0.2754,20,-0.35,8,-1.875,1
qmpa_draper8,qmpa,parallel_adder,control,ccz,commuting_pace4,A_400_0.75,A,400,0.75,constrained,21,13,0,8,16.0,0,11,11,0,0,8.0,8.0,0.0,2,2.308,8127,387,0.3541,20,-0.05,8,-0.625,1
qmpa_draper8,qmpa,parallel_adder,control,ccz,commuting_pace8,A_400_0.75,A,400,0.75,constrained,20,8,0,8,16.0,0,13,13,0,0,16.0,16.0,0.0,1,3.75,7740,387,0.3718,20,0.0,8,0.0,1
qmpa_draper8,qmpa,parallel_adder,control,ccz,conventional,A_400_0.75,A,400,0.75,constrained,20,8,0,8,16.0,0,13,13,0,0,16.0,16.0,0.0,1,3.75,7740,387,0.3718,20,0.0,8,0.0,1
qmpa_draper8,qmpa,parallel_adder,control,ccz,conventional_pace4,A_400_0.75,A,400,0.75,constrained,21,13,0,8,16.0,0,11,11,0,0,8.0,8.0,0.0,2,2.308,8127,387,0.3541,20,-0.05,8,-0.625,1
qmpa_draper8,qmpa,parallel_adder,control,ccz,commuting,A_800_0.5,A,800,0.5,moderate,17,8,0,8,16.0,0,10,10,0,0,16.0,16.0,0.0,1,3.75,14076,828,0.1785,17,0.0,8,0.0,1
qmpa_draper8,qmpa,parallel_adder,control,ccz,commuting_pace1,A_800_0.5,A,800,0.5,moderate,46,43,0,8,16.0,0,3,3,90,2,2.0,2.0,0.0,8,0.698,38088,828,0.066,17,-1.7059,8,-4.375,0
qmpa_draper8,qmpa,parallel_adder,control,ccz,commuting_pace2,A_800_0.5,A,800,0.5,moderate,27,23,0,8,16.0,0,4,4,27,0,4.0,4.0,0.0,4,1.304,22356,828,0.1124,17,-0.5882,8,-1.875,1
qmpa_draper8,qmpa,parallel_adder,control,ccz,commuting_pace4,A_800_0.5,A,800,0.5,moderate,19,13,0,8,16.0,0,6,6,1,0,8.0,8.0,0.0,2,2.308,15732,828,0.1597,17,-0.1176,8,-0.625,1
qmpa_draper8,qmpa,parallel_adder,control,ccz,commuting_pace8,A_800_0.5,A,800,0.5,moderate,17,8,0,8,16.0,0,10,10,0,0,16.0,16.0,0.0,1,3.75,14076,828,0.1785,17,0.0,8,0.0,1
qmpa_draper8,qmpa,parallel_adder,control,ccz,conventional,A_800_0.5,A,800,0.5,moderate,17,8,0,8,16.0,0,10,10,0,0,16.0,16.0,0.0,1,3.75,14076,828,0.1785,17,0.0,8,0.0,1
qmpa_draper8,qmpa,parallel_adder,control,ccz,conventional_pace4,A_800_0.5,A,800,0.5,moderate,19,13,0,8,16.0,0,6,6,1,0,8.0,8.0,0.0,2,2.308,15732,828,0.1597,17,-0.1176,8,-0.625,1
qmpa_draper8,qmpa,parallel_adder,control,ccz,commuting,B_400_0.5,B,400,0.5,constrained,32,8,0,8,16.0,0,24,24,0,0,16.0,16.0,0.0,1,3.75,12352,386,0.2578,32,0.0,8,0.0,1
qmpa_draper8,qmpa,parallel_adder,control,ccz,commuting_pace1,B_400_0.5,B,400,0.5,constrained,49,43,0,8,16.0,0,6,6,0,0,2.0,2.0,0.0,8,0.698,18914,386,0.1684,32,-0.5312,8,-4.375,1
qmpa_draper8,qmpa,parallel_adder,control,ccz,commuting_pace2,B_400_0.5,B,400,0.5,constrained,32,23,0,8,16.0,0,9,9,0,0,4.0,4.0,0.0,4,1.304,12352,386,0.2578,32,0.0,8,-1.875,1
qmpa_draper8,qmpa,parallel_adder,control,ccz,commuting_pace4,B_400_0.5,B,400,0.5,constrained,32,13,0,8,16.0,0,24,24,0,0,8.0,8.0,0.0,2,2.308,12352,386,0.2578,32,0.0,8,-0.625,1
qmpa_draper8,qmpa,parallel_adder,control,ccz,commuting_pace8,B_400_0.5,B,400,0.5,constrained,32,8,0,8,16.0,0,24,24,0,0,16.0,16.0,0.0,1,3.75,12352,386,0.2578,32,0.0,8,0.0,1
qmpa_draper8,qmpa,parallel_adder,control,ccz,conventional,B_400_0.5,B,400,0.5,constrained,32,8,0,8,16.0,0,24,24,0,0,16.0,16.0,0.0,1,3.75,12352,386,0.2578,32,0.0,8,0.0,1
qmpa_draper8,qmpa,parallel_adder,control,ccz,conventional_pace4,B_400_0.5,B,400,0.5,constrained,32,13,0,8,16.0,0,24,24,0,0,8.0,8.0,0.0,2,2.308,12352,386,0.2578,32,0.0,8,-0.625,1
qmpa_draper8,qmpa,parallel_adder,control,ccz,commuting,C_400_0.5,C,400,0.5,constrained,32,8,0,8,16.0,0,25,25,0,0,16.0,16.0,0.0,1,3.75,12608,394,0.2578,32,0.0,8,0.0,1
qmpa_draper8,qmpa,parallel_adder,control,ccz,commuting_pace1,C_400_0.5,C,400,0.5,constrained,49,43,0,8,16.0,0,6,6,0,0,2.0,2.0,0.0,8,0.698,19306,394,0.1684,32,-0.5312,8,-4.375,1
qmpa_draper8,qmpa,parallel_adder,control,ccz,commuting_pace2,C_400_0.5,C,400,0.5,constrained,33,23,0,8,16.0,0,13,13,0,0,4.0,4.0,0.0,4,1.304,13002,394,0.25,32,-0.0312,8,-1.875,1
qmpa_draper8,qmpa,parallel_adder,control,ccz,commuting_pace4,C_400_0.5,C,400,0.5,constrained,33,13,0,8,16.0,0,25,25,0,0,8.0,8.0,0.0,2,2.308,13002,394,0.25,32,-0.0312,8,-0.625,1
qmpa_draper8,qmpa,parallel_adder,control,ccz,commuting_pace8,C_400_0.5,C,400,0.5,constrained,32,8,0,8,16.0,0,25,25,0,0,16.0,16.0,0.0,1,3.75,12608,394,0.2578,32,0.0,8,0.0,1
qmpa_draper8,qmpa,parallel_adder,control,ccz,conventional,C_400_0.5,C,400,0.5,constrained,32,8,0,8,16.0,0,25,25,0,0,16.0,16.0,0.0,1,3.75,12608,394,0.2578,32,0.0,8,0.0,1
qmpa_draper8,qmpa,parallel_adder,control,ccz,conventional_pace4,C_400_0.5,C,400,0.5,constrained,33,13,0,8,16.0,0,25,25,0,0,8.0,8.0,0.0,2,2.308,13002,394,0.25,32,-0.0312,8,-0.625,1
qmpa_draper8,qmpa,parallel_adder,control,t,commuting,A_200_0.5,A,200,0.5,constrained,51,10,32,0,32.0,45,0,45,0,0,32.0,32.0,0.0,1,3.0,8721,171,0.5449,51,0.0,10,0.0,1
qmpa_draper8,qmpa,parallel_adder,control,t,commuting_pace1,A_200_0.5,A,200,0.5,constrained,68,59,32,0,32.0,9,0,9,0,0,4.0,4.0,0.0,8,0.508,11628,171,0.4087,51,-0.3333,10,-4.9,1
qmpa_draper8,qmpa,parallel_adder,control,t,commuting_pace2,A_200_0.5,A,200,0.5,constrained,53,31,32,0,32.0,30,0,30,0,0,8.0,8.0,0.0,4,0.968,9063,171,0.5243,51,-0.0392,10,-2.1,1
qmpa_draper8,qmpa,parallel_adder,control,t,commuting_pace4,A_200_0.5,A,200,0.5,constrained,53,17,32,0,32.0,45,0,45,0,0,16.0,16.0,0.0,2,1.765,9063,171,0.5243,51,-0.0392,10,-0.7,1
qmpa_draper8,qmpa,parallel_adder,control,t,commuting_pace8,A_200_0.5,A,200,0.5,constrained,51,10,32,0,32.0,45,0,45,0,0,32.0,32.0,0.0,1,3.0,8721,171,0.5449,51,0.0,10,0.0,1
qmpa_draper8,qmpa,parallel_adder,control,t,conventional,A_200_0.5,A,200,0.5,constrained,51,10,32,0,32.0,45,0,45,0,0,32.0,32.0,0.0,1,3.0,8721,171,0.5449,51,0.0,10,0.0,1
qmpa_draper8,qmpa,parallel_adder,control,t,conventional_pace4,A_200_0.5,A,200,0.5,constrained,53,17,32,0,32.0,45,0,45,0,0,16.0,16.0,0.0,2,1.765,9063,171,0.5243,51,-0.0392,10,-0.7,1
qmpa_draper8,qmpa,parallel_adder,control,t,commuting,A_3200_0.5,A,3200,0.5,abundant,18,10,32,0,32.0,9,0,9,55,20,32.0,32.0,0.0,1,3.0,57222,3179,0.0867,18,0.0,10,0.0,1
qmpa_draper8,qmpa,parallel_adder,control,t,commuting_pace1,A_3200_0.5,A,3200,0.5,abundant,67,59,32,0,32.0,8,0,8,701,199,4.0,4.0,0.0,8,0.508,212993,3179,0.0233,18,-2.7222,10,-4.9,1
qmpa_draper8,qmpa,parallel_adder,control,t,commuting_pace2,A_3200_0.5,A,3200,0.5,abundant,39,31,32,0,32.0,8,0,8,332,97,8.0,8.0,0.0,4,0.968,123981,3179,0.04,18,-1.1667,10,-2.1,1
qmpa_draper8,qmpa,parallel_adder,control,t,commuting_pace4,A_3200_0.5,A,3200,0.5,abundant,25,17,32,0,32.0,8,0,8,147,45,16.0,16.0,0.0,2,1.765,79475,3179,0.0624,18,-0.3889,10,-0.7,1
qmpa_draper8,qmpa,parallel_adder,control,t,commuting_pace8,A_3200_0.5,A,3200,0.5,abundant,18,10,32,0,32.0,9,0,9,55,20,32.0,32.0,0.0,1,3.0,57222,3179,0.0867,18,0.0,10,0.0,1
qmpa_draper8,qmpa,parallel_adder,control,t,conventional,A_3200_0.5,A,3200,0.5,abundant,18,10,32,0,32.0,9,0,9,55,20,32.0,32.0,0.0,1,3.0,57222,3179,0.0867,18,0.0,10,0.0,1
qmpa_draper8,qmpa,parallel_adder,control,t,conventional_pace4,A_3200_0.5,A,3200,0.5,abundant,25,17,32,0,32.0,8,0,8,147,45,16.0,16.0,0.0,2,1.765,79475,3179,0.0624,18,-0.3889,10,-0.7,1
qmpa_draper8,qmpa,parallel_adder,control,t,commuting,A_400_0.25,A,400,0.25,constrained,27,10,32,0,32.0,20,0,20,0,0,32.0,32.0,0.0,1,3.0,9963,369,0.4251,27,0.0,10,0.0,1
qmpa_draper8,qmpa,parallel_adder,control,t,commuting_pace1,A_400_0.25,A,400,0.25,constrained,67,59,32,0,32.0,8,0,8,79,0,4.0,4.0,0.0,8,0.508,24723,369,0.1713,27,-1.4815,10,-4.9,1
qmpa_draper8,qmpa,parallel_adder,control,t,commuting_pace2,A_400_0.25,A,400,0.25,constrained,40,31,32,0,32.0,9,0,9,13,0,8.0,8.0,0.0,4,0.968,14760,369,0.287,27,-0.4815,10,-2.1,1
qmpa_draper8,qmpa,parallel_adder,control,t,commuting_pace4,A_400_0.25,A,400,0.25,constrained,29,17,32,0,32.0,14,0,14,0,0,16.0,16.0,0.0,2,1.765,10701,369,0.3958,27,-0.0741,10,-0.7,1
qmpa_draper8,qmpa,parallel_adder,control,t,commuting_pace8,A_400_0.25,A,400,0.25,constrained,27,10,32,0,32.0,20,0,20,0,0,32.0,32.0,0.0,1,3.0,9963,369,0.4251,27,0.0,10,0.0,1
qmpa_draper8,qmpa,parallel_adder,control,t,conventional,A_400_0.25,A,400,0.25,constrained,27,10,32,0,32.0,20,0,20,0,0,32.0,32.0,0.0,1,3.0,9963,369,0.4251,27,0.0,10,0.0,1
qmpa_draper8,qmpa,parallel_adder,control,t,conventional_pace4,A_400_0.25,A,400,0.25,constrained,29,17,32,0,32.0,14,0,14,0,0,16.0,16.0,0.0,2,1.765,10701,369,0.3958,27,-0.0741,10,-0.7,1
qmpa_draper8,qmpa,parallel_adder,control,t,commuting,A_400_0.5,A,400,0.5,constrained,33,10,32,0,32.0,26,0,26,0,0,32.0,32.0,0.0,1,3.0,13662,414,0.3678,33,0.0,10,0.0,1
qmpa_draper8,qmpa,parallel_adder,control,t,commuting_pace1,A_400_0.5,A,400,0.5,constrained,67,59,32,0,32.0,8,0,8,31,0,4.0,4.0,0.0,8,0.508,27738,414,0.1812,33,-1.0303,10,-4.9,1
qmpa_draper8,qmpa,parallel_adder,control,t,commuting_pace2,A_400_0.5,A,400,0.5,constrained,41,31,32,0,32.0,11,0,11,0,0,8.0,8.0,0.0,4,0.968,16974,414,0.296,33,-0.2424,10,-2.1,1
qmpa_draper8,qmpa,parallel_adder,control,t,commuting_pace4,A_400_0.5,A,400,0.5,constrained,34,17,32,0,32.0,23,0,23,0,0,16.0,16.0,0.0,2,1.765,14076,414,0.357,33,-0.0303,10,-0.7,1
qmpa_draper8,qmpa,parallel_adder,control,t,commuting_pace8,A_400_0.5,A,400,0.5,constrained,33,10,32,0,32.0,26,0,26,0,0,32.0,32.0,0.0,1,3.0,13662,414,0.3678,33,0.0,10,0.0,1
qmpa_draper8,qmpa,parallel_adder,control,t,conventional,A_400_0.5,A,400,0.5,constrained,33,10,32,0,32.0,26,0,26,0,0,32.0,32.0,0.0,1,3.0,13662,414,0.3678,33,0.0,10,0.0,1
qmpa_draper8,qmpa,parallel_adder,control,t,conventional_pace4,A_400_0.5,A,400,0.5,constrained,34,17,32,0,32.0,23,0,23,0,0,16.0,16.0,0.0,2,1.765,14076,414,0.357,33,-0.0303,10,-0.7,1
qmpa_draper8,qmpa,parallel_adder,control,t,commuting,A_400_0.75,A,400,0.75,constrained,51,10,32,0,32.0,45,0,45,0,0,32.0,32.0,0.0,1,3.0,19737,387,0.2916,51,0.0,10,0.0,1
qmpa_draper8,qmpa,parallel_adder,control,t,commuting_pace1,A_400_0.75,A,400,0.75,constrained,68,59,32,0,32.0,9,0,9,0,11,4.0,4.0,0.0,8,0.508,26316,387,0.2187,51,-0.3333,10,-4.9,1
qmpa_draper8,qmpa,parallel_adder,control,t,commuting_pace2,A_400_0.75,A,400,0.75,constrained,53,31,32,0,32.0,30,0,30,0,1,8.0,8.0,0.0,4,0.968,20511,387,0.2806,51,-0.0392,10,-2.1,1
qmpa_draper8,qmpa,parallel_adder,control,t,commuting_pace4,A_400_0.75,A,400,0.75,constrained,53,17,32,0,32.0,45,0,45,0,1,16.0,16.0,0.0,2,1.765,20511,387,0.2806,51,-0.0392,10,-0.7,1
qmpa_draper8,qmpa,parallel_adder,control,t,commuting_pace8,A_400_0.75,A,400,0.75,constrained,51,10,32,0,32.0,45,0,45,0,0,32.0,32.0,0.0,1,3.0,19737,387,0.2916,51,0.0,10,0.0,1
qmpa_draper8,qmpa,parallel_adder,control,t,conventional,A_400_0.75,A,400,0.75,constrained,51,10,32,0,32.0,45,0,45,0,0,32.0,32.0,0.0,1,3.0,19737,387,0.2916,51,0.0,10,0.0,1
qmpa_draper8,qmpa,parallel_adder,control,t,conventional_pace4,A_400_0.75,A,400,0.75,constrained,53,17,32,0,32.0,45,0,45,0,1,16.0,16.0,0.0,2,1.765,20511,387,0.2806,51,-0.0392,10,-0.7,1
qmpa_draper8,qmpa,parallel_adder,control,t,commuting,A_800_0.5,A,800,0.5,moderate,24,10,32,0,32.0,17,0,17,0,0,32.0,32.0,0.0,1,3.0,19872,828,0.2529,24,0.0,10,0.0,1
qmpa_draper8,qmpa,parallel_adder,control,t,commuting_pace1,A_800_0.5,A,800,0.5,moderate,67,59,32,0,32.0,8,0,8,126,31,4.0,4.0,0.0,8,0.508,55476,828,0.0906,24,-1.7917,10,-4.9,1
qmpa_draper8,qmpa,parallel_adder,control,t,commuting_pace2,A_800_0.5,A,800,0.5,moderate,39,31,32,0,32.0,8,0,8,35,3,8.0,8.0,0.0,4,0.968,32292,828,0.1556,24,-0.625,10,-2.1,1
qmpa_draper8,qmpa,parallel_adder,control,t,commuting_pace4,A_800_0.5,A,800,0.5,moderate,27,17,32,0,32.0,11,0,11,0,0,16.0,16.0,0.0,2,1.765,22356,828,0.2248,24,-0.125,10,-0.7,1
qmpa_draper8,qmpa,parallel_adder,control,t,commuting_pace8,A_800_0.5,A,800,0.5,moderate,24,10,32,0,32.0,17,0,17,0,0,32.0,32.0,0.0,1,3.0,19872,828,0.2529,24,0.0,10,0.0,1
qmpa_draper8,qmpa,parallel_adder,control,t,conventional,A_800_0.5,A,800,0.5,moderate,24,10,32,0,32.0,17,0,17,0,0,32.0,32.0,0.0,1,3.0,19872,828,0.2529,24,0.0,10,0.0,1
qmpa_draper8,qmpa,parallel_adder,control,t,conventional_pace4,A_800_0.5,A,800,0.5,moderate,27,17,32,0,32.0,11,0,11,0,0,16.0,16.0,0.0,2,1.765,22356,828,0.2248,24,-0.125,10,-0.7,1
qmpa_draper8,qmpa,parallel_adder,control,t,commuting,B_400_0.5,B,400,0.5,constrained,42,10,32,0,32.0,35,0,35,0,0,32.0,32.0,0.0,1,3.0,16212,386,0.3929,42,0.0,10,0.0,1
qmpa_draper8,qmpa,parallel_adder,control,t,commuting_pace1,B_400_0.5,B,400,0.5,constrained,71,59,32,0,32.0,12,0,12,0,0,4.0,4.0,0.0,8,0.508,27406,386,0.2324,42,-0.6905,10,-4.9,1
qmpa_draper8,qmpa,parallel_adder,control,t,commuting_pace2,B_400_0.5,B,400,0.5,constrained,45,31,32,0,32.0,14,0,14,0,0,8.0,8.0,0.0,4,0.968,17370,386,0.3667,42,-0.0714,10,-2.1,1
qmpa_draper8,qmpa,parallel_adder,control,t,commuting_pace4,B_400_0.5,B,400,0.5,constrained,43,17,32,0,32.0,35,0,35,0,0,16.0,16.0,0.0,2,1.765,16598,386,0.3837,42,-0.0238,10,-0.7,1
qmpa_draper8,qmpa,parallel_adder,control,t,commuting_pace8,B_400_0.5,B,400,0.5,constrained,42,10,32,0,32.0,35,0,35,0,0,32.0,32.0,0.0,1,3.0,16212,386,0.3929,42,0.0,10,0.0,1
qmpa_draper8,qmpa,parallel_adder,control,t,conventional,B_400_0.5,B,400,0.5,constrained,42,10,32,0,32.0,35,0,35,0,0,32.0,32.0,0.0,1,3.0,16212,386,0.3929,42,0.0,10,0.0,1
qmpa_draper8,qmpa,parallel_adder,control,t,conventional_pace4,B_400_0.5,B,400,0.5,constrained,43,17,32,0,32.0,35,0,35,0,0,16.0,16.0,0.0,2,1.765,16598,386,0.3837,42,-0.0238,10,-0.7,1
qmpa_draper8,qmpa,parallel_adder,control,t,commuting,C_400_0.5,C,400,0.5,constrained,38,10,32,0,32.0,31,0,31,0,0,32.0,32.0,0.0,1,3.0,14972,394,0.4342,38,0.0,10,0.0,1
qmpa_draper8,qmpa,parallel_adder,control,t,commuting_pace1,C_400_0.5,C,400,0.5,constrained,67,59,32,0,32.0,8,0,8,0,0,4.0,4.0,0.0,8,0.508,26398,394,0.2463,38,-0.7632,10,-4.9,1
qmpa_draper8,qmpa,parallel_adder,control,t,commuting_pace2,C_400_0.5,C,400,0.5,constrained,42,31,32,0,32.0,12,0,12,0,0,8.0,8.0,0.0,4,0.968,16548,394,0.3929,38,-0.1053,10,-2.1,1
qmpa_draper8,qmpa,parallel_adder,control,t,commuting_pace4,C_400_0.5,C,400,0.5,constrained,39,17,32,0,32.0,30,0,30,0,0,16.0,16.0,0.0,2,1.765,15366,394,0.4231,38,-0.0263,10,-0.7,1
qmpa_draper8,qmpa,parallel_adder,control,t,commuting_pace8,C_400_0.5,C,400,0.5,constrained,38,10,32,0,32.0,31,0,31,0,0,32.0,32.0,0.0,1,3.0,14972,394,0.4342,38,0.0,10,0.0,1
qmpa_draper8,qmpa,parallel_adder,control,t,conventional,C_400_0.5,C,400,0.5,constrained,38,10,32,0,32.0,31,0,31,0,0,32.0,32.0,0.0,1,3.0,14972,394,0.4342,38,0.0,10,0.0,1
qmpa_draper8,qmpa,parallel_adder,control,t,conventional_pace4,C_400_0.5,C,400,0.5,constrained,39,17,32,0,32.0,30,0,30,0,0,16.0,16.0,0.0,2,1.765,15366,394,0.4231,38,-0.0263,10,-0.7,1
qt_multiand10,qualtran,and_ladder,control,ccz,commuting,A_200_0.5,A,200,0.5,constrained,56,45,0,9,18.0,0,11,11,7,0,2.0,2.0,0.0,9,0.2,9576,171,0.2791,56,0.0,45,0.0,1
qt_multiand10,qualtran,and_ladder,control,ccz,commuting_pace1,A_200_0.5,A,200,0.5,constrained,56,45,0,9,18.0,0,11,11,7,0,2.0,2.0,0.0,9,0.2,9576,171,0.2791,56,0.0,45,0.0,1
qt_multiand10,qualtran,and_ladder,control,ccz,commuting_pace2,A_200_0.5,A,200,0.5,constrained,56,45,0,9,18.0,0,11,11,7,0,2.0,2.0,0.0,9,0.2,9576,171,0.2791,56,0.0,45,0.0,1
qt_multiand10,qualtran,and_ladder,control,ccz,commuting_pace4,A_200_0.5,A,200,0.5,constrained,56,45,0,9,18.0,0,11,11,7,0,2.0,2.0,0.0,9,0.2,9576,171,0.2791,56,0.0,45,0.0,1
qt_multiand10,qualtran,and_ladder,control,ccz,commuting_pace8,A_200_0.5,A,200,0.5,constrained,56,45,0,9,18.0,0,11,11,7,0,2.0,2.0,0.0,9,0.2,9576,171,0.2791,56,0.0,45,0.0,1
qt_multiand10,qualtran,and_ladder,control,ccz,conventional,A_200_0.5,A,200,0.5,constrained,56,45,0,9,18.0,0,11,11,7,0,2.0,2.0,0.0,9,0.2,9576,171,0.2791,56,0.0,45,0.0,1
qt_multiand10,qualtran,and_ladder,control,ccz,conventional_pace4,A_200_0.5,A,200,0.5,constrained,56,45,0,9,18.0,0,11,11,7,0,2.0,2.0,0.0,9,0.2,9576,171,0.2791,56,0.0,45,0.0,1
qt_multiand10,qualtran,and_ladder,control,ccz,commuting,A_3200_0.5,A,3200,0.5,abundant,48,45,0,9,18.0,0,3,3,483,121,2.0,2.0,0.0,9,0.2,152592,3179,0.0183,48,0.0,45,0.0,0
qt_multiand10,qualtran,and_ladder,control,ccz,commuting_pace1,A_3200_0.5,A,3200,0.5,abundant,48,45,0,9,18.0,0,3,3,483,121,2.0,2.0,0.0,9,0.2,152592,3179,0.0183,48,0.0,45,0.0,0
qt_multiand10,qualtran,and_ladder,control,ccz,commuting_pace2,A_3200_0.5,A,3200,0.5,abundant,48,45,0,9,18.0,0,3,3,483,121,2.0,2.0,0.0,9,0.2,152592,3179,0.0183,48,0.0,45,0.0,0
qt_multiand10,qualtran,and_ladder,control,ccz,commuting_pace4,A_3200_0.5,A,3200,0.5,abundant,48,45,0,9,18.0,0,3,3,483,121,2.0,2.0,0.0,9,0.2,152592,3179,0.0183,48,0.0,45,0.0,0
qt_multiand10,qualtran,and_ladder,control,ccz,commuting_pace8,A_3200_0.5,A,3200,0.5,abundant,48,45,0,9,18.0,0,3,3,483,121,2.0,2.0,0.0,9,0.2,152592,3179,0.0183,48,0.0,45,0.0,0
qt_multiand10,qualtran,and_ladder,control,ccz,conventional,A_3200_0.5,A,3200,0.5,abundant,48,45,0,9,18.0,0,3,3,483,121,2.0,2.0,0.0,9,0.2,152592,3179,0.0183,48,0.0,45,0.0,0
qt_multiand10,qualtran,and_ladder,control,ccz,conventional_pace4,A_3200_0.5,A,3200,0.5,abundant,48,45,0,9,18.0,0,3,3,483,121,2.0,2.0,0.0,9,0.2,152592,3179,0.0183,48,0.0,45,0.0,0
qt_multiand10,qualtran,and_ladder,control,ccz,commuting,A_400_0.25,A,400,0.25,constrained,56,45,0,9,18.0,0,11,11,84,0,2.0,2.0,0.0,9,0.2,20664,369,0.1153,56,0.0,45,0.0,1
qt_multiand10,qualtran,and_ladder,control,ccz,commuting_pace1,A_400_0.25,A,400,0.25,constrained,56,45,0,9,18.0,0,11,11,84,0,2.0,2.0,0.0,9,0.2,20664,369,0.1153,56,0.0,45,0.0,1
qt_multiand10,qualtran,and_ladder,control,ccz,commuting_pace2,A_400_0.25,A,400,0.25,constrained,56,45,0,9,18.0,0,11,11,84,0,2.0,2.0,0.0,9,0.2,20664,369,0.1153,56,0.0,45,0.0,1
qt_multiand10,qualtran,and_ladder,control,ccz,commuting_pace4,A_400_0.25,A,400,0.25,constrained,56,45,0,9,18.0,0,11,11,84,0,2.0,2.0,0.0,9,0.2,20664,369,0.1153,56,0.0,45,0.0,1
qt_multiand10,qualtran,and_ladder,control,ccz,commuting_pace8,A_400_0.25,A,400,0.25,constrained,56,45,0,9,18.0,0,11,11,84,0,2.0,2.0,0.0,9,0.2,20664,369,0.1153,56,0.0,45,0.0,1
qt_multiand10,qualtran,and_ladder,control,ccz,conventional,A_400_0.25,A,400,0.25,constrained,56,45,0,9,18.0,0,11,11,84,0,2.0,2.0,0.0,9,0.2,20664,369,0.1153,56,0.0,45,0.0,1
qt_multiand10,qualtran,and_ladder,control,ccz,conventional_pace4,A_400_0.25,A,400,0.25,constrained,56,45,0,9,18.0,0,11,11,84,0,2.0,2.0,0.0,9,0.2,20664,369,0.1153,56,0.0,45,0.0,1
qt_multiand10,qualtran,and_ladder,control,ccz,commuting,A_400_0.5,A,400,0.5,constrained,48,45,0,9,18.0,0,3,3,32,0,2.0,2.0,0.0,9,0.2,19872,414,0.1422,48,0.0,45,0.0,0
qt_multiand10,qualtran,and_ladder,control,ccz,commuting_pace1,A_400_0.5,A,400,0.5,constrained,48,45,0,9,18.0,0,3,3,32,0,2.0,2.0,0.0,9,0.2,19872,414,0.1422,48,0.0,45,0.0,0
qt_multiand10,qualtran,and_ladder,control,ccz,commuting_pace2,A_400_0.5,A,400,0.5,constrained,48,45,0,9,18.0,0,3,3,32,0,2.0,2.0,0.0,9,0.2,19872,414,0.1422,48,0.0,45,0.0,0
qt_multiand10,qualtran,and_ladder,control,ccz,commuting_pace4,A_400_0.5,A,400,0.5,constrained,48,45,0,9,18.0,0,3,3,32,0,2.0,2.0,0.0,9,0.2,19872,414,0.1422,48,0.0,45,0.0,0
qt_multiand10,qualtran,and_ladder,control,ccz,commuting_pace8,A_400_0.5,A,400,0.5,constrained,48,45,0,9,18.0,0,3,3,32,0,2.0,2.0,0.0,9,0.2,19872,414,0.1422,48,0.0,45,0.0,0
qt_multiand10,qualtran,and_ladder,control,ccz,conventional,A_400_0.5,A,400,0.5,constrained,48,45,0,9,18.0,0,3,3,32,0,2.0,2.0,0.0,9,0.2,19872,414,0.1422,48,0.0,45,0.0,0
qt_multiand10,qualtran,and_ladder,control,ccz,conventional_pace4,A_400_0.5,A,400,0.5,constrained,48,45,0,9,18.0,0,3,3,32,0,2.0,2.0,0.0,9,0.2,19872,414,0.1422,48,0.0,45,0.0,0
qt_multiand10,qualtran,and_ladder,control,ccz,commuting,A_400_0.75,A,400,0.75,constrained,48,45,0,9,18.0,0,3,3,0,0,2.0,2.0,0.0,9,0.2,18576,387,0.1743,48,0.0,45,0.0,0
qt_multiand10,qualtran,and_ladder,control,ccz,commuting_pace1,A_400_0.75,A,400,0.75,constrained,48,45,0,9,18.0,0,3,3,0,0,2.0,2.0,0.0,9,0.2,18576,387,0.1743,48,0.0,45,0.0,0
qt_multiand10,qualtran,and_ladder,control,ccz,commuting_pace2,A_400_0.75,A,400,0.75,constrained,48,45,0,9,18.0,0,3,3,0,0,2.0,2.0,0.0,9,0.2,18576,387,0.1743,48,0.0,45,0.0,0
qt_multiand10,qualtran,and_ladder,control,ccz,commuting_pace4,A_400_0.75,A,400,0.75,constrained,48,45,0,9,18.0,0,3,3,0,0,2.0,2.0,0.0,9,0.2,18576,387,0.1743,48,0.0,45,0.0,0
qt_multiand10,qualtran,and_ladder,control,ccz,commuting_pace8,A_400_0.75,A,400,0.75,constrained,48,45,0,9,18.0,0,3,3,0,0,2.0,2.0,0.0,9,0.2,18576,387,0.1743,48,0.0,45,0.0,0
qt_multiand10,qualtran,and_ladder,control,ccz,conventional,A_400_0.75,A,400,0.75,constrained,48,45,0,9,18.0,0,3,3,0,0,2.0,2.0,0.0,9,0.2,18576,387,0.1743,48,0.0,45,0.0,0
qt_multiand10,qualtran,and_ladder,control,ccz,conventional_pace4,A_400_0.75,A,400,0.75,constrained,48,45,0,9,18.0,0,3,3,0,0,2.0,2.0,0.0,9,0.2,18576,387,0.1743,48,0.0,45,0.0,0
qt_multiand10,qualtran,and_ladder,control,ccz,commuting,A_800_0.5,A,800,0.5,moderate,48,45,0,9,18.0,0,3,3,96,3,2.0,2.0,0.0,9,0.2,39744,828,0.0711,48,0.0,45,0.0,0
qt_multiand10,qualtran,and_ladder,control,ccz,commuting_pace1,A_800_0.5,A,800,0.5,moderate,48,45,0,9,18.0,0,3,3,96,3,2.0,2.0,0.0,9,0.2,39744,828,0.0711,48,0.0,45,0.0,0
qt_multiand10,qualtran,and_ladder,control,ccz,commuting_pace2,A_800_0.5,A,800,0.5,moderate,48,45,0,9,18.0,0,3,3,96,3,2.0,2.0,0.0,9,0.2,39744,828,0.0711,48,0.0,45,0.0,0
qt_multiand10,qualtran,and_ladder,control,ccz,commuting_pace4,A_800_0.5,A,800,0.5,moderate,48,45,0,9,18.0,0,3,3,96,3,2.0,2.0,0.0,9,0.2,39744,828,0.0711,48,0.0,45,0.0,0
qt_multiand10,qualtran,and_ladder,control,ccz,commuting_pace8,A_800_0.5,A,800,0.5,moderate,48,45,0,9,18.0,0,3,3,96,3,2.0,2.0,0.0,9,0.2,39744,828,0.0711,48,0.0,45,0.0,0
qt_multiand10,qualtran,and_ladder,control,ccz,conventional,A_800_0.5,A,800,0.5,moderate,48,45,0,9,18.0,0,3,3,96,3,2.0,2.0,0.0,9,0.2,39744,828,0.0711,48,0.0,45,0.0,0
qt_multiand10,qualtran,and_ladder,control,ccz,conventional_pace4,A_800_0.5,A,800,0.5,moderate,48,45,0,9,18.0,0,3,3,96,3,2.0,2.0,0.0,9,0.2,39744,828,0.0711,48,0.0,45,0.0,0
qt_multiand10,qualtran,and_ladder,control,ccz,commuting,B_400_0.5,B,400,0.5,constrained,51,45,0,9,18.0,0,6,6,0,0,2.0,2.0,0.0,9,0.2,19686,386,0.182,51,0.0,45,0.0,1
qt_multiand10,qualtran,and_ladder,control,ccz,commuting_pace1,B_400_0.5,B,400,0.5,constrained,51,45,0,9,18.0,0,6,6,0,0,2.0,2.0,0.0,9,0.2,19686,386,0.182,51,0.0,45,0.0,1
qt_multiand10,qualtran,and_ladder,control,ccz,commuting_pace2,B_400_0.5,B,400,0.5,constrained,51,45,0,9,18.0,0,6,6,0,0,2.0,2.0,0.0,9,0.2,19686,386,0.182,51,0.0,45,0.0,1
qt_multiand10,qualtran,and_ladder,control,ccz,commuting_pace4,B_400_0.5,B,400,0.5,constrained,51,45,0,9,18.0,0,6,6,0,0,2.0,2.0,0.0,9,0.2,19686,386,0.182,51,0.0,45,0.0,1
qt_multiand10,qualtran,and_ladder,control,ccz,commuting_pace8,B_400_0.5,B,400,0.5,constrained,51,45,0,9,18.0,0,6,6,0,0,2.0,2.0,0.0,9,0.2,19686,386,0.182,51,0.0,45,0.0,1
qt_multiand10,qualtran,and_ladder,control,ccz,conventional,B_400_0.5,B,400,0.5,constrained,51,45,0,9,18.0,0,6,6,0,0,2.0,2.0,0.0,9,0.2,19686,386,0.182,51,0.0,45,0.0,1
qt_multiand10,qualtran,and_ladder,control,ccz,conventional_pace4,B_400_0.5,B,400,0.5,constrained,51,45,0,9,18.0,0,6,6,0,0,2.0,2.0,0.0,9,0.2,19686,386,0.182,51,0.0,45,0.0,1
qt_multiand10,qualtran,and_ladder,control,ccz,commuting,C_400_0.5,C,400,0.5,constrained,51,45,0,9,18.0,0,6,6,0,0,2.0,2.0,0.0,9,0.2,20094,394,0.182,51,0.0,45,0.0,1
qt_multiand10,qualtran,and_ladder,control,ccz,commuting_pace1,C_400_0.5,C,400,0.5,constrained,51,45,0,9,18.0,0,6,6,0,0,2.0,2.0,0.0,9,0.2,20094,394,0.182,51,0.0,45,0.0,1
qt_multiand10,qualtran,and_ladder,control,ccz,commuting_pace2,C_400_0.5,C,400,0.5,constrained,51,45,0,9,18.0,0,6,6,0,0,2.0,2.0,0.0,9,0.2,20094,394,0.182,51,0.0,45,0.0,1
qt_multiand10,qualtran,and_ladder,control,ccz,commuting_pace4,C_400_0.5,C,400,0.5,constrained,51,45,0,9,18.0,0,6,6,0,0,2.0,2.0,0.0,9,0.2,20094,394,0.182,51,0.0,45,0.0,1
qt_multiand10,qualtran,and_ladder,control,ccz,commuting_pace8,C_400_0.5,C,400,0.5,constrained,51,45,0,9,18.0,0,6,6,0,0,2.0,2.0,0.0,9,0.2,20094,394,0.182,51,0.0,45,0.0,1
qt_multiand10,qualtran,and_ladder,control,ccz,conventional,C_400_0.5,C,400,0.5,constrained,51,45,0,9,18.0,0,6,6,0,0,2.0,2.0,0.0,9,0.2,20094,394,0.182,51,0.0,45,0.0,1
qt_multiand10,qualtran,and_ladder,control,ccz,conventional_pace4,C_400_0.5,C,400,0.5,constrained,51,45,0,9,18.0,0,6,6,0,0,2.0,2.0,0.0,9,0.2,20094,394,0.182,51,0.0,45,0.0,1
qt_multiand10,qualtran,and_ladder,control,t,commuting,A_200_0.5,A,200,0.5,constrained,72,63,36,0,36.0,9,0,9,0,0,4.0,4.0,0.0,9,0.143,12312,171,0.4342,72,0.0,63,0.0,1
qt_multiand10,qualtran,and_ladder,control,t,commuting_pace1,A_200_0.5,A,200,0.5,constrained,72,63,36,0,36.0,9,0,9,0,0,4.0,4.0,0.0,9,0.143,12312,171,0.4342,72,0.0,63,0.0,1
qt_multiand10,qualtran,and_ladder,control,t,commuting_pace2,A_200_0.5,A,200,0.5,constrained,72,63,36,0,36.0,9,0,9,0,0,4.0,4.0,0.0,9,0.143,12312,171,0.4342,72,0.0,63,0.0,1
qt_multiand10,qualtran,and_ladder,control,t,commuting_pace4,A_200_0.5,A,200,0.5,constrained,72,63,36,0,36.0,9,0,9,0,0,4.0,4.0,0.0,9,0.143,12312,171,0.4342,72,0.0,63,0.0,1
qt_multiand10,qualtran,and_ladder,control,t,commuting_pace8,A_200_0.5,A,200,0.5,constrained,72,63,36,0,36.0,9,0,9,0,0,4.0,4.0,0.0,9,0.143,12312,171,0.4342,72,0.0,63,0.0,1
qt_multiand10,qualtran,and_ladder,control,t,conventional,A_200_0.5,A,200,0.5,constrained,72,63,36,0,36.0,9,0,9,0,0,4.0,4.0,0.0,9,0.143,12312,171,0.4342,72,0.0,63,0.0,1
qt_multiand10,qualtran,and_ladder,control,t,conventional_pace4,A_200_0.5,A,200,0.5,constrained,72,63,36,0,36.0,9,0,9,0,0,4.0,4.0,0.0,9,0.143,12312,171,0.4342,72,0.0,63,0.0,1
qt_multiand10,qualtran,and_ladder,control,t,commuting,A_3200_0.5,A,3200,0.5,abundant,71,63,36,0,36.0,8,0,8,750,214,4.0,4.0,0.0,9,0.143,225709,3179,0.0247,71,0.0,63,0.0,1
qt_multiand10,qualtran,and_ladder,control,t,commuting_pace1,A_3200_0.5,A,3200,0.5,abundant,71,63,36,0,36.0,8,0,8,750,214,4.0,4.0,0.0,9,0.143,225709,3179,0.0247,71,0.0,63,0.0,1
qt_multiand10,qualtran,and_ladder,control,t,commuting_pace2,A_3200_0.5,A,3200,0.5,abundant,71,63,36,0,36.0,8,0,8,750,214,4.0,4.0,0.0,9,0.143,225709,3179,0.0247,71,0.0,63,0.0,1
qt_multiand10,qualtran,and_ladder,control,t,commuting_pace4,A_3200_0.5,A,3200,0.5,abundant,71,63,36,0,36.0,8,0,8,750,214,4.0,4.0,0.0,9,0.143,225709,3179,0.0247,71,0.0,63,0.0,1
qt_multiand10,qualtran,and_ladder,control,t,commuting_pace8,A_3200_0.5,A,3200,0.5,abundant,71,63,36,0,36.0,8,0,8,750,214,4.0,4.0,0.0,9,0.143,225709,3179,0.0247,71,0.0,63,0.0,1
qt_multiand10,qualtran,and_ladder,control,t,conventional,A_3200_0.5,A,3200,0.5,abundant,71,63,36,0,36.0,8,0,8,750,214,4.0,4.0,0.0,9,0.143,225709,3179,0.0247,71,0.0,63,0.0,1
qt_multiand10,qualtran,and_ladder,control,t,conventional_pace4,A_3200_0.5,A,3200,0.5,abundant,71,63,36,0,36.0,8,0,8,750,214,4.0,4.0,0.0,9,0.143,225709,3179,0.0247,71,0.0,63,0.0,1
qt_multiand10,qualtran,and_ladder,control,t,commuting,A_400_0.25,A,400,0.25,constrained,71,63,36,0,36.0,8,0,8,85,0,4.0,4.0,0.0,9,0.143,26199,369,0.1819,71,0.0,63,0.0,1
qt_multiand10,qualtran,and_ladder,control,t,commuting_pace1,A_400_0.25,A,400,0.25,constrained,71,63,36,0,36.0,8,0,8,85,0,4.0,4.0,0.0,9,0.143,26199,369,0.1819,71,0.0,63,0.0,1
qt_multiand10,qualtran,and_ladder,control,t,commuting_pace2,A_400_0.25,A,400,0.25,constrained,71,63,36,0,36.0,8,0,8,85,0,4.0,4.0,0.0,9,0.143,26199,369,0.1819,71,0.0,63,0.0,1
qt_multiand10,qualtran,and_ladder,control,t,commuting_pace4,A_400_0.25,A,400,0.25,constrained,71,63,36,0,36.0,8,0,8,85,0,4.0,4.0,0.0,9,0.143,26199,369,0.1819,71,0.0,63,0.0,1
qt_multiand10,qualtran,and_ladder,control,t,commuting_pace8,A_400_0.25,A,400,0.25,constrained,71,63,36,0,36.0,8,0,8,85,0,4.0,4.0,0.0,9,0.143,26199,369,0.1819,71,0.0,63,0.0,1
qt_multiand10,qualtran,and_ladder,control,t,conventional,A_400_0.25,A,400,0.25,constrained,71,63,36,0,36.0,8,0,8,85,0,4.0,4.0,0.0,9,0.143,26199,369,0.1819,71,0.0,63,0.0,1
qt_multiand10,qualtran,and_ladder,control,t,conventional_pace4,A_400_0.25,A,400,0.25,constrained,71,63,36,0,36.0,8,0,8,85,0,4.0,4.0,0.0,9,0.143,26199,369,0.1819,71,0.0,63,0.0,1
qt_multiand10,qualtran,and_ladder,control,t,commuting,A_400_0.5,A,400,0.5,constrained,71,63,36,0,36.0,8,0,8,34,2,4.0,4.0,0.0,9,0.143,29394,414,0.1923,71,0.0,63,0.0,1
qt_multiand10,qualtran,and_ladder,control,t,commuting_pace1,A_400_0.5,A,400,0.5,constrained,71,63,36,0,36.0,8,0,8,34,2,4.0,4.0,0.0,9,0.143,29394,414,0.1923,71,0.0,63,0.0,1
qt_multiand10,qualtran,and_ladder,control,t,commuting_pace2,A_400_0.5,A,400,0.5,constrained,71,63,36,0,36.0,8,0,8,34,2,4.0,4.0,0.0,9,0.143,29394,414,0.1923,71,0.0,63,0.0,1
qt_multiand10,qualtran,and_ladder,control,t,commuting_pace4,A_400_0.5,A,400,0.5,constrained,71,63,36,0,36.0,8,0,8,34,2,4.0,4.0,0.0,9,0.143,29394,414,0.1923,71,0.0,63,0.0,1
qt_multiand10,qualtran,and_ladder,control,t,commuting_pace8,A_400_0.5,A,400,0.5,constrained,71,63,36,0,36.0,8,0,8,34,2,4.0,4.0,0.0,9,0.143,29394,414,0.1923,71,0.0,63,0.0,1
qt_multiand10,qualtran,and_ladder,control,t,conventional,A_400_0.5,A,400,0.5,constrained,71,63,36,0,36.0,8,0,8,34,2,4.0,4.0,0.0,9,0.143,29394,414,0.1923,71,0.0,63,0.0,1
qt_multiand10,qualtran,and_ladder,control,t,conventional_pace4,A_400_0.5,A,400,0.5,constrained,71,63,36,0,36.0,8,0,8,34,2,4.0,4.0,0.0,9,0.143,29394,414,0.1923,71,0.0,63,0.0,1
qt_multiand10,qualtran,and_ladder,control,t,commuting,A_400_0.75,A,400,0.75,constrained,72,63,36,0,36.0,9,0,9,0,14,4.0,4.0,0.0,9,0.143,27864,387,0.2324,72,0.0,63,0.0,1
qt_multiand10,qualtran,and_ladder,control,t,commuting_pace1,A_400_0.75,A,400,0.75,constrained,72,63,36,0,36.0,9,0,9,0,14,4.0,4.0,0.0,9,0.143,27864,387,0.2324,72,0.0,63,0.0,1
qt_multiand10,qualtran,and_ladder,control,t,commuting_pace2,A_400_0.75,A,400,0.75,constrained,72,63,36,0,36.0,9,0,9,0,14,4.0,4.0,0.0,9,0.143,27864,387,0.2324,72,0.0,63,0.0,1
qt_multiand10,qualtran,and_ladder,control,t,commuting_pace4,A_400_0.75,A,400,0.75,constrained,72,63,36,0,36.0,9,0,9,0,14,4.0,4.0,0.0,9,0.143,27864,387,0.2324,72,0.0,63,0.0,1
qt_multiand10,qualtran,and_ladder,control,t,commuting_pace8,A_400_0.75,A,400,0.75,constrained,72,63,36,0,36.0,9,0,9,0,14,4.0,4.0,0.0,9,0.143,27864,387,0.2324,72,0.0,63,0.0,1
qt_multiand10,qualtran,and_ladder,control,t,conventional,A_400_0.75,A,400,0.75,constrained,72,63,36,0,36.0,9,0,9,0,14,4.0,4.0,0.0,9,0.143,27864,387,0.2324,72,0.0,63,0.0,1
qt_multiand10,qualtran,and_ladder,control,t,conventional_pace4,A_400_0.75,A,400,0.75,constrained,72,63,36,0,36.0,9,0,9,0,14,4.0,4.0,0.0,9,0.143,27864,387,0.2324,72,0.0,63,0.0,1
qt_multiand10,qualtran,and_ladder,control,t,commuting,A_800_0.5,A,800,0.5,moderate,71,63,36,0,36.0,8,0,8,135,35,4.0,4.0,0.0,9,0.143,58788,828,0.0962,71,0.0,63,0.0,1
qt_multiand10,qualtran,and_ladder,control,t,commuting_pace1,A_800_0.5,A,800,0.5,moderate,71,63,36,0,36.0,8,0,8,135,35,4.0,4.0,0.0,9,0.143,58788,828,0.0962,71,0.0,63,0.0,1
qt_multiand10,qualtran,and_ladder,control,t,commuting_pace2,A_800_0.5,A,800,0.5,moderate,71,63,36,0,36.0,8,0,8,135,35,4.0,4.0,0.0,9,0.143,58788,828,0.0962,71,0.0,63,0.0,1
qt_multiand10,qualtran,and_ladder,control,t,commuting_pace4,A_800_0.5,A,800,0.5,moderate,71,63,36,0,36.0,8,0,8,135,35,4.0,4.0,0.0,9,0.143,58788,828,0.0962,71,0.0,63,0.0,1
qt_multiand10,qualtran,and_ladder,control,t,commuting_pace8,A_800_0.5,A,800,0.5,moderate,71,63,36,0,36.0,8,0,8,135,35,4.0,4.0,0.0,9,0.143,58788,828,0.0962,71,0.0,63,0.0,1
qt_multiand10,qualtran,and_ladder,control,t,conventional,A_800_0.5,A,800,0.5,moderate,71,63,36,0,36.0,8,0,8,135,35,4.0,4.0,0.0,9,0.143,58788,828,0.0962,71,0.0,63,0.0,1
qt_multiand10,qualtran,and_ladder,control,t,conventional_pace4,A_800_0.5,A,800,0.5,moderate,71,63,36,0,36.0,8,0,8,135,35,4.0,4.0,0.0,9,0.143,58788,828,0.0962,71,0.0,63,0.0,1
qt_multiand10,qualtran,and_ladder,control,t,commuting,B_400_0.5,B,400,0.5,constrained,75,63,36,0,36.0,12,0,12,0,0,4.0,4.0,0.0,9,0.143,28950,386,0.2475,75,0.0,63,0.0,1
qt_multiand10,qualtran,and_ladder,control,t,commuting_pace1,B_400_0.5,B,400,0.5,constrained,75,63,36,0,36.0,12,0,12,0,0,4.0,4.0,0.0,9,0.143,28950,386,0.2475,75,0.0,63,0.0,1
qt_multiand10,qualtran,and_ladder,control,t,commuting_pace2,B_400_0.5,B,400,0.5,constrained,75,63,36,0,36.0,12,0,12,0,0,4.0,4.0,0.0,9,0.143,28950,386,0.2475,75,0.0,63,0.0,1
qt_multiand10,qualtran,and_ladder,control,t,commuting_pace4,B_400_0.5,B,400,0.5,constrained,75,63,36,0,36.0,12,0,12,0,0,4.0,4.0,0.0,9,0.143,28950,386,0.2475,75,0.0,63,0.0,1
qt_multiand10,qualtran,and_ladder,control,t,commuting_pace8,B_400_0.5,B,400,0.5,constrained,75,63,36,0,36.0,12,0,12,0,0,4.0,4.0,0.0,9,0.143,28950,386,0.2475,75,0.0,63,0.0,1
qt_multiand10,qualtran,and_ladder,control,t,conventional,B_400_0.5,B,400,0.5,constrained,75,63,36,0,36.0,12,0,12,0,0,4.0,4.0,0.0,9,0.143,28950,386,0.2475,75,0.0,63,0.0,1
qt_multiand10,qualtran,and_ladder,control,t,conventional_pace4,B_400_0.5,B,400,0.5,constrained,75,63,36,0,36.0,12,0,12,0,0,4.0,4.0,0.0,9,0.143,28950,386,0.2475,75,0.0,63,0.0,1
qt_multiand10,qualtran,and_ladder,control,t,commuting,C_400_0.5,C,400,0.5,constrained,71,63,36,0,36.0,8,0,8,0,0,4.0,4.0,0.0,9,0.143,27974,394,0.2614,71,0.0,63,0.0,1
qt_multiand10,qualtran,and_ladder,control,t,commuting_pace1,C_400_0.5,C,400,0.5,constrained,71,63,36,0,36.0,8,0,8,0,0,4.0,4.0,0.0,9,0.143,27974,394,0.2614,71,0.0,63,0.0,1
qt_multiand10,qualtran,and_ladder,control,t,commuting_pace2,C_400_0.5,C,400,0.5,constrained,71,63,36,0,36.0,8,0,8,0,0,4.0,4.0,0.0,9,0.143,27974,394,0.2614,71,0.0,63,0.0,1
qt_multiand10,qualtran,and_ladder,control,t,commuting_pace4,C_400_0.5,C,400,0.5,constrained,71,63,36,0,36.0,8,0,8,0,0,4.0,4.0,0.0,9,0.143,27974,394,0.2614,71,0.0,63,0.0,1
qt_multiand10,qualtran,and_ladder,control,t,commuting_pace8,C_400_0.5,C,400,0.5,constrained,71,63,36,0,36.0,8,0,8,0,0,4.0,4.0,0.0,9,0.143,27974,394,0.2614,71,0.0,63,0.0,1
qt_multiand10,qualtran,and_ladder,control,t,conventional,C_400_0.5,C,400,0.5,constrained,71,63,36,0,36.0,8,0,8,0,0,4.0,4.0,0.0,9,0.143,27974,394,0.2614,71,0.0,63,0.0,1
qt_multiand10,qualtran,and_ladder,control,t,conventional_pace4,C_400_0.5,C,400,0.5,constrained,71,63,36,0,36.0,8,0,8,0,0,4.0,4.0,0.0,9,0.143,27974,394,0.2614,71,0.0,63,0.0,1
qb_multiplier_n15,qasmbench,multiplier,target,ccz,commuting,A_200_0.5,A,200,0.5,constrained,121,87,0,18,36.0,0,77,77,60,0,6.0,3.6,0.4843,10,0.805,20691,171,0.2584,121,0.0,88,0.0114,1
qb_multiplier_n15,qasmbench,multiplier,target,ccz,commuting_pace1,A_200_0.5,A,200,0.5,constrained,126,120,0,18,36.0,0,6,6,64,0,2.0,2.0,0.0,18,0.583,21546,171,0.2481,121,-0.0413,88,-0.3636,0
qb_multiplier_n15,qasmbench,multiplier,target,ccz,commuting_pace2,A_200_0.5,A,200,0.5,constrained,121,87,0,18,36.0,0,58,58,60,0,4.0,3.27,0.294,11,0.805,20691,171,0.2584,121,0.0,88,0.0114,1
qb_multiplier_n15,qasmbench,multiplier,target,ccz,commuting_pace4,A_200_0.5,A,200,0.5,constrained,121,87,0,18,36.0,0,70,70,60,0,6.0,3.6,0.4157,10,0.805,20691,171,0.2584,121,0.0,88,0.0114,1
qb_multiplier_n15,qasmbench,multiplier,target,ccz,commuting_pace8,A_200_0.5,A,200,0.5,constrained,121,87,0,18,36.0,0,77,77,60,0,6.0,3.6,0.4843,10,0.805,20691,171,0.2584,121,0.0,88,0.0114,1
qb_multiplier_n15,qasmbench,multiplier,target,ccz,conventional,A_200_0.5,A,200,0.5,constrained,121,88,0,18,36.0,0,50,50,60,0,6.0,3.6,0.4843,10,0.795,20691,171,0.2584,121,0.0,88,0.0,1
qb_multiplier_n15,qasmbench,multiplier,target,ccz,conventional_pace4,A_200_0.5,A,200,0.5,constrained,121,88,0,18,36.0,0,40,40,60,0,6.0,3.6,0.4843,10,0.795,20691,171,0.2584,121,0.0,88,0.0,1
qb_multiplier_n15,qasmbench,multiplier,target,ccz,commuting,A_3200_0.5,A,3200,0.5,abundant,89,87,0,18,36.0,0,2,2,1023,262,6.0,3.6,0.4843,10,0.805,282931,3179,0.0197,90,0.0111,88,0.0114,0
qb_multiplier_n15,qasmbench,multiplier,target,ccz,commuting_pace1,A_3200_0.5,A,3200,0.5,abundant,122,120,0,18,36.0,0,2,2,1458,383,2.0,2.0,0.0,18,0.583,387838,3179,0.0144,90,-0.3556,88,-0.3636,0
qb_multiplier_n15,qasmbench,multiplier,target,ccz,commuting_pace2,A_3200_0.5,A,3200,0.5,abundant,89,87,0,18,36.0,0,2,2,1023,262,4.0,3.27,0.294,11,0.805,282931,3179,0.0197,90,0.0111,88,0.0114,0
qb_multiplier_n15,qasmbench,multiplier,target,ccz,commuting_pace4,A_3200_0.5,A,3200,0.5,abundant,89,87,0,18,36.0,0,2,2,1023,262,6.0,3.6,0.4157,10,0.805,282931,3179,0.0197,90,0.0111,88,0.0114,0
qb_multiplier_n15,qasmbench,multiplier,target,ccz,commuting_pace8,A_3200_0.5,A,3200,0.5,abundant,89,87,0,18,36.0,0,2,2,1023,262,6.0,3.6,0.4843,10,0.805,282931,3179,0.0197,90,0.0111,88,0.0114,0
qb_multiplier_n15,qasmbench,multiplier,target,ccz,conventional,A_3200_0.5,A,3200,0.5,abundant,90,88,0,18,36.0,0,2,2,1036,266,6.0,3.6,0.4843,10,0.795,286110,3179,0.0195,90,0.0,88,0.0,0
qb_multiplier_n15,qasmbench,multiplier,target,ccz,conventional_pace4,A_3200_0.5,A,3200,0.5,abundant,90,88,0,18,36.0,0,2,2,1036,266,6.0,3.6,0.4843,10,0.795,286110,3179,0.0195,90,0.0,88,0.0,0
qb_multiplier_n15,qasmbench,multiplier,target,ccz,commuting,A_400_0.25,A,400,0.25,constrained,121,87,0,18,36.0,0,77,77,243,0,6.0,3.6,0.4843,10,0.805,44649,369,0.1067,121,0.0,88,0.0114,1
qb_multiplier_n15,qasmbench,multiplier,target,ccz,commuting_pace1,A_400_0.25,A,400,0.25,constrained,126,120,0,18,36.0,0,6,6,256,0,2.0,2.0,0.0,18,0.583,46494,369,0.1025,121,-0.0413,88,-0.3636,0
qb_multiplier_n15,qasmbench,multiplier,target,ccz,commuting_pace2,A_400_0.25,A,400,0.25,constrained,121,87,0,18,36.0,0,58,58,243,0,4.0,3.27,0.294,11,0.805,44649,369,0.1067,121,0.0,88,0.0114,1
qb_multiplier_n15,qasmbench,multiplier,target,ccz,commuting_pace4,A_400_0.25,A,400,0.25,constrained,121,87,0,18,36.0,0,70,70,243,0,6.0,3.6,0.4157,10,0.805,44649,369,0.1067,121,0.0,88,0.0114,1
qb_multiplier_n15,qasmbench,multiplier,target,ccz,commuting_pace8,A_400_0.25,A,400,0.25,constrained,121,87,0,18,36.0,0,77,77,243,0,6.0,3.6,0.4843,10,0.805,44649,369,0.1067,121,0.0,88,0.0114,1
qb_multiplier_n15,qasmbench,multiplier,target,ccz,conventional,A_400_0.25,A,400,0.25,constrained,121,88,0,18,36.0,0,50,50,243,0,6.0,3.6,0.4843,10,0.795,44649,369,0.1067,121,0.0,88,0.0,1
qb_multiplier_n15,qasmbench,multiplier,target,ccz,conventional_pace4,A_400_0.25,A,400,0.25,constrained,121,88,0,18,36.0,0,40,40,243,0,6.0,3.6,0.4843,10,0.795,44649,369,0.1067,121,0.0,88,0.0,1
qb_multiplier_n15,qasmbench,multiplier,target,ccz,commuting,A_400_0.5,A,400,0.5,constrained,90,87,0,18,36.0,0,8,8,101,0,6.0,3.6,0.4843,10,0.805,37260,414,0.1517,90,0.0,88,0.0114,0
qb_multiplier_n15,qasmbench,multiplier,target,ccz,commuting_pace1,A_400_0.5,A,400,0.5,constrained,122,120,0,18,36.0,0,2,2,153,9,2.0,2.0,0.0,18,0.583,50508,414,0.1119,90,-0.3556,88,-0.3636,0
qb_multiplier_n15,qasmbench,multiplier,target,ccz,commuting_pace2,A_400_0.5,A,400,0.5,constrained,91,87,0,18,36.0,0,4,4,103,0,4.0,3.27,0.294,11,0.805,37674,414,0.1501,90,-0.0111,88,0.0114,0
qb_multiplier_n15,qasmbench,multiplier,target,ccz,commuting_pace4,A_400_0.5,A,400,0.5,constrained,90,87,0,18,36.0,0,8,8,101,0,6.0,3.6,0.4157,10,0.805,37260,414,0.1517,90,0.0,88,0.0114,0
qb_multiplier_n15,qasmbench,multiplier,target,ccz,commuting_pace8,A_400_0.5,A,400,0.5,constrained,90,87,0,18,36.0,0,8,8,101,0,6.0,3.6,0.4843,10,0.805,37260,414,0.1517,90,0.0,88,0.0114,0
qb_multiplier_n15,qasmbench,multiplier,target,ccz,conventional,A_400_0.5,A,400,0.5,constrained,90,88,0,18,36.0,0,2,2,101,0,6.0,3.6,0.4843,10,0.795,37260,414,0.1517,90,0.0,88,0.0,0
qb_multiplier_n15,qasmbench,multiplier,target,ccz,conventional_pace4,A_400_0.5,A,400,0.5,constrained,90,88,0,18,36.0,0,2,2,101,0,6.0,3.6,0.4843,10,0.795,37260,414,0.1517,90,0.0,88,0.0,0
qb_multiplier_n15,qasmbench,multiplier,target,ccz,commuting,A_400_0.75,A,400,0.75,constrained,89,87,0,18,36.0,0,5,5,34,7,6.0,3.6,0.4843,10,0.805,34443,387,0.188,90,0.0111,88,0.0114,0
qb_multiplier_n15,qasmbench,multiplier,target,ccz,commuting_pace1,A_400_0.75,A,400,0.75,constrained,122,120,0,18,36.0,0,2,2,61,29,2.0,2.0,0.0,18,0.583,47214,387,0.1372,90,-0.3556,88,-0.3636,0
qb_multiplier_n15,qasmbench,multiplier,target,ccz,commuting_pace2,A_400_0.75,A,400,0.75,constrained,90,87,0,18,36.0,0,3,3,35,8,4.0,3.27,0.294,11,0.805,34830,387,0.1859,90,0.0,88,0.0114,0
qb_multiplier_n15,qasmbench,multiplier,target,ccz,commuting_pace4,A_400_0.75,A,400,0.75,constrained,89,87,0,18,36.0,0,5,5,34,7,6.0,3.6,0.4157,10,0.805,34443,387,0.188,90,0.0111,88,0.0114,0
qb_multiplier_n15,qasmbench,multiplier,target,ccz,commuting_pace8,A_400_0.75,A,400,0.75,constrained,89,87,0,18,36.0,0,5,5,34,7,6.0,3.6,0.4843,10,0.805,34443,387,0.188,90,0.0111,88,0.0114,0
qb_multiplier_n15,qasmbench,multiplier,target,ccz,conventional,A_400_0.75,A,400,0.75,constrained,90,88,0,18,36.0,0,2,2,35,8,6.0,3.6,0.4843,10,0.795,34830,387,0.1859,90,0.0,88,0.0,0
qb_multiplier_n15,qasmbench,multiplier,target,ccz,conventional_pace4,A_400_0.75,A,400,0.75,constrained,90,88,0,18,36.0,0,2,2,35,8,6.0,3.6,0.4843,10,0.795,34830,387,0.1859,90,0.0,88,0.0,0
qb_multiplier_n15,qasmbench,multiplier,target,ccz,commuting,A_800_0.5,A,800,0.5,moderate,89,87,0,18,36.0,0,4,4,230,35,6.0,3.6,0.4843,10,0.805,73692,828,0.0767,90,0.0111,88,0.0114,0
qb_multiplier_n15,qasmbench,multiplier,target,ccz,commuting_pace1,A_800_0.5,A,800,0.5,moderate,122,120,0,18,36.0,0,2,2,338,68,2.0,2.0,0.0,18,0.583,101016,828,0.056,90,-0.3556,88,-0.3636,0
qb_multiplier_n15,qasmbench,multiplier,target,ccz,commuting_pace2,A_800_0.5,A,800,0.5,moderate,90,87,0,18,36.0,0,3,3,234,36,4.0,3.27,0.294,11,0.805,74520,828,0.0759,90,0.0,88,0.0114,0
qb_multiplier_n15,qasmbench,multiplier,target,ccz,commuting_pace4,A_800_0.5,A,800,0.5,moderate,89,87,0,18,36.0,0,4,4,230,35,6.0,3.6,0.4157,10,0.805,73692,828,0.0767,90,0.0111,88,0.0114,0
qb_multiplier_n15,qasmbench,multiplier,target,ccz,commuting_pace8,A_800_0.5,A,800,0.5,moderate,89,87,0,18,36.0,0,4,4,230,35,6.0,3.6,0.4843,10,0.805,73692,828,0.0767,90,0.0111,88,0.0114,0
qb_multiplier_n15,qasmbench,multiplier,target,ccz,conventional,A_800_0.5,A,800,0.5,moderate,90,88,0,18,36.0,0,2,2,234,36,6.0,3.6,0.4843,10,0.795,74520,828,0.0759,90,0.0,88,0.0,0
qb_multiplier_n15,qasmbench,multiplier,target,ccz,conventional_pace4,A_800_0.5,A,800,0.5,moderate,90,88,0,18,36.0,0,2,2,234,36,6.0,3.6,0.4843,10,0.795,74520,828,0.0759,90,0.0,88,0.0,0
qb_multiplier_n15,qasmbench,multiplier,target,ccz,commuting,B_400_0.5,B,400,0.5,constrained,94,87,0,18,36.0,0,18,18,0,0,6.0,3.6,0.4843,10,0.805,36284,386,0.1975,95,0.0105,88,0.0114,0
qb_multiplier_n15,qasmbench,multiplier,target,ccz,commuting_pace1,B_400_0.5,B,400,0.5,constrained,125,120,0,18,36.0,0,5,5,0,0,2.0,2.0,0.0,18,0.583,48250,386,0.1485,95,-0.3158,88,-0.3636,0
qb_multiplier_n15,qasmbench,multiplier,target,ccz,commuting_pace2,B_400_0.5,B,400,0.5,constrained,94,87,0,18,36.0,0,7,7,0,0,4.0,3.27,0.294,11,0.805,36284,386,0.1975,95,0.0105,88,0.0114,0
qb_multiplier_n15,qasmbench,multiplier,target,ccz,commuting_pace4,B_400_0.5,B,400,0.5,constrained,94,87,0,18,36.0,0,18,18,0,0,6.0,3.6,0.4157,10,0.805,36284,386,0.1975,95,0.0105,88,0.0114,0
qb_multiplier_n15,qasmbench,multiplier,target,ccz,commuting_pace8,B_400_0.5,B,400,0.5,constrained,94,87,0,18,36.0,0,18,18,0,0,6.0,3.6,0.4843,10,0.805,36284,386,0.1975,95,0.0105,88,0.0114,0
qb_multiplier_n15,qasmbench,multiplier,target,ccz,conventional,B_400_0.5,B,400,0.5,constrained,95,88,0,18,36.0,0,9,9,0,0,6.0,3.6,0.4843,10,0.795,36670,386,0.1954,95,0.0,88,0.0,0
qb_multiplier_n15,qasmbench,multiplier,target,ccz,conventional_pace4,B_400_0.5,B,400,0.5,constrained,95,88,0,18,36.0,0,9,9,0,0,6.0,3.6,0.4843,10,0.795,36670,386,0.1954,95,0.0,88,0.0,0
qb_multiplier_n15,qasmbench,multiplier,target,ccz,commuting,C_400_0.5,C,400,0.5,constrained,94,87,0,18,36.0,0,19,19,0,0,6.0,3.6,0.4843,10,0.805,37036,394,0.1975,95,0.0105,88,0.0114,0
qb_multiplier_n15,qasmbench,multiplier,target,ccz,commuting_pace1,C_400_0.5,C,400,0.5,constrained,125,120,0,18,36.0,0,5,5,0,0,2.0,2.0,0.0,18,0.583,49250,394,0.1485,95,-0.3158,88,-0.3636,0
qb_multiplier_n15,qasmbench,multiplier,target,ccz,commuting_pace2,C_400_0.5,C,400,0.5,constrained,94,87,0,18,36.0,0,10,10,0,0,4.0,3.27,0.294,11,0.805,37036,394,0.1975,95,0.0105,88,0.0114,0
qb_multiplier_n15,qasmbench,multiplier,target,ccz,commuting_pace4,C_400_0.5,C,400,0.5,constrained,94,87,0,18,36.0,0,18,18,0,0,6.0,3.6,0.4157,10,0.805,37036,394,0.1975,95,0.0105,88,0.0114,0
qb_multiplier_n15,qasmbench,multiplier,target,ccz,commuting_pace8,C_400_0.5,C,400,0.5,constrained,94,87,0,18,36.0,0,19,19,0,0,6.0,3.6,0.4843,10,0.805,37036,394,0.1975,95,0.0105,88,0.0114,0
qb_multiplier_n15,qasmbench,multiplier,target,ccz,conventional,C_400_0.5,C,400,0.5,constrained,95,88,0,18,36.0,0,10,10,0,0,6.0,3.6,0.4843,10,0.795,37430,394,0.1954,95,0.0,88,0.0,0
qb_multiplier_n15,qasmbench,multiplier,target,ccz,conventional_pace4,C_400_0.5,C,400,0.5,constrained,95,88,0,18,36.0,0,9,9,0,0,6.0,3.6,0.4843,10,0.795,37430,394,0.1954,95,0.0,88,0.0,0
qb_multiplier_n15,qasmbench,multiplier,target,t,commuting,A_200_0.5,A,200,0.5,constrained,126,107,72,0,72.0,40,0,40,0,0,12.0,7.2,0.4843,10,0.654,21546,171,0.4962,124,-0.0161,108,0.0093,1
qb_multiplier_n15,qasmbench,multiplier,target,t,commuting_pace1,A_200_0.5,A,200,0.5,constrained,162,154,72,0,72.0,8,0,8,22,0,4.0,4.0,0.0,18,0.455,27702,171,0.386,124,-0.3065,108,-0.4259,0
qb_multiplier_n15,qasmbench,multiplier,target,t,commuting_pace2,A_200_0.5,A,200,0.5,constrained,127,109,72,0,72.0,24,0,24,0,0,8.0,6.55,0.294,11,0.642,21717,171,0.4923,124,-0.0242,108,-0.0093,1
qb_multiplier_n15,qasmbench,multiplier,target,t,commuting_pace4,A_200_0.5,A,200,0.5,constrained,126,107,72,0,72.0,36,0,36,0,0,12.0,7.2,0.4157,10,0.654,21546,171,0.4962,124,-0.0161,108,0.0093,1
qb_multiplier_n15,qasmbench,multiplier,target,t,commuting_pace8,A_200_0.5,A,200,0.5,constrained,126,107,72,0,72.0,40,0,40,0,0,12.0,7.2,0.4843,10,0.654,21546,171,0.4962,124,-0.0161,108,0.0093,1
qb_multiplier_n15,qasmbench,multiplier,target,t,conventional,A_200_0.5,A,200,0.5,constrained,124,108,72,0,72.0,23,0,23,0,0,12.0,7.2,0.4843,10,0.648,21204,171,0.5042,124,0.0,108,0.0,1
qb_multiplier_n15,qasmbench,multiplier,target,t,conventional_pace4,A_200_0.5,A,200,0.5,constrained,126,108,72,0,72.0,23,0,23,0,0,12.0,7.2,0.4843,10,0.648,21546,171,0.4962,124,-0.0161,108,0.0,1
qb_multiplier_n15,qasmbench,multiplier,target,t,commuting,A_3200_0.5,A,3200,0.5,abundant,114,107,72,0,72.0,7,0,7,1281,372,12.0,7.2,0.4843,10,0.654,362406,3179,0.0308,115,0.0087,108,0.0093,0
qb_multiplier_n15,qasmbench,multiplier,target,t,commuting_pace1,A_3200_0.5,A,3200,0.5,abundant,161,154,72,0,72.0,7,0,7,1900,544,4.0,4.0,0.0,18,0.455,511819,3179,0.0218,115,-0.4,108,-0.4259,0
qb_multiplier_n15,qasmbench,multiplier,target,t,commuting_pace2,A_3200_0.5,A,3200,0.5,abundant,116,109,72,0,72.0,7,0,7,1307,379,8.0,6.55,0.294,11,0.642,368764,3179,0.0303,115,-0.0087,108,-0.0093,0
qb_multiplier_n15,qasmbench,multiplier,target,t,commuting_pace4,A_3200_0.5,A,3200,0.5,abundant,114,107,72,0,72.0,7,0,7,1281,372,12.0,7.2,0.4157,10,0.654,362406,3179,0.0308,115,0.0087,108,0.0093,0
qb_multiplier_n15,qasmbench,multiplier,target,t,commuting_pace8,A_3200_0.5,A,3200,0.5,abundant,114,107,72,0,72.0,7,0,7,1281,372,12.0,7.2,0.4843,10,0.654,362406,3179,0.0308,115,0.0087,108,0.0093,0
qb_multiplier_n15,qasmbench,multiplier,target,t,conventional,A_3200_0.5,A,3200,0.5,abundant,115,108,72,0,72.0,7,0,7,1294,375,12.0,7.2,0.4843,10,0.648,365585,3179,0.0305,115,0.0,108,0.0,0
qb_multiplier_n15,qasmbench,multiplier,target,t,conventional_pace4,A_3200_0.5,A,3200,0.5,abundant,115,108,72,0,72.0,7,0,7,1294,375,12.0,7.2,0.4843,10,0.648,365585,3179,0.0305,115,0.0,108,0.0,0
qb_multiplier_n15,qasmbench,multiplier,target,t,commuting,A_400_0.25,A,400,0.25,constrained,114,107,72,0,72.0,9,0,9,154,0,12.0,7.2,0.4843,10,0.654,42066,369,0.2265,115,0.0087,108,0.0093,0
qb_multiplier_n15,qasmbench,multiplier,target,t,commuting_pace1,A_400_0.25,A,400,0.25,constrained,161,154,72,0,72.0,7,0,7,270,0,4.0,4.0,0.0,18,0.455,59409,369,0.1604,115,-0.4,108,-0.4259,0
qb_multiplier_n15,qasmbench,multiplier,target,t,commuting_pace2,A_400_0.25,A,400,0.25,constrained,117,109,72,0,72.0,8,0,8,162,0,8.0,6.55,0.294,11,0.642,43173,369,0.2207,115,-0.0174,108,-0.0093,0
qb_multiplier_n15,qasmbench,multiplier,target,t,commuting_pace4,A_400_0.25,A,400,0.25,constrained,114,107,72,0,72.0,9,0,9,154,0,12.0,7.2,0.4157,10,0.654,42066,369,0.2265,115,0.0087,108,0.0093,0
qb_multiplier_n15,qasmbench,multiplier,target,t,commuting_pace8,A_400_0.25,A,400,0.25,constrained,114,107,72,0,72.0,9,0,9,154,0,12.0,7.2,0.4843,10,0.654,42066,369,0.2265,115,0.0087,108,0.0093,0
qb_multiplier_n15,qasmbench,multiplier,target,t,conventional,A_400_0.25,A,400,0.25,constrained,115,108,72,0,72.0,7,0,7,157,0,12.0,7.2,0.4843,10,0.648,42435,369,0.2246,115,0.0,108,0.0,0
qb_multiplier_n15,qasmbench,multiplier,target,t,conventional_pace4,A_400_0.25,A,400,0.25,constrained,115,108,72,0,72.0,7,0,7,157,0,12.0,7.2,0.4843,10,0.648,42435,369,0.2246,115,0.0,108,0.0,0
qb_multiplier_n15,qasmbench,multiplier,target,t,commuting,A_400_0.5,A,400,0.5,constrained,115,107,72,0,72.0,12,0,12,70,24,12.0,7.2,0.4843,10,0.654,47610,414,0.2375,115,0.0,108,0.0093,0
qb_multiplier_n15,qasmbench,multiplier,target,t,commuting_pace1,A_400_0.5,A,400,0.5,constrained,161,154,72,0,72.0,7,0,7,145,47,4.0,4.0,0.0,18,0.455,66654,414,0.1696,115,-0.4,108,-0.4259,0
qb_multiplier_n15,qasmbench,multiplier,target,t,commuting_pace2,A_400_0.5,A,400,0.5,constrained,118,109,72,0,72.0,10,0,10,75,25,8.0,6.55,0.294,11,0.642,48852,414,0.2314,115,-0.0261,108,-0.0093,0
qb_multiplier_n15,qasmbench,multiplier,target,t,commuting_pace4,A_400_0.5,A,400,0.5,constrained,115,107,72,0,72.0,12,0,12,70,24,12.0,7.2,0.4157,10,0.654,47610,414,0.2375,115,0.0,108,0.0093,0
qb_multiplier_n15,qasmbench,multiplier,target,t,commuting_pace8,A_400_0.5,A,400,0.5,constrained,115,107,72,0,72.0,12,0,12,70,24,12.0,7.2,0.4843,10,0.654,47610,414,0.2375,115,0.0,108,0.0093,0
qb_multiplier_n15,qasmbench,multiplier,target,t,conventional,A_400_0.5,A,400,0.5,constrained,115,108,72,0,72.0,7,0,7,70,24,12.0,7.2,0.4843,10,0.648,47610,414,0.2375,115,0.0,108,0.0,0
qb_multiplier_n15,qasmbench,multiplier,target,t,conventional_pace4,A_400_0.5,A,400,0.5,constrained,115,108,72,0,72.0,7,0,7,70,24,12.0,7.2,0.4843,10,0.648,47610,414,0.2375,115,0.0,108,0.0,0
qb_multiplier_n15,qasmbench,multiplier,target,t,commuting,A_400_0.75,A,400,0.75,constrained,126,107,72,0,72.0,40,0,40,0,50,12.0,7.2,0.4843,10,0.654,48762,387,0.2656,124,-0.0161,108,0.0093,1
qb_multiplier_n15,qasmbench,multiplier,target,t,commuting_pace1,A_400_0.75,A,400,0.75,constrained,162,154,72,0,72.0,8,0,8,22,74,4.0,4.0,0.0,18,0.455,62694,387,0.2066,124,-0.3065,108,-0.4259,0
qb_multiplier_n15,qasmbench,multiplier,target,t,commuting_pace2,A_400_0.75,A,400,0.75,constrained,127,109,72,0,72.0,24,0,24,0,50,8.0,6.55,0.294,11,0.642,49149,387,0.2635,124,-0.0242,108,-0.0093,1
qb_multiplier_n15,qasmbench,multiplier,target,t,commuting_pace4,A_400_0.75,A,400,0.75,constrained,126,107,72,0,72.0,36,0,36,0,50,12.0,7.2,0.4157,10,0.654,48762,387,0.2656,124,-0.0161,108,0.0093,1
qb_multiplier_n15,qasmbench,multiplier,target,t,commuting_pace8,A_400_0.75,A,400,0.75,constrained,126,107,72,0,72.0,40,0,40,0,50,12.0,7.2,0.4843,10,0.654,48762,387,0.2656,124,-0.0161,108,0.0093,1
qb_multiplier_n15,qasmbench,multiplier,target,t,conventional,A_400_0.75,A,400,0.75,constrained,124,108,72,0,72.0,23,0,23,0,48,12.0,7.2,0.4843,10,0.648,47988,387,0.2699,124,0.0,108,0.0,1
qb_multiplier_n15,qasmbench,multiplier,target,t,conventional_pace4,A_400_0.75,A,400,0.75,constrained,126,108,72,0,72.0,23,0,23,0,50,12.0,7.2,0.4843,10,0.648,48762,387,0.2656,124,-0.0161,108,0.0,1
qb_multiplier_n15,qasmbench,multiplier,target,t,commuting,A_800_0.5,A,800,0.5,moderate,114,107,72,0,72.0,8,0,8,240,78,12.0,7.2,0.4843,10,0.654,94392,828,0.1198,115,0.0087,108,0.0093,0
qb_multiplier_n15,qasmbench,multiplier,target,t,commuting_pace1,A_800_0.5,A,800,0.5,moderate,161,154,72,0,72.0,7,0,7,394,125,4.0,4.0,0.0,18,0.455,133308,828,0.0848,115,-0.4,108,-0.4259,0
qb_multiplier_n15,qasmbench,multiplier,target,t,commuting_pace2,A_800_0.5,A,800,0.5,moderate,116,109,72,0,72.0,7,0,7,247,80,8.0,6.55,0.294,11,0.642,96048,828,0.1177,115,-0.0087,108,-0.0093,0
qb_multiplier_n15,qasmbench,multiplier,target,t,commuting_pace4,A_800_0.5,A,800,0.5,moderate,114,107,72,0,72.0,8,0,8,240,78,12.0,7.2,0.4157,10,0.654,94392,828,0.1198,115,0.0087,108,0.0093,0
qb_multiplier_n15,qasmbench,multiplier,target,t,commuting_pace8,A_800_0.5,A,800,0.5,moderate,114,107,72,0,72.0,8,0,8,240,78,12.0,7.2,0.4843,10,0.654,94392,828,0.1198,115,0.0087,108,0.0093,0
qb_multiplier_n15,qasmbench,multiplier,target,t,conventional,A_800_0.5,A,800,0.5,moderate,115,108,72,0,72.0,7,0,7,243,79,12.0,7.2,0.4843,10,0.648,95220,828,0.1187,115,0.0,108,0.0,0
qb_multiplier_n15,qasmbench,multiplier,target,t,conventional_pace4,A_800_0.5,A,800,0.5,moderate,115,108,72,0,72.0,7,0,7,243,79,12.0,7.2,0.4843,10,0.648,95220,828,0.1187,115,0.0,108,0.0,0
qb_multiplier_n15,qasmbench,multiplier,target,t,commuting,B_400_0.5,B,400,0.5,constrained,120,107,72,0,72.0,21,0,21,0,0,12.0,7.2,0.4843,10,0.654,46320,386,0.3094,119,-0.0084,108,0.0093,1
qb_multiplier_n15,qasmbench,multiplier,target,t,commuting_pace1,B_400_0.5,B,400,0.5,constrained,165,154,72,0,72.0,11,0,11,0,0,4.0,4.0,0.0,18,0.455,63690,386,0.225,119,-0.3866,108,-0.4259,0
qb_multiplier_n15,qasmbench,multiplier,target,t,commuting_pace2,B_400_0.5,B,400,0.5,constrained,122,109,72,0,72.0,13,0,13,0,0,8.0,6.55,0.294,11,0.642,47092,386,0.3043,119,-0.0252,108,-0.0093,1
qb_multiplier_n15,qasmbench,multiplier,target,t,commuting_pace4,B_400_0.5,B,400,0.5,constrained,120,107,72,0,72.0,20,0,20,0,0,12.0,7.2,0.4157,10,0.654,46320,386,0.3094,119,-0.0084,108,0.0093,1
qb_multiplier_n15,qasmbench,multiplier,target,t,commuting_pace8,B_400_0.5,B,400,0.5,constrained,120,107,72,0,72.0,21,0,21,0,0,12.0,7.2,0.4843,10,0.654,46320,386,0.3094,119,-0.0084,108,0.0093,1
qb_multiplier_n15,qasmbench,multiplier,target,t,conventional,B_400_0.5,B,400,0.5,constrained,119,108,72,0,72.0,11,0,11,0,0,12.0,7.2,0.4843,10,0.648,45934,386,0.312,119,0.0,108,0.0,1
qb_multiplier_n15,qasmbench,multiplier,target,t,conventional_pace4,B_400_0.5,B,400,0.5,constrained,119,108,72,0,72.0,11,0,11,0,0,12.0,7.2,0.4843,10,0.648,45934,386,0.312,119,0.0,108,0.0,1
qb_multiplier_n15,qasmbench,multiplier,target,t,commuting,C_400_0.5,C,400,0.5,constrained,116,107,72,0,72.0,18,0,18,0,0,12.0,7.2,0.4843,10,0.654,45704,394,0.32,115,-0.0087,108,0.0093,0
qb_multiplier_n15,qasmbench,multiplier,target,t,commuting_pace1,C_400_0.5,C,400,0.5,constrained,161,154,72,0,72.0,7,0,7,0,0,4.0,4.0,0.0,18,0.455,63434,394,0.2306,115,-0.4,108,-0.4259,0
qb_multiplier_n15,qasmbench,multiplier,target,t,commuting_pace2,C_400_0.5,C,400,0.5,constrained,119,109,72,0,72.0,11,0,11,0,0,8.0,6.55,0.294,11,0.642,46886,394,0.312,115,-0.0348,108,-0.0093,0
qb_multiplier_n15,qasmbench,multiplier,target,t,commuting_pace4,C_400_0.5,C,400,0.5,constrained,116,107,72,0,72.0,16,0,16,0,0,12.0,7.2,0.4157,10,0.654,45704,394,0.32,115,-0.0087,108,0.0093,0
qb_multiplier_n15,qasmbench,multiplier,target,t,commuting_pace8,C_400_0.5,C,400,0.5,constrained,116,107,72,0,72.0,18,0,18,0,0,12.0,7.2,0.4843,10,0.654,45704,394,0.32,115,-0.0087,108,0.0093,0
qb_multiplier_n15,qasmbench,multiplier,target,t,conventional,C_400_0.5,C,400,0.5,constrained,115,108,72,0,72.0,7,0,7,0,0,12.0,7.2,0.4843,10,0.648,45310,394,0.3228,115,0.0,108,0.0,0
qb_multiplier_n15,qasmbench,multiplier,target,t,conventional_pace4,C_400_0.5,C,400,0.5,constrained,115,108,72,0,72.0,7,0,7,0,0,12.0,7.2,0.4843,10,0.648,45310,394,0.3228,115,0.0,108,0.0,0
qb_multiply_n13,qasmbench,multiplier,target,ccz,commuting,A_200_0.5,A,200,0.5,constrained,38,8,0,6,12.0,0,32,32,0,0,12.0,12.0,0.0,1,1.75,6498,171,0.2742,38,0.0,21,0.619,1
qb_multiply_n13,qasmbench,multiplier,target,ccz,commuting_pace1,A_200_0.5,A,200,0.5,constrained,38,31,0,6,12.0,0,7,7,0,0,2.0,2.0,0.0,6,0.452,6498,171,0.2742,38,0.0,21,-0.4762,1
qb_multiply_n13,qasmbench,multiplier,target,ccz,commuting_pace2,A_200_0.5,A,200,0.5,constrained,38,17,0,6,12.0,0,32,32,0,0,4.0,4.0,0.0,3,0.824,6498,171,0.2742,38,0.0,21,0.1905,1
qb_multiply_n13,qasmbench,multiplier,target,ccz,commuting_pace4,A_200_0.5,A,200,0.5,constrained,38,12,0,6,12.0,0,32,32,0,0,8.0,6.0,0.3333,2,1.167,6498,171,0.2742,38,0.0,21,0.4286,1
qb_multiply_n13,qasmbench,multiplier,target,ccz,commuting_pace8,A_200_0.5,A,200,0.5,constrained,38,8,0,6,12.0,0,32,32,0,0,12.0,12.0,0.0,1,1.75,6498,171,0.2742,38,0.0,21,0.619,1
qb_multiply_n13,qasmbench,multiplier,target,ccz,conventional,A_200_0.5,A,200,0.5,constrained,38,21,0,6,12.0,0,17,17,0,0,4.0,3.0,0.3333,4,0.667,6498,171,0.2742,38,0.0,21,0.0,1
qb_multiply_n13,qasmbench,multiplier,target,ccz,conventional_pace4,A_200_0.5,A,200,0.5,constrained,38,21,0,6,12.0,0,17,17,0,0,4.0,3.0,0.3333,4,0.667,6498,171,0.2742,38,0.0,21,0.0,1
qb_multiply_n13,qasmbench,multiplier,target,ccz,commuting,A_3200_0.5,A,3200,0.5,abundant,10,8,0,6,12.0,0,3,3,0,0,12.0,12.0,0.0,1,1.75,31790,3179,0.0585,23,0.5652,21,0.619,1
qb_multiply_n13,qasmbench,multiplier,target,ccz,commuting_pace1,A_3200_0.5,A,3200,0.5,abundant,33,31,0,6,12.0,0,2,2,285,69,2.0,2.0,0.0,6,0.452,104907,3179,0.0177,23,-0.4348,21,-0.4762,0
qb_multiply_n13,qasmbench,multiplier,target,ccz,commuting_pace2,A_3200_0.5,A,3200,0.5,abundant,19,17,0,6,12.0,0,2,2,100,17,4.0,4.0,0.0,3,0.824,60401,3179,0.0308,23,0.1739,21,0.1905,1
qb_multiply_n13,qasmbench,multiplier,target,ccz,commuting_pace4,A_3200_0.5,A,3200,0.5,abundant,14,12,0,6,12.0,0,2,2,34,0,8.0,6.0,0.3333,2,1.167,44506,3179,0.0418,23,0.3913,21,0.4286,1
qb_multiply_n13,qasmbench,multiplier,target,ccz,commuting_pace8,A_3200_0.5,A,3200,0.5,abundant,10,8,0,6,12.0,0,3,3,0,0,12.0,12.0,0.0,1,1.75,31790,3179,0.0585,23,0.5652,21,0.619,1
qb_multiply_n13,qasmbench,multiplier,target,ccz,conventional,A_3200_0.5,A,3200,0.5,abundant,23,21,0,6,12.0,0,2,2,153,32,4.0,3.0,0.3333,4,0.667,73117,3179,0.0254,23,0.0,21,0.0,0
qb_multiply_n13,qasmbench,multiplier,target,ccz,conventional_pace4,A_3200_0.5,A,3200,0.5,abundant,23,21,0,6,12.0,0,2,2,153,32,4.0,3.0,0.3333,4,0.667,73117,3179,0.0254,23,0.0,21,0.0,0
qb_multiply_n13,qasmbench,multiplier,target,ccz,commuting,A_400_0.25,A,400,0.25,constrained,38,8,0,6,12.0,0,32,32,40,0,12.0,12.0,0.0,1,1.75,14022,369,0.1133,38,0.0,21,0.619,1
qb_multiply_n13,qasmbench,multiplier,target,ccz,commuting_pace1,A_400_0.25,A,400,0.25,constrained,38,31,0,6,12.0,0,7,7,40,0,2.0,2.0,0.0,6,0.452,14022,369,0.1133,38,0.0,21,-0.4762,1
qb_multiply_n13,qasmbench,multiplier,target,ccz,commuting_pace2,A_400_0.25,A,400,0.25,constrained,38,17,0,6,12.0,0,32,32,40,0,4.0,4.0,0.0,3,0.824,14022,369,0.1133,38,0.0,21,0.1905,1
qb_multiply_n13,qasmbench,multiplier,target,ccz,commuting_pace4,A_400_0.25,A,400,0.25,constrained,38,12,0,6,12.0,0,32,32,40,0,8.0,6.0,0.3333,2,1.167,14022,369,0.1133,38,0.0,21,0.4286,1
qb_multiply_n13,qasmbench,multiplier,target,ccz,commuting_pace8,A_400_0.25,A,400,0.25,constrained,38,8,0,6,12.0,0,32,32,40,0,12.0,12.0,0.0,1,1.75,14022,369,0.1133,38,0.0,21,0.619,1
qb_multiply_n13,qasmbench,multiplier,target,ccz,conventional,A_400_0.25,A,400,0.25,constrained,38,21,0,6,12.0,0,17,17,40,0,4.0,3.0,0.3333,4,0.667,14022,369,0.1133,38,0.0,21,0.0,1
qb_multiply_n13,qasmbench,multiplier,target,ccz,conventional_pace4,A_400_0.25,A,400,0.25,constrained,38,21,0,6,12.0,0,17,17,40,0,4.0,3.0,0.3333,4,0.667,14022,369,0.1133,38,0.0,21,0.0,1
qb_multiply_n13,qasmbench,multiplier,target,ccz,commuting,A_400_0.5,A,400,0.5,constrained,18,8,0,6,12.0,0,12,12,0,0,12.0,12.0,0.0,1,1.75,7452,414,0.2529,23,0.2174,21,0.619,1
qb_multiply_n13,qasmbench,multiplier,target,ccz,commuting_pace1,A_400_0.5,A,400,0.5,constrained,33,31,0,6,12.0,0,2,2,8,0,2.0,2.0,0.0,6,0.452,13662,414,0.1379,23,-0.4348,21,-0.4762,0
qb_multiply_n13,qasmbench,multiplier,target,ccz,commuting_pace2,A_400_0.5,A,400,0.5,constrained,20,17,0,6,12.0,0,4,4,0,0,4.0,4.0,0.0,3,0.824,8280,414,0.2276,23,0.1304,21,0.1905,1
qb_multiply_n13,qasmbench,multiplier,target,ccz,commuting_pace4,A_400_0.5,A,400,0.5,constrained,18,12,0,6,12.0,0,12,12,0,0,8.0,6.0,0.3333,2,1.167,7452,414,0.2529,23,0.2174,21,0.4286,1
qb_multiply_n13,qasmbench,multiplier,target,ccz,commuting_pace8,A_400_0.5,A,400,0.5,constrained,18,8,0,6,12.0,0,12,12,0,0,12.0,12.0,0.0,1,1.75,7452,414,0.2529,23,0.2174,21,0.619,1
qb_multiply_n13,qasmbench,multiplier,target,ccz,conventional,A_400_0.5,A,400,0.5,constrained,23,21,0,6,12.0,0,2,2,0,0,4.0,3.0,0.3333,4,0.667,9522,414,0.1979,23,0.0,21,0.0,0
qb_multiply_n13,qasmbench,multiplier,target,ccz,conventional_pace4,A_400_0.5,A,400,0.5,constrained,23,21,0,6,12.0,0,2,2,0,0,4.0,3.0,0.3333,4,0.667,9522,414,0.1979,23,0.0,21,0.0,0
qb_multiply_n13,qasmbench,multiplier,target,ccz,commuting,A_400_0.75,A,400,0.75,constrained,15,8,0,6,12.0,0,9,9,0,0,12.0,12.0,0.0,1,1.75,5805,387,0.3718,23,0.3478,21,0.619,1
qb_multiply_n13,qasmbench,multiplier,target,ccz,commuting_pace1,A_400_0.75,A,400,0.75,constrained,33,31,0,6,12.0,0,2,2,0,0,2.0,2.0,0.0,6,0.452,12771,387,0.169,23,-0.4348,21,-0.4762,0
qb_multiply_n13,qasmbench,multiplier,target,ccz,commuting_pace2,A_400_0.75,A,400,0.75,constrained,19,17,0,6,12.0,0,3,3,0,0,4.0,4.0,0.0,3,0.824,7353,387,0.2936,23,0.1739,21,0.1905,1
qb_multiply_n13,qasmbench,multiplier,target,ccz,commuting_pace4,A_400_0.75,A,400,0.75,constrained,15,12,0,6,12.0,0,8,8,0,0,8.0,6.0,0.3333,2,1.167,5805,387,0.3718,23,0.3478,21,0.4286,1
qb_multiply_n13,qasmbench,multiplier,target,ccz,commuting_pace8,A_400_0.75,A,400,0.75,constrained,15,8,0,6,12.0,0,9,9,0,0,12.0,12.0,0.0,1,1.75,5805,387,0.3718,23,0.3478,21,0.619,1
qb_multiply_n13,qasmbench,multiplier,target,ccz,conventional,A_400_0.75,A,400,0.75,constrained,23,21,0,6,12.0,0,2,2,0,0,4.0,3.0,0.3333,4,0.667,8901,387,0.2425,23,0.0,21,0.0,0
qb_multiply_n13,qasmbench,multiplier,target,ccz,conventional_pace4,A_400_0.75,A,400,0.75,constrained,23,21,0,6,12.0,0,2,2,0,0,4.0,3.0,0.3333,4,0.667,8901,387,0.2425,23,0.0,21,0.0,0
qb_multiply_n13,qasmbench,multiplier,target,ccz,commuting,A_800_0.5,A,800,0.5,moderate,13,8,0,6,12.0,0,7,7,0,0,12.0,12.0,0.0,1,1.75,10764,828,0.1751,23,0.4348,21,0.619,1
qb_multiply_n13,qasmbench,multiplier,target,ccz,commuting_pace1,A_800_0.5,A,800,0.5,moderate,33,31,0,6,12.0,0,2,2,47,0,2.0,2.0,0.0,6,0.452,27324,828,0.069,23,-0.4348,21,-0.4762,0
qb_multiply_n13,qasmbench,multiplier,target,ccz,commuting_pace2,A_800_0.5,A,800,0.5,moderate,19,17,0,6,12.0,0,3,3,1,0,4.0,4.0,0.0,3,0.824,15732,828,0.1198,23,0.1739,21,0.1905,1
qb_multiply_n13,qasmbench,multiplier,target,ccz,commuting_pace4,A_800_0.5,A,800,0.5,moderate,14,12,0,6,12.0,0,5,5,0,0,8.0,6.0,0.3333,2,1.167,11592,828,0.1626,23,0.3913,21,0.4286,1
qb_multiply_n13,qasmbench,multiplier,target,ccz,commuting_pace8,A_800_0.5,A,800,0.5,moderate,13,8,0,6,12.0,0,7,7,0,0,12.0,12.0,0.0,1,1.75,10764,828,0.1751,23,0.4348,21,0.619,1
qb_multiply_n13,qasmbench,multiplier,target,ccz,conventional,A_800_0.5,A,800,0.5,moderate,23,21,0,6,12.0,0,2,2,14,0,4.0,3.0,0.3333,4,0.667,19044,828,0.099,23,0.0,21,0.0,0
qb_multiply_n13,qasmbench,multiplier,target,ccz,conventional_pace4,A_800_0.5,A,800,0.5,moderate,23,21,0,6,12.0,0,2,2,14,0,4.0,3.0,0.3333,4,0.667,19044,828,0.099,23,0.0,21,0.0,0
qb_multiply_n13,qasmbench,multiplier,target,ccz,commuting,B_400_0.5,B,400,0.5,constrained,23,8,0,6,12.0,0,17,17,0,0,12.0,12.0,0.0,1,1.75,8878,386,0.269,28,0.1786,21,0.619,1
qb_multiply_n13,qasmbench,multiplier,target,ccz,commuting_pace1,B_400_0.5,B,400,0.5,constrained,36,31,0,6,12.0,0,5,5,0,0,2.0,2.0,0.0,6,0.452,13896,386,0.1719,28,-0.2857,21,-0.4762,1
qb_multiply_n13,qasmbench,multiplier,target,ccz,commuting_pace2,B_400_0.5,B,400,0.5,constrained,24,17,0,6,12.0,0,7,7,0,0,4.0,4.0,0.0,3,0.824,9264,386,0.2578,28,0.1429,21,0.1905,1
qb_multiply_n13,qasmbench,multiplier,target,ccz,commuting_pace4,B_400_0.5,B,400,0.5,constrained,24,12,0,6,12.0,0,17,17,0,0,8.0,6.0,0.3333,2,1.167,9264,386,0.2578,28,0.1429,21,0.4286,1
qb_multiply_n13,qasmbench,multiplier,target,ccz,commuting_pace8,B_400_0.5,B,400,0.5,constrained,23,8,0,6,12.0,0,17,17,0,0,12.0,12.0,0.0,1,1.75,8878,386,0.269,28,0.1786,21,0.619,1
qb_multiply_n13,qasmbench,multiplier,target,ccz,conventional,B_400_0.5,B,400,0.5,constrained,28,21,0,6,12.0,0,7,7,0,0,4.0,3.0,0.3333,4,0.667,10808,386,0.221,28,0.0,21,0.0,1
qb_multiply_n13,qasmbench,multiplier,target,ccz,conventional_pace4,B_400_0.5,B,400,0.5,constrained,28,21,0,6,12.0,0,7,7,0,0,4.0,3.0,0.3333,4,0.667,10808,386,0.221,28,0.0,21,0.0,1
qb_multiply_n13,qasmbench,multiplier,target,ccz,commuting,C_400_0.5,C,400,0.5,constrained,24,8,0,6,12.0,0,18,18,0,0,12.0,12.0,0.0,1,1.75,9456,394,0.2578,28,0.1429,21,0.619,1
qb_multiply_n13,qasmbench,multiplier,target,ccz,commuting_pace1,C_400_0.5,C,400,0.5,constrained,36,31,0,6,12.0,0,5,5,0,0,2.0,2.0,0.0,6,0.452,14184,394,0.1719,28,-0.2857,21,-0.4762,1
qb_multiply_n13,qasmbench,multiplier,target,ccz,commuting_pace2,C_400_0.5,C,400,0.5,constrained,24,17,0,6,12.0,0,10,10,0,0,4.0,4.0,0.0,3,0.824,9456,394,0.2578,28,0.1429,21,0.1905,1
qb_multiply_n13,qasmbench,multiplier,target,ccz,commuting_pace4,C_400_0.5,C,400,0.5,constrained,24,12,0,6,12.0,0,18,18,0,0,8.0,6.0,0.3333,2,1.167,9456,394,0.2578,28,0.1429,21,0.4286,1
qb_multiply_n13,qasmbench,multiplier,target,ccz,commuting_pace8,C_400_0.5,C,400,0.5,constrained,24,8,0,6,12.0,0,18,18,0,0,12.0,12.0,0.0,1,1.75,9456,394,0.2578,28,0.1429,21,0.619,1
qb_multiply_n13,qasmbench,multiplier,target,ccz,conventional,C_400_0.5,C,400,0.5,constrained,28,21,0,6,12.0,0,7,7,0,0,4.0,3.0,0.3333,4,0.667,11032,394,0.221,28,0.0,21,0.0,1
qb_multiply_n13,qasmbench,multiplier,target,ccz,conventional_pace4,C_400_0.5,C,400,0.5,constrained,28,21,0,6,12.0,0,7,7,0,0,4.0,3.0,0.3333,4,0.667,11032,394,0.221,28,0.0,21,0.0,1
qb_multiply_n13,qasmbench,multiplier,target,t,commuting,A_200_0.5,A,200,0.5,constrained,41,10,24,0,24.0,35,0,35,0,0,24.0,24.0,0.0,1,1.4,7011,171,0.5083,43,0.0465,29,0.6552,1
qb_multiply_n13,qasmbench,multiplier,target,t,commuting_pace1,A_200_0.5,A,200,0.5,constrained,51,43,24,0,24.0,8,0,8,0,0,4.0,4.0,0.0,6,0.326,8721,171,0.4087,43,-0.186,29,-0.4828,1
qb_multiply_n13,qasmbench,multiplier,target,t,commuting_pace2,A_200_0.5,A,200,0.5,constrained,41,23,24,0,24.0,25,0,25,0,0,8.0,8.0,0.0,3,0.609,7011,171,0.5083,43,0.0465,29,0.2069,1
qb_multiply_n13,qasmbench,multiplier,target,t,commuting_pace4,A_200_0.5,A,200,0.5,constrained,41,16,24,0,24.0,35,0,35,0,0,16.0,12.0,0.3333,2,0.875,7011,171,0.5083,43,0.0465,29,0.4483,1
qb_multiply_n13,qasmbench,multiplier,target,t,commuting_pace8,A_200_0.5,A,200,0.5,constrained,41,10,24,0,24.0,35,0,35,0,0,24.0,24.0,0.0,1,1.4,7011,171,0.5083,43,0.0465,29,0.6552,1
qb_multiply_n13,qasmbench,multiplier,target,t,conventional,A_200_0.5,A,200,0.5,constrained,43,29,24,0,24.0,14,0,14,0,0,8.0,6.0,0.3333,4,0.483,7353,171,0.4847,43,0.0,29,0.0,1
qb_multiply_n13,qasmbench,multiplier,target,t,conventional_pace4,A_200_0.5,A,200,0.5,constrained,43,29,24,0,24.0,14,0,14,0,0,8.0,6.0,0.3333,4,0.483,7353,171,0.4847,43,0.0,29,0.0,1
qb_multiply_n13,qasmbench,multiplier,target,t,commuting,A_3200_0.5,A,3200,0.5,abundant,17,10,24,0,24.0,7,0,7,50,16,24.0,24.0,0.0,1,1.4,54043,3179,0.0688,36,0.5278,29,0.6552,1
qb_multiply_n13,qasmbench,multiplier,target,t,commuting_pace1,A_3200_0.5,A,3200,0.5,abundant,50,43,24,0,24.0,7,0,7,485,137,4.0,4.0,0.0,6,0.326,158950,3179,0.0234,36,-0.3889,29,-0.4828,1
qb_multiply_n13,qasmbench,multiplier,target,t,commuting_pace2,A_3200_0.5,A,3200,0.5,abundant,30,23,24,0,24.0,7,0,7,221,64,8.0,8.0,0.0,3,0.609,95370,3179,0.039,36,0.1667,29,0.2069,1
qb_multiply_n13,qasmbench,multiplier,target,t,commuting_pace4,A_3200_0.5,A,3200,0.5,abundant,23,16,24,0,24.0,7,0,7,129,38,16.0,12.0,0.3333,2,0.875,73117,3179,0.0509,36,0.3611,29,0.4483,1
qb_multiply_n13,qasmbench,multiplier,target,t,commuting_pace8,A_3200_0.5,A,3200,0.5,abundant,17,10,24,0,24.0,7,0,7,50,16,24.0,24.0,0.0,1,1.4,54043,3179,0.0688,36,0.5278,29,0.6552,1
qb_multiply_n13,qasmbench,multiplier,target,t,conventional,A_3200_0.5,A,3200,0.5,abundant,36,29,24,0,24.0,7,0,7,300,86,8.0,6.0,0.3333,4,0.483,114444,3179,0.0325,36,0.0,29,0.0,1
qb_multiply_n13,qasmbench,multiplier,target,t,conventional_pace4,A_3200_0.5,A,3200,0.5,abundant,36,29,24,0,24.0,7,0,7,300,86,8.0,6.0,0.3333,4,0.483,114444,3179,0.0325,36,0.0,29,0.0,1
qb_multiply_n13,qasmbench,multiplier,target,t,commuting,A_400_0.25,A,400,0.25,constrained,22,10,24,0,24.0,16,0,16,0,0,24.0,24.0,0.0,1,1.4,8118,369,0.3913,36,0.3889,29,0.6552,1
qb_multiply_n13,qasmbench,multiplier,target,t,commuting_pace1,A_400_0.25,A,400,0.25,constrained,50,43,24,0,24.0,7,0,7,45,0,4.0,4.0,0.0,6,0.326,18450,369,0.1722,36,-0.3889,29,-0.4828,1
qb_multiply_n13,qasmbench,multiplier,target,t,commuting_pace2,A_400_0.25,A,400,0.25,constrained,30,23,24,0,24.0,8,0,8,0,0,8.0,8.0,0.0,3,0.609,11070,369,0.287,36,0.1667,29,0.2069,1
qb_multiply_n13,qasmbench,multiplier,target,t,commuting_pace4,A_400_0.25,A,400,0.25,constrained,23,16,24,0,24.0,12,0,12,0,0,16.0,12.0,0.3333,2,0.875,8487,369,0.3743,36,0.3611,29,0.4483,1
qb_multiply_n13,qasmbench,multiplier,target,t,commuting_pace8,A_400_0.25,A,400,0.25,constrained,22,10,24,0,24.0,16,0,16,0,0,24.0,24.0,0.0,1,1.4,8118,369,0.3913,36,0.3889,29,0.6552,1
qb_multiply_n13,qasmbench,multiplier,target,t,conventional,A_400_0.25,A,400,0.25,constrained,36,29,24,0,24.0,7,0,7,11,0,8.0,6.0,0.3333,4,0.483,13284,369,0.2391,36,0.0,29,0.0,1
qb_multiply_n13,qasmbench,multiplier,target,t,conventional_pace4,A_400_0.25,A,400,0.25,constrained,36,29,24,0,24.0,7,0,7,11,0,8.0,6.0,0.3333,4,0.483,13284,369,0.2391,36,0.0,29,0.0,1
qb_multiply_n13,qasmbench,multiplier,target,t,commuting,A_400_0.5,A,400,0.5,constrained,27,10,24,0,24.0,21,0,21,0,0,24.0,24.0,0.0,1,1.4,11178,414,0.3372,36,0.25,29,0.6552,1
qb_multiply_n13,qasmbench,multiplier,target,t,commuting_pace1,A_400_0.5,A,400,0.5,constrained,50,43,24,0,24.0,7,0,7,12,0,4.0,4.0,0.0,6,0.326,20700,414,0.1821,36,-0.3889,29,-0.4828,1
qb_multiply_n13,qasmbench,multiplier,target,t,commuting_pace2,A_400_0.5,A,400,0.5,constrained,31,23,24,0,24.0,10,0,10,0,0,8.0,8.0,0.0,3,0.609,12834,414,0.2937,36,0.1389,29,0.2069,1
qb_multiply_n13,qasmbench,multiplier,target,t,commuting_pace4,A_400_0.5,A,400,0.5,constrained,27,16,24,0,24.0,19,0,19,0,0,16.0,12.0,0.3333,2,0.875,11178,414,0.3372,36,0.25,29,0.4483,1
qb_multiply_n13,qasmbench,multiplier,target,t,commuting_pace8,A_400_0.5,A,400,0.5,constrained,27,10,24,0,24.0,21,0,21,0,0,24.0,24.0,0.0,1,1.4,11178,414,0.3372,36,0.25,29,0.6552,1
qb_multiply_n13,qasmbench,multiplier,target,t,conventional,A_400_0.5,A,400,0.5,constrained,36,29,24,0,24.0,7,0,7,0,0,8.0,6.0,0.3333,4,0.483,14904,414,0.2529,36,0.0,29,0.0,1
qb_multiply_n13,qasmbench,multiplier,target,t,conventional_pace4,A_400_0.5,A,400,0.5,constrained,36,29,24,0,24.0,7,0,7,0,0,8.0,6.0,0.3333,4,0.483,14904,414,0.2529,36,0.0,29,0.0,1
qb_multiply_n13,qasmbench,multiplier,target,t,commuting,A_400_0.75,A,400,0.75,constrained,41,10,24,0,24.0,35,0,35,0,0,24.0,24.0,0.0,1,1.4,15867,387,0.2721,43,0.0465,29,0.6552,1
qb_multiply_n13,qasmbench,multiplier,target,t,commuting_pace1,A_400_0.75,A,400,0.75,constrained,51,43,24,0,24.0,8,0,8,0,0,4.0,4.0,0.0,6,0.326,19737,387,0.2187,43,-0.186,29,-0.4828,1
qb_multiply_n13,qasmbench,multiplier,target,t,commuting_pace2,A_400_0.75,A,400,0.75,constrained,41,23,24,0,24.0,25,0,25,0,0,8.0,8.0,0.0,3,0.609,15867,387,0.2721,43,0.0465,29,0.2069,1
qb_multiply_n13,qasmbench,multiplier,target,t,commuting_pace4,A_400_0.75,A,400,0.75,constrained,41,16,24,0,24.0,35,0,35,0,0,16.0,12.0,0.3333,2,0.875,15867,387,0.2721,43,0.0465,29,0.4483,1
qb_multiply_n13,qasmbench,multiplier,target,t,commuting_pace8,A_400_0.75,A,400,0.75,constrained,41,10,24,0,24.0,35,0,35,0,0,24.0,24.0,0.0,1,1.4,15867,387,0.2721,43,0.0465,29,0.6552,1
qb_multiply_n13,qasmbench,multiplier,target,t,conventional,A_400_0.75,A,400,0.75,constrained,43,29,24,0,24.0,14,0,14,0,0,8.0,6.0,0.3333,4,0.483,16641,387,0.2594,43,0.0,29,0.0,1
qb_multiply_n13,qasmbench,multiplier,target,t,conventional_pace4,A_400_0.75,A,400,0.75,constrained,43,29,24,0,24.0,14,0,14,0,0,8.0,6.0,0.3333,4,0.483,16641,387,0.2594,43,0.0,29,0.0,1
qb_multiply_n13,qasmbench,multiplier,target,t,commuting,A_800_0.5,A,800,0.5,moderate,20,10,24,0,24.0,14,0,14,0,0,24.0,24.0,0.0,1,1.4,16560,828,0.2276,36,0.4444,29,0.6552,1
qb_multiply_n13,qasmbench,multiplier,target,t,commuting_pace1,A_800_0.5,A,800,0.5,moderate,50,43,24,0,24.0,7,0,7,79,14,4.0,4.0,0.0,6,0.326,41400,828,0.091,36,-0.3889,29,-0.4828,1
qb_multiply_n13,qasmbench,multiplier,target,t,commuting_pace2,A_800_0.5,A,800,0.5,moderate,30,23,24,0,24.0,7,0,7,13,0,8.0,8.0,0.0,3,0.609,24840,828,0.1517,36,0.1667,29,0.2069,1
qb_multiply_n13,qasmbench,multiplier,target,t,commuting_pace4,A_800_0.5,A,800,0.5,moderate,23,16,24,0,24.0,10,0,10,0,0,16.0,12.0,0.3333,2,0.875,19044,828,0.1979,36,0.3611,29,0.4483,1
qb_multiply_n13,qasmbench,multiplier,target,t,commuting_pace8,A_800_0.5,A,800,0.5,moderate,20,10,24,0,24.0,14,0,14,0,0,24.0,24.0,0.0,1,1.4,16560,828,0.2276,36,0.4444,29,0.6552,1
qb_multiply_n13,qasmbench,multiplier,target,t,conventional,A_800_0.5,A,800,0.5,moderate,36,29,24,0,24.0,7,0,7,33,0,8.0,6.0,0.3333,4,0.483,29808,828,0.1264,36,0.0,29,0.0,1
qb_multiply_n13,qasmbench,multiplier,target,t,conventional_pace4,A_800_0.5,A,800,0.5,moderate,36,29,24,0,24.0,7,0,7,33,0,8.0,6.0,0.3333,4,0.483,29808,828,0.1264,36,0.0,29,0.0,1
qb_multiply_n13,qasmbench,multiplier,target,t,commuting,B_400_0.5,B,400,0.5,constrained,34,10,24,0,24.0,28,0,28,0,0,24.0,24.0,0.0,1,1.4,13124,386,0.364,40,0.15,29,0.6552,1
qb_multiply_n13,qasmbench,multiplier,target,t,commuting_pace1,B_400_0.5,B,400,0.5,constrained,54,43,24,0,24.0,11,0,11,0,0,4.0,4.0,0.0,6,0.326,20844,386,0.2292,40,-0.35,29,-0.4828,1
qb_multiply_n13,qasmbench,multiplier,target,t,commuting_pace2,B_400_0.5,B,400,0.5,constrained,35,23,24,0,24.0,13,0,13,0,0,8.0,8.0,0.0,3,0.609,13510,386,0.3536,40,0.125,29,0.2069,1
qb_multiply_n13,qasmbench,multiplier,target,t,commuting_pace4,B_400_0.5,B,400,0.5,constrained,34,16,24,0,24.0,28,0,28,0,0,16.0,12.0,0.3333,2,0.875,13124,386,0.364,40,0.15,29,0.4483,1
qb_multiply_n13,qasmbench,multiplier,target,t,commuting_pace8,B_400_0.5,B,400,0.5,constrained,34,10,24,0,24.0,28,0,28,0,0,24.0,24.0,0.0,1,1.4,13124,386,0.364,40,0.15,29,0.6552,1
qb_multiply_n13,qasmbench,multiplier,target,t,conventional,B_400_0.5,B,400,0.5,constrained,40,29,24,0,24.0,11,0,11,0,0,8.0,6.0,0.3333,4,0.483,15440,386,0.3094,40,0.0,29,0.0,1
qb_multiply_n13,qasmbench,multiplier,target,t,conventional_pace4,B_400_0.5,B,400,0.5,constrained,40,29,24,0,24.0,11,0,11,0,0,8.0,6.0,0.3333,4,0.483,15440,386,0.3094,40,0.0,29,0.0,1
qb_multiply_n13,qasmbench,multiplier,target,t,commuting,C_400_0.5,C,400,0.5,constrained,30,10,24,0,24.0,24,0,24,0,0,24.0,24.0,0.0,1,1.4,11820,394,0.4125,36,0.1667,29,0.6552,1
qb_multiply_n13,qasmbench,multiplier,target,t,commuting_pace1,C_400_0.5,C,400,0.5,constrained,50,43,24,0,24.0,7,0,7,0,0,4.0,4.0,0.0,6,0.326,19700,394,0.2475,36,-0.3889,29,-0.4828,1
qb_multiply_n13,qasmbench,multiplier,target,t,commuting_pace2,C_400_0.5,C,400,0.5,constrained,32,23,24,0,24.0,11,0,11,0,0,8.0,8.0,0.0,3,0.609,12608,394,0.3867,36,0.1111,29,0.2069,1
qb_multiply_n13,qasmbench,multiplier,target,t,commuting_pace4,C_400_0.5,C,400,0.5,constrained,30,16,24,0,24.0,24,0,24,0,0,16.0,12.0,0.3333,2,0.875,11820,394,0.4125,36,0.1667,29,0.4483,1
qb_multiply_n13,qasmbench,multiplier,target,t,commuting_pace8,C_400_0.5,C,400,0.5,constrained,30,10,24,0,24.0,24,0,24,0,0,24.0,24.0,0.0,1,1.4,11820,394,0.4125,36,0.1667,29,0.6552,1
qb_multiply_n13,qasmbench,multiplier,target,t,conventional,C_400_0.5,C,400,0.5,constrained,36,29,24,0,24.0,7,0,7,0,0,8.0,6.0,0.3333,4,0.483,14184,394,0.3438,36,0.0,29,0.0,1
qb_multiply_n13,qasmbench,multiplier,target,t,conventional_pace4,C_400_0.5,C,400,0.5,constrained,36,29,24,0,24.0,7,0,7,0,0,8.0,6.0,0.3333,4,0.483,14184,394,0.3438,36,0.0,29,0.0,1
qb_qram_n20,qasmbench,lookup,target,ccz,commuting,A_200_0.5,A,200,0.5,constrained,89,57,0,14,28.0,0,70,70,34,0,8.0,2.8,0.6547,10,0.719,15219,171,0.2732,92,0.0326,75,0.24,1
qb_qram_n20,qasmbench,lookup,target,ccz,commuting_pace1,A_200_0.5,A,200,0.5,constrained,89,75,0,14,28.0,0,14,14,34,0,2.0,2.0,0.0,14,0.547,15219,171,0.2732,92,0.0326,75,0.0,1
qb_qram_n20,qasmbench,lookup,target,ccz,commuting_pace2,A_200_0.5,A,200,0.5,constrained,89,61,0,14,28.0,0,40,40,34,0,4.0,2.55,0.3499,11,0.672,15219,171,0.2732,92,0.0326,75,0.1867,1
qb_qram_n20,qasmbench,lookup,target,ccz,commuting_pace4,A_200_0.5,A,200,0.5,constrained,89,57,0,14,28.0,0,50,50,34,0,8.0,2.8,0.6547,10,0.719,15219,171,0.2732,92,0.0326,75,0.24,1
qb_qram_n20,qasmbench,lookup,target,ccz,commuting_pace8,A_200_0.5,A,200,0.5,constrained,89,57,0,14,28.0,0,60,60,34,0,8.0,2.8,0.6547,10,0.719,15219,171,0.2732,92,0.0326,75,0.24,1
qb_qram_n20,qasmbench,lookup,target,ccz,conventional,A_200_0.5,A,200,0.5,constrained,92,75,0,14,28.0,0,23,23,36,0,4.0,2.15,0.2474,13,0.547,15732,171,0.2643,92,0.0,75,0.0,1
qb_qram_n20,qasmbench,lookup,target,ccz,conventional_pace4,A_200_0.5,A,200,0.5,constrained,92,75,0,14,28.0,0,23,23,36,0,4.0,2.15,0.2474,13,0.547,15732,171,0.2643,92,0.0,75,0.0,1
qb_qram_n20,qasmbench,lookup,target,ccz,commuting,A_3200_0.5,A,3200,0.5,abundant,58,57,0,14,28.0,0,2,2,614,152,8.0,2.8,0.6547,10,0.719,184382,3179,0.0235,76,0.2368,75,0.24,0
qb_qram_n20,qasmbench,lookup,target,ccz,commuting_pace1,A_3200_0.5,A,3200,0.5,abundant,77,75,0,14,28.0,0,2,2,865,222,2.0,2.0,0.0,14,0.547,244783,3179,0.0177,76,-0.0132,75,0.0,0
qb_qram_n20,qasmbench,lookup,target,ccz,commuting_pace2,A_3200_0.5,A,3200,0.5,abundant,63,61,0,14,28.0,0,2,2,680,171,4.0,2.55,0.3499,11,0.672,200277,3179,0.0217,76,0.1711,75,0.1867,0
qb_qram_n20,qasmbench,lookup,target,ccz,commuting_pace4,A_3200_0.5,A,3200,0.5,abundant,58,57,0,14,28.0,0,2,2,614,152,8.0,2.8,0.6547,10,0.719,184382,3179,0.0235,76,0.2368,75,0.24,0
qb_qram_n20,qasmbench,lookup,target,ccz,commuting_pace8,A_3200_0.5,A,3200,0.5,abundant,58,57,0,14,28.0,0,2,2,614,152,8.0,2.8,0.6547,10,0.719,184382,3179,0.0235,76,0.2368,75,0.24,0
qb_qram_n20,qasmbench,lookup,target,ccz,conventional,A_3200_0.5,A,3200,0.5,abundant,76,75,0,14,28.0,0,1,1,852,218,4.0,2.15,0.2474,13,0.547,241604,3179,0.018,76,0.0,75,0.0,0
qb_qram_n20,qasmbench,lookup,target,ccz,conventional_pace4,A_3200_0.5,A,3200,0.5,abundant,76,75,0,14,28.0,0,1,1,852,218,4.0,2.15,0.2474,13,0.547,241604,3179,0.018,76,0.0,75,0.0,0
qb_qram_n20,qasmbench,lookup,target,ccz,commuting,A_400_0.25,A,400,0.25,constrained,89,57,0,14,28.0,0,70,70,165,0,8.0,2.8,0.6547,10,0.719,32841,369,0.1128,92,0.0326,75,0.24,1
qb_qram_n20,qasmbench,lookup,target,ccz,commuting_pace1,A_400_0.25,A,400,0.25,constrained,89,75,0,14,28.0,0,14,14,165,0,2.0,2.0,0.0,14,0.547,32841,369,0.1128,92,0.0326,75,0.0,1
qb_qram_n20,qasmbench,lookup,target,ccz,commuting_pace2,A_400_0.25,A,400,0.25,constrained,89,61,0,14,28.0,0,40,40,165,0,4.0,2.55,0.3499,11,0.672,32841,369,0.1128,92,0.0326,75,0.1867,1
qb_qram_n20,qasmbench,lookup,target,ccz,commuting_pace4,A_400_0.25,A,400,0.25,constrained,89,57,0,14,28.0,0,50,50,165,0,8.0,2.8,0.6547,10,0.719,32841,369,0.1128,92,0.0326,75,0.24,1
qb_qram_n20,qasmbench,lookup,target,ccz,commuting_pace8,A_400_0.25,A,400,0.25,constrained,89,57,0,14,28.0,0,60,60,165,0,8.0,2.8,0.6547,10,0.719,32841,369,0.1128,92,0.0326,75,0.24,1
qb_qram_n20,qasmbench,lookup,target,ccz,conventional,A_400_0.25,A,400,0.25,constrained,92,75,0,14,28.0,0,23,23,172,0,4.0,2.15,0.2474,13,0.547,33948,369,0.1092,92,0.0,75,0.0,1
qb_qram_n20,qasmbench,lookup,target,ccz,conventional_pace4,A_400_0.25,A,400,0.25,constrained,92,75,0,14,28.0,0,23,23,172,0,4.0,2.15,0.2474,13,0.547,33948,369,0.1092,92,0.0,75,0.0,1
qb_qram_n20,qasmbench,lookup,target,ccz,commuting,A_400_0.5,A,400,0.5,constrained,58,57,0,14,28.0,0,7,7,49,0,8.0,2.8,0.6547,10,0.719,24012,414,0.1831,76,0.2368,75,0.24,0
qb_qram_n20,qasmbench,lookup,target,ccz,commuting_pace1,A_400_0.5,A,400,0.5,constrained,77,75,0,14,28.0,0,2,2,80,0,2.0,2.0,0.0,14,0.547,31878,414,0.1379,76,-0.0132,75,0.0,0
qb_qram_n20,qasmbench,lookup,target,ccz,commuting_pace2,A_400_0.5,A,400,0.5,constrained,64,61,0,14,28.0,0,4,4,58,0,4.0,2.55,0.3499,11,0.672,26496,414,0.1659,76,0.1579,75,0.1867,0
qb_qram_n20,qasmbench,lookup,target,ccz,commuting_pace4,A_400_0.5,A,400,0.5,constrained,58,57,0,14,28.0,0,7,7,49,0,8.0,2.8,0.6547,10,0.719,24012,414,0.1831,76,0.2368,75,0.24,0
qb_qram_n20,qasmbench,lookup,target,ccz,commuting_pace8,A_400_0.5,A,400,0.5,constrained,58,57,0,14,28.0,0,7,7,49,0,8.0,2.8,0.6547,10,0.719,24012,414,0.1831,76,0.2368,75,0.24,0
qb_qram_n20,qasmbench,lookup,target,ccz,conventional,A_400_0.5,A,400,0.5,constrained,76,75,0,14,28.0,0,1,1,78,0,4.0,2.15,0.2474,13,0.547,31464,414,0.1397,76,0.0,75,0.0,0
qb_qram_n20,qasmbench,lookup,target,ccz,conventional_pace4,A_400_0.5,A,400,0.5,constrained,76,75,0,14,28.0,0,1,1,78,0,4.0,2.15,0.2474,13,0.547,31464,414,0.1397,76,0.0,75,0.0,0
qb_qram_n20,qasmbench,lookup,target,ccz,commuting,A_400_0.75,A,400,0.75,constrained,58,57,0,14,28.0,0,3,3,9,0,8.0,2.8,0.6547,10,0.719,22446,387,0.2244,76,0.2368,75,0.24,0
qb_qram_n20,qasmbench,lookup,target,ccz,commuting_pace1,A_400_0.75,A,400,0.75,constrained,77,75,0,14,28.0,0,2,2,24,3,2.0,2.0,0.0,14,0.547,29799,387,0.169,76,-0.0132,75,0.0,0
qb_qram_n20,qasmbench,lookup,target,ccz,commuting_pace2,A_400_0.75,A,400,0.75,constrained,63,61,0,14,28.0,0,3,3,13,0,4.0,2.55,0.3499,11,0.672,24381,387,0.2066,76,0.1711,75,0.1867,0
qb_qram_n20,qasmbench,lookup,target,ccz,commuting_pace4,A_400_0.75,A,400,0.75,constrained,58,57,0,14,28.0,0,3,3,9,0,8.0,2.8,0.6547,10,0.719,22446,387,0.2244,76,0.2368,75,0.24,0
qb_qram_n20,qasmbench,lookup,target,ccz,commuting_pace8,A_400_0.75,A,400,0.75,constrained,58,57,0,14,28.0,0,3,3,9,0,8.0,2.8,0.6547,10,0.719,22446,387,0.2244,76,0.2368,75,0.24,0
qb_qram_n20,qasmbench,lookup,target,ccz,conventional,A_400_0.75,A,400,0.75,constrained,76,75,0,14,28.0,0,1,1,23,2,4.0,2.15,0.2474,13,0.547,29412,387,0.1712,76,0.0,75,0.0,0
qb_qram_n20,qasmbench,lookup,target,ccz,conventional_pace4,A_400_0.75,A,400,0.75,constrained,76,75,0,14,28.0,0,1,1,23,2,4.0,2.15,0.2474,13,0.547,29412,387,0.1712,76,0.0,75,0.0,0
qb_qram_n20,qasmbench,lookup,target,ccz,commuting,A_800_0.5,A,800,0.5,moderate,58,57,0,14,28.0,0,3,3,129,8,8.0,2.8,0.6547,10,0.719,48024,828,0.0916,76,0.2368,75,0.24,0
qb_qram_n20,qasmbench,lookup,target,ccz,commuting_pace1,A_800_0.5,A,800,0.5,moderate,77,75,0,14,28.0,0,2,2,191,27,2.0,2.0,0.0,14,0.547,63756,828,0.069,76,-0.0132,75,0.0,0
qb_qram_n20,qasmbench,lookup,target,ccz,commuting_pace2,A_800_0.5,A,800,0.5,moderate,63,61,0,14,28.0,0,3,3,145,13,4.0,2.55,0.3499,11,0.672,52164,828,0.0843,76,0.1711,75,0.1867,0
qb_qram_n20,qasmbench,lookup,target,ccz,commuting_pace4,A_800_0.5,A,800,0.5,moderate,58,57,0,14,28.0,0,3,3,129,8,8.0,2.8,0.6547,10,0.719,48024,828,0.0916,76,0.2368,75,0.24,0
qb_qram_n20,qasmbench,lookup,target,ccz,commuting_pace8,A_800_0.5,A,800,0.5,moderate,58,57,0,14,28.0,0,3,3,129,8,8.0,2.8,0.6547,10,0.719,48024,828,0.0916,76,0.2368,75,0.24,0
qb_qram_n20,qasmbench,lookup,target,ccz,conventional,A_800_0.5,A,800,0.5,moderate,76,75,0,14,28.0,0,1,1,188,26,4.0,2.15,0.2474,13,0.547,62928,828,0.0699,76,0.0,75,0.0,0
qb_qram_n20,qasmbench,lookup,target,ccz,conventional_pace4,A_800_0.5,A,800,0.5,moderate,76,75,0,14,28.0,0,1,1,188,26,4.0,2.15,0.2474,13,0.547,62928,828,0.0699,76,0.0,75,0.0,0
qb_qram_n20,qasmbench,lookup,target,ccz,commuting,B_400_0.5,B,400,0.5,constrained,63,57,0,14,28.0,0,19,19,0,0,8.0,2.8,0.6547,10,0.719,24318,386,0.2292,79,0.2025,75,0.24,1
qb_qram_n20,qasmbench,lookup,target,ccz,commuting_pace1,B_400_0.5,B,400,0.5,constrained,80,75,0,14,28.0,0,5,5,0,0,2.0,2.0,0.0,14,0.547,30880,386,0.1805,79,-0.0127,75,0.0,0
qb_qram_n20,qasmbench,lookup,target,ccz,commuting_pace2,B_400_0.5,B,400,0.5,constrained,67,61,0,14,28.0,0,7,7,0,0,4.0,2.55,0.3499,11,0.672,25862,386,0.2155,79,0.1519,75,0.1867,0
qb_qram_n20,qasmbench,lookup,target,ccz,commuting_pace4,B_400_0.5,B,400,0.5,constrained,63,57,0,14,28.0,0,18,18,0,0,8.0,2.8,0.6547,10,0.719,24318,386,0.2292,79,0.2025,75,0.24,1
qb_qram_n20,qasmbench,lookup,target,ccz,commuting_pace8,B_400_0.5,B,400,0.5,constrained,63,57,0,14,28.0,0,19,19,0,0,8.0,2.8,0.6547,10,0.719,24318,386,0.2292,79,0.2025,75,0.24,1
qb_qram_n20,qasmbench,lookup,target,ccz,conventional,B_400_0.5,B,400,0.5,constrained,79,75,0,14,28.0,0,4,4,0,0,4.0,2.15,0.2474,13,0.547,30494,386,0.1828,79,0.0,75,0.0,0
qb_qram_n20,qasmbench,lookup,target,ccz,conventional_pace4,B_400_0.5,B,400,0.5,constrained,79,75,0,14,28.0,0,4,4,0,0,4.0,2.15,0.2474,13,0.547,30494,386,0.1828,79,0.0,75,0.0,0
qb_qram_n20,qasmbench,lookup,target,ccz,commuting,C_400_0.5,C,400,0.5,constrained,63,57,0,14,28.0,0,21,21,0,0,8.0,2.8,0.6547,10,0.719,24822,394,0.2292,79,0.2025,75,0.24,1
qb_qram_n20,qasmbench,lookup,target,ccz,commuting_pace1,C_400_0.5,C,400,0.5,constrained,80,75,0,14,28.0,0,5,5,0,0,2.0,2.0,0.0,14,0.547,31520,394,0.1805,79,-0.0127,75,0.0,0
qb_qram_n20,qasmbench,lookup,target,ccz,commuting_pace2,C_400_0.5,C,400,0.5,constrained,67,61,0,14,28.0,0,10,10,0,0,4.0,2.55,0.3499,11,0.672,26398,394,0.2155,79,0.1519,75,0.1867,0
qb_qram_n20,qasmbench,lookup,target,ccz,commuting_pace4,C_400_0.5,C,400,0.5,constrained,63,57,0,14,28.0,0,19,19,0,0,8.0,2.8,0.6547,10,0.719,24822,394,0.2292,79,0.2025,75,0.24,1
qb_qram_n20,qasmbench,lookup,target,ccz,commuting_pace8,C_400_0.5,C,400,0.5,constrained,63,57,0,14,28.0,0,21,21,0,0,8.0,2.8,0.6547,10,0.719,24822,394,0.2292,79,0.2025,75,0.24,1
qb_qram_n20,qasmbench,lookup,target,ccz,conventional,C_400_0.5,C,400,0.5,constrained,79,75,0,14,28.0,0,4,4,0,0,4.0,2.15,0.2474,13,0.547,31126,394,0.1828,79,0.0,75,0.0,0
qb_qram_n20,qasmbench,lookup,target,ccz,conventional_pace4,C_400_0.5,C,400,0.5,constrained,79,75,0,14,28.0,0,4,4,0,0,4.0,2.15,0.2474,13,0.547,31126,394,0.1828,79,0.0,75,0.0,0
qb_qram_n20,qasmbench,lookup,target,t,commuting,A_200_0.5,A,200,0.5,constrained,94,77,56,0,56.0,40,0,40,0,0,16.0,5.6,0.6547,10,0.532,16074,171,0.5174,109,0.1376,101,0.2376,1
qb_qram_n20,qasmbench,lookup,target,t,commuting_pace1,A_200_0.5,A,200,0.5,constrained,111,103,56,0,56.0,8,0,8,0,0,4.0,4.0,0.0,14,0.398,18981,171,0.4381,109,-0.0183,101,-0.0198,0
qb_qram_n20,qasmbench,lookup,target,t,commuting_pace2,A_200_0.5,A,200,0.5,constrained,100,83,56,0,56.0,24,0,24,0,0,8.0,5.09,0.3499,11,0.494,17100,171,0.4863,109,0.0826,101,0.1782,1
qb_qram_n20,qasmbench,lookup,target,t,commuting_pace4,A_200_0.5,A,200,0.5,constrained,95,77,56,0,56.0,36,0,36,0,0,16.0,5.6,0.6547,10,0.532,16245,171,0.5119,109,0.1284,101,0.2376,1
qb_qram_n20,qasmbench,lookup,target,t,commuting_pace8,A_200_0.5,A,200,0.5,constrained,94,77,56,0,56.0,41,0,41,0,0,16.0,5.6,0.6547,10,0.532,16074,171,0.5174,109,0.1376,101,0.2376,1
qb_qram_n20,qasmbench,lookup,target,t,conventional,A_200_0.5,A,200,0.5,constrained,109,101,56,0,56.0,10,0,10,0,0,8.0,4.31,0.2474,13,0.406,18639,171,0.4462,109,0.0,101,0.0,0
qb_qram_n20,qasmbench,lookup,target,t,conventional_pace4,A_200_0.5,A,200,0.5,constrained,109,101,56,0,56.0,10,0,10,0,0,8.0,4.31,0.2474,13,0.406,18639,171,0.4462,109,0.0,101,0.0,0
qb_qram_n20,qasmbench,lookup,target,t,commuting,A_3200_0.5,A,3200,0.5,abundant,83,77,56,0,56.0,7,0,7,888,258,16.0,5.6,0.6547,10,0.532,263857,3179,0.0329,107,0.2243,101,0.2376,0
qb_qram_n20,qasmbench,lookup,target,t,commuting_pace1,A_3200_0.5,A,3200,0.5,abundant,110,103,56,0,56.0,7,0,7,1244,357,4.0,4.0,0.0,14,0.398,349690,3179,0.0248,107,-0.028,101,-0.0198,0
qb_qram_n20,qasmbench,lookup,target,t,commuting_pace2,A_3200_0.5,A,3200,0.5,abundant,90,83,56,0,56.0,7,0,7,980,284,8.0,5.09,0.3499,11,0.494,286110,3179,0.0303,107,0.1589,101,0.1782,0
qb_qram_n20,qasmbench,lookup,target,t,commuting_pace4,A_3200_0.5,A,3200,0.5,abundant,83,77,56,0,56.0,7,0,7,888,258,16.0,5.6,0.6547,10,0.532,263857,3179,0.0329,107,0.2243,101,0.2376,0
qb_qram_n20,qasmbench,lookup,target,t,commuting_pace8,A_3200_0.5,A,3200,0.5,abundant,83,77,56,0,56.0,7,0,7,888,258,16.0,5.6,0.6547,10,0.532,263857,3179,0.0329,107,0.2243,101,0.2376,0
qb_qram_n20,qasmbench,lookup,target,t,conventional,A_3200_0.5,A,3200,0.5,abundant,107,101,56,0,56.0,6,0,6,1204,346,8.0,4.31,0.2474,13,0.406,340153,3179,0.0255,107,0.0,101,0.0,0
qb_qram_n20,qasmbench,lookup,target,t,conventional_pace4,A_3200_0.5,A,3200,0.5,abundant,107,101,56,0,56.0,6,0,6,1204,346,8.0,4.31,0.2474,13,0.406,340153,3179,0.0255,107,0.0,101,0.0,0
qb_qram_n20,qasmbench,lookup,target,t,commuting,A_400_0.25,A,400,0.25,constrained,83,77,56,0,56.0,8,0,8,94,0,16.0,5.6,0.6547,10,0.532,30627,369,0.242,107,0.2243,101,0.2376,0
qb_qram_n20,qasmbench,lookup,target,t,commuting_pace1,A_400_0.25,A,400,0.25,constrained,110,103,56,0,56.0,7,0,7,160,0,4.0,4.0,0.0,14,0.398,40590,369,0.1826,107,-0.028,101,-0.0198,0
qb_qram_n20,qasmbench,lookup,target,t,commuting_pace2,A_400_0.25,A,400,0.25,constrained,90,83,56,0,56.0,8,0,8,111,0,8.0,5.09,0.3499,11,0.494,33210,369,0.2232,107,0.1589,101,0.1782,0
qb_qram_n20,qasmbench,lookup,target,t,commuting_pace4,A_400_0.25,A,400,0.25,constrained,83,77,56,0,56.0,8,0,8,94,0,16.0,5.6,0.6547,10,0.532,30627,369,0.242,107,0.2243,101,0.2376,0
qb_qram_n20,qasmbench,lookup,target,t,commuting_pace8,A_400_0.25,A,400,0.25,constrained,83,77,56,0,56.0,8,0,8,94,0,16.0,5.6,0.6547,10,0.532,30627,369,0.242,107,0.2243,101,0.2376,0
qb_qram_n20,qasmbench,lookup,target,t,conventional,A_400_0.25,A,400,0.25,constrained,107,101,56,0,56.0,6,0,6,153,0,8.0,4.31,0.2474,13,0.406,39483,369,0.1877,107,0.0,101,0.0,0
qb_qram_n20,qasmbench,lookup,target,t,conventional_pace4,A_400_0.25,A,400,0.25,constrained,107,101,56,0,56.0,6,0,6,153,0,8.0,4.31,0.2474,13,0.406,39483,369,0.1877,107,0.0,101,0.0,0
qb_qram_n20,qasmbench,lookup,target,t,commuting,A_400_0.5,A,400,0.5,constrained,84,77,56,0,56.0,13,0,13,35,8,16.0,5.6,0.6547,10,0.532,34776,414,0.2529,107,0.215,101,0.2376,0
qb_qram_n20,qasmbench,lookup,target,t,commuting_pace1,A_400_0.5,A,400,0.5,constrained,110,103,56,0,56.0,7,0,7,78,21,4.0,4.0,0.0,14,0.398,45540,414,0.1931,107,-0.028,101,-0.0198,0
qb_qram_n20,qasmbench,lookup,target,t,commuting_pace2,A_400_0.5,A,400,0.5,constrained,91,83,56,0,56.0,10,0,10,47,12,8.0,5.09,0.3499,11,0.494,37674,414,0.2334,107,0.1495,101,0.1782,0
qb_qram_n20,qasmbench,lookup,target,t,commuting_pace4,A_400_0.5,A,400,0.5,constrained,84,77,56,0,56.0,13,0,13,35,8,16.0,5.6,0.6547,10,0.532,34776,414,0.2529,107,0.215,101,0.2376,0
qb_qram_n20,qasmbench,lookup,target,t,commuting_pace8,A_400_0.5,A,400,0.5,constrained,84,77,56,0,56.0,13,0,13,35,8,16.0,5.6,0.6547,10,0.532,34776,414,0.2529,107,0.215,101,0.2376,0
qb_qram_n20,qasmbench,lookup,target,t,conventional,A_400_0.5,A,400,0.5,constrained,107,101,56,0,56.0,6,0,6,73,20,8.0,4.31,0.2474,13,0.406,44298,414,0.1985,107,0.0,101,0.0,0
qb_qram_n20,qasmbench,lookup,target,t,conventional_pace4,A_400_0.5,A,400,0.5,constrained,107,101,56,0,56.0,6,0,6,73,20,8.0,4.31,0.2474,13,0.406,44298,414,0.1985,107,0.0,101,0.0,0
qb_qram_n20,qasmbench,lookup,target,t,commuting,A_400_0.75,A,400,0.75,constrained,94,77,56,0,56.0,40,0,40,0,28,16.0,5.6,0.6547,10,0.532,36378,387,0.2769,109,0.1376,101,0.2376,1
qb_qram_n20,qasmbench,lookup,target,t,commuting_pace1,A_400_0.75,A,400,0.75,constrained,111,103,56,0,56.0,8,0,8,0,40,4.0,4.0,0.0,14,0.398,42957,387,0.2345,109,-0.0183,101,-0.0198,0
qb_qram_n20,qasmbench,lookup,target,t,commuting_pace2,A_400_0.75,A,400,0.75,constrained,100,83,56,0,56.0,24,0,24,0,32,8.0,5.09,0.3499,11,0.494,38700,387,0.2603,109,0.0826,101,0.1782,1
qb_qram_n20,qasmbench,lookup,target,t,commuting_pace4,A_400_0.75,A,400,0.75,constrained,95,77,56,0,56.0,36,0,36,0,29,16.0,5.6,0.6547,10,0.532,36765,387,0.274,109,0.1284,101,0.2376,1
qb_qram_n20,qasmbench,lookup,target,t,commuting_pace8,A_400_0.75,A,400,0.75,constrained,94,77,56,0,56.0,41,0,41,0,28,16.0,5.6,0.6547,10,0.532,36378,387,0.2769,109,0.1376,101,0.2376,1
qb_qram_n20,qasmbench,lookup,target,t,conventional,A_400_0.75,A,400,0.75,constrained,109,101,56,0,56.0,10,0,10,0,38,8.0,4.31,0.2474,13,0.406,42183,387,0.2388,109,0.0,101,0.0,0
qb_qram_n20,qasmbench,lookup,target,t,conventional_pace4,A_400_0.75,A,400,0.75,constrained,109,101,56,0,56.0,10,0,10,0,38,8.0,4.31,0.2474,13,0.406,42183,387,0.2388,109,0.0,101,0.0,0
qb_qram_n20,qasmbench,lookup,target,t,commuting,A_800_0.5,A,800,0.5,moderate,83,77,56,0,56.0,7,0,7,155,47,16.0,5.6,0.6547,10,0.532,68724,828,0.128,107,0.2243,101,0.2376,0
qb_qram_n20,qasmbench,lookup,target,t,commuting_pace1,A_800_0.5,A,800,0.5,moderate,110,103,56,0,56.0,7,0,7,243,74,4.0,4.0,0.0,14,0.398,91080,828,0.0966,107,-0.028,101,-0.0198,0
qb_qram_n20,qasmbench,lookup,target,t,commuting_pace2,A_800_0.5,A,800,0.5,moderate,90,83,56,0,56.0,7,0,7,178,54,8.0,5.09,0.3499,11,0.494,74520,828,0.118,107,0.1589,101,0.1782,0
qb_qram_n20,qasmbench,lookup,target,t,commuting_pace4,A_800_0.5,A,800,0.5,moderate,83,77,56,0,56.0,7,0,7,155,47,16.0,5.6,0.6547,10,0.532,68724,828,0.128,107,0.2243,101,0.2376,0
qb_qram_n20,qasmbench,lookup,target,t,commuting_pace8,A_800_0.5,A,800,0.5,moderate,83,77,56,0,56.0,7,0,7,155,47,16.0,5.6,0.6547,10,0.532,68724,828,0.128,107,0.2243,101,0.2376,0
qb_qram_n20,qasmbench,lookup,target,t,conventional,A_800_0.5,A,800,0.5,moderate,107,101,56,0,56.0,6,0,6,233,71,8.0,4.31,0.2474,13,0.406,88596,828,0.0993,107,0.0,101,0.0,0
qb_qram_n20,qasmbench,lookup,target,t,conventional_pace4,A_800_0.5,A,800,0.5,moderate,107,101,56,0,56.0,6,0,6,233,71,8.0,4.31,0.2474,13,0.406,88596,828,0.0993,107,0.0,101,0.0,0
qb_qram_n20,qasmbench,lookup,target,t,commuting,B_400_0.5,B,400,0.5,constrained,88,77,56,0,56.0,20,0,20,0,0,16.0,5.6,0.6547,10,0.532,33968,386,0.3281,111,0.2072,101,0.2376,1
qb_qram_n20,qasmbench,lookup,target,t,commuting_pace1,B_400_0.5,B,400,0.5,constrained,114,103,56,0,56.0,11,0,11,0,0,4.0,4.0,0.0,14,0.398,44004,386,0.2533,111,-0.027,101,-0.0198,1
qb_qram_n20,qasmbench,lookup,target,t,commuting_pace2,B_400_0.5,B,400,0.5,constrained,95,83,56,0,56.0,13,0,13,0,0,8.0,5.09,0.3499,11,0.494,36670,386,0.3039,111,0.1441,101,0.1782,1
qb_qram_n20,qasmbench,lookup,target,t,commuting_pace4,B_400_0.5,B,400,0.5,constrained,88,77,56,0,56.0,21,0,21,0,0,16.0,5.6,0.6547,10,0.532,33968,386,0.3281,111,0.2072,101,0.2376,1
qb_qram_n20,qasmbench,lookup,target,t,commuting_pace8,B_400_0.5,B,400,0.5,constrained,88,77,56,0,56.0,20,0,20,0,0,16.0,5.6,0.6547,10,0.532,33968,386,0.3281,111,0.2072,101,0.2376,1
qb_qram_n20,qasmbench,lookup,target,t,conventional,B_400_0.5,B,400,0.5,constrained,111,101,56,0,56.0,10,0,10,0,0,8.0,4.31,0.2474,13,0.406,42846,386,0.2601,111,0.0,101,0.0,0
qb_qram_n20,qasmbench,lookup,target,t,conventional_pace4,B_400_0.5,B,400,0.5,constrained,111,101,56,0,56.0,10,0,10,0,0,8.0,4.31,0.2474,13,0.406,42846,386,0.2601,111,0.0,101,0.0,0
qb_qram_n20,qasmbench,lookup,target,t,commuting,C_400_0.5,C,400,0.5,constrained,86,77,56,0,56.0,18,0,18,0,0,16.0,5.6,0.6547,10,0.532,33884,394,0.3358,107,0.1963,101,0.2376,1
qb_qram_n20,qasmbench,lookup,target,t,commuting_pace1,C_400_0.5,C,400,0.5,constrained,110,103,56,0,56.0,7,0,7,0,0,4.0,4.0,0.0,14,0.398,43340,394,0.2625,107,-0.028,101,-0.0198,0
qb_qram_n20,qasmbench,lookup,target,t,commuting_pace2,C_400_0.5,C,400,0.5,constrained,92,83,56,0,56.0,11,0,11,0,0,8.0,5.09,0.3499,11,0.494,36248,394,0.3139,107,0.1402,101,0.1782,1
qb_qram_n20,qasmbench,lookup,target,t,commuting_pace4,C_400_0.5,C,400,0.5,constrained,84,77,56,0,56.0,20,0,20,0,0,16.0,5.6,0.6547,10,0.532,33096,394,0.3438,107,0.215,101,0.2376,0
qb_qram_n20,qasmbench,lookup,target,t,commuting_pace8,C_400_0.5,C,400,0.5,constrained,86,77,56,0,56.0,18,0,18,0,0,16.0,5.6,0.6547,10,0.532,33884,394,0.3358,107,0.1963,101,0.2376,1
qb_qram_n20,qasmbench,lookup,target,t,conventional,C_400_0.5,C,400,0.5,constrained,107,101,56,0,56.0,6,0,6,0,0,8.0,4.31,0.2474,13,0.406,42158,394,0.2699,107,0.0,101,0.0,0
qb_qram_n20,qasmbench,lookup,target,t,conventional_pace4,C_400_0.5,C,400,0.5,constrained,107,101,56,0,56.0,6,0,6,0,0,8.0,4.31,0.2474,13,0.406,42158,394,0.2699,107,0.0,101,0.0,0
qmpa_div6,qmpa,divider,target,ccz,commuting,A_200_0.5,A,200,0.5,constrained,130,116,0,18,36.0,0,38,38,67,0,12.0,2.77,0.9623,13,0.819,22230,171,0.2405,135,0.037,124,0.0645,1
qmpa_div6,qmpa,divider,target,ccz,commuting_pace1,A_200_0.5,A,200,0.5,constrained,140,140,0,18,36.0,0,0,0,76,0,2.0,2.0,0.0,18,0.679,23940,171,0.2233,135,-0.037,124,-0.129,0
qmpa_div6,qmpa,divider,target,ccz,commuting_pace2,A_200_0.5,A,200,0.5,constrained,130,125,0,18,36.0,0,5,5,67,0,4.0,2.4,0.3333,15,0.76,22230,171,0.2405,135,0.037,124,-0.0081,0
qmpa_div6,qmpa,divider,target,ccz,commuting_pace4,A_200_0.5,A,200,0.5,constrained,130,116,0,18,36.0,0,32,32,67,0,8.0,2.77,0.6667,13,0.819,22230,171,0.2405,135,0.037,124,0.0645,1
qmpa_div6,qmpa,divider,target,ccz,commuting_pace8,A_200_0.5,A,200,0.5,constrained,130,116,0,18,36.0,0,38,38,67,0,12.0,2.77,0.9623,13,0.819,22230,171,0.2405,135,0.037,124,0.0645,1
qmpa_div6,qmpa,divider,target,ccz,conventional,A_200_0.5,A,200,0.5,constrained,135,124,0,18,36.0,0,21,21,72,0,4.0,2.77,0.3514,13,0.766,23085,171,0.2316,135,0.0,124,0.0,0
qmpa_div6,qmpa,divider,target,ccz,conventional_pace4,A_200_0.5,A,200,0.5,constrained,135,132,0,18,36.0,0,3,3,72,0,4.0,2.4,0.3333,15,0.72,23085,171,0.2316,135,0.0,124,-0.0645,0
qmpa_div6,qmpa,divider,target,ccz,commuting,A_3200_0.5,A,3200,0.5,abundant,116,116,0,18,36.0,0,0,0,1379,361,12.0,2.77,0.9623,13,0.819,368764,3179,0.0151,124,0.0645,124,0.0645,0
qmpa_div6,qmpa,divider,target,ccz,commuting_pace1,A_3200_0.5,A,3200,0.5,abundant,140,140,0,18,36.0,0,0,0,1695,449,2.0,2.0,0.0,18,0.679,445060,3179,0.0125,124,-0.129,124,-0.129,0
qmpa_div6,qmpa,divider,target,ccz,commuting_pace2,A_3200_0.5,A,3200,0.5,abundant,125,125,0,18,36.0,0,0,0,1498,394,4.0,2.4,0.3333,15,0.76,397375,3179,0.014,124,-0.0081,124,-0.0081,0
qmpa_div6,qmpa,divider,target,ccz,commuting_pace4,A_3200_0.5,A,3200,0.5,abundant,116,116,0,18,36.0,0,0,0,1379,361,8.0,2.77,0.6667,13,0.819,368764,3179,0.0151,124,0.0645,124,0.0645,0
qmpa_div6,qmpa,divider,target,ccz,commuting_pace8,A_3200_0.5,A,3200,0.5,abundant,116,116,0,18,36.0,0,0,0,1379,361,12.0,2.77,0.9623,13,0.819,368764,3179,0.0151,124,0.0645,124,0.0645,0
qmpa_div6,qmpa,divider,target,ccz,conventional,A_3200_0.5,A,3200,0.5,abundant,124,124,0,18,36.0,0,0,0,1484,390,4.0,2.77,0.3514,13,0.766,394196,3179,0.0142,124,0.0,124,0.0,0
qmpa_div6,qmpa,divider,target,ccz,conventional_pace4,A_3200_0.5,A,3200,0.5,abundant,132,132,0,18,36.0,0,0,0,1590,420,4.0,2.4,0.3333,15,0.72,419628,3179,0.0133,124,-0.0645,124,-0.0645,0
qmpa_div6,qmpa,divider,target,ccz,commuting,A_400_0.25,A,400,0.25,constrained,130,116,0,18,36.0,0,38,38,265,0,12.0,2.77,0.9623,13,0.819,47970,369,0.0993,135,0.037,124,0.0645,1
qmpa_div6,qmpa,divider,target,ccz,commuting_pace1,A_400_0.25,A,400,0.25,constrained,140,140,0,18,36.0,0,0,0,290,0,2.0,2.0,0.0,18,0.679,51660,369,0.0922,135,-0.037,124,-0.129,0
qmpa_div6,qmpa,divider,target,ccz,commuting_pace2,A_400_0.25,A,400,0.25,constrained,130,125,0,18,36.0,0,5,5,265,0,4.0,2.4,0.3333,15,0.76,47970,369,0.0993,135,0.037,124,-0.0081,0
qmpa_div6,qmpa,divider,target,ccz,commuting_pace4,A_400_0.25,A,400,0.25,constrained,130,116,0,18,36.0,0,32,32,265,0,8.0,2.77,0.6667,13,0.819,47970,369,0.0993,135,0.037,124,0.0645,1
qmpa_div6,qmpa,divider,target,ccz,commuting_pace8,A_400_0.25,A,400,0.25,constrained,130,116,0,18,36.0,0,38,38,265,0,12.0,2.77,0.9623,13,0.819,47970,369,0.0993,135,0.037,124,0.0645,1
qmpa_div6,qmpa,divider,target,ccz,conventional,A_400_0.25,A,400,0.25,constrained,135,124,0,18,36.0,0,21,21,278,0,4.0,2.77,0.3514,13,0.766,49815,369,0.0957,135,0.0,124,0.0,0
qmpa_div6,qmpa,divider,target,ccz,conventional_pace4,A_400_0.25,A,400,0.25,constrained,135,132,0,18,36.0,0,3,3,278,0,4.0,2.4,0.3333,15,0.72,49815,369,0.0957,135,0.0,124,-0.0645,0
qmpa_div6,qmpa,divider,target,ccz,commuting,A_400_0.5,A,400,0.5,constrained,116,116,0,18,36.0,0,0,0,144,6,12.0,2.77,0.9623,13,0.819,48024,414,0.1177,124,0.0645,124,0.0645,0
qmpa_div6,qmpa,divider,target,ccz,commuting_pace1,A_400_0.5,A,400,0.5,constrained,140,140,0,18,36.0,0,0,0,183,18,2.0,2.0,0.0,18,0.679,57960,414,0.0975,124,-0.129,124,-0.129,0
qmpa_div6,qmpa,divider,target,ccz,commuting_pace2,A_400_0.5,A,400,0.5,constrained,125,125,0,18,36.0,0,0,0,158,11,4.0,2.4,0.3333,15,0.76,51750,414,0.1092,124,-0.0081,124,-0.0081,0
qmpa_div6,qmpa,divider,target,ccz,commuting_pace4,A_400_0.5,A,400,0.5,constrained,116,116,0,18,36.0,0,0,0,144,6,8.0,2.77,0.6667,13,0.819,48024,414,0.1177,124,0.0645,124,0.0645,0
qmpa_div6,qmpa,divider,target,ccz,commuting_pace8,A_400_0.5,A,400,0.5,constrained,116,116,0,18,36.0,0,0,0,144,6,12.0,2.77,0.9623,13,0.819,48024,414,0.1177,124,0.0645,124,0.0645,0
qmpa_div6,qmpa,divider,target,ccz,conventional,A_400_0.5,A,400,0.5,constrained,124,124,0,18,36.0,0,0,0,157,10,4.0,2.77,0.3514,13,0.766,51336,414,0.1101,124,0.0,124,0.0,0
qmpa_div6,qmpa,divider,target,ccz,conventional_pace4,A_400_0.5,A,400,0.5,constrained,132,132,0,18,36.0,0,0,0,170,14,4.0,2.4,0.3333,15,0.72,54648,414,0.1034,124,-0.0645,124,-0.0645,0
qmpa_div6,qmpa,divider,target,ccz,commuting,A_400_0.75,A,400,0.75,constrained,116,116,0,18,36.0,0,0,0,56,25,12.0,2.77,0.9623,13,0.819,44892,387,0.1442,124,0.0645,124,0.0645,0
qmpa_div6,qmpa,divider,target,ccz,commuting_pace1,A_400_0.75,A,400,0.75,constrained,140,140,0,18,36.0,0,0,0,76,41,2.0,2.0,0.0,18,0.679,54180,387,0.1195,124,-0.129,124,-0.129,0
qmpa_div6,qmpa,divider,target,ccz,commuting_pace2,A_400_0.75,A,400,0.75,constrained,125,125,0,18,36.0,0,0,0,63,31,4.0,2.4,0.3333,15,0.76,48375,387,0.1339,124,-0.0081,124,-0.0081,0
qmpa_div6,qmpa,divider,target,ccz,commuting_pace4,A_400_0.75,A,400,0.75,constrained,116,116,0,18,36.0,0,0,0,56,25,8.0,2.77,0.6667,13,0.819,44892,387,0.1442,124,0.0645,124,0.0645,0
qmpa_div6,qmpa,divider,target,ccz,commuting_pace8,A_400_0.75,A,400,0.75,constrained,116,116,0,18,36.0,0,0,0,56,25,12.0,2.77,0.9623,13,0.819,44892,387,0.1442,124,0.0645,124,0.0645,0
qmpa_div6,qmpa,divider,target,ccz,conventional,A_400_0.75,A,400,0.75,constrained,124,124,0,18,36.0,0,0,0,63,30,4.0,2.77,0.3514,13,0.766,47988,387,0.1349,124,0.0,124,0.0,0
qmpa_div6,qmpa,divider,target,ccz,conventional_pace4,A_400_0.75,A,400,0.75,constrained,132,132,0,18,36.0,0,0,0,69,36,4.0,2.4,0.3333,15,0.72,51084,387,0.1268,124,-0.0645,124,-0.0645,0
qmpa_div6,qmpa,divider,target,ccz,commuting,A_800_0.5,A,800,0.5,moderate,116,116,0,18,36.0,0,0,0,319,62,12.0,2.77,0.9623,13,0.819,96048,828,0.0589,124,0.0645,124,0.0645,0
qmpa_div6,qmpa,divider,target,ccz,commuting_pace1,A_800_0.5,A,800,0.5,moderate,140,140,0,18,36.0,0,0,0,397,86,2.0,2.0,0.0,18,0.679,115920,828,0.0488,124,-0.129,124,-0.129,0
qmpa_div6,qmpa,divider,target,ccz,commuting_pace2,A_800_0.5,A,800,0.5,moderate,125,125,0,18,36.0,0,0,0,348,71,4.0,2.4,0.3333,15,0.76,103500,828,0.0546,124,-0.0081,124,-0.0081,0
qmpa_div6,qmpa,divider,target,ccz,commuting_pace4,A_800_0.5,A,800,0.5,moderate,116,116,0,18,36.0,0,0,0,319,62,8.0,2.77,0.6667,13,0.819,96048,828,0.0589,124,0.0645,124,0.0645,0
qmpa_div6,qmpa,divider,target,ccz,commuting_pace8,A_800_0.5,A,800,0.5,moderate,116,116,0,18,36.0,0,0,0,319,62,12.0,2.77,0.9623,13,0.819,96048,828,0.0589,124,0.0645,124,0.0645,0
qmpa_div6,qmpa,divider,target,ccz,conventional,A_800_0.5,A,800,0.5,moderate,124,124,0,18,36.0,0,0,0,345,70,4.0,2.77,0.3514,13,0.766,102672,828,0.0551,124,0.0,124,0.0,0
qmpa_div6,qmpa,divider,target,ccz,conventional_pace4,A_800_0.5,A,800,0.5,moderate,132,132,0,18,36.0,0,0,0,371,78,4.0,2.4,0.3333,15,0.72,109296,828,0.0517,124,-0.0645,124,-0.0645,0
qmpa_div6,qmpa,divider,target,ccz,commuting,B_400_0.5,B,400,0.5,constrained,119,116,0,18,36.0,0,3,3,0,0,12.0,2.77,0.9623,13,0.819,45934,386,0.156,127,0.063,124,0.0645,0
qmpa_div6,qmpa,divider,target,ccz,commuting_pace1,B_400_0.5,B,400,0.5,constrained,143,140,0,18,36.0,0,3,3,0,0,2.0,2.0,0.0,18,0.679,55198,386,0.1298,127,-0.126,124,-0.129,0
qmpa_div6,qmpa,divider,target,ccz,commuting_pace2,B_400_0.5,B,400,0.5,constrained,128,125,0,18,36.0,0,3,3,0,0,4.0,2.4,0.3333,15,0.76,49408,386,0.145,127,-0.0079,124,-0.0081,0
qmpa_div6,qmpa,divider,target,ccz,commuting_pace4,B_400_0.5,B,400,0.5,constrained,119,116,0,18,36.0,0,3,3,0,0,8.0,2.77,0.6667,13,0.819,45934,386,0.156,127,0.063,124,0.0645,0
qmpa_div6,qmpa,divider,target,ccz,commuting_pace8,B_400_0.5,B,400,0.5,constrained,119,116,0,18,36.0,0,3,3,0,0,12.0,2.77,0.9623,13,0.819,45934,386,0.156,127,0.063,124,0.0645,0
qmpa_div6,qmpa,divider,target,ccz,conventional,B_400_0.5,B,400,0.5,constrained,127,124,0,18,36.0,0,3,3,0,0,4.0,2.77,0.3514,13,0.766,49022,386,0.1462,127,0.0,124,0.0,0
qmpa_div6,qmpa,divider,target,ccz,conventional_pace4,B_400_0.5,B,400,0.5,constrained,135,132,0,18,36.0,0,3,3,0,0,4.0,2.4,0.3333,15,0.72,52110,386,0.1375,127,-0.063,124,-0.0645,0
qmpa_div6,qmpa,divider,target,ccz,commuting,C_400_0.5,C,400,0.5,constrained,119,116,0,18,36.0,0,3,3,0,0,12.0,2.77,0.9623,13,0.819,46886,394,0.156,127,0.063,124,0.0645,0
qmpa_div6,qmpa,divider,target,ccz,commuting_pace1,C_400_0.5,C,400,0.5,constrained,143,140,0,18,36.0,0,3,3,0,0,2.0,2.0,0.0,18,0.679,56342,394,0.1298,127,-0.126,124,-0.129,0
qmpa_div6,qmpa,divider,target,ccz,commuting_pace2,C_400_0.5,C,400,0.5,constrained,128,125,0,18,36.0,0,3,3,0,0,4.0,2.4,0.3333,15,0.76,50432,394,0.145,127,-0.0079,124,-0.0081,0
qmpa_div6,qmpa,divider,target,ccz,commuting_pace4,C_400_0.5,C,400,0.5,constrained,119,116,0,18,36.0,0,3,3,0,0,8.0,2.77,0.6667,13,0.819,46886,394,0.156,127,0.063,124,0.0645,0
qmpa_div6,qmpa,divider,target,ccz,commuting_pace8,C_400_0.5,C,400,0.5,constrained,119,116,0,18,36.0,0,3,3,0,0,12.0,2.77,0.9623,13,0.819,46886,394,0.156,127,0.063,124,0.0645,0
qmpa_div6,qmpa,divider,target,ccz,conventional,C_400_0.5,C,400,0.5,constrained,127,124,0,18,36.0,0,3,3,0,0,4.0,2.77,0.3514,13,0.766,50038,394,0.1462,127,0.0,124,0.0,0
qmpa_div6,qmpa,divider,target,ccz,conventional_pace4,C_400_0.5,C,400,0.5,constrained,135,132,0,18,36.0,0,3,3,0,0,4.0,2.4,0.3333,15,0.72,53190,394,0.1375,127,-0.063,124,-0.0645,0
qmpa_div6,qmpa,divider,target,t,commuting,A_200_0.5,A,200,0.5,constrained,148,142,72,0,72.0,6,0,6,10,0,24.0,5.54,0.9623,13,0.669,25308,171,0.4225,156,0.0513,150,0.0533,0
qmpa_div6,qmpa,divider,target,t,commuting_pace1,A_200_0.5,A,200,0.5,constrained,182,176,72,0,72.0,6,0,6,38,0,4.0,4.0,0.0,18,0.54,31122,171,0.3436,156,-0.1667,150,-0.1733,0
qmpa_div6,qmpa,divider,target,t,commuting_pace2,A_200_0.5,A,200,0.5,constrained,161,155,72,0,72.0,6,0,6,21,0,8.0,4.8,0.3333,15,0.613,27531,171,0.3884,156,-0.0321,150,-0.0333,0
qmpa_div6,qmpa,divider,target,t,commuting_pace4,A_200_0.5,A,200,0.5,constrained,148,142,72,0,72.0,6,0,6,10,0,16.0,5.54,0.6667,13,0.669,25308,171,0.4225,156,0.0513,150,0.0533,0
qmpa_div6,qmpa,divider,target,t,commuting_pace8,A_200_0.5,A,200,0.5,constrained,148,142,72,0,72.0,6,0,6,10,0,24.0,5.54,0.9623,13,0.669,25308,171,0.4225,156,0.0513,150,0.0533,0
qmpa_div6,qmpa,divider,target,t,conventional,A_200_0.5,A,200,0.5,constrained,156,150,72,0,72.0,6,0,6,17,0,8.0,5.54,0.3514,13,0.633,26676,171,0.4008,156,0.0,150,0.0,0
qmpa_div6,qmpa,divider,target,t,conventional_pace4,A_200_0.5,A,200,0.5,constrained,168,162,72,0,72.0,6,0,6,27,0,8.0,4.8,0.3333,15,0.586,28728,171,0.3722,156,-0.0769,150,-0.08,0
qmpa_div6,qmpa,divider,target,t,commuting,A_3200_0.5,A,3200,0.5,abundant,147,142,72,0,72.0,5,0,5,1716,493,24.0,5.54,0.9623,13,0.669,467313,3179,0.0239,155,0.0516,150,0.0533,0
qmpa_div6,qmpa,divider,target,t,commuting_pace1,A_3200_0.5,A,3200,0.5,abundant,181,176,72,0,72.0,5,0,5,2164,617,4.0,4.0,0.0,18,0.54,575399,3179,0.0194,155,-0.1677,150,-0.1733,0
qmpa_div6,qmpa,divider,target,t,commuting_pace2,A_3200_0.5,A,3200,0.5,abundant,160,155,72,0,72.0,5,0,5,1887,540,8.0,4.8,0.3333,15,0.613,508640,3179,0.0219,155,-0.0323,150,-0.0333,0
qmpa_div6,qmpa,divider,target,t,commuting_pace4,A_3200_0.5,A,3200,0.5,abundant,147,142,72,0,72.0,5,0,5,1716,493,16.0,5.54,0.6667,13,0.669,467313,3179,0.0239,155,0.0516,150,0.0533,0
qmpa_div6,qmpa,divider,target,t,commuting_pace8,A_3200_0.5,A,3200,0.5,abundant,147,142,72,0,72.0,5,0,5,1716,493,24.0,5.54,0.9623,13,0.669,467313,3179,0.0239,155,0.0516,150,0.0533,0
qmpa_div6,qmpa,divider,target,t,conventional,A_3200_0.5,A,3200,0.5,abundant,155,150,72,0,72.0,5,0,5,1821,522,8.0,5.54,0.3514,13,0.633,492745,3179,0.0226,155,0.0,150,0.0,0
qmpa_div6,qmpa,divider,target,t,conventional_pace4,A_3200_0.5,A,3200,0.5,abundant,167,162,72,0,72.0,5,0,5,1979,566,8.0,4.8,0.3333,15,0.586,530893,3179,0.021,155,-0.0774,150,-0.08,0
qmpa_div6,qmpa,divider,target,t,commuting,A_400_0.25,A,400,0.25,constrained,147,142,72,0,72.0,5,0,5,235,0,24.0,5.54,0.9623,13,0.669,54243,369,0.1757,155,0.0516,150,0.0533,0
qmpa_div6,qmpa,divider,target,t,commuting_pace1,A_400_0.25,A,400,0.25,constrained,181,176,72,0,72.0,5,0,5,319,0,4.0,4.0,0.0,18,0.54,66789,369,0.1427,155,-0.1677,150,-0.1733,0
qmpa_div6,qmpa,divider,target,t,commuting_pace2,A_400_0.25,A,400,0.25,constrained,160,155,72,0,72.0,5,0,5,267,0,8.0,4.8,0.3333,15,0.613,59040,369,0.1614,155,-0.0323,150,-0.0333,0
qmpa_div6,qmpa,divider,target,t,commuting_pace4,A_400_0.25,A,400,0.25,constrained,147,142,72,0,72.0,5,0,5,235,0,16.0,5.54,0.6667,13,0.669,54243,369,0.1757,155,0.0516,150,0.0533,0
qmpa_div6,qmpa,divider,target,t,commuting_pace8,A_400_0.25,A,400,0.25,constrained,147,142,72,0,72.0,5,0,5,235,0,24.0,5.54,0.9623,13,0.669,54243,369,0.1757,155,0.0516,150,0.0533,0
qmpa_div6,qmpa,divider,target,t,conventional,A_400_0.25,A,400,0.25,constrained,155,150,72,0,72.0,5,0,5,255,0,8.0,5.54,0.3514,13,0.633,57195,369,0.1666,155,0.0,150,0.0,0
qmpa_div6,qmpa,divider,target,t,conventional_pace4,A_400_0.25,A,400,0.25,constrained,167,162,72,0,72.0,5,0,5,284,0,8.0,4.8,0.3333,15,0.586,61623,369,0.1546,155,-0.0774,150,-0.08,0
qmpa_div6,qmpa,divider,target,t,commuting,A_400_0.5,A,400,0.5,constrained,147,142,72,0,72.0,5,0,5,122,40,24.0,5.54,0.9623,13,0.669,60858,414,0.1858,155,0.0516,150,0.0533,0
qmpa_div6,qmpa,divider,target,t,commuting_pace1,A_400_0.5,A,400,0.5,constrained,181,176,72,0,72.0,5,0,5,178,57,4.0,4.0,0.0,18,0.54,74934,414,0.1509,155,-0.1677,150,-0.1733,0
qmpa_div6,qmpa,divider,target,t,commuting_pace2,A_400_0.5,A,400,0.5,constrained,160,155,72,0,72.0,5,0,5,144,46,8.0,4.8,0.3333,15,0.613,66240,414,0.1707,155,-0.0323,150,-0.0333,0
qmpa_div6,qmpa,divider,target,t,commuting_pace4,A_400_0.5,A,400,0.5,constrained,147,142,72,0,72.0,5,0,5,122,40,16.0,5.54,0.6667,13,0.669,60858,414,0.1858,155,0.0516,150,0.0533,0
qmpa_div6,qmpa,divider,target,t,commuting_pace8,A_400_0.5,A,400,0.5,constrained,147,142,72,0,72.0,5,0,5,122,40,24.0,5.54,0.9623,13,0.669,60858,414,0.1858,155,0.0516,150,0.0533,0
qmpa_div6,qmpa,divider,target,t,conventional,A_400_0.5,A,400,0.5,constrained,155,150,72,0,72.0,5,0,5,135,44,8.0,5.54,0.3514,13,0.633,64170,414,0.1762,155,0.0,150,0.0,0
qmpa_div6,qmpa,divider,target,t,conventional_pace4,A_400_0.5,A,400,0.5,constrained,167,162,72,0,72.0,5,0,5,155,50,8.0,4.8,0.3333,15,0.586,69138,414,0.1635,155,-0.0774,150,-0.08,0
qmpa_div6,qmpa,divider,target,t,commuting,A_400_0.75,A,400,0.75,constrained,148,142,72,0,72.0,6,0,6,10,64,24.0,5.54,0.9623,13,0.669,57276,387,0.2261,156,0.0513,150,0.0533,0
qmpa_div6,qmpa,divider,target,t,commuting_pace1,A_400_0.75,A,400,0.75,constrained,182,176,72,0,72.0,6,0,6,38,87,4.0,4.0,0.0,18,0.54,70434,387,0.1839,156,-0.1667,150,-0.1733,0
qmpa_div6,qmpa,divider,target,t,commuting_pace2,A_400_0.75,A,400,0.75,constrained,161,155,72,0,72.0,6,0,6,21,73,8.0,4.8,0.3333,15,0.613,62307,387,0.2079,156,-0.0321,150,-0.0333,0
qmpa_div6,qmpa,divider,target,t,commuting_pace4,A_400_0.75,A,400,0.75,constrained,148,142,72,0,72.0,6,0,6,10,64,16.0,5.54,0.6667,13,0.669,57276,387,0.2261,156,0.0513,150,0.0533,0
qmpa_div6,qmpa,divider,target,t,commuting_pace8,A_400_0.75,A,400,0.75,constrained,148,142,72,0,72.0,6,0,6,10,64,24.0,5.54,0.9623,13,0.669,57276,387,0.2261,156,0.0513,150,0.0533,0
qmpa_div6,qmpa,divider,target,t,conventional,A_400_0.75,A,400,0.75,constrained,156,150,72,0,72.0,6,0,6,17,70,8.0,5.54,0.3514,13,0.633,60372,387,0.2145,156,0.0,150,0.0,0
qmpa_div6,qmpa,divider,target,t,conventional_pace4,A_400_0.75,A,400,0.75,constrained,168,162,72,0,72.0,6,0,6,27,78,8.0,4.8,0.3333,15,0.586,65016,387,0.1992,156,-0.0769,150,-0.08,0
qmpa_div6,qmpa,divider,target,t,commuting,A_800_0.5,A,800,0.5,moderate,147,142,72,0,72.0,5,0,5,348,111,24.0,5.54,0.9623,13,0.669,121716,828,0.0929,155,0.0516,150,0.0533,0
qmpa_div6,qmpa,divider,target,t,commuting_pace1,A_800_0.5,A,800,0.5,moderate,181,176,72,0,72.0,5,0,5,459,145,4.0,4.0,0.0,18,0.54,149868,828,0.0754,155,-0.1677,150,-0.1733,0
qmpa_div6,qmpa,divider,target,t,commuting_pace2,A_800_0.5,A,800,0.5,moderate,160,155,72,0,72.0,5,0,5,391,124,8.0,4.8,0.3333,15,0.613,132480,828,0.0853,155,-0.0323,150,-0.0333,0
qmpa_div6,qmpa,divider,target,t,commuting_pace4,A_800_0.5,A,800,0.5,moderate,147,142,72,0,72.0,5,0,5,348,111,16.0,5.54,0.6667,13,0.669,121716,828,0.0929,155,0.0516,150,0.0533,0
qmpa_div6,qmpa,divider,target,t,commuting_pace8,A_800_0.5,A,800,0.5,moderate,147,142,72,0,72.0,5,0,5,348,111,24.0,5.54,0.9623,13,0.669,121716,828,0.0929,155,0.0516,150,0.0533,0
qmpa_div6,qmpa,divider,target,t,conventional,A_800_0.5,A,800,0.5,moderate,155,150,72,0,72.0,5,0,5,374,119,8.0,5.54,0.3514,13,0.633,128340,828,0.0881,155,0.0,150,0.0,0
qmpa_div6,qmpa,divider,target,t,conventional_pace4,A_800_0.5,A,800,0.5,moderate,167,162,72,0,72.0,5,0,5,414,131,8.0,4.8,0.3333,15,0.586,138276,828,0.0818,155,-0.0774,150,-0.08,0
qmpa_div6,qmpa,divider,target,t,commuting,B_400_0.5,B,400,0.5,constrained,151,142,72,0,72.0,9,0,9,0,0,24.0,5.54,0.9623,13,0.669,58286,386,0.2459,159,0.0503,150,0.0533,0
qmpa_div6,qmpa,divider,target,t,commuting_pace1,B_400_0.5,B,400,0.5,constrained,185,176,72,0,72.0,9,0,9,0,0,4.0,4.0,0.0,18,0.54,71410,386,0.2007,159,-0.1635,150,-0.1733,0
qmpa_div6,qmpa,divider,target,t,commuting_pace2,B_400_0.5,B,400,0.5,constrained,164,155,72,0,72.0,9,0,9,0,0,8.0,4.8,0.3333,15,0.613,63304,386,0.2264,159,-0.0314,150,-0.0333,0
qmpa_div6,qmpa,divider,target,t,commuting_pace4,B_400_0.5,B,400,0.5,constrained,151,142,72,0,72.0,9,0,9,0,0,16.0,5.54,0.6667,13,0.669,58286,386,0.2459,159,0.0503,150,0.0533,0
qmpa_div6,qmpa,divider,target,t,commuting_pace8,B_400_0.5,B,400,0.5,constrained,151,142,72,0,72.0,9,0,9,0,0,24.0,5.54,0.9623,13,0.669,58286,386,0.2459,159,0.0503,150,0.0533,0
qmpa_div6,qmpa,divider,target,t,conventional,B_400_0.5,B,400,0.5,constrained,159,150,72,0,72.0,9,0,9,0,0,8.0,5.54,0.3514,13,0.633,61374,386,0.2335,159,0.0,150,0.0,0
qmpa_div6,qmpa,divider,target,t,conventional_pace4,B_400_0.5,B,400,0.5,constrained,171,162,72,0,72.0,9,0,9,0,0,8.0,4.8,0.3333,15,0.586,66006,386,0.2171,159,-0.0755,150,-0.08,0
qmpa_div6,qmpa,divider,target,t,commuting,C_400_0.5,C,400,0.5,constrained,147,142,72,0,72.0,5,0,5,0,0,24.0,5.54,0.9623,13,0.669,57918,394,0.2526,155,0.0516,150,0.0533,0
qmpa_div6,qmpa,divider,target,t,commuting_pace1,C_400_0.5,C,400,0.5,constrained,181,176,72,0,72.0,5,0,5,0,0,4.0,4.0,0.0,18,0.54,71314,394,0.2051,155,-0.1677,150,-0.1733,0
qmpa_div6,qmpa,divider,target,t,commuting_pace2,C_400_0.5,C,400,0.5,constrained,160,155,72,0,72.0,5,0,5,0,0,8.0,4.8,0.3333,15,0.613,63040,394,0.232,155,-0.0323,150,-0.0333,0
qmpa_div6,qmpa,divider,target,t,commuting_pace4,C_400_0.5,C,400,0.5,constrained,147,142,72,0,72.0,5,0,5,0,0,16.0,5.54,0.6667,13,0.669,57918,394,0.2526,155,0.0516,150,0.0533,0
qmpa_div6,qmpa,divider,target,t,commuting_pace8,C_400_0.5,C,400,0.5,constrained,147,142,72,0,72.0,5,0,5,0,0,24.0,5.54,0.9623,13,0.669,57918,394,0.2526,155,0.0516,150,0.0533,0
qmpa_div6,qmpa,divider,target,t,conventional,C_400_0.5,C,400,0.5,constrained,155,150,72,0,72.0,5,0,5,0,0,8.0,5.54,0.3514,13,0.633,61070,394,0.2395,155,0.0,150,0.0,0
qmpa_div6,qmpa,divider,target,t,conventional_pace4,C_400_0.5,C,400,0.5,constrained,167,162,72,0,72.0,5,0,5,0,0,8.0,4.8,0.3333,15,0.586,65798,394,0.2223,155,-0.0774,150,-0.08,0
qmpa_mul6,qmpa,multiplier,target,ccz,commuting,A_200_0.5,A,200,0.5,constrained,582,549,0,93,186.0,0,63,63,437,0,12.0,2.95,0.9943,63,0.765,99522,171,0.2775,592,0.0169,560,0.0196,0
qmpa_mul6,qmpa,multiplier,target,ccz,commuting_pace1,A_200_0.5,A,200,0.5,constrained,702,693,0,93,186.0,0,9,9,535,0,2.0,2.0,0.0,93,0.606,120042,171,0.2301,592,-0.1858,560,-0.2375,0
qmpa_mul6,qmpa,multiplier,target,ccz,commuting_pace2,A_200_0.5,A,200,0.5,constrained,627,603,0,93,186.0,0,40,40,474,0,4.0,2.48,0.3444,75,0.697,107217,171,0.2576,592,-0.0591,560,-0.0768,0
qmpa_mul6,qmpa,multiplier,target,ccz,commuting_pace4,A_200_0.5,A,200,0.5,constrained,582,549,0,93,186.0,0,52,52,437,0,8.0,2.95,0.6812,63,0.765,99522,171,0.2775,592,0.0169,560,0.0196,0
qmpa_mul6,qmpa,multiplier,target,ccz,commuting_pace8,A_200_0.5,A,200,0.5,constrained,582,549,0,93,186.0,0,63,63,437,0,12.0,2.95,0.9943,63,0.765,99522,171,0.2775,592,0.0169,560,0.0196,0
qmpa_mul6,qmpa,multiplier,target,ccz,conventional,A_200_0.5,A,200,0.5,constrained,592,560,0,93,186.0,0,57,57,445,0,4.0,2.95,0.3383,63,0.75,101232,171,0.2728,592,0.0,560,0.0,0
qmpa_mul6,qmpa,multiplier,target,ccz,conventional_pace4,A_200_0.5,A,200,0.5,constrained,632,608,0,93,186.0,0,27,27,478,0,4.0,2.48,0.3444,75,0.691,108072,171,0.2556,592,-0.0676,560,-0.0857,0
qmpa_mul6,qmpa,multiplier,target,ccz,commuting,A_3200_0.5,A,3200,0.5,abundant,552,549,0,93,186.0,0,4,4,7126,1885,12.0,2.95,0.9943,63,0.765,1754808,3179,0.0164,563,0.0195,560,0.0196,0
qmpa_mul6,qmpa,multiplier,target,ccz,commuting_pace1,A_3200_0.5,A,3200,0.5,abundant,696,693,0,93,186.0,0,3,3,9024,2413,2.0,2.0,0.0,93,0.606,2212584,3179,0.013,563,-0.2362,560,-0.2375,0
qmpa_mul6,qmpa,multiplier,target,ccz,commuting_pace2,A_3200_0.5,A,3200,0.5,abundant,606,603,0,93,186.0,0,3,3,7838,2083,4.0,2.48,0.3444,75,0.697,1926474,3179,0.015,563,-0.0764,560,-0.0768,0
qmpa_mul6,qmpa,multiplier,target,ccz,commuting_pace4,A_3200_0.5,A,3200,0.5,abundant,552,549,0,93,186.0,0,3,3,7126,1885,8.0,2.95,0.6812,63,0.765,1754808,3179,0.0164,563,0.0195,560,0.0196,0
qmpa_mul6,qmpa,multiplier,target,ccz,commuting_pace8,A_3200_0.5,A,3200,0.5,abundant,552,549,0,93,186.0,0,4,4,7126,1885,12.0,2.95,0.9943,63,0.765,1754808,3179,0.0164,563,0.0195,560,0.0196,0
qmpa_mul6,qmpa,multiplier,target,ccz,conventional,A_3200_0.5,A,3200,0.5,abundant,563,560,0,93,186.0,0,3,3,7271,1925,4.0,2.95,0.3383,63,0.75,1789777,3179,0.0161,563,0.0,560,0.0,0
qmpa_mul6,qmpa,multiplier,target,ccz,conventional_pace4,A_3200_0.5,A,3200,0.5,abundant,611,608,0,93,186.0,0,3,3,7904,2101,4.0,2.48,0.3444,75,0.691,1942369,3179,0.0148,563,-0.0853,560,-0.0857,0
qmpa_mul6,qmpa,multiplier,target,ccz,commuting,A_400_0.25,A,400,0.25,constrained,582,549,0,93,186.0,0,63,63,1375,0,12.0,2.95,0.9943,63,0.765,214758,369,0.1146,592,0.0169,560,0.0196,0
qmpa_mul6,qmpa,multiplier,target,ccz,commuting_pace1,A_400_0.25,A,400,0.25,constrained,702,693,0,93,186.0,0,9,9,1669,0,2.0,2.0,0.0,93,0.606,259038,369,0.095,592,-0.1858,560,-0.2375,0
qmpa_mul6,qmpa,multiplier,target,ccz,commuting_pace2,A_400_0.25,A,400,0.25,constrained,627,603,0,93,186.0,0,40,40,1485,0,4.0,2.48,0.3444,75,0.697,231363,369,0.1064,592,-0.0591,560,-0.0768,0
qmpa_mul6,qmpa,multiplier,target,ccz,commuting_pace4,A_400_0.25,A,400,0.25,constrained,582,549,0,93,186.0,0,52,52,1375,0,8.0,2.95,0.6812,63,0.765,214758,369,0.1146,592,0.0169,560,0.0196,0
qmpa_mul6,qmpa,multiplier,target,ccz,commuting_pace8,A_400_0.25,A,400,0.25,constrained,582,549,0,93,186.0,0,63,63,1375,0,12.0,2.95,0.9943,63,0.765,214758,369,0.1146,592,0.0169,560,0.0196,0
qmpa_mul6,qmpa,multiplier,target,ccz,conventional,A_400_0.25,A,400,0.25,constrained,592,560,0,93,186.0,0,57,57,1399,0,4.0,2.95,0.3383,63,0.75,218448,369,0.1127,592,0.0,560,0.0,0
qmpa_mul6,qmpa,multiplier,target,ccz,conventional_pace4,A_400_0.25,A,400,0.25,constrained,632,608,0,93,186.0,0,27,27,1498,0,4.0,2.48,0.3444,75,0.691,233208,369,0.1056,592,-0.0676,560,-0.0857,0
qmpa_mul6,qmpa,multiplier,target,ccz,commuting,A_400_0.5,A,400,0.5,constrained,552,549,0,93,186.0,0,17,17,857,149,12.0,2.95,0.9943,63,0.765,228528,414,0.1278,563,0.0195,560,0.0196,0
qmpa_mul6,qmpa,multiplier,target,ccz,commuting_pace1,A_400_0.5,A,400,0.5,constrained,696,693,0,93,186.0,0,3,3,1093,221,2.0,2.0,0.0,93,0.606,288144,414,0.1014,563,-0.2362,560,-0.2375,0
qmpa_mul6,qmpa,multiplier,target,ccz,commuting_pace2,A_400_0.5,A,400,0.5,constrained,606,603,0,93,186.0,0,5,5,945,176,4.0,2.48,0.3444,75,0.697,250884,414,0.1164,563,-0.0764,560,-0.0768,0
qmpa_mul6,qmpa,multiplier,target,ccz,commuting_pace4,A_400_0.5,A,400,0.5,constrained,554,549,0,93,186.0,0,15,15,860,150,8.0,2.95,0.6812,63,0.765,229356,414,0.1273,563,0.016,560,0.0196,0
qmpa_mul6,qmpa,multiplier,target,ccz,commuting_pace8,A_400_0.5,A,400,0.5,constrained,552,549,0,93,186.0,0,17,17,857,149,12.0,2.95,0.9943,63,0.765,228528,414,0.1278,563,0.0195,560,0.0196,0
qmpa_mul6,qmpa,multiplier,target,ccz,conventional,A_400_0.5,A,400,0.5,constrained,563,560,0,93,186.0,0,3,3,875,155,4.0,2.95,0.3383,63,0.75,233082,414,0.1253,563,0.0,560,0.0,0
qmpa_mul6,qmpa,multiplier,target,ccz,conventional_pace4,A_400_0.5,A,400,0.5,constrained,611,608,0,93,186.0,0,3,3,954,179,4.0,2.48,0.3444,75,0.691,252954,414,0.1155,563,-0.0853,560,-0.0857,0
qmpa_mul6,qmpa,multiplier,target,ccz,commuting,A_400_0.75,A,400,0.75,constrained,552,549,0,93,186.0,0,12,12,413,241,12.0,2.95,0.9943,63,0.765,213624,387,0.1566,563,0.0195,560,0.0196,0
qmpa_mul6,qmpa,multiplier,target,ccz,commuting_pace1,A_400_0.75,A,400,0.75,constrained,696,693,0,93,186.0,0,3,3,531,337,2.0,2.0,0.0,93,0.606,269352,387,0.1242,563,-0.2362,560,-0.2375,0
qmpa_mul6,qmpa,multiplier,target,ccz,commuting_pace2,A_400_0.75,A,400,0.75,constrained,606,603,0,93,186.0,0,4,4,457,277,4.0,2.48,0.3444,75,0.697,234522,387,0.1427,563,-0.0764,560,-0.0768,0
qmpa_mul6,qmpa,multiplier,target,ccz,commuting_pace4,A_400_0.75,A,400,0.75,constrained,552,549,0,93,186.0,0,10,10,413,241,8.0,2.95,0.6812,63,0.765,213624,387,0.1566,563,0.0195,560,0.0196,0
qmpa_mul6,qmpa,multiplier,target,ccz,commuting_pace8,A_400_0.75,A,400,0.75,constrained,552,549,0,93,186.0,0,12,12,413,241,12.0,2.95,0.9943,63,0.765,213624,387,0.1566,563,0.0195,560,0.0196,0
qmpa_mul6,qmpa,multiplier,target,ccz,conventional,A_400_0.75,A,400,0.75,constrained,563,560,0,93,186.0,0,3,3,422,248,4.0,2.95,0.3383,63,0.75,217881,387,0.1536,563,0.0,560,0.0,0
qmpa_mul6,qmpa,multiplier,target,ccz,conventional_pace4,A_400_0.75,A,400,0.75,constrained,611,608,0,93,186.0,0,3,3,461,280,4.0,2.48,0.3444,75,0.691,236457,387,0.1415,563,-0.0853,560,-0.0857,0
qmpa_mul6,qmpa,multiplier,target,ccz,commuting,A_800_0.5,A,800,0.5,moderate,552,549,0,93,186.0,0,8,8,1746,423,12.0,2.95,0.9943,63,0.765,457056,828,0.0639,563,0.0195,560,0.0196,0
qmpa_mul6,qmpa,multiplier,target,ccz,commuting_pace1,A_800_0.5,A,800,0.5,moderate,696,693,0,93,186.0,0,3,3,2217,567,2.0,2.0,0.0,93,0.606,576288,828,0.0507,563,-0.2362,560,-0.2375,0
qmpa_mul6,qmpa,multiplier,target,ccz,commuting_pace2,A_800_0.5,A,800,0.5,moderate,606,603,0,93,186.0,0,4,4,1922,477,4.0,2.48,0.3444,75,0.697,501768,828,0.0582,563,-0.0764,560,-0.0768,0
qmpa_mul6,qmpa,multiplier,target,ccz,commuting_pace4,A_800_0.5,A,800,0.5,moderate,552,549,0,93,186.0,0,6,6,1746,423,8.0,2.95,0.6812,63,0.765,457056,828,0.0639,563,0.0195,560,0.0196,0
qmpa_mul6,qmpa,multiplier,target,ccz,commuting_pace8,A_800_0.5,A,800,0.5,moderate,552,549,0,93,186.0,0,8,8,1746,423,12.0,2.95,0.9943,63,0.765,457056,828,0.0639,563,0.0195,560,0.0196,0
qmpa_mul6,qmpa,multiplier,target,ccz,conventional,A_800_0.5,A,800,0.5,moderate,563,560,0,93,186.0,0,3,3,1782,434,4.0,2.95,0.3383,63,0.75,466164,828,0.0627,563,0.0,560,0.0,0
qmpa_mul6,qmpa,multiplier,target,ccz,conventional_pace4,A_800_0.5,A,800,0.5,moderate,611,608,0,93,186.0,0,3,3,1939,482,4.0,2.48,0.3444,75,0.691,505908,828,0.0577,563,-0.0853,560,-0.0857,0
qmpa_mul6,qmpa,multiplier,target,ccz,commuting,B_400_0.5,B,400,0.5,constrained,555,549,0,93,186.0,0,30,30,0,0,12.0,2.95,0.9943,63,0.765,214230,386,0.1728,566,0.0194,560,0.0196,0
qmpa_mul6,qmpa,multiplier,target,ccz,commuting_pace1,B_400_0.5,B,400,0.5,constrained,699,693,0,93,186.0,0,6,6,0,0,2.0,2.0,0.0,93,0.606,269814,386,0.1372,566,-0.235,560,-0.2375,0
qmpa_mul6,qmpa,multiplier,target,ccz,commuting_pace2,B_400_0.5,B,400,0.5,constrained,612,603,0,93,186.0,0,9,9,0,0,4.0,2.48,0.3444,75,0.697,236232,386,0.1567,566,-0.0813,560,-0.0768,0
qmpa_mul6,qmpa,multiplier,target,ccz,commuting_pace4,B_400_0.5,B,400,0.5,constrained,561,549,0,93,186.0,0,24,24,0,0,8.0,2.95,0.6812,63,0.765,216546,386,0.171,566,0.0088,560,0.0196,0
qmpa_mul6,qmpa,multiplier,target,ccz,commuting_pace8,B_400_0.5,B,400,0.5,constrained,555,549,0,93,186.0,0,30,30,0,0,12.0,2.95,0.9943,63,0.765,214230,386,0.1728,566,0.0194,560,0.0196,0
qmpa_mul6,qmpa,multiplier,target,ccz,conventional,B_400_0.5,B,400,0.5,constrained,566,560,0,93,186.0,0,6,6,0,0,4.0,2.95,0.3383,63,0.75,218476,386,0.1694,566,0.0,560,0.0,0
qmpa_mul6,qmpa,multiplier,target,ccz,conventional_pace4,B_400_0.5,B,400,0.5,constrained,614,608,0,93,186.0,0,6,6,0,0,4.0,2.48,0.3444,75,0.691,237004,386,0.1562,566,-0.0848,560,-0.0857,0
qmpa_mul6,qmpa,multiplier,target,ccz,commuting,C_400_0.5,C,400,0.5,constrained,555,549,0,93,186.0,0,31,31,0,0,12.0,2.95,0.9943,63,0.765,218670,394,0.1728,566,0.0194,560,0.0196,0
qmpa_mul6,qmpa,multiplier,target,ccz,commuting_pace1,C_400_0.5,C,400,0.5,constrained,699,693,0,93,186.0,0,6,6,0,0,2.0,2.0,0.0,93,0.606,275406,394,0.1372,566,-0.235,560,-0.2375,0
qmpa_mul6,qmpa,multiplier,target,ccz,commuting_pace2,C_400_0.5,C,400,0.5,constrained,612,603,0,93,186.0,0,12,12,0,0,4.0,2.48,0.3444,75,0.697,241128,394,0.1567,566,-0.0813,560,-0.0768,0
qmpa_mul6,qmpa,multiplier,target,ccz,commuting_pace4,C_400_0.5,C,400,0.5,constrained,561,549,0,93,186.0,0,25,25,0,0,8.0,2.95,0.6812,63,0.765,221034,394,0.171,566,0.0088,560,0.0196,0
qmpa_mul6,qmpa,multiplier,target,ccz,commuting_pace8,C_400_0.5,C,400,0.5,constrained,555,549,0,93,186.0,0,31,31,0,0,12.0,2.95,0.9943,63,0.765,218670,394,0.1728,566,0.0194,560,0.0196,0
qmpa_mul6,qmpa,multiplier,target,ccz,conventional,C_400_0.5,C,400,0.5,constrained,566,560,0,93,186.0,0,6,6,0,0,4.0,2.95,0.3383,63,0.75,223004,394,0.1694,566,0.0,560,0.0,0
qmpa_mul6,qmpa,multiplier,target,ccz,conventional_pace4,C_400_0.5,C,400,0.5,constrained,614,608,0,93,186.0,0,6,6,0,0,4.0,2.48,0.3444,75,0.691,241916,394,0.1562,566,-0.0848,560,-0.0857,0
qmpa_mul6,qmpa,multiplier,target,t,commuting,A_200_0.5,A,200,0.5,constrained,696,675,372,0,372.0,50,0,50,159,84,24.0,5.9,0.9943,63,0.622,119016,171,0.4642,703,0.01,686,0.016,0
qmpa_mul6,qmpa,multiplier,target,t,commuting_pace1,A_200_0.5,A,200,0.5,constrained,888,879,372,0,372.0,9,0,9,316,116,4.0,4.0,0.0,93,0.478,151848,171,0.3638,703,-0.2632,686,-0.2813,0
qmpa_mul6,qmpa,multiplier,target,t,commuting_pace2,A_200_0.5,A,200,0.5,constrained,771,753,372,0,372.0,28,0,28,220,96,8.0,4.96,0.3444,75,0.558,131841,171,0.419,703,-0.0967,686,-0.0977,0
qmpa_mul6,qmpa,multiplier,target,t,commuting_pace4,A_200_0.5,A,200,0.5,constrained,699,675,372,0,372.0,44,0,44,161,84,16.0,5.9,0.6812,63,0.622,119529,171,0.4622,703,0.0057,686,0.016,0
qmpa_mul6,qmpa,multiplier,target,t,commuting_pace8,A_200_0.5,A,200,0.5,constrained,696,675,372,0,372.0,50,0,50,159,84,24.0,5.9,0.9943,63,0.622,119016,171,0.4642,703,0.01,686,0.016,0
qmpa_mul6,qmpa,multiplier,target,t,conventional,A_200_0.5,A,200,0.5,constrained,703,686,372,0,372.0,26,0,26,164,85,8.0,5.9,0.3383,63,0.612,120213,171,0.4595,703,0.0,686,0.0,0
qmpa_mul6,qmpa,multiplier,target,t,conventional_pace4,A_200_0.5,A,200,0.5,constrained,769,758,372,0,372.0,11,0,11,218,96,8.0,4.96,0.3444,75,0.554,131499,171,0.4201,703,-0.0939,686,-0.105,0
qmpa_mul6,qmpa,multiplier,target,t,commuting,A_3200_0.5,A,3200,0.5,abundant,683,675,372,0,372.0,8,0,8,8481,2458,24.0,5.9,0.9943,63,0.622,2171257,3179,0.0265,694,0.0159,686,0.016,0
qmpa_mul6,qmpa,multiplier,target,t,commuting_pace1,A_3200_0.5,A,3200,0.5,abundant,887,879,372,0,372.0,8,0,8,11170,3206,4.0,4.0,0.0,93,0.478,2819773,3179,0.0204,694,-0.2781,686,-0.2813,0
qmpa_mul6,qmpa,multiplier,target,t,commuting_pace2,A_3200_0.5,A,3200,0.5,abundant,761,753,372,0,372.0,8,0,8,9509,2744,8.0,4.96,0.3444,75,0.558,2419219,3179,0.0238,694,-0.0965,686,-0.0977,0
qmpa_mul6,qmpa,multiplier,target,t,commuting_pace4,A_3200_0.5,A,3200,0.5,abundant,683,675,372,0,372.0,8,0,8,8481,2458,16.0,5.9,0.6812,63,0.622,2171257,3179,0.0265,694,0.0159,686,0.016,0
qmpa_mul6,qmpa,multiplier,target,t,commuting_pace8,A_3200_0.5,A,3200,0.5,abundant,683,675,372,0,372.0,8,0,8,8481,2458,24.0,5.9,0.9943,63,0.622,2171257,3179,0.0265,694,0.0159,686,0.016,0
qmpa_mul6,qmpa,multiplier,target,t,conventional,A_3200_0.5,A,3200,0.5,abundant,694,686,372,0,372.0,8,0,8,8626,2498,8.0,5.9,0.3383,63,0.612,2206226,3179,0.0261,694,0.0,686,0.0,0
qmpa_mul6,qmpa,multiplier,target,t,conventional_pace4,A_3200_0.5,A,3200,0.5,abundant,766,758,372,0,372.0,8,0,8,9575,2762,8.0,4.96,0.3444,75,0.554,2435114,3179,0.0237,694,-0.1037,686,-0.105,0
qmpa_mul6,qmpa,multiplier,target,t,commuting,A_400_0.25,A,400,0.25,constrained,683,675,372,0,372.0,17,0,17,1251,82,24.0,5.9,0.9943,63,0.622,252027,369,0.1954,694,0.0159,686,0.016,0
qmpa_mul6,qmpa,multiplier,target,t,commuting_pace1,A_400_0.25,A,400,0.25,constrained,887,879,372,0,372.0,8,0,8,1752,116,4.0,4.0,0.0,93,0.478,327303,369,0.1504,694,-0.2781,686,-0.2813,0
qmpa_mul6,qmpa,multiplier,target,t,commuting_pace2,A_400_0.25,A,400,0.25,constrained,761,753,372,0,372.0,9,0,9,1442,95,8.0,4.96,0.3444,75,0.558,280809,369,0.1753,694,-0.0965,686,-0.0977,0
qmpa_mul6,qmpa,multiplier,target,t,commuting_pace4,A_400_0.25,A,400,0.25,constrained,683,675,372,0,372.0,13,0,13,1251,82,16.0,5.9,0.6812,63,0.622,252027,369,0.1954,694,0.0159,686,0.016,0
qmpa_mul6,qmpa,multiplier,target,t,commuting_pace8,A_400_0.25,A,400,0.25,constrained,683,675,372,0,372.0,17,0,17,1251,82,24.0,5.9,0.9943,63,0.622,252027,369,0.1954,694,0.0159,686,0.016,0
qmpa_mul6,qmpa,multiplier,target,t,conventional,A_400_0.25,A,400,0.25,constrained,694,686,372,0,372.0,8,0,8,1278,83,8.0,5.9,0.3383,63,0.612,256086,369,0.1923,694,0.0,686,0.0,0
qmpa_mul6,qmpa,multiplier,target,t,conventional_pace4,A_400_0.25,A,400,0.25,constrained,766,758,372,0,372.0,8,0,8,1455,95,8.0,4.96,0.3444,75,0.554,282654,369,0.1742,694,-0.1037,686,-0.105,0
qmpa_mul6,qmpa,multiplier,target,t,commuting,A_400_0.5,A,400,0.5,constrained,684,675,372,0,372.0,23,0,23,701,308,24.0,5.9,0.9943,63,0.622,283176,414,0.2063,694,0.0144,686,0.016,0
qmpa_mul6,qmpa,multiplier,target,t,commuting_pace1,A_400_0.5,A,400,0.5,constrained,887,879,372,0,372.0,8,0,8,1033,410,4.0,4.0,0.0,93,0.478,367218,414,0.1591,694,-0.2781,686,-0.2813,0
qmpa_mul6,qmpa,multiplier,target,t,commuting_pace2,A_400_0.5,A,400,0.5,constrained,762,753,372,0,372.0,11,0,11,829,347,8.0,4.96,0.3444,75,0.558,315468,414,0.1852,694,-0.098,686,-0.0977,0
qmpa_mul6,qmpa,multiplier,target,t,commuting_pace4,A_400_0.5,A,400,0.5,constrained,684,675,372,0,372.0,21,0,21,701,308,16.0,5.9,0.6812,63,0.622,283176,414,0.2063,694,0.0144,686,0.016,0
qmpa_mul6,qmpa,multiplier,target,t,commuting_pace8,A_400_0.5,A,400,0.5,constrained,684,675,372,0,372.0,23,0,23,701,308,24.0,5.9,0.9943,63,0.622,283176,414,0.2063,694,0.0144,686,0.016,0
qmpa_mul6,qmpa,multiplier,target,t,conventional,A_400_0.5,A,400,0.5,constrained,694,686,372,0,372.0,8,0,8,717,313,8.0,5.9,0.3383,63,0.612,287316,414,0.2033,694,0.0,686,0.0,0
qmpa_mul6,qmpa,multiplier,target,t,conventional_pace4,A_400_0.5,A,400,0.5,constrained,766,758,372,0,372.0,8,0,8,835,349,8.0,4.96,0.3444,75,0.554,317124,414,0.1842,694,-0.1037,686,-0.105,0
qmpa_mul6,qmpa,multiplier,target,t,commuting,A_400_0.75,A,400,0.75,constrained,696,675,372,0,372.0,50,0,50,159,430,24.0,5.9,0.9943,63,0.622,269352,387,0.2484,703,0.01,686,0.016,0
qmpa_mul6,qmpa,multiplier,target,t,commuting_pace1,A_400_0.75,A,400,0.75,constrained,888,879,372,0,372.0,9,0,9,316,558,4.0,4.0,0.0,93,0.478,343656,387,0.1947,703,-0.2632,686,-0.2813,0
qmpa_mul6,qmpa,multiplier,target,t,commuting_pace2,A_400_0.75,A,400,0.75,constrained,771,753,372,0,372.0,28,0,28,220,480,8.0,4.96,0.3444,75,0.558,298377,387,0.2243,703,-0.0967,686,-0.0977,0
qmpa_mul6,qmpa,multiplier,target,t,commuting_pace4,A_400_0.75,A,400,0.75,constrained,699,675,372,0,372.0,44,0,44,161,432,16.0,5.9,0.6812,63,0.622,270513,387,0.2474,703,0.0057,686,0.016,0
qmpa_mul6,qmpa,multiplier,target,t,commuting_pace8,A_400_0.75,A,400,0.75,constrained,696,675,372,0,372.0,50,0,50,159,430,24.0,5.9,0.9943,63,0.622,269352,387,0.2484,703,0.01,686,0.016,0
qmpa_mul6,qmpa,multiplier,target,t,conventional,A_400_0.75,A,400,0.75,constrained,703,686,372,0,372.0,26,0,26,164,434,8.0,5.9,0.3383,63,0.612,272061,387,0.2459,703,0.0,686,0.0,0
qmpa_mul6,qmpa,multiplier,target,t,conventional_pace4,A_400_0.75,A,400,0.75,constrained,769,758,372,0,372.0,11,0,11,218,478,8.0,4.96,0.3444,75,0.554,297603,387,0.2248,703,-0.0939,686,-0.105,0
qmpa_mul6,qmpa,multiplier,target,t,commuting,A_800_0.5,A,800,0.5,moderate,683,675,372,0,372.0,13,0,13,1802,647,24.0,5.9,0.9943,63,0.622,565524,828,0.1033,694,0.0159,686,0.016,0
qmpa_mul6,qmpa,multiplier,target,t,commuting_pace1,A_800_0.5,A,800,0.5,moderate,887,879,372,0,372.0,8,0,8,2470,851,4.0,4.0,0.0,93,0.478,734436,828,0.0795,694,-0.2781,686,-0.2813,0
qmpa_mul6,qmpa,multiplier,target,t,commuting_pace2,A_800_0.5,A,800,0.5,moderate,761,753,372,0,372.0,8,0,8,2058,725,8.0,4.96,0.3444,75,0.558,630108,828,0.0927,694,-0.0965,686,-0.0977,0
qmpa_mul6,qmpa,multiplier,target,t,commuting_pace4,A_800_0.5,A,800,0.5,moderate,683,675,372,0,372.0,11,0,11,1802,647,16.0,5.9,0.6812,63,0.622,565524,828,0.1033,694,0.0159,686,0.016,0
qmpa_mul6,qmpa,multiplier,target,t,commuting_pace8,A_800_0.5,A,800,0.5,moderate,683,675,372,0,372.0,13,0,13,1802,647,24.0,5.9,0.9943,63,0.622,565524,828,0.1033,694,0.0159,686,0.016,0
qmpa_mul6,qmpa,multiplier,target,t,conventional,A_800_0.5,A,800,0.5,moderate,694,686,372,0,372.0,8,0,8,1838,658,8.0,5.9,0.3383,63,0.612,574632,828,0.1017,694,0.0,686,0.0,0
qmpa_mul6,qmpa,multiplier,target,t,conventional_pace4,A_800_0.5,A,800,0.5,moderate,766,758,372,0,372.0,8,0,8,2074,730,8.0,4.96,0.3444,75,0.554,634248,828,0.0921,694,-0.1037,686,-0.105,0
qmpa_mul6,qmpa,multiplier,target,t,commuting,B_400_0.5,B,400,0.5,constrained,688,675,372,0,372.0,34,0,34,0,0,24.0,5.9,0.9943,63,0.622,265568,386,0.2788,698,0.0143,686,0.016,0
qmpa_mul6,qmpa,multiplier,target,t,commuting_pace1,B_400_0.5,B,400,0.5,constrained,891,879,372,0,372.0,12,0,12,0,0,4.0,4.0,0.0,93,0.478,343926,386,0.2153,698,-0.2765,686,-0.2813,0
qmpa_mul6,qmpa,multiplier,target,t,commuting_pace2,B_400_0.5,B,400,0.5,constrained,765,753,372,0,372.0,14,0,14,0,0,8.0,4.96,0.3444,75,0.558,295290,386,0.2507,698,-0.096,686,-0.0977,0
qmpa_mul6,qmpa,multiplier,target,t,commuting_pace4,B_400_0.5,B,400,0.5,constrained,691,675,372,0,372.0,33,0,33,0,0,16.0,5.9,0.6812,63,0.622,266726,386,0.2776,698,0.01,686,0.016,0
qmpa_mul6,qmpa,multiplier,target,t,commuting_pace8,B_400_0.5,B,400,0.5,constrained,688,675,372,0,372.0,34,0,34,0,0,24.0,5.9,0.9943,63,0.622,265568,386,0.2788,698,0.0143,686,0.016,0
qmpa_mul6,qmpa,multiplier,target,t,conventional,B_400_0.5,B,400,0.5,constrained,698,686,372,0,372.0,12,0,12,0,0,8.0,5.9,0.3383,63,0.612,269428,386,0.2748,698,0.0,686,0.0,0
qmpa_mul6,qmpa,multiplier,target,t,conventional_pace4,B_400_0.5,B,400,0.5,constrained,770,758,372,0,372.0,12,0,12,0,0,8.0,4.96,0.3444,75,0.554,297220,386,0.2491,698,-0.1032,686,-0.105,0
qmpa_mul6,qmpa,multiplier,target,t,commuting,C_400_0.5,C,400,0.5,constrained,687,675,372,0,372.0,30,0,30,0,0,24.0,5.9,0.9943,63,0.622,270678,394,0.2792,694,0.0101,686,0.016,0
qmpa_mul6,qmpa,multiplier,target,t,commuting_pace1,C_400_0.5,C,400,0.5,constrained,887,879,372,0,372.0,8,0,8,0,0,4.0,4.0,0.0,93,0.478,349478,394,0.2162,694,-0.2781,686,-0.2813,0
qmpa_mul6,qmpa,multiplier,target,t,commuting_pace2,C_400_0.5,C,400,0.5,constrained,762,753,372,0,372.0,12,0,12,0,0,8.0,4.96,0.3444,75,0.558,300228,394,0.2517,694,-0.098,686,-0.0977,0
qmpa_mul6,qmpa,multiplier,target,t,commuting_pace4,C_400_0.5,C,400,0.5,constrained,688,675,372,0,372.0,29,0,29,0,0,16.0,5.9,0.6812,63,0.622,271072,394,0.2788,694,0.0086,686,0.016,0
qmpa_mul6,qmpa,multiplier,target,t,commuting_pace8,C_400_0.5,C,400,0.5,constrained,687,675,372,0,372.0,30,0,30,0,0,24.0,5.9,0.9943,63,0.622,270678,394,0.2792,694,0.0101,686,0.016,0
qmpa_mul6,qmpa,multiplier,target,t,conventional,C_400_0.5,C,400,0.5,constrained,694,686,372,0,372.0,8,0,8,0,0,8.0,5.9,0.3383,63,0.612,273436,394,0.2764,694,0.0,686,0.0,0
qmpa_mul6,qmpa,multiplier,target,t,conventional_pace4,C_400_0.5,C,400,0.5,constrained,766,758,372,0,372.0,8,0,8,0,0,8.0,4.96,0.3444,75,0.554,301804,394,0.2504,694,-0.1037,686,-0.105,0
qmpa_mul8,qmpa,multiplier,target,ccz,commuting,A_200_0.5,A,200,0.5,constrained,1014,948,0,164,328.0,0,153,153,791,0,16.0,3.04,1.2073,108,0.776,173394,171,0.2809,1021,0.0069,963,0.0156,0
qmpa_mul8,qmpa,multiplier,target,ccz,commuting_pace1,A_200_0.5,A,200,0.5,constrained,1231,1220,0,164,328.0,0,11,11,968,9,2.0,2.0,0.0,164,0.603,210501,171,0.2314,1021,-0.2057,963,-0.2669,0
qmpa_mul8,qmpa,multiplier,target,ccz,commuting_pace2,A_200_0.5,A,200,0.5,constrained,1091,1060,0,164,328.0,0,52,52,854,0,4.0,2.48,0.3449,132,0.694,186561,171,0.2611,1021,-0.0686,963,-0.1007,0
qmpa_mul8,qmpa,multiplier,target,ccz,commuting_pace4,A_200_0.5,A,200,0.5,constrained,1021,980,0,164,328.0,0,64,64,796,0,8.0,2.83,0.7317,116,0.751,174591,171,0.279,1021,0.0,963,-0.0177,0
qmpa_mul8,qmpa,multiplier,target,ccz,commuting_pace8,A_200_0.5,A,200,0.5,constrained,1014,948,0,164,328.0,0,153,153,791,0,16.0,3.04,1.2073,108,0.776,173394,171,0.2809,1021,0.0069,963,0.0156,0
qmpa_mul8,qmpa,multiplier,target,ccz,conventional,A_200_0.5,A,200,0.5,constrained,1021,963,0,164,328.0,0,107,107,796,0,4.0,3.04,0.329,108,0.764,174591,171,0.279,1021,0.0,963,0.0,0
qmpa_mul8,qmpa,multiplier,target,ccz,conventional_pace4,A_200_0.5,A,200,0.5,constrained,1133,1107,0,164,328.0,0,29,29,888,0,4.0,2.34,0.3217,140,0.665,193743,171,0.2514,1021,-0.1097,963,-0.1495,0
qmpa_mul8,qmpa,multiplier,target,ccz,commuting,A_3200_0.5,A,3200,0.5,abundant,951,948,0,164,328.0,0,4,4,12386,3277,16.0,3.04,1.2073,108,0.776,3023229,3179,0.0168,966,0.0155,963,0.0156,0
qmpa_mul8,qmpa,multiplier,target,ccz,commuting_pace1,A_3200_0.5,A,3200,0.5,abundant,1223,1220,0,164,328.0,0,3,3,15971,4274,2.0,2.0,0.0,164,0.603,3887917,3179,0.0131,966,-0.266,963,-0.2669,0
qmpa_mul8,qmpa,multiplier,target,ccz,commuting_pace2,A_3200_0.5,A,3200,0.5,abundant,1063,1060,0,164,328.0,0,3,3,13862,3687,4.0,2.48,0.3449,132,0.694,3379277,3179,0.015,966,-0.1004,963,-0.1007,0
qmpa_mul8,qmpa,multiplier,target,ccz,commuting_pace4,A_3200_0.5,A,3200,0.5,abundant,983,980,0,164,328.0,0,3,3,12808,3394,8.0,2.83,0.7317,116,0.751,3124957,3179,0.0163,966,-0.0176,963,-0.0177,0
qmpa_mul8,qmpa,multiplier,target,ccz,commuting_pace8,A_3200_0.5,A,3200,0.5,abundant,951,948,0,164,328.0,0,4,4,12386,3277,16.0,3.04,1.2073,108,0.776,3023229,3179,0.0168,966,0.0155,963,0.0156,0
qmpa_mul8,qmpa,multiplier,target,ccz,conventional,A_3200_0.5,A,3200,0.5,abundant,966,963,0,164,328.0,0,3,3,12583,3332,4.0,3.04,0.329,108,0.764,3070914,3179,0.0166,966,0.0,963,0.0,0
qmpa_mul8,qmpa,multiplier,target,ccz,conventional_pace4,A_3200_0.5,A,3200,0.5,abundant,1110,1107,0,164,328.0,0,3,3,14482,3860,4.0,2.34,0.3217,140,0.665,3528690,3179,0.0144,966,-0.1491,963,-0.1495,0
qmpa_mul8,qmpa,multiplier,target,ccz,commuting,A_400_0.25,A,400,0.25,constrained,1014,948,0,164,328.0,0,153,153,2435,0,16.0,3.04,1.2073,108,0.776,374166,369,0.116,1021,0.0069,963,0.0156,0
qmpa_mul8,qmpa,multiplier,target,ccz,commuting_pace1,A_400_0.25,A,400,0.25,constrained,1231,1220,0,164,328.0,0,11,11,2968,9,2.0,2.0,0.0,164,0.603,454239,369,0.0956,1021,-0.2057,963,-0.2669,0
qmpa_mul8,qmpa,multiplier,target,ccz,commuting_pace2,A_400_0.25,A,400,0.25,constrained,1091,1060,0,164,328.0,0,52,52,2624,0,4.0,2.48,0.3449,132,0.694,402579,369,0.1078,1021,-0.0686,963,-0.1007,0
qmpa_mul8,qmpa,multiplier,target,ccz,commuting_pace4,A_400_0.25,A,400,0.25,constrained,1021,980,0,164,328.0,0,64,64,2452,0,8.0,2.83,0.7317,116,0.751,376749,369,0.1152,1021,0.0,963,-0.0177,0
qmpa_mul8,qmpa,multiplier,target,ccz,commuting_pace8,A_400_0.25,A,400,0.25,constrained,1014,948,0,164,328.0,0,153,153,2435,0,16.0,3.04,1.2073,108,0.776,374166,369,0.116,1021,0.0069,963,0.0156,0
qmpa_mul8,qmpa,multiplier,target,ccz,conventional,A_400_0.25,A,400,0.25,constrained,1021,963,0,164,328.0,0,107,107,2452,0,4.0,3.04,0.329,108,0.764,376749,369,0.1152,1021,0.0,963,0.0,0
qmpa_mul8,qmpa,multiplier,target,ccz,conventional_pace4,A_400_0.25,A,400,0.25,constrained,1133,1107,0,164,328.0,0,29,29,2727,0,4.0,2.34,0.3217,140,0.665,418077,369,0.1038,1021,-0.1097,963,-0.1495,0
qmpa_mul8,qmpa,multiplier,target,ccz,commuting,A_400_0.5,A,400,0.5,constrained,951,948,0,164,328.0,0,23,23,1510,278,16.0,3.04,1.2073,108,0.776,393714,414,0.1308,966,0.0155,963,0.0156,0
qmpa_mul8,qmpa,multiplier,target,ccz,commuting_pace1,A_400_0.5,A,400,0.5,constrained,1223,1220,0,164,328.0,0,3,3,1955,414,2.0,2.0,0.0,164,0.603,506322,414,0.1017,966,-0.266,963,-0.2669,0
qmpa_mul8,qmpa,multiplier,target,ccz,commuting_pace2,A_400_0.5,A,400,0.5,constrained,1063,1060,0,164,328.0,0,5,5,1693,334,4.0,2.48,0.3449,132,0.694,440082,414,0.117,966,-0.1004,963,-0.1007,0
qmpa_mul8,qmpa,multiplier,target,ccz,commuting_pace4,A_400_0.5,A,400,0.5,constrained,985,980,0,164,328.0,0,17,17,1566,295,8.0,2.83,0.7317,116,0.751,407790,414,0.1263,966,-0.0197,963,-0.0177,0
qmpa_mul8,qmpa,multiplier,target,ccz,commuting_pace8,A_400_0.5,A,400,0.5,constrained,951,948,0,164,328.0,0,23,23,1510,278,16.0,3.04,1.2073,108,0.776,393714,414,0.1308,966,0.0155,963,0.0156,0
qmpa_mul8,qmpa,multiplier,target,ccz,conventional,A_400_0.5,A,400,0.5,constrained,966,963,0,164,328.0,0,3,3,1534,285,4.0,3.04,0.329,108,0.764,399924,414,0.1288,966,0.0,963,0.0,0
qmpa_mul8,qmpa,multiplier,target,ccz,conventional_pace4,A_400_0.5,A,400,0.5,constrained,1110,1107,0,164,328.0,0,3,3,1770,357,4.0,2.34,0.3217,140,0.665,459540,414,0.1121,966,-0.1491,963,-0.1495,0
qmpa_mul8,qmpa,multiplier,target,ccz,commuting,A_400_0.75,A,400,0.75,constrained,951,948,0,164,328.0,0,16,16,739,436,16.0,3.04,1.2073,108,0.776,368037,387,0.1603,966,0.0155,963,0.0156,0
qmpa_mul8,qmpa,multiplier,target,ccz,commuting_pace1,A_400_0.75,A,400,0.75,constrained,1223,1220,0,164,328.0,0,3,3,962,617,2.0,2.0,0.0,164,0.603,473301,387,0.1247,966,-0.266,963,-0.2669,0
qmpa_mul8,qmpa,multiplier,target,ccz,commuting_pace2,A_400_0.75,A,400,0.75,constrained,1063,1060,0,164,328.0,0,4,4,831,510,4.0,2.48,0.3449,132,0.694,411381,387,0.1434,966,-0.1004,963,-0.1007,0
qmpa_mul8,qmpa,multiplier,target,ccz,commuting_pace4,A_400_0.75,A,400,0.75,constrained,985,980,0,164,328.0,0,12,12,767,458,8.0,2.83,0.7317,116,0.751,381195,387,0.1548,966,-0.0197,963,-0.0177,0
qmpa_mul8,qmpa,multiplier,target,ccz,commuting_pace8,A_400_0.75,A,400,0.75,constrained,951,948,0,164,328.0,0,16,16,739,436,16.0,3.04,1.2073,108,0.776,368037,387,0.1603,966,0.0155,963,0.0156,0
qmpa_mul8,qmpa,multiplier,target,ccz,conventional,A_400_0.75,A,400,0.75,constrained,966,963,0,164,328.0,0,3,3,751,446,4.0,3.04,0.329,108,0.764,373842,387,0.1578,966,0.0,963,0.0,0
qmpa_mul8,qmpa,multiplier,target,ccz,conventional_pace4,A_400_0.75,A,400,0.75,constrained,1110,1107,0,164,328.0,0,3,3,869,542,4.0,2.34,0.3217,140,0.665,429570,387,0.1373,966,-0.1491,963,-0.1495,0
qmpa_mul8,qmpa,multiplier,target,ccz,commuting,A_800_0.5,A,800,0.5,moderate,951,948,0,164,328.0,0,11,11,3051,751,16.0,3.04,1.2073,108,0.776,787428,828,0.0654,966,0.0155,963,0.0156,0
qmpa_mul8,qmpa,multiplier,target,ccz,commuting_pace1,A_800_0.5,A,800,0.5,moderate,1223,1220,0,164,328.0,0,3,3,3942,1023,2.0,2.0,0.0,164,0.603,1012644,828,0.0509,966,-0.266,963,-0.2669,0
qmpa_mul8,qmpa,multiplier,target,ccz,commuting_pace2,A_800_0.5,A,800,0.5,moderate,1063,1060,0,164,328.0,0,4,4,3418,863,4.0,2.48,0.3449,132,0.694,880164,828,0.0585,966,-0.1004,963,-0.1007,0
qmpa_mul8,qmpa,multiplier,target,ccz,commuting_pace4,A_800_0.5,A,800,0.5,moderate,983,980,0,164,328.0,0,6,6,3156,783,8.0,2.83,0.7317,116,0.751,813924,828,0.0633,966,-0.0176,963,-0.0177,0
qmpa_mul8,qmpa,multiplier,target,ccz,commuting_pace8,A_800_0.5,A,800,0.5,moderate,951,948,0,164,328.0,0,11,11,3051,751,16.0,3.04,1.2073,108,0.776,787428,828,0.0654,966,0.0155,963,0.0156,0
qmpa_mul8,qmpa,multiplier,target,ccz,conventional,A_800_0.5,A,800,0.5,moderate,966,963,0,164,328.0,0,3,3,3100,766,4.0,3.04,0.329,108,0.764,799848,828,0.0644,966,0.0,963,0.0,0
qmpa_mul8,qmpa,multiplier,target,ccz,conventional_pace4,A_800_0.5,A,800,0.5,moderate,1110,1107,0,164,328.0,0,3,3,3572,910,4.0,2.34,0.3217,140,0.665,919080,828,0.056,966,-0.1491,963,-0.1495,0
qmpa_mul8,qmpa,multiplier,target,ccz,commuting,B_400_0.5,B,400,0.5,constrained,954,948,0,164,328.0,0,42,42,0,0,16.0,3.04,1.2073,108,0.776,368244,386,0.1773,969,0.0155,963,0.0156,0
qmpa_mul8,qmpa,multiplier,target,ccz,commuting_pace1,B_400_0.5,B,400,0.5,constrained,1226,1220,0,164,328.0,0,6,6,0,0,2.0,2.0,0.0,164,0.603,473236,386,0.1379,969,-0.2652,963,-0.2669,0
qmpa_mul8,qmpa,multiplier,target,ccz,commuting_pace2,B_400_0.5,B,400,0.5,constrained,1070,1060,0,164,328.0,0,10,10,0,0,4.0,2.48,0.3449,132,0.694,413020,386,0.1581,969,-0.1042,963,-0.1007,0
qmpa_mul8,qmpa,multiplier,target,ccz,commuting_pace4,B_400_0.5,B,400,0.5,constrained,993,980,0,164,328.0,0,31,31,0,0,8.0,2.83,0.7317,116,0.751,383298,386,0.1703,969,-0.0248,963,-0.0177,0
qmpa_mul8,qmpa,multiplier,target,ccz,commuting_pace8,B_400_0.5,B,400,0.5,constrained,954,948,0,164,328.0,0,42,42,0,0,16.0,3.04,1.2073,108,0.776,368244,386,0.1773,969,0.0155,963,0.0156,0
qmpa_mul8,qmpa,multiplier,target,ccz,conventional,B_400_0.5,B,400,0.5,constrained,969,963,0,164,328.0,0,7,7,0,0,4.0,3.04,0.329,108,0.764,374034,386,0.1745,969,0.0,963,0.0,0
qmpa_mul8,qmpa,multiplier,target,ccz,conventional_pace4,B_400_0.5,B,400,0.5,constrained,1113,1107,0,164,328.0,0,6,6,0,0,4.0,2.34,0.3217,140,0.665,429618,386,0.152,969,-0.1486,963,-0.1495,0
qmpa_mul8,qmpa,multiplier,target,ccz,commuting,C_400_0.5,C,400,0.5,constrained,954,948,0,164,328.0,0,43,43,0,0,16.0,3.04,1.2073,108,0.776,375876,394,0.1773,969,0.0155,963,0.0156,0
qmpa_mul8,qmpa,multiplier,target,ccz,commuting_pace1,C_400_0.5,C,400,0.5,constrained,1226,1220,0,164,328.0,0,6,6,0,0,2.0,2.0,0.0,164,0.603,483044,394,0.1379,969,-0.2652,963,-0.2669,0
qmpa_mul8,qmpa,multiplier,target,ccz,commuting_pace2,C_400_0.5,C,400,0.5,constrained,1070,1060,0,164,328.0,0,14,14,0,0,4.0,2.48,0.3449,132,0.694,421580,394,0.1581,969,-0.1042,963,-0.1007,0
qmpa_mul8,qmpa,multiplier,target,ccz,commuting_pace4,C_400_0.5,C,400,0.5,constrained,993,980,0,164,328.0,0,32,32,0,0,8.0,2.83,0.7317,116,0.751,391242,394,0.1703,969,-0.0248,963,-0.0177,0
qmpa_mul8,qmpa,multiplier,target,ccz,commuting_pace8,C_400_0.5,C,400,0.5,constrained,954,948,0,164,328.0,0,43,43,0,0,16.0,3.04,1.2073,108,0.776,375876,394,0.1773,969,0.0155,963,0.0156,0
qmpa_mul8,qmpa,multiplier,target,ccz,conventional,C_400_0.5,C,400,0.5,constrained,969,963,0,164,328.0,0,7,7,0,0,4.0,3.04,0.329,108,0.764,381786,394,0.1745,969,0.0,963,0.0,0
qmpa_mul8,qmpa,multiplier,target,ccz,conventional_pace4,C_400_0.5,C,400,0.5,constrained,1113,1107,0,164,328.0,0,6,6,0,0,4.0,2.34,0.3217,140,0.665,438522,394,0.152,969,-0.1486,963,-0.1495,0
qmpa_mul8,qmpa,multiplier,target,t,commuting,A_200_0.5,A,200,0.5,constrained,1189,1164,656,0,656.0,69,0,69,278,166,32.0,6.07,1.2073,108,0.632,203319,171,0.4791,1200,0.0092,1179,0.0127,0
qmpa_mul8,qmpa,multiplier,target,t,commuting_pace1,A_200_0.5,A,200,0.5,constrained,1557,1548,656,0,656.0,9,0,9,579,227,4.0,4.0,0.0,164,0.475,266247,171,0.3659,1200,-0.2975,1179,-0.313,0
qmpa_mul8,qmpa,multiplier,target,t,commuting_pace2,A_200_0.5,A,200,0.5,constrained,1344,1324,656,0,656.0,30,0,30,405,192,8.0,4.97,0.3449,132,0.556,229824,171,0.4239,1200,-0.12,1179,-0.123,0
qmpa_mul8,qmpa,multiplier,target,t,commuting_pace4,A_200_0.5,A,200,0.5,constrained,1239,1212,656,0,656.0,55,0,55,319,174,16.0,5.66,0.7317,116,0.607,211869,171,0.4598,1200,-0.0325,1179,-0.028,0
qmpa_mul8,qmpa,multiplier,target,t,commuting_pace8,A_200_0.5,A,200,0.5,constrained,1189,1164,656,0,656.0,69,0,69,278,166,32.0,6.07,1.2073,108,0.632,203319,171,0.4791,1200,0.0092,1179,0.0127,0
qmpa_mul8,qmpa,multiplier,target,t,conventional,A_200_0.5,A,200,0.5,constrained,1200,1179,656,0,656.0,36,0,36,287,168,8.0,6.07,0.329,108,0.624,205200,171,0.4747,1200,0.0,1179,0.0,0
qmpa_mul8,qmpa,multiplier,target,t,conventional_pace4,A_200_0.5,A,200,0.5,constrained,1396,1387,656,0,656.0,9,0,9,447,200,8.0,4.69,0.3217,140,0.531,238716,171,0.4081,1200,-0.1633,1179,-0.1764,0
qmpa_mul8,qmpa,multiplier,target,t,commuting,A_3200_0.5,A,3200,0.5,abundant,1172,1164,656,0,656.0,9,0,9,14643,4251,32.0,6.07,1.2073,108,0.632,3725788,3179,0.0273,1187,0.0126,1179,0.0127,0
qmpa_mul8,qmpa,multiplier,target,t,commuting_pace1,A_3200_0.5,A,3200,0.5,abundant,1556,1548,656,0,656.0,8,0,8,19705,5659,4.0,4.0,0.0,164,0.475,4946524,3179,0.0206,1187,-0.3109,1179,-0.313,0
qmpa_mul8,qmpa,multiplier,target,t,commuting_pace2,A_3200_0.5,A,3200,0.5,abundant,1332,1324,656,0,656.0,8,0,8,16752,4838,8.0,4.97,0.3449,132,0.556,4234428,3179,0.024,1187,-0.1222,1179,-0.123,0
qmpa_mul8,qmpa,multiplier,target,t,commuting_pace4,A_3200_0.5,A,3200,0.5,abundant,1220,1212,656,0,656.0,8,0,8,15276,4427,16.0,5.66,0.7317,116,0.607,3878380,3179,0.0262,1187,-0.0278,1179,-0.028,0
qmpa_mul8,qmpa,multiplier,target,t,commuting_pace8,A_3200_0.5,A,3200,0.5,abundant,1172,1164,656,0,656.0,9,0,9,14643,4251,32.0,6.07,1.2073,108,0.632,3725788,3179,0.0273,1187,0.0126,1179,0.0127,0
qmpa_mul8,qmpa,multiplier,target,t,conventional,A_3200_0.5,A,3200,0.5,abundant,1187,1179,656,0,656.0,8,0,8,14841,4306,8.0,6.07,0.329,108,0.624,3773473,3179,0.0269,1187,0.0,1179,0.0,0
qmpa_mul8,qmpa,multiplier,target,t,conventional_pace4,A_3200_0.5,A,3200,0.5,abundant,1395,1387,656,0,656.0,8,0,8,17582,5069,8.0,4.69,0.3217,140,0.531,4434705,3179,0.0229,1187,-0.1752,1179,-0.1764,0
qmpa_mul8,qmpa,multiplier,target,t,commuting,A_400_0.25,A,400,0.25,constrained,1172,1164,656,0,656.0,20,0,20,2167,163,32.0,6.07,1.2073,108,0.632,432468,369,0.2008,1187,0.0126,1179,0.0127,0
qmpa_mul8,qmpa,multiplier,target,t,commuting_pace1,A_400_0.25,A,400,0.25,constrained,1556,1548,656,0,656.0,8,0,8,3110,227,4.0,4.0,0.0,164,0.475,574164,369,0.1512,1187,-0.3109,1179,-0.313,0
qmpa_mul8,qmpa,multiplier,target,t,commuting_pace2,A_400_0.25,A,400,0.25,constrained,1332,1324,656,0,656.0,9,0,9,2560,190,8.0,4.97,0.3449,132,0.556,491508,369,0.1767,1187,-0.1222,1179,-0.123,0
qmpa_mul8,qmpa,multiplier,target,t,commuting_pace4,A_400_0.25,A,400,0.25,constrained,1220,1212,656,0,656.0,13,0,13,2285,171,16.0,5.66,0.7317,116,0.607,450180,369,0.1929,1187,-0.0278,1179,-0.028,0
qmpa_mul8,qmpa,multiplier,target,t,commuting_pace8,A_400_0.25,A,400,0.25,constrained,1172,1164,656,0,656.0,20,0,20,2167,163,32.0,6.07,1.2073,108,0.632,432468,369,0.2008,1187,0.0126,1179,0.0127,0
qmpa_mul8,qmpa,multiplier,target,t,conventional,A_400_0.25,A,400,0.25,constrained,1187,1179,656,0,656.0,8,0,8,2204,166,8.0,6.07,0.329,108,0.624,438003,369,0.1982,1187,0.0,1179,0.0,0
qmpa_mul8,qmpa,multiplier,target,t,conventional_pace4,A_400_0.25,A,400,0.25,constrained,1395,1387,656,0,656.0,8,0,8,2714,200,8.0,4.69,0.3217,140,0.531,514755,369,0.1687,1187,-0.1752,1179,-0.1764,0
qmpa_mul8,qmpa,multiplier,target,t,commuting,A_400_0.5,A,400,0.5,constrained,1174,1164,656,0,656.0,30,0,30,1219,553,32.0,6.07,1.2073,108,0.632,486036,414,0.2119,1187,0.011,1179,0.0127,0
qmpa_mul8,qmpa,multiplier,target,t,commuting_pace1,A_400_0.5,A,400,0.5,constrained,1556,1548,656,0,656.0,8,0,8,1844,744,4.0,4.0,0.0,164,0.475,644184,414,0.1599,1187,-0.3109,1179,-0.313,0
qmpa_mul8,qmpa,multiplier,target,t,commuting_pace2,A_400_0.5,A,400,0.5,constrained,1333,1324,656,0,656.0,11,0,11,1479,633,8.0,4.97,0.3449,132,0.556,551862,414,0.1867,1187,-0.123,1179,-0.123,0
qmpa_mul8,qmpa,multiplier,target,t,commuting_pace4,A_400_0.5,A,400,0.5,constrained,1222,1212,656,0,656.0,22,0,22,1297,577,16.0,5.66,0.7317,116,0.607,505908,414,0.2036,1187,-0.0295,1179,-0.028,0
qmpa_mul8,qmpa,multiplier,target,t,commuting_pace8,A_400_0.5,A,400,0.5,constrained,1174,1164,656,0,656.0,30,0,30,1219,553,32.0,6.07,1.2073,108,0.632,486036,414,0.2119,1187,0.011,1179,0.0127,0
qmpa_mul8,qmpa,multiplier,target,t,conventional,A_400_0.5,A,400,0.5,constrained,1187,1179,656,0,656.0,8,0,8,1240,560,8.0,6.07,0.329,108,0.624,491418,414,0.2096,1187,0.0,1179,0.0,0
qmpa_mul8,qmpa,multiplier,target,t,conventional_pace4,A_400_0.5,A,400,0.5,constrained,1395,1387,656,0,656.0,8,0,8,1580,664,8.0,4.69,0.3217,140,0.531,577530,414,0.1784,1187,-0.1752,1179,-0.1764,0
qmpa_mul8,qmpa,multiplier,target,t,commuting,A_400_0.75,A,400,0.75,constrained,1189,1164,656,0,656.0,69,0,69,278,758,32.0,6.07,1.2073,108,0.632,460143,387,0.2564,1200,0.0092,1179,0.0127,0
qmpa_mul8,qmpa,multiplier,target,t,commuting_pace1,A_400_0.75,A,400,0.75,constrained,1557,1548,656,0,656.0,9,0,9,579,1004,4.0,4.0,0.0,164,0.475,602559,387,0.1958,1200,-0.2975,1179,-0.313,0
qmpa_mul8,qmpa,multiplier,target,t,commuting_pace2,A_400_0.75,A,400,0.75,constrained,1344,1324,656,0,656.0,30,0,30,405,862,8.0,4.97,0.3449,132,0.556,520128,387,0.2269,1200,-0.12,1179,-0.123,0
qmpa_mul8,qmpa,multiplier,target,t,commuting_pace4,A_400_0.75,A,400,0.75,constrained,1239,1212,656,0,656.0,55,0,55,319,792,16.0,5.66,0.7317,116,0.607,479493,387,0.2461,1200,-0.0325,1179,-0.028,0
qmpa_mul8,qmpa,multiplier,target,t,commuting_pace8,A_400_0.75,A,400,0.75,constrained,1189,1164,656,0,656.0,69,0,69,278,758,32.0,6.07,1.2073,108,0.632,460143,387,0.2564,1200,0.0092,1179,0.0127,0
qmpa_mul8,qmpa,multiplier,target,t,conventional,A_400_0.75,A,400,0.75,constrained,1200,1179,656,0,656.0,36,0,36,287,766,8.0,6.07,0.329,108,0.624,464400,387,0.2541,1200,0.0,1179,0.0,0
qmpa_mul8,qmpa,multiplier,target,t,conventional_pace4,A_400_0.75,A,400,0.75,constrained,1396,1387,656,0,656.0,9,0,9,447,896,8.0,4.69,0.3217,140,0.531,540252,387,0.2184,1200,-0.1633,1179,-0.1764,0
qmpa_mul8,qmpa,multiplier,target,t,commuting,A_800_0.5,A,800,0.5,moderate,1172,1164,656,0,656.0,16,0,16,3119,1136,32.0,6.07,1.2073,108,0.632,970416,828,0.1062,1187,0.0126,1179,0.0127,0
qmpa_mul8,qmpa,multiplier,target,t,commuting_pace1,A_800_0.5,A,800,0.5,moderate,1556,1548,656,0,656.0,8,0,8,4375,1520,4.0,4.0,0.0,164,0.475,1288368,828,0.08,1187,-0.3109,1179,-0.313,0
qmpa_mul8,qmpa,multiplier,target,t,commuting_pace2,A_800_0.5,A,800,0.5,moderate,1332,1324,656,0,656.0,8,0,8,3642,1296,8.0,4.97,0.3449,132,0.556,1102896,828,0.0934,1187,-0.1222,1179,-0.123,0
qmpa_mul8,qmpa,multiplier,target,t,commuting_pace4,A_800_0.5,A,800,0.5,moderate,1220,1212,656,0,656.0,11,0,11,3276,1184,16.0,5.66,0.7317,116,0.607,1010160,828,0.102,1187,-0.0278,1179,-0.028,0
qmpa_mul8,qmpa,multiplier,target,t,commuting_pace8,A_800_0.5,A,800,0.5,moderate,1172,1164,656,0,656.0,16,0,16,3119,1136,32.0,6.07,1.2073,108,0.632,970416,828,0.1062,1187,0.0126,1179,0.0127,0
qmpa_mul8,qmpa,multiplier,target,t,conventional,A_800_0.5,A,800,0.5,moderate,1187,1179,656,0,656.0,8,0,8,3168,1151,8.0,6.07,0.329,108,0.624,982836,828,0.1048,1187,0.0,1179,0.0,0
qmpa_mul8,qmpa,multiplier,target,t,conventional_pace4,A_800_0.5,A,800,0.5,moderate,1395,1387,656,0,656.0,8,0,8,3848,1359,8.0,4.69,0.3217,140,0.531,1155060,828,0.0892,1187,-0.1752,1179,-0.1764,0
qmpa_mul8,qmpa,multiplier,target,t,commuting,B_400_0.5,B,400,0.5,constrained,1178,1164,656,0,656.0,43,0,43,0,0,32.0,6.07,1.2073,108,0.632,454708,386,0.2871,1191,0.0109,1179,0.0127,0
qmpa_mul8,qmpa,multiplier,target,t,commuting_pace1,B_400_0.5,B,400,0.5,constrained,1560,1548,656,0,656.0,12,0,12,0,0,4.0,4.0,0.0,164,0.475,602160,386,0.2168,1191,-0.3098,1179,-0.313,0
qmpa_mul8,qmpa,multiplier,target,t,commuting_pace2,B_400_0.5,B,400,0.5,constrained,1336,1324,656,0,656.0,14,0,14,0,0,8.0,4.97,0.3449,132,0.556,515696,386,0.2532,1191,-0.1217,1179,-0.123,0
qmpa_mul8,qmpa,multiplier,target,t,commuting_pace4,B_400_0.5,B,400,0.5,constrained,1227,1212,656,0,656.0,34,0,34,0,0,16.0,5.66,0.7317,116,0.607,473622,386,0.2757,1191,-0.0302,1179,-0.028,0
qmpa_mul8,qmpa,multiplier,target,t,commuting_pace8,B_400_0.5,B,400,0.5,constrained,1178,1164,656,0,656.0,43,0,43,0,0,32.0,6.07,1.2073,108,0.632,454708,386,0.2871,1191,0.0109,1179,0.0127,0
qmpa_mul8,qmpa,multiplier,target,t,conventional,B_400_0.5,B,400,0.5,constrained,1191,1179,656,0,656.0,12,0,12,0,0,8.0,6.07,0.329,108,0.624,459726,386,0.284,1191,0.0,1179,0.0,0
qmpa_mul8,qmpa,multiplier,target,t,conventional_pace4,B_400_0.5,B,400,0.5,constrained,1399,1387,656,0,656.0,12,0,12,0,0,8.0,4.69,0.3217,140,0.531,540014,386,0.2418,1191,-0.1746,1179,-0.1764,0
qmpa_mul8,qmpa,multiplier,target,t,commuting,C_400_0.5,C,400,0.5,constrained,1176,1164,656,0,656.0,39,0,39,0,0,32.0,6.07,1.2073,108,0.632,463344,394,0.2876,1187,0.0093,1179,0.0127,0
qmpa_mul8,qmpa,multiplier,target,t,commuting_pace1,C_400_0.5,C,400,0.5,constrained,1556,1548,656,0,656.0,8,0,8,0,0,4.0,4.0,0.0,164,0.475,613064,394,0.2174,1187,-0.3109,1179,-0.313,0
qmpa_mul8,qmpa,multiplier,target,t,commuting_pace2,C_400_0.5,C,400,0.5,constrained,1333,1324,656,0,656.0,12,0,12,0,0,8.0,4.97,0.3449,132,0.556,525202,394,0.2538,1187,-0.123,1179,-0.123,0
qmpa_mul8,qmpa,multiplier,target,t,commuting_pace4,C_400_0.5,C,400,0.5,constrained,1223,1212,656,0,656.0,30,0,30,0,0,16.0,5.66,0.7317,116,0.607,481862,394,0.2766,1187,-0.0303,1179,-0.028,0
qmpa_mul8,qmpa,multiplier,target,t,commuting_pace8,C_400_0.5,C,400,0.5,constrained,1176,1164,656,0,656.0,39,0,39,0,0,32.0,6.07,1.2073,108,0.632,463344,394,0.2876,1187,0.0093,1179,0.0127,0
qmpa_mul8,qmpa,multiplier,target,t,conventional,C_400_0.5,C,400,0.5,constrained,1187,1179,656,0,656.0,8,0,8,0,0,8.0,6.07,0.329,108,0.624,467678,394,0.285,1187,0.0,1179,0.0,0
qmpa_mul8,qmpa,multiplier,target,t,conventional_pace4,C_400_0.5,C,400,0.5,constrained,1395,1387,656,0,656.0,8,0,8,0,0,8.0,4.69,0.3217,140,0.531,549630,394,0.2425,1187,-0.1752,1179,-0.1764,0
qt_add16,qualtran,serial_adder,target,ccz,commuting,A_200_0.5,A,200,0.5,constrained,151,148,0,15,30.0,0,3,3,85,0,2.0,2.0,0.0,15,0.791,25821,171,0.1725,165,0.0848,162,0.0864,0
qt_add16,qualtran,serial_adder,target,ccz,commuting_pace1,A_200_0.5,A,200,0.5,constrained,151,148,0,15,30.0,0,3,3,85,0,2.0,2.0,0.0,15,0.791,25821,171,0.1725,165,0.0848,162,0.0864,0
qt_add16,qualtran,serial_adder,target,ccz,commuting_pace2,A_200_0.5,A,200,0.5,constrained,151,148,0,15,30.0,0,3,3,85,0,2.0,2.0,0.0,15,0.791,25821,171,0.1725,165,0.0848,162,0.0864,0
qt_add16,qualtran,serial_adder,target,ccz,commuting_pace4,A_200_0.5,A,200,0.5,constrained,151,148,0,15,30.0,0,3,3,85,0,2.0,2.0,0.0,15,0.791,25821,171,0.1725,165,0.0848,162,0.0864,0
qt_add16,qualtran,serial_adder,target,ccz,commuting_pace8,A_200_0.5,A,200,0.5,constrained,151,148,0,15,30.0,0,3,3,85,0,2.0,2.0,0.0,15,0.791,25821,171,0.1725,165,0.0848,162,0.0864,0
qt_add16,qualtran,serial_adder,target,ccz,conventional,A_200_0.5,A,200,0.5,constrained,165,162,0,15,30.0,0,3,3,96,0,2.0,2.0,0.0,15,0.722,28215,171,0.1579,165,0.0,162,0.0,0
qt_add16,qualtran,serial_adder,target,ccz,conventional_pace4,A_200_0.5,A,200,0.5,constrained,165,162,0,15,30.0,0,3,3,96,0,2.0,2.0,0.0,15,0.722,28215,171,0.1579,165,0.0,162,0.0,0
qt_add16,qualtran,serial_adder,target,ccz,commuting,A_3200_0.5,A,3200,0.5,abundant,151,148,0,15,30.0,0,3,3,1840,492,2.0,2.0,0.0,15,0.791,480029,3179,0.0097,165,0.0848,162,0.0864,0
qt_add16,qualtran,serial_adder,target,ccz,commuting_pace1,A_3200_0.5,A,3200,0.5,abundant,151,148,0,15,30.0,0,3,3,1840,492,2.0,2.0,0.0,15,0.791,480029,3179,0.0097,165,0.0848,162,0.0864,0
qt_add16,qualtran,serial_adder,target,ccz,commuting_pace2,A_3200_0.5,A,3200,0.5,abundant,151,148,0,15,30.0,0,3,3,1840,492,2.0,2.0,0.0,15,0.791,480029,3179,0.0097,165,0.0848,162,0.0864,0
qt_add16,qualtran,serial_adder,target,ccz,commuting_pace4,A_3200_0.5,A,3200,0.5,abundant,151,148,0,15,30.0,0,3,3,1840,492,2.0,2.0,0.0,15,0.791,480029,3179,0.0097,165,0.0848,162,0.0864,0
qt_add16,qualtran,serial_adder,target,ccz,commuting_pace8,A_3200_0.5,A,3200,0.5,abundant,151,148,0,15,30.0,0,3,3,1840,492,2.0,2.0,0.0,15,0.791,480029,3179,0.0097,165,0.0848,162,0.0864,0
qt_add16,qualtran,serial_adder,target,ccz,conventional,A_3200_0.5,A,3200,0.5,abundant,165,162,0,15,30.0,0,3,3,2025,544,2.0,2.0,0.0,15,0.722,524535,3179,0.0089,165,0.0,162,0.0,0
qt_add16,qualtran,serial_adder,target,ccz,conventional_pace4,A_3200_0.5,A,3200,0.5,abundant,165,162,0,15,30.0,0,3,3,2025,544,2.0,2.0,0.0,15,0.722,524535,3179,0.0089,165,0.0,162,0.0,0
qt_add16,qualtran,serial_adder,target,ccz,commuting,A_400_0.25,A,400,0.25,constrained,151,148,0,15,30.0,0,3,3,317,0,2.0,2.0,0.0,15,0.791,55719,369,0.0713,165,0.0848,162,0.0864,0
qt_add16,qualtran,serial_adder,target,ccz,commuting_pace1,A_400_0.25,A,400,0.25,constrained,151,148,0,15,30.0,0,3,3,317,0,2.0,2.0,0.0,15,0.791,55719,369,0.0713,165,0.0848,162,0.0864,0
qt_add16,qualtran,serial_adder,target,ccz,commuting_pace2,A_400_0.25,A,400,0.25,constrained,151,148,0,15,30.0,0,3,3,317,0,2.0,2.0,0.0,15,0.791,55719,369,0.0713,165,0.0848,162,0.0864,0
qt_add16,qualtran,serial_adder,target,ccz,commuting_pace4,A_400_0.25,A,400,0.25,constrained,151,148,0,15,30.0,0,3,3,317,0,2.0,2.0,0.0,15,0.791,55719,369,0.0713,165,0.0848,162,0.0864,0
qt_add16,qualtran,serial_adder,target,ccz,commuting_pace8,A_400_0.25,A,400,0.25,constrained,151,148,0,15,30.0,0,3,3,317,0,2.0,2.0,0.0,15,0.791,55719,369,0.0713,165,0.0848,162,0.0864,0
qt_add16,qualtran,serial_adder,target,ccz,conventional,A_400_0.25,A,400,0.25,constrained,165,162,0,15,30.0,0,3,3,351,0,2.0,2.0,0.0,15,0.722,60885,369,0.0652,165,0.0,162,0.0,0
qt_add16,qualtran,serial_adder,target,ccz,conventional_pace4,A_400_0.25,A,400,0.25,constrained,165,162,0,15,30.0,0,3,3,351,0,2.0,2.0,0.0,15,0.722,60885,369,0.0652,165,0.0,162,0.0,0
qt_add16,qualtran,serial_adder,target,ccz,commuting,A_400_0.5,A,400,0.5,constrained,151,148,0,15,30.0,0,3,3,201,27,2.0,2.0,0.0,15,0.791,62514,414,0.0754,165,0.0848,162,0.0864,0
qt_add16,qualtran,serial_adder,target,ccz,commuting_pace1,A_400_0.5,A,400,0.5,constrained,151,148,0,15,30.0,0,3,3,201,27,2.0,2.0,0.0,15,0.791,62514,414,0.0754,165,0.0848,162,0.0864,0
qt_add16,qualtran,serial_adder,target,ccz,commuting_pace2,A_400_0.5,A,400,0.5,constrained,151,148,0,15,30.0,0,3,3,201,27,2.0,2.0,0.0,15,0.791,62514,414,0.0754,165,0.0848,162,0.0864,0
qt_add16,qualtran,serial_adder,target,ccz,commuting_pace4,A_400_0.5,A,400,0.5,constrained,151,148,0,15,30.0,0,3,3,201,27,2.0,2.0,0.0,15,0.791,62514,414,0.0754,165,0.0848,162,0.0864,0
qt_add16,qualtran,serial_adder,target,ccz,commuting_pace8,A_400_0.5,A,400,0.5,constrained,151,148,0,15,30.0,0,3,3,201,27,2.0,2.0,0.0,15,0.791,62514,414,0.0754,165,0.0848,162,0.0864,0
qt_add16,qualtran,serial_adder,target,ccz,conventional,A_400_0.5,A,400,0.5,constrained,165,162,0,15,30.0,0,3,3,224,34,2.0,2.0,0.0,15,0.722,68310,414,0.069,165,0.0,162,0.0,0
qt_add16,qualtran,serial_adder,target,ccz,conventional_pace4,A_400_0.5,A,400,0.5,constrained,165,162,0,15,30.0,0,3,3,224,34,2.0,2.0,0.0,15,0.722,68310,414,0.069,165,0.0,162,0.0,0
qt_add16,qualtran,serial_adder,target,ccz,commuting,A_400_0.75,A,400,0.75,constrained,151,148,0,15,30.0,0,3,3,85,51,2.0,2.0,0.0,15,0.791,58437,387,0.0923,165,0.0848,162,0.0864,0
qt_add16,qualtran,serial_adder,target,ccz,commuting_pace1,A_400_0.75,A,400,0.75,constrained,151,148,0,15,30.0,0,3,3,85,51,2.0,2.0,0.0,15,0.791,58437,387,0.0923,165,0.0848,162,0.0864,0
qt_add16,qualtran,serial_adder,target,ccz,commuting_pace2,A_400_0.75,A,400,0.75,constrained,151,148,0,15,30.0,0,3,3,85,51,2.0,2.0,0.0,15,0.791,58437,387,0.0923,165,0.0848,162,0.0864,0
qt_add16,qualtran,serial_adder,target,ccz,commuting_pace4,A_400_0.75,A,400,0.75,constrained,151,148,0,15,30.0,0,3,3,85,51,2.0,2.0,0.0,15,0.791,58437,387,0.0923,165,0.0848,162,0.0864,0
qt_add16,qualtran,serial_adder,target,ccz,commuting_pace8,A_400_0.75,A,400,0.75,constrained,151,148,0,15,30.0,0,3,3,85,51,2.0,2.0,0.0,15,0.791,58437,387,0.0923,165,0.0848,162,0.0864,0
qt_add16,qualtran,serial_adder,target,ccz,conventional,A_400_0.75,A,400,0.75,constrained,165,162,0,15,30.0,0,3,3,96,61,2.0,2.0,0.0,15,0.722,63855,387,0.0845,165,0.0,162,0.0,0
qt_add16,qualtran,serial_adder,target,ccz,conventional_pace4,A_400_0.75,A,400,0.75,constrained,165,162,0,15,30.0,0,3,3,96,61,2.0,2.0,0.0,15,0.722,63855,387,0.0845,165,0.0,162,0.0,0
qt_add16,qualtran,serial_adder,target,ccz,commuting,A_800_0.5,A,800,0.5,moderate,151,148,0,15,30.0,0,3,3,433,100,2.0,2.0,0.0,15,0.791,125028,828,0.0377,165,0.0848,162,0.0864,0
qt_add16,qualtran,serial_adder,target,ccz,commuting_pace1,A_800_0.5,A,800,0.5,moderate,151,148,0,15,30.0,0,3,3,433,100,2.0,2.0,0.0,15,0.791,125028,828,0.0377,165,0.0848,162,0.0864,0
qt_add16,qualtran,serial_adder,target,ccz,commuting_pace2,A_800_0.5,A,800,0.5,moderate,151,148,0,15,30.0,0,3,3,433,100,2.0,2.0,0.0,15,0.791,125028,828,0.0377,165,0.0848,162,0.0864,0
qt_add16,qualtran,serial_adder,target,ccz,commuting_pace4,A_800_0.5,A,800,0.5,moderate,151,148,0,15,30.0,0,3,3,433,100,2.0,2.0,0.0,15,0.791,125028,828,0.0377,165,0.0848,162,0.0864,0
qt_add16,qualtran,serial_adder,target,ccz,commuting_pace8,A_800_0.5,A,800,0.5,moderate,151,148,0,15,30.0,0,3,3,433,100,2.0,2.0,0.0,15,0.791,125028,828,0.0377,165,0.0848,162,0.0864,0
qt_add16,qualtran,serial_adder,target,ccz,conventional,A_800_0.5,A,800,0.5,moderate,165,162,0,15,30.0,0,3,3,479,114,2.0,2.0,0.0,15,0.722,136620,828,0.0345,165,0.0,162,0.0,0
qt_add16,qualtran,serial_adder,target,ccz,conventional_pace4,A_800_0.5,A,800,0.5,moderate,165,162,0,15,30.0,0,3,3,479,114,2.0,2.0,0.0,15,0.722,136620,828,0.0345,165,0.0,162,0.0,0
qt_add16,qualtran,serial_adder,target,ccz,commuting,B_400_0.5,B,400,0.5,constrained,154,148,0,15,30.0,0,6,6,0,0,2.0,2.0,0.0,15,0.791,59444,386,0.1004,168,0.0833,162,0.0864,0
qt_add16,qualtran,serial_adder,target,ccz,commuting_pace1,B_400_0.5,B,400,0.5,constrained,154,148,0,15,30.0,0,6,6,0,0,2.0,2.0,0.0,15,0.791,59444,386,0.1004,168,0.0833,162,0.0864,0
qt_add16,qualtran,serial_adder,target,ccz,commuting_pace2,B_400_0.5,B,400,0.5,constrained,154,148,0,15,30.0,0,6,6,0,0,2.0,2.0,0.0,15,0.791,59444,386,0.1004,168,0.0833,162,0.0864,0
qt_add16,qualtran,serial_adder,target,ccz,commuting_pace4,B_400_0.5,B,400,0.5,constrained,154,148,0,15,30.0,0,6,6,0,0,2.0,2.0,0.0,15,0.791,59444,386,0.1004,168,0.0833,162,0.0864,0
qt_add16,qualtran,serial_adder,target,ccz,commuting_pace8,B_400_0.5,B,400,0.5,constrained,154,148,0,15,30.0,0,6,6,0,0,2.0,2.0,0.0,15,0.791,59444,386,0.1004,168,0.0833,162,0.0864,0
qt_add16,qualtran,serial_adder,target,ccz,conventional,B_400_0.5,B,400,0.5,constrained,168,162,0,15,30.0,0,6,6,0,0,2.0,2.0,0.0,15,0.722,64848,386,0.0921,168,0.0,162,0.0,0
qt_add16,qualtran,serial_adder,target,ccz,conventional_pace4,B_400_0.5,B,400,0.5,constrained,168,162,0,15,30.0,0,6,6,0,0,2.0,2.0,0.0,15,0.722,64848,386,0.0921,168,0.0,162,0.0,0
qt_add16,qualtran,serial_adder,target,ccz,commuting,C_400_0.5,C,400,0.5,constrained,154,148,0,15,30.0,0,6,6,0,0,2.0,2.0,0.0,15,0.791,60676,394,0.1004,168,0.0833,162,0.0864,0
qt_add16,qualtran,serial_adder,target,ccz,commuting_pace1,C_400_0.5,C,400,0.5,constrained,154,148,0,15,30.0,0,6,6,0,0,2.0,2.0,0.0,15,0.791,60676,394,0.1004,168,0.0833,162,0.0864,0
qt_add16,qualtran,serial_adder,target,ccz,commuting_pace2,C_400_0.5,C,400,0.5,constrained,154,148,0,15,30.0,0,6,6,0,0,2.0,2.0,0.0,15,0.791,60676,394,0.1004,168,0.0833,162,0.0864,0
qt_add16,qualtran,serial_adder,target,ccz,commuting_pace4,C_400_0.5,C,400,0.5,constrained,154,148,0,15,30.0,0,6,6,0,0,2.0,2.0,0.0,15,0.791,60676,394,0.1004,168,0.0833,162,0.0864,0
qt_add16,qualtran,serial_adder,target,ccz,commuting_pace8,C_400_0.5,C,400,0.5,constrained,154,148,0,15,30.0,0,6,6,0,0,2.0,2.0,0.0,15,0.791,60676,394,0.1004,168,0.0833,162,0.0864,0
qt_add16,qualtran,serial_adder,target,ccz,conventional,C_400_0.5,C,400,0.5,constrained,168,162,0,15,30.0,0,6,6,0,0,2.0,2.0,0.0,15,0.722,66192,394,0.0921,168,0.0,162,0.0,0
qt_add16,qualtran,serial_adder,target,ccz,conventional_pace4,C_400_0.5,C,400,0.5,constrained,168,162,0,15,30.0,0,6,6,0,0,2.0,2.0,0.0,15,0.722,66192,394,0.0921,168,0.0,162,0.0,0
qt_add16,qualtran,serial_adder,target,t,commuting,A_200_0.5,A,200,0.5,constrained,187,178,60,0,60.0,9,0,9,54,0,4.0,4.0,0.0,15,0.657,31977,171,0.2786,201,0.0697,192,0.0729,0
qt_add16,qualtran,serial_adder,target,t,commuting_pace1,A_200_0.5,A,200,0.5,constrained,187,178,60,0,60.0,9,0,9,54,0,4.0,4.0,0.0,15,0.657,31977,171,0.2786,201,0.0697,192,0.0729,0
qt_add16,qualtran,serial_adder,target,t,commuting_pace2,A_200_0.5,A,200,0.5,constrained,187,178,60,0,60.0,9,0,9,54,0,4.0,4.0,0.0,15,0.657,31977,171,0.2786,201,0.0697,192,0.0729,0
qt_add16,qualtran,serial_adder,target,t,commuting_pace4,A_200_0.5,A,200,0.5,constrained,187,178,60,0,60.0,9,0,9,54,0,4.0,4.0,0.0,15,0.657,31977,171,0.2786,201,0.0697,192,0.0729,0
qt_add16,qualtran,serial_adder,target,t,commuting_pace8,A_200_0.5,A,200,0.5,constrained,187,178,60,0,60.0,9,0,9,54,0,4.0,4.0,0.0,15,0.657,31977,171,0.2786,201,0.0697,192,0.0729,0
qt_add16,qualtran,serial_adder,target,t,conventional,A_200_0.5,A,200,0.5,constrained,201,192,60,0,60.0,9,0,9,66,1,4.0,4.0,0.0,15,0.609,34371,171,0.2592,201,0.0,192,0.0,0
qt_add16,qualtran,serial_adder,target,t,conventional_pace4,A_200_0.5,A,200,0.5,constrained,201,192,60,0,60.0,9,0,9,66,1,4.0,4.0,0.0,15,0.609,34371,171,0.2592,201,0.0,192,0.0,0
qt_add16,qualtran,serial_adder,target,t,commuting,A_3200_0.5,A,3200,0.5,abundant,186,178,60,0,60.0,8,0,8,2242,636,4.0,4.0,0.0,15,0.657,591294,3179,0.0157,200,0.07,192,0.0729,0
qt_add16,qualtran,serial_adder,target,t,commuting_pace1,A_3200_0.5,A,3200,0.5,abundant,186,178,60,0,60.0,8,0,8,2242,636,4.0,4.0,0.0,15,0.657,591294,3179,0.0157,200,0.07,192,0.0729,0
qt_add16,qualtran,serial_adder,target,t,commuting_pace2,A_3200_0.5,A,3200,0.5,abundant,186,178,60,0,60.0,8,0,8,2242,636,4.0,4.0,0.0,15,0.657,591294,3179,0.0157,200,0.07,192,0.0729,0
qt_add16,qualtran,serial_adder,target,t,commuting_pace4,A_3200_0.5,A,3200,0.5,abundant,186,178,60,0,60.0,8,0,8,2242,636,4.0,4.0,0.0,15,0.657,591294,3179,0.0157,200,0.07,192,0.0729,0
qt_add16,qualtran,serial_adder,target,t,commuting_pace8,A_3200_0.5,A,3200,0.5,abundant,186,178,60,0,60.0,8,0,8,2242,636,4.0,4.0,0.0,15,0.657,591294,3179,0.0157,200,0.07,192,0.0729,0
qt_add16,qualtran,serial_adder,target,t,conventional,A_3200_0.5,A,3200,0.5,abundant,200,192,60,0,60.0,8,0,8,2426,687,4.0,4.0,0.0,15,0.609,635800,3179,0.0146,200,0.0,192,0.0,0
qt_add16,qualtran,serial_adder,target,t,conventional_pace4,A_3200_0.5,A,3200,0.5,abundant,200,192,60,0,60.0,8,0,8,2426,687,4.0,4.0,0.0,15,0.609,635800,3179,0.0146,200,0.0,192,0.0,0
qt_add16,qualtran,serial_adder,target,t,commuting,A_400_0.25,A,400,0.25,constrained,186,178,60,0,60.0,8,0,8,343,0,4.0,4.0,0.0,15,0.657,68634,369,0.1157,200,0.07,192,0.0729,0
qt_add16,qualtran,serial_adder,target,t,commuting_pace1,A_400_0.25,A,400,0.25,constrained,186,178,60,0,60.0,8,0,8,343,0,4.0,4.0,0.0,15,0.657,68634,369,0.1157,200,0.07,192,0.0729,0
qt_add16,qualtran,serial_adder,target,t,commuting_pace2,A_400_0.25,A,400,0.25,constrained,186,178,60,0,60.0,8,0,8,343,0,4.0,4.0,0.0,15,0.657,68634,369,0.1157,200,0.07,192,0.0729,0
qt_add16,qualtran,serial_adder,target,t,commuting_pace4,A_400_0.25,A,400,0.25,constrained,186,178,60,0,60.0,8,0,8,343,0,4.0,4.0,0.0,15,0.657,68634,369,0.1157,200,0.07,192,0.0729,0
qt_add16,qualtran,serial_adder,target,t,commuting_pace8,A_400_0.25,A,400,0.25,constrained,186,178,60,0,60.0,8,0,8,343,0,4.0,4.0,0.0,15,0.657,68634,369,0.1157,200,0.07,192,0.0729,0
qt_add16,qualtran,serial_adder,target,t,conventional,A_400_0.25,A,400,0.25,constrained,200,192,60,0,60.0,8,0,8,377,1,4.0,4.0,0.0,15,0.609,73800,369,0.1076,200,0.0,192,0.0,0
qt_add16,qualtran,serial_adder,target,t,conventional_pace4,A_400_0.25,A,400,0.25,constrained,200,192,60,0,60.0,8,0,8,377,1,4.0,4.0,0.0,15,0.609,73800,369,0.1076,200,0.0,192,0.0,0
qt_add16,qualtran,serial_adder,target,t,commuting,A_400_0.5,A,400,0.5,constrained,186,178,60,0,60.0,8,0,8,198,59,4.0,4.0,0.0,15,0.657,77004,414,0.1224,200,0.07,192,0.0729,0
qt_add16,qualtran,serial_adder,target,t,commuting_pace1,A_400_0.5,A,400,0.5,constrained,186,178,60,0,60.0,8,0,8,198,59,4.0,4.0,0.0,15,0.657,77004,414,0.1224,200,0.07,192,0.0729,0
qt_add16,qualtran,serial_adder,target,t,commuting_pace2,A_400_0.5,A,400,0.5,constrained,186,178,60,0,60.0,8,0,8,198,59,4.0,4.0,0.0,15,0.657,77004,414,0.1224,200,0.07,192,0.0729,0
qt_add16,qualtran,serial_adder,target,t,commuting_pace4,A_400_0.5,A,400,0.5,constrained,186,178,60,0,60.0,8,0,8,198,59,4.0,4.0,0.0,15,0.657,77004,414,0.1224,200,0.07,192,0.0729,0
qt_add16,qualtran,serial_adder,target,t,commuting_pace8,A_400_0.5,A,400,0.5,constrained,186,178,60,0,60.0,8,0,8,198,59,4.0,4.0,0.0,15,0.657,77004,414,0.1224,200,0.07,192,0.0729,0
qt_add16,qualtran,serial_adder,target,t,conventional,A_400_0.5,A,400,0.5,constrained,200,192,60,0,60.0,8,0,8,221,66,4.0,4.0,0.0,15,0.609,82800,414,0.1138,200,0.0,192,0.0,0
qt_add16,qualtran,serial_adder,target,t,conventional_pace4,A_400_0.5,A,400,0.5,constrained,200,192,60,0,60.0,8,0,8,221,66,4.0,4.0,0.0,15,0.609,82800,414,0.1138,200,0.0,192,0.0,0
qt_add16,qualtran,serial_adder,target,t,commuting,A_400_0.75,A,400,0.75,constrained,187,178,60,0,60.0,9,0,9,54,90,4.0,4.0,0.0,15,0.657,72369,387,0.1491,201,0.0697,192,0.0729,0
qt_add16,qualtran,serial_adder,target,t,commuting_pace1,A_400_0.75,A,400,0.75,constrained,187,178,60,0,60.0,9,0,9,54,90,4.0,4.0,0.0,15,0.657,72369,387,0.1491,201,0.0697,192,0.0729,0
qt_add16,qualtran,serial_adder,target,t,commuting_pace2,A_400_0.75,A,400,0.75,constrained,187,178,60,0,60.0,9,0,9,54,90,4.0,4.0,0.0,15,0.657,72369,387,0.1491,201,0.0697,192,0.0729,0
qt_add16,qualtran,serial_adder,target,t,commuting_pace4,A_400_0.75,A,400,0.75,constrained,187,178,60,0,60.0,9,0,9,54,90,4.0,4.0,0.0,15,0.657,72369,387,0.1491,201,0.0697,192,0.0729,0
qt_add16,qualtran,serial_adder,target,t,commuting_pace8,A_400_0.75,A,400,0.75,constrained,187,178,60,0,60.0,9,0,9,54,90,4.0,4.0,0.0,15,0.657,72369,387,0.1491,201,0.0697,192,0.0729,0
qt_add16,qualtran,serial_adder,target,t,conventional,A_400_0.75,A,400,0.75,constrained,201,192,60,0,60.0,9,0,9,66,100,4.0,4.0,0.0,15,0.609,77787,387,0.1387,201,0.0,192,0.0,0
qt_add16,qualtran,serial_adder,target,t,conventional_pace4,A_400_0.75,A,400,0.75,constrained,201,192,60,0,60.0,9,0,9,66,100,4.0,4.0,0.0,15,0.609,77787,387,0.1387,201,0.0,192,0.0,0
qt_add16,qualtran,serial_adder,target,t,commuting,A_800_0.5,A,800,0.5,moderate,186,178,60,0,60.0,8,0,8,488,150,4.0,4.0,0.0,15,0.657,154008,828,0.0612,200,0.07,192,0.0729,0
qt_add16,qualtran,serial_adder,target,t,commuting_pace1,A_800_0.5,A,800,0.5,moderate,186,178,60,0,60.0,8,0,8,488,150,4.0,4.0,0.0,15,0.657,154008,828,0.0612,200,0.07,192,0.0729,0
qt_add16,qualtran,serial_adder,target,t,commuting_pace2,A_800_0.5,A,800,0.5,moderate,186,178,60,0,60.0,8,0,8,488,150,4.0,4.0,0.0,15,0.657,154008,828,0.0612,200,0.07,192,0.0729,0
qt_add16,qualtran,serial_adder,target,t,commuting_pace4,A_800_0.5,A,800,0.5,moderate,186,178,60,0,60.0,8,0,8,488,150,4.0,4.0,0.0,15,0.657,154008,828,0.0612,200,0.07,192,0.0729,0
qt_add16,qualtran,serial_adder,target,t,commuting_pace8,A_800_0.5,A,800,0.5,moderate,186,178,60,0,60.0,8,0,8,488,150,4.0,4.0,0.0,15,0.657,154008,828,0.0612,200,0.07,192,0.0729,0
qt_add16,qualtran,serial_adder,target,t,conventional,A_800_0.5,A,800,0.5,moderate,200,192,60,0,60.0,8,0,8,534,164,4.0,4.0,0.0,15,0.609,165600,828,0.0569,200,0.0,192,0.0,0
qt_add16,qualtran,serial_adder,target,t,conventional_pace4,A_800_0.5,A,800,0.5,moderate,200,192,60,0,60.0,8,0,8,534,164,4.0,4.0,0.0,15,0.609,165600,828,0.0569,200,0.0,192,0.0,0
qt_add16,qualtran,serial_adder,target,t,commuting,B_400_0.5,B,400,0.5,constrained,190,178,60,0,60.0,12,0,12,0,0,4.0,4.0,0.0,15,0.657,73340,386,0.1628,204,0.0686,192,0.0729,0
qt_add16,qualtran,serial_adder,target,t,commuting_pace1,B_400_0.5,B,400,0.5,constrained,190,178,60,0,60.0,12,0,12,0,0,4.0,4.0,0.0,15,0.657,73340,386,0.1628,204,0.0686,192,0.0729,0
qt_add16,qualtran,serial_adder,target,t,commuting_pace2,B_400_0.5,B,400,0.5,constrained,190,178,60,0,60.0,12,0,12,0,0,4.0,4.0,0.0,15,0.657,73340,386,0.1628,204,0.0686,192,0.0729,0
qt_add16,qualtran,serial_adder,target,t,commuting_pace4,B_400_0.5,B,400,0.5,constrained,190,178,60,0,60.0,12,0,12,0,0,4.0,4.0,0.0,15,0.657,73340,386,0.1628,204,0.0686,192,0.0729,0
qt_add16,qualtran,serial_adder,target,t,commuting_pace8,B_400_0.5,B,400,0.5,constrained,190,178,60,0,60.0,12,0,12,0,0,4.0,4.0,0.0,15,0.657,73340,386,0.1628,204,0.0686,192,0.0729,0
qt_add16,qualtran,serial_adder,target,t,conventional,B_400_0.5,B,400,0.5,constrained,204,192,60,0,60.0,12,0,12,0,0,4.0,4.0,0.0,15,0.609,78744,386,0.1517,204,0.0,192,0.0,0
qt_add16,qualtran,serial_adder,target,t,conventional_pace4,B_400_0.5,B,400,0.5,constrained,204,192,60,0,60.0,12,0,12,0,0,4.0,4.0,0.0,15,0.609,78744,386,0.1517,204,0.0,192,0.0,0
qt_add16,qualtran,serial_adder,target,t,commuting,C_400_0.5,C,400,0.5,constrained,186,178,60,0,60.0,8,0,8,0,0,4.0,4.0,0.0,15,0.657,73284,394,0.1663,200,0.07,192,0.0729,0
qt_add16,qualtran,serial_adder,target,t,commuting_pace1,C_400_0.5,C,400,0.5,constrained,186,178,60,0,60.0,8,0,8,0,0,4.0,4.0,0.0,15,0.657,73284,394,0.1663,200,0.07,192,0.0729,0
qt_add16,qualtran,serial_adder,target,t,commuting_pace2,C_400_0.5,C,400,0.5,constrained,186,178,60,0,60.0,8,0,8,0,0,4.0,4.0,0.0,15,0.657,73284,394,0.1663,200,0.07,192,0.0729,0
qt_add16,qualtran,serial_adder,target,t,commuting_pace4,C_400_0.5,C,400,0.5,constrained,186,178,60,0,60.0,8,0,8,0,0,4.0,4.0,0.0,15,0.657,73284,394,0.1663,200,0.07,192,0.0729,0
qt_add16,qualtran,serial_adder,target,t,commuting_pace8,C_400_0.5,C,400,0.5,constrained,186,178,60,0,60.0,8,0,8,0,0,4.0,4.0,0.0,15,0.657,73284,394,0.1663,200,0.07,192,0.0729,0
qt_add16,qualtran,serial_adder,target,t,conventional,C_400_0.5,C,400,0.5,constrained,200,192,60,0,60.0,8,0,8,0,0,4.0,4.0,0.0,15,0.609,78800,394,0.1547,200,0.0,192,0.0,0
qt_add16,qualtran,serial_adder,target,t,conventional_pace4,C_400_0.5,C,400,0.5,constrained,200,192,60,0,60.0,8,0,8,0,0,4.0,4.0,0.0,15,0.609,78800,394,0.1547,200,0.0,192,0.0,0
qt_aliassamp16,qualtran,state_preparation,target,ccz,commuting,A_200_0.5,A,200,0.5,constrained,271,182,0,39,78.0,0,118,118,183,0,18.0,4.33,0.9881,18,2.599,46341,171,0.25,300,0.0967,297,0.3872,1
qt_aliassamp16,qualtran,state_preparation,target,ccz,commuting_pace1,A_200_0.5,A,200,0.5,constrained,274,271,0,39,78.0,0,3,3,185,0,2.0,2.0,0.0,39,1.745,46854,171,0.2472,300,0.0867,297,0.0875,0
qt_aliassamp16,qualtran,state_preparation,target,ccz,commuting_pace2,A_200_0.5,A,200,0.5,constrained,271,209,0,39,78.0,0,101,101,183,0,4.0,3.0,0.3333,26,2.263,46341,171,0.25,300,0.0967,297,0.2963,1
qt_aliassamp16,qualtran,state_preparation,target,ccz,commuting_pace4,A_200_0.5,A,200,0.5,constrained,271,195,0,39,78.0,0,112,112,183,0,8.0,3.9,0.6379,20,2.426,46341,171,0.25,300,0.0967,297,0.3434,1
qt_aliassamp16,qualtran,state_preparation,target,ccz,commuting_pace8,A_200_0.5,A,200,0.5,constrained,271,187,0,39,78.0,0,112,112,183,0,14.0,4.11,0.8581,19,2.529,46341,171,0.25,300,0.0967,297,0.3704,1
qt_aliassamp16,qualtran,state_preparation,target,ccz,conventional,A_200_0.5,A,200,0.5,constrained,300,297,0,39,78.0,0,3,3,207,0,12.0,3.55,0.7593,22,1.593,51300,171,0.2258,300,0.0,297,0.0,0
qt_aliassamp16,qualtran,state_preparation,target,ccz,conventional_pace4,A_200_0.5,A,200,0.5,constrained,307,304,0,39,78.0,0,3,3,212,0,8.0,3.25,0.5565,24,1.556,52497,171,0.2206,300,-0.0233,297,-0.0236,0
qt_aliassamp16,qualtran,state_preparation,target,ccz,commuting,A_3200_0.5,A,3200,0.5,abundant,183,182,0,39,78.0,0,1,1,2262,586,18.0,4.33,0.9881,18,2.599,581757,3179,0.0208,298,0.3859,297,0.3872,0
qt_aliassamp16,qualtran,state_preparation,target,ccz,commuting_pace1,A_3200_0.5,A,3200,0.5,abundant,272,271,0,39,78.0,0,1,1,3435,912,2.0,2.0,0.0,39,1.745,864688,3179,0.014,298,0.0872,297,0.0875,0
qt_aliassamp16,qualtran,state_preparation,target,ccz,commuting_pace2,A_3200_0.5,A,3200,0.5,abundant,210,209,0,39,78.0,0,1,1,2618,685,4.0,3.0,0.3333,26,2.263,667590,3179,0.0181,298,0.2953,297,0.2963,0
qt_aliassamp16,qualtran,state_preparation,target,ccz,commuting_pace4,A_3200_0.5,A,3200,0.5,abundant,196,195,0,39,78.0,0,1,1,2433,633,8.0,3.9,0.6379,20,2.426,623084,3179,0.0194,298,0.3423,297,0.3434,0
qt_aliassamp16,qualtran,state_preparation,target,ccz,commuting_pace8,A_3200_0.5,A,3200,0.5,abundant,188,187,0,39,78.0,0,1,1,2328,604,14.0,4.11,0.8581,19,2.529,597652,3179,0.0202,298,0.3691,297,0.3704,0
qt_aliassamp16,qualtran,state_preparation,target,ccz,conventional,A_3200_0.5,A,3200,0.5,abundant,298,297,0,39,78.0,0,1,1,3778,1007,12.0,3.55,0.7593,22,1.593,947342,3179,0.0128,298,0.0,297,0.0,0
qt_aliassamp16,qualtran,state_preparation,target,ccz,conventional_pace4,A_3200_0.5,A,3200,0.5,abundant,305,304,0,39,78.0,0,1,1,3870,1033,8.0,3.25,0.5565,24,1.556,969595,3179,0.0125,298,-0.0235,297,-0.0236,0
qt_aliassamp16,qualtran,state_preparation,target,ccz,commuting,A_400_0.25,A,400,0.25,constrained,271,182,0,39,78.0,0,118,118,612,0,18.0,4.33,0.9881,18,2.599,99999,369,0.1032,300,0.0967,297,0.3872,1
qt_aliassamp16,qualtran,state_preparation,target,ccz,commuting_pace1,A_400_0.25,A,400,0.25,constrained,274,271,0,39,78.0,0,3,3,619,0,2.0,2.0,0.0,39,1.745,101106,369,0.1021,300,0.0867,297,0.0875,0
qt_aliassamp16,qualtran,state_preparation,target,ccz,commuting_pace2,A_400_0.25,A,400,0.25,constrained,271,209,0,39,78.0,0,101,101,612,0,4.0,3.0,0.3333,26,2.263,99999,369,0.1032,300,0.0967,297,0.2963,1
qt_aliassamp16,qualtran,state_preparation,target,ccz,commuting_pace4,A_400_0.25,A,400,0.25,constrained,271,195,0,39,78.0,0,112,112,612,0,8.0,3.9,0.6379,20,2.426,99999,369,0.1032,300,0.0967,297,0.3434,1
qt_aliassamp16,qualtran,state_preparation,target,ccz,commuting_pace8,A_400_0.25,A,400,0.25,constrained,271,187,0,39,78.0,0,112,112,612,0,14.0,4.11,0.8581,19,2.529,99999,369,0.1032,300,0.0967,297,0.3704,1
qt_aliassamp16,qualtran,state_preparation,target,ccz,conventional,A_400_0.25,A,400,0.25,constrained,300,297,0,39,78.0,0,3,3,683,0,12.0,3.55,0.7593,22,1.593,110700,369,0.0933,300,0.0,297,0.0,0
qt_aliassamp16,qualtran,state_preparation,target,ccz,conventional_pace4,A_400_0.25,A,400,0.25,constrained,307,304,0,39,78.0,0,3,3,700,0,8.0,3.25,0.5565,24,1.556,113283,369,0.0911,300,-0.0233,297,-0.0236,0
qt_aliassamp16,qualtran,state_preparation,target,ccz,commuting,A_400_0.5,A,400,0.5,constrained,183,182,0,39,78.0,0,1,1,253,19,18.0,4.33,0.9881,18,2.599,75762,414,0.1617,298,0.3859,297,0.3872,0
qt_aliassamp16,qualtran,state_preparation,target,ccz,commuting_pace1,A_400_0.5,A,400,0.5,constrained,272,271,0,39,78.0,0,1,1,399,63,2.0,2.0,0.0,39,1.745,112608,414,0.1088,298,0.0872,297,0.0875,0
qt_aliassamp16,qualtran,state_preparation,target,ccz,commuting_pace2,A_400_0.5,A,400,0.5,constrained,210,209,0,39,78.0,0,1,1,297,32,4.0,3.0,0.3333,26,2.263,86940,414,0.1409,298,0.2953,297,0.2963,0
qt_aliassamp16,qualtran,state_preparation,target,ccz,commuting_pace4,A_400_0.5,A,400,0.5,constrained,196,195,0,39,78.0,0,1,1,274,25,8.0,3.9,0.6379,20,2.426,81144,414,0.151,298,0.3423,297,0.3434,0
qt_aliassamp16,qualtran,state_preparation,target,ccz,commuting_pace8,A_400_0.5,A,400,0.5,constrained,188,187,0,39,78.0,0,1,1,261,21,14.0,4.11,0.8581,19,2.529,77832,414,0.1574,298,0.3691,297,0.3704,0
qt_aliassamp16,qualtran,state_preparation,target,ccz,conventional,A_400_0.5,A,400,0.5,constrained,298,297,0,39,78.0,0,1,1,441,76,12.0,3.55,0.7593,22,1.593,123372,414,0.0993,298,0.0,297,0.0,0
qt_aliassamp16,qualtran,state_preparation,target,ccz,conventional_pace4,A_400_0.5,A,400,0.5,constrained,305,304,0,39,78.0,0,1,1,453,80,8.0,3.25,0.5565,24,1.556,126270,414,0.097,298,-0.0235,297,-0.0236,0
qt_aliassamp16,qualtran,state_preparation,target,ccz,commuting,A_400_0.75,A,400,0.75,constrained,183,182,0,39,78.0,0,1,1,111,49,18.0,4.33,0.9881,18,2.599,70821,387,0.1981,298,0.3859,297,0.3872,0
qt_aliassamp16,qualtran,state_preparation,target,ccz,commuting_pace1,A_400_0.75,A,400,0.75,constrained,272,271,0,39,78.0,0,1,1,184,108,2.0,2.0,0.0,39,1.745,105264,387,0.1333,298,0.0872,297,0.0875,0
qt_aliassamp16,qualtran,state_preparation,target,ccz,commuting_pace2,A_400_0.75,A,400,0.75,constrained,210,209,0,39,78.0,0,1,1,133,67,4.0,3.0,0.3333,26,2.263,81270,387,0.1726,298,0.2953,297,0.2963,0
qt_aliassamp16,qualtran,state_preparation,target,ccz,commuting_pace4,A_400_0.75,A,400,0.75,constrained,196,195,0,39,78.0,0,1,1,121,57,8.0,3.9,0.6379,20,2.426,75852,387,0.185,298,0.3423,297,0.3434,0
qt_aliassamp16,qualtran,state_preparation,target,ccz,commuting_pace8,A_400_0.75,A,400,0.75,constrained,188,187,0,39,78.0,0,1,1,115,52,14.0,4.11,0.8581,19,2.529,72756,387,0.1928,298,0.3691,297,0.3704,0
qt_aliassamp16,qualtran,state_preparation,target,ccz,conventional,A_400_0.75,A,400,0.75,constrained,298,297,0,39,78.0,0,1,1,205,125,12.0,3.55,0.7593,22,1.593,115326,387,0.1217,298,0.0,297,0.0,0
qt_aliassamp16,qualtran,state_preparation,target,ccz,conventional_pace4,A_400_0.75,A,400,0.75,constrained,305,304,0,39,78.0,0,1,1,211,130,8.0,3.25,0.5565,24,1.556,118035,387,0.1189,298,-0.0235,297,-0.0236,0
qt_aliassamp16,qualtran,state_preparation,target,ccz,commuting,A_800_0.5,A,800,0.5,moderate,183,182,0,39,78.0,0,1,1,538,108,18.0,4.33,0.9881,18,2.599,151524,828,0.0808,298,0.3859,297,0.3872,0
qt_aliassamp16,qualtran,state_preparation,target,ccz,commuting_pace1,A_800_0.5,A,800,0.5,moderate,272,271,0,39,78.0,0,1,1,829,197,2.0,2.0,0.0,39,1.745,225216,828,0.0544,298,0.0872,297,0.0875,0
qt_aliassamp16,qualtran,state_preparation,target,ccz,commuting_pace2,A_800_0.5,A,800,0.5,moderate,210,209,0,39,78.0,0,1,1,626,135,4.0,3.0,0.3333,26,2.263,173880,828,0.0704,298,0.2953,297,0.2963,0
qt_aliassamp16,qualtran,state_preparation,target,ccz,commuting_pace4,A_800_0.5,A,800,0.5,moderate,196,195,0,39,78.0,0,1,1,580,121,8.0,3.9,0.6379,20,2.426,162288,828,0.0755,298,0.3423,297,0.3434,0
qt_aliassamp16,qualtran,state_preparation,target,ccz,commuting_pace8,A_800_0.5,A,800,0.5,moderate,188,187,0,39,78.0,0,1,1,554,113,14.0,4.11,0.8581,19,2.529,155664,828,0.0787,298,0.3691,297,0.3704,0
qt_aliassamp16,qualtran,state_preparation,target,ccz,conventional,A_800_0.5,A,800,0.5,moderate,298,297,0,39,78.0,0,1,1,914,223,12.0,3.55,0.7593,22,1.593,246744,828,0.0496,298,0.0,297,0.0,0
qt_aliassamp16,qualtran,state_preparation,target,ccz,conventional_pace4,A_800_0.5,A,800,0.5,moderate,305,304,0,39,78.0,0,1,1,937,230,8.0,3.25,0.5565,24,1.556,252540,828,0.0485,298,-0.0235,297,-0.0236,0
qt_aliassamp16,qualtran,state_preparation,target,ccz,commuting,B_400_0.5,B,400,0.5,constrained,186,182,0,39,78.0,0,4,4,0,0,18.0,4.33,0.9881,18,2.599,71796,386,0.2162,301,0.3821,297,0.3872,0
qt_aliassamp16,qualtran,state_preparation,target,ccz,commuting_pace1,B_400_0.5,B,400,0.5,constrained,275,271,0,39,78.0,0,4,4,0,0,2.0,2.0,0.0,39,1.745,106150,386,0.1462,301,0.0864,297,0.0875,0
qt_aliassamp16,qualtran,state_preparation,target,ccz,commuting_pace2,B_400_0.5,B,400,0.5,constrained,213,209,0,39,78.0,0,4,4,0,0,4.0,3.0,0.3333,26,2.263,82218,386,0.1888,301,0.2924,297,0.2963,0
qt_aliassamp16,qualtran,state_preparation,target,ccz,commuting_pace4,B_400_0.5,B,400,0.5,constrained,199,195,0,39,78.0,0,4,4,0,0,8.0,3.9,0.6379,20,2.426,76814,386,0.2021,301,0.3389,297,0.3434,0
qt_aliassamp16,qualtran,state_preparation,target,ccz,commuting_pace8,B_400_0.5,B,400,0.5,constrained,191,187,0,39,78.0,0,4,4,0,0,14.0,4.11,0.8581,19,2.529,73726,386,0.2106,301,0.3654,297,0.3704,0
qt_aliassamp16,qualtran,state_preparation,target,ccz,conventional,B_400_0.5,B,400,0.5,constrained,301,297,0,39,78.0,0,4,4,0,0,12.0,3.55,0.7593,22,1.593,116186,386,0.1336,301,0.0,297,0.0,0
qt_aliassamp16,qualtran,state_preparation,target,ccz,conventional_pace4,B_400_0.5,B,400,0.5,constrained,308,304,0,39,78.0,0,4,4,0,0,8.0,3.25,0.5565,24,1.556,118888,386,0.1306,301,-0.0233,297,-0.0236,0
qt_aliassamp16,qualtran,state_preparation,target,ccz,commuting,C_400_0.5,C,400,0.5,constrained,186,182,0,39,78.0,0,4,4,0,0,18.0,4.33,0.9881,18,2.599,73284,394,0.2162,301,0.3821,297,0.3872,0
qt_aliassamp16,qualtran,state_preparation,target,ccz,commuting_pace1,C_400_0.5,C,400,0.5,constrained,275,271,0,39,78.0,0,4,4,0,0,2.0,2.0,0.0,39,1.745,108350,394,0.1462,301,0.0864,297,0.0875,0
qt_aliassamp16,qualtran,state_preparation,target,ccz,commuting_pace2,C_400_0.5,C,400,0.5,constrained,213,209,0,39,78.0,0,4,4,0,0,4.0,3.0,0.3333,26,2.263,83922,394,0.1888,301,0.2924,297,0.2963,0
qt_aliassamp16,qualtran,state_preparation,target,ccz,commuting_pace4,C_400_0.5,C,400,0.5,constrained,199,195,0,39,78.0,0,4,4,0,0,8.0,3.9,0.6379,20,2.426,78406,394,0.2021,301,0.3389,297,0.3434,0
qt_aliassamp16,qualtran,state_preparation,target,ccz,commuting_pace8,C_400_0.5,C,400,0.5,constrained,191,187,0,39,78.0,0,4,4,0,0,14.0,4.11,0.8581,19,2.529,75254,394,0.2106,301,0.3654,297,0.3704,0
qt_aliassamp16,qualtran,state_preparation,target,ccz,conventional,C_400_0.5,C,400,0.5,constrained,301,297,0,39,78.0,0,4,4,0,0,12.0,3.55,0.7593,22,1.593,118594,394,0.1336,301,0.0,297,0.0,0
qt_aliassamp16,qualtran,state_preparation,target,ccz,conventional_pace4,C_400_0.5,C,400,0.5,constrained,308,304,0,39,78.0,0,4,4,0,0,8.0,3.25,0.5565,24,1.556,121352,394,0.1306,301,-0.0233,297,-0.0236,0
qt_aliassamp16,qualtran,state_preparation,target,t,commuting,A_200_0.5,A,200,0.5,constrained,261,218,156,0,156.0,66,0,66,19,11,36.0,8.67,0.9881,18,2.17,44631,171,0.5191,352,0.2585,341,0.3607,1
qt_aliassamp16,qualtran,state_preparation,target,t,commuting_pace1,A_200_0.5,A,200,0.5,constrained,356,349,156,0,156.0,7,0,7,96,27,4.0,4.0,0.0,39,1.355,60876,171,0.3805,352,-0.0114,341,-0.0235,0
qt_aliassamp16,qualtran,state_preparation,target,t,commuting_pace2,A_200_0.5,A,200,0.5,constrained,268,261,156,0,156.0,7,0,7,24,12,8.0,6.0,0.3333,26,1.812,45828,171,0.5055,352,0.2386,341,0.2346,0
qt_aliassamp16,qualtran,state_preparation,target,t,commuting_pace4,A_200_0.5,A,200,0.5,constrained,261,235,156,0,156.0,47,0,47,19,11,16.0,7.8,0.6379,20,2.013,44631,171,0.5191,352,0.2585,341,0.3109,1
qt_aliassamp16,qualtran,state_preparation,target,t,commuting_pace8,A_200_0.5,A,200,0.5,constrained,261,225,156,0,156.0,62,0,62,19,11,28.0,8.21,0.8581,19,2.102,44631,171,0.5191,352,0.2585,341,0.3402,1
qt_aliassamp16,qualtran,state_preparation,target,t,conventional,A_200_0.5,A,200,0.5,constrained,352,341,156,0,156.0,15,0,15,93,26,24.0,7.09,0.7593,22,1.387,60192,171,0.3849,352,0.0,341,0.0,0
qt_aliassamp16,qualtran,state_preparation,target,t,conventional_pace4,A_200_0.5,A,200,0.5,constrained,359,352,156,0,156.0,7,0,7,99,28,16.0,6.5,0.5565,24,1.344,61389,171,0.3774,352,-0.0199,341,-0.0323,0
qt_aliassamp16,qualtran,state_preparation,target,t,commuting,A_3200_0.5,A,3200,0.5,abundant,224,218,156,0,156.0,6,0,6,2647,775,36.0,8.67,0.9881,18,2.17,712096,3179,0.0339,347,0.3545,341,0.3607,0
qt_aliassamp16,qualtran,state_preparation,target,t,commuting_pace1,A_3200_0.5,A,3200,0.5,abundant,355,349,156,0,156.0,6,0,6,4373,1255,4.0,4.0,0.0,39,1.355,1128545,3179,0.0214,347,-0.0231,341,-0.0235,0
qt_aliassamp16,qualtran,state_preparation,target,t,commuting_pace2,A_3200_0.5,A,3200,0.5,abundant,267,261,156,0,156.0,6,0,6,3213,933,8.0,6.0,0.3333,26,1.812,848793,3179,0.0285,347,0.2305,341,0.2346,0
qt_aliassamp16,qualtran,state_preparation,target,t,commuting_pace4,A_3200_0.5,A,3200,0.5,abundant,241,235,156,0,156.0,6,0,6,2871,837,16.0,7.8,0.6379,20,2.013,766139,3179,0.0316,347,0.3055,341,0.3109,0
qt_aliassamp16,qualtran,state_preparation,target,t,commuting_pace8,A_3200_0.5,A,3200,0.5,abundant,231,225,156,0,156.0,6,0,6,2739,801,28.0,8.21,0.8581,19,2.102,734349,3179,0.0329,347,0.3343,341,0.3402,0
qt_aliassamp16,qualtran,state_preparation,target,t,conventional,A_3200_0.5,A,3200,0.5,abundant,347,341,156,0,156.0,6,0,6,4268,1226,24.0,7.09,0.7593,22,1.387,1103113,3179,0.0219,347,0.0,341,0.0,0
qt_aliassamp16,qualtran,state_preparation,target,t,conventional_pace4,A_3200_0.5,A,3200,0.5,abundant,358,352,156,0,156.0,6,0,6,4413,1266,16.0,6.5,0.5565,24,1.344,1138082,3179,0.0212,347,-0.0317,341,-0.0323,0
qt_aliassamp16,qualtran,state_preparation,target,t,commuting,A_400_0.25,A,400,0.25,constrained,224,218,156,0,156.0,6,0,6,340,5,36.0,8.67,0.9881,18,2.17,82656,369,0.2498,347,0.3545,341,0.3607,0
qt_aliassamp16,qualtran,state_preparation,target,t,commuting_pace1,A_400_0.25,A,400,0.25,constrained,355,349,156,0,156.0,6,0,6,662,27,4.0,4.0,0.0,39,1.355,130995,369,0.1576,347,-0.0231,341,-0.0235,0
qt_aliassamp16,qualtran,state_preparation,target,t,commuting_pace2,A_400_0.25,A,400,0.25,constrained,267,261,156,0,156.0,6,0,6,446,12,8.0,6.0,0.3333,26,1.812,98523,369,0.2096,347,0.2305,341,0.2346,0
qt_aliassamp16,qualtran,state_preparation,target,t,commuting_pace4,A_400_0.25,A,400,0.25,constrained,241,235,156,0,156.0,6,0,6,382,8,16.0,7.8,0.6379,20,2.013,88929,369,0.2322,347,0.3055,341,0.3109,0
qt_aliassamp16,qualtran,state_preparation,target,t,commuting_pace8,A_400_0.25,A,400,0.25,constrained,231,225,156,0,156.0,6,0,6,357,6,28.0,8.21,0.8581,19,2.102,85239,369,0.2422,347,0.3343,341,0.3402,0
qt_aliassamp16,qualtran,state_preparation,target,t,conventional,A_400_0.25,A,400,0.25,constrained,347,341,156,0,156.0,6,0,6,642,26,24.0,7.09,0.7593,22,1.387,128043,369,0.1613,347,0.0,341,0.0,0
qt_aliassamp16,qualtran,state_preparation,target,t,conventional_pace4,A_400_0.25,A,400,0.25,constrained,358,352,156,0,156.0,6,0,6,669,27,16.0,6.5,0.5565,24,1.344,132102,369,0.1563,347,-0.0317,341,-0.0323,0
qt_aliassamp16,qualtran,state_preparation,target,t,commuting,A_400_0.5,A,400,0.5,constrained,225,218,156,0,156.0,8,0,8,166,79,36.0,8.67,0.9881,18,2.17,93150,414,0.263,347,0.3516,341,0.3607,0
qt_aliassamp16,qualtran,state_preparation,target,t,commuting_pace1,A_400_0.5,A,400,0.5,constrained,355,349,156,0,156.0,6,0,6,379,144,4.0,4.0,0.0,39,1.355,146970,414,0.1667,347,-0.0231,341,-0.0235,0
qt_aliassamp16,qualtran,state_preparation,target,t,commuting_pace2,A_400_0.5,A,400,0.5,constrained,267,261,156,0,156.0,6,0,6,235,100,8.0,6.0,0.3333,26,1.812,110538,414,0.2216,347,0.2305,341,0.2346,0
qt_aliassamp16,qualtran,state_preparation,target,t,commuting_pace4,A_400_0.5,A,400,0.5,constrained,241,235,156,0,156.0,6,0,6,192,87,16.0,7.8,0.6379,20,2.013,99774,414,0.2455,347,0.3055,341,0.3109,0
qt_aliassamp16,qualtran,state_preparation,target,t,commuting_pace8,A_400_0.5,A,400,0.5,constrained,231,225,156,0,156.0,6,0,6,176,82,28.0,8.21,0.8581,19,2.102,95634,414,0.2562,347,0.3343,341,0.3402,0
qt_aliassamp16,qualtran,state_preparation,target,t,conventional,A_400_0.5,A,400,0.5,constrained,347,341,156,0,156.0,6,0,6,366,140,24.0,7.09,0.7593,22,1.387,143658,414,0.1705,347,0.0,341,0.0,0
qt_aliassamp16,qualtran,state_preparation,target,t,conventional_pace4,A_400_0.5,A,400,0.5,constrained,358,352,156,0,156.0,6,0,6,384,145,16.0,6.5,0.5565,24,1.344,148212,414,0.1653,347,-0.0317,341,-0.0323,0
qt_aliassamp16,qualtran,state_preparation,target,t,commuting,A_400_0.75,A,400,0.75,constrained,261,218,156,0,156.0,66,0,66,19,140,36.0,8.67,0.9881,18,2.17,101007,387,0.2778,352,0.2585,341,0.3607,1
qt_aliassamp16,qualtran,state_preparation,target,t,commuting_pace1,A_400_0.75,A,400,0.75,constrained,356,349,156,0,156.0,7,0,7,96,203,4.0,4.0,0.0,39,1.355,137772,387,0.2037,352,-0.0114,341,-0.0235,0
qt_aliassamp16,qualtran,state_preparation,target,t,commuting_pace2,A_400_0.75,A,400,0.75,constrained,268,261,156,0,156.0,7,0,7,24,144,8.0,6.0,0.3333,26,1.812,103716,387,0.2705,352,0.2386,341,0.2346,0
qt_aliassamp16,qualtran,state_preparation,target,t,commuting_pace4,A_400_0.75,A,400,0.75,constrained,261,235,156,0,156.0,47,0,47,19,140,16.0,7.8,0.6379,20,2.013,101007,387,0.2778,352,0.2585,341,0.3109,1
qt_aliassamp16,qualtran,state_preparation,target,t,commuting_pace8,A_400_0.75,A,400,0.75,constrained,261,225,156,0,156.0,62,0,62,19,140,28.0,8.21,0.8581,19,2.102,101007,387,0.2778,352,0.2585,341,0.3402,1
qt_aliassamp16,qualtran,state_preparation,target,t,conventional,A_400_0.75,A,400,0.75,constrained,352,341,156,0,156.0,15,0,15,93,200,24.0,7.09,0.7593,22,1.387,136224,387,0.206,352,0.0,341,0.0,0
qt_aliassamp16,qualtran,state_preparation,target,t,conventional_pace4,A_400_0.75,A,400,0.75,constrained,359,352,156,0,156.0,7,0,7,99,205,16.0,6.5,0.5565,24,1.344,138933,387,0.202,352,-0.0199,341,-0.0323,0
qt_aliassamp16,qualtran,state_preparation,target,t,commuting,A_800_0.5,A,800,0.5,moderate,224,218,156,0,156.0,6,0,6,516,188,36.0,8.67,0.9881,18,2.17,185472,828,0.1321,347,0.3545,341,0.3607,0
qt_aliassamp16,qualtran,state_preparation,target,t,commuting_pace1,A_800_0.5,A,800,0.5,moderate,355,349,156,0,156.0,6,0,6,945,319,4.0,4.0,0.0,39,1.355,293940,828,0.0833,347,-0.0231,341,-0.0235,0
qt_aliassamp16,qualtran,state_preparation,target,t,commuting_pace2,A_800_0.5,A,800,0.5,moderate,267,261,156,0,156.0,6,0,6,657,231,8.0,6.0,0.3333,26,1.812,221076,828,0.1108,347,0.2305,341,0.2346,0
qt_aliassamp16,qualtran,state_preparation,target,t,commuting_pace4,A_800_0.5,A,800,0.5,moderate,241,235,156,0,156.0,6,0,6,572,205,16.0,7.8,0.6379,20,2.013,199548,828,0.1228,347,0.3055,341,0.3109,0
qt_aliassamp16,qualtran,state_preparation,target,t,commuting_pace8,A_800_0.5,A,800,0.5,moderate,231,225,156,0,156.0,6,0,6,539,195,28.0,8.21,0.8581,19,2.102,191268,828,0.1281,347,0.3343,341,0.3402,0
qt_aliassamp16,qualtran,state_preparation,target,t,conventional,A_800_0.5,A,800,0.5,moderate,347,341,156,0,156.0,6,0,6,919,311,24.0,7.09,0.7593,22,1.387,287316,828,0.0853,347,0.0,341,0.0,0
qt_aliassamp16,qualtran,state_preparation,target,t,conventional_pace4,A_800_0.5,A,800,0.5,moderate,358,352,156,0,156.0,6,0,6,955,322,16.0,6.5,0.5565,24,1.344,296424,828,0.0826,347,-0.0317,341,-0.0323,0
qt_aliassamp16,qualtran,state_preparation,target,t,commuting,B_400_0.5,B,400,0.5,constrained,244,218,156,0,156.0,39,0,39,0,0,36.0,8.67,0.9881,18,2.17,94184,386,0.3297,351,0.3048,341,0.3607,1
qt_aliassamp16,qualtran,state_preparation,target,t,commuting_pace1,B_400_0.5,B,400,0.5,constrained,359,349,156,0,156.0,10,0,10,0,0,4.0,4.0,0.0,39,1.355,138574,386,0.2241,351,-0.0228,341,-0.0235,0
qt_aliassamp16,qualtran,state_preparation,target,t,commuting_pace2,B_400_0.5,B,400,0.5,constrained,271,261,156,0,156.0,10,0,10,0,0,8.0,6.0,0.3333,26,1.812,104606,386,0.2968,351,0.2279,341,0.2346,0
qt_aliassamp16,qualtran,state_preparation,target,t,commuting_pace4,B_400_0.5,B,400,0.5,constrained,247,235,156,0,156.0,16,0,16,0,0,16.0,7.8,0.6379,20,2.013,95342,386,0.3257,351,0.2963,341,0.3109,0
qt_aliassamp16,qualtran,state_preparation,target,t,commuting_pace8,B_400_0.5,B,400,0.5,constrained,244,225,156,0,156.0,37,0,37,0,0,28.0,8.21,0.8581,19,2.102,94184,386,0.3297,351,0.3048,341,0.3402,0
qt_aliassamp16,qualtran,state_preparation,target,t,conventional,B_400_0.5,B,400,0.5,constrained,351,341,156,0,156.0,10,0,10,0,0,24.0,7.09,0.7593,22,1.387,135486,386,0.2292,351,0.0,341,0.0,0
qt_aliassamp16,qualtran,state_preparation,target,t,conventional_pace4,B_400_0.5,B,400,0.5,constrained,362,352,156,0,156.0,10,0,10,0,0,16.0,6.5,0.5565,24,1.344,139732,386,0.2222,351,-0.0313,341,-0.0323,0
qt_aliassamp16,qualtran,state_preparation,target,t,commuting,C_400_0.5,C,400,0.5,constrained,230,218,156,0,156.0,21,0,21,0,0,36.0,8.67,0.9881,18,2.17,90620,394,0.3497,347,0.3372,341,0.3607,0
qt_aliassamp16,qualtran,state_preparation,target,t,commuting_pace1,C_400_0.5,C,400,0.5,constrained,355,349,156,0,156.0,6,0,6,0,0,4.0,4.0,0.0,39,1.355,139870,394,0.2266,347,-0.0231,341,-0.0235,0
qt_aliassamp16,qualtran,state_preparation,target,t,commuting_pace2,C_400_0.5,C,400,0.5,constrained,267,261,156,0,156.0,6,0,6,0,0,8.0,6.0,0.3333,26,1.812,105198,394,0.3013,347,0.2305,341,0.2346,0
qt_aliassamp16,qualtran,state_preparation,target,t,commuting_pace4,C_400_0.5,C,400,0.5,constrained,243,235,156,0,156.0,10,0,10,0,0,16.0,7.8,0.6379,20,2.013,95742,394,0.331,347,0.2997,341,0.3109,0
qt_aliassamp16,qualtran,state_preparation,target,t,commuting_pace8,C_400_0.5,C,400,0.5,constrained,235,225,156,0,156.0,20,0,20,0,0,28.0,8.21,0.8581,19,2.102,92590,394,0.3423,347,0.3228,341,0.3402,0
qt_aliassamp16,qualtran,state_preparation,target,t,conventional,C_400_0.5,C,400,0.5,constrained,347,341,156,0,156.0,6,0,6,0,0,24.0,7.09,0.7593,22,1.387,136718,394,0.2318,347,0.0,341,0.0,0
qt_aliassamp16,qualtran,state_preparation,target,t,conventional_pace4,C_400_0.5,C,400,0.5,constrained,358,352,156,0,156.0,6,0,6,0,0,16.0,6.5,0.5565,24,1.344,141052,394,0.2247,347,-0.0317,341,-0.0323,0
qt_aliassamp8,qualtran,state_preparation,target,ccz,commuting,A_200_0.5,A,200,0.5,constrained,235,113,0,33,66.0,0,178,178,153,0,26.0,6.6,1.1097,10,3.31,40185,171,0.2439,242,0.0289,134,0.1567,1
qt_aliassamp8,qualtran,state_preparation,target,ccz,commuting_pace1,A_200_0.5,A,200,0.5,constrained,239,213,0,33,66.0,0,26,26,157,0,2.0,2.0,0.0,33,1.756,40869,171,0.2398,242,0.0124,134,-0.5896,1
qt_aliassamp8,qualtran,state_preparation,target,ccz,commuting_pace2,A_200_0.5,A,200,0.5,constrained,235,143,0,33,66.0,0,158,158,153,0,4.0,3.67,0.2033,18,2.615,40185,171,0.2439,242,0.0289,134,-0.0672,1
qt_aliassamp8,qualtran,state_preparation,target,ccz,commuting_pace4,A_200_0.5,A,200,0.5,constrained,235,123,0,33,66.0,0,172,172,153,0,8.0,5.08,0.4264,13,3.041,40185,171,0.2439,242,0.0289,134,0.0821,1
qt_aliassamp8,qualtran,state_preparation,target,ccz,commuting_pace8,A_200_0.5,A,200,0.5,constrained,235,113,0,33,66.0,0,178,178,153,0,14.0,6.6,0.6068,10,3.31,40185,171,0.2439,242,0.0289,134,0.1567,1
qt_aliassamp8,qualtran,state_preparation,target,ccz,conventional,A_200_0.5,A,200,0.5,constrained,242,134,0,33,66.0,0,169,169,159,0,14.0,5.08,0.855,13,2.791,41382,171,0.2368,242,0.0,134,0.0,1
qt_aliassamp8,qualtran,state_preparation,target,ccz,conventional_pace4,A_200_0.5,A,200,0.5,constrained,242,143,0,33,66.0,0,157,157,159,0,8.0,4.12,0.5275,16,2.615,41382,171,0.2368,242,0.0,134,-0.0672,1
qt_aliassamp8,qualtran,state_preparation,target,ccz,commuting,A_3200_0.5,A,3200,0.5,abundant,114,113,0,33,66.0,0,4,4,1353,339,26.0,6.6,1.1097,10,3.31,362406,3179,0.0282,135,0.1556,134,0.1567,0
qt_aliassamp8,qualtran,state_preparation,target,ccz,commuting_pace1,A_3200_0.5,A,3200,0.5,abundant,214,213,0,33,66.0,0,1,1,2671,705,2.0,2.0,0.0,33,1.756,680306,3179,0.015,135,-0.5852,134,-0.5896,0
qt_aliassamp8,qualtran,state_preparation,target,ccz,commuting_pace2,A_3200_0.5,A,3200,0.5,abundant,144,143,0,33,66.0,0,1,1,1748,449,4.0,3.67,0.2033,18,2.615,457776,3179,0.0223,135,-0.0667,134,-0.0672,0
qt_aliassamp8,qualtran,state_preparation,target,ccz,commuting_pace4,A_3200_0.5,A,3200,0.5,abundant,124,123,0,33,66.0,0,1,1,1484,375,8.0,5.08,0.4264,13,3.041,394196,3179,0.0259,135,0.0815,134,0.0821,0
qt_aliassamp8,qualtran,state_preparation,target,ccz,commuting_pace8,A_3200_0.5,A,3200,0.5,abundant,114,113,0,33,66.0,0,2,2,1353,339,14.0,6.6,0.6068,10,3.31,362406,3179,0.0282,135,0.1556,134,0.1567,0
qt_aliassamp8,qualtran,state_preparation,target,ccz,conventional,A_3200_0.5,A,3200,0.5,abundant,135,134,0,33,66.0,0,2,2,1629,416,14.0,5.08,0.855,13,2.791,429165,3179,0.0238,135,0.0,134,0.0,0
qt_aliassamp8,qualtran,state_preparation,target,ccz,conventional_pace4,A_3200_0.5,A,3200,0.5,abundant,144,143,0,33,66.0,0,1,1,1748,449,8.0,4.12,0.5275,16,2.615,457776,3179,0.0223,135,-0.0667,134,-0.0672,0
qt_aliassamp8,qualtran,state_preparation,target,ccz,commuting,A_400_0.25,A,400,0.25,constrained,235,113,0,33,66.0,0,178,178,523,0,26.0,6.6,1.1097,10,3.31,86715,369,0.1007,242,0.0289,134,0.1567,1
qt_aliassamp8,qualtran,state_preparation,target,ccz,commuting_pace1,A_400_0.25,A,400,0.25,constrained,239,213,0,33,66.0,0,26,26,533,0,2.0,2.0,0.0,33,1.756,88191,369,0.0991,242,0.0124,134,-0.5896,1
qt_aliassamp8,qualtran,state_preparation,target,ccz,commuting_pace2,A_400_0.25,A,400,0.25,constrained,235,143,0,33,66.0,0,158,158,523,0,4.0,3.67,0.2033,18,2.615,86715,369,0.1007,242,0.0289,134,-0.0672,1
qt_aliassamp8,qualtran,state_preparation,target,ccz,commuting_pace4,A_400_0.25,A,400,0.25,constrained,235,123,0,33,66.0,0,172,172,523,0,8.0,5.08,0.4264,13,3.041,86715,369,0.1007,242,0.0289,134,0.0821,1
qt_aliassamp8,qualtran,state_preparation,target,ccz,commuting_pace8,A_400_0.25,A,400,0.25,constrained,235,113,0,33,66.0,0,178,178,523,0,14.0,6.6,0.6068,10,3.31,86715,369,0.1007,242,0.0289,134,0.1567,1
qt_aliassamp8,qualtran,state_preparation,target,ccz,conventional,A_400_0.25,A,400,0.25,constrained,242,134,0,33,66.0,0,169,169,540,0,14.0,5.08,0.855,13,2.791,89298,369,0.0978,242,0.0,134,0.0,1
qt_aliassamp8,qualtran,state_preparation,target,ccz,conventional_pace4,A_400_0.25,A,400,0.25,constrained,242,143,0,33,66.0,0,157,157,540,0,8.0,4.12,0.5275,16,2.615,89298,369,0.0978,242,0.0,134,-0.0672,1
qt_aliassamp8,qualtran,state_preparation,target,ccz,commuting,A_400_0.5,A,400,0.5,constrained,118,113,0,33,66.0,0,47,47,147,0,26.0,6.6,1.1097,10,3.31,48852,414,0.2122,138,0.1449,134,0.1567,0
qt_aliassamp8,qualtran,state_preparation,target,ccz,commuting_pace1,A_400_0.5,A,400,0.5,constrained,214,213,0,33,66.0,0,1,1,304,40,2.0,2.0,0.0,33,1.756,88596,414,0.117,138,-0.5507,134,-0.5896,0
qt_aliassamp8,qualtran,state_preparation,target,ccz,commuting_pace2,A_400_0.5,A,400,0.5,constrained,144,143,0,33,66.0,0,1,1,189,5,4.0,3.67,0.2033,18,2.615,59616,414,0.1739,138,-0.0435,134,-0.0672,0
qt_aliassamp8,qualtran,state_preparation,target,ccz,commuting_pace4,A_400_0.5,A,400,0.5,constrained,129,123,0,33,66.0,0,29,29,165,0,8.0,5.08,0.4264,13,3.041,53406,414,0.1941,138,0.0652,134,0.0821,0
qt_aliassamp8,qualtran,state_preparation,target,ccz,commuting_pace8,A_400_0.5,A,400,0.5,constrained,118,113,0,33,66.0,0,47,47,147,0,14.0,6.6,0.6068,10,3.31,48852,414,0.2122,138,0.1449,134,0.1567,0
qt_aliassamp8,qualtran,state_preparation,target,ccz,conventional,A_400_0.5,A,400,0.5,constrained,138,134,0,33,66.0,0,38,38,180,2,14.0,5.08,0.855,13,2.791,57132,414,0.1814,138,0.0,134,0.0,0
qt_aliassamp8,qualtran,state_preparation,target,ccz,conventional_pace4,A_400_0.5,A,400,0.5,constrained,148,143,0,33,66.0,0,28,28,196,7,8.0,4.12,0.5275,16,2.615,61272,414,0.1692,138,-0.0725,134,-0.0672,0
qt_aliassamp8,qualtran,state_preparation,target,ccz,commuting,A_400_0.75,A,400,0.75,constrained,117,113,0,33,66.0,0,30,30,57,11,26.0,6.6,1.1097,10,3.31,45279,387,0.2622,136,0.1397,134,0.1567,0
qt_aliassamp8,qualtran,state_preparation,target,ccz,commuting_pace1,A_400_0.75,A,400,0.75,constrained,214,213,0,33,66.0,0,1,1,136,75,2.0,2.0,0.0,33,1.756,82818,387,0.1433,136,-0.5735,134,-0.5896,0
qt_aliassamp8,qualtran,state_preparation,target,ccz,commuting_pace2,A_400_0.75,A,400,0.75,constrained,144,143,0,33,66.0,0,1,1,79,29,4.0,3.67,0.2033,18,2.615,55728,387,0.213,136,-0.0588,134,-0.0672,0
qt_aliassamp8,qualtran,state_preparation,target,ccz,commuting_pace4,A_400_0.75,A,400,0.75,constrained,125,123,0,33,66.0,0,14,14,63,16,8.0,5.08,0.4264,13,3.041,48375,387,0.2454,136,0.0809,134,0.0821,0
qt_aliassamp8,qualtran,state_preparation,target,ccz,commuting_pace8,A_400_0.75,A,400,0.75,constrained,115,113,0,33,66.0,0,29,29,55,9,14.0,6.6,0.6068,10,3.31,44505,387,0.2667,136,0.1544,134,0.1567,0
qt_aliassamp8,qualtran,state_preparation,target,ccz,conventional,A_400_0.75,A,400,0.75,constrained,136,134,0,33,66.0,0,22,22,72,23,14.0,5.08,0.855,13,2.791,52632,387,0.2256,136,0.0,134,0.0,0
qt_aliassamp8,qualtran,state_preparation,target,ccz,conventional_pace4,A_400_0.75,A,400,0.75,constrained,145,143,0,33,66.0,0,13,13,80,29,8.0,4.12,0.5275,16,2.615,56115,387,0.2116,136,-0.0662,134,-0.0672,0
qt_aliassamp8,qualtran,state_preparation,target,ccz,commuting,A_800_0.5,A,800,0.5,moderate,114,113,0,33,66.0,0,14,14,312,45,26.0,6.6,1.1097,10,3.31,94392,828,0.1098,135,0.1556,134,0.1567,0
qt_aliassamp8,qualtran,state_preparation,target,ccz,commuting_pace1,A_800_0.5,A,800,0.5,moderate,214,213,0,33,66.0,0,1,1,639,145,2.0,2.0,0.0,33,1.756,177192,828,0.0585,135,-0.5852,134,-0.5896,0
qt_aliassamp8,qualtran,state_preparation,target,ccz,commuting_pace2,A_800_0.5,A,800,0.5,moderate,144,143,0,33,66.0,0,1,1,410,75,4.0,3.67,0.2033,18,2.615,119232,828,0.0869,135,-0.0667,134,-0.0672,0
qt_aliassamp8,qualtran,state_preparation,target,ccz,commuting_pace4,A_800_0.5,A,800,0.5,moderate,124,123,0,33,66.0,0,3,3,345,55,8.0,5.08,0.4264,13,3.041,102672,828,0.1009,135,0.0815,134,0.0821,0
qt_aliassamp8,qualtran,state_preparation,target,ccz,commuting_pace8,A_800_0.5,A,800,0.5,moderate,114,113,0,33,66.0,0,13,13,312,45,14.0,6.6,0.6068,10,3.31,94392,828,0.1098,135,0.1556,134,0.1567,0
qt_aliassamp8,qualtran,state_preparation,target,ccz,conventional,A_800_0.5,A,800,0.5,moderate,135,134,0,33,66.0,0,14,14,381,66,14.0,5.08,0.855,13,2.791,111780,828,0.0927,135,0.0,134,0.0,0
qt_aliassamp8,qualtran,state_preparation,target,ccz,conventional_pace4,A_800_0.5,A,800,0.5,moderate,144,143,0,33,66.0,0,3,3,410,75,8.0,4.12,0.5275,16,2.615,119232,828,0.0869,135,-0.0667,134,-0.0672,0
qt_aliassamp8,qualtran,state_preparation,target,ccz,commuting,B_400_0.5,B,400,0.5,constrained,145,113,0,33,66.0,0,82,82,0,0,26.0,6.6,1.1097,10,3.31,55970,386,0.2347,158,0.0823,134,0.1567,1
qt_aliassamp8,qualtran,state_preparation,target,ccz,commuting_pace1,B_400_0.5,B,400,0.5,constrained,217,213,0,33,66.0,0,4,4,0,0,2.0,2.0,0.0,33,1.756,83762,386,0.1568,158,-0.3734,134,-0.5896,0
qt_aliassamp8,qualtran,state_preparation,target,ccz,commuting_pace2,B_400_0.5,B,400,0.5,constrained,153,143,0,33,66.0,0,16,16,0,0,4.0,3.67,0.2033,18,2.615,59058,386,0.2224,158,0.0316,134,-0.0672,0
qt_aliassamp8,qualtran,state_preparation,target,ccz,commuting_pace4,B_400_0.5,B,400,0.5,constrained,150,123,0,33,66.0,0,64,64,0,0,8.0,5.08,0.4264,13,3.041,57900,386,0.2269,158,0.0506,134,0.0821,1
qt_aliassamp8,qualtran,state_preparation,target,ccz,commuting_pace8,B_400_0.5,B,400,0.5,constrained,145,113,0,33,66.0,0,82,82,0,0,14.0,6.6,0.6068,10,3.31,55970,386,0.2347,158,0.0823,134,0.1567,1
qt_aliassamp8,qualtran,state_preparation,target,ccz,conventional,B_400_0.5,B,400,0.5,constrained,158,134,0,33,66.0,0,75,75,0,0,14.0,5.08,0.855,13,2.791,60988,386,0.2154,158,0.0,134,0.0,1
qt_aliassamp8,qualtran,state_preparation,target,ccz,conventional_pace4,B_400_0.5,B,400,0.5,constrained,167,143,0,33,66.0,0,56,56,0,0,8.0,4.12,0.5275,16,2.615,64462,386,0.2038,158,-0.057,134,-0.0672,1
qt_aliassamp8,qualtran,state_preparation,target,ccz,commuting,C_400_0.5,C,400,0.5,constrained,146,113,0,33,66.0,0,83,83,0,0,26.0,6.6,1.1097,10,3.31,57524,394,0.2331,158,0.0759,134,0.1567,1
qt_aliassamp8,qualtran,state_preparation,target,ccz,commuting_pace1,C_400_0.5,C,400,0.5,constrained,217,213,0,33,66.0,0,4,4,0,0,2.0,2.0,0.0,33,1.756,85498,394,0.1568,158,-0.3734,134,-0.5896,0
qt_aliassamp8,qualtran,state_preparation,target,ccz,commuting_pace2,C_400_0.5,C,400,0.5,constrained,153,143,0,33,66.0,0,21,21,0,0,4.0,3.67,0.2033,18,2.615,60282,394,0.2224,158,0.0316,134,-0.0672,0
qt_aliassamp8,qualtran,state_preparation,target,ccz,commuting_pace4,C_400_0.5,C,400,0.5,constrained,150,123,0,33,66.0,0,66,66,0,0,8.0,5.08,0.4264,13,3.041,59100,394,0.2269,158,0.0506,134,0.0821,1
qt_aliassamp8,qualtran,state_preparation,target,ccz,commuting_pace8,C_400_0.5,C,400,0.5,constrained,146,113,0,33,66.0,0,83,83,0,0,14.0,6.6,0.6068,10,3.31,57524,394,0.2331,158,0.0759,134,0.1567,1
qt_aliassamp8,qualtran,state_preparation,target,ccz,conventional,C_400_0.5,C,400,0.5,constrained,158,134,0,33,66.0,0,76,76,0,0,14.0,5.08,0.855,13,2.791,62252,394,0.2154,158,0.0,134,0.0,1
qt_aliassamp8,qualtran,state_preparation,target,ccz,conventional_pace4,C_400_0.5,C,400,0.5,constrained,167,143,0,33,66.0,0,57,57,0,0,8.0,4.12,0.5275,16,2.615,65798,394,0.2038,158,-0.057,134,-0.0672,1
qt_aliassamp8,qualtran,state_preparation,target,t,commuting,A_200_0.5,A,200,0.5,constrained,212,133,132,0,132.0,144,0,144,3,3,52.0,13.2,1.1097,10,2.812,36252,171,0.5407,224,0.0536,160,0.1688,1
qt_aliassamp8,qualtran,state_preparation,target,t,commuting_pace1,A_200_0.5,A,200,0.5,constrained,286,279,132,0,132.0,7,0,7,63,15,4.0,4.0,0.0,33,1.341,48906,171,0.4008,224,-0.2768,160,-0.7438,0
qt_aliassamp8,qualtran,state_preparation,target,t,commuting_pace2,A_200_0.5,A,200,0.5,constrained,213,179,132,0,132.0,59,0,59,3,3,8.0,7.33,0.2033,18,2.089,36423,171,0.5382,224,0.0491,160,-0.1187,1
qt_aliassamp8,qualtran,state_preparation,target,t,commuting_pace4,A_200_0.5,A,200,0.5,constrained,212,149,132,0,132.0,131,0,131,3,3,16.0,10.15,0.4264,13,2.51,36252,171,0.5407,224,0.0536,160,0.0688,1
qt_aliassamp8,qualtran,state_preparation,target,t,commuting_pace8,A_200_0.5,A,200,0.5,constrained,212,133,132,0,132.0,144,0,144,3,3,28.0,13.2,0.6068,10,2.812,36252,171,0.5407,224,0.0536,160,0.1688,1
qt_aliassamp8,qualtran,state_preparation,target,t,conventional,A_200_0.5,A,200,0.5,constrained,224,160,132,0,132.0,135,0,135,12,5,28.0,10.15,0.855,13,2.337,38304,171,0.5117,224,0.0,160,0.0,1
qt_aliassamp8,qualtran,state_preparation,target,t,conventional_pace4,A_200_0.5,A,200,0.5,constrained,230,175,132,0,132.0,121,0,121,17,6,16.0,8.25,0.5275,16,2.137,39330,171,0.4984,224,-0.0268,160,-0.0938,1
qt_aliassamp8,qualtran,state_preparation,target,t,commuting,A_3200_0.5,A,3200,0.5,abundant,139,133,132,0,132.0,7,0,7,1550,463,52.0,13.2,1.1097,10,2.812,441881,3179,0.0463,166,0.1627,160,0.1688,0
qt_aliassamp8,qualtran,state_preparation,target,t,commuting_pace1,A_3200_0.5,A,3200,0.5,abundant,285,279,132,0,132.0,6,0,6,3475,999,4.0,4.0,0.0,33,1.341,906015,3179,0.0226,166,-0.7169,160,-0.7438,0
qt_aliassamp8,qualtran,state_preparation,target,t,commuting_pace2,A_3200_0.5,A,3200,0.5,abundant,185,179,132,0,132.0,6,0,6,2156,632,8.0,7.33,0.2033,18,2.089,588115,3179,0.0348,166,-0.1145,160,-0.1187,0
qt_aliassamp8,qualtran,state_preparation,target,t,commuting_pace4,A_3200_0.5,A,3200,0.5,abundant,155,149,132,0,132.0,6,0,6,1761,522,16.0,10.15,0.4264,13,2.51,492745,3179,0.0415,166,0.0663,160,0.0688,0
qt_aliassamp8,qualtran,state_preparation,target,t,commuting_pace8,A_3200_0.5,A,3200,0.5,abundant,139,133,132,0,132.0,6,0,6,1550,463,28.0,13.2,0.6068,10,2.812,441881,3179,0.0463,166,0.1627,160,0.1688,0
qt_aliassamp8,qualtran,state_preparation,target,t,conventional,A_3200_0.5,A,3200,0.5,abundant,166,160,132,0,132.0,6,0,6,1906,562,28.0,10.15,0.855,13,2.337,527714,3179,0.0388,166,0.0,160,0.0,0
qt_aliassamp8,qualtran,state_preparation,target,t,conventional_pace4,A_3200_0.5,A,3200,0.5,abundant,181,175,132,0,132.0,6,0,6,2104,617,16.0,8.25,0.5275,16,2.137,575399,3179,0.0355,166,-0.0904,160,-0.0938,0
qt_aliassamp8,qualtran,state_preparation,target,t,commuting,A_400_0.25,A,400,0.25,constrained,139,133,132,0,132.0,30,0,30,156,0,52.0,13.2,1.1097,10,2.812,51291,369,0.3406,166,0.1627,160,0.1688,0
qt_aliassamp8,qualtran,state_preparation,target,t,commuting_pace1,A_400_0.25,A,400,0.25,constrained,285,279,132,0,132.0,6,0,6,514,15,4.0,4.0,0.0,33,1.341,105165,369,0.1661,166,-0.7169,160,-0.7438,0
qt_aliassamp8,qualtran,state_preparation,target,t,commuting_pace2,A_400_0.25,A,400,0.25,constrained,185,179,132,0,132.0,6,0,6,268,0,8.0,7.33,0.2033,18,2.089,68265,369,0.2559,166,-0.1145,160,-0.1187,0
qt_aliassamp8,qualtran,state_preparation,target,t,commuting_pace4,A_400_0.25,A,400,0.25,constrained,155,149,132,0,132.0,8,0,8,195,0,16.0,10.15,0.4264,13,2.51,57195,369,0.3055,166,0.0663,160,0.0688,0
qt_aliassamp8,qualtran,state_preparation,target,t,commuting_pace8,A_400_0.25,A,400,0.25,constrained,139,133,132,0,132.0,30,0,30,156,0,28.0,13.2,0.6068,10,2.812,51291,369,0.3406,166,0.1627,160,0.1688,0
qt_aliassamp8,qualtran,state_preparation,target,t,conventional,A_400_0.25,A,400,0.25,constrained,166,160,132,0,132.0,28,0,28,222,0,28.0,10.15,0.855,13,2.337,61254,369,0.2852,166,0.0,160,0.0,0
qt_aliassamp8,qualtran,state_preparation,target,t,conventional_pace4,A_400_0.25,A,400,0.25,constrained,181,175,132,0,132.0,8,0,8,259,0,16.0,8.25,0.5275,16,2.137,66789,369,0.2616,166,-0.0904,160,-0.0938,0
qt_aliassamp8,qualtran,state_preparation,target,t,commuting,A_400_0.5,A,400,0.5,constrained,145,133,132,0,132.0,62,0,62,59,39,52.0,13.2,1.1097,10,2.812,60030,414,0.3453,168,0.1369,160,0.1688,0
qt_aliassamp8,qualtran,state_preparation,target,t,commuting_pace1,A_400_0.5,A,400,0.5,constrained,285,279,132,0,132.0,6,0,6,288,109,4.0,4.0,0.0,33,1.341,117990,414,0.1757,168,-0.6964,160,-0.7438,0
qt_aliassamp8,qualtran,state_preparation,target,t,commuting_pace2,A_400_0.5,A,400,0.5,constrained,185,179,132,0,132.0,6,0,6,124,59,8.0,7.33,0.2033,18,2.089,76590,414,0.2706,168,-0.1012,160,-0.1187,0
qt_aliassamp8,qualtran,state_preparation,target,t,commuting_pace4,A_400_0.5,A,400,0.5,constrained,158,149,132,0,132.0,34,0,34,80,45,16.0,10.15,0.4264,13,2.51,65412,414,0.3169,168,0.0595,160,0.0688,0
qt_aliassamp8,qualtran,state_preparation,target,t,commuting_pace8,A_400_0.5,A,400,0.5,constrained,145,133,132,0,132.0,60,0,60,59,39,28.0,13.2,0.6068,10,2.812,60030,414,0.3453,168,0.1369,160,0.1688,0
qt_aliassamp8,qualtran,state_preparation,target,t,conventional,A_400_0.5,A,400,0.5,constrained,168,160,132,0,132.0,49,0,49,97,50,28.0,10.15,0.855,13,2.337,69552,414,0.298,168,0.0,160,0.0,0
qt_aliassamp8,qualtran,state_preparation,target,t,conventional_pace4,A_400_0.5,A,400,0.5,constrained,184,175,132,0,132.0,33,0,33,123,58,16.0,8.25,0.5275,16,2.137,76176,414,0.2721,168,-0.0952,160,-0.0938,0
qt_aliassamp8,qualtran,state_preparation,target,t,commuting,A_400_0.75,A,400,0.75,constrained,212,133,132,0,132.0,144,0,144,3,107,52.0,13.2,1.1097,10,2.812,82044,387,0.2894,224,0.0536,160,0.1688,1
qt_aliassamp8,qualtran,state_preparation,target,t,commuting_pace1,A_400_0.75,A,400,0.75,constrained,286,279,132,0,132.0,7,0,7,63,156,4.0,4.0,0.0,33,1.341,110682,387,0.2145,224,-0.2768,160,-0.7438,0
qt_aliassamp8,qualtran,state_preparation,target,t,commuting_pace2,A_400_0.75,A,400,0.75,constrained,213,179,132,0,132.0,59,0,59,3,108,8.0,7.33,0.2033,18,2.089,82431,387,0.288,224,0.0491,160,-0.1187,1
qt_aliassamp8,qualtran,state_preparation,target,t,commuting_pace4,A_400_0.75,A,400,0.75,constrained,212,149,132,0,132.0,131,0,131,3,107,16.0,10.15,0.4264,13,2.51,82044,387,0.2894,224,0.0536,160,0.0688,1
qt_aliassamp8,qualtran,state_preparation,target,t,commuting_pace8,A_400_0.75,A,400,0.75,constrained,212,133,132,0,132.0,144,0,144,3,107,28.0,13.2,0.6068,10,2.812,82044,387,0.2894,224,0.0536,160,0.1688,1
qt_aliassamp8,qualtran,state_preparation,target,t,conventional,A_400_0.75,A,400,0.75,constrained,224,160,132,0,132.0,135,0,135,12,115,28.0,10.15,0.855,13,2.337,86688,387,0.2739,224,0.0,160,0.0,1
qt_aliassamp8,qualtran,state_preparation,target,t,conventional_pace4,A_400_0.75,A,400,0.75,constrained,230,175,132,0,132.0,121,0,121,17,119,16.0,8.25,0.5275,16,2.137,89010,387,0.2667,224,-0.0268,160,-0.0938,1
qt_aliassamp8,qualtran,state_preparation,target,t,commuting,A_800_0.5,A,800,0.5,moderate,139,133,132,0,132.0,22,0,22,262,103,52.0,13.2,1.1097,10,2.812,115092,828,0.1801,166,0.1627,160,0.1688,0
qt_aliassamp8,qualtran,state_preparation,target,t,commuting_pace1,A_800_0.5,A,800,0.5,moderate,285,279,132,0,132.0,6,0,6,740,249,4.0,4.0,0.0,33,1.341,235980,828,0.0878,166,-0.7169,160,-0.7438,0
qt_aliassamp8,qualtran,state_preparation,target,t,commuting_pace2,A_800_0.5,A,800,0.5,moderate,185,179,132,0,132.0,6,0,6,412,149,8.0,7.33,0.2033,18,2.089,153180,828,0.1353,166,-0.1145,160,-0.1187,0
qt_aliassamp8,qualtran,state_preparation,target,t,commuting_pace4,A_800_0.5,A,800,0.5,moderate,155,149,132,0,132.0,7,0,7,314,119,16.0,10.15,0.4264,13,2.51,128340,828,0.1615,166,0.0663,160,0.0688,0
qt_aliassamp8,qualtran,state_preparation,target,t,commuting_pace8,A_800_0.5,A,800,0.5,moderate,139,133,132,0,132.0,17,0,17,262,103,28.0,13.2,0.6068,10,2.812,115092,828,0.1801,166,0.1627,160,0.1688,0
qt_aliassamp8,qualtran,state_preparation,target,t,conventional,A_800_0.5,A,800,0.5,moderate,166,160,132,0,132.0,18,0,18,350,130,28.0,10.15,0.855,13,2.337,137448,828,0.1508,166,0.0,160,0.0,0
qt_aliassamp8,qualtran,state_preparation,target,t,conventional_pace4,A_800_0.5,A,800,0.5,moderate,181,175,132,0,132.0,7,0,7,399,145,16.0,8.25,0.5275,16,2.137,149868,828,0.1383,166,-0.0904,160,-0.0938,0
qt_aliassamp8,qualtran,state_preparation,target,t,commuting,B_400_0.5,B,400,0.5,constrained,163,133,132,0,132.0,92,0,92,0,0,52.0,13.2,1.1097,10,2.812,62918,386,0.4176,180,0.0944,160,0.1688,1
qt_aliassamp8,qualtran,state_preparation,target,t,commuting_pace1,B_400_0.5,B,400,0.5,constrained,289,279,132,0,132.0,10,0,10,0,0,4.0,4.0,0.0,33,1.341,111554,386,0.2355,180,-0.6056,160,-0.7438,0
qt_aliassamp8,qualtran,state_preparation,target,t,commuting_pace2,B_400_0.5,B,400,0.5,constrained,189,179,132,0,132.0,10,0,10,0,0,8.0,7.33,0.2033,18,2.089,72954,386,0.3601,180,-0.05,160,-0.1187,0
qt_aliassamp8,qualtran,state_preparation,target,t,commuting_pace4,B_400_0.5,B,400,0.5,constrained,170,149,132,0,132.0,66,0,66,0,0,16.0,10.15,0.4264,13,2.51,65620,386,0.4004,180,0.0556,160,0.0688,1
qt_aliassamp8,qualtran,state_preparation,target,t,commuting_pace8,B_400_0.5,B,400,0.5,constrained,163,133,132,0,132.0,92,0,92,0,0,28.0,13.2,0.6068,10,2.812,62918,386,0.4176,180,0.0944,160,0.1688,1
qt_aliassamp8,qualtran,state_preparation,target,t,conventional,B_400_0.5,B,400,0.5,constrained,180,160,132,0,132.0,82,0,82,0,0,28.0,10.15,0.855,13,2.337,69480,386,0.3781,180,0.0,160,0.0,1
qt_aliassamp8,qualtran,state_preparation,target,t,conventional_pace4,B_400_0.5,B,400,0.5,constrained,197,175,132,0,132.0,62,0,62,0,0,16.0,8.25,0.5275,16,2.137,76042,386,0.3455,180,-0.0944,160,-0.0938,1
qt_aliassamp8,qualtran,state_preparation,target,t,commuting,C_400_0.5,C,400,0.5,constrained,160,133,132,0,132.0,88,0,88,0,0,52.0,13.2,1.1097,10,2.812,63040,394,0.4254,177,0.096,160,0.1688,1
qt_aliassamp8,qualtran,state_preparation,target,t,commuting_pace1,C_400_0.5,C,400,0.5,constrained,285,279,132,0,132.0,6,0,6,0,0,4.0,4.0,0.0,33,1.341,112290,394,0.2388,177,-0.6102,160,-0.7438,0
qt_aliassamp8,qualtran,state_preparation,target,t,commuting_pace2,C_400_0.5,C,400,0.5,constrained,185,179,132,0,132.0,6,0,6,0,0,8.0,7.33,0.2033,18,2.089,72890,394,0.3679,177,-0.0452,160,-0.1187,0
qt_aliassamp8,qualtran,state_preparation,target,t,commuting_pace4,C_400_0.5,C,400,0.5,constrained,167,149,132,0,132.0,62,0,62,0,0,16.0,10.15,0.4264,13,2.51,65798,394,0.4076,177,0.0565,160,0.0688,1
qt_aliassamp8,qualtran,state_preparation,target,t,commuting_pace8,C_400_0.5,C,400,0.5,constrained,160,133,132,0,132.0,87,0,87,0,0,28.0,13.2,0.6068,10,2.812,63040,394,0.4254,177,0.096,160,0.1688,1
qt_aliassamp8,qualtran,state_preparation,target,t,conventional,C_400_0.5,C,400,0.5,constrained,177,160,132,0,132.0,76,0,76,0,0,28.0,10.15,0.855,13,2.337,69738,394,0.3845,177,0.0,160,0.0,1
qt_aliassamp8,qualtran,state_preparation,target,t,conventional_pace4,C_400_0.5,C,400,0.5,constrained,195,175,132,0,132.0,60,0,60,0,0,16.0,8.25,0.5275,16,2.137,76830,394,0.349,177,-0.1017,160,-0.0938,1
qt_halfgt8,qualtran,comparator,target,ccz,commuting,A_200_0.5,A,200,0.5,constrained,62,61,0,8,16.0,0,1,1,12,0,2.0,2.0,0.0,8,1.279,10602,171,0.2241,70,0.1143,70,0.1286,0
qt_halfgt8,qualtran,comparator,target,ccz,commuting_pace1,A_200_0.5,A,200,0.5,constrained,62,61,0,8,16.0,0,1,1,12,0,2.0,2.0,0.0,8,1.279,10602,171,0.2241,70,0.1143,70,0.1286,0
qt_halfgt8,qualtran,comparator,target,ccz,commuting_pace2,A_200_0.5,A,200,0.5,constrained,62,61,0,8,16.0,0,1,1,12,0,2.0,2.0,0.0,8,1.279,10602,171,0.2241,70,0.1143,70,0.1286,0
qt_halfgt8,qualtran,comparator,target,ccz,commuting_pace4,A_200_0.5,A,200,0.5,constrained,62,61,0,8,16.0,0,1,1,12,0,2.0,2.0,0.0,8,1.279,10602,171,0.2241,70,0.1143,70,0.1286,0
qt_halfgt8,qualtran,comparator,target,ccz,commuting_pace8,A_200_0.5,A,200,0.5,constrained,62,61,0,8,16.0,0,1,1,12,0,2.0,2.0,0.0,8,1.279,10602,171,0.2241,70,0.1143,70,0.1286,0
qt_halfgt8,qualtran,comparator,target,ccz,conventional,A_200_0.5,A,200,0.5,constrained,70,70,0,8,16.0,0,0,0,18,0,2.0,2.0,0.0,8,1.114,11970,171,0.1985,70,0.0,70,0.0,0
qt_halfgt8,qualtran,comparator,target,ccz,conventional_pace4,A_200_0.5,A,200,0.5,constrained,70,70,0,8,16.0,0,0,0,18,0,2.0,2.0,0.0,8,1.114,11970,171,0.1985,70,0.0,70,0.0,0
qt_halfgt8,qualtran,comparator,target,ccz,commuting,A_3200_0.5,A,3200,0.5,abundant,62,61,0,8,16.0,0,1,1,667,173,2.0,2.0,0.0,8,1.279,197098,3179,0.0126,70,0.1143,70,0.1286,0
qt_halfgt8,qualtran,comparator,target,ccz,commuting_pace1,A_3200_0.5,A,3200,0.5,abundant,62,61,0,8,16.0,0,1,1,667,173,2.0,2.0,0.0,8,1.279,197098,3179,0.0126,70,0.1143,70,0.1286,0
qt_halfgt8,qualtran,comparator,target,ccz,commuting_pace2,A_3200_0.5,A,3200,0.5,abundant,62,61,0,8,16.0,0,1,1,667,173,2.0,2.0,0.0,8,1.279,197098,3179,0.0126,70,0.1143,70,0.1286,0
qt_halfgt8,qualtran,comparator,target,ccz,commuting_pace4,A_3200_0.5,A,3200,0.5,abundant,62,61,0,8,16.0,0,1,1,667,173,2.0,2.0,0.0,8,1.279,197098,3179,0.0126,70,0.1143,70,0.1286,0
qt_halfgt8,qualtran,comparator,target,ccz,commuting_pace8,A_3200_0.5,A,3200,0.5,abundant,62,61,0,8,16.0,0,1,1,667,173,2.0,2.0,0.0,8,1.279,197098,3179,0.0126,70,0.1143,70,0.1286,0
qt_halfgt8,qualtran,comparator,target,ccz,conventional,A_3200_0.5,A,3200,0.5,abundant,70,70,0,8,16.0,0,0,0,773,202,2.0,2.0,0.0,8,1.114,222530,3179,0.0111,70,0.0,70,0.0,0
qt_halfgt8,qualtran,comparator,target,ccz,conventional_pace4,A_3200_0.5,A,3200,0.5,abundant,70,70,0,8,16.0,0,0,0,773,202,2.0,2.0,0.0,8,1.114,222530,3179,0.0111,70,0.0,70,0.0,0
qt_halfgt8,qualtran,comparator,target,ccz,commuting,A_400_0.25,A,400,0.25,constrained,62,61,0,8,16.0,0,1,1,99,0,2.0,2.0,0.0,8,1.279,22878,369,0.0926,70,0.1143,70,0.1286,0
qt_halfgt8,qualtran,comparator,target,ccz,commuting_pace1,A_400_0.25,A,400,0.25,constrained,62,61,0,8,16.0,0,1,1,99,0,2.0,2.0,0.0,8,1.279,22878,369,0.0926,70,0.1143,70,0.1286,0
qt_halfgt8,qualtran,comparator,target,ccz,commuting_pace2,A_400_0.25,A,400,0.25,constrained,62,61,0,8,16.0,0,1,1,99,0,2.0,2.0,0.0,8,1.279,22878,369,0.0926,70,0.1143,70,0.1286,0
qt_halfgt8,qualtran,comparator,target,ccz,commuting_pace4,A_400_0.25,A,400,0.25,constrained,62,61,0,8,16.0,0,1,1,99,0,2.0,2.0,0.0,8,1.279,22878,369,0.0926,70,0.1143,70,0.1286,0
qt_halfgt8,qualtran,comparator,target,ccz,commuting_pace8,A_400_0.25,A,400,0.25,constrained,62,61,0,8,16.0,0,1,1,99,0,2.0,2.0,0.0,8,1.279,22878,369,0.0926,70,0.1143,70,0.1286,0
qt_halfgt8,qualtran,comparator,target,ccz,conventional,A_400_0.25,A,400,0.25,constrained,70,70,0,8,16.0,0,0,0,118,0,2.0,2.0,0.0,8,1.114,25830,369,0.082,70,0.0,70,0.0,0
qt_halfgt8,qualtran,comparator,target,ccz,conventional_pace4,A_400_0.25,A,400,0.25,constrained,70,70,0,8,16.0,0,0,0,118,0,2.0,2.0,0.0,8,1.114,25830,369,0.082,70,0.0,70,0.0,0
qt_halfgt8,qualtran,comparator,target,ccz,commuting,A_400_0.5,A,400,0.5,constrained,62,61,0,8,16.0,0,1,1,55,0,2.0,2.0,0.0,8,1.279,25668,414,0.0979,70,0.1143,70,0.1286,0
qt_halfgt8,qualtran,comparator,target,ccz,commuting_pace1,A_400_0.5,A,400,0.5,constrained,62,61,0,8,16.0,0,1,1,55,0,2.0,2.0,0.0,8,1.279,25668,414,0.0979,70,0.1143,70,0.1286,0
qt_halfgt8,qualtran,comparator,target,ccz,commuting_pace2,A_400_0.5,A,400,0.5,constrained,62,61,0,8,16.0,0,1,1,55,0,2.0,2.0,0.0,8,1.279,25668,414,0.0979,70,0.1143,70,0.1286,0
qt_halfgt8,qualtran,comparator,target,ccz,commuting_pace4,A_400_0.5,A,400,0.5,constrained,62,61,0,8,16.0,0,1,1,55,0,2.0,2.0,0.0,8,1.279,25668,414,0.0979,70,0.1143,70,0.1286,0
qt_halfgt8,qualtran,comparator,target,ccz,commuting_pace8,A_400_0.5,A,400,0.5,constrained,62,61,0,8,16.0,0,1,1,55,0,2.0,2.0,0.0,8,1.279,25668,414,0.0979,70,0.1143,70,0.1286,0
qt_halfgt8,qualtran,comparator,target,ccz,conventional,A_400_0.5,A,400,0.5,constrained,70,70,0,8,16.0,0,0,0,68,0,2.0,2.0,0.0,8,1.114,28980,414,0.0867,70,0.0,70,0.0,0
qt_halfgt8,qualtran,comparator,target,ccz,conventional_pace4,A_400_0.5,A,400,0.5,constrained,70,70,0,8,16.0,0,0,0,68,0,2.0,2.0,0.0,8,1.114,28980,414,0.0867,70,0.0,70,0.0,0
qt_halfgt8,qualtran,comparator,target,ccz,commuting,A_400_0.75,A,400,0.75,constrained,62,61,0,8,16.0,0,1,1,12,0,2.0,2.0,0.0,8,1.279,23994,387,0.1199,70,0.1143,70,0.1286,0
qt_halfgt8,qualtran,comparator,target,ccz,commuting_pace1,A_400_0.75,A,400,0.75,constrained,62,61,0,8,16.0,0,1,1,12,0,2.0,2.0,0.0,8,1.279,23994,387,0.1199,70,0.1143,70,0.1286,0
qt_halfgt8,qualtran,comparator,target,ccz,commuting_pace2,A_400_0.75,A,400,0.75,constrained,62,61,0,8,16.0,0,1,1,12,0,2.0,2.0,0.0,8,1.279,23994,387,0.1199,70,0.1143,70,0.1286,0
qt_halfgt8,qualtran,comparator,target,ccz,commuting_pace4,A_400_0.75,A,400,0.75,constrained,62,61,0,8,16.0,0,1,1,12,0,2.0,2.0,0.0,8,1.279,23994,387,0.1199,70,0.1143,70,0.1286,0
qt_halfgt8,qualtran,comparator,target,ccz,commuting_pace8,A_400_0.75,A,400,0.75,constrained,62,61,0,8,16.0,0,1,1,12,0,2.0,2.0,0.0,8,1.279,23994,387,0.1199,70,0.1143,70,0.1286,0
qt_halfgt8,qualtran,comparator,target,ccz,conventional,A_400_0.75,A,400,0.75,constrained,70,70,0,8,16.0,0,0,0,18,4,2.0,2.0,0.0,8,1.114,27090,387,0.1062,70,0.0,70,0.0,0
qt_halfgt8,qualtran,comparator,target,ccz,conventional_pace4,A_400_0.75,A,400,0.75,constrained,70,70,0,8,16.0,0,0,0,18,4,2.0,2.0,0.0,8,1.114,27090,387,0.1062,70,0.0,70,0.0,0
qt_halfgt8,qualtran,comparator,target,ccz,commuting,A_800_0.5,A,800,0.5,moderate,62,61,0,8,16.0,0,1,1,142,18,2.0,2.0,0.0,8,1.279,51336,828,0.0489,70,0.1143,70,0.1286,0
qt_halfgt8,qualtran,comparator,target,ccz,commuting_pace1,A_800_0.5,A,800,0.5,moderate,62,61,0,8,16.0,0,1,1,142,18,2.0,2.0,0.0,8,1.279,51336,828,0.0489,70,0.1143,70,0.1286,0
qt_halfgt8,qualtran,comparator,target,ccz,commuting_pace2,A_800_0.5,A,800,0.5,moderate,62,61,0,8,16.0,0,1,1,142,18,2.0,2.0,0.0,8,1.279,51336,828,0.0489,70,0.1143,70,0.1286,0
qt_halfgt8,qualtran,comparator,target,ccz,commuting_pace4,A_800_0.5,A,800,0.5,moderate,62,61,0,8,16.0,0,1,1,142,18,2.0,2.0,0.0,8,1.279,51336,828,0.0489,70,0.1143,70,0.1286,0
qt_halfgt8,qualtran,comparator,target,ccz,commuting_pace8,A_800_0.5,A,800,0.5,moderate,62,61,0,8,16.0,0,1,1,142,18,2.0,2.0,0.0,8,1.279,51336,828,0.0489,70,0.1143,70,0.1286,0
qt_halfgt8,qualtran,comparator,target,ccz,conventional,A_800_0.5,A,800,0.5,moderate,70,70,0,8,16.0,0,0,0,168,26,2.0,2.0,0.0,8,1.114,57960,828,0.0433,70,0.0,70,0.0,0
qt_halfgt8,qualtran,comparator,target,ccz,conventional_pace4,A_800_0.5,A,800,0.5,moderate,70,70,0,8,16.0,0,0,0,168,26,2.0,2.0,0.0,8,1.114,57960,828,0.0433,70,0.0,70,0.0,0
qt_halfgt8,qualtran,comparator,target,ccz,commuting,B_400_0.5,B,400,0.5,constrained,65,61,0,8,16.0,0,4,4,0,0,2.0,2.0,0.0,8,1.279,25090,386,0.1269,73,0.1096,70,0.1286,0
qt_halfgt8,qualtran,comparator,target,ccz,commuting_pace1,B_400_0.5,B,400,0.5,constrained,65,61,0,8,16.0,0,4,4,0,0,2.0,2.0,0.0,8,1.279,25090,386,0.1269,73,0.1096,70,0.1286,0
qt_halfgt8,qualtran,comparator,target,ccz,commuting_pace2,B_400_0.5,B,400,0.5,constrained,65,61,0,8,16.0,0,4,4,0,0,2.0,2.0,0.0,8,1.279,25090,386,0.1269,73,0.1096,70,0.1286,0
qt_halfgt8,qualtran,comparator,target,ccz,commuting_pace4,B_400_0.5,B,400,0.5,constrained,65,61,0,8,16.0,0,4,4,0,0,2.0,2.0,0.0,8,1.279,25090,386,0.1269,73,0.1096,70,0.1286,0
qt_halfgt8,qualtran,comparator,target,ccz,commuting_pace8,B_400_0.5,B,400,0.5,constrained,65,61,0,8,16.0,0,4,4,0,0,2.0,2.0,0.0,8,1.279,25090,386,0.1269,73,0.1096,70,0.1286,0
qt_halfgt8,qualtran,comparator,target,ccz,conventional,B_400_0.5,B,400,0.5,constrained,73,70,0,8,16.0,0,3,3,0,0,2.0,2.0,0.0,8,1.114,28178,386,0.113,73,0.0,70,0.0,0
qt_halfgt8,qualtran,comparator,target,ccz,conventional_pace4,B_400_0.5,B,400,0.5,constrained,73,70,0,8,16.0,0,3,3,0,0,2.0,2.0,0.0,8,1.114,28178,386,0.113,73,0.0,70,0.0,0
qt_halfgt8,qualtran,comparator,target,ccz,commuting,C_400_0.5,C,400,0.5,constrained,65,61,0,8,16.0,0,4,4,0,0,2.0,2.0,0.0,8,1.279,25610,394,0.1269,73,0.1096,70,0.1286,0
qt_halfgt8,qualtran,comparator,target,ccz,commuting_pace1,C_400_0.5,C,400,0.5,constrained,65,61,0,8,16.0,0,4,4,0,0,2.0,2.0,0.0,8,1.279,25610,394,0.1269,73,0.1096,70,0.1286,0
qt_halfgt8,qualtran,comparator,target,ccz,commuting_pace2,C_400_0.5,C,400,0.5,constrained,65,61,0,8,16.0,0,4,4,0,0,2.0,2.0,0.0,8,1.279,25610,394,0.1269,73,0.1096,70,0.1286,0
qt_halfgt8,qualtran,comparator,target,ccz,commuting_pace4,C_400_0.5,C,400,0.5,constrained,65,61,0,8,16.0,0,4,4,0,0,2.0,2.0,0.0,8,1.279,25610,394,0.1269,73,0.1096,70,0.1286,0
qt_halfgt8,qualtran,comparator,target,ccz,commuting_pace8,C_400_0.5,C,400,0.5,constrained,65,61,0,8,16.0,0,4,4,0,0,2.0,2.0,0.0,8,1.279,25610,394,0.1269,73,0.1096,70,0.1286,0
qt_halfgt8,qualtran,comparator,target,ccz,conventional,C_400_0.5,C,400,0.5,constrained,73,70,0,8,16.0,0,3,3,0,0,2.0,2.0,0.0,8,1.114,28762,394,0.113,73,0.0,70,0.0,0
qt_halfgt8,qualtran,comparator,target,ccz,conventional_pace4,C_400_0.5,C,400,0.5,constrained,73,70,0,8,16.0,0,3,3,0,0,2.0,2.0,0.0,8,1.114,28762,394,0.113,73,0.0,70,0.0,0
qt_halfgt8,qualtran,comparator,target,t,commuting,A_200_0.5,A,200,0.5,constrained,84,77,32,0,32.0,7,0,7,0,0,4.0,4.0,0.0,8,1.013,14364,171,0.3308,92,0.087,86,0.1047,0
qt_halfgt8,qualtran,comparator,target,t,commuting_pace1,A_200_0.5,A,200,0.5,constrained,84,77,32,0,32.0,7,0,7,0,0,4.0,4.0,0.0,8,1.013,14364,171,0.3308,92,0.087,86,0.1047,0
qt_halfgt8,qualtran,comparator,target,t,commuting_pace2,A_200_0.5,A,200,0.5,constrained,84,77,32,0,32.0,7,0,7,0,0,4.0,4.0,0.0,8,1.013,14364,171,0.3308,92,0.087,86,0.1047,0
qt_halfgt8,qualtran,comparator,target,t,commuting_pace4,A_200_0.5,A,200,0.5,constrained,84,77,32,0,32.0,7,0,7,0,0,4.0,4.0,0.0,8,1.013,14364,171,0.3308,92,0.087,86,0.1047,0
qt_halfgt8,qualtran,comparator,target,t,commuting_pace8,A_200_0.5,A,200,0.5,constrained,84,77,32,0,32.0,7,0,7,0,0,4.0,4.0,0.0,8,1.013,14364,171,0.3308,92,0.087,86,0.1047,0
qt_halfgt8,qualtran,comparator,target,t,conventional,A_200_0.5,A,200,0.5,constrained,92,86,32,0,32.0,6,0,6,4,0,4.0,4.0,0.0,8,0.907,15732,171,0.3021,92,0.0,86,0.0,0
qt_halfgt8,qualtran,comparator,target,t,conventional_pace4,A_200_0.5,A,200,0.5,constrained,92,86,32,0,32.0,6,0,6,4,0,4.0,4.0,0.0,8,0.907,15732,171,0.3021,92,0.0,86,0.0,0
qt_halfgt8,qualtran,comparator,target,t,commuting,A_3200_0.5,A,3200,0.5,abundant,83,77,32,0,32.0,6,0,6,912,258,4.0,4.0,0.0,8,1.013,263857,3179,0.0188,91,0.0879,86,0.1047,0
qt_halfgt8,qualtran,comparator,target,t,commuting_pace1,A_3200_0.5,A,3200,0.5,abundant,83,77,32,0,32.0,6,0,6,912,258,4.0,4.0,0.0,8,1.013,263857,3179,0.0188,91,0.0879,86,0.1047,0
qt_halfgt8,qualtran,comparator,target,t,commuting_pace2,A_3200_0.5,A,3200,0.5,abundant,83,77,32,0,32.0,6,0,6,912,258,4.0,4.0,0.0,8,1.013,263857,3179,0.0188,91,0.0879,86,0.1047,0
qt_halfgt8,qualtran,comparator,target,t,commuting_pace4,A_3200_0.5,A,3200,0.5,abundant,83,77,32,0,32.0,6,0,6,912,258,4.0,4.0,0.0,8,1.013,263857,3179,0.0188,91,0.0879,86,0.1047,0
qt_halfgt8,qualtran,comparator,target,t,commuting_pace8,A_3200_0.5,A,3200,0.5,abundant,83,77,32,0,32.0,6,0,6,912,258,4.0,4.0,0.0,8,1.013,263857,3179,0.0188,91,0.0879,86,0.1047,0
qt_halfgt8,qualtran,comparator,target,t,conventional,A_3200_0.5,A,3200,0.5,abundant,91,86,32,0,32.0,5,0,5,1017,287,4.0,4.0,0.0,8,0.907,289289,3179,0.0171,91,0.0,86,0.0,0
qt_halfgt8,qualtran,comparator,target,t,conventional_pace4,A_3200_0.5,A,3200,0.5,abundant,91,86,32,0,32.0,5,0,5,1017,287,4.0,4.0,0.0,8,0.907,289289,3179,0.0171,91,0.0,86,0.0,0
qt_halfgt8,qualtran,comparator,target,t,commuting,A_400_0.25,A,400,0.25,constrained,83,77,32,0,32.0,6,0,6,118,0,4.0,4.0,0.0,8,1.013,30627,369,0.1383,91,0.0879,86,0.1047,0
qt_halfgt8,qualtran,comparator,target,t,commuting_pace1,A_400_0.25,A,400,0.25,constrained,83,77,32,0,32.0,6,0,6,118,0,4.0,4.0,0.0,8,1.013,30627,369,0.1383,91,0.0879,86,0.1047,0
qt_halfgt8,qualtran,comparator,target,t,commuting_pace2,A_400_0.25,A,400,0.25,constrained,83,77,32,0,32.0,6,0,6,118,0,4.0,4.0,0.0,8,1.013,30627,369,0.1383,91,0.0879,86,0.1047,0
qt_halfgt8,qualtran,comparator,target,t,commuting_pace4,A_400_0.25,A,400,0.25,constrained,83,77,32,0,32.0,6,0,6,118,0,4.0,4.0,0.0,8,1.013,30627,369,0.1383,91,0.0879,86,0.1047,0
qt_halfgt8,qualtran,comparator,target,t,commuting_pace8,A_400_0.25,A,400,0.25,constrained,83,77,32,0,32.0,6,0,6,118,0,4.0,4.0,0.0,8,1.013,30627,369,0.1383,91,0.0879,86,0.1047,0
qt_halfgt8,qualtran,comparator,target,t,conventional,A_400_0.25,A,400,0.25,constrained,91,86,32,0,32.0,5,0,5,138,0,4.0,4.0,0.0,8,0.907,33579,369,0.1261,91,0.0,86,0.0,0
qt_halfgt8,qualtran,comparator,target,t,conventional_pace4,A_400_0.25,A,400,0.25,constrained,91,86,32,0,32.0,5,0,5,138,0,4.0,4.0,0.0,8,0.907,33579,369,0.1261,91,0.0,86,0.0,0
qt_halfgt8,qualtran,comparator,target,t,commuting,A_400_0.5,A,400,0.5,constrained,83,77,32,0,32.0,6,0,6,58,8,4.0,4.0,0.0,8,1.013,34362,414,0.1462,91,0.0879,86,0.1047,0
qt_halfgt8,qualtran,comparator,target,t,commuting_pace1,A_400_0.5,A,400,0.5,constrained,83,77,32,0,32.0,6,0,6,58,8,4.0,4.0,0.0,8,1.013,34362,414,0.1462,91,0.0879,86,0.1047,0
qt_halfgt8,qualtran,comparator,target,t,commuting_pace2,A_400_0.5,A,400,0.5,constrained,83,77,32,0,32.0,6,0,6,58,8,4.0,4.0,0.0,8,1.013,34362,414,0.1462,91,0.0879,86,0.1047,0
qt_halfgt8,qualtran,comparator,target,t,commuting_pace4,A_400_0.5,A,400,0.5,constrained,83,77,32,0,32.0,6,0,6,58,8,4.0,4.0,0.0,8,1.013,34362,414,0.1462,91,0.0879,86,0.1047,0
qt_halfgt8,qualtran,comparator,target,t,commuting_pace8,A_400_0.5,A,400,0.5,constrained,83,77,32,0,32.0,6,0,6,58,8,4.0,4.0,0.0,8,1.013,34362,414,0.1462,91,0.0879,86,0.1047,0
qt_halfgt8,qualtran,comparator,target,t,conventional,A_400_0.5,A,400,0.5,constrained,91,86,32,0,32.0,5,0,5,71,12,4.0,4.0,0.0,8,0.907,37674,414,0.1334,91,0.0,86,0.0,0
qt_halfgt8,qualtran,comparator,target,t,conventional_pace4,A_400_0.5,A,400,0.5,constrained,91,86,32,0,32.0,5,0,5,71,12,4.0,4.0,0.0,8,0.907,37674,414,0.1334,91,0.0,86,0.0,0
qt_halfgt8,qualtran,comparator,target,t,commuting,A_400_0.75,A,400,0.75,constrained,84,77,32,0,32.0,7,0,7,0,22,4.0,4.0,0.0,8,1.013,32508,387,0.1771,92,0.087,86,0.1047,0
qt_halfgt8,qualtran,comparator,target,t,commuting_pace1,A_400_0.75,A,400,0.75,constrained,84,77,32,0,32.0,7,0,7,0,22,4.0,4.0,0.0,8,1.013,32508,387,0.1771,92,0.087,86,0.1047,0
qt_halfgt8,qualtran,comparator,target,t,commuting_pace2,A_400_0.75,A,400,0.75,constrained,84,77,32,0,32.0,7,0,7,0,22,4.0,4.0,0.0,8,1.013,32508,387,0.1771,92,0.087,86,0.1047,0
qt_halfgt8,qualtran,comparator,target,t,commuting_pace4,A_400_0.75,A,400,0.75,constrained,84,77,32,0,32.0,7,0,7,0,22,4.0,4.0,0.0,8,1.013,32508,387,0.1771,92,0.087,86,0.1047,0
qt_halfgt8,qualtran,comparator,target,t,commuting_pace8,A_400_0.75,A,400,0.75,constrained,84,77,32,0,32.0,7,0,7,0,22,4.0,4.0,0.0,8,1.013,32508,387,0.1771,92,0.087,86,0.1047,0
qt_halfgt8,qualtran,comparator,target,t,conventional,A_400_0.75,A,400,0.75,constrained,92,86,32,0,32.0,6,0,6,4,27,4.0,4.0,0.0,8,0.907,35604,387,0.1617,92,0.0,86,0.0,0
qt_halfgt8,qualtran,comparator,target,t,conventional_pace4,A_400_0.75,A,400,0.75,constrained,92,86,32,0,32.0,6,0,6,4,27,4.0,4.0,0.0,8,0.907,35604,387,0.1617,92,0.0,86,0.0,0
qt_halfgt8,qualtran,comparator,target,t,commuting,A_800_0.5,A,800,0.5,moderate,83,77,32,0,32.0,6,0,6,179,47,4.0,4.0,0.0,8,1.013,68724,828,0.0731,91,0.0879,86,0.1047,0
qt_halfgt8,qualtran,comparator,target,t,commuting_pace1,A_800_0.5,A,800,0.5,moderate,83,77,32,0,32.0,6,0,6,179,47,4.0,4.0,0.0,8,1.013,68724,828,0.0731,91,0.0879,86,0.1047,0
qt_halfgt8,qualtran,comparator,target,t,commuting_pace2,A_800_0.5,A,800,0.5,moderate,83,77,32,0,32.0,6,0,6,179,47,4.0,4.0,0.0,8,1.013,68724,828,0.0731,91,0.0879,86,0.1047,0
qt_halfgt8,qualtran,comparator,target,t,commuting_pace4,A_800_0.5,A,800,0.5,moderate,83,77,32,0,32.0,6,0,6,179,47,4.0,4.0,0.0,8,1.013,68724,828,0.0731,91,0.0879,86,0.1047,0
qt_halfgt8,qualtran,comparator,target,t,commuting_pace8,A_800_0.5,A,800,0.5,moderate,83,77,32,0,32.0,6,0,6,179,47,4.0,4.0,0.0,8,1.013,68724,828,0.0731,91,0.0879,86,0.1047,0
qt_halfgt8,qualtran,comparator,target,t,conventional,A_800_0.5,A,800,0.5,moderate,91,86,32,0,32.0,5,0,5,205,55,4.0,4.0,0.0,8,0.907,75348,828,0.0667,91,0.0,86,0.0,0
qt_halfgt8,qualtran,comparator,target,t,conventional_pace4,A_800_0.5,A,800,0.5,moderate,91,86,32,0,32.0,5,0,5,205,55,4.0,4.0,0.0,8,0.907,75348,828,0.0667,91,0.0,86,0.0,0
qt_halfgt8,qualtran,comparator,target,t,commuting,B_400_0.5,B,400,0.5,constrained,87,77,32,0,32.0,10,0,10,0,0,4.0,4.0,0.0,8,1.013,33582,386,0.1897,95,0.0842,86,0.1047,1
qt_halfgt8,qualtran,comparator,target,t,commuting_pace1,B_400_0.5,B,400,0.5,constrained,87,77,32,0,32.0,10,0,10,0,0,4.0,4.0,0.0,8,1.013,33582,386,0.1897,95,0.0842,86,0.1047,1
qt_halfgt8,qualtran,comparator,target,t,commuting_pace2,B_400_0.5,B,400,0.5,constrained,87,77,32,0,32.0,10,0,10,0,0,4.0,4.0,0.0,8,1.013,33582,386,0.1897,95,0.0842,86,0.1047,1
qt_halfgt8,qualtran,comparator,target,t,commuting_pace4,B_400_0.5,B,400,0.5,constrained,87,77,32,0,32.0,10,0,10,0,0,4.0,4.0,0.0,8,1.013,33582,386,0.1897,95,0.0842,86,0.1047,1
qt_halfgt8,qualtran,comparator,target,t,commuting_pace8,B_400_0.5,B,400,0.5,constrained,87,77,32,0,32.0,10,0,10,0,0,4.0,4.0,0.0,8,1.013,33582,386,0.1897,95,0.0842,86,0.1047,1
qt_halfgt8,qualtran,comparator,target,t,conventional,B_400_0.5,B,400,0.5,constrained,95,86,32,0,32.0,9,0,9,0,0,4.0,4.0,0.0,8,0.907,36670,386,0.1737,95,0.0,86,0.0,1
qt_halfgt8,qualtran,comparator,target,t,conventional_pace4,B_400_0.5,B,400,0.5,constrained,95,86,32,0,32.0,9,0,9,0,0,4.0,4.0,0.0,8,0.907,36670,386,0.1737,95,0.0,86,0.0,1
qt_halfgt8,qualtran,comparator,target,t,commuting,C_400_0.5,C,400,0.5,constrained,83,77,32,0,32.0,6,0,6,0,0,4.0,4.0,0.0,8,1.013,32702,394,0.1988,91,0.0879,86,0.1047,0
qt_halfgt8,qualtran,comparator,target,t,commuting_pace1,C_400_0.5,C,400,0.5,constrained,83,77,32,0,32.0,6,0,6,0,0,4.0,4.0,0.0,8,1.013,32702,394,0.1988,91,0.0879,86,0.1047,0
qt_halfgt8,qualtran,comparator,target,t,commuting_pace2,C_400_0.5,C,400,0.5,constrained,83,77,32,0,32.0,6,0,6,0,0,4.0,4.0,0.0,8,1.013,32702,394,0.1988,91,0.0879,86,0.1047,0
qt_halfgt8,qualtran,comparator,target,t,commuting_pace4,C_400_0.5,C,400,0.5,constrained,83,77,32,0,32.0,6,0,6,0,0,4.0,4.0,0.0,8,1.013,32702,394,0.1988,91,0.0879,86,0.1047,0
qt_halfgt8,qualtran,comparator,target,t,commuting_pace8,C_400_0.5,C,400,0.5,constrained,83,77,32,0,32.0,6,0,6,0,0,4.0,4.0,0.0,8,1.013,32702,394,0.1988,91,0.0879,86,0.1047,0
qt_halfgt8,qualtran,comparator,target,t,conventional,C_400_0.5,C,400,0.5,constrained,91,86,32,0,32.0,5,0,5,0,0,4.0,4.0,0.0,8,0.907,35854,394,0.1813,91,0.0,86,0.0,0
qt_halfgt8,qualtran,comparator,target,t,conventional_pace4,C_400_0.5,C,400,0.5,constrained,91,86,32,0,32.0,5,0,5,0,0,4.0,4.0,0.0,8,0.907,35854,394,0.1813,91,0.0,86,0.0,0
qt_modadd8,qualtran,serial_adder,target,ccz,commuting,A_200_0.5,A,200,0.5,constrained,312,309,0,31,62.0,0,3,3,216,0,2.0,2.0,0.0,31,0.903,53352,171,0.1726,346,0.0983,343,0.0991,0
qt_modadd8,qualtran,serial_adder,target,ccz,commuting_pace1,A_200_0.5,A,200,0.5,constrained,312,309,0,31,62.0,0,3,3,216,0,2.0,2.0,0.0,31,0.903,53352,171,0.1726,346,0.0983,343,0.0991,0
qt_modadd8,qualtran,serial_adder,target,ccz,commuting_pace2,A_200_0.5,A,200,0.5,constrained,312,309,0,31,62.0,0,3,3,216,0,2.0,2.0,0.0,31,0.903,53352,171,0.1726,346,0.0983,343,0.0991,0
qt_modadd8,qualtran,serial_adder,target,ccz,commuting_pace4,A_200_0.5,A,200,0.5,constrained,312,309,0,31,62.0,0,3,3,216,0,2.0,2.0,0.0,31,0.903,53352,171,0.1726,346,0.0983,343,0.0991,0
qt_modadd8,qualtran,serial_adder,target,ccz,commuting_pace8,A_200_0.5,A,200,0.5,constrained,312,309,0,31,62.0,0,3,3,216,0,2.0,2.0,0.0,31,0.903,53352,171,0.1726,346,0.0983,343,0.0991,0
qt_modadd8,qualtran,serial_adder,target,ccz,conventional,A_200_0.5,A,200,0.5,constrained,346,343,0,31,62.0,0,3,3,244,0,2.0,2.0,0.0,31,0.813,59166,171,0.1556,346,0.0,343,0.0,0
qt_modadd8,qualtran,serial_adder,target,ccz,conventional_pace4,A_200_0.5,A,200,0.5,constrained,346,343,0,31,62.0,0,3,3,244,0,2.0,2.0,0.0,31,0.813,59166,171,0.1556,346,0.0,343,0.0,0
qt_modadd8,qualtran,serial_adder,target,ccz,commuting,A_3200_0.5,A,3200,0.5,abundant,312,309,0,31,62.0,0,3,3,3963,1067,2.0,2.0,0.0,31,0.903,991848,3179,0.0097,346,0.0983,343,0.0991,0
qt_modadd8,qualtran,serial_adder,target,ccz,commuting_pace1,A_3200_0.5,A,3200,0.5,abundant,312,309,0,31,62.0,0,3,3,3963,1067,2.0,2.0,0.0,31,0.903,991848,3179,0.0097,346,0.0983,343,0.0991,0
qt_modadd8,qualtran,serial_adder,target,ccz,commuting_pace2,A_3200_0.5,A,3200,0.5,abundant,312,309,0,31,62.0,0,3,3,3963,1067,2.0,2.0,0.0,31,0.903,991848,3179,0.0097,346,0.0983,343,0.0991,0
qt_modadd8,qualtran,serial_adder,target,ccz,commuting_pace4,A_3200_0.5,A,3200,0.5,abundant,312,309,0,31,62.0,0,3,3,3963,1067,2.0,2.0,0.0,31,0.903,991848,3179,0.0097,346,0.0983,343,0.0991,0
qt_modadd8,qualtran,serial_adder,target,ccz,commuting_pace8,A_3200_0.5,A,3200,0.5,abundant,312,309,0,31,62.0,0,3,3,3963,1067,2.0,2.0,0.0,31,0.903,991848,3179,0.0097,346,0.0983,343,0.0991,0
qt_modadd8,qualtran,serial_adder,target,ccz,conventional,A_3200_0.5,A,3200,0.5,abundant,346,343,0,31,62.0,0,3,3,4411,1191,2.0,2.0,0.0,31,0.813,1099934,3179,0.0087,346,0.0,343,0.0,0
qt_modadd8,qualtran,serial_adder,target,ccz,conventional_pace4,A_3200_0.5,A,3200,0.5,abundant,346,343,0,31,62.0,0,3,3,4411,1191,2.0,2.0,0.0,31,0.813,1099934,3179,0.0087,346,0.0,343,0.0,0
qt_modadd8,qualtran,serial_adder,target,ccz,commuting,A_400_0.25,A,400,0.25,constrained,312,309,0,31,62.0,0,3,3,712,0,2.0,2.0,0.0,31,0.903,115128,369,0.0713,346,0.0983,343,0.0991,0
qt_modadd8,qualtran,serial_adder,target,ccz,commuting_pace1,A_400_0.25,A,400,0.25,constrained,312,309,0,31,62.0,0,3,3,712,0,2.0,2.0,0.0,31,0.903,115128,369,0.0713,346,0.0983,343,0.0991,0
qt_modadd8,qualtran,serial_adder,target,ccz,commuting_pace2,A_400_0.25,A,400,0.25,constrained,312,309,0,31,62.0,0,3,3,712,0,2.0,2.0,0.0,31,0.903,115128,369,0.0713,346,0.0983,343,0.0991,0
qt_modadd8,qualtran,serial_adder,target,ccz,commuting_pace4,A_400_0.25,A,400,0.25,constrained,312,309,0,31,62.0,0,3,3,712,0,2.0,2.0,0.0,31,0.903,115128,369,0.0713,346,0.0983,343,0.0991,0
qt_modadd8,qualtran,serial_adder,target,ccz,commuting_pace8,A_400_0.25,A,400,0.25,constrained,312,309,0,31,62.0,0,3,3,712,0,2.0,2.0,0.0,31,0.903,115128,369,0.0713,346,0.0983,343,0.0991,0
qt_modadd8,qualtran,serial_adder,target,ccz,conventional,A_400_0.25,A,400,0.25,constrained,346,343,0,31,62.0,0,3,3,796,0,2.0,2.0,0.0,31,0.813,127674,369,0.0643,346,0.0,343,0.0,0
qt_modadd8,qualtran,serial_adder,target,ccz,conventional_pace4,A_400_0.25,A,400,0.25,constrained,346,343,0,31,62.0,0,3,3,796,0,2.0,2.0,0.0,31,0.813,127674,369,0.0643,346,0.0,343,0.0,0
qt_modadd8,qualtran,serial_adder,target,ccz,commuting,A_400_0.5,A,400,0.5,constrained,312,309,0,31,62.0,0,3,3,464,91,2.0,2.0,0.0,31,0.903,129168,414,0.0754,346,0.0983,343,0.0991,0
qt_modadd8,qualtran,serial_adder,target,ccz,commuting_pace1,A_400_0.5,A,400,0.5,constrained,312,309,0,31,62.0,0,3,3,464,91,2.0,2.0,0.0,31,0.903,129168,414,0.0754,346,0.0983,343,0.0991,0
qt_modadd8,qualtran,serial_adder,target,ccz,commuting_pace2,A_400_0.5,A,400,0.5,constrained,312,309,0,31,62.0,0,3,3,464,91,2.0,2.0,0.0,31,0.903,129168,414,0.0754,346,0.0983,343,0.0991,0
qt_modadd8,qualtran,serial_adder,target,ccz,commuting_pace4,A_400_0.5,A,400,0.5,constrained,312,309,0,31,62.0,0,3,3,464,91,2.0,2.0,0.0,31,0.903,129168,414,0.0754,346,0.0983,343,0.0991,0
qt_modadd8,qualtran,serial_adder,target,ccz,commuting_pace8,A_400_0.5,A,400,0.5,constrained,312,309,0,31,62.0,0,3,3,464,91,2.0,2.0,0.0,31,0.903,129168,414,0.0754,346,0.0983,343,0.0991,0
qt_modadd8,qualtran,serial_adder,target,ccz,conventional,A_400_0.5,A,400,0.5,constrained,346,343,0,31,62.0,0,3,3,520,108,2.0,2.0,0.0,31,0.813,143244,414,0.068,346,0.0,343,0.0,0
qt_modadd8,qualtran,serial_adder,target,ccz,conventional_pace4,A_400_0.5,A,400,0.5,constrained,346,343,0,31,62.0,0,3,3,520,108,2.0,2.0,0.0,31,0.813,143244,414,0.068,346,0.0,343,0.0,0
qt_modadd8,qualtran,serial_adder,target,ccz,commuting,A_400_0.75,A,400,0.75,constrained,312,309,0,31,62.0,0,3,3,216,143,2.0,2.0,0.0,31,0.903,120744,387,0.0924,346,0.0983,343,0.0991,0
qt_modadd8,qualtran,serial_adder,target,ccz,commuting_pace1,A_400_0.75,A,400,0.75,constrained,312,309,0,31,62.0,0,3,3,216,143,2.0,2.0,0.0,31,0.903,120744,387,0.0924,346,0.0983,343,0.0991,0
qt_modadd8,qualtran,serial_adder,target,ccz,commuting_pace2,A_400_0.75,A,400,0.75,constrained,312,309,0,31,62.0,0,3,3,216,143,2.0,2.0,0.0,31,0.903,120744,387,0.0924,346,0.0983,343,0.0991,0
qt_modadd8,qualtran,serial_adder,target,ccz,commuting_pace4,A_400_0.75,A,400,0.75,constrained,312,309,0,31,62.0,0,3,3,216,143,2.0,2.0,0.0,31,0.903,120744,387,0.0924,346,0.0983,343,0.0991,0
qt_modadd8,qualtran,serial_adder,target,ccz,commuting_pace8,A_400_0.75,A,400,0.75,constrained,312,309,0,31,62.0,0,3,3,216,143,2.0,2.0,0.0,31,0.903,120744,387,0.0924,346,0.0983,343,0.0991,0
qt_modadd8,qualtran,serial_adder,target,ccz,conventional,A_400_0.75,A,400,0.75,constrained,346,343,0,31,62.0,0,3,3,244,165,2.0,2.0,0.0,31,0.813,133902,387,0.0833,346,0.0,343,0.0,0
qt_modadd8,qualtran,serial_adder,target,ccz,conventional_pace4,A_400_0.75,A,400,0.75,constrained,346,343,0,31,62.0,0,3,3,244,165,2.0,2.0,0.0,31,0.813,133902,387,0.0833,346,0.0,343,0.0,0
qt_modadd8,qualtran,serial_adder,target,ccz,commuting,A_800_0.5,A,800,0.5,moderate,312,309,0,31,62.0,0,3,3,960,245,2.0,2.0,0.0,31,0.903,258336,828,0.0377,346,0.0983,343,0.0991,0
qt_modadd8,qualtran,serial_adder,target,ccz,commuting_pace1,A_800_0.5,A,800,0.5,moderate,312,309,0,31,62.0,0,3,3,960,245,2.0,2.0,0.0,31,0.903,258336,828,0.0377,346,0.0983,343,0.0991,0
qt_modadd8,qualtran,serial_adder,target,ccz,commuting_pace2,A_800_0.5,A,800,0.5,moderate,312,309,0,31,62.0,0,3,3,960,245,2.0,2.0,0.0,31,0.903,258336,828,0.0377,346,0.0983,343,0.0991,0
qt_modadd8,qualtran,serial_adder,target,ccz,commuting_pace4,A_800_0.5,A,800,0.5,moderate,312,309,0,31,62.0,0,3,3,960,245,2.0,2.0,0.0,31,0.903,258336,828,0.0377,346,0.0983,343,0.0991,0
qt_modadd8,qualtran,serial_adder,target,ccz,commuting_pace8,A_800_0.5,A,800,0.5,moderate,312,309,0,31,62.0,0,3,3,960,245,2.0,2.0,0.0,31,0.903,258336,828,0.0377,346,0.0983,343,0.0991,0
qt_modadd8,qualtran,serial_adder,target,ccz,conventional,A_800_0.5,A,800,0.5,moderate,346,343,0,31,62.0,0,3,3,1071,279,2.0,2.0,0.0,31,0.813,286488,828,0.034,346,0.0,343,0.0,0
qt_modadd8,qualtran,serial_adder,target,ccz,conventional_pace4,A_800_0.5,A,800,0.5,moderate,346,343,0,31,62.0,0,3,3,1071,279,2.0,2.0,0.0,31,0.813,286488,828,0.034,346,0.0,343,0.0,0
qt_modadd8,qualtran,serial_adder,target,ccz,commuting,B_400_0.5,B,400,0.5,constrained,315,309,0,31,62.0,0,6,6,0,0,2.0,2.0,0.0,31,0.903,121590,386,0.1015,349,0.0974,343,0.0991,0
qt_modadd8,qualtran,serial_adder,target,ccz,commuting_pace1,B_400_0.5,B,400,0.5,constrained,315,309,0,31,62.0,0,6,6,0,0,2.0,2.0,0.0,31,0.903,121590,386,0.1015,349,0.0974,343,0.0991,0
qt_modadd8,qualtran,serial_adder,target,ccz,commuting_pace2,B_400_0.5,B,400,0.5,constrained,315,309,0,31,62.0,0,6,6,0,0,2.0,2.0,0.0,31,0.903,121590,386,0.1015,349,0.0974,343,0.0991,0
qt_modadd8,qualtran,serial_adder,target,ccz,commuting_pace4,B_400_0.5,B,400,0.5,constrained,315,309,0,31,62.0,0,6,6,0,0,2.0,2.0,0.0,31,0.903,121590,386,0.1015,349,0.0974,343,0.0991,0
qt_modadd8,qualtran,serial_adder,target,ccz,commuting_pace8,B_400_0.5,B,400,0.5,constrained,315,309,0,31,62.0,0,6,6,0,0,2.0,2.0,0.0,31,0.903,121590,386,0.1015,349,0.0974,343,0.0991,0
qt_modadd8,qualtran,serial_adder,target,ccz,conventional,B_400_0.5,B,400,0.5,constrained,349,343,0,31,62.0,0,6,6,0,0,2.0,2.0,0.0,31,0.813,134714,386,0.0916,349,0.0,343,0.0,0
qt_modadd8,qualtran,serial_adder,target,ccz,conventional_pace4,B_400_0.5,B,400,0.5,constrained,349,343,0,31,62.0,0,6,6,0,0,2.0,2.0,0.0,31,0.813,134714,386,0.0916,349,0.0,343,0.0,0
qt_modadd8,qualtran,serial_adder,target,ccz,commuting,C_400_0.5,C,400,0.5,constrained,315,309,0,31,62.0,0,6,6,0,0,2.0,2.0,0.0,31,0.903,124110,394,0.1015,349,0.0974,343,0.0991,0
qt_modadd8,qualtran,serial_adder,target,ccz,commuting_pace1,C_400_0.5,C,400,0.5,constrained,315,309,0,31,62.0,0,6,6,0,0,2.0,2.0,0.0,31,0.903,124110,394,0.1015,349,0.0974,343,0.0991,0
qt_modadd8,qualtran,serial_adder,target,ccz,commuting_pace2,C_400_0.5,C,400,0.5,constrained,315,309,0,31,62.0,0,6,6,0,0,2.0,2.0,0.0,31,0.903,124110,394,0.1015,349,0.0974,343,0.0991,0
qt_modadd8,qualtran,serial_adder,target,ccz,commuting_pace4,C_400_0.5,C,400,0.5,constrained,315,309,0,31,62.0,0,6,6,0,0,2.0,2.0,0.0,31,0.903,124110,394,0.1015,349,0.0974,343,0.0991,0
qt_modadd8,qualtran,serial_adder,target,ccz,commuting_pace8,C_400_0.5,C,400,0.5,constrained,315,309,0,31,62.0,0,6,6,0,0,2.0,2.0,0.0,31,0.903,124110,394,0.1015,349,0.0974,343,0.0991,0
qt_modadd8,qualtran,serial_adder,target,ccz,conventional,C_400_0.5,C,400,0.5,constrained,349,343,0,31,62.0,0,6,6,0,0,2.0,2.0,0.0,31,0.813,137506,394,0.0916,349,0.0,343,0.0,0
qt_modadd8,qualtran,serial_adder,target,ccz,conventional_pace4,C_400_0.5,C,400,0.5,constrained,349,343,0,31,62.0,0,6,6,0,0,2.0,2.0,0.0,31,0.813,137506,394,0.0916,349,0.0,343,0.0,0
qt_modadd8,qualtran,serial_adder,target,t,commuting,A_200_0.5,A,200,0.5,constrained,380,371,124,0,124.0,9,0,9,148,31,4.0,4.0,0.0,31,0.752,64980,171,0.2834,414,0.0821,405,0.084,0
qt_modadd8,qualtran,serial_adder,target,t,commuting_pace1,A_200_0.5,A,200,0.5,constrained,380,371,124,0,124.0,9,0,9,148,31,4.0,4.0,0.0,31,0.752,64980,171,0.2834,414,0.0821,405,0.084,0
qt_modadd8,qualtran,serial_adder,target,t,commuting_pace2,A_200_0.5,A,200,0.5,constrained,380,371,124,0,124.0,9,0,9,148,31,4.0,4.0,0.0,31,0.752,64980,171,0.2834,414,0.0821,405,0.084,0
qt_modadd8,qualtran,serial_adder,target,t,commuting_pace4,A_200_0.5,A,200,0.5,constrained,380,371,124,0,124.0,9,0,9,148,31,4.0,4.0,0.0,31,0.752,64980,171,0.2834,414,0.0821,405,0.084,0
qt_modadd8,qualtran,serial_adder,target,t,commuting_pace8,A_200_0.5,A,200,0.5,constrained,380,371,124,0,124.0,9,0,9,148,31,4.0,4.0,0.0,31,0.752,64980,171,0.2834,414,0.0821,405,0.084,0
qt_modadd8,qualtran,serial_adder,target,t,conventional,A_200_0.5,A,200,0.5,constrained,414,405,124,0,124.0,9,0,9,176,37,4.0,4.0,0.0,31,0.689,70794,171,0.2601,414,0.0,405,0.0,0
qt_modadd8,qualtran,serial_adder,target,t,conventional_pace4,A_200_0.5,A,200,0.5,constrained,414,405,124,0,124.0,9,0,9,176,37,4.0,4.0,0.0,31,0.689,70794,171,0.2601,414,0.0,405,0.0,0
qt_modadd8,qualtran,serial_adder,target,t,commuting,A_3200_0.5,A,3200,0.5,abundant,379,371,124,0,124.0,8,0,8,4722,1343,4.0,4.0,0.0,31,0.752,1204841,3179,0.0159,413,0.0823,405,0.084,0
qt_modadd8,qualtran,serial_adder,target,t,commuting_pace1,A_3200_0.5,A,3200,0.5,abundant,379,371,124,0,124.0,8,0,8,4722,1343,4.0,4.0,0.0,31,0.752,1204841,3179,0.0159,413,0.0823,405,0.084,0
qt_modadd8,qualtran,serial_adder,target,t,commuting_pace2,A_3200_0.5,A,3200,0.5,abundant,379,371,124,0,124.0,8,0,8,4722,1343,4.0,4.0,0.0,31,0.752,1204841,3179,0.0159,413,0.0823,405,0.084,0
qt_modadd8,qualtran,serial_adder,target,t,commuting_pace4,A_3200_0.5,A,3200,0.5,abundant,379,371,124,0,124.0,8,0,8,4722,1343,4.0,4.0,0.0,31,0.752,1204841,3179,0.0159,413,0.0823,405,0.084,0
qt_modadd8,qualtran,serial_adder,target,t,commuting_pace8,A_3200_0.5,A,3200,0.5,abundant,379,371,124,0,124.0,8,0,8,4722,1343,4.0,4.0,0.0,31,0.752,1204841,3179,0.0159,413,0.0823,405,0.084,0
qt_modadd8,qualtran,serial_adder,target,t,conventional,A_3200_0.5,A,3200,0.5,abundant,413,405,124,0,124.0,8,0,8,5170,1468,4.0,4.0,0.0,31,0.689,1312927,3179,0.0146,413,0.0,405,0.0,0
qt_modadd8,qualtran,serial_adder,target,t,conventional_pace4,A_3200_0.5,A,3200,0.5,abundant,413,405,124,0,124.0,8,0,8,5170,1468,4.0,4.0,0.0,31,0.689,1312927,3179,0.0146,413,0.0,405,0.0,0
qt_modadd8,qualtran,serial_adder,target,t,commuting,A_400_0.25,A,400,0.25,constrained,379,371,124,0,124.0,8,0,8,753,31,4.0,4.0,0.0,31,0.752,139851,369,0.1174,413,0.0823,405,0.084,0
qt_modadd8,qualtran,serial_adder,target,t,commuting_pace1,A_400_0.25,A,400,0.25,constrained,379,371,124,0,124.0,8,0,8,753,31,4.0,4.0,0.0,31,0.752,139851,369,0.1174,413,0.0823,405,0.084,0
qt_modadd8,qualtran,serial_adder,target,t,commuting_pace2,A_400_0.25,A,400,0.25,constrained,379,371,124,0,124.0,8,0,8,753,31,4.0,4.0,0.0,31,0.752,139851,369,0.1174,413,0.0823,405,0.084,0
qt_modadd8,qualtran,serial_adder,target,t,commuting_pace4,A_400_0.25,A,400,0.25,constrained,379,371,124,0,124.0,8,0,8,753,31,4.0,4.0,0.0,31,0.752,139851,369,0.1174,413,0.0823,405,0.084,0
qt_modadd8,qualtran,serial_adder,target,t,commuting_pace8,A_400_0.25,A,400,0.25,constrained,379,371,124,0,124.0,8,0,8,753,31,4.0,4.0,0.0,31,0.752,139851,369,0.1174,413,0.0823,405,0.084,0
qt_modadd8,qualtran,serial_adder,target,t,conventional,A_400_0.25,A,400,0.25,constrained,413,405,124,0,124.0,8,0,8,836,37,4.0,4.0,0.0,31,0.689,152397,369,0.1077,413,0.0,405,0.0,0
qt_modadd8,qualtran,serial_adder,target,t,conventional_pace4,A_400_0.25,A,400,0.25,constrained,413,405,124,0,124.0,8,0,8,836,37,4.0,4.0,0.0,31,0.689,152397,369,0.1077,413,0.0,405,0.0,0
qt_modadd8,qualtran,serial_adder,target,t,commuting,A_400_0.5,A,400,0.5,constrained,379,371,124,0,124.0,8,0,8,450,156,4.0,4.0,0.0,31,0.752,156906,414,0.1241,413,0.0823,405,0.084,0
qt_modadd8,qualtran,serial_adder,target,t,commuting_pace1,A_400_0.5,A,400,0.5,constrained,379,371,124,0,124.0,8,0,8,450,156,4.0,4.0,0.0,31,0.752,156906,414,0.1241,413,0.0823,405,0.084,0
qt_modadd8,qualtran,serial_adder,target,t,commuting_pace2,A_400_0.5,A,400,0.5,constrained,379,371,124,0,124.0,8,0,8,450,156,4.0,4.0,0.0,31,0.752,156906,414,0.1241,413,0.0823,405,0.084,0
qt_modadd8,qualtran,serial_adder,target,t,commuting_pace4,A_400_0.5,A,400,0.5,constrained,379,371,124,0,124.0,8,0,8,450,156,4.0,4.0,0.0,31,0.752,156906,414,0.1241,413,0.0823,405,0.084,0
qt_modadd8,qualtran,serial_adder,target,t,commuting_pace8,A_400_0.5,A,400,0.5,constrained,379,371,124,0,124.0,8,0,8,450,156,4.0,4.0,0.0,31,0.752,156906,414,0.1241,413,0.0823,405,0.084,0
qt_modadd8,qualtran,serial_adder,target,t,conventional,A_400_0.5,A,400,0.5,constrained,413,405,124,0,124.0,8,0,8,506,173,4.0,4.0,0.0,31,0.689,170982,414,0.1139,413,0.0,405,0.0,0
qt_modadd8,qualtran,serial_adder,target,t,conventional_pace4,A_400_0.5,A,400,0.5,constrained,413,405,124,0,124.0,8,0,8,506,173,4.0,4.0,0.0,31,0.689,170982,414,0.1139,413,0.0,405,0.0,0
qt_modadd8,qualtran,serial_adder,target,t,commuting,A_400_0.75,A,400,0.75,constrained,380,371,124,0,124.0,9,0,9,148,219,4.0,4.0,0.0,31,0.752,147060,387,0.1517,414,0.0821,405,0.084,0
qt_modadd8,qualtran,serial_adder,target,t,commuting_pace1,A_400_0.75,A,400,0.75,constrained,380,371,124,0,124.0,9,0,9,148,219,4.0,4.0,0.0,31,0.752,147060,387,0.1517,414,0.0821,405,0.084,0
qt_modadd8,qualtran,serial_adder,target,t,commuting_pace2,A_400_0.75,A,400,0.75,constrained,380,371,124,0,124.0,9,0,9,148,219,4.0,4.0,0.0,31,0.752,147060,387,0.1517,414,0.0821,405,0.084,0
qt_modadd8,qualtran,serial_adder,target,t,commuting_pace4,A_400_0.75,A,400,0.75,constrained,380,371,124,0,124.0,9,0,9,148,219,4.0,4.0,0.0,31,0.752,147060,387,0.1517,414,0.0821,405,0.084,0
qt_modadd8,qualtran,serial_adder,target,t,commuting_pace8,A_400_0.75,A,400,0.75,constrained,380,371,124,0,124.0,9,0,9,148,219,4.0,4.0,0.0,31,0.752,147060,387,0.1517,414,0.0821,405,0.084,0
qt_modadd8,qualtran,serial_adder,target,t,conventional,A_400_0.75,A,400,0.75,constrained,414,405,124,0,124.0,9,0,9,176,242,4.0,4.0,0.0,31,0.689,160218,387,0.1392,414,0.0,405,0.0,0
qt_modadd8,qualtran,serial_adder,target,t,conventional_pace4,A_400_0.75,A,400,0.75,constrained,414,405,124,0,124.0,9,0,9,176,242,4.0,4.0,0.0,31,0.689,160218,387,0.1392,414,0.0,405,0.0,0
qt_modadd8,qualtran,serial_adder,target,t,commuting,A_800_0.5,A,800,0.5,moderate,379,371,124,0,124.0,8,0,8,1055,343,4.0,4.0,0.0,31,0.752,313812,828,0.0621,413,0.0823,405,0.084,0
qt_modadd8,qualtran,serial_adder,target,t,commuting_pace1,A_800_0.5,A,800,0.5,moderate,379,371,124,0,124.0,8,0,8,1055,343,4.0,4.0,0.0,31,0.752,313812,828,0.0621,413,0.0823,405,0.084,0
qt_modadd8,qualtran,serial_adder,target,t,commuting_pace2,A_800_0.5,A,800,0.5,moderate,379,371,124,0,124.0,8,0,8,1055,343,4.0,4.0,0.0,31,0.752,313812,828,0.0621,413,0.0823,405,0.084,0
qt_modadd8,qualtran,serial_adder,target,t,commuting_pace4,A_800_0.5,A,800,0.5,moderate,379,371,124,0,124.0,8,0,8,1055,343,4.0,4.0,0.0,31,0.752,313812,828,0.0621,413,0.0823,405,0.084,0
qt_modadd8,qualtran,serial_adder,target,t,commuting_pace8,A_800_0.5,A,800,0.5,moderate,379,371,124,0,124.0,8,0,8,1055,343,4.0,4.0,0.0,31,0.752,313812,828,0.0621,413,0.0823,405,0.084,0
qt_modadd8,qualtran,serial_adder,target,t,conventional,A_800_0.5,A,800,0.5,moderate,413,405,124,0,124.0,8,0,8,1167,377,4.0,4.0,0.0,31,0.689,341964,828,0.0569,413,0.0,405,0.0,0
qt_modadd8,qualtran,serial_adder,target,t,conventional_pace4,A_800_0.5,A,800,0.5,moderate,413,405,124,0,124.0,8,0,8,1167,377,4.0,4.0,0.0,31,0.689,341964,828,0.0569,413,0.0,405,0.0,0
qt_modadd8,qualtran,serial_adder,target,t,commuting,B_400_0.5,B,400,0.5,constrained,383,371,124,0,124.0,12,0,12,0,0,4.0,4.0,0.0,31,0.752,147838,386,0.1669,417,0.0815,405,0.084,0
qt_modadd8,qualtran,serial_adder,target,t,commuting_pace1,B_400_0.5,B,400,0.5,constrained,383,371,124,0,124.0,12,0,12,0,0,4.0,4.0,0.0,31,0.752,147838,386,0.1669,417,0.0815,405,0.084,0
qt_modadd8,qualtran,serial_adder,target,t,commuting_pace2,B_400_0.5,B,400,0.5,constrained,383,371,124,0,124.0,12,0,12,0,0,4.0,4.0,0.0,31,0.752,147838,386,0.1669,417,0.0815,405,0.084,0
qt_modadd8,qualtran,serial_adder,target,t,commuting_pace4,B_400_0.5,B,400,0.5,constrained,383,371,124,0,124.0,12,0,12,0,0,4.0,4.0,0.0,31,0.752,147838,386,0.1669,417,0.0815,405,0.084,0
qt_modadd8,qualtran,serial_adder,target,t,commuting_pace8,B_400_0.5,B,400,0.5,constrained,383,371,124,0,124.0,12,0,12,0,0,4.0,4.0,0.0,31,0.752,147838,386,0.1669,417,0.0815,405,0.084,0
qt_modadd8,qualtran,serial_adder,target,t,conventional,B_400_0.5,B,400,0.5,constrained,417,405,124,0,124.0,12,0,12,0,0,4.0,4.0,0.0,31,0.689,160962,386,0.1533,417,0.0,405,0.0,0
qt_modadd8,qualtran,serial_adder,target,t,conventional_pace4,B_400_0.5,B,400,0.5,constrained,417,405,124,0,124.0,12,0,12,0,0,4.0,4.0,0.0,31,0.689,160962,386,0.1533,417,0.0,405,0.0,0
qt_modadd8,qualtran,serial_adder,target,t,commuting,C_400_0.5,C,400,0.5,constrained,379,371,124,0,124.0,8,0,8,0,0,4.0,4.0,0.0,31,0.752,149326,394,0.1687,413,0.0823,405,0.084,0
qt_modadd8,qualtran,serial_adder,target,t,commuting_pace1,C_400_0.5,C,400,0.5,constrained,379,371,124,0,124.0,8,0,8,0,0,4.0,4.0,0.0,31,0.752,149326,394,0.1687,413,0.0823,405,0.084,0
qt_modadd8,qualtran,serial_adder,target,t,commuting_pace2,C_400_0.5,C,400,0.5,constrained,379,371,124,0,124.0,8,0,8,0,0,4.0,4.0,0.0,31,0.752,149326,394,0.1687,413,0.0823,405,0.084,0
qt_modadd8,qualtran,serial_adder,target,t,commuting_pace4,C_400_0.5,C,400,0.5,constrained,379,371,124,0,124.0,8,0,8,0,0,4.0,4.0,0.0,31,0.752,149326,394,0.1687,413,0.0823,405,0.084,0
qt_modadd8,qualtran,serial_adder,target,t,commuting_pace8,C_400_0.5,C,400,0.5,constrained,379,371,124,0,124.0,8,0,8,0,0,4.0,4.0,0.0,31,0.752,149326,394,0.1687,413,0.0823,405,0.084,0
qt_modadd8,qualtran,serial_adder,target,t,conventional,C_400_0.5,C,400,0.5,constrained,413,405,124,0,124.0,8,0,8,0,0,4.0,4.0,0.0,31,0.689,162722,394,0.1548,413,0.0,405,0.0,0
qt_modadd8,qualtran,serial_adder,target,t,conventional_pace4,C_400_0.5,C,400,0.5,constrained,413,405,124,0,124.0,8,0,8,0,0,4.0,4.0,0.0,31,0.689,162722,394,0.1548,413,0.0,405,0.0,0
qt_prepunif6,qualtran,state_preparation,target,ccz,commuting,A_200_0.5,A,200,0.5,constrained,274,152,0,45,90.0,0,176,176,185,0,42.0,15.0,1.2263,6,0.283,46854,171,0.2852,274,0.0,161,0.0559,1
qt_prepunif6,qualtran,state_preparation,target,ccz,commuting_pace1,A_200_0.5,A,200,0.5,constrained,274,163,0,45,90.0,0,111,111,185,0,40.0,12.86,1.3352,7,0.264,46854,171,0.2852,274,0.0,161,-0.0124,1
qt_prepunif6,qualtran,state_preparation,target,ccz,commuting_pace2,A_200_0.5,A,200,0.5,constrained,274,157,0,45,90.0,0,171,171,185,0,42.0,15.0,1.2263,6,0.274,46854,171,0.2852,274,0.0,161,0.0248,1
qt_prepunif6,qualtran,state_preparation,target,ccz,commuting_pace4,A_200_0.5,A,200,0.5,constrained,274,152,0,45,90.0,0,176,176,185,0,42.0,15.0,1.2263,6,0.283,46854,171,0.2852,274,0.0,161,0.0559,1
qt_prepunif6,qualtran,state_preparation,target,ccz,commuting_pace8,A_200_0.5,A,200,0.5,constrained,274,152,0,45,90.0,0,176,176,185,0,42.0,15.0,1.2263,6,0.283,46854,171,0.2852,274,0.0,161,0.0559,1
qt_prepunif6,qualtran,state_preparation,target,ccz,conventional,A_200_0.5,A,200,0.5,constrained,274,161,0,45,90.0,0,165,165,185,0,42.0,15.0,1.2263,6,0.267,46854,171,0.2852,274,0.0,161,0.0,1
qt_prepunif6,qualtran,state_preparation,target,ccz,conventional_pace4,A_200_0.5,A,200,0.5,constrained,274,161,0,45,90.0,0,165,165,185,0,42.0,15.0,1.2263,6,0.267,46854,171,0.2852,274,0.0,161,0.0,1
qt_prepunif6,qualtran,state_preparation,target,ccz,commuting,A_3200_0.5,A,3200,0.5,abundant,153,152,0,45,90.0,0,1,1,1867,470,42.0,15.0,1.2263,6,0.283,486387,3179,0.0287,162,0.0556,161,0.0559,0
qt_prepunif6,qualtran,state_preparation,target,ccz,commuting_pace1,A_3200_0.5,A,3200,0.5,abundant,164,163,0,45,90.0,0,1,1,2012,510,40.0,12.86,1.3352,7,0.264,521356,3179,0.0268,162,-0.0123,161,-0.0124,0
qt_prepunif6,qualtran,state_preparation,target,ccz,commuting_pace2,A_3200_0.5,A,3200,0.5,abundant,158,157,0,45,90.0,0,1,1,1933,488,42.0,15.0,1.2263,6,0.274,502282,3179,0.0278,162,0.0247,161,0.0248,0
qt_prepunif6,qualtran,state_preparation,target,ccz,commuting_pace4,A_3200_0.5,A,3200,0.5,abundant,153,152,0,45,90.0,0,1,1,1867,470,42.0,15.0,1.2263,6,0.283,486387,3179,0.0287,162,0.0556,161,0.0559,0
qt_prepunif6,qualtran,state_preparation,target,ccz,commuting_pace8,A_3200_0.5,A,3200,0.5,abundant,153,152,0,45,90.0,0,1,1,1867,470,42.0,15.0,1.2263,6,0.283,486387,3179,0.0287,162,0.0556,161,0.0559,0
qt_prepunif6,qualtran,state_preparation,target,ccz,conventional,A_3200_0.5,A,3200,0.5,abundant,162,161,0,45,90.0,0,1,1,1985,503,42.0,15.0,1.2263,6,0.267,514998,3179,0.0271,162,0.0,161,0.0,0
qt_prepunif6,qualtran,state_preparation,target,ccz,conventional_pace4,A_3200_0.5,A,3200,0.5,abundant,162,161,0,45,90.0,0,1,1,1985,503,42.0,15.0,1.2263,6,0.267,514998,3179,0.0271,162,0.0,161,0.0,0
qt_prepunif6,qualtran,state_preparation,target,ccz,commuting,A_400_0.25,A,400,0.25,constrained,274,152,0,45,90.0,0,176,176,619,0,42.0,15.0,1.2263,6,0.283,101106,369,0.1178,274,0.0,161,0.0559,1
qt_prepunif6,qualtran,state_preparation,target,ccz,commuting_pace1,A_400_0.25,A,400,0.25,constrained,274,163,0,45,90.0,0,111,111,619,0,40.0,12.86,1.3352,7,0.264,101106,369,0.1178,274,0.0,161,-0.0124,1
qt_prepunif6,qualtran,state_preparation,target,ccz,commuting_pace2,A_400_0.25,A,400,0.25,constrained,274,157,0,45,90.0,0,171,171,619,0,42.0,15.0,1.2263,6,0.274,101106,369,0.1178,274,0.0,161,0.0248,1
qt_prepunif6,qualtran,state_preparation,target,ccz,commuting_pace4,A_400_0.25,A,400,0.25,constrained,274,152,0,45,90.0,0,176,176,619,0,42.0,15.0,1.2263,6,0.283,101106,369,0.1178,274,0.0,161,0.0559,1
qt_prepunif6,qualtran,state_preparation,target,ccz,commuting_pace8,A_400_0.25,A,400,0.25,constrained,274,152,0,45,90.0,0,176,176,619,0,42.0,15.0,1.2263,6,0.283,101106,369,0.1178,274,0.0,161,0.0559,1
qt_prepunif6,qualtran,state_preparation,target,ccz,conventional,A_400_0.25,A,400,0.25,constrained,274,161,0,45,90.0,0,165,165,619,0,42.0,15.0,1.2263,6,0.267,101106,369,0.1178,274,0.0,161,0.0,1
qt_prepunif6,qualtran,state_preparation,target,ccz,conventional_pace4,A_400_0.25,A,400,0.25,constrained,274,161,0,45,90.0,0,165,165,619,0,42.0,15.0,1.2263,6,0.267,101106,369,0.1178,274,0.0,161,0.0,1
qt_prepunif6,qualtran,state_preparation,target,ccz,commuting,A_400_0.5,A,400,0.5,constrained,153,152,0,45,90.0,0,1,1,204,0,42.0,15.0,1.2263,6,0.283,63342,414,0.2231,162,0.0556,161,0.0559,0
qt_prepunif6,qualtran,state_preparation,target,ccz,commuting_pace1,A_400_0.5,A,400,0.5,constrained,164,163,0,45,90.0,0,1,1,222,3,40.0,12.86,1.3352,7,0.264,67896,414,0.2082,162,-0.0123,161,-0.0124,0
qt_prepunif6,qualtran,state_preparation,target,ccz,commuting_pace2,A_400_0.5,A,400,0.5,constrained,158,157,0,45,90.0,0,1,1,212,0,42.0,15.0,1.2263,6,0.274,65412,414,0.2161,162,0.0247,161,0.0248,0
qt_prepunif6,qualtran,state_preparation,target,ccz,commuting_pace4,A_400_0.5,A,400,0.5,constrained,153,152,0,45,90.0,0,1,1,204,0,42.0,15.0,1.2263,6,0.283,63342,414,0.2231,162,0.0556,161,0.0559,0
qt_prepunif6,qualtran,state_preparation,target,ccz,commuting_pace8,A_400_0.5,A,400,0.5,constrained,153,152,0,45,90.0,0,1,1,204,0,42.0,15.0,1.2263,6,0.283,63342,414,0.2231,162,0.0556,161,0.0559,0
qt_prepunif6,qualtran,state_preparation,target,ccz,conventional,A_400_0.5,A,400,0.5,constrained,162,161,0,45,90.0,0,1,1,219,2,42.0,15.0,1.2263,6,0.267,67068,414,0.2107,162,0.0,161,0.0,0
qt_prepunif6,qualtran,state_preparation,target,ccz,conventional_pace4,A_400_0.5,A,400,0.5,constrained,162,161,0,45,90.0,0,1,1,219,2,42.0,15.0,1.2263,6,0.267,67068,414,0.2107,162,0.0,161,0.0,0
qt_prepunif6,qualtran,state_preparation,target,ccz,commuting,A_400_0.75,A,400,0.75,constrained,153,152,0,45,90.0,0,1,1,86,23,42.0,15.0,1.2263,6,0.283,59211,387,0.2734,162,0.0556,161,0.0559,0
qt_prepunif6,qualtran,state_preparation,target,ccz,commuting_pace1,A_400_0.75,A,400,0.75,constrained,164,163,0,45,90.0,0,1,1,95,30,40.0,12.86,1.3352,7,0.264,63468,387,0.2551,162,-0.0123,161,-0.0124,0
qt_prepunif6,qualtran,state_preparation,target,ccz,commuting_pace2,A_400_0.75,A,400,0.75,constrained,158,157,0,45,90.0,0,1,1,90,26,42.0,15.0,1.2263,6,0.274,61146,387,0.2648,162,0.0247,161,0.0248,0
qt_prepunif6,qualtran,state_preparation,target,ccz,commuting_pace4,A_400_0.75,A,400,0.75,constrained,153,152,0,45,90.0,0,1,1,86,23,42.0,15.0,1.2263,6,0.283,59211,387,0.2734,162,0.0556,161,0.0559,0
qt_prepunif6,qualtran,state_preparation,target,ccz,commuting_pace8,A_400_0.75,A,400,0.75,constrained,153,152,0,45,90.0,0,1,1,86,23,42.0,15.0,1.2263,6,0.283,59211,387,0.2734,162,0.0556,161,0.0559,0
qt_prepunif6,qualtran,state_preparation,target,ccz,conventional,A_400_0.75,A,400,0.75,constrained,162,161,0,45,90.0,0,1,1,94,29,42.0,15.0,1.2263,6,0.267,62694,387,0.2582,162,0.0,161,0.0,0
qt_prepunif6,qualtran,state_preparation,target,ccz,conventional_pace4,A_400_0.75,A,400,0.75,constrained,162,161,0,45,90.0,0,1,1,94,29,42.0,15.0,1.2263,6,0.267,62694,387,0.2582,162,0.0,161,0.0,0
qt_prepunif6,qualtran,state_preparation,target,ccz,commuting,A_800_0.5,A,800,0.5,moderate,153,152,0,45,90.0,0,1,1,440,72,42.0,15.0,1.2263,6,0.283,126684,828,0.1116,162,0.0556,161,0.0559,0
qt_prepunif6,qualtran,state_preparation,target,ccz,commuting_pace1,A_800_0.5,A,800,0.5,moderate,164,163,0,45,90.0,0,1,1,476,83,40.0,12.86,1.3352,7,0.264,135792,828,0.1041,162,-0.0123,161,-0.0124,0
qt_prepunif6,qualtran,state_preparation,target,ccz,commuting_pace2,A_800_0.5,A,800,0.5,moderate,158,157,0,45,90.0,0,1,1,456,77,42.0,15.0,1.2263,6,0.274,130824,828,0.108,162,0.0247,161,0.0248,0
qt_prepunif6,qualtran,state_preparation,target,ccz,commuting_pace4,A_800_0.5,A,800,0.5,moderate,153,152,0,45,90.0,0,1,1,440,72,42.0,15.0,1.2263,6,0.283,126684,828,0.1116,162,0.0556,161,0.0559,0
qt_prepunif6,qualtran,state_preparation,target,ccz,commuting_pace8,A_800_0.5,A,800,0.5,moderate,153,152,0,45,90.0,0,1,1,440,72,42.0,15.0,1.2263,6,0.283,126684,828,0.1116,162,0.0556,161,0.0559,0
qt_prepunif6,qualtran,state_preparation,target,ccz,conventional,A_800_0.5,A,800,0.5,moderate,162,161,0,45,90.0,0,1,1,469,81,42.0,15.0,1.2263,6,0.267,134136,828,0.1054,162,0.0,161,0.0,0
qt_prepunif6,qualtran,state_preparation,target,ccz,conventional_pace4,A_800_0.5,A,800,0.5,moderate,162,161,0,45,90.0,0,1,1,469,81,42.0,15.0,1.2263,6,0.267,134136,828,0.1054,162,0.0,161,0.0,0
qt_prepunif6,qualtran,state_preparation,target,ccz,commuting,B_400_0.5,B,400,0.5,constrained,156,152,0,45,90.0,0,4,4,0,0,42.0,15.0,1.2263,6,0.283,60216,386,0.2975,165,0.0545,161,0.0559,0
qt_prepunif6,qualtran,state_preparation,target,ccz,commuting_pace1,B_400_0.5,B,400,0.5,constrained,167,163,0,45,90.0,0,4,4,0,0,40.0,12.86,1.3352,7,0.264,64462,386,0.2779,165,-0.0121,161,-0.0124,0
qt_prepunif6,qualtran,state_preparation,target,ccz,commuting_pace2,B_400_0.5,B,400,0.5,constrained,161,157,0,45,90.0,0,4,4,0,0,42.0,15.0,1.2263,6,0.274,62146,386,0.2882,165,0.0242,161,0.0248,0
qt_prepunif6,qualtran,state_preparation,target,ccz,commuting_pace4,B_400_0.5,B,400,0.5,constrained,156,152,0,45,90.0,0,4,4,0,0,42.0,15.0,1.2263,6,0.283,60216,386,0.2975,165,0.0545,161,0.0559,0
qt_prepunif6,qualtran,state_preparation,target,ccz,commuting_pace8,B_400_0.5,B,400,0.5,constrained,156,152,0,45,90.0,0,4,4,0,0,42.0,15.0,1.2263,6,0.283,60216,386,0.2975,165,0.0545,161,0.0559,0
qt_prepunif6,qualtran,state_preparation,target,ccz,conventional,B_400_0.5,B,400,0.5,constrained,165,161,0,45,90.0,0,4,4,0,0,42.0,15.0,1.2263,6,0.267,63690,386,0.2812,165,0.0,161,0.0,0
qt_prepunif6,qualtran,state_preparation,target,ccz,conventional_pace4,B_400_0.5,B,400,0.5,constrained,165,161,0,45,90.0,0,4,4,0,0,42.0,15.0,1.2263,6,0.267,63690,386,0.2812,165,0.0,161,0.0,0
qt_prepunif6,qualtran,state_preparation,target,ccz,commuting,C_400_0.5,C,400,0.5,constrained,156,152,0,45,90.0,0,4,4,0,0,42.0,15.0,1.2263,6,0.283,61464,394,0.2975,165,0.0545,161,0.0559,0
qt_prepunif6,qualtran,state_preparation,target,ccz,commuting_pace1,C_400_0.5,C,400,0.5,constrained,167,163,0,45,90.0,0,4,4,0,0,40.0,12.86,1.3352,7,0.264,65798,394,0.2779,165,-0.0121,161,-0.0124,0
qt_prepunif6,qualtran,state_preparation,target,ccz,commuting_pace2,C_400_0.5,C,400,0.5,constrained,161,157,0,45,90.0,0,4,4,0,0,42.0,15.0,1.2263,6,0.274,63434,394,0.2882,165,0.0242,161,0.0248,0
qt_prepunif6,qualtran,state_preparation,target,ccz,commuting_pace4,C_400_0.5,C,400,0.5,constrained,156,152,0,45,90.0,0,4,4,0,0,42.0,15.0,1.2263,6,0.283,61464,394,0.2975,165,0.0545,161,0.0559,0
qt_prepunif6,qualtran,state_preparation,target,ccz,commuting_pace8,C_400_0.5,C,400,0.5,constrained,156,152,0,45,90.0,0,4,4,0,0,42.0,15.0,1.2263,6,0.283,61464,394,0.2975,165,0.0545,161,0.0559,0
qt_prepunif6,qualtran,state_preparation,target,ccz,conventional,C_400_0.5,C,400,0.5,constrained,165,161,0,45,90.0,0,4,4,0,0,42.0,15.0,1.2263,6,0.267,65010,394,0.2812,165,0.0,161,0.0,0
qt_prepunif6,qualtran,state_preparation,target,ccz,conventional_pace4,C_400_0.5,C,400,0.5,constrained,165,161,0,45,90.0,0,4,4,0,0,42.0,15.0,1.2263,6,0.267,65010,394,0.2812,165,0.0,161,0.0,0
qt_prepunif6,qualtran,state_preparation,target,t,commuting,A_200_0.5,A,200,0.5,constrained,205,198,100,0,100.0,7,0,7,29,2,44.0,16.67,1.077,6,0.217,35055,171,0.4236,216,0.0509,209,0.0526,0
qt_prepunif6,qualtran,state_preparation,target,t,commuting_pace1,A_200_0.5,A,200,0.5,constrained,220,213,100,0,100.0,7,0,7,41,4,40.0,14.29,1.1384,7,0.202,37620,171,0.3947,216,-0.0185,209,-0.0191,0
qt_prepunif6,qualtran,state_preparation,target,t,commuting_pace2,A_200_0.5,A,200,0.5,constrained,212,205,100,0,100.0,7,0,7,35,3,44.0,16.67,1.077,6,0.21,36252,171,0.4096,216,0.0185,209,0.0191,0
qt_prepunif6,qualtran,state_preparation,target,t,commuting_pace4,A_200_0.5,A,200,0.5,constrained,205,198,100,0,100.0,7,0,7,29,2,44.0,16.67,1.077,6,0.217,35055,171,0.4236,216,0.0509,209,0.0526,0
qt_prepunif6,qualtran,state_preparation,target,t,commuting_pace8,A_200_0.5,A,200,0.5,constrained,205,198,100,0,100.0,7,0,7,29,2,44.0,16.67,1.077,6,0.217,35055,171,0.4236,216,0.0509,209,0.0526,0
qt_prepunif6,qualtran,state_preparation,target,t,conventional,A_200_0.5,A,200,0.5,constrained,216,209,100,0,100.0,7,0,7,38,4,44.0,16.67,1.077,6,0.206,36936,171,0.402,216,0.0,209,0.0,0
qt_prepunif6,qualtran,state_preparation,target,t,conventional_pace4,A_200_0.5,A,200,0.5,constrained,216,209,100,0,100.0,7,0,7,38,4,44.0,16.67,1.077,6,0.206,36936,171,0.402,216,0.0,209,0.0,0
qt_prepunif6,qualtran,state_preparation,target,t,commuting,A_3200_0.5,A,3200,0.5,abundant,204,198,100,0,100.0,6,0,6,2439,702,44.0,16.67,1.077,6,0.217,648516,3179,0.0239,215,0.0512,209,0.0526,0
qt_prepunif6,qualtran,state_preparation,target,t,commuting_pace1,A_3200_0.5,A,3200,0.5,abundant,219,213,100,0,100.0,6,0,6,2637,757,40.0,14.29,1.1384,7,0.202,696201,3179,0.0223,215,-0.0186,209,-0.0191,0
qt_prepunif6,qualtran,state_preparation,target,t,commuting_pace2,A_3200_0.5,A,3200,0.5,abundant,211,205,100,0,100.0,6,0,6,2531,727,44.0,16.67,1.077,6,0.21,670769,3179,0.0231,215,0.0186,209,0.0191,0
qt_prepunif6,qualtran,state_preparation,target,t,commuting_pace4,A_3200_0.5,A,3200,0.5,abundant,204,198,100,0,100.0,6,0,6,2439,702,44.0,16.67,1.077,6,0.217,648516,3179,0.0239,215,0.0512,209,0.0526,0
qt_prepunif6,qualtran,state_preparation,target,t,commuting_pace8,A_3200_0.5,A,3200,0.5,abundant,204,198,100,0,100.0,6,0,6,2439,702,44.0,16.67,1.077,6,0.217,648516,3179,0.0239,215,0.0512,209,0.0526,0
qt_prepunif6,qualtran,state_preparation,target,t,conventional,A_3200_0.5,A,3200,0.5,abundant,215,209,100,0,100.0,6,0,6,2584,742,44.0,16.67,1.077,6,0.206,683485,3179,0.0227,215,0.0,209,0.0,0
qt_prepunif6,qualtran,state_preparation,target,t,conventional_pace4,A_3200_0.5,A,3200,0.5,abundant,215,209,100,0,100.0,6,0,6,2584,742,44.0,16.67,1.077,6,0.206,683485,3179,0.0227,215,0.0,209,0.0,0
qt_prepunif6,qualtran,state_preparation,target,t,commuting,A_400_0.25,A,400,0.25,constrained,204,198,100,0,100.0,6,0,6,347,2,44.0,16.67,1.077,6,0.217,75276,369,0.1758,215,0.0512,209,0.0526,0
qt_prepunif6,qualtran,state_preparation,target,t,commuting_pace1,A_400_0.25,A,400,0.25,constrained,219,213,100,0,100.0,6,0,6,384,4,40.0,14.29,1.1384,7,0.202,80811,369,0.1638,215,-0.0186,209,-0.0191,0
qt_prepunif6,qualtran,state_preparation,target,t,commuting_pace2,A_400_0.25,A,400,0.25,constrained,211,205,100,0,100.0,6,0,6,364,3,44.0,16.67,1.077,6,0.21,77859,369,0.17,215,0.0186,209,0.0191,0
qt_prepunif6,qualtran,state_preparation,target,t,commuting_pace4,A_400_0.25,A,400,0.25,constrained,204,198,100,0,100.0,6,0,6,347,2,44.0,16.67,1.077,6,0.217,75276,369,0.1758,215,0.0512,209,0.0526,0
qt_prepunif6,qualtran,state_preparation,target,t,commuting_pace8,A_400_0.25,A,400,0.25,constrained,204,198,100,0,100.0,6,0,6,347,2,44.0,16.67,1.077,6,0.217,75276,369,0.1758,215,0.0512,209,0.0526,0
qt_prepunif6,qualtran,state_preparation,target,t,conventional,A_400_0.25,A,400,0.25,constrained,215,209,100,0,100.0,6,0,6,374,4,44.0,16.67,1.077,6,0.206,79335,369,0.1668,215,0.0,209,0.0,0
qt_prepunif6,qualtran,state_preparation,target,t,conventional_pace4,A_400_0.25,A,400,0.25,constrained,215,209,100,0,100.0,6,0,6,374,4,44.0,16.67,1.077,6,0.206,79335,369,0.1668,215,0.0,209,0.0,0
qt_prepunif6,qualtran,state_preparation,target,t,commuting,A_400_0.5,A,400,0.5,constrained,204,198,100,0,100.0,6,0,6,188,68,44.0,16.67,1.077,6,0.217,84456,414,0.1859,215,0.0512,209,0.0526,0
qt_prepunif6,qualtran,state_preparation,target,t,commuting_pace1,A_400_0.5,A,400,0.5,constrained,219,213,100,0,100.0,6,0,6,212,76,40.0,14.29,1.1384,7,0.202,90666,414,0.1732,215,-0.0186,209,-0.0191,0
qt_prepunif6,qualtran,state_preparation,target,t,commuting_pace2,A_400_0.5,A,400,0.5,constrained,211,205,100,0,100.0,6,0,6,199,72,44.0,16.67,1.077,6,0.21,87354,414,0.1798,215,0.0186,209,0.0191,0
qt_prepunif6,qualtran,state_preparation,target,t,commuting_pace4,A_400_0.5,A,400,0.5,constrained,204,198,100,0,100.0,6,0,6,188,68,44.0,16.67,1.077,6,0.217,84456,414,0.1859,215,0.0512,209,0.0526,0
qt_prepunif6,qualtran,state_preparation,target,t,commuting_pace8,A_400_0.5,A,400,0.5,constrained,204,198,100,0,100.0,6,0,6,188,68,44.0,16.67,1.077,6,0.217,84456,414,0.1859,215,0.0512,209,0.0526,0
qt_prepunif6,qualtran,state_preparation,target,t,conventional,A_400_0.5,A,400,0.5,constrained,215,209,100,0,100.0,6,0,6,206,74,44.0,16.67,1.077,6,0.206,89010,414,0.1764,215,0.0,209,0.0,0
qt_prepunif6,qualtran,state_preparation,target,t,conventional_pace4,A_400_0.5,A,400,0.5,constrained,215,209,100,0,100.0,6,0,6,206,74,44.0,16.67,1.077,6,0.206,89010,414,0.1764,215,0.0,209,0.0,0
qt_prepunif6,qualtran,state_preparation,target,t,commuting,A_400_0.75,A,400,0.75,constrained,205,198,100,0,100.0,7,0,7,29,102,44.0,16.67,1.077,6,0.217,79335,387,0.2267,216,0.0509,209,0.0526,0
qt_prepunif6,qualtran,state_preparation,target,t,commuting_pace1,A_400_0.75,A,400,0.75,constrained,220,213,100,0,100.0,7,0,7,41,112,40.0,14.29,1.1384,7,0.202,85140,387,0.2113,216,-0.0185,209,-0.0191,0
qt_prepunif6,qualtran,state_preparation,target,t,commuting_pace2,A_400_0.75,A,400,0.75,constrained,212,205,100,0,100.0,7,0,7,35,107,44.0,16.67,1.077,6,0.21,82044,387,0.2192,216,0.0185,209,0.0191,0
qt_prepunif6,qualtran,state_preparation,target,t,commuting_pace4,A_400_0.75,A,400,0.75,constrained,205,198,100,0,100.0,7,0,7,29,102,44.0,16.67,1.077,6,0.217,79335,387,0.2267,216,0.0509,209,0.0526,0
qt_prepunif6,qualtran,state_preparation,target,t,commuting_pace8,A_400_0.75,A,400,0.75,constrained,205,198,100,0,100.0,7,0,7,29,102,44.0,16.67,1.077,6,0.217,79335,387,0.2267,216,0.0509,209,0.0526,0
qt_prepunif6,qualtran,state_preparation,target,t,conventional,A_400_0.75,A,400,0.75,constrained,216,209,100,0,100.0,7,0,7,38,110,44.0,16.67,1.077,6,0.206,83592,387,0.2152,216,0.0,209,0.0,0
qt_prepunif6,qualtran,state_preparation,target,t,conventional_pace4,A_400_0.75,A,400,0.75,constrained,216,209,100,0,100.0,7,0,7,38,110,44.0,16.67,1.077,6,0.206,83592,387,0.2152,216,0.0,209,0.0,0
qt_prepunif6,qualtran,state_preparation,target,t,commuting,A_800_0.5,A,800,0.5,moderate,204,198,100,0,100.0,6,0,6,507,168,44.0,16.67,1.077,6,0.217,168912,828,0.093,215,0.0512,209,0.0526,0
qt_prepunif6,qualtran,state_preparation,target,t,commuting_pace1,A_800_0.5,A,800,0.5,moderate,219,213,100,0,100.0,6,0,6,556,183,40.0,14.29,1.1384,7,0.202,181332,828,0.0866,215,-0.0186,209,-0.0191,0
qt_prepunif6,qualtran,state_preparation,target,t,commuting_pace2,A_800_0.5,A,800,0.5,moderate,211,205,100,0,100.0,6,0,6,530,175,44.0,16.67,1.077,6,0.21,174708,828,0.0899,215,0.0186,209,0.0191,0
qt_prepunif6,qualtran,state_preparation,target,t,commuting_pace4,A_800_0.5,A,800,0.5,moderate,204,198,100,0,100.0,6,0,6,507,168,44.0,16.67,1.077,6,0.217,168912,828,0.093,215,0.0512,209,0.0526,0
qt_prepunif6,qualtran,state_preparation,target,t,commuting_pace8,A_800_0.5,A,800,0.5,moderate,204,198,100,0,100.0,6,0,6,507,168,44.0,16.67,1.077,6,0.217,168912,828,0.093,215,0.0512,209,0.0526,0
qt_prepunif6,qualtran,state_preparation,target,t,conventional,A_800_0.5,A,800,0.5,moderate,215,209,100,0,100.0,6,0,6,543,179,44.0,16.67,1.077,6,0.206,178020,828,0.0882,215,0.0,209,0.0,0
qt_prepunif6,qualtran,state_preparation,target,t,conventional_pace4,A_800_0.5,A,800,0.5,moderate,215,209,100,0,100.0,6,0,6,543,179,44.0,16.67,1.077,6,0.206,178020,828,0.0882,215,0.0,209,0.0,0
qt_prepunif6,qualtran,state_preparation,target,t,commuting,B_400_0.5,B,400,0.5,constrained,208,198,100,0,100.0,10,0,10,0,0,44.0,16.67,1.077,6,0.217,80288,386,0.2479,219,0.0502,209,0.0526,0
qt_prepunif6,qualtran,state_preparation,target,t,commuting_pace1,B_400_0.5,B,400,0.5,constrained,223,213,100,0,100.0,10,0,10,0,0,40.0,14.29,1.1384,7,0.202,86078,386,0.2312,219,-0.0183,209,-0.0191,0
qt_prepunif6,qualtran,state_preparation,target,t,commuting_pace2,B_400_0.5,B,400,0.5,constrained,215,205,100,0,100.0,10,0,10,0,0,44.0,16.67,1.077,6,0.21,82990,386,0.2398,219,0.0183,209,0.0191,0
qt_prepunif6,qualtran,state_preparation,target,t,commuting_pace4,B_400_0.5,B,400,0.5,constrained,208,198,100,0,100.0,10,0,10,0,0,44.0,16.67,1.077,6,0.217,80288,386,0.2479,219,0.0502,209,0.0526,0
qt_prepunif6,qualtran,state_preparation,target,t,commuting_pace8,B_400_0.5,B,400,0.5,constrained,208,198,100,0,100.0,10,0,10,0,0,44.0,16.67,1.077,6,0.217,80288,386,0.2479,219,0.0502,209,0.0526,0
qt_prepunif6,qualtran,state_preparation,target,t,conventional,B_400_0.5,B,400,0.5,constrained,219,209,100,0,100.0,10,0,10,0,0,44.0,16.67,1.077,6,0.206,84534,386,0.2354,219,0.0,209,0.0,0
qt_prepunif6,qualtran,state_preparation,target,t,conventional_pace4,B_400_0.5,B,400,0.5,constrained,219,209,100,0,100.0,10,0,10,0,0,44.0,16.67,1.077,6,0.206,84534,386,0.2354,219,0.0,209,0.0,0
qt_prepunif6,qualtran,state_preparation,target,t,commuting,C_400_0.5,C,400,0.5,constrained,204,198,100,0,100.0,6,0,6,0,0,44.0,16.67,1.077,6,0.217,80376,394,0.2528,215,0.0512,209,0.0526,0
qt_prepunif6,qualtran,state_preparation,target,t,commuting_pace1,C_400_0.5,C,400,0.5,constrained,219,213,100,0,100.0,6,0,6,0,0,40.0,14.29,1.1384,7,0.202,86286,394,0.2354,215,-0.0186,209,-0.0191,0
qt_prepunif6,qualtran,state_preparation,target,t,commuting_pace2,C_400_0.5,C,400,0.5,constrained,211,205,100,0,100.0,6,0,6,0,0,44.0,16.67,1.077,6,0.21,83134,394,0.2444,215,0.0186,209,0.0191,0
qt_prepunif6,qualtran,state_preparation,target,t,commuting_pace4,C_400_0.5,C,400,0.5,constrained,204,198,100,0,100.0,6,0,6,0,0,44.0,16.67,1.077,6,0.217,80376,394,0.2528,215,0.0512,209,0.0526,0
qt_prepunif6,qualtran,state_preparation,target,t,commuting_pace8,C_400_0.5,C,400,0.5,constrained,204,198,100,0,100.0,6,0,6,0,0,44.0,16.67,1.077,6,0.217,80376,394,0.2528,215,0.0512,209,0.0526,0
qt_prepunif6,qualtran,state_preparation,target,t,conventional,C_400_0.5,C,400,0.5,constrained,215,209,100,0,100.0,6,0,6,0,0,44.0,16.67,1.077,6,0.206,84710,394,0.2398,215,0.0,209,0.0,0
qt_prepunif6,qualtran,state_preparation,target,t,conventional_pace4,C_400_0.5,C,400,0.5,constrained,215,209,100,0,100.0,6,0,6,0,0,44.0,16.67,1.077,6,0.206,84710,394,0.2398,215,0.0,209,0.0,0
qt_qft6,qualtran,qft,target,ccz,commuting,A_200_0.5,A,200,0.5,constrained,815,87,4,135,274.0,0,806,806,624,0,128.0,54.0,0.878,5,0.621,139365,171,0.292,815,0.0,486,0.821,1
qt_qft6,qualtran,qft,target,ccz,commuting_pace1,A_200_0.5,A,200,0.5,constrained,815,472,4,135,274.0,0,343,343,624,0,40.0,12.86,1.3352,21,0.114,139365,171,0.292,815,0.0,486,0.0288,1
qt_qft6,qualtran,qft,target,ccz,commuting_pace2,A_200_0.5,A,200,0.5,constrained,815,422,4,135,274.0,0,575,575,624,0,42.0,19.29,0.9765,14,0.128,139365,171,0.292,815,0.0,486,0.1317,1
qt_qft6,qualtran,qft,target,ccz,commuting_pace4,A_200_0.5,A,200,0.5,constrained,815,287,4,135,274.0,0,800,800,624,0,80.0,30.0,1.0256,9,0.188,139365,171,0.292,815,0.0,486,0.4095,1
qt_qft6,qualtran,qft,target,ccz,commuting_pace8,A_200_0.5,A,200,0.5,constrained,815,161,4,135,274.0,0,806,806,624,0,84.0,38.57,0.8304,7,0.335,139365,171,0.292,815,0.0,486,0.6687,1
qt_qft6,qualtran,qft,target,ccz,conventional,A_200_0.5,A,200,0.5,constrained,815,486,4,135,274.0,0,329,329,624,0,40.0,12.86,1.3352,21,0.111,139365,171,0.292,815,0.0,486,0.0,1
qt_qft6,qualtran,qft,target,ccz,conventional_pace4,A_200_0.5,A,200,0.5,constrained,815,486,4,135,274.0,0,329,329,624,0,40.0,12.86,1.3352,21,0.111,139365,171,0.292,815,0.0,486,0.0,1
qt_qft6,qualtran,qft,target,ccz,commuting,A_3200_0.5,A,3200,0.5,abundant,89,87,4,135,274.0,1,3,4,1019,145,128.0,54.0,0.878,5,0.621,282931,3179,0.1501,488,0.8176,486,0.821,0
qt_qft6,qualtran,qft,target,ccz,commuting_pace1,A_3200_0.5,A,3200,0.5,abundant,474,472,4,135,274.0,0,2,2,6094,1557,40.0,12.86,1.3352,21,0.114,1506846,3179,0.0282,488,0.0287,486,0.0288,0
qt_qft6,qualtran,qft,target,ccz,commuting_pace2,A_3200_0.5,A,3200,0.5,abundant,424,422,4,135,274.0,0,2,2,5435,1373,42.0,19.29,0.9765,14,0.128,1347896,3179,0.0315,488,0.1311,486,0.1317,0
qt_qft6,qualtran,qft,target,ccz,commuting_pace4,A_3200_0.5,A,3200,0.5,abundant,289,287,4,135,274.0,1,2,3,3655,878,80.0,30.0,1.0256,9,0.188,918731,3179,0.0462,488,0.4078,486,0.4095,0
qt_qft6,qualtran,qft,target,ccz,commuting_pace8,A_3200_0.5,A,3200,0.5,abundant,163,161,4,135,274.0,1,2,3,1994,416,84.0,38.57,0.8304,7,0.335,518177,3179,0.0819,488,0.666,486,0.6687,0
qt_qft6,qualtran,qft,target,ccz,conventional,A_3200_0.5,A,3200,0.5,abundant,488,486,4,135,274.0,0,2,2,6279,1608,40.0,12.86,1.3352,21,0.111,1551352,3179,0.0274,488,0.0,486,0.0,0
qt_qft6,qualtran,qft,target,ccz,conventional_pace4,A_3200_0.5,A,3200,0.5,abundant,488,486,4,135,274.0,0,2,2,6279,1608,40.0,12.86,1.3352,21,0.111,1551352,3179,0.0274,488,0.0,486,0.0,0
qt_qft6,qualtran,qft,target,ccz,commuting,A_400_0.25,A,400,0.25,constrained,815,87,4,135,274.0,0,806,806,1943,0,128.0,54.0,0.878,5,0.621,300735,369,0.1206,815,0.0,486,0.821,1
qt_qft6,qualtran,qft,target,ccz,commuting_pace1,A_400_0.25,A,400,0.25,constrained,815,472,4,135,274.0,0,343,343,1943,0,40.0,12.86,1.3352,21,0.114,300735,369,0.1206,815,0.0,486,0.0288,1
qt_qft6,qualtran,qft,target,ccz,commuting_pace2,A_400_0.25,A,400,0.25,constrained,815,422,4,135,274.0,0,575,575,1943,0,42.0,19.29,0.9765,14,0.128,300735,369,0.1206,815,0.0,486,0.1317,1
qt_qft6,qualtran,qft,target,ccz,commuting_pace4,A_400_0.25,A,400,0.25,constrained,815,287,4,135,274.0,0,800,800,1943,0,80.0,30.0,1.0256,9,0.188,300735,369,0.1206,815,0.0,486,0.4095,1
qt_qft6,qualtran,qft,target,ccz,commuting_pace8,A_400_0.25,A,400,0.25,constrained,815,161,4,135,274.0,0,806,806,1943,0,84.0,38.57,0.8304,7,0.335,300735,369,0.1206,815,0.0,486,0.6687,1
qt_qft6,qualtran,qft,target,ccz,conventional,A_400_0.25,A,400,0.25,constrained,815,486,4,135,274.0,0,329,329,1943,0,40.0,12.86,1.3352,21,0.111,300735,369,0.1206,815,0.0,486,0.0,1
qt_qft6,qualtran,qft,target,ccz,conventional_pace4,A_400_0.25,A,400,0.25,constrained,815,486,4,135,274.0,0,329,329,1943,0,40.0,12.86,1.3352,21,0.111,300735,369,0.1206,815,0.0,486,0.0,1
qt_qft6,qualtran,qft,target,ccz,commuting,A_400_0.5,A,400,0.5,constrained,279,87,4,135,274.0,0,270,270,406,0,128.0,54.0,0.878,5,0.621,115506,414,0.3725,488,0.4283,486,0.821,1
qt_qft6,qualtran,qft,target,ccz,commuting_pace1,A_400_0.5,A,400,0.5,constrained,474,472,4,135,274.0,0,2,2,725,68,40.0,12.86,1.3352,21,0.114,196236,414,0.2193,488,0.0287,486,0.0288,0
qt_qft6,qualtran,qft,target,ccz,commuting_pace2,A_400_0.5,A,400,0.5,constrained,424,422,4,135,274.0,0,2,2,644,43,42.0,19.29,0.9765,14,0.128,175536,414,0.2451,488,0.1311,486,0.1317,0
qt_qft6,qualtran,qft,target,ccz,commuting_pace4,A_400_0.5,A,400,0.5,constrained,298,287,4,135,274.0,0,28,28,437,0,80.0,30.0,1.0256,9,0.188,123372,414,0.3488,488,0.3893,486,0.4095,0
qt_qft6,qualtran,qft,target,ccz,commuting_pace8,A_400_0.5,A,400,0.5,constrained,279,161,4,135,274.0,0,257,257,406,0,84.0,38.57,0.8304,7,0.335,115506,414,0.3725,488,0.4283,486,0.6687,1
qt_qft6,qualtran,qft,target,ccz,conventional,A_400_0.5,A,400,0.5,constrained,488,486,4,135,274.0,0,2,2,748,75,40.0,12.86,1.3352,21,0.111,202032,414,0.213,488,0.0,486,0.0,0
qt_qft6,qualtran,qft,target,ccz,conventional_pace4,A_400_0.5,A,400,0.5,constrained,488,486,4,135,274.0,0,2,2,748,75,40.0,12.86,1.3352,21,0.111,202032,414,0.213,488,0.0,486,0.0,0
qt_qft6,qualtran,qft,target,ccz,commuting,A_400_0.75,A,400,0.75,constrained,212,87,4,135,274.0,0,202,202,131,0,128.0,54.0,0.878,5,0.621,82044,387,0.6007,488,0.5656,486,0.821,1
qt_qft6,qualtran,qft,target,ccz,commuting_pace1,A_400_0.75,A,400,0.75,constrained,474,472,4,135,274.0,0,2,2,345,147,40.0,12.86,1.3352,21,0.114,183438,387,0.2687,488,0.0287,486,0.0288,0
qt_qft6,qualtran,qft,target,ccz,commuting_pace2,A_400_0.75,A,400,0.75,constrained,424,422,4,135,274.0,0,2,2,304,113,42.0,19.29,0.9765,14,0.128,164088,387,0.3004,488,0.1311,486,0.1317,0
qt_qft6,qualtran,qft,target,ccz,commuting_pace4,A_400_0.75,A,400,0.75,constrained,289,287,4,135,274.0,0,3,3,194,23,80.0,30.0,1.0256,9,0.188,111843,387,0.4407,488,0.4078,486,0.4095,0
qt_qft6,qualtran,qft,target,ccz,commuting_pace8,A_400_0.75,A,400,0.75,constrained,212,161,4,135,274.0,0,180,180,131,0,84.0,38.57,0.8304,7,0.335,82044,387,0.6007,488,0.5656,486,0.6687,1
qt_qft6,qualtran,qft,target,ccz,conventional,A_400_0.75,A,400,0.75,constrained,488,486,4,135,274.0,0,2,2,356,156,40.0,12.86,1.3352,21,0.111,188856,387,0.261,488,0.0,486,0.0,0
qt_qft6,qualtran,qft,target,ccz,conventional_pace4,A_400_0.75,A,400,0.75,constrained,488,486,4,135,274.0,0,2,2,356,156,40.0,12.86,1.3352,21,0.111,188856,387,0.261,488,0.0,486,0.0,0
qt_qft6,qualtran,qft,target,ccz,commuting,A_800_0.5,A,800,0.5,moderate,145,87,4,135,274.0,0,132,132,410,0,128.0,54.0,0.878,5,0.621,120060,828,0.3584,488,0.7029,486,0.821,1
qt_qft6,qualtran,qft,target,ccz,commuting_pace1,A_800_0.5,A,800,0.5,moderate,474,472,4,135,274.0,0,2,2,1486,303,40.0,12.86,1.3352,21,0.114,392472,828,0.1096,488,0.0287,486,0.0288,0
qt_qft6,qualtran,qft,target,ccz,commuting_pace2,A_800_0.5,A,800,0.5,moderate,424,422,4,135,274.0,0,2,2,1323,253,42.0,19.29,0.9765,14,0.128,351072,828,0.1226,488,0.1311,486,0.1317,0
qt_qft6,qualtran,qft,target,ccz,commuting_pace4,A_800_0.5,A,800,0.5,moderate,289,287,4,135,274.0,0,3,3,881,118,80.0,30.0,1.0256,9,0.188,239292,828,0.1798,488,0.4078,486,0.4095,0
qt_qft6,qualtran,qft,target,ccz,commuting_pace8,A_800_0.5,A,800,0.5,moderate,163,161,4,135,274.0,0,30,30,468,0,84.0,38.57,0.8304,7,0.335,134964,828,0.3188,488,0.666,486,0.6687,0
qt_qft6,qualtran,qft,target,ccz,conventional,A_800_0.5,A,800,0.5,moderate,488,486,4,135,274.0,0,2,2,1532,317,40.0,12.86,1.3352,21,0.111,404064,828,0.1065,488,0.0,486,0.0,0
qt_qft6,qualtran,qft,target,ccz,conventional_pace4,A_800_0.5,A,800,0.5,moderate,488,486,4,135,274.0,0,2,2,1532,317,40.0,12.86,1.3352,21,0.111,404064,828,0.1065,488,0.0,486,0.0,0
qt_qft6,qualtran,qft,target,ccz,commuting,B_400_0.5,B,400,0.5,constrained,416,87,4,135,274.0,0,407,407,0,0,128.0,54.0,0.878,5,0.621,160576,386,0.3396,491,0.1527,486,0.821,1
qt_qft6,qualtran,qft,target,ccz,commuting_pace1,B_400_0.5,B,400,0.5,constrained,477,472,4,135,274.0,0,5,5,0,0,40.0,12.86,1.3352,21,0.114,184122,386,0.2962,491,0.0285,486,0.0288,0
qt_qft6,qualtran,qft,target,ccz,commuting_pace2,B_400_0.5,B,400,0.5,constrained,427,422,4,135,274.0,0,5,5,0,0,42.0,19.29,0.9765,14,0.128,164822,386,0.3309,491,0.1303,486,0.1317,0
qt_qft6,qualtran,qft,target,ccz,commuting_pace4,B_400_0.5,B,400,0.5,constrained,416,287,4,135,274.0,0,134,134,0,0,80.0,30.0,1.0256,9,0.188,160576,386,0.3396,491,0.1527,486,0.4095,1
qt_qft6,qualtran,qft,target,ccz,commuting_pace8,B_400_0.5,B,400,0.5,constrained,416,161,4,135,274.0,0,402,402,0,0,84.0,38.57,0.8304,7,0.335,160576,386,0.3396,491,0.1527,486,0.6687,1
qt_qft6,qualtran,qft,target,ccz,conventional,B_400_0.5,B,400,0.5,constrained,491,486,4,135,274.0,0,5,5,0,0,40.0,12.86,1.3352,21,0.111,189526,386,0.2877,491,0.0,486,0.0,0
qt_qft6,qualtran,qft,target,ccz,conventional_pace4,B_400_0.5,B,400,0.5,constrained,491,486,4,135,274.0,0,5,5,0,0,40.0,12.86,1.3352,21,0.111,189526,386,0.2877,491,0.0,486,0.0,0
qt_qft6,qualtran,qft,target,ccz,commuting,C_400_0.5,C,400,0.5,constrained,416,87,4,135,274.0,0,407,407,0,0,128.0,54.0,0.878,5,0.621,163904,394,0.3396,491,0.1527,486,0.821,1
qt_qft6,qualtran,qft,target,ccz,commuting_pace1,C_400_0.5,C,400,0.5,constrained,477,472,4,135,274.0,0,5,5,0,0,40.0,12.86,1.3352,21,0.114,187938,394,0.2962,491,0.0285,486,0.0288,0
qt_qft6,qualtran,qft,target,ccz,commuting_pace2,C_400_0.5,C,400,0.5,constrained,427,422,4,135,274.0,0,5,5,0,0,42.0,19.29,0.9765,14,0.128,168238,394,0.3309,491,0.1303,486,0.1317,0
qt_qft6,qualtran,qft,target,ccz,commuting_pace4,C_400_0.5,C,400,0.5,constrained,416,287,4,135,274.0,0,180,180,0,0,80.0,30.0,1.0256,9,0.188,163904,394,0.3396,491,0.1527,486,0.4095,1
qt_qft6,qualtran,qft,target,ccz,commuting_pace8,C_400_0.5,C,400,0.5,constrained,416,161,4,135,274.0,0,402,402,0,0,84.0,38.57,0.8304,7,0.335,163904,394,0.3396,491,0.1527,486,0.6687,1
qt_qft6,qualtran,qft,target,ccz,conventional,C_400_0.5,C,400,0.5,constrained,491,486,4,135,274.0,0,5,5,0,0,40.0,12.86,1.3352,21,0.111,193454,394,0.2877,491,0.0,486,0.0,0
qt_qft6,qualtran,qft,target,ccz,conventional_pace4,C_400_0.5,C,400,0.5,constrained,491,486,4,135,274.0,0,5,5,0,0,40.0,12.86,1.3352,21,0.111,193454,394,0.2877,491,0.0,486,0.0,0
qt_qft6,qualtran,qft,target,t,commuting,A_200_0.5,A,200,0.5,constrained,385,113,304,0,304.0,377,0,377,0,32,136.0,60.0,0.8055,5,0.478,65835,171,0.6857,644,0.4022,636,0.8223,1
qt_qft6,qualtran,qft,target,t,commuting_pace1,A_200_0.5,A,200,0.5,constrained,630,622,304,0,304.0,8,0,8,173,73,40.0,14.29,1.1384,21,0.087,107730,171,0.419,644,0.0217,636,0.022,0
qt_qft6,qualtran,qft,target,t,commuting_pace2,A_200_0.5,A,200,0.5,constrained,566,558,304,0,304.0,8,0,8,120,62,44.0,21.43,0.8366,14,0.097,96786,171,0.4664,644,0.1211,636,0.1226,0
qt_qft6,qualtran,qft,target,t,commuting_pace4,A_200_0.5,A,200,0.5,constrained,411,377,304,0,304.0,109,0,109,0,36,80.0,33.33,0.8672,9,0.143,70281,171,0.6423,644,0.3618,636,0.4072,0
qt_qft6,qualtran,qft,target,t,commuting_pace8,A_200_0.5,A,200,0.5,constrained,385,211,304,0,304.0,375,0,375,0,32,88.0,42.86,0.719,7,0.256,65835,171,0.6857,644,0.4022,636,0.6682,1
qt_qft6,qualtran,qft,target,t,conventional,A_200_0.5,A,200,0.5,constrained,644,636,304,0,304.0,8,0,8,184,75,40.0,14.29,1.1384,21,0.085,110124,171,0.4099,644,0.0,636,0.0,0
qt_qft6,qualtran,qft,target,t,conventional_pace4,A_200_0.5,A,200,0.5,constrained,644,636,304,0,304.0,8,0,8,184,75,40.0,14.29,1.1384,21,0.085,110124,171,0.4099,644,0.0,636,0.0,0
qt_qft6,qualtran,qft,target,t,commuting,A_3200_0.5,A,3200,0.5,abundant,120,113,304,0,304.0,7,0,7,1128,394,136.0,60.0,0.8055,5,0.478,381480,3179,0.1235,643,0.8134,636,0.8223,0
qt_qft6,qualtran,qft,target,t,commuting_pace1,A_3200_0.5,A,3200,0.5,abundant,629,622,304,0,304.0,7,0,7,7837,2260,40.0,14.29,1.1384,21,0.087,1999591,3179,0.0236,643,0.0218,636,0.022,0
qt_qft6,qualtran,qft,target,t,commuting_pace2,A_3200_0.5,A,3200,0.5,abundant,565,558,304,0,304.0,7,0,7,6994,2025,44.0,21.43,0.8366,14,0.097,1796135,3179,0.0262,643,0.1213,636,0.1226,0
qt_qft6,qualtran,qft,target,t,commuting_pace4,A_3200_0.5,A,3200,0.5,abundant,384,377,304,0,304.0,7,0,7,4608,1362,80.0,33.33,0.8672,9,0.143,1220736,3179,0.0386,643,0.4028,636,0.4072,0
qt_qft6,qualtran,qft,target,t,commuting_pace8,A_3200_0.5,A,3200,0.5,abundant,218,211,304,0,304.0,7,0,7,2419,753,88.0,42.86,0.719,7,0.256,693022,3179,0.068,643,0.661,636,0.6682,0
qt_qft6,qualtran,qft,target,t,conventional,A_3200_0.5,A,3200,0.5,abundant,643,636,304,0,304.0,7,0,7,8022,2311,40.0,14.29,1.1384,21,0.085,2044097,3179,0.023,643,0.0,636,0.0,0
qt_qft6,qualtran,qft,target,t,conventional_pace4,A_3200_0.5,A,3200,0.5,abundant,643,636,304,0,304.0,7,0,7,8022,2311,40.0,14.29,1.1384,21,0.085,2044097,3179,0.023,643,0.0,636,0.0,0
qt_qft6,qualtran,qft,target,t,commuting,A_400_0.25,A,400,0.25,constrained,138,113,304,0,304.0,116,0,116,0,0,136.0,60.0,0.8055,5,0.478,50922,369,0.7902,643,0.7854,636,0.8223,1
qt_qft6,qualtran,qft,target,t,commuting_pace1,A_400_0.25,A,400,0.25,constrained,629,622,304,0,304.0,7,0,7,1186,73,40.0,14.29,1.1384,21,0.087,232101,369,0.1734,643,0.0218,636,0.022,0
qt_qft6,qualtran,qft,target,t,commuting_pace2,A_400_0.25,A,400,0.25,constrained,565,558,304,0,304.0,7,0,7,1029,62,44.0,21.43,0.8366,14,0.097,208485,369,0.193,643,0.1213,636,0.1226,0
qt_qft6,qualtran,qft,target,t,commuting_pace4,A_400_0.25,A,400,0.25,constrained,384,377,304,0,304.0,8,0,8,585,32,80.0,33.33,0.8672,9,0.143,141696,369,0.284,643,0.4028,636,0.4072,0
qt_qft6,qualtran,qft,target,t,commuting_pace8,A_400_0.25,A,400,0.25,constrained,218,211,304,0,304.0,9,0,9,177,4,88.0,42.86,0.719,7,0.256,80442,369,0.5002,643,0.661,636,0.6682,0
qt_qft6,qualtran,qft,target,t,conventional,A_400_0.25,A,400,0.25,constrained,643,636,304,0,304.0,7,0,7,1221,75,40.0,14.29,1.1384,21,0.085,237267,369,0.1696,643,0.0,636,0.0,0
qt_qft6,qualtran,qft,target,t,conventional_pace4,A_400_0.25,A,400,0.25,constrained,643,636,304,0,304.0,7,0,7,1221,75,40.0,14.29,1.1384,21,0.085,237267,369,0.1696,643,0.0,636,0.0,0
qt_qft6,qualtran,qft,target,t,commuting,A_400_0.5,A,400,0.5,constrained,200,113,304,0,304.0,191,0,191,0,66,136.0,60.0,0.8055,5,0.478,82800,414,0.5766,643,0.689,636,0.8223,1
qt_qft6,qualtran,qft,target,t,commuting_pace1,A_400_0.5,A,400,0.5,constrained,629,622,304,0,304.0,7,0,7,679,281,40.0,14.29,1.1384,21,0.087,260406,414,0.1833,643,0.0218,636,0.022,0
qt_qft6,qualtran,qft,target,t,commuting_pace2,A_400_0.5,A,400,0.5,constrained,565,558,304,0,304.0,7,0,7,574,249,44.0,21.43,0.8366,14,0.097,233910,414,0.2041,643,0.1213,636,0.1226,0
qt_qft6,qualtran,qft,target,t,commuting_pace4,A_400_0.5,A,400,0.5,constrained,385,377,304,0,304.0,10,0,10,280,159,80.0,33.33,0.8672,9,0.143,159390,414,0.2995,643,0.4012,636,0.4072,0
qt_qft6,qualtran,qft,target,t,commuting_pace8,A_400_0.5,A,400,0.5,constrained,222,211,304,0,304.0,74,0,74,13,77,88.0,42.86,0.719,7,0.256,91908,414,0.5194,643,0.6547,636,0.6682,0
qt_qft6,qualtran,qft,target,t,conventional,A_400_0.5,A,400,0.5,constrained,643,636,304,0,304.0,7,0,7,702,288,40.0,14.29,1.1384,21,0.085,266202,414,0.1793,643,0.0,636,0.0,0
qt_qft6,qualtran,qft,target,t,conventional_pace4,A_400_0.5,A,400,0.5,constrained,643,636,304,0,304.0,7,0,7,702,288,40.0,14.29,1.1384,21,0.085,266202,414,0.1793,643,0.0,636,0.0,0
qt_qft6,qualtran,qft,target,t,commuting,A_400_0.75,A,400,0.75,constrained,385,113,304,0,304.0,377,0,377,0,222,136.0,60.0,0.8055,5,0.478,148995,387,0.367,644,0.4022,636,0.8223,1
qt_qft6,qualtran,qft,target,t,commuting_pace1,A_400_0.75,A,400,0.75,constrained,630,622,304,0,304.0,8,0,8,173,386,40.0,14.29,1.1384,21,0.087,243810,387,0.2243,644,0.0217,636,0.022,0
qt_qft6,qualtran,qft,target,t,commuting_pace2,A_400_0.75,A,400,0.75,constrained,566,558,304,0,304.0,8,0,8,120,343,44.0,21.43,0.8366,14,0.097,219042,387,0.2496,644,0.1211,636,0.1226,0
qt_qft6,qualtran,qft,target,t,commuting_pace4,A_400_0.75,A,400,0.75,constrained,411,377,304,0,304.0,109,0,109,0,240,80.0,33.33,0.8672,9,0.143,159057,387,0.3438,644,0.3618,636,0.4072,0
qt_qft6,qualtran,qft,target,t,commuting_pace8,A_400_0.75,A,400,0.75,constrained,385,211,304,0,304.0,375,0,375,0,222,88.0,42.86,0.719,7,0.256,148995,387,0.367,644,0.4022,636,0.6682,1
qt_qft6,qualtran,qft,target,t,conventional,A_400_0.75,A,400,0.75,constrained,644,636,304,0,304.0,8,0,8,184,395,40.0,14.29,1.1384,21,0.085,249228,387,0.2194,644,0.0,636,0.0,0
qt_qft6,qualtran,qft,target,t,conventional_pace4,A_400_0.75,A,400,0.75,constrained,644,636,304,0,304.0,8,0,8,184,395,40.0,14.29,1.1384,21,0.085,249228,387,0.2194,644,0.0,636,0.0,0
qt_qft6,qualtran,qft,target,t,commuting,A_800_0.5,A,800,0.5,moderate,121,113,304,0,304.0,13,0,13,31,85,136.0,60.0,0.8055,5,0.478,100188,828,0.4765,643,0.8118,636,0.8223,0
qt_qft6,qualtran,qft,target,t,commuting_pace1,A_800_0.5,A,800,0.5,moderate,629,622,304,0,304.0,7,0,7,1694,593,40.0,14.29,1.1384,21,0.087,520812,828,0.0917,643,0.0218,636,0.022,0
qt_qft6,qualtran,qft,target,t,commuting_pace2,A_800_0.5,A,800,0.5,moderate,565,558,304,0,304.0,7,0,7,1484,529,44.0,21.43,0.8366,14,0.097,467820,828,0.102,643,0.1213,636,0.1226,0
qt_qft6,qualtran,qft,target,t,commuting_pace4,A_800_0.5,A,800,0.5,moderate,384,377,304,0,304.0,7,0,7,892,348,80.0,33.33,0.8672,9,0.143,317952,828,0.1501,643,0.4028,636,0.4072,0
qt_qft6,qualtran,qft,target,t,commuting_pace8,A_800_0.5,A,800,0.5,moderate,218,211,304,0,304.0,8,0,8,348,182,88.0,42.86,0.719,7,0.256,180504,828,0.2645,643,0.661,636,0.6682,0
qt_qft6,qualtran,qft,target,t,conventional,A_800_0.5,A,800,0.5,moderate,643,636,304,0,304.0,7,0,7,1739,607,40.0,14.29,1.1384,21,0.085,532404,828,0.0897,643,0.0,636,0.0,0
qt_qft6,qualtran,qft,target,t,conventional_pace4,A_800_0.5,A,800,0.5,moderate,643,636,304,0,304.0,7,0,7,1739,607,40.0,14.29,1.1384,21,0.085,532404,828,0.0897,643,0.0,636,0.0,0
qt_qft6,qualtran,qft,target,t,commuting,B_400_0.5,B,400,0.5,constrained,256,113,304,0,304.0,248,0,248,0,0,136.0,60.0,0.8055,5,0.478,98816,386,0.6123,647,0.6043,636,0.8223,1
qt_qft6,qualtran,qft,target,t,commuting_pace1,B_400_0.5,B,400,0.5,constrained,633,622,304,0,304.0,11,0,11,0,0,40.0,14.29,1.1384,21,0.087,244338,386,0.2476,647,0.0216,636,0.022,0
qt_qft6,qualtran,qft,target,t,commuting_pace2,B_400_0.5,B,400,0.5,constrained,569,558,304,0,304.0,11,0,11,0,0,44.0,21.43,0.8366,14,0.097,219634,386,0.2755,647,0.1206,636,0.1226,0
qt_qft6,qualtran,qft,target,t,commuting_pace4,B_400_0.5,B,400,0.5,constrained,388,377,304,0,304.0,13,0,13,0,0,80.0,33.33,0.8672,9,0.143,149768,386,0.404,647,0.4003,636,0.4072,0
qt_qft6,qualtran,qft,target,t,commuting_pace8,B_400_0.5,B,400,0.5,constrained,256,211,304,0,304.0,226,0,226,0,0,88.0,42.86,0.719,7,0.256,98816,386,0.6123,647,0.6043,636,0.6682,1
qt_qft6,qualtran,qft,target,t,conventional,B_400_0.5,B,400,0.5,constrained,647,636,304,0,304.0,11,0,11,0,0,40.0,14.29,1.1384,21,0.085,249742,386,0.2423,647,0.0,636,0.0,0
qt_qft6,qualtran,qft,target,t,conventional_pace4,B_400_0.5,B,400,0.5,constrained,647,636,304,0,304.0,11,0,11,0,0,40.0,14.29,1.1384,21,0.085,249742,386,0.2423,647,0.0,636,0.0,0
qt_qft6,qualtran,qft,target,t,commuting,C_400_0.5,C,400,0.5,constrained,252,113,304,0,304.0,244,0,244,0,0,136.0,60.0,0.8055,5,0.478,99288,394,0.622,643,0.6081,636,0.8223,1
qt_qft6,qualtran,qft,target,t,commuting_pace1,C_400_0.5,C,400,0.5,constrained,629,622,304,0,304.0,7,0,7,0,0,40.0,14.29,1.1384,21,0.087,247826,394,0.2492,643,0.0218,636,0.022,0
qt_qft6,qualtran,qft,target,t,commuting_pace2,C_400_0.5,C,400,0.5,constrained,565,558,304,0,304.0,7,0,7,0,0,44.0,21.43,0.8366,14,0.097,222610,394,0.2774,643,0.1213,636,0.1226,0
qt_qft6,qualtran,qft,target,t,commuting_pace4,C_400_0.5,C,400,0.5,constrained,385,377,304,0,304.0,11,0,11,0,0,80.0,33.33,0.8672,9,0.143,151690,394,0.4071,643,0.4012,636,0.4072,0
qt_qft6,qualtran,qft,target,t,commuting_pace8,C_400_0.5,C,400,0.5,constrained,252,211,304,0,304.0,222,0,222,0,0,88.0,42.86,0.719,7,0.256,99288,394,0.622,643,0.6081,636,0.6682,1
qt_qft6,qualtran,qft,target,t,conventional,C_400_0.5,C,400,0.5,constrained,643,636,304,0,304.0,7,0,7,0,0,40.0,14.29,1.1384,21,0.085,253342,394,0.2438,643,0.0,636,0.0,0
qt_qft6,qualtran,qft,target,t,conventional_pace4,C_400_0.5,C,400,0.5,constrained,643,636,304,0,304.0,7,0,7,0,0,40.0,14.29,1.1384,21,0.085,253342,394,0.2438,643,0.0,636,0.0,0
qt_qft8,qualtran,qft,target,ccz,commuting,A_200_0.5,A,200,0.5,constrained,1973,148,6,328,662.0,0,1964,1964,1569,0,212.0,93.71,0.7891,7,0.649,337383,171,0.2914,1973,0.0,1132,0.8693,1
qt_qft8,qualtran,qft,target,ccz,commuting_pace1,A_200_0.5,A,200,0.5,constrained,1973,1105,6,328,662.0,0,868,868,1569,0,40.0,15.26,1.1871,43,0.087,337383,171,0.2914,1973,0.0,1132,0.0239,1
qt_qft8,qualtran,qft,target,ccz,commuting_pace2,A_200_0.5,A,200,0.5,constrained,1973,1000,6,328,662.0,0,1562,1562,1569,0,42.0,24.3,0.785,27,0.096,337383,171,0.2914,1973,0.0,1132,0.1166,1
qt_qft8,qualtran,qft,target,ccz,commuting_pace4,A_200_0.5,A,200,0.5,constrained,1973,611,6,328,662.0,0,1958,1958,1569,0,84.0,38.59,0.8239,17,0.157,337383,171,0.2914,1973,0.0,1132,0.4602,1
qt_qft8,qualtran,qft,target,ccz,commuting_pace8,A_200_0.5,A,200,0.5,constrained,1973,355,6,328,662.0,0,1964,1964,1569,0,122.0,54.67,0.7129,12,0.27,337383,171,0.2914,1973,0.0,1132,0.6864,1
qt_qft8,qualtran,qft,target,ccz,conventional,A_200_0.5,A,200,0.5,constrained,1973,1132,6,328,662.0,0,841,841,1569,0,40.0,15.26,1.1871,43,0.085,337383,171,0.2914,1973,0.0,1132,0.0,1
qt_qft8,qualtran,qft,target,ccz,conventional_pace4,A_200_0.5,A,200,0.5,constrained,1973,1132,6,328,662.0,0,841,841,1569,0,40.0,15.26,1.1871,43,0.085,337383,171,0.2914,1973,0.0,1132,0.0,1
qt_qft8,qualtran,qft,target,ccz,commuting,A_3200_0.5,A,3200,0.5,abundant,150,148,6,328,662.0,1,3,4,1821,176,212.0,93.71,0.7891,7,0.649,476850,3179,0.2151,1134,0.8677,1132,0.8693,0
qt_qft8,qualtran,qft,target,ccz,commuting_pace1,A_3200_0.5,A,3200,0.5,abundant,1107,1105,6,328,662.0,0,2,2,14436,3685,40.0,15.26,1.1871,43,0.087,3519153,3179,0.0291,1134,0.0238,1132,0.0239,0
qt_qft8,qualtran,qft,target,ccz,commuting_pace2,A_3200_0.5,A,3200,0.5,abundant,1002,1000,6,328,662.0,0,2,2,13052,3300,42.0,24.3,0.785,27,0.096,3185358,3179,0.0322,1134,0.1164,1132,0.1166,0
qt_qft8,qualtran,qft,target,ccz,commuting_pace4,A_3200_0.5,A,3200,0.5,abundant,613,611,6,328,662.0,1,2,3,7924,1873,84.0,38.59,0.8239,17,0.157,1948727,3179,0.0526,1134,0.4594,1132,0.4602,0
qt_qft8,qualtran,qft,target,ccz,commuting_pace8,A_3200_0.5,A,3200,0.5,abundant,357,355,6,328,662.0,1,2,3,4550,935,122.0,54.67,0.7129,12,0.27,1134903,3179,0.0904,1134,0.6852,1132,0.6864,0
qt_qft8,qualtran,qft,target,ccz,conventional,A_3200_0.5,A,3200,0.5,abundant,1134,1132,6,328,662.0,0,2,2,14792,3784,40.0,15.26,1.1871,43,0.085,3604986,3179,0.0285,1134,0.0,1132,0.0,0
qt_qft8,qualtran,qft,target,ccz,conventional_pace4,A_3200_0.5,A,3200,0.5,abundant,1134,1132,6,328,662.0,0,2,2,14792,3784,40.0,15.26,1.1871,43,0.085,3604986,3179,0.0285,1134,0.0,1132,0.0,0
qt_qft8,qualtran,qft,target,ccz,commuting,A_400_0.25,A,400,0.25,constrained,1973,148,6,328,662.0,0,1964,1964,4783,0,212.0,93.71,0.7891,7,0.649,728037,369,0.1204,1973,0.0,1132,0.8693,1
qt_qft8,qualtran,qft,target,ccz,commuting_pace1,A_400_0.25,A,400,0.25,constrained,1973,1105,6,328,662.0,0,868,868,4783,0,40.0,15.26,1.1871,43,0.087,728037,369,0.1204,1973,0.0,1132,0.0239,1
qt_qft8,qualtran,qft,target,ccz,commuting_pace2,A_400_0.25,A,400,0.25,constrained,1973,1000,6,328,662.0,0,1562,1562,4783,0,42.0,24.3,0.785,27,0.096,728037,369,0.1204,1973,0.0,1132,0.1166,1
qt_qft8,qualtran,qft,target,ccz,commuting_pace4,A_400_0.25,A,400,0.25,constrained,1973,611,6,328,662.0,0,1958,1958,4783,0,84.0,38.59,0.8239,17,0.157,728037,369,0.1204,1973,0.0,1132,0.4602,1
qt_qft8,qualtran,qft,target,ccz,commuting_pace8,A_400_0.25,A,400,0.25,constrained,1973,355,6,328,662.0,0,1964,1964,4783,0,122.0,54.67,0.7129,12,0.27,728037,369,0.1204,1973,0.0,1132,0.6864,1
qt_qft8,qualtran,qft,target,ccz,conventional,A_400_0.25,A,400,0.25,constrained,1973,1132,6,328,662.0,0,841,841,4783,0,40.0,15.26,1.1871,43,0.085,728037,369,0.1204,1973,0.0,1132,0.0,1
qt_qft8,qualtran,qft,target,ccz,conventional_pace4,A_400_0.25,A,400,0.25,constrained,1973,1132,6,328,662.0,0,841,841,4783,0,40.0,15.26,1.1871,43,0.085,728037,369,0.1204,1973,0.0,1132,0.0,1
qt_qft8,qualtran,qft,target,ccz,commuting,A_400_0.5,A,400,0.5,constrained,665,148,6,328,662.0,0,656,656,1036,0,212.0,93.71,0.7891,7,0.649,275310,414,0.3776,1134,0.4136,1132,0.8693,1
qt_qft8,qualtran,qft,target,ccz,commuting_pace1,A_400_0.5,A,400,0.5,constrained,1107,1105,6,328,662.0,0,2,2,1759,192,40.0,15.26,1.1871,43,0.087,458298,414,0.2268,1134,0.0238,1132,0.0239,0
qt_qft8,qualtran,qft,target,ccz,commuting_pace2,A_400_0.5,A,400,0.5,constrained,1002,1000,6,328,662.0,0,2,2,1587,139,42.0,24.3,0.785,27,0.096,414828,414,0.2506,1134,0.1164,1132,0.1166,0
qt_qft8,qualtran,qft,target,ccz,commuting_pace4,A_400_0.5,A,400,0.5,constrained,682,611,6,328,662.0,0,198,198,1064,0,84.0,38.59,0.8239,17,0.157,282348,414,0.3682,1134,0.3986,1132,0.4602,1
qt_qft8,qualtran,qft,target,ccz,commuting_pace8,A_400_0.5,A,400,0.5,constrained,665,355,6,328,662.0,0,643,643,1036,0,122.0,54.67,0.7129,12,0.27,275310,414,0.3776,1134,0.4136,1132,0.6864,1
qt_qft8,qualtran,qft,target,ccz,conventional,A_400_0.5,A,400,0.5,constrained,1134,1132,6,328,662.0,0,2,2,1803,205,40.0,15.26,1.1871,43,0.085,469476,414,0.2214,1134,0.0,1132,0.0,0
qt_qft8,qualtran,qft,target,ccz,conventional_pace4,A_400_0.5,A,400,0.5,constrained,1134,1132,6,328,662.0,0,2,2,1803,205,40.0,15.26,1.1871,43,0.085,469476,414,0.2214,1134,0.0,1132,0.0,0
qt_qft8,qualtran,qft,target,ccz,commuting,A_400_0.75,A,400,0.75,constrained,501,148,6,328,662.0,0,492,492,365,0,212.0,93.71,0.7891,7,0.649,193887,387,0.6142,1134,0.5582,1132,0.8693,1
qt_qft8,qualtran,qft,target,ccz,commuting_pace1,A_400_0.75,A,400,0.75,constrained,1107,1105,6,328,662.0,0,2,2,861,376,40.0,15.26,1.1871,43,0.087,428409,387,0.2779,1134,0.0238,1132,0.0239,0
qt_qft8,qualtran,qft,target,ccz,commuting_pace2,A_400_0.75,A,400,0.75,constrained,1002,1000,6,328,662.0,0,2,2,775,306,42.0,24.3,0.785,27,0.096,387774,387,0.3071,1134,0.1164,1132,0.1166,0
qt_qft8,qualtran,qft,target,ccz,commuting_pace4,A_400_0.75,A,400,0.75,constrained,613,611,6,328,662.0,0,3,3,457,46,84.0,38.59,0.8239,17,0.157,237231,387,0.5019,1134,0.4594,1132,0.4602,0
qt_qft8,qualtran,qft,target,ccz,commuting_pace8,A_400_0.75,A,400,0.75,constrained,501,355,6,328,662.0,0,467,467,365,0,122.0,54.67,0.7129,12,0.27,193887,387,0.6142,1134,0.5582,1132,0.6864,1
qt_qft8,qualtran,qft,target,ccz,conventional,A_400_0.75,A,400,0.75,constrained,1134,1132,6,328,662.0,0,2,2,883,394,40.0,15.26,1.1871,43,0.085,438858,387,0.2713,1134,0.0,1132,0.0,0
qt_qft8,qualtran,qft,target,ccz,conventional_pace4,A_400_0.75,A,400,0.75,constrained,1134,1132,6,328,662.0,0,2,2,883,394,40.0,15.26,1.1871,43,0.085,438858,387,0.2713,1134,0.0,1132,0.0,0
qt_qft8,qualtran,qft,target,ccz,commuting,A_800_0.5,A,800,0.5,moderate,338,148,6,328,662.0,0,329,329,1039,0,212.0,93.71,0.7891,7,0.649,279864,828,0.3715,1134,0.7019,1132,0.8693,1
qt_qft8,qualtran,qft,target,ccz,commuting_pace1,A_800_0.5,A,800,0.5,moderate,1107,1105,6,328,662.0,0,2,2,3556,743,40.0,15.26,1.1871,43,0.087,916596,828,0.1134,1134,0.0238,1132,0.0239,0
qt_qft8,qualtran,qft,target,ccz,commuting_pace2,A_800_0.5,A,800,0.5,moderate,1002,1000,6,328,662.0,0,2,2,3212,638,42.0,24.3,0.785,27,0.096,829656,828,0.1253,1134,0.1164,1132,0.1166,0
qt_qft8,qualtran,qft,target,ccz,commuting_pace4,A_800_0.5,A,800,0.5,moderate,613,611,6,328,662.0,0,3,3,1939,249,84.0,38.59,0.8239,17,0.157,507564,828,0.2048,1134,0.4594,1132,0.4602,0
qt_qft8,qualtran,qft,target,ccz,commuting_pace8,A_800_0.5,A,800,0.5,moderate,357,355,6,328,662.0,0,215,215,1101,0,122.0,54.67,0.7129,12,0.27,295596,828,0.3517,1134,0.6852,1132,0.6864,0
qt_qft8,qualtran,qft,target,ccz,conventional,A_800_0.5,A,800,0.5,moderate,1134,1132,6,328,662.0,0,2,2,3644,770,40.0,15.26,1.1871,43,0.085,938952,828,0.1107,1134,0.0,1132,0.0,0
qt_qft8,qualtran,qft,target,ccz,conventional_pace4,A_800_0.5,A,800,0.5,moderate,1134,1132,6,328,662.0,0,2,2,3644,770,40.0,15.26,1.1871,43,0.085,938952,828,0.1107,1134,0.0,1132,0.0,0
qt_qft8,qualtran,qft,target,ccz,commuting,B_400_0.5,B,400,0.5,constrained,992,148,6,328,662.0,0,983,983,0,0,212.0,93.71,0.7891,7,0.649,382912,386,0.3441,1137,0.1275,1132,0.8693,1
qt_qft8,qualtran,qft,target,ccz,commuting_pace1,B_400_0.5,B,400,0.5,constrained,1110,1105,6,328,662.0,0,5,5,0,0,40.0,15.26,1.1871,43,0.087,428460,386,0.3075,1137,0.0237,1132,0.0239,0
qt_qft8,qualtran,qft,target,ccz,commuting_pace2,B_400_0.5,B,400,0.5,constrained,1005,1000,6,328,662.0,0,5,5,0,0,42.0,24.3,0.785,27,0.096,387930,386,0.3396,1137,0.1161,1132,0.1166,0
qt_qft8,qualtran,qft,target,ccz,commuting_pace4,B_400_0.5,B,400,0.5,constrained,995,611,6,328,662.0,0,521,521,0,0,84.0,38.59,0.8239,17,0.157,384070,386,0.3431,1137,0.1249,1132,0.4602,1
qt_qft8,qualtran,qft,target,ccz,commuting_pace8,B_400_0.5,B,400,0.5,constrained,992,355,6,328,662.0,0,978,978,0,0,122.0,54.67,0.7129,12,0.27,382912,386,0.3441,1137,0.1275,1132,0.6864,1
qt_qft8,qualtran,qft,target,ccz,conventional,B_400_0.5,B,400,0.5,constrained,1137,1132,6,328,662.0,0,5,5,0,0,40.0,15.26,1.1871,43,0.085,438882,386,0.3002,1137,0.0,1132,0.0,0
qt_qft8,qualtran,qft,target,ccz,conventional_pace4,B_400_0.5,B,400,0.5,constrained,1137,1132,6,328,662.0,0,5,5,0,0,40.0,15.26,1.1871,43,0.085,438882,386,0.3002,1137,0.0,1132,0.0,0
qt_qft8,qualtran,qft,target,ccz,commuting,C_400_0.5,C,400,0.5,constrained,993,148,6,328,662.0,0,984,984,0,0,212.0,93.71,0.7891,7,0.649,391242,394,0.3437,1137,0.1266,1132,0.8693,1
qt_qft8,qualtran,qft,target,ccz,commuting_pace1,C_400_0.5,C,400,0.5,constrained,1110,1105,6,328,662.0,0,5,5,0,0,40.0,15.26,1.1871,43,0.087,437340,394,0.3075,1137,0.0237,1132,0.0239,0
qt_qft8,qualtran,qft,target,ccz,commuting_pace2,C_400_0.5,C,400,0.5,constrained,1005,1000,6,328,662.0,0,5,5,0,0,42.0,24.3,0.785,27,0.096,395970,394,0.3396,1137,0.1161,1132,0.1166,0
qt_qft8,qualtran,qft,target,ccz,commuting_pace4,C_400_0.5,C,400,0.5,constrained,995,611,6,328,662.0,0,618,618,0,0,84.0,38.59,0.8239,17,0.157,392030,394,0.3431,1137,0.1249,1132,0.4602,1
qt_qft8,qualtran,qft,target,ccz,commuting_pace8,C_400_0.5,C,400,0.5,constrained,993,355,6,328,662.0,0,979,979,0,0,122.0,54.67,0.7129,12,0.27,391242,394,0.3437,1137,0.1266,1132,0.6864,1
qt_qft8,qualtran,qft,target,ccz,conventional,C_400_0.5,C,400,0.5,constrained,1137,1132,6,328,662.0,0,5,5,0,0,40.0,15.26,1.1871,43,0.085,447978,394,0.3002,1137,0.0,1132,0.0,0
qt_qft8,qualtran,qft,target,ccz,conventional_pace4,C_400_0.5,C,400,0.5,constrained,1137,1132,6,328,662.0,0,5,5,0,0,40.0,15.26,1.1871,43,0.085,447978,394,0.3002,1137,0.0,1132,0.0,0
qt_qft8,qualtran,qft,target,t,commuting,A_200_0.5,A,200,0.5,constrained,891,194,718,0,718.0,883,0,883,0,116,224.0,101.71,0.7452,7,0.495,152361,171,0.6998,1496,0.4044,1488,0.8696,1
qt_qft8,qualtran,qft,target,t,commuting_pace1,A_200_0.5,A,200,0.5,constrained,1469,1461,718,0,718.0,8,0,8,445,213,40.0,16.56,1.0362,43,0.066,251199,171,0.4245,1496,0.018,1488,0.0181,0
qt_qft8,qualtran,qft,target,t,commuting_pace2,A_200_0.5,A,200,0.5,constrained,1332,1324,718,0,718.0,8,0,8,333,190,44.0,26.37,0.6948,27,0.073,227772,171,0.4681,1496,0.1096,1488,0.1102,0
qt_qft8,qualtran,qft,target,t,commuting_pace4,A_200_0.5,A,200,0.5,constrained,892,805,718,0,718.0,482,0,482,0,116,88.0,41.88,0.7252,17,0.119,152532,171,0.699,1496,0.4037,1488,0.459,1
qt_qft8,qualtran,qft,target,t,commuting_pace8,A_200_0.5,A,200,0.5,constrained,891,469,718,0,718.0,881,0,881,0,116,124.0,59.33,0.6341,12,0.205,152361,171,0.6998,1496,0.4044,1488,0.6848,1
qt_qft8,qualtran,qft,target,t,conventional,A_200_0.5,A,200,0.5,constrained,1496,1488,718,0,718.0,8,0,8,467,217,40.0,16.56,1.0362,43,0.065,255816,171,0.4168,1496,0.0,1488,0.0,0
qt_qft8,qualtran,qft,target,t,conventional_pace4,A_200_0.5,A,200,0.5,constrained,1496,1488,718,0,718.0,8,0,8,467,217,40.0,16.56,1.0362,43,0.065,255816,171,0.4168,1496,0.0,1488,0.0,0
qt_qft8,qualtran,qft,target,t,commuting,A_3200_0.5,A,3200,0.5,abundant,201,194,718,0,718.0,7,0,7,1781,691,224.0,101.71,0.7452,7,0.495,638979,3179,0.1741,1495,0.8656,1488,0.8696,0
qt_qft8,qualtran,qft,target,t,commuting_pace1,A_3200_0.5,A,3200,0.5,abundant,1468,1461,718,0,718.0,7,0,7,18483,5336,40.0,16.56,1.0362,43,0.066,4666772,3179,0.0238,1495,0.0181,1488,0.0181,0
qt_qft8,qualtran,qft,target,t,commuting_pace2,A_3200_0.5,A,3200,0.5,abundant,1331,1324,718,0,718.0,7,0,7,16677,4834,44.0,26.37,0.6948,27,0.073,4231249,3179,0.0263,1495,0.1097,1488,0.1102,0
qt_qft8,qualtran,qft,target,t,commuting_pace4,A_3200_0.5,A,3200,0.5,abundant,812,805,718,0,718.0,7,0,7,9835,2931,88.0,41.88,0.7252,17,0.119,2581348,3179,0.0431,1495,0.4569,1488,0.459,0
qt_qft8,qualtran,qft,target,t,commuting_pace8,A_3200_0.5,A,3200,0.5,abundant,476,469,718,0,718.0,7,0,7,5406,1699,124.0,59.33,0.6341,12,0.205,1513204,3179,0.0735,1495,0.6816,1488,0.6848,0
qt_qft8,qualtran,qft,target,t,conventional,A_3200_0.5,A,3200,0.5,abundant,1495,1488,718,0,718.0,7,0,7,18839,5435,40.0,16.56,1.0362,43,0.065,4752605,3179,0.0234,1495,0.0,1488,0.0,0
qt_qft8,qualtran,qft,target,t,conventional_pace4,A_3200_0.5,A,3200,0.5,abundant,1495,1488,718,0,718.0,7,0,7,18839,5435,40.0,16.56,1.0362,43,0.065,4752605,3179,0.0234,1495,0.0,1488,0.0,0
qt_qft8,qualtran,qft,target,t,commuting,A_400_0.25,A,400,0.25,constrained,307,194,718,0,718.0,299,0,299,0,19,224.0,101.71,0.7452,7,0.495,113283,369,0.8389,1495,0.7946,1488,0.8696,1
qt_qft8,qualtran,qft,target,t,commuting_pace1,A_400_0.25,A,400,0.25,constrained,1468,1461,718,0,718.0,7,0,7,2832,212,40.0,16.56,1.0362,43,0.066,541692,369,0.1754,1495,0.0181,1488,0.0181,0
qt_qft8,qualtran,qft,target,t,commuting_pace2,A_400_0.25,A,400,0.25,constrained,1331,1324,718,0,718.0,7,0,7,2495,190,44.0,26.37,0.6948,27,0.073,491139,369,0.1935,1495,0.1097,1488,0.1102,0
qt_qft8,qualtran,qft,target,t,commuting_pace4,A_400_0.25,A,400,0.25,constrained,812,805,718,0,718.0,8,0,8,1221,103,88.0,41.88,0.7252,17,0.119,299628,369,0.3172,1495,0.4569,1488,0.459,0
qt_qft8,qualtran,qft,target,t,commuting_pace8,A_400_0.25,A,400,0.25,constrained,476,469,718,0,718.0,9,0,9,397,47,124.0,59.33,0.6341,12,0.205,175644,369,0.5411,1495,0.6816,1488,0.6848,0
qt_qft8,qualtran,qft,target,t,conventional,A_400_0.25,A,400,0.25,constrained,1495,1488,718,0,718.0,7,0,7,2898,217,40.0,16.56,1.0362,43,0.065,551655,369,0.1723,1495,0.0,1488,0.0,0
qt_qft8,qualtran,qft,target,t,conventional_pace4,A_400_0.25,A,400,0.25,constrained,1495,1488,718,0,718.0,7,0,7,2898,217,40.0,16.56,1.0362,43,0.065,551655,369,0.1723,1495,0.0,1488,0.0,0
qt_qft8,qualtran,qft,target,t,commuting,A_400_0.5,A,400,0.5,constrained,453,194,718,0,718.0,445,0,445,0,193,224.0,101.71,0.7452,7,0.495,187542,414,0.6012,1495,0.697,1488,0.8696,1
qt_qft8,qualtran,qft,target,t,commuting_pace1,A_400_0.5,A,400,0.5,constrained,1468,1461,718,0,718.0,7,0,7,1638,700,40.0,16.56,1.0362,43,0.066,607752,414,0.1855,1495,0.0181,1488,0.0181,0
qt_qft8,qualtran,qft,target,t,commuting_pace2,A_400_0.5,A,400,0.5,constrained,1331,1324,718,0,718.0,7,0,7,1414,632,44.0,26.37,0.6948,27,0.073,551034,414,0.2046,1495,0.1097,1488,0.1102,0
qt_qft8,qualtran,qft,target,t,commuting_pace4,A_400_0.5,A,400,0.5,constrained,813,805,718,0,718.0,10,0,10,566,373,88.0,41.88,0.7252,17,0.119,336582,414,0.335,1495,0.4562,1488,0.459,0
qt_qft8,qualtran,qft,target,t,commuting_pace8,A_400_0.5,A,400,0.5,constrained,478,469,718,0,718.0,279,0,279,18,205,124.0,59.33,0.6341,12,0.205,197892,414,0.5698,1495,0.6803,1488,0.6848,0
qt_qft8,qualtran,qft,target,t,conventional,A_400_0.5,A,400,0.5,constrained,1495,1488,718,0,718.0,7,0,7,1682,714,40.0,16.56,1.0362,43,0.065,618930,414,0.1822,1495,0.0,1488,0.0,0
qt_qft8,qualtran,qft,target,t,conventional_pace4,A_400_0.5,A,400,0.5,constrained,1495,1488,718,0,718.0,7,0,7,1682,714,40.0,16.56,1.0362,43,0.065,618930,414,0.1822,1495,0.0,1488,0.0,0
qt_qft8,qualtran,qft,target,t,commuting,A_400_0.75,A,400,0.75,constrained,891,194,718,0,718.0,883,0,883,0,560,224.0,101.71,0.7452,7,0.495,344817,387,0.3745,1496,0.4044,1488,0.8696,1
qt_qft8,qualtran,qft,target,t,commuting_pace1,A_400_0.75,A,400,0.75,constrained,1469,1461,718,0,718.0,8,0,8,445,945,40.0,16.56,1.0362,43,0.066,568503,387,0.2272,1496,0.018,1488,0.0181,0
qt_qft8,qualtran,qft,target,t,commuting_pace2,A_400_0.75,A,400,0.75,constrained,1332,1324,718,0,718.0,8,0,8,333,854,44.0,26.37,0.6948,27,0.073,515484,387,0.2505,1496,0.1096,1488,0.1102,0
qt_qft8,qualtran,qft,target,t,commuting_pace4,A_400_0.75,A,400,0.75,constrained,892,805,718,0,718.0,482,0,482,0,560,88.0,41.88,0.7252,17,0.119,345204,387,0.3741,1496,0.4037,1488,0.459,1
qt_qft8,qualtran,qft,target,t,commuting_pace8,A_400_0.75,A,400,0.75,constrained,891,469,718,0,718.0,881,0,881,0,560,124.0,59.33,0.6341,12,0.205,344817,387,0.3745,1496,0.4044,1488,0.6848,1
qt_qft8,qualtran,qft,target,t,conventional,A_400_0.75,A,400,0.75,constrained,1496,1488,718,0,718.0,8,0,8,467,963,40.0,16.56,1.0362,43,0.065,578952,387,0.2231,1496,0.0,1488,0.0,0
qt_qft8,qualtran,qft,target,t,conventional_pace4,A_400_0.75,A,400,0.75,constrained,1496,1488,718,0,718.0,8,0,8,467,963,40.0,16.56,1.0362,43,0.065,578952,387,0.2231,1496,0.0,1488,0.0,0
qt_qft8,qualtran,qft,target,t,commuting,A_800_0.5,A,800,0.5,moderate,234,194,718,0,718.0,218,0,218,0,198,224.0,101.71,0.7452,7,0.495,193752,828,0.5819,1495,0.8435,1488,0.8696,1
qt_qft8,qualtran,qft,target,t,commuting_pace1,A_800_0.5,A,800,0.5,moderate,1468,1461,718,0,718.0,7,0,7,4025,1432,40.0,16.56,1.0362,43,0.066,1215504,828,0.0928,1495,0.0181,1488,0.0181,0
qt_qft8,qualtran,qft,target,t,commuting_pace2,A_800_0.5,A,800,0.5,moderate,1331,1324,718,0,718.0,7,0,7,3577,1295,44.0,26.37,0.6948,27,0.073,1102068,828,0.1023,1495,0.1097,1488,0.1102,0
qt_qft8,qualtran,qft,target,t,commuting_pace4,A_800_0.5,A,800,0.5,moderate,812,805,718,0,718.0,7,0,7,1878,776,88.0,41.88,0.7252,17,0.119,672336,828,0.1677,1495,0.4569,1488,0.459,0
qt_qft8,qualtran,qft,target,t,commuting_pace8,A_800_0.5,A,800,0.5,moderate,476,469,718,0,718.0,8,0,8,779,440,124.0,59.33,0.6341,12,0.205,394128,828,0.2861,1495,0.6816,1488,0.6848,0
qt_qft8,qualtran,qft,target,t,conventional,A_800_0.5,A,800,0.5,moderate,1495,1488,718,0,718.0,7,0,7,4114,1459,40.0,16.56,1.0362,43,0.065,1237860,828,0.0911,1495,0.0,1488,0.0,0
qt_qft8,qualtran,qft,target,t,conventional_pace4,A_800_0.5,A,800,0.5,moderate,1495,1488,718,0,718.0,7,0,7,4114,1459,40.0,16.56,1.0362,43,0.065,1237860,828,0.0911,1495,0.0,1488,0.0,0
qt_qft8,qualtran,qft,target,t,commuting,B_400_0.5,B,400,0.5,constrained,581,194,718,0,718.0,573,0,573,0,0,224.0,101.71,0.7452,7,0.495,224266,386,0.6372,1499,0.6124,1488,0.8696,1
qt_qft8,qualtran,qft,target,t,commuting_pace1,B_400_0.5,B,400,0.5,constrained,1472,1461,718,0,718.0,11,0,11,0,0,40.0,16.56,1.0362,43,0.066,568192,386,0.2515,1499,0.018,1488,0.0181,0
qt_qft8,qualtran,qft,target,t,commuting_pace2,B_400_0.5,B,400,0.5,constrained,1335,1324,718,0,718.0,11,0,11,0,0,44.0,26.37,0.6948,27,0.073,515310,386,0.2773,1499,0.1094,1488,0.1102,0
qt_qft8,qualtran,qft,target,t,commuting_pace4,B_400_0.5,B,400,0.5,constrained,816,805,718,0,718.0,13,0,13,0,0,88.0,41.88,0.7252,17,0.119,314976,386,0.4537,1499,0.4556,1488,0.459,0
qt_qft8,qualtran,qft,target,t,commuting_pace8,B_400_0.5,B,400,0.5,constrained,581,469,718,0,718.0,548,0,548,0,0,124.0,59.33,0.6341,12,0.205,224266,386,0.6372,1499,0.6124,1488,0.6848,1
qt_qft8,qualtran,qft,target,t,conventional,B_400_0.5,B,400,0.5,constrained,1499,1488,718,0,718.0,11,0,11,0,0,40.0,16.56,1.0362,43,0.065,578614,386,0.247,1499,0.0,1488,0.0,0
qt_qft8,qualtran,qft,target,t,conventional_pace4,B_400_0.5,B,400,0.5,constrained,1499,1488,718,0,718.0,11,0,11,0,0,40.0,16.56,1.0362,43,0.065,578614,386,0.247,1499,0.0,1488,0.0,0
qt_qft8,qualtran,qft,target,t,commuting,C_400_0.5,C,400,0.5,constrained,577,194,718,0,718.0,569,0,569,0,0,224.0,101.71,0.7452,7,0.495,227338,394,0.6416,1495,0.614,1488,0.8696,1
qt_qft8,qualtran,qft,target,t,commuting_pace1,C_400_0.5,C,400,0.5,constrained,1468,1461,718,0,718.0,7,0,7,0,0,40.0,16.56,1.0362,43,0.066,578392,394,0.2522,1495,0.0181,1488,0.0181,0
qt_qft8,qualtran,qft,target,t,commuting_pace2,C_400_0.5,C,400,0.5,constrained,1331,1324,718,0,718.0,7,0,7,0,0,44.0,26.37,0.6948,27,0.073,524414,394,0.2782,1495,0.1097,1488,0.1102,0
qt_qft8,qualtran,qft,target,t,commuting_pace4,C_400_0.5,C,400,0.5,constrained,813,805,718,0,718.0,11,0,11,0,0,88.0,41.88,0.7252,17,0.119,320322,394,0.4554,1495,0.4562,1488,0.459,0
qt_qft8,qualtran,qft,target,t,commuting_pace8,C_400_0.5,C,400,0.5,constrained,577,469,718,0,718.0,539,0,539,0,0,124.0,59.33,0.6341,12,0.205,227338,394,0.6416,1495,0.614,1488,0.6848,1
qt_qft8,qualtran,qft,target,t,conventional,C_400_0.5,C,400,0.5,constrained,1495,1488,718,0,718.0,7,0,7,0,0,40.0,16.56,1.0362,43,0.065,589030,394,0.2476,1495,0.0,1488,0.0,0
qt_qft8,qualtran,qft,target,t,conventional_pace4,C_400_0.5,C,400,0.5,constrained,1495,1488,718,0,718.0,7,0,7,0,0,40.0,16.56,1.0362,43,0.065,589030,394,0.2476,1495,0.0,1488,0.0,0
qt_qpe3,qualtran,phase_estimation,target,ccz,commuting,A_200_0.5,A,200,0.5,constrained,65,28,8,10,28.0,1,54,55,6,0,14.0,6.67,0.7874,3,1.321,11115,171,0.3741,94,0.3085,91,0.6923,1
qt_qpe3,qualtran,phase_estimation,target,ccz,commuting_pace1,A_200_0.5,A,200,0.5,constrained,87,84,8,10,28.0,1,2,3,24,0,2.0,2.0,0.0,10,0.44,14877,171,0.2795,94,0.0745,91,0.0769,0
qt_qpe3,qualtran,phase_estimation,target,ccz,commuting_pace2,A_200_0.5,A,200,0.5,constrained,71,63,8,10,28.0,1,8,9,11,0,2.0,2.0,0.0,10,0.587,12141,171,0.3425,94,0.2447,91,0.3077,1
qt_qpe3,qualtran,phase_estimation,target,ccz,commuting_pace4,A_200_0.5,A,200,0.5,constrained,66,43,8,10,28.0,1,39,40,7,0,4.0,3.33,0.2828,6,0.86,11286,171,0.3684,94,0.2979,91,0.5275,1
qt_qpe3,qualtran,phase_estimation,target,ccz,commuting_pace8,A_200_0.5,A,200,0.5,constrained,66,33,8,10,28.0,1,39,40,7,0,8.0,5.0,0.4472,4,1.121,11286,171,0.3684,94,0.2979,91,0.6374,1
qt_qpe3,qualtran,phase_estimation,target,ccz,conventional,A_200_0.5,A,200,0.5,constrained,94,91,8,10,28.0,1,2,3,30,0,2.0,2.0,0.0,10,0.407,16074,171,0.2587,94,0.0,91,0.0,0
qt_qpe3,qualtran,phase_estimation,target,ccz,conventional_pace4,A_200_0.5,A,200,0.5,constrained,94,91,8,10,28.0,1,2,3,30,0,2.0,2.0,0.0,10,0.407,16074,171,0.2587,94,0.0,91,0.0,0
qt_qpe3,qualtran,phase_estimation,target,ccz,commuting,A_3200_0.5,A,3200,0.5,abundant,31,28,8,10,28.0,1,3,4,250,57,14.0,6.67,0.7874,3,1.321,98549,3179,0.044,94,0.6702,91,0.6923,1
qt_qpe3,qualtran,phase_estimation,target,ccz,commuting_pace1,A_3200_0.5,A,3200,0.5,abundant,87,84,8,10,28.0,1,2,3,989,263,2.0,2.0,0.0,10,0.44,276573,3179,0.0157,94,0.0745,91,0.0769,0
qt_qpe3,qualtran,phase_estimation,target,ccz,commuting_pace2,A_3200_0.5,A,3200,0.5,abundant,65,63,8,10,28.0,1,2,3,699,182,2.0,2.0,0.0,10,0.587,206635,3179,0.021,94,0.3085,91,0.3077,0
qt_qpe3,qualtran,phase_estimation,target,ccz,commuting_pace4,A_3200_0.5,A,3200,0.5,abundant,45,43,8,10,28.0,1,2,3,435,109,4.0,3.33,0.2828,6,0.86,143055,3179,0.0303,94,0.5213,91,0.5275,0
qt_qpe3,qualtran,phase_estimation,target,ccz,commuting_pace8,A_3200_0.5,A,3200,0.5,abundant,35,33,8,10,28.0,1,2,3,303,72,8.0,5.0,0.4472,4,1.121,111265,3179,0.039,94,0.6277,91,0.6374,0
qt_qpe3,qualtran,phase_estimation,target,ccz,conventional,A_3200_0.5,A,3200,0.5,abundant,94,91,8,10,28.0,1,2,3,1081,288,2.0,2.0,0.0,10,0.407,298826,3179,0.0145,94,0.0,91,0.0,0
qt_qpe3,qualtran,phase_estimation,target,ccz,conventional_pace4,A_3200_0.5,A,3200,0.5,abundant,94,91,8,10,28.0,1,2,3,1081,288,2.0,2.0,0.0,10,0.407,298826,3179,0.0145,94,0.0,91,0.0,0
qt_qpe3,qualtran,phase_estimation,target,ccz,commuting,A_400_0.25,A,400,0.25,constrained,65,28,8,10,28.0,1,54,55,98,0,14.0,6.67,0.7874,3,1.321,23985,369,0.1545,94,0.3085,91,0.6923,1
qt_qpe3,qualtran,phase_estimation,target,ccz,commuting_pace1,A_400_0.25,A,400,0.25,constrained,87,84,8,10,28.0,1,2,3,152,0,2.0,2.0,0.0,10,0.44,32103,369,0.1154,94,0.0745,91,0.0769,0
qt_qpe3,qualtran,phase_estimation,target,ccz,commuting_pace2,A_400_0.25,A,400,0.25,constrained,71,63,8,10,28.0,1,8,9,113,0,2.0,2.0,0.0,10,0.587,26199,369,0.1415,94,0.2447,91,0.3077,1
qt_qpe3,qualtran,phase_estimation,target,ccz,commuting_pace4,A_400_0.25,A,400,0.25,constrained,66,43,8,10,28.0,1,39,40,100,0,4.0,3.33,0.2828,6,0.86,24354,369,0.1522,94,0.2979,91,0.5275,1
qt_qpe3,qualtran,phase_estimation,target,ccz,commuting_pace8,A_400_0.25,A,400,0.25,constrained,66,33,8,10,28.0,1,39,40,100,0,8.0,5.0,0.4472,4,1.121,24354,369,0.1522,94,0.2979,91,0.6374,1
qt_qpe3,qualtran,phase_estimation,target,ccz,conventional,A_400_0.25,A,400,0.25,constrained,94,91,8,10,28.0,1,2,3,169,0,2.0,2.0,0.0,10,0.407,34686,369,0.1068,94,0.0,91,0.0,0
qt_qpe3,qualtran,phase_estimation,target,ccz,conventional_pace4,A_400_0.25,A,400,0.25,constrained,94,91,8,10,28.0,1,2,3,169,0,2.0,2.0,0.0,10,0.407,34686,369,0.1068,94,0.0,91,0.0,0
qt_qpe3,qualtran,phase_estimation,target,ccz,commuting,A_400_0.5,A,400,0.5,constrained,38,28,8,10,28.0,1,14,15,8,0,14.0,6.67,0.7874,3,1.321,15732,414,0.2795,94,0.5957,91,0.6923,1
qt_qpe3,qualtran,phase_estimation,target,ccz,commuting_pace1,A_400_0.5,A,400,0.5,constrained,87,84,8,10,28.0,1,2,3,88,0,2.0,2.0,0.0,10,0.44,36018,414,0.1221,94,0.0745,91,0.0769,0
qt_qpe3,qualtran,phase_estimation,target,ccz,commuting_pace2,A_400_0.5,A,400,0.5,constrained,65,63,8,10,28.0,1,2,3,52,0,2.0,2.0,0.0,10,0.587,26910,414,0.1634,94,0.3085,91,0.3077,0
qt_qpe3,qualtran,phase_estimation,target,ccz,commuting_pace4,A_400_0.5,A,400,0.5,constrained,45,43,8,10,28.0,1,4,5,19,0,4.0,3.33,0.2828,6,0.86,18630,414,0.236,94,0.5213,91,0.5275,0
qt_qpe3,qualtran,phase_estimation,target,ccz,commuting_pace8,A_400_0.5,A,400,0.5,constrained,42,33,8,10,28.0,1,14,15,14,0,8.0,5.0,0.4472,4,1.121,17388,414,0.2529,94,0.5532,91,0.6374,1
qt_qpe3,qualtran,phase_estimation,target,ccz,conventional,A_400_0.5,A,400,0.5,constrained,94,91,8,10,28.0,1,2,3,100,3,2.0,2.0,0.0,10,0.407,38916,414,0.113,94,0.0,91,0.0,0
qt_qpe3,qualtran,phase_estimation,target,ccz,conventional_pace4,A_400_0.5,A,400,0.5,constrained,94,91,8,10,28.0,1,2,3,100,3,2.0,2.0,0.0,10,0.407,38916,414,0.113,94,0.0,91,0.0,0
qt_qpe3,qualtran,phase_estimation,target,ccz,commuting,A_400_0.75,A,400,0.75,constrained,36,28,8,10,28.0,2,11,13,0,0,14.0,6.67,0.7874,3,1.321,13932,387,0.3615,94,0.617,91,0.6923,1
qt_qpe3,qualtran,phase_estimation,target,ccz,commuting_pace1,A_400_0.75,A,400,0.75,constrained,87,84,8,10,28.0,1,2,3,24,14,2.0,2.0,0.0,10,0.44,33669,387,0.1496,94,0.0745,91,0.0769,0
qt_qpe3,qualtran,phase_estimation,target,ccz,commuting_pace2,A_400_0.75,A,400,0.75,constrained,65,63,8,10,28.0,1,2,3,6,0,2.0,2.0,0.0,10,0.587,25155,387,0.2002,94,0.3085,91,0.3077,0
qt_qpe3,qualtran,phase_estimation,target,ccz,commuting_pace4,A_400_0.75,A,400,0.75,constrained,45,43,8,10,28.0,2,3,5,0,0,4.0,3.33,0.2828,6,0.86,17415,387,0.2892,94,0.5213,91,0.5275,0
qt_qpe3,qualtran,phase_estimation,target,ccz,commuting_pace8,A_400_0.75,A,400,0.75,constrained,39,33,8,10,28.0,2,9,11,0,0,8.0,5.0,0.4472,4,1.121,15093,387,0.3337,94,0.5851,91,0.6374,1
qt_qpe3,qualtran,phase_estimation,target,ccz,conventional,A_400_0.75,A,400,0.75,constrained,94,91,8,10,28.0,1,2,3,30,18,2.0,2.0,0.0,10,0.407,36378,387,0.1384,94,0.0,91,0.0,0
qt_qpe3,qualtran,phase_estimation,target,ccz,conventional_pace4,A_400_0.75,A,400,0.75,constrained,94,91,8,10,28.0,1,2,3,30,18,2.0,2.0,0.0,10,0.407,36378,387,0.1384,94,0.0,91,0.0,0
qt_qpe3,qualtran,phase_estimation,target,ccz,commuting,A_800_0.5,A,800,0.5,moderate,34,28,8,10,28.0,1,8,9,42,0,14.0,6.67,0.7874,3,1.321,28152,828,0.1562,94,0.6383,91,0.6923,1
qt_qpe3,qualtran,phase_estimation,target,ccz,commuting_pace1,A_800_0.5,A,800,0.5,moderate,87,84,8,10,28.0,1,2,3,216,41,2.0,2.0,0.0,10,0.44,72036,828,0.061,94,0.0745,91,0.0769,0
qt_qpe3,qualtran,phase_estimation,target,ccz,commuting_pace2,A_800_0.5,A,800,0.5,moderate,65,63,8,10,28.0,1,2,3,144,19,2.0,2.0,0.0,10,0.587,53820,828,0.0817,94,0.3085,91,0.3077,0
qt_qpe3,qualtran,phase_estimation,target,ccz,commuting_pace4,A_800_0.5,A,800,0.5,moderate,45,43,8,10,28.0,1,3,4,78,0,4.0,3.33,0.2828,6,0.86,37260,828,0.118,94,0.5213,91,0.5275,0
qt_qpe3,qualtran,phase_estimation,target,ccz,commuting_pace8,A_800_0.5,A,800,0.5,moderate,37,33,8,10,28.0,1,5,6,52,0,8.0,5.0,0.4472,4,1.121,30636,828,0.1435,94,0.6064,91,0.6374,1
qt_qpe3,qualtran,phase_estimation,target,ccz,conventional,A_800_0.5,A,800,0.5,moderate,94,91,8,10,28.0,1,2,3,239,48,2.0,2.0,0.0,10,0.407,77832,828,0.0565,94,0.0,91,0.0,0
qt_qpe3,qualtran,phase_estimation,target,ccz,conventional_pace4,A_800_0.5,A,800,0.5,moderate,94,91,8,10,28.0,1,2,3,239,48,2.0,2.0,0.0,10,0.407,77832,828,0.0565,94,0.0,91,0.0,0
qt_qpe3,qualtran,phase_estimation,target,ccz,commuting,B_400_0.5,B,400,0.5,constrained,45,28,8,10,28.0,2,24,26,0,0,14.0,6.67,0.7874,3,1.321,17370,386,0.3208,96,0.5312,91,0.6923,1
qt_qpe3,qualtran,phase_estimation,target,ccz,commuting_pace1,B_400_0.5,B,400,0.5,constrained,89,84,8,10,28.0,0,5,5,0,0,2.0,2.0,0.0,10,0.44,34354,386,0.1622,96,0.0729,91,0.0769,0
qt_qpe3,qualtran,phase_estimation,target,ccz,commuting_pace2,B_400_0.5,B,400,0.5,constrained,68,63,8,10,28.0,0,5,5,0,0,2.0,2.0,0.0,10,0.587,26248,386,0.2123,96,0.2917,91,0.3077,0
qt_qpe3,qualtran,phase_estimation,target,ccz,commuting_pace4,B_400_0.5,B,400,0.5,constrained,51,43,8,10,28.0,2,8,10,0,0,4.0,3.33,0.2828,6,0.86,19686,386,0.2831,96,0.4688,91,0.5275,1
qt_qpe3,qualtran,phase_estimation,target,ccz,commuting_pace8,B_400_0.5,B,400,0.5,constrained,51,33,8,10,28.0,2,23,25,0,0,8.0,5.0,0.4472,4,1.121,19686,386,0.2831,96,0.4688,91,0.6374,1
qt_qpe3,qualtran,phase_estimation,target,ccz,conventional,B_400_0.5,B,400,0.5,constrained,96,91,8,10,28.0,0,5,5,0,0,2.0,2.0,0.0,10,0.407,37056,386,0.1504,96,0.0,91,0.0,0
qt_qpe3,qualtran,phase_estimation,target,ccz,conventional_pace4,B_400_0.5,B,400,0.5,constrained,96,91,8,10,28.0,0,5,5,0,0,2.0,2.0,0.0,10,0.407,37056,386,0.1504,96,0.0,91,0.0,0
qt_qpe3,qualtran,phase_estimation,target,ccz,commuting,C_400_0.5,C,400,0.5,constrained,45,28,8,10,28.0,0,24,24,0,0,14.0,6.67,0.7874,3,1.321,17730,394,0.3208,96,0.5312,91,0.6923,1
qt_qpe3,qualtran,phase_estimation,target,ccz,commuting_pace1,C_400_0.5,C,400,0.5,constrained,89,84,8,10,28.0,0,5,5,0,0,2.0,2.0,0.0,10,0.44,35066,394,0.1622,96,0.0729,91,0.0769,0
qt_qpe3,qualtran,phase_estimation,target,ccz,commuting_pace2,C_400_0.5,C,400,0.5,constrained,68,63,8,10,28.0,0,5,5,0,0,2.0,2.0,0.0,10,0.587,26792,394,0.2123,96,0.2917,91,0.3077,0
qt_qpe3,qualtran,phase_estimation,target,ccz,commuting_pace4,C_400_0.5,C,400,0.5,constrained,51,43,8,10,28.0,0,11,11,0,0,4.0,3.33,0.2828,6,0.86,20094,394,0.2831,96,0.4688,91,0.5275,1
qt_qpe3,qualtran,phase_estimation,target,ccz,commuting_pace8,C_400_0.5,C,400,0.5,constrained,51,33,8,10,28.0,0,23,23,0,0,8.0,5.0,0.4472,4,1.121,20094,394,0.2831,96,0.4688,91,0.6374,1
qt_qpe3,qualtran,phase_estimation,target,ccz,conventional,C_400_0.5,C,400,0.5,constrained,96,91,8,10,28.0,0,5,5,0,0,2.0,2.0,0.0,10,0.407,37824,394,0.1504,96,0.0,91,0.0,0
qt_qpe3,qualtran,phase_estimation,target,ccz,conventional_pace4,C_400_0.5,C,400,0.5,constrained,96,91,8,10,28.0,0,5,5,0,0,2.0,2.0,0.0,10,0.407,37824,394,0.1504,96,0.0,91,0.0,0
qt_qpe3,qualtran,phase_estimation,target,t,commuting,A_200_0.5,A,200,0.5,constrained,72,34,48,0,48.0,58,0,58,0,0,28.0,13.33,0.7874,3,1.088,12312,171,0.5789,119,0.395,111,0.6937,1
qt_qpe3,qualtran,phase_estimation,target,t,commuting_pace1,A_200_0.5,A,200,0.5,constrained,112,104,48,0,48.0,8,0,8,5,0,4.0,4.0,0.0,10,0.356,19152,171,0.3722,119,0.0588,111,0.0631,0
qt_qpe3,qualtran,phase_estimation,target,t,commuting_pace2,A_200_0.5,A,200,0.5,constrained,91,83,48,0,48.0,8,0,8,0,0,4.0,4.0,0.0,10,0.446,15561,171,0.4581,119,0.2353,111,0.2523,0
qt_qpe3,qualtran,phase_estimation,target,t,commuting_pace4,A_200_0.5,A,200,0.5,constrained,77,55,48,0,48.0,43,0,43,0,0,8.0,6.67,0.2828,6,0.673,13167,171,0.5414,119,0.3529,111,0.5045,1
qt_qpe3,qualtran,phase_estimation,target,t,commuting_pace8,A_200_0.5,A,200,0.5,constrained,76,41,48,0,48.0,49,0,49,0,0,16.0,10.0,0.4472,4,0.902,12996,171,0.5485,119,0.3613,111,0.6306,1
qt_qpe3,qualtran,phase_estimation,target,t,conventional,A_200_0.5,A,200,0.5,constrained,119,111,48,0,48.0,8,0,8,10,0,4.0,4.0,0.0,10,0.333,20349,171,0.3503,119,0.0,111,0.0,0
qt_qpe3,qualtran,phase_estimation,target,t,conventional_pace4,A_200_0.5,A,200,0.5,constrained,119,111,48,0,48.0,8,0,8,10,0,4.0,4.0,0.0,10,0.333,20349,171,0.3503,119,0.0,111,0.0,0
qt_qpe3,qualtran,phase_estimation,target,t,commuting,A_3200_0.5,A,3200,0.5,abundant,41,34,48,0,48.0,7,0,7,342,104,28.0,13.33,0.7874,3,1.088,130339,3179,0.0571,118,0.6525,111,0.6937,1
qt_qpe3,qualtran,phase_estimation,target,t,commuting_pace1,A_3200_0.5,A,3200,0.5,abundant,111,104,48,0,48.0,7,0,7,1265,361,4.0,4.0,0.0,10,0.356,352869,3179,0.0211,118,0.0593,111,0.0631,0
qt_qpe3,qualtran,phase_estimation,target,t,commuting_pace2,A_3200_0.5,A,3200,0.5,abundant,90,83,48,0,48.0,7,0,7,988,284,4.0,4.0,0.0,10,0.446,286110,3179,0.026,118,0.2373,111,0.2523,0
qt_qpe3,qualtran,phase_estimation,target,t,commuting_pace4,A_3200_0.5,A,3200,0.5,abundant,62,55,48,0,48.0,7,0,7,619,181,8.0,6.67,0.2828,6,0.673,197098,3179,0.0377,118,0.4746,111,0.5045,1
qt_qpe3,qualtran,phase_estimation,target,t,commuting_pace8,A_3200_0.5,A,3200,0.5,abundant,48,41,48,0,48.0,7,0,7,435,130,16.0,10.0,0.4472,4,0.902,152592,3179,0.0487,118,0.5932,111,0.6306,1
qt_qpe3,qualtran,phase_estimation,target,t,conventional,A_3200_0.5,A,3200,0.5,abundant,118,111,48,0,48.0,7,0,7,1357,386,4.0,4.0,0.0,10,0.333,375122,3179,0.0198,118,0.0,111,0.0,0
qt_qpe3,qualtran,phase_estimation,target,t,conventional_pace4,A_3200_0.5,A,3200,0.5,abundant,118,111,48,0,48.0,7,0,7,1357,386,4.0,4.0,0.0,10,0.333,375122,3179,0.0198,118,0.0,111,0.0,0
qt_qpe3,qualtran,phase_estimation,target,t,commuting,A_400_0.25,A,400,0.25,constrained,46,34,48,0,48.0,19,0,19,11,0,28.0,13.33,0.7874,3,1.088,16974,369,0.3743,118,0.6102,111,0.6937,1
qt_qpe3,qualtran,phase_estimation,target,t,commuting_pace1,A_400_0.25,A,400,0.25,constrained,111,104,48,0,48.0,7,0,7,171,0,4.0,4.0,0.0,10,0.356,40959,369,0.1551,118,0.0593,111,0.0631,0
qt_qpe3,qualtran,phase_estimation,target,t,commuting_pace2,A_400_0.25,A,400,0.25,constrained,90,83,48,0,48.0,7,0,7,119,0,4.0,4.0,0.0,10,0.446,33210,369,0.1913,118,0.2373,111,0.2523,0
qt_qpe3,qualtran,phase_estimation,target,t,commuting_pace4,A_400_0.25,A,400,0.25,constrained,62,55,48,0,48.0,8,0,8,51,0,8.0,6.67,0.2828,6,0.673,22878,369,0.2777,118,0.4746,111,0.5045,1
qt_qpe3,qualtran,phase_estimation,target,t,commuting_pace8,A_400_0.25,A,400,0.25,constrained,51,41,48,0,48.0,15,0,15,24,0,16.0,10.0,0.4472,4,0.902,18819,369,0.3376,118,0.5678,111,0.6306,1
qt_qpe3,qualtran,phase_estimation,target,t,conventional,A_400_0.25,A,400,0.25,constrained,118,111,48,0,48.0,7,0,7,188,0,4.0,4.0,0.0,10,0.333,43542,369,0.1459,118,0.0,111,0.0,0
qt_qpe3,qualtran,phase_estimation,target,t,conventional_pace4,A_400_0.25,A,400,0.25,constrained,118,111,48,0,48.0,7,0,7,188,0,4.0,4.0,0.0,10,0.333,43542,369,0.1459,118,0.0,111,0.0,0
qt_qpe3,qualtran,phase_estimation,target,t,commuting,A_400_0.5,A,400,0.5,constrained,50,34,48,0,48.0,26,0,26,0,0,28.0,13.33,0.7874,3,1.088,20700,414,0.3641,118,0.5763,111,0.6937,1
qt_qpe3,qualtran,phase_estimation,target,t,commuting_pace1,A_400_0.5,A,400,0.5,constrained,111,104,48,0,48.0,7,0,7,87,22,4.0,4.0,0.0,10,0.356,45954,414,0.164,118,0.0593,111,0.0631,0
qt_qpe3,qualtran,phase_estimation,target,t,commuting_pace2,A_400_0.5,A,400,0.5,constrained,90,83,48,0,48.0,7,0,7,53,11,4.0,4.0,0.0,10,0.446,37260,414,0.2023,118,0.2373,111,0.2523,0
qt_qpe3,qualtran,phase_estimation,target,t,commuting_pace4,A_400_0.5,A,400,0.5,constrained,63,55,48,0,48.0,10,0,10,9,0,8.0,6.67,0.2828,6,0.673,26082,414,0.289,118,0.4661,111,0.5045,1
qt_qpe3,qualtran,phase_estimation,target,t,commuting_pace8,A_400_0.5,A,400,0.5,constrained,56,41,48,0,48.0,24,0,24,0,0,16.0,10.0,0.4472,4,0.902,23184,414,0.3251,118,0.5254,111,0.6306,1
qt_qpe3,qualtran,phase_estimation,target,t,conventional,A_400_0.5,A,400,0.5,constrained,118,111,48,0,48.0,7,0,7,99,25,4.0,4.0,0.0,10,0.333,48852,414,0.1543,118,0.0,111,0.0,0
qt_qpe3,qualtran,phase_estimation,target,t,conventional_pace4,A_400_0.5,A,400,0.5,constrained,118,111,48,0,48.0,7,0,7,99,25,4.0,4.0,0.0,10,0.333,48852,414,0.1543,118,0.0,111,0.0,0
qt_qpe3,qualtran,phase_estimation,target,t,commuting,A_400_0.75,A,400,0.75,constrained,72,34,48,0,48.0,58,0,58,0,14,28.0,13.33,0.7874,3,1.088,27864,387,0.3099,119,0.395,111,0.6937,1
qt_qpe3,qualtran,phase_estimation,target,t,commuting_pace1,A_400_0.75,A,400,0.75,constrained,112,104,48,0,48.0,8,0,8,5,40,4.0,4.0,0.0,10,0.356,43344,387,0.1992,119,0.0588,111,0.0631,0
qt_qpe3,qualtran,phase_estimation,target,t,commuting_pace2,A_400_0.75,A,400,0.75,constrained,91,83,48,0,48.0,8,0,8,0,26,4.0,4.0,0.0,10,0.446,35217,387,0.2452,119,0.2353,111,0.2523,0
qt_qpe3,qualtran,phase_estimation,target,t,commuting_pace4,A_400_0.75,A,400,0.75,constrained,77,55,48,0,48.0,43,0,43,0,17,8.0,6.67,0.2828,6,0.673,29799,387,0.2897,119,0.3529,111,0.5045,1
qt_qpe3,qualtran,phase_estimation,target,t,commuting_pace8,A_400_0.75,A,400,0.75,constrained,76,41,48,0,48.0,49,0,49,0,16,16.0,10.0,0.4472,4,0.902,29412,387,0.2936,119,0.3613,111,0.6306,1
qt_qpe3,qualtran,phase_estimation,target,t,conventional,A_400_0.75,A,400,0.75,constrained,119,111,48,0,48.0,8,0,8,10,45,4.0,4.0,0.0,10,0.333,46053,387,0.1875,119,0.0,111,0.0,0
qt_qpe3,qualtran,phase_estimation,target,t,conventional_pace4,A_400_0.75,A,400,0.75,constrained,119,111,48,0,48.0,8,0,8,10,45,4.0,4.0,0.0,10,0.333,46053,387,0.1875,119,0.0,111,0.0,0
qt_qpe3,qualtran,phase_estimation,target,t,commuting,A_800_0.5,A,800,0.5,moderate,44,34,48,0,48.0,14,0,14,35,8,28.0,13.33,0.7874,3,1.088,36432,828,0.2069,118,0.6271,111,0.6937,1
qt_qpe3,qualtran,phase_estimation,target,t,commuting_pace1,A_800_0.5,A,800,0.5,moderate,111,104,48,0,48.0,7,0,7,254,75,4.0,4.0,0.0,10,0.356,91908,828,0.082,118,0.0593,111,0.0631,0
qt_qpe3,qualtran,phase_estimation,target,t,commuting_pace2,A_800_0.5,A,800,0.5,moderate,90,83,48,0,48.0,7,0,7,186,54,4.0,4.0,0.0,10,0.446,74520,828,0.1011,118,0.2373,111,0.2523,0
qt_qpe3,qualtran,phase_estimation,target,t,commuting_pace4,A_800_0.5,A,800,0.5,moderate,62,55,48,0,48.0,7,0,7,94,26,8.0,6.67,0.2828,6,0.673,51336,828,0.1468,118,0.4746,111,0.5045,1
qt_qpe3,qualtran,phase_estimation,target,t,commuting_pace8,A_800_0.5,A,800,0.5,moderate,49,41,48,0,48.0,10,0,10,51,13,16.0,10.0,0.4472,4,0.902,40572,828,0.1858,118,0.5847,111,0.6306,1
qt_qpe3,qualtran,phase_estimation,target,t,conventional,A_800_0.5,A,800,0.5,moderate,118,111,48,0,48.0,7,0,7,277,82,4.0,4.0,0.0,10,0.333,97704,828,0.0771,118,0.0,111,0.0,0
qt_qpe3,qualtran,phase_estimation,target,t,conventional_pace4,A_800_0.5,A,800,0.5,moderate,118,111,48,0,48.0,7,0,7,277,82,4.0,4.0,0.0,10,0.333,97704,828,0.0771,118,0.0,111,0.0,0
qt_qpe3,qualtran,phase_estimation,target,t,commuting,B_400_0.5,B,400,0.5,constrained,58,34,48,0,48.0,40,0,40,0,0,28.0,13.33,0.7874,3,1.088,22388,386,0.4267,122,0.5246,111,0.6937,1
qt_qpe3,qualtran,phase_estimation,target,t,commuting_pace1,B_400_0.5,B,400,0.5,constrained,115,104,48,0,48.0,11,0,11,0,0,4.0,4.0,0.0,10,0.356,44390,386,0.2152,122,0.0574,111,0.0631,1
qt_qpe3,qualtran,phase_estimation,target,t,commuting_pace2,B_400_0.5,B,400,0.5,constrained,94,83,48,0,48.0,11,0,11,0,0,4.0,4.0,0.0,10,0.446,36284,386,0.2633,122,0.2295,111,0.2523,1
qt_qpe3,qualtran,phase_estimation,target,t,commuting_pace4,B_400_0.5,B,400,0.5,constrained,67,55,48,0,48.0,16,0,16,0,0,8.0,6.67,0.2828,6,0.673,25862,386,0.3694,122,0.4508,111,0.5045,1
qt_qpe3,qualtran,phase_estimation,target,t,commuting_pace8,B_400_0.5,B,400,0.5,constrained,64,41,48,0,48.0,35,0,35,0,0,16.0,10.0,0.4472,4,0.902,24704,386,0.3867,122,0.4754,111,0.6306,1
qt_qpe3,qualtran,phase_estimation,target,t,conventional,B_400_0.5,B,400,0.5,constrained,122,111,48,0,48.0,11,0,11,0,0,4.0,4.0,0.0,10,0.333,47092,386,0.2029,122,0.0,111,0.0,0
qt_qpe3,qualtran,phase_estimation,target,t,conventional_pace4,B_400_0.5,B,400,0.5,constrained,122,111,48,0,48.0,11,0,11,0,0,4.0,4.0,0.0,10,0.333,47092,386,0.2029,122,0.0,111,0.0,0
qt_qpe3,qualtran,phase_estimation,target,t,commuting,C_400_0.5,C,400,0.5,constrained,54,34,48,0,48.0,36,0,36,0,0,28.0,13.33,0.7874,3,1.088,21276,394,0.4583,118,0.5424,111,0.6937,1
qt_qpe3,qualtran,phase_estimation,target,t,commuting_pace1,C_400_0.5,C,400,0.5,constrained,111,104,48,0,48.0,7,0,7,0,0,4.0,4.0,0.0,10,0.356,43734,394,0.223,118,0.0593,111,0.0631,0
qt_qpe3,qualtran,phase_estimation,target,t,commuting_pace2,C_400_0.5,C,400,0.5,constrained,90,83,48,0,48.0,7,0,7,0,0,4.0,4.0,0.0,10,0.446,35460,394,0.275,118,0.2373,111,0.2523,0
qt_qpe3,qualtran,phase_estimation,target,t,commuting_pace4,C_400_0.5,C,400,0.5,constrained,64,55,48,0,48.0,14,0,14,0,0,8.0,6.67,0.2828,6,0.673,25216,394,0.3867,118,0.4576,111,0.5045,1
qt_qpe3,qualtran,phase_estimation,target,t,commuting_pace8,C_400_0.5,C,400,0.5,constrained,61,41,48,0,48.0,30,0,30,0,0,16.0,10.0,0.4472,4,0.902,24034,394,0.4057,118,0.4831,111,0.6306,1
qt_qpe3,qualtran,phase_estimation,target,t,conventional,C_400_0.5,C,400,0.5,constrained,118,111,48,0,48.0,7,0,7,0,0,4.0,4.0,0.0,10,0.333,46492,394,0.2097,118,0.0,111,0.0,0
qt_qpe3,qualtran,phase_estimation,target,t,conventional_pace4,C_400_0.5,C,400,0.5,constrained,118,111,48,0,48.0,7,0,7,0,0,4.0,4.0,0.0,10,0.333,46492,394,0.2097,118,0.0,111,0.0,0
qt_qrom16x5,qualtran,lookup,target,ccz,commuting,A_200_0.5,A,200,0.5,constrained,119,115,0,14,28.0,0,4,4,58,0,2.0,2.0,0.0,14,0.661,20349,171,0.2043,136,0.125,132,0.1288,0
qt_qrom16x5,qualtran,lookup,target,ccz,commuting_pace1,A_200_0.5,A,200,0.5,constrained,119,115,0,14,28.0,0,4,4,58,0,2.0,2.0,0.0,14,0.661,20349,171,0.2043,136,0.125,132,0.1288,0
qt_qrom16x5,qualtran,lookup,target,ccz,commuting_pace2,A_200_0.5,A,200,0.5,constrained,119,115,0,14,28.0,0,4,4,58,0,2.0,2.0,0.0,14,0.661,20349,171,0.2043,136,0.125,132,0.1288,0
qt_qrom16x5,qualtran,lookup,target,ccz,commuting_pace4,A_200_0.5,A,200,0.5,constrained,119,115,0,14,28.0,0,4,4,58,0,2.0,2.0,0.0,14,0.661,20349,171,0.2043,136,0.125,132,0.1288,0
qt_qrom16x5,qualtran,lookup,target,ccz,commuting_pace8,A_200_0.5,A,200,0.5,constrained,119,115,0,14,28.0,0,4,4,58,0,2.0,2.0,0.0,14,0.661,20349,171,0.2043,136,0.125,132,0.1288,0
qt_qrom16x5,qualtran,lookup,target,ccz,conventional,A_200_0.5,A,200,0.5,constrained,136,132,0,14,28.0,0,4,4,72,0,2.0,2.0,0.0,14,0.576,23256,171,0.1788,136,0.0,132,0.0,0
qt_qrom16x5,qualtran,lookup,target,ccz,conventional_pace4,A_200_0.5,A,200,0.5,constrained,136,132,0,14,28.0,0,4,4,72,0,2.0,2.0,0.0,14,0.576,23256,171,0.1788,136,0.0,132,0.0,0
qt_qrom16x5,qualtran,lookup,target,ccz,commuting,A_3200_0.5,A,3200,0.5,abundant,117,115,0,14,28.0,0,2,2,1392,369,2.0,2.0,0.0,14,0.661,371943,3179,0.0117,134,0.1269,132,0.1288,0
qt_qrom16x5,qualtran,lookup,target,ccz,commuting_pace1,A_3200_0.5,A,3200,0.5,abundant,117,115,0,14,28.0,0,2,2,1392,369,2.0,2.0,0.0,14,0.661,371943,3179,0.0117,134,0.1269,132,0.1288,0
qt_qrom16x5,qualtran,lookup,target,ccz,commuting_pace2,A_3200_0.5,A,3200,0.5,abundant,117,115,0,14,28.0,0,2,2,1392,369,2.0,2.0,0.0,14,0.661,371943,3179,0.0117,134,0.1269,132,0.1288,0
qt_qrom16x5,qualtran,lookup,target,ccz,commuting_pace4,A_3200_0.5,A,3200,0.5,abundant,117,115,0,14,28.0,0,2,2,1392,369,2.0,2.0,0.0,14,0.661,371943,3179,0.0117,134,0.1269,132,0.1288,0
qt_qrom16x5,qualtran,lookup,target,ccz,commuting_pace8,A_3200_0.5,A,3200,0.5,abundant,117,115,0,14,28.0,0,2,2,1392,369,2.0,2.0,0.0,14,0.661,371943,3179,0.0117,134,0.1269,132,0.1288,0
qt_qrom16x5,qualtran,lookup,target,ccz,conventional,A_3200_0.5,A,3200,0.5,abundant,134,132,0,14,28.0,0,2,2,1616,431,2.0,2.0,0.0,14,0.576,425986,3179,0.0102,134,0.0,132,0.0,0
qt_qrom16x5,qualtran,lookup,target,ccz,conventional_pace4,A_3200_0.5,A,3200,0.5,abundant,134,132,0,14,28.0,0,2,2,1616,431,2.0,2.0,0.0,14,0.576,425986,3179,0.0102,134,0.0,132,0.0,0
qt_qrom16x5,qualtran,lookup,target,ccz,commuting,A_400_0.25,A,400,0.25,constrained,119,115,0,14,28.0,0,4,4,238,0,2.0,2.0,0.0,14,0.661,43911,369,0.0844,136,0.125,132,0.1288,0
qt_qrom16x5,qualtran,lookup,target,ccz,commuting_pace1,A_400_0.25,A,400,0.25,constrained,119,115,0,14,28.0,0,4,4,238,0,2.0,2.0,0.0,14,0.661,43911,369,0.0844,136,0.125,132,0.1288,0
qt_qrom16x5,qualtran,lookup,target,ccz,commuting_pace2,A_400_0.25,A,400,0.25,constrained,119,115,0,14,28.0,0,4,4,238,0,2.0,2.0,0.0,14,0.661,43911,369,0.0844,136,0.125,132,0.1288,0
qt_qrom16x5,qualtran,lookup,target,ccz,commuting_pace4,A_400_0.25,A,400,0.25,constrained,119,115,0,14,28.0,0,4,4,238,0,2.0,2.0,0.0,14,0.661,43911,369,0.0844,136,0.125,132,0.1288,0
qt_qrom16x5,qualtran,lookup,target,ccz,commuting_pace8,A_400_0.25,A,400,0.25,constrained,119,115,0,14,28.0,0,4,4,238,0,2.0,2.0,0.0,14,0.661,43911,369,0.0844,136,0.125,132,0.1288,0
qt_qrom16x5,qualtran,lookup,target,ccz,conventional,A_400_0.25,A,400,0.25,constrained,136,132,0,14,28.0,0,4,4,280,0,2.0,2.0,0.0,14,0.576,50184,369,0.0738,136,0.0,132,0.0,0
qt_qrom16x5,qualtran,lookup,target,ccz,conventional_pace4,A_400_0.25,A,400,0.25,constrained,136,132,0,14,28.0,0,4,4,280,0,2.0,2.0,0.0,14,0.576,50184,369,0.0738,136,0.0,132,0.0,0
qt_qrom16x5,qualtran,lookup,target,ccz,commuting,A_400_0.5,A,400,0.5,constrained,117,115,0,14,28.0,0,2,2,145,11,2.0,2.0,0.0,14,0.661,48438,414,0.0908,134,0.1269,132,0.1288,0
qt_qrom16x5,qualtran,lookup,target,ccz,commuting_pace1,A_400_0.5,A,400,0.5,constrained,117,115,0,14,28.0,0,2,2,145,11,2.0,2.0,0.0,14,0.661,48438,414,0.0908,134,0.1269,132,0.1288,0
qt_qrom16x5,qualtran,lookup,target,ccz,commuting_pace2,A_400_0.5,A,400,0.5,constrained,117,115,0,14,28.0,0,2,2,145,11,2.0,2.0,0.0,14,0.661,48438,414,0.0908,134,0.1269,132,0.1288,0
qt_qrom16x5,qualtran,lookup,target,ccz,commuting_pace4,A_400_0.5,A,400,0.5,constrained,117,115,0,14,28.0,0,2,2,145,11,2.0,2.0,0.0,14,0.661,48438,414,0.0908,134,0.1269,132,0.1288,0
qt_qrom16x5,qualtran,lookup,target,ccz,commuting_pace8,A_400_0.5,A,400,0.5,constrained,117,115,0,14,28.0,0,2,2,145,11,2.0,2.0,0.0,14,0.661,48438,414,0.0908,134,0.1269,132,0.1288,0
qt_qrom16x5,qualtran,lookup,target,ccz,conventional,A_400_0.5,A,400,0.5,constrained,134,132,0,14,28.0,0,2,2,173,19,2.0,2.0,0.0,14,0.576,55476,414,0.0793,134,0.0,132,0.0,0
qt_qrom16x5,qualtran,lookup,target,ccz,conventional_pace4,A_400_0.5,A,400,0.5,constrained,134,132,0,14,28.0,0,2,2,173,19,2.0,2.0,0.0,14,0.576,55476,414,0.0793,134,0.0,132,0.0,0
qt_qrom16x5,qualtran,lookup,target,ccz,commuting,A_400_0.75,A,400,0.75,constrained,117,115,0,14,28.0,0,2,2,57,30,2.0,2.0,0.0,14,0.661,45279,387,0.1112,134,0.1269,132,0.1288,0
qt_qrom16x5,qualtran,lookup,target,ccz,commuting_pace1,A_400_0.75,A,400,0.75,constrained,117,115,0,14,28.0,0,2,2,57,30,2.0,2.0,0.0,14,0.661,45279,387,0.1112,134,0.1269,132,0.1288,0
qt_qrom16x5,qualtran,lookup,target,ccz,commuting_pace2,A_400_0.75,A,400,0.75,constrained,117,115,0,14,28.0,0,2,2,57,30,2.0,2.0,0.0,14,0.661,45279,387,0.1112,134,0.1269,132,0.1288,0
qt_qrom16x5,qualtran,lookup,target,ccz,commuting_pace4,A_400_0.75,A,400,0.75,constrained,117,115,0,14,28.0,0,2,2,57,30,2.0,2.0,0.0,14,0.661,45279,387,0.1112,134,0.1269,132,0.1288,0
qt_qrom16x5,qualtran,lookup,target,ccz,commuting_pace8,A_400_0.75,A,400,0.75,constrained,117,115,0,14,28.0,0,2,2,57,30,2.0,2.0,0.0,14,0.661,45279,387,0.1112,134,0.1269,132,0.1288,0
qt_qrom16x5,qualtran,lookup,target,ccz,conventional,A_400_0.75,A,400,0.75,constrained,134,132,0,14,28.0,0,2,2,71,41,2.0,2.0,0.0,14,0.576,51858,387,0.0971,134,0.0,132,0.0,0
qt_qrom16x5,qualtran,lookup,target,ccz,conventional_pace4,A_400_0.75,A,400,0.75,constrained,134,132,0,14,28.0,0,2,2,71,41,2.0,2.0,0.0,14,0.576,51858,387,0.0971,134,0.0,132,0.0,0
qt_qrom16x5,qualtran,lookup,target,ccz,commuting,A_800_0.5,A,800,0.5,moderate,117,115,0,14,28.0,0,2,2,322,67,2.0,2.0,0.0,14,0.661,96876,828,0.0454,134,0.1269,132,0.1288,0
qt_qrom16x5,qualtran,lookup,target,ccz,commuting_pace1,A_800_0.5,A,800,0.5,moderate,117,115,0,14,28.0,0,2,2,322,67,2.0,2.0,0.0,14,0.661,96876,828,0.0454,134,0.1269,132,0.1288,0
qt_qrom16x5,qualtran,lookup,target,ccz,commuting_pace2,A_800_0.5,A,800,0.5,moderate,117,115,0,14,28.0,0,2,2,322,67,2.0,2.0,0.0,14,0.661,96876,828,0.0454,134,0.1269,132,0.1288,0
qt_qrom16x5,qualtran,lookup,target,ccz,commuting_pace4,A_800_0.5,A,800,0.5,moderate,117,115,0,14,28.0,0,2,2,322,67,2.0,2.0,0.0,14,0.661,96876,828,0.0454,134,0.1269,132,0.1288,0
qt_qrom16x5,qualtran,lookup,target,ccz,commuting_pace8,A_800_0.5,A,800,0.5,moderate,117,115,0,14,28.0,0,2,2,322,67,2.0,2.0,0.0,14,0.661,96876,828,0.0454,134,0.1269,132,0.1288,0
qt_qrom16x5,qualtran,lookup,target,ccz,conventional,A_800_0.5,A,800,0.5,moderate,134,132,0,14,28.0,0,2,2,378,84,2.0,2.0,0.0,14,0.576,110952,828,0.0396,134,0.0,132,0.0,0
qt_qrom16x5,qualtran,lookup,target,ccz,conventional_pace4,A_800_0.5,A,800,0.5,moderate,134,132,0,14,28.0,0,2,2,378,84,2.0,2.0,0.0,14,0.576,110952,828,0.0396,134,0.0,132,0.0,0
qt_qrom16x5,qualtran,lookup,target,ccz,commuting,B_400_0.5,B,400,0.5,constrained,120,115,0,14,28.0,0,5,5,0,0,2.0,2.0,0.0,14,0.661,46320,386,0.1203,137,0.1241,132,0.1288,0
qt_qrom16x5,qualtran,lookup,target,ccz,commuting_pace1,B_400_0.5,B,400,0.5,constrained,120,115,0,14,28.0,0,5,5,0,0,2.0,2.0,0.0,14,0.661,46320,386,0.1203,137,0.1241,132,0.1288,0
qt_qrom16x5,qualtran,lookup,target,ccz,commuting_pace2,B_400_0.5,B,400,0.5,constrained,120,115,0,14,28.0,0,5,5,0,0,2.0,2.0,0.0,14,0.661,46320,386,0.1203,137,0.1241,132,0.1288,0
qt_qrom16x5,qualtran,lookup,target,ccz,commuting_pace4,B_400_0.5,B,400,0.5,constrained,120,115,0,14,28.0,0,5,5,0,0,2.0,2.0,0.0,14,0.661,46320,386,0.1203,137,0.1241,132,0.1288,0
qt_qrom16x5,qualtran,lookup,target,ccz,commuting_pace8,B_400_0.5,B,400,0.5,constrained,120,115,0,14,28.0,0,5,5,0,0,2.0,2.0,0.0,14,0.661,46320,386,0.1203,137,0.1241,132,0.1288,0
qt_qrom16x5,qualtran,lookup,target,ccz,conventional,B_400_0.5,B,400,0.5,constrained,137,132,0,14,28.0,0,5,5,0,0,2.0,2.0,0.0,14,0.576,52882,386,0.1054,137,0.0,132,0.0,0
qt_qrom16x5,qualtran,lookup,target,ccz,conventional_pace4,B_400_0.5,B,400,0.5,constrained,137,132,0,14,28.0,0,5,5,0,0,2.0,2.0,0.0,14,0.576,52882,386,0.1054,137,0.0,132,0.0,0
qt_qrom16x5,qualtran,lookup,target,ccz,commuting,C_400_0.5,C,400,0.5,constrained,120,115,0,14,28.0,0,5,5,0,0,2.0,2.0,0.0,14,0.661,47280,394,0.1203,137,0.1241,132,0.1288,0
qt_qrom16x5,qualtran,lookup,target,ccz,commuting_pace1,C_400_0.5,C,400,0.5,constrained,120,115,0,14,28.0,0,5,5,0,0,2.0,2.0,0.0,14,0.661,47280,394,0.1203,137,0.1241,132,0.1288,0
qt_qrom16x5,qualtran,lookup,target,ccz,commuting_pace2,C_400_0.5,C,400,0.5,constrained,120,115,0,14,28.0,0,5,5,0,0,2.0,2.0,0.0,14,0.661,47280,394,0.1203,137,0.1241,132,0.1288,0
qt_qrom16x5,qualtran,lookup,target,ccz,commuting_pace4,C_400_0.5,C,400,0.5,constrained,120,115,0,14,28.0,0,5,5,0,0,2.0,2.0,0.0,14,0.661,47280,394,0.1203,137,0.1241,132,0.1288,0
qt_qrom16x5,qualtran,lookup,target,ccz,commuting_pace8,C_400_0.5,C,400,0.5,constrained,120,115,0,14,28.0,0,5,5,0,0,2.0,2.0,0.0,14,0.661,47280,394,0.1203,137,0.1241,132,0.1288,0
qt_qrom16x5,qualtran,lookup,target,ccz,conventional,C_400_0.5,C,400,0.5,constrained,137,132,0,14,28.0,0,5,5,0,0,2.0,2.0,0.0,14,0.576,53978,394,0.1054,137,0.0,132,0.0,0
qt_qrom16x5,qualtran,lookup,target,ccz,conventional_pace4,C_400_0.5,C,400,0.5,constrained,137,132,0,14,28.0,0,5,5,0,0,2.0,2.0,0.0,14,0.576,53978,394,0.1054,137,0.0,132,0.0,0
qt_qrom16x5,qualtran,lookup,target,t,commuting,A_200_0.5,A,200,0.5,constrained,151,143,56,0,56.0,8,0,8,29,0,4.0,4.0,0.0,14,0.531,25821,171,0.3221,168,0.1012,160,0.1062,0
qt_qrom16x5,qualtran,lookup,target,t,commuting_pace1,A_200_0.5,A,200,0.5,constrained,151,143,56,0,56.0,8,0,8,29,0,4.0,4.0,0.0,14,0.531,25821,171,0.3221,168,0.1012,160,0.1062,0
qt_qrom16x5,qualtran,lookup,target,t,commuting_pace2,A_200_0.5,A,200,0.5,constrained,151,143,56,0,56.0,8,0,8,29,0,4.0,4.0,0.0,14,0.531,25821,171,0.3221,168,0.1012,160,0.1062,0
qt_qrom16x5,qualtran,lookup,target,t,commuting_pace4,A_200_0.5,A,200,0.5,constrained,151,143,56,0,56.0,8,0,8,29,0,4.0,4.0,0.0,14,0.531,25821,171,0.3221,168,0.1012,160,0.1062,0
qt_qrom16x5,qualtran,lookup,target,t,commuting_pace8,A_200_0.5,A,200,0.5,constrained,151,143,56,0,56.0,8,0,8,29,0,4.0,4.0,0.0,14,0.531,25821,171,0.3221,168,0.1012,160,0.1062,0
qt_qrom16x5,qualtran,lookup,target,t,conventional,A_200_0.5,A,200,0.5,constrained,168,160,56,0,56.0,8,0,8,43,0,4.0,4.0,0.0,14,0.475,28728,171,0.2895,168,0.0,160,0.0,0
qt_qrom16x5,qualtran,lookup,target,t,conventional_pace4,A_200_0.5,A,200,0.5,constrained,168,160,56,0,56.0,8,0,8,43,0,4.0,4.0,0.0,14,0.475,28728,171,0.2895,168,0.0,160,0.0,0
qt_qrom16x5,qualtran,lookup,target,t,commuting,A_3200_0.5,A,3200,0.5,abundant,150,143,56,0,56.0,7,0,7,1771,504,4.0,4.0,0.0,14,0.531,476850,3179,0.0182,167,0.1018,160,0.1062,0
qt_qrom16x5,qualtran,lookup,target,t,commuting_pace1,A_3200_0.5,A,3200,0.5,abundant,150,143,56,0,56.0,7,0,7,1771,504,4.0,4.0,0.0,14,0.531,476850,3179,0.0182,167,0.1018,160,0.1062,0
qt_qrom16x5,qualtran,lookup,target,t,commuting_pace2,A_3200_0.5,A,3200,0.5,abundant,150,143,56,0,56.0,7,0,7,1771,504,4.0,4.0,0.0,14,0.531,476850,3179,0.0182,167,0.1018,160,0.1062,0
qt_qrom16x5,qualtran,lookup,target,t,commuting_pace4,A_3200_0.5,A,3200,0.5,abundant,150,143,56,0,56.0,7,0,7,1771,504,4.0,4.0,0.0,14,0.531,476850,3179,0.0182,167,0.1018,160,0.1062,0
qt_qrom16x5,qualtran,lookup,target,t,commuting_pace8,A_3200_0.5,A,3200,0.5,abundant,150,143,56,0,56.0,7,0,7,1771,504,4.0,4.0,0.0,14,0.531,476850,3179,0.0182,167,0.1018,160,0.1062,0
qt_qrom16x5,qualtran,lookup,target,t,conventional,A_3200_0.5,A,3200,0.5,abundant,167,160,56,0,56.0,7,0,7,1995,566,4.0,4.0,0.0,14,0.475,530893,3179,0.0163,167,0.0,160,0.0,0
qt_qrom16x5,qualtran,lookup,target,t,conventional_pace4,A_3200_0.5,A,3200,0.5,abundant,167,160,56,0,56.0,7,0,7,1995,566,4.0,4.0,0.0,14,0.475,530893,3179,0.0163,167,0.0,160,0.0,0
qt_qrom16x5,qualtran,lookup,target,t,commuting,A_400_0.25,A,400,0.25,constrained,150,143,56,0,56.0,7,0,7,259,0,4.0,4.0,0.0,14,0.531,55350,369,0.1339,167,0.1018,160,0.1062,0
qt_qrom16x5,qualtran,lookup,target,t,commuting_pace1,A_400_0.25,A,400,0.25,constrained,150,143,56,0,56.0,7,0,7,259,0,4.0,4.0,0.0,14,0.531,55350,369,0.1339,167,0.1018,160,0.1062,0
qt_qrom16x5,qualtran,lookup,target,t,commuting_pace2,A_400_0.25,A,400,0.25,constrained,150,143,56,0,56.0,7,0,7,259,0,4.0,4.0,0.0,14,0.531,55350,369,0.1339,167,0.1018,160,0.1062,0
qt_qrom16x5,qualtran,lookup,target,t,commuting_pace4,A_400_0.25,A,400,0.25,constrained,150,143,56,0,56.0,7,0,7,259,0,4.0,4.0,0.0,14,0.531,55350,369,0.1339,167,0.1018,160,0.1062,0
qt_qrom16x5,qualtran,lookup,target,t,commuting_pace8,A_400_0.25,A,400,0.25,constrained,150,143,56,0,56.0,7,0,7,259,0,4.0,4.0,0.0,14,0.531,55350,369,0.1339,167,0.1018,160,0.1062,0
qt_qrom16x5,qualtran,lookup,target,t,conventional,A_400_0.25,A,400,0.25,constrained,167,160,56,0,56.0,7,0,7,300,0,4.0,4.0,0.0,14,0.475,61623,369,0.1203,167,0.0,160,0.0,0
qt_qrom16x5,qualtran,lookup,target,t,conventional_pace4,A_400_0.25,A,400,0.25,constrained,167,160,56,0,56.0,7,0,7,300,0,4.0,4.0,0.0,14,0.475,61623,369,0.1203,167,0.0,160,0.0,0
qt_qrom16x5,qualtran,lookup,target,t,commuting,A_400_0.5,A,400,0.5,constrained,150,143,56,0,56.0,7,0,7,143,41,4.0,4.0,0.0,14,0.531,62100,414,0.1416,167,0.1018,160,0.1062,0
qt_qrom16x5,qualtran,lookup,target,t,commuting_pace1,A_400_0.5,A,400,0.5,constrained,150,143,56,0,56.0,7,0,7,143,41,4.0,4.0,0.0,14,0.531,62100,414,0.1416,167,0.1018,160,0.1062,0
qt_qrom16x5,qualtran,lookup,target,t,commuting_pace2,A_400_0.5,A,400,0.5,constrained,150,143,56,0,56.0,7,0,7,143,41,4.0,4.0,0.0,14,0.531,62100,414,0.1416,167,0.1018,160,0.1062,0
qt_qrom16x5,qualtran,lookup,target,t,commuting_pace4,A_400_0.5,A,400,0.5,constrained,150,143,56,0,56.0,7,0,7,143,41,4.0,4.0,0.0,14,0.531,62100,414,0.1416,167,0.1018,160,0.1062,0
qt_qrom16x5,qualtran,lookup,target,t,commuting_pace8,A_400_0.5,A,400,0.5,constrained,150,143,56,0,56.0,7,0,7,143,41,4.0,4.0,0.0,14,0.531,62100,414,0.1416,167,0.1018,160,0.1062,0
qt_qrom16x5,qualtran,lookup,target,t,conventional,A_400_0.5,A,400,0.5,constrained,167,160,56,0,56.0,7,0,7,171,50,4.0,4.0,0.0,14,0.475,69138,414,0.1272,167,0.0,160,0.0,0
qt_qrom16x5,qualtran,lookup,target,t,conventional_pace4,A_400_0.5,A,400,0.5,constrained,167,160,56,0,56.0,7,0,7,171,50,4.0,4.0,0.0,14,0.475,69138,414,0.1272,167,0.0,160,0.0,0
qt_qrom16x5,qualtran,lookup,target,t,commuting,A_400_0.75,A,400,0.75,constrained,151,143,56,0,56.0,8,0,8,29,66,4.0,4.0,0.0,14,0.531,58437,387,0.1724,168,0.1012,160,0.1062,0
qt_qrom16x5,qualtran,lookup,target,t,commuting_pace1,A_400_0.75,A,400,0.75,constrained,151,143,56,0,56.0,8,0,8,29,66,4.0,4.0,0.0,14,0.531,58437,387,0.1724,168,0.1012,160,0.1062,0
qt_qrom16x5,qualtran,lookup,target,t,commuting_pace2,A_400_0.75,A,400,0.75,constrained,151,143,56,0,56.0,8,0,8,29,66,4.0,4.0,0.0,14,0.531,58437,387,0.1724,168,0.1012,160,0.1062,0
qt_qrom16x5,qualtran,lookup,target,t,commuting_pace4,A_400_0.75,A,400,0.75,constrained,151,143,56,0,56.0,8,0,8,29,66,4.0,4.0,0.0,14,0.531,58437,387,0.1724,168,0.1012,160,0.1062,0
qt_qrom16x5,qualtran,lookup,target,t,commuting_pace8,A_400_0.75,A,400,0.75,constrained,151,143,56,0,56.0,8,0,8,29,66,4.0,4.0,0.0,14,0.531,58437,387,0.1724,168,0.1012,160,0.1062,0
qt_qrom16x5,qualtran,lookup,target,t,conventional,A_400_0.75,A,400,0.75,constrained,168,160,56,0,56.0,8,0,8,43,78,4.0,4.0,0.0,14,0.475,65016,387,0.1549,168,0.0,160,0.0,0
qt_qrom16x5,qualtran,lookup,target,t,conventional_pace4,A_400_0.75,A,400,0.75,constrained,168,160,56,0,56.0,8,0,8,43,78,4.0,4.0,0.0,14,0.475,65016,387,0.1549,168,0.0,160,0.0,0
qt_qrom16x5,qualtran,lookup,target,t,commuting,A_800_0.5,A,800,0.5,moderate,150,143,56,0,56.0,7,0,7,374,114,4.0,4.0,0.0,14,0.531,124200,828,0.0708,167,0.1018,160,0.1062,0
qt_qrom16x5,qualtran,lookup,target,t,commuting_pace1,A_800_0.5,A,800,0.5,moderate,150,143,56,0,56.0,7,0,7,374,114,4.0,4.0,0.0,14,0.531,124200,828,0.0708,167,0.1018,160,0.1062,0
qt_qrom16x5,qualtran,lookup,target,t,commuting_pace2,A_800_0.5,A,800,0.5,moderate,150,143,56,0,56.0,7,0,7,374,114,4.0,4.0,0.0,14,0.531,124200,828,0.0708,167,0.1018,160,0.1062,0
qt_qrom16x5,qualtran,lookup,target,t,commuting_pace4,A_800_0.5,A,800,0.5,moderate,150,143,56,0,56.0,7,0,7,374,114,4.0,4.0,0.0,14,0.531,124200,828,0.0708,167,0.1018,160,0.1062,0
qt_qrom16x5,qualtran,lookup,target,t,commuting_pace8,A_800_0.5,A,800,0.5,moderate,150,143,56,0,56.0,7,0,7,374,114,4.0,4.0,0.0,14,0.531,124200,828,0.0708,167,0.1018,160,0.1062,0
qt_qrom16x5,qualtran,lookup,target,t,conventional,A_800_0.5,A,800,0.5,moderate,167,160,56,0,56.0,7,0,7,430,131,4.0,4.0,0.0,14,0.475,138276,828,0.0636,167,0.0,160,0.0,0
qt_qrom16x5,qualtran,lookup,target,t,conventional_pace4,A_800_0.5,A,800,0.5,moderate,167,160,56,0,56.0,7,0,7,430,131,4.0,4.0,0.0,14,0.475,138276,828,0.0636,167,0.0,160,0.0,0
qt_qrom16x5,qualtran,lookup,target,t,commuting,B_400_0.5,B,400,0.5,constrained,154,143,56,0,56.0,11,0,11,0,0,4.0,4.0,0.0,14,0.531,59444,386,0.1875,171,0.0994,160,0.1062,0
qt_qrom16x5,qualtran,lookup,target,t,commuting_pace1,B_400_0.5,B,400,0.5,constrained,154,143,56,0,56.0,11,0,11,0,0,4.0,4.0,0.0,14,0.531,59444,386,0.1875,171,0.0994,160,0.1062,0
qt_qrom16x5,qualtran,lookup,target,t,commuting_pace2,B_400_0.5,B,400,0.5,constrained,154,143,56,0,56.0,11,0,11,0,0,4.0,4.0,0.0,14,0.531,59444,386,0.1875,171,0.0994,160,0.1062,0
qt_qrom16x5,qualtran,lookup,target,t,commuting_pace4,B_400_0.5,B,400,0.5,constrained,154,143,56,0,56.0,11,0,11,0,0,4.0,4.0,0.0,14,0.531,59444,386,0.1875,171,0.0994,160,0.1062,0
qt_qrom16x5,qualtran,lookup,target,t,commuting_pace8,B_400_0.5,B,400,0.5,constrained,154,143,56,0,56.0,11,0,11,0,0,4.0,4.0,0.0,14,0.531,59444,386,0.1875,171,0.0994,160,0.1062,0
qt_qrom16x5,qualtran,lookup,target,t,conventional,B_400_0.5,B,400,0.5,constrained,171,160,56,0,56.0,11,0,11,0,0,4.0,4.0,0.0,14,0.475,66006,386,0.1689,171,0.0,160,0.0,0
qt_qrom16x5,qualtran,lookup,target,t,conventional_pace4,B_400_0.5,B,400,0.5,constrained,171,160,56,0,56.0,11,0,11,0,0,4.0,4.0,0.0,14,0.475,66006,386,0.1689,171,0.0,160,0.0,0
qt_qrom16x5,qualtran,lookup,target,t,commuting,C_400_0.5,C,400,0.5,constrained,150,143,56,0,56.0,7,0,7,0,0,4.0,4.0,0.0,14,0.531,59100,394,0.1925,167,0.1018,160,0.1062,0
qt_qrom16x5,qualtran,lookup,target,t,commuting_pace1,C_400_0.5,C,400,0.5,constrained,150,143,56,0,56.0,7,0,7,0,0,4.0,4.0,0.0,14,0.531,59100,394,0.1925,167,0.1018,160,0.1062,0
qt_qrom16x5,qualtran,lookup,target,t,commuting_pace2,C_400_0.5,C,400,0.5,constrained,150,143,56,0,56.0,7,0,7,0,0,4.0,4.0,0.0,14,0.531,59100,394,0.1925,167,0.1018,160,0.1062,0
qt_qrom16x5,qualtran,lookup,target,t,commuting_pace4,C_400_0.5,C,400,0.5,constrained,150,143,56,0,56.0,7,0,7,0,0,4.0,4.0,0.0,14,0.531,59100,394,0.1925,167,0.1018,160,0.1062,0
qt_qrom16x5,qualtran,lookup,target,t,commuting_pace8,C_400_0.5,C,400,0.5,constrained,150,143,56,0,56.0,7,0,7,0,0,4.0,4.0,0.0,14,0.531,59100,394,0.1925,167,0.1018,160,0.1062,0
qt_qrom16x5,qualtran,lookup,target,t,conventional,C_400_0.5,C,400,0.5,constrained,167,160,56,0,56.0,7,0,7,0,0,4.0,4.0,0.0,14,0.475,65798,394,0.1729,167,0.0,160,0.0,0
qt_qrom16x5,qualtran,lookup,target,t,conventional_pace4,C_400_0.5,C,400,0.5,constrained,167,160,56,0,56.0,7,0,7,0,0,4.0,4.0,0.0,14,0.475,65798,394,0.1729,167,0.0,160,0.0,0
