kernel,family,concurrency,decision_sites,assignment_space,capacity_target,ccz_share,t_rate,ccz_rate,capacity_achieved,imbalance,factory_tiles,supply_pressure,makespan_uniform_min_teq,makespan_min_weighted_count,makespan_uniform_oracle,makespan_two_term_descent,makespan_local_sim_greedy,makespan_share_aware_greedy,makespan_proportional_split,makespan_sim_descent,makespan_global_oracle,oracle_exhaustive,regret_uniform_min_teq,regret_min_weighted_count,regret_uniform_oracle,regret_two_term_descent,regret_local_sim_greedy,regret_share_aware_greedy,regret_proportional_split,regret_sim_descent,best_simple_baseline,makespan_best_simple,headroom_over_uniform_oracle,headroom_over_best_simple,oracle_heterogeneity,oracle_ccz_share_of_demand,uniform_ccz_share_of_demand,oracle_space_time,uniform_space_time,space_time_ratio,seconds_uniform_min_teq,seconds_min_weighted_count,seconds_uniform_oracle,seconds_two_term_descent,seconds_local_sim_greedy,seconds_share_aware_greedy,seconds_proportional_split,seconds_sim_descent,seconds_global_oracle
and_ladder_s2_l2,and_ladder,2,4,256,0.25,0.1,0.1818,0.1667,0.5152,1.8333,94,1.1092,27,27,27,27,27,27,52,27,27,1,1.0,1.0,1.0,1.0,1.0,1.0,1.9259,1.0,uniform_min_teq,27,0.0,0.0,0.0,1.0,1.0,2862,2862,1.0,0.0018,0.0009,0.0028,0.0107,0.0037,0.004,0.0007,0.0335,0.0468
and_ladder_s2_l2,and_ladder,2,4,256,0.25,0.25,0.1818,0.1667,0.5152,1.8333,94,1.1092,27,27,27,27,27,27,52,27,27,1,1.0,1.0,1.0,1.0,1.0,1.0,1.9259,1.0,uniform_min_teq,27,0.0,0.0,0.0,1.0,1.0,2862,2862,1.0,0.0017,0.0008,0.0028,0.0107,0.0038,0.0044,0.0007,0.0336,0.0479
and_ladder_s2_l2,and_ladder,2,4,256,0.25,0.5,0.0909,0.1667,0.4242,3.6667,83,1.3469,27,27,27,27,27,27,27,27,27,1,1.0,1.0,1.0,1.0,1.0,1.0,1.0,1.0,uniform_min_teq,27,0.0,0.0,0.0,1.0,1.0,2565,2565,1.0,0.0017,0.0008,0.0033,0.0101,0.0039,0.004,0.0006,0.0368,0.0577
and_ladder_s2_l2,and_ladder,2,4,256,0.25,0.75,0.0909,0.1667,0.4242,3.6667,83,1.3469,27,27,27,27,27,27,27,27,27,1,1.0,1.0,1.0,1.0,1.0,1.0,1.0,1.0,uniform_min_teq,27,0.0,0.0,0.0,1.0,1.0,2565,2565,1.0,0.0017,0.0008,0.0033,0.0097,0.0038,0.0039,0.0006,0.0362,0.0577
and_ladder_s2_l2,and_ladder,2,4,256,0.25,0.9,0.0909,0.1667,0.4242,3.6667,83,1.3469,27,27,27,27,27,27,27,27,27,1,1.0,1.0,1.0,1.0,1.0,1.0,1.0,1.0,uniform_min_teq,27,0.0,0.0,0.0,1.0,1.0,2565,2565,1.0,0.0017,0.0008,0.0034,0.0098,0.0038,0.0044,0.0007,0.0387,0.0654
and_ladder_s2_l2,and_ladder,2,4,256,0.5,0.1,0.4545,0.1667,0.7879,1.3636,127,0.7933,27,27,27,27,27,27,29,24,24,1,1.125,1.125,1.125,1.125,1.125,1.125,1.2083,1.0,uniform_min_teq,27,0.1111,0.1111,0.25,0.6,1.0,3336,3753,0.8889,0.0019,0.001,0.003,0.0125,0.0045,0.0041,0.0008,0.0372,0.0417
and_ladder_s2_l2,and_ladder,2,4,256,0.5,0.25,0.3636,0.1667,0.697,1.0909,116,0.8967,27,27,27,29,27,27,33,24,24,1,1.125,1.125,1.125,1.2083,1.125,1.125,1.375,1.0,uniform_min_teq,27,0.1111,0.1111,0.25,0.6,1.0,3072,3456,0.8889,0.0018,0.0008,0.0026,0.0119,0.004,0.0046,0.0008,0.0365,0.0418
and_ladder_s2_l2,and_ladder,2,4,256,0.5,0.5,0.2727,0.1667,0.6061,1.2222,105,1.0313,27,27,27,32,27,27,39,25,25,1,1.08,1.08,1.08,1.28,1.08,1.08,1.56,1.0,uniform_min_teq,27,0.0741,0.0741,0.25,0.6,1.0,2925,3159,0.9259,0.0017,0.0008,0.0029,0.0127,0.004,0.004,0.0008,0.0365,0.0421
and_ladder_s2_l2,and_ladder,2,4,256,0.5,0.75,0.0909,0.1667,0.4242,3.6667,83,1.3469,27,27,27,27,27,27,27,27,27,1,1.0,1.0,1.0,1.0,1.0,1.0,1.0,1.0,uniform_min_teq,27,0.0,0.0,0.0,1.0,1.0,2565,2565,1.0,0.0016,0.0007,0.0032,0.0099,0.0051,0.0039,0.0006,0.037,0.0589
and_ladder_s2_l2,and_ladder,2,4,256,0.5,0.9,0.0909,0.1667,0.4242,3.6667,83,1.3469,27,27,27,27,27,27,27,27,27,1,1.0,1.0,1.0,1.0,1.0,1.0,1.0,1.0,uniform_min_teq,27,0.0,0.0,0.0,1.0,1.0,2565,2565,1.0,0.0018,0.0008,0.0034,0.0099,0.0039,0.0041,0.0006,0.0392,0.0601
and_ladder_s2_l2,and_ladder,2,4,256,1.0,0.1,0.9091,0.1667,1.2424,2.7273,182,0.7474,27,30,27,24,27,27,26,22,22,1,1.2273,1.3636,1.2273,1.0909,1.2273,1.2273,1.1818,1.0,two_term_descent,24,0.1852,0.0833,0.25,0.4615,1.0,4334,5238,0.8274,0.0018,0.001,0.0028,0.0127,0.0047,0.0041,0.0007,0.0407,0.0424
and_ladder_s2_l2,and_ladder,2,4,256,1.0,0.25,0.7273,0.1667,1.0606,2.1818,160,0.8755,27,34,27,25,27,27,27,22,22,1,1.2273,1.5455,1.2273,1.1364,1.2273,1.2273,1.2273,1.0,two_term_descent,25,0.1852,0.12,0.25,0.4615,1.0,3850,4644,0.829,0.0018,0.001,0.0026,0.0114,0.0046,0.004,0.0008,0.0378,0.0406
and_ladder_s2_l2,and_ladder,2,4,256,1.0,0.5,0.5455,0.3333,1.2121,1.2222,210,0.4714,19,19,19,19,19,19,28,19,19,1,1.0,1.0,1.0,1.0,1.0,1.0,1.4737,1.0,uniform_min_teq,19,0.0,0.0,0.0,1.0,1.0,4218,4218,1.0,0.0017,0.0008,0.0027,0.0103,0.005,0.0039,0.0007,0.0325,0.0415
and_ladder_s2_l2,and_ladder,2,4,256,1.0,0.75,0.2727,0.3333,0.9394,2.4444,177,0.6083,19,19,19,19,19,19,39,19,19,1,1.0,1.0,1.0,1.0,1.0,1.0,2.0526,1.0,uniform_min_teq,19,0.0,0.0,0.0,1.0,1.0,3591,3591,1.0,0.0017,0.0009,0.0027,0.0102,0.0039,0.0038,0.0007,0.0321,0.0465
and_ladder_s2_l2,and_ladder,2,4,256,1.0,0.9,0.0909,0.5,1.0909,11.0,227,0.5238,18,18,18,18,18,18,18,18,18,1,1.0,1.0,1.0,1.0,1.0,1.0,1.0,1.0,uniform_min_teq,18,0.0,0.0,0.0,1.0,1.0,4302,4302,1.0,0.0018,0.0009,0.0041,0.0104,0.005,0.0046,0.0006,0.0416,0.0633
and_ladder_s2_l2,and_ladder,2,4,256,2.0,0.1,1.8182,0.1667,2.1515,5.4545,292,0.4316,27,26,26,24,27,27,26,22,22,1,1.2273,1.1818,1.1818,1.0909,1.2273,1.2273,1.1818,1.0,two_term_descent,24,0.1538,0.0833,0.25,0.4615,0.0,6754,7904,0.8545,0.0018,0.001,0.0031,0.013,0.0071,0.0053,0.0009,0.0527,0.0554
and_ladder_s2_l2,and_ladder,2,4,256,2.0,0.25,1.4545,0.3333,2.1212,2.1818,320,0.2694,19,27,19,19,19,19,25,19,19,1,1.0,1.4211,1.0,1.0,1.0,1.0,1.3158,1.0,uniform_min_teq,19,0.0,0.0,0.0,1.0,1.0,6308,6308,1.0,0.0022,0.0016,0.0033,0.0111,0.0063,0.0055,0.0009,0.0421,0.0478
and_ladder_s2_l2,and_ladder,2,4,256,2.0,0.5,1.0,0.5,2.0,1.0,337,0.2857,18,18,18,18,18,18,26,18,18,1,1.0,1.0,1.0,1.0,1.0,1.0,1.4444,1.0,uniform_min_teq,18,0.0,0.0,0.0,1.0,1.0,6282,6282,1.0,0.0018,0.0009,0.0028,0.0102,0.0054,0.0047,0.0008,0.0356,0.0454
and_ladder_s2_l2,and_ladder,2,4,256,2.0,0.75,0.5455,0.6667,1.8788,2.4444,354,0.3041,17,17,17,17,17,17,28,17,17,1,1.0,1.0,1.0,1.0,1.0,1.0,1.6471,1.0,uniform_min_teq,17,0.0,0.0,0.0,1.0,1.0,6222,6222,1.0,0.0018,0.0009,0.0029,0.0098,0.0048,0.0043,0.0008,0.0347,0.0532
and_ladder_s2_l2,and_ladder,2,4,256,2.0,0.9,0.1818,0.8333,1.8485,9.1667,382,0.3091,17,17,17,17,17,17,17,17,17,1,1.0,1.0,1.0,1.0,1.0,1.0,1.0,1.0,uniform_min_teq,17,0.0,0.0,0.0,1.0,1.0,6698,6698,1.0,0.0019,0.0009,0.0031,0.0099,0.0049,0.0047,0.0007,0.0382,0.0572
and_ladder_s2_l3,and_ladder,3,6,4096,0.25,0.1,0.1818,0.1667,0.5152,1.8333,94,1.6985,39,39,39,37,39,39,52,33,33,1,1.1818,1.1818,1.1818,1.1212,1.1818,1.1818,1.5758,1.0,two_term_descent,37,0.1538,0.1081,0.1667,0.7143,1.0,3564,4212,0.8462,0.0026,0.0013,0.006,0.0253,0.0077,0.0076,0.0009,0.0715,0.2636
and_ladder_s2_l3,and_ladder,3,6,4096,0.25,0.25,0.1818,0.1667,0.5152,1.8333,94,1.6985,39,39,39,37,39,39,52,33,33,1,1.1818,1.1818,1.1818,1.1212,1.1818,1.1818,1.5758,1.0,two_term_descent,37,0.1538,0.1081,0.1667,0.7143,1.0,3564,4212,0.8462,0.0025,0.0012,0.0042,0.0219,0.0052,0.0058,0.0009,0.074,0.2569
and_ladder_s2_l3,and_ladder,3,6,4096,0.25,0.5,0.0909,0.1667,0.4242,3.6667,83,2.0204,39,39,39,39,39,39,91,39,39,1,1.0,1.0,1.0,1.0,1.0,1.0,2.3333,1.0,uniform_min_teq,39,0.0,0.0,0.0,1.0,1.0,3783,3783,1.0,0.0024,0.0011,0.0051,0.019,0.0061,0.0061,0.001,0.0727,0.3399
and_ladder_s2_l3,and_ladder,3,6,4096,0.25,0.75,0.0909,0.1667,0.4242,3.6667,83,2.0204,39,39,39,39,39,39,91,39,39,1,1.0,1.0,1.0,1.0,1.0,1.0,2.3333,1.0,uniform_min_teq,39,0.0,0.0,0.0,1.0,1.0,3783,3783,1.0,0.0024,0.0011,0.0048,0.0205,0.0059,0.0061,0.0009,0.0712,0.3358
and_ladder_s2_l3,and_ladder,3,6,4096,0.25,0.9,0.0909,0.1667,0.4242,3.6667,83,2.0204,39,39,39,39,39,39,91,39,39,1,1.0,1.0,1.0,1.0,1.0,1.0,2.3333,1.0,uniform_min_teq,39,0.0,0.0,0.0,1.0,1.0,3783,3783,1.0,0.0026,0.0012,0.005,0.022,0.0062,0.0062,0.001,0.0765,0.3445
and_ladder_s2_l3,and_ladder,3,6,4096,0.5,0.1,0.4545,0.1667,0.7879,1.3636,127,1.1282,39,39,39,36,39,39,47,29,29,1,1.3448,1.3448,1.3448,1.2414,1.3448,1.3448,1.6207,1.0,two_term_descent,36,0.2564,0.1944,0.3333,0.5,1.0,4089,5499,0.7436,0.0025,0.0012,0.0037,0.0226,0.0055,0.0055,0.0009,0.0666,0.2115
and_ladder_s2_l3,and_ladder,3,6,4096,0.5,0.25,0.3636,0.1667,0.697,1.0909,116,1.2554,39,39,39,33,39,39,55,33,33,1,1.1818,1.1818,1.1818,1.0,1.1818,1.1818,1.6667,1.0,two_term_descent,33,0.1538,0.0,0.1667,0.7143,1.0,4290,5070,0.8462,0.0025,0.0011,0.0037,0.0225,0.0054,0.006,0.0011,0.0649,0.2175
and_ladder_s2_l3,and_ladder,3,6,4096,0.5,0.5,0.2727,0.1667,0.6061,1.2222,105,1.4438,39,39,39,33,39,39,39,33,33,1,1.1818,1.1818,1.1818,1.0,1.1818,1.1818,1.1818,1.0,two_term_descent,33,0.1538,0.0,0.1667,0.7143,1.0,3927,4641,0.8462,0.0025,0.0011,0.0038,0.0215,0.0049,0.0055,0.0008,0.0618,0.2126
and_ladder_s2_l3,and_ladder,3,6,4096,0.5,0.75,0.0909,0.1667,0.4242,3.6667,83,2.0204,39,39,39,39,39,39,91,39,39,1,1.0,1.0,1.0,1.0,1.0,1.0,2.3333,1.0,uniform_min_teq,39,0.0,0.0,0.0,1.0,1.0,3783,3783,1.0,0.0023,0.001,0.0045,0.0177,0.0053,0.0054,0.0008,0.0678,0.3315
and_ladder_s2_l3,and_ladder,3,6,4096,0.5,0.9,0.0909,0.1667,0.4242,3.6667,83,2.0204,39,39,39,39,39,39,91,39,39,1,1.0,1.0,1.0,1.0,1.0,1.0,2.3333,1.0,uniform_min_teq,39,0.0,0.0,0.0,1.0,1.0,3783,3783,1.0,0.0025,0.0011,0.0047,0.0196,0.0056,0.0057,0.0009,0.0694,0.3312
and_ladder_s2_l3,and_ladder,3,6,4096,1.0,0.1,0.9091,0.1667,1.2424,2.7273,182,0.8049,39,39,39,33,39,39,30,26,26,1,1.5,1.5,1.5,1.2692,1.5,1.5,1.1538,1.0,proportional_split,30,0.3333,0.1333,0.5,0.3333,1.0,5096,7644,0.6667,0.0025,0.0013,0.0037,0.0249,0.0067,0.0057,0.0009,0.0731,0.2146
and_ladder_s2_l3,and_ladder,3,6,4096,1.0,0.25,0.7273,0.1667,1.0606,2.1818,160,0.8381,39,45,39,30,39,39,34,30,27,1,1.4444,1.6667,1.4444,1.1111,1.4444,1.4444,1.2593,1.1111,two_term_descent,30,0.3077,0.1,0.3333,0.5,1.0,4698,6786,0.6923,0.0025,0.0015,0.004,0.0242,0.0062,0.0056,0.001,0.0705,0.2138
and_ladder_s2_l3,and_ladder,3,6,4096,1.0,0.5,0.5455,0.3333,1.2121,1.2222,210,0.7071,24,24,24,26,24,24,28,24,24,1,1.0,1.0,1.0,1.0833,1.0,1.0,1.1667,1.0,uniform_min_teq,24,0.0,0.0,0.0,1.0,1.0,5376,5376,1.0,0.0024,0.0014,0.0037,0.0226,0.0062,0.0055,0.0008,0.0567,0.2137
and_ladder_s2_l3,and_ladder,3,6,4096,1.0,0.75,0.2727,0.3333,0.9394,2.4444,177,0.9124,24,24,24,24,24,24,39,24,24,1,1.0,1.0,1.0,1.0,1.0,1.0,1.625,1.0,uniform_min_teq,24,0.0,0.0,0.0,1.0,1.0,4584,4584,1.0,0.0025,0.0011,0.0037,0.019,0.0056,0.0065,0.0009,0.0596,0.232
and_ladder_s2_l3,and_ladder,3,6,4096,1.0,0.9,0.0909,0.5,1.0909,11.0,227,0.7857,20,20,20,20,20,20,20,20,20,1,1.0,1.0,1.0,1.0,1.0,1.0,1.0,1.0,uniform_min_teq,20,0.0,0.0,0.0,1.0,1.0,4820,4820,1.0,0.0024,0.0011,0.0049,0.019,0.0065,0.0058,0.0008,0.0735,0.3497
and_ladder_s2_l3,and_ladder,3,6,4096,2.0,0.1,1.8182,0.1667,2.1515,5.4545,292,0.6972,39,29,29,27,39,39,29,23,23,1,1.6957,1.2609,1.2609,1.1739,1.6957,1.6957,1.2609,1.0,two_term_descent,27,0.2069,0.1481,0.5,0.25,0.0,7176,8874,0.8087,0.0026,0.0015,0.0041,0.0246,0.009,0.0066,0.001,0.0857,0.2471
and_ladder_s2_l3,and_ladder,3,6,4096,2.0,0.25,1.4545,0.3333,2.1212,2.1818,320,0.5724,24,30,24,25,24,24,27,22,22,1,1.0909,1.3636,1.0909,1.1364,1.0909,1.0909,1.2273,1.0,uniform_min_teq,24,0.0833,0.0833,0.1667,0.5882,1.0,7414,8016,0.9249,0.0025,0.0014,0.0039,0.0225,0.0082,0.0062,0.001,0.0785,0.2356
and_ladder_s2_l3,and_ladder,3,6,4096,2.0,0.5,1.0,0.5,2.0,1.0,337,0.4286,20,20,20,20,20,20,26,20,20,1,1.0,1.0,1.0,1.0,1.0,1.0,1.3,1.0,uniform_min_teq,20,0.0,0.0,0.0,1.0,1.0,7020,7020,1.0,0.0026,0.0012,0.0038,0.0214,0.0094,0.0079,0.0012,0.0647,0.2295
and_ladder_s2_l3,and_ladder,3,6,4096,2.0,0.75,0.5455,0.6667,1.8788,2.4444,354,0.4562,19,19,19,19,19,19,28,19,19,1,1.0,1.0,1.0,1.0,1.0,1.0,1.4737,1.0,uniform_min_teq,19,0.0,0.0,0.0,1.0,1.0,6992,6992,1.0,0.0025,0.0012,0.0037,0.0187,0.0071,0.0056,0.0009,0.0633,0.2346
and_ladder_s2_l3,and_ladder,3,6,4096,2.0,0.9,0.1818,0.8333,1.8485,9.1667,382,0.4637,18,18,18,18,18,18,18,18,18,1,1.0,1.0,1.0,1.0,1.0,1.0,1.0,1.0,uniform_min_teq,18,0.0,0.0,0.0,1.0,1.0,7128,7128,1.0,0.0026,0.0014,0.0045,0.0205,0.007,0.0064,0.0008,0.067,0.3083
grover_c16_i2,grover,1,4,400,0.25,0.1,0.1818,0.1667,0.5152,1.8333,94,1.2524,423,423,423,387,423,423,423,387,311,1,1.3601,1.3601,1.3601,1.2444,1.3601,1.3601,1.3601,1.2444,two_term_descent,387,0.2648,0.1964,0.5,0.7143,1.0,54736,75294,0.727,0.0761,0.0079,0.1268,0.3574,0.0249,0.0252,0.009,0.7505,1.5681
grover_c16_i2,grover,1,4,400,0.25,0.25,0.1818,0.1667,0.5152,1.8333,94,1.2524,423,423,423,387,423,423,423,387,311,1,1.3601,1.3601,1.3601,1.2444,1.3601,1.3601,1.3601,1.2444,two_term_descent,387,0.2648,0.1964,0.5,0.7143,1.0,54736,75294,0.727,0.0749,0.0076,0.1243,0.3234,0.0255,0.0222,0.0079,0.7264,1.6782
grover_c16_i2,grover,1,4,400,0.25,0.5,0.0909,0.1667,0.4242,3.6667,83,1.4602,423,423,423,423,423,423,423,423,423,1,1.0,1.0,1.0,1.0,1.0,1.0,1.0,1.0,uniform_min_teq,423,0.0,0.0,0.0,1.0,1.0,70641,70641,1.0,0.0789,0.0077,0.1582,0.3375,0.0284,0.0289,0.0081,0.946,2.3721
grover_c16_i2,grover,1,4,400,0.25,0.75,0.0909,0.1667,0.4242,3.6667,83,1.4602,423,423,423,423,423,423,423,423,423,1,1.0,1.0,1.0,1.0,1.0,1.0,1.0,1.0,uniform_min_teq,423,0.0,0.0,0.0,1.0,1.0,70641,70641,1.0,0.0756,0.0076,0.1292,0.2846,0.0262,0.0273,0.0071,0.9364,2.065
grover_c16_i2,grover,1,4,400,0.25,0.9,0.0909,0.1667,0.4242,3.6667,83,1.4602,423,423,423,423,423,423,423,423,423,1,1.0,1.0,1.0,1.0,1.0,1.0,1.0,1.0,uniform_min_teq,423,0.0,0.0,0.0,1.0,1.0,70641,70641,1.0,0.0685,0.011,0.156,0.3573,0.0341,0.0299,0.0085,1.005,2.3145
grover_c16_i2,grover,1,4,400,0.5,0.1,0.4545,0.1667,0.7879,1.3636,127,0.7498,423,281,281,281,310,310,450,281,281,1,1.5053,1.0,1.0,1.0,1.1032,1.1032,1.6014,1.0,min_weighted_count,281,0.0,0.0,0.25,0.4286,0.4286,55919,58167,0.9614,0.0807,0.0076,0.1063,0.3668,0.0201,0.0203,0.0096,0.6596,1.3889
grover_c16_i2,grover,1,4,400,0.5,0.25,0.3636,0.1667,0.697,1.0909,116,0.8476,423,281,281,281,310,310,560,281,281,1,1.5053,1.0,1.0,1.0,1.1032,1.1032,1.9929,1.0,min_weighted_count,281,0.0,0.0,0.25,0.4286,0.4286,52828,55076,0.9592,0.0751,0.0076,0.1105,0.3696,0.0205,0.0206,0.0142,0.6619,1.4471
grover_c16_i2,grover,1,4,400,0.5,0.5,0.2727,0.1667,0.6061,1.2222,105,0.9747,423,423,302,310,423,423,423,302,302,1,1.4007,1.4007,1.0,1.0265,1.4007,1.4007,1.4007,1.0,uniform_oracle,302,0.0,0.0,0.25,0.4286,0.4286,53454,55870,0.9568,0.0738,0.0087,0.1192,0.3511,0.0224,0.0223,0.0143,0.854,1.4944
grover_c16_i2,grover,1,4,400,0.5,0.75,0.0909,0.1667,0.4242,3.6667,83,1.4602,423,423,423,423,423,423,423,423,423,1,1.0,1.0,1.0,1.0,1.0,1.0,1.0,1.0,uniform_min_teq,423,0.0,0.0,0.0,1.0,1.0,70641,70641,1.0,0.0743,0.0083,0.1511,0.3482,0.0292,0.0307,0.0085,0.9715,2.2798
grover_c16_i2,grover,1,4,400,0.5,0.9,0.0909,0.1667,0.4242,3.6667,83,1.4602,423,423,423,423,423,423,423,423,423,1,1.0,1.0,1.0,1.0,1.0,1.0,1.0,1.0,uniform_min_teq,423,0.0,0.0,0.0,1.0,1.0,70641,70641,1.0,0.074,0.0075,0.1512,0.3684,0.0323,0.031,0.0094,0.9795,2.2484
grover_c16_i2,grover,1,4,400,1.0,0.1,0.9091,0.1667,1.2424,2.7273,182,0.6981,423,288,249,269,288,288,334,248,248,1,1.7056,1.1613,1.004,1.0847,1.1613,1.1613,1.3468,1.0,uniform_oracle,249,0.004,0.004,0.5,0.4118,0.4,67456,70218,0.9607,0.0702,0.0079,0.0994,0.3564,0.0208,0.0261,0.0094,0.8023,1.2748
grover_c16_i2,grover,1,4,400,1.0,0.25,0.7273,0.1667,1.0606,2.1818,160,0.6489,423,317,269,281,310,310,342,281,263,1,1.6084,1.2053,1.0228,1.0684,1.1787,1.1787,1.3004,1.0684,uniform_oracle,269,0.0223,0.0223,0.5,0.4118,0.4,63646,69940,0.91,0.0743,0.0082,0.1015,0.28,0.0222,0.0191,0.0085,0.589,1.2619
grover_c16_i2,grover,1,4,400,1.0,0.5,0.5455,0.3333,1.2121,1.2222,210,0.5323,221,221,221,241,228,228,228,219,219,1,1.0091,1.0091,1.0091,1.1005,1.0411,1.0411,1.0411,1.0,uniform_min_teq,221,0.009,0.009,0.5,0.7143,1.0,63948,68510,0.9334,0.0734,0.0075,0.1165,0.3802,0.0192,0.02,0.0086,0.894,1.4287
grover_c16_i2,grover,1,4,400,1.0,0.75,0.2727,0.3333,0.9394,2.4444,177,0.7565,221,221,221,241,228,228,228,221,221,1,1.0,1.0,1.0,1.0905,1.0317,1.0317,1.0317,1.0,uniform_min_teq,221,0.0,0.0,0.25,1.0,1.0,59449,61217,0.9711,0.0768,0.0073,0.1135,0.3748,0.0209,0.0212,0.0084,0.7083,1.6067
grover_c16_i2,grover,1,4,400,1.0,0.9,0.0909,0.5,1.0909,11.0,227,0.7639,187,187,187,187,187,187,228,187,187,1,1.0,1.0,1.0,1.0,1.0,1.0,1.2193,1.0,uniform_min_teq,187,0.0,0.0,0.0,1.0,1.0,61149,61149,1.0,0.0799,0.0074,0.1644,0.4213,0.031,0.0315,0.0092,1.6334,2.3621
grover_c16_i2,grover,1,4,400,2.0,0.1,1.8182,0.1667,2.1515,5.4545,292,0.4031,423,248,243,249,248,248,333,219,219,1,1.9315,1.1324,1.1096,1.137,1.1324,1.1324,1.5205,1.0,uniform_oracle,243,0.0988,0.0988,0.5,0.4118,0.4,83658,95256,0.8782,0.0753,0.0082,0.1067,0.4564,0.0235,0.0241,0.0105,0.7561,1.3439
grover_c16_i2,grover,1,4,400,2.0,0.25,1.4545,0.3333,2.1212,2.1818,320,0.6907,221,257,217,270,228,228,333,210,205,1,1.078,1.2537,1.0585,1.3171,1.1122,1.1122,1.6244,1.0244,uniform_oracle,217,0.0553,0.0553,0.25,0.5238,0.4,88150,91140,0.9672,0.0765,0.0087,0.1026,0.3474,0.016,0.0165,0.011,0.5271,1.0157
grover_c16_i2,grover,1,4,400,2.0,0.5,1.0,0.5,2.0,1.0,337,0.4167,187,187,187,211,187,187,334,187,187,1,1.0,1.0,1.0,1.1283,1.0,1.0,1.7861,1.0,uniform_min_teq,187,0.0,0.0,0.0,1.0,1.0,81719,81719,1.0,0.0581,0.0059,0.0791,0.2841,0.0156,0.0158,0.0073,0.4895,1.0622
grover_c16_i2,grover,1,4,400,2.0,0.75,0.5455,0.6667,1.8788,2.4444,354,0.6551,181,181,181,189,181,181,228,169,169,1,1.071,1.071,1.071,1.1183,1.071,1.071,1.3491,1.0,uniform_min_teq,181,0.0663,0.0663,0.25,1.0,1.0,78416,82174,0.9543,0.0602,0.0057,0.0821,0.329,0.0157,0.0156,0.0106,0.613,1.164
grover_c16_i2,grover,1,4,400,2.0,0.9,0.1818,0.8333,1.8485,9.1667,382,0.9167,178,178,155,155,155,155,228,155,155,1,1.1484,1.1484,1.0,1.0,1.0,1.0,1.471,1.0,uniform_oracle,155,0.0,0.0,0.0,1.0,1.0,77810,77810,1.0,0.063,0.006,0.1025,0.3485,0.0203,0.0218,0.0071,0.9435,1.5817
grover_c32_i2,grover,1,4,400,0.25,0.1,0.1818,0.1667,0.5152,1.8333,94,1.0939,615,615,459,459,615,615,615,459,459,1,1.3399,1.3399,1.0,1.0,1.3399,1.3399,1.3399,1.0,uniform_oracle,459,0.0,0.0,0.0,0.6078,0.6078,101898,101898,1.0,0.0947,0.0093,0.154,0.353,0.0233,0.0272,0.0089,0.8911,1.7932
grover_c32_i2,grover,1,4,400,0.25,0.25,0.1818,0.1667,0.5152,1.8333,94,1.0939,615,615,459,459,615,615,615,459,459,1,1.3399,1.3399,1.0,1.0,1.3399,1.3399,1.3399,1.0,uniform_oracle,459,0.0,0.0,0.0,0.6078,0.6078,101898,101898,1.0,0.0829,0.008,0.1261,0.3421,0.0233,0.0238,0.0127,0.9138,2.2919
grover_c32_i2,grover,1,4,400,0.25,0.5,0.0909,0.1667,0.4242,3.6667,83,1.7876,615,615,615,585,615,615,615,585,561,1,1.0963,1.0963,1.0963,1.0428,1.0963,1.0963,1.0963,1.0428,two_term_descent,585,0.0878,0.041,0.5,0.8039,1.0,132957,142065,0.9359,0.1038,0.0105,0.2062,0.4678,0.0406,0.0457,0.0114,1.2985,3.16
grover_c32_i2,grover,1,4,400,0.25,0.75,0.0909,0.1667,0.4242,3.6667,83,1.7876,615,615,615,585,615,615,615,585,561,1,1.0963,1.0963,1.0963,1.0428,1.0963,1.0963,1.0963,1.0428,two_term_descent,585,0.0878,0.041,0.5,0.8039,1.0,132957,142065,0.9359,0.0984,0.0146,0.2032,0.4534,0.0379,0.0392,0.0113,1.3592,2.8756
grover_c32_i2,grover,1,4,400,0.25,0.9,0.0909,0.1667,0.4242,3.6667,83,1.7876,615,615,615,585,615,615,615,585,561,1,1.0963,1.0963,1.0963,1.0428,1.0963,1.0963,1.0963,1.0428,two_term_descent,585,0.0878,0.041,0.5,0.8039,1.0,132957,142065,0.9359,0.0918,0.0094,0.2334,0.4795,0.0392,0.0394,0.0106,1.2943,2.9781
grover_c32_i2,grover,1,4,400,0.5,0.1,0.4545,0.1667,0.7879,1.3636,127,0.7153,615,459,459,607,459,459,732,459,459,1,1.3399,1.0,1.0,1.3224,1.0,1.0,1.5948,1.0,min_weighted_count,459,0.0,0.0,0.0,0.6078,0.6078,117045,117045,1.0,0.1054,0.0106,0.158,0.4312,0.0253,0.0256,0.0128,0.8126,1.8929
grover_c32_i2,grover,1,4,400,0.5,0.25,0.3636,0.1667,0.697,1.0909,116,0.8086,615,459,459,459,459,459,912,459,459,1,1.3399,1.0,1.0,1.0,1.0,1.0,1.9869,1.0,min_weighted_count,459,0.0,0.0,0.0,0.6078,0.6078,111996,111996,1.0,0.11,0.0108,0.151,0.5061,0.0269,0.0267,0.014,0.9145,2.0671
grover_c32_i2,grover,1,4,400,0.5,0.5,0.2727,0.1667,0.6061,1.2222,105,0.9298,615,615,459,459,615,615,615,459,459,1,1.3399,1.3399,1.0,1.0,1.3399,1.3399,1.3399,1.0,uniform_oracle,459,0.0,0.0,0.0,0.6078,0.6078,106947,106947,1.0,0.0978,0.0096,0.1448,0.5373,0.0216,0.0267,0.0105,1.0197,2.0531
grover_c32_i2,grover,1,4,400,0.5,0.75,0.0909,0.1667,0.4242,3.6667,83,1.7876,615,615,615,585,615,615,615,585,561,1,1.0963,1.0963,1.0963,1.0428,1.0963,1.0963,1.0963,1.0428,two_term_descent,585,0.0878,0.041,0.5,0.8039,1.0,132957,142065,0.9359,0.1024,0.0102,0.2049,0.4661,0.0434,0.0402,0.0112,1.3271,3.2202
grover_c32_i2,grover,1,4,400,0.5,0.9,0.0909,0.1667,0.4242,3.6667,83,1.7876,615,615,615,585,615,615,615,585,561,1,1.0963,1.0963,1.0963,1.0428,1.0963,1.0963,1.0963,1.0428,two_term_descent,585,0.0878,0.041,0.5,0.8039,1.0,132957,142065,0.9359,0.1203,0.0121,0.2375,0.5121,0.041,0.0414,0.0117,1.2844,3.0854
grover_c32_i2,grover,1,4,400,1.0,0.1,0.9091,0.1667,1.2424,2.7273,182,0.9473,615,429,388,342,429,429,494,342,342,1,1.7982,1.2544,1.1345,1.0,1.2544,1.2544,1.4444,1.0,two_term_descent,342,0.1186,0.0,0.25,0.2331,0.2439,116964,140456,0.8327,0.0966,0.0112,0.1389,0.5059,0.027,0.0277,0.0128,1.4593,1.6028
grover_c32_i2,grover,1,4,400,1.0,0.25,0.7273,0.1667,1.0606,2.1818,160,0.7145,615,493,445,375,510,510,510,375,375,1,1.64,1.3147,1.1867,1.0,1.36,1.36,1.36,1.0,two_term_descent,375,0.1573,0.0,0.25,0.2331,0.2439,114000,151300,0.7535,0.0863,0.0131,0.1197,0.465,0.0255,0.0259,0.0124,1.3622,1.6309
grover_c32_i2,grover,1,4,400,1.0,0.5,0.5455,0.3333,1.2121,1.2222,210,0.6257,317,317,292,292,324,324,324,271,271,1,1.1697,1.1697,1.0775,1.0775,1.1956,1.1956,1.1956,1.0,uniform_oracle,292,0.0719,0.0719,0.5,0.8039,0.6078,98644,108040,0.913,0.0976,0.0101,0.1306,0.5778,0.0224,0.0226,0.0137,1.0361,1.6461
grover_c32_i2,grover,1,4,400,1.0,0.75,0.2727,0.3333,0.9394,2.4444,177,0.8073,317,317,302,337,324,324,324,271,271,1,1.1697,1.1697,1.1144,1.2435,1.1956,1.1956,1.1956,1.0,uniform_oracle,302,0.1026,0.1026,0.5,0.8039,0.6078,89701,101774,0.8814,0.0917,0.0093,0.1434,0.4896,0.0256,0.0256,0.0104,1.2579,1.9079
grover_c32_i2,grover,1,4,400,1.0,0.9,0.0909,0.5,1.0909,11.0,227,1.0625,237,237,237,237,237,237,324,237,237,1,1.0,1.0,1.0,1.0,1.0,1.0,1.3671,1.0,uniform_min_teq,237,0.0,0.0,0.0,1.0,1.0,96459,96459,1.0,0.1013,0.0103,0.2138,0.5237,0.0408,0.0398,0.0151,2.1783,3.4175
grover_c32_i2,grover,1,4,400,2.0,0.1,1.8182,0.1667,2.1515,5.4545,292,0.5471,615,319,279,299,319,319,493,279,279,1,2.2043,1.1434,1.0,1.0717,1.1434,1.1434,1.767,1.0,uniform_oracle,279,0.0,0.0,0.25,0.2331,0.2439,126108,131688,0.9576,0.1107,0.0116,0.1621,0.5802,0.0296,0.0324,0.0233,1.0085,1.6867
grover_c32_i2,grover,1,4,400,2.0,0.25,1.4545,0.3333,2.1212,2.1818,320,0.6742,317,345,288,305,324,324,493,271,254,1,1.248,1.3583,1.1339,1.2008,1.2756,1.2756,1.9409,1.0669,uniform_oracle,288,0.1181,0.1181,0.25,0.5338,0.4259,127000,149760,0.848,0.1126,0.0113,0.1296,0.4981,0.0221,0.0228,0.0115,1.3093,1.6513
grover_c32_i2,grover,1,4,400,2.0,0.5,1.0,0.5,2.0,1.0,337,0.5795,237,237,237,347,237,237,494,237,237,1,1.0,1.0,1.0,1.4641,1.0,1.0,2.0844,1.0,uniform_min_teq,237,0.0,0.0,0.0,1.0,1.0,122529,122529,1.0,0.112,0.0101,0.1271,0.4913,0.024,0.0229,0.0118,0.7901,1.6215
grover_c32_i2,grover,1,4,400,2.0,0.75,0.5455,0.6667,1.8788,2.4444,354,0.8308,209,209,209,257,209,209,324,200,200,1,1.045,1.045,1.045,1.285,1.045,1.045,1.62,1.0,uniform_min_teq,209,0.0431,0.0431,0.25,1.0,1.0,108800,111606,0.9749,0.1079,0.0101,0.1445,0.4573,0.0234,0.0239,0.0145,0.9521,1.774
grover_c32_i2,grover,1,4,400,2.0,0.9,0.1818,0.8333,1.8485,9.1667,382,0.8445,201,201,194,189,194,194,324,189,189,1,1.0635,1.0635,1.0265,1.0,1.0265,1.0265,1.7143,1.0,two_term_descent,189,0.0258,0.0,0.25,1.0,1.0,108108,112908,0.9575,0.1038,0.0098,0.1537,0.4609,0.0279,0.0283,0.0097,1.422,2.1705
grover_c8_i2,grover,1,4,400,0.25,0.1,0.1818,0.1667,0.5152,1.8333,94,1.2335,327,327,327,291,327,327,327,291,285,1,1.1474,1.1474,1.1474,1.0211,1.1474,1.1474,1.1474,1.0211,two_term_descent,291,0.1284,0.0206,0.25,0.7705,1.0,41610,47742,0.8716,0.0603,0.0062,0.0972,0.2884,0.0201,0.0247,0.0072,0.6612,1.3713
grover_c8_i2,grover,1,4,400,0.25,0.25,0.1818,0.1667,0.5152,1.8333,94,1.2335,327,327,327,291,327,327,327,291,285,1,1.1474,1.1474,1.1474,1.0211,1.1474,1.1474,1.1474,1.0211,two_term_descent,291,0.1284,0.0206,0.25,0.7705,1.0,41610,47742,0.8716,0.0598,0.006,0.1011,0.2718,0.0192,0.0211,0.0071,0.634,1.2546
grover_c8_i2,grover,1,4,400,0.25,0.5,0.0909,0.1667,0.4242,3.6667,83,1.4302,327,327,327,453,327,327,327,327,327,1,1.0,1.0,1.0,1.3853,1.0,1.0,1.0,1.0,uniform_min_teq,327,0.0,0.0,0.0,1.0,1.0,44145,44145,1.0,0.0571,0.0056,0.1143,0.2303,0.0266,0.0223,0.0062,0.9721,1.8008
grover_c8_i2,grover,1,4,400,0.25,0.75,0.0909,0.1667,0.4242,3.6667,83,1.4302,327,327,327,453,327,327,327,327,327,1,1.0,1.0,1.0,1.3853,1.0,1.0,1.0,1.0,uniform_min_teq,327,0.0,0.0,0.0,1.0,1.0,44145,44145,1.0,0.0639,0.0064,0.1286,0.2512,0.0269,0.021,0.0059,0.929,1.7704
grover_c8_i2,grover,1,4,400,0.25,0.9,0.0909,0.1667,0.4242,3.6667,83,1.4302,327,327,327,453,327,327,327,327,327,1,1.0,1.0,1.0,1.3853,1.0,1.0,1.0,1.0,uniform_min_teq,327,0.0,0.0,0.0,1.0,1.0,44145,44145,1.0,0.056,0.0057,0.1227,0.2234,0.0257,0.0226,0.0063,0.9342,1.6905
grover_c8_i2,grover,1,4,400,0.5,0.1,0.4545,0.1667,0.7879,1.3636,127,0.7253,327,229,229,271,238,238,310,209,209,1,1.5646,1.0957,1.0957,1.2967,1.1388,1.1388,1.4833,1.0,min_weighted_count,229,0.0873,0.0873,0.5,0.6296,0.2593,36157,38243,0.9455,0.06,0.0062,0.0877,0.3072,0.0159,0.0159,0.0071,0.5802,1.0635
grover_c8_i2,grover,1,4,400,0.5,0.25,0.3636,0.1667,0.697,1.0909,116,0.8199,327,230,230,271,238,238,384,209,209,1,1.5646,1.1005,1.1005,1.2967,1.1388,1.1388,1.8373,1.0,min_weighted_count,230,0.0913,0.0913,0.5,0.6296,0.2593,33858,35880,0.9436,0.0614,0.0061,0.085,0.3044,0.0169,0.0183,0.0071,0.6364,1.1039
grover_c8_i2,grover,1,4,400,0.5,0.5,0.2727,0.1667,0.6061,1.2222,105,0.9429,327,327,279,291,327,327,327,277,236,1,1.3856,1.3856,1.1822,1.2331,1.3856,1.3856,1.3856,1.1737,uniform_oracle,279,0.1541,0.1541,0.5,0.6296,0.5882,35636,46035,0.7741,0.059,0.0058,0.0917,0.3042,0.0182,0.0182,0.0071,0.8401,1.1855
grover_c8_i2,grover,1,4,400,0.5,0.75,0.0909,0.1667,0.4242,3.6667,83,1.4302,327,327,327,453,327,327,327,327,327,1,1.0,1.0,1.0,1.3853,1.0,1.0,1.0,1.0,uniform_min_teq,327,0.0,0.0,0.0,1.0,1.0,44145,44145,1.0,0.0615,0.0066,0.1252,0.2397,0.0281,0.026,0.0082,0.9821,1.7453
grover_c8_i2,grover,1,4,400,0.5,0.9,0.0909,0.1667,0.4242,3.6667,83,1.4302,327,327,327,453,327,327,327,327,327,1,1.0,1.0,1.0,1.3853,1.0,1.0,1.0,1.0,uniform_min_teq,327,0.0,0.0,0.0,1.0,1.0,44145,44145,1.0,0.0567,0.0062,0.1142,0.2168,0.0227,0.0273,0.0063,0.9018,1.7588
grover_c8_i2,grover,1,4,400,1.0,0.1,0.9091,0.1667,1.2424,2.7273,182,0.4599,327,235,229,271,238,238,254,209,209,1,1.5646,1.1244,1.0957,1.2967,1.1388,1.1388,1.2153,1.0,uniform_oracle,229,0.0873,0.0873,0.5,0.6296,0.2593,47652,50838,0.9373,0.0584,0.0065,0.0836,0.2523,0.0175,0.0222,0.0076,0.5402,1.0321
grover_c8_i2,grover,1,4,400,1.0,0.25,0.7273,0.1667,1.0606,2.1818,160,0.5388,327,241,229,271,238,238,258,209,209,1,1.5646,1.1531,1.0957,1.2967,1.1388,1.1388,1.2344,1.0,uniform_oracle,229,0.0873,0.0873,0.5,0.6296,0.2593,43054,45800,0.94,0.0586,0.0064,0.083,0.2444,0.0177,0.0177,0.0078,0.5538,1.1081
grover_c8_i2,grover,1,4,400,1.0,0.5,0.5455,0.3333,1.2121,1.2222,210,0.5272,173,173,173,173,180,180,180,173,173,1,1.0,1.0,1.0,1.0,1.0405,1.0405,1.0405,1.0,uniform_min_teq,173,0.0,0.0,0.25,1.0,1.0,46018,46710,0.9852,0.0662,0.0063,0.0879,0.3119,0.0163,0.0169,0.0072,0.5401,0.9316
grover_c8_i2,grover,1,4,400,1.0,0.75,0.2727,0.3333,0.9394,2.4444,177,0.6803,173,173,173,173,180,180,180,173,173,1,1.0,1.0,1.0,1.0,1.0405,1.0405,1.0405,1.0,uniform_min_teq,173,0.0,0.0,0.25,1.0,1.0,40309,41001,0.9831,0.0504,0.0052,0.0751,0.2306,0.0164,0.0151,0.006,0.5494,1.1433
grover_c8_i2,grover,1,4,400,1.0,0.9,0.0909,0.5,1.0909,11.0,227,0.9342,167,167,167,167,167,167,180,167,167,1,1.0,1.0,1.0,1.0,1.0,1.0,1.0778,1.0,uniform_min_teq,167,0.0,0.0,0.5,1.0,1.0,48931,47929,1.0209,0.0587,0.0057,0.1206,0.3245,0.0247,0.0243,0.0066,1.1035,1.8598
grover_c8_i2,grover,1,4,400,2.0,0.1,1.8182,0.1667,2.1515,5.4545,292,0.3049,327,224,224,280,224,224,253,198,198,1,1.6515,1.1313,1.1313,1.4141,1.1313,1.1313,1.2778,1.0,min_weighted_count,224,0.1161,0.1161,0.5,0.4426,0.0,67716,74368,0.9106,0.0625,0.0067,0.0866,0.3391,0.0216,0.022,0.0081,0.5964,0.9517
grover_c8_i2,grover,1,4,400,2.0,0.25,1.4545,0.3333,2.1212,2.1818,320,0.3013,173,226,173,173,180,180,253,173,173,1,1.0,1.3064,1.0,1.0,1.0405,1.0405,1.4624,1.0,uniform_min_teq,173,0.0,0.0,0.25,1.0,1.0,65048,65740,0.9895,0.0691,0.0072,0.0856,0.3121,0.021,0.0182,0.0087,0.4855,0.9784
grover_c8_i2,grover,1,4,400,2.0,0.5,1.0,0.5,2.0,1.0,337,0.5649,167,167,167,179,167,167,254,161,161,1,1.0373,1.0373,1.0373,1.1118,1.0373,1.0373,1.5776,1.0,uniform_min_teq,167,0.0359,0.0359,0.5,0.8391,1.0,65527,66299,0.9884,0.0614,0.006,0.0796,0.3489,0.0163,0.0168,0.0074,0.8804,0.9719
grover_c8_i2,grover,1,4,400,2.0,0.75,0.5455,0.6667,1.8788,2.4444,354,0.5754,165,165,165,168,165,165,180,153,153,1,1.0784,1.0784,1.0784,1.098,1.0784,1.0784,1.1765,1.0,uniform_min_teq,165,0.0727,0.0727,0.25,1.0,1.0,64872,68310,0.9497,0.0615,0.0061,0.0846,0.2838,0.0217,0.0184,0.0073,0.7995,1.0585
grover_c8_i2,grover,1,4,400,2.0,0.9,0.1818,0.8333,1.8485,9.1667,382,0.8433,164,164,141,141,141,141,180,141,141,1,1.1631,1.1631,1.0,1.0,1.0,1.0,1.2766,1.0,uniform_oracle,141,0.0,0.0,0.0,1.0,1.0,65142,65142,1.0,0.0622,0.0062,0.1068,0.3456,0.0216,0.0228,0.0071,0.9728,1.4104
heterostage_l3,heterostage,3,3,120,0.25,0.1,0.1818,0.1667,0.5152,1.8333,94,2.6416,279,399,279,279,399,399,399,279,279,1,1.0,1.4301,1.0,1.0,1.4301,1.4301,1.4301,1.0,uniform_min_teq,279,0.0,0.0,0.0,0.697,0.697,48825,48825,1.0,0.4317,0.0065,0.5884,0.3338,0.0194,0.0295,0.0071,0.6741,0.5239
heterostage_l3,heterostage,3,3,120,0.25,0.25,0.1818,0.1667,0.5152,1.8333,94,2.6416,279,399,279,279,399,399,399,279,279,1,1.0,1.4301,1.0,1.0,1.4301,1.4301,1.4301,1.0,uniform_min_teq,279,0.0,0.0,0.0,0.697,0.697,48825,48825,1.0,0.4639,0.0083,0.7886,0.4489,0.029,0.0325,0.0087,0.8505,0.4814
heterostage_l3,heterostage,3,3,120,0.25,0.5,0.0909,0.1667,0.4242,3.6667,83,3.2077,442,399,399,399,399,399,399,399,399,1,1.1078,1.0,1.0,1.0,1.0,1.0,1.0,1.0,min_weighted_count,399,0.0,0.0,0.0,1.0,1.0,69426,69426,1.0,0.4529,0.0083,0.981,0.4823,0.0325,0.0331,0.009,1.1123,0.6885
heterostage_l3,heterostage,3,3,120,0.25,0.75,0.0909,0.1667,0.4242,3.6667,83,3.2077,442,399,399,399,399,399,399,399,399,1,1.1078,1.0,1.0,1.0,1.0,1.0,1.0,1.0,min_weighted_count,399,0.0,0.0,0.0,1.0,1.0,69426,69426,1.0,0.4526,0.0082,0.9203,0.4694,0.0323,0.0345,0.0089,1.0815,0.6901
heterostage_l3,heterostage,3,3,120,0.25,0.9,0.0909,0.1667,0.4242,3.6667,83,3.2077,442,399,399,399,399,399,399,399,399,1,1.1078,1.0,1.0,1.0,1.0,1.0,1.0,1.0,min_weighted_count,399,0.0,0.0,0.0,1.0,1.0,69426,69426,1.0,0.4479,0.0081,0.9102,0.4474,0.0321,0.0325,0.0088,1.0832,0.674
heterostage_l3,heterostage,3,3,120,0.5,0.1,0.4545,0.1667,0.7879,1.3636,127,2.1197,279,279,230,234,234,399,503,230,230,1,1.213,1.213,1.0,1.0174,1.0174,1.7348,2.187,1.0,uniform_oracle,230,0.0,0.0,0.0,0.3827,0.3827,47840,47840,1.0,0.4471,0.0081,0.6428,0.4311,0.0211,0.0303,0.0102,0.7359,0.4067
heterostage_l3,heterostage,3,3,120,0.5,0.25,0.3636,0.1667,0.697,1.0909,116,1.9525,279,279,279,279,285,399,626,279,279,1,1.0,1.0,1.0,1.0,1.0215,1.4301,2.2437,1.0,uniform_min_teq,279,0.0,0.0,0.0,0.697,0.697,54963,54963,1.0,0.446,0.0081,0.6681,0.4017,0.0218,0.0395,0.0104,0.7061,0.4577
heterostage_l3,heterostage,3,3,120,0.5,0.5,0.2727,0.1667,0.6061,1.2222,105,2.2454,279,399,279,279,399,399,399,279,279,1,1.0,1.4301,1.0,1.0,1.4301,1.4301,1.4301,1.0,uniform_min_teq,279,0.0,0.0,0.0,0.697,0.697,51894,51894,1.0,0.4387,0.0077,0.6841,0.386,0.0218,0.0317,0.0105,0.7541,0.4368
heterostage_l3,heterostage,3,3,120,0.5,0.75,0.0909,0.1667,0.4242,3.6667,83,3.2077,442,399,399,399,399,399,399,399,399,1,1.1078,1.0,1.0,1.0,1.0,1.0,1.0,1.0,min_weighted_count,399,0.0,0.0,0.0,1.0,1.0,69426,69426,1.0,0.4282,0.0077,0.8793,0.4168,0.0305,0.0351,0.0098,1.0195,0.6093
heterostage_l3,heterostage,3,3,120,0.5,0.9,0.0909,0.1667,0.4242,3.6667,83,3.2077,442,399,399,399,399,399,399,399,399,1,1.1078,1.0,1.0,1.0,1.0,1.0,1.0,1.0,min_weighted_count,399,0.0,0.0,0.0,1.0,1.0,69426,69426,1.0,0.4272,0.008,0.8863,0.4282,0.0312,0.0313,0.0125,1.075,0.6712
heterostage_l3,heterostage,3,3,120,1.0,0.1,0.9091,0.1667,1.2424,2.7273,182,1.2168,279,258,187,187,187,399,258,187,187,1,1.492,1.3797,1.0,1.0,1.0,2.1337,1.3797,1.0,uniform_oracle,187,0.0,0.0,0.0,0.1667,0.1667,49181,49181,1.0,0.461,0.0085,0.6286,0.4269,0.0197,0.0221,0.0096,0.7425,0.3761
heterostage_l3,heterostage,3,3,120,1.0,0.25,0.7273,0.1667,1.0606,2.1818,160,1.5747,279,319,189,191,191,399,319,189,189,1,1.4762,1.6878,1.0,1.0106,1.0106,2.1111,1.6878,1.0,uniform_oracle,189,0.0,0.0,0.0,0.3827,0.3827,45549,45549,1.0,0.4745,0.0096,0.5604,0.3642,0.0185,0.0192,0.0119,0.602,0.3164
heterostage_l3,heterostage,3,3,120,1.0,0.5,0.5455,0.3333,1.2121,1.2222,210,1.1227,144,204,144,144,204,204,204,144,144,1,1.0,1.4167,1.0,1.0,1.4167,1.4167,1.4167,1.0,uniform_min_teq,144,0.0,0.0,0.0,0.697,0.697,41904,41904,1.0,0.3763,0.0064,0.517,0.3347,0.0161,0.0207,0.0122,0.6286,0.3086
heterostage_l3,heterostage,3,3,120,1.0,0.75,0.2727,0.3333,0.9394,2.4444,177,1.4486,156,204,156,156,204,204,204,156,156,1,1.0,1.3077,1.0,1.0,1.3077,1.3077,1.3077,1.0,uniform_min_teq,156,0.0,0.0,0.0,0.697,0.697,40248,40248,1.0,0.3828,0.0075,0.6528,0.4379,0.0212,0.0327,0.0081,0.8648,0.4247
heterostage_l3,heterostage,3,3,120,1.0,0.9,0.0909,0.5,1.0909,11.0,227,1.2474,442,139,139,139,139,139,139,139,139,1,3.1799,1.0,1.0,1.0,1.0,1.0,1.0,1.0,min_weighted_count,139,0.0,0.0,0.0,1.0,1.0,44202,44202,1.0,0.4083,0.007,0.9114,0.4542,0.0312,0.0308,0.0081,1.1115,0.7109
heterostage_l3,heterostage,3,3,120,2.0,0.1,1.8182,0.1667,2.1515,5.4545,292,0.7027,279,173,131,133,133,189,168,131,131,1,2.1298,1.3206,1.0,1.0153,1.0153,1.4427,1.2824,1.0,uniform_oracle,131,0.0,0.0,0.0,0.1667,0.1667,48863,48863,1.0,0.4607,0.0092,0.6164,0.4105,0.0201,0.0195,0.0128,0.6874,0.3741
heterostage_l3,heterostage,3,3,120,2.0,0.25,1.4545,0.3333,2.1212,2.1818,320,0.7873,144,179,99,99,204,139,179,99,99,1,1.4545,1.8081,1.0,1.0,2.0606,1.404,1.8081,1.0,uniform_oracle,99,0.0,0.0,0.0,0.3827,0.3827,39699,39699,1.0,0.4155,0.0083,0.5021,0.3601,0.0164,0.0178,0.0079,0.6047,0.3283
heterostage_l3,heterostage,3,3,120,2.0,0.5,1.0,0.5,2.0,1.0,337,0.8351,114,139,112,114,139,133,236,112,112,1,1.0179,1.2411,1.0,1.0179,1.2411,1.1875,2.1071,1.0,uniform_oracle,112,0.0,0.0,0.0,0.3827,0.3827,46816,46816,1.0,0.4703,0.0073,0.5356,0.3394,0.0157,0.0182,0.0094,0.5782,0.3127
heterostage_l3,heterostage,3,3,120,2.0,0.75,0.5455,0.6667,1.8788,2.4444,354,0.7243,99,106,99,99,106,106,106,99,99,1,1.0,1.0707,1.0,1.0,1.0707,1.0707,1.0707,1.0,uniform_min_teq,99,0.0,0.0,0.0,0.697,0.697,43065,43065,1.0,0.3725,0.0064,0.5327,0.3887,0.0173,0.0212,0.0073,0.7986,0.3854
heterostage_l3,heterostage,3,3,120,2.0,0.9,0.1818,0.8333,1.8485,9.1667,382,0.7362,227,99,99,99,154,99,99,99,99,1,2.2929,1.0,1.0,1.0,1.5556,1.0,1.0,1.0,min_weighted_count,99,0.0,0.0,0.0,1.0,1.0,46827,46827,1.0,0.4482,0.0076,0.7499,0.4694,0.0263,0.0323,0.0086,0.9641,0.5195
heterostage_l4,heterostage,4,4,720,0.25,0.1,0.1818,0.1667,0.5152,1.8333,94,3.8824,465,585,465,465,585,585,690,465,465,1,1.0,1.2581,1.0,1.0,1.2581,1.2581,1.4839,1.0,uniform_min_teq,465,0.0,0.0,0.0,0.7938,0.7938,81840,81840,1.0,0.6401,0.0119,1.0201,0.7711,0.0369,0.0508,0.0106,1.6798,2.4612
heterostage_l4,heterostage,4,4,720,0.25,0.25,0.1818,0.1667,0.5152,1.8333,94,3.8824,465,585,465,465,585,585,690,465,465,1,1.0,1.2581,1.0,1.0,1.2581,1.2581,1.4839,1.0,uniform_min_teq,465,0.0,0.0,0.0,0.7938,0.7938,81840,81840,1.0,0.6818,0.0117,1.1471,0.8826,0.0401,0.0569,0.021,1.8269,2.6262
heterostage_l4,heterostage,4,4,720,0.25,0.5,0.0909,0.1667,0.4242,3.6667,83,4.7143,465,585,465,465,585,585,585,465,465,1,1.0,1.2581,1.0,1.0,1.2581,1.2581,1.2581,1.0,uniform_min_teq,465,0.0,0.0,0.0,0.7938,0.7938,76725,76725,1.0,0.5847,0.0099,1.2964,0.8632,0.0561,0.0554,0.0115,2.0859,3.7041
heterostage_l4,heterostage,4,4,720,0.25,0.75,0.0909,0.1667,0.4242,3.6667,83,4.7143,465,585,465,465,585,585,585,465,465,1,1.0,1.2581,1.0,1.0,1.2581,1.2581,1.2581,1.0,uniform_min_teq,465,0.0,0.0,0.0,0.7938,0.7938,76725,76725,1.0,0.675,0.0138,1.4384,0.897,0.0535,0.0525,0.0115,1.9285,3.3651
heterostage_l4,heterostage,4,4,720,0.25,0.9,0.0909,0.1667,0.4242,3.6667,83,4.7143,465,585,465,465,585,585,585,465,465,1,1.0,1.2581,1.0,1.0,1.2581,1.2581,1.2581,1.0,uniform_min_teq,465,0.0,0.0,0.0,0.7938,0.7938,76725,76725,1.0,0.7165,0.0126,1.4817,0.826,0.0587,0.0528,0.0112,1.9761,3.4055
heterostage_l4,heterostage,4,4,720,0.5,0.1,0.4545,0.1667,0.7879,1.3636,127,2.5385,465,465,362,362,362,585,503,362,362,1,1.2845,1.2845,1.0,1.0,1.0,1.616,1.3895,1.0,uniform_oracle,362,0.0,0.0,0.25,0.3701,0.3701,75658,75658,1.0,0.6913,0.0121,0.9654,0.7339,0.0283,0.045,0.0105,1.4717,1.9686
heterostage_l4,heterostage,4,4,720,0.5,0.25,0.3636,0.1667,0.697,1.0909,116,3.3133,465,465,375,375,450,585,626,375,375,1,1.24,1.24,1.0,1.0,1.2,1.56,1.6693,1.0,uniform_oracle,375,0.0,0.0,0.0,0.5536,0.5536,74250,74250,1.0,0.699,0.0128,1.0455,0.8128,0.0337,0.0509,0.0118,1.5718,2.1951
heterostage_l4,heterostage,4,4,720,0.5,0.5,0.2727,0.1667,0.6061,1.2222,105,3.8103,465,585,376,376,585,585,465,376,376,1,1.2367,1.5559,1.0,1.0,1.5559,1.5559,1.2367,1.0,uniform_oracle,376,0.0,0.0,0.0,0.5536,0.5536,70312,70312,1.0,0.722,0.0131,1.1922,0.8429,0.0302,0.0468,0.0094,1.5459,2.4664
heterostage_l4,heterostage,4,4,720,0.5,0.75,0.0909,0.1667,0.4242,3.6667,83,4.7143,465,585,465,465,585,585,585,465,465,1,1.0,1.2581,1.0,1.0,1.2581,1.2581,1.2581,1.0,uniform_min_teq,465,0.0,0.0,0.0,0.7938,0.7938,76725,76725,1.0,0.757,0.0175,1.4672,0.7984,0.0518,0.057,0.0108,1.9802,3.1909
heterostage_l4,heterostage,4,4,720,0.5,0.9,0.0909,0.1667,0.4242,3.6667,83,4.7143,465,585,465,465,585,585,585,465,465,1,1.0,1.2581,1.0,1.0,1.2581,1.2581,1.2581,1.0,uniform_min_teq,465,0.0,0.0,0.0,0.7938,0.7938,76725,76725,1.0,0.5934,0.0099,1.1325,0.6179,0.0397,0.0403,0.0128,1.7626,3.4348
heterostage_l4,heterostage,4,4,720,1.0,0.1,0.9091,0.1667,1.2424,2.7273,182,1.7999,465,394,253,253,253,585,258,253,253,1,1.8379,1.5573,1.0,1.0,1.0,2.3123,1.0198,1.0,uniform_oracle,253,0.0,0.0,0.0,0.2254,0.2254,66792,66792,1.0,0.706,0.0133,0.99,0.7959,0.0364,0.0438,0.0117,1.4733,1.9808
heterostage_l4,heterostage,4,4,720,1.0,0.25,0.7273,0.1667,1.0606,2.1818,160,1.5181,465,490,285,279,285,585,319,279,279,1,1.6667,1.7563,1.0215,1.0,1.0215,2.0968,1.1434,1.0,two_term_descent,279,0.0211,0.0,0.25,0.3594,0.3701,67518,68970,0.9789,0.738,0.0136,0.9329,0.8233,0.0321,0.04,0.0108,1.4749,1.6253
heterostage_l4,heterostage,4,4,720,1.0,0.5,0.5455,0.3333,1.2121,1.2222,210,1.9052,237,297,194,194,297,297,239,194,194,1,1.2216,1.5309,1.0,1.0,1.5309,1.5309,1.232,1.0,uniform_oracle,194,0.0,0.0,0.0,0.5536,0.5536,56648,56648,1.0,0.5975,0.0134,0.7839,0.6406,0.0276,0.0304,0.0086,1.1673,1.6904
heterostage_l4,heterostage,4,4,720,1.0,0.75,0.2727,0.3333,0.9394,2.4444,177,2.129,237,297,237,237,297,297,465,237,237,1,1.0,1.2532,1.0,1.0,1.2532,1.2532,1.962,1.0,uniform_min_teq,237,0.0,0.0,0.0,0.7938,0.7938,61383,61383,1.0,0.6134,0.0153,0.9255,0.7494,0.0328,0.0419,0.0091,1.3137,1.9026
heterostage_l4,heterostage,4,4,720,1.0,0.9,0.0909,0.5,1.0909,11.0,227,1.8333,442,201,201,201,201,201,201,201,201,1,2.199,1.0,1.0,1.0,1.0,1.0,1.0,1.0,min_weighted_count,201,0.0,0.0,0.0,1.0,1.0,64119,64119,1.0,0.7036,0.0107,1.3384,0.7289,0.0418,0.047,0.008,1.9543,3.6085
heterostage_l4,heterostage,4,4,720,2.0,0.1,1.8182,0.1667,2.1515,5.4545,292,0.9296,465,204,176,178,195,285,204,176,176,1,2.642,1.1591,1.0,1.0114,1.108,1.6193,1.1591,1.0,uniform_oracle,176,0.0,0.0,0.0,0.0943,0.0943,65824,65824,1.0,0.7129,0.0139,0.9475,0.8632,0.0336,0.0362,0.0176,1.6815,2.0328
heterostage_l4,heterostage,4,4,720,2.0,0.25,1.4545,0.3333,2.1212,2.1818,320,0.9429,237,251,149,149,297,149,179,147,147,1,1.6122,1.7075,1.0136,1.0136,2.0204,1.0136,1.2177,1.0,uniform_oracle,149,0.0134,0.0134,0.25,0.3701,0.3701,59094,59898,0.9866,0.6688,0.0132,0.8599,0.7683,0.0259,0.0334,0.01,1.4401,1.7344
heterostage_l4,heterostage,4,4,720,2.0,0.5,1.0,0.5,2.0,1.0,337,1.1546,161,201,131,133,201,201,236,131,131,1,1.229,1.5344,1.0,1.0153,1.5344,1.5344,1.8015,1.0,uniform_oracle,131,0.0,0.0,0.0,0.5536,0.5536,54889,54889,1.0,0.7079,0.0123,0.8683,0.7256,0.0244,0.0287,0.0093,1.2061,1.6671
heterostage_l4,heterostage,4,4,720,2.0,0.75,0.5455,0.6667,1.8788,2.4444,354,1.0645,123,153,123,123,153,153,239,123,123,1,1.0,1.2439,1.0,1.0,1.2439,1.2439,1.9431,1.0,uniform_min_teq,123,0.0,0.0,0.0,0.7938,0.7938,53628,53628,1.0,0.6977,0.0106,0.8498,0.7318,0.0294,0.0377,0.0109,1.3482,1.9046
heterostage_l4,heterostage,4,4,720,2.0,0.9,0.1818,0.8333,1.8485,9.1667,382,1.082,227,124,124,124,227,124,124,124,124,1,1.8306,1.0,1.0,1.0,1.8306,1.0,1.0,1.0,min_weighted_count,124,0.0,0.0,0.0,1.0,1.0,58776,58776,1.0,0.6605,0.0119,1.0833,0.8605,0.0401,0.0459,0.0091,1.8236,2.6995
mixed_w32_c16_l1,mixed,1,3,120,0.25,0.1,0.1818,0.1667,0.5152,1.8333,94,1.1141,399,399,363,363,399,399,399,363,363,1,1.0992,1.0992,1.0,1.0,1.0992,1.0992,1.0992,1.0,uniform_oracle,363,0.0,0.0,0.0,0.697,0.697,63525,63525,1.0,0.4302,0.0086,0.7362,0.3979,0.0238,0.0247,0.009,0.7722,0.5008
mixed_w32_c16_l1,mixed,1,3,120,0.25,0.25,0.1818,0.1667,0.5152,1.8333,94,1.1141,399,399,363,363,399,399,399,363,363,1,1.0992,1.0992,1.0,1.0,1.0992,1.0992,1.0992,1.0,uniform_oracle,363,0.0,0.0,0.0,0.697,0.697,63525,63525,1.0,0.4269,0.0078,0.6979,0.384,0.0228,0.0286,0.0091,0.7335,0.4795
mixed_w32_c16_l1,mixed,1,3,120,0.25,0.5,0.0909,0.1667,0.4242,3.6667,83,1.4816,399,399,399,399,399,399,399,399,399,1,1.0,1.0,1.0,1.0,1.0,1.0,1.0,1.0,uniform_min_teq,399,0.0,0.0,0.0,1.0,1.0,69426,69426,1.0,0.428,0.0076,0.8913,0.3824,0.0293,0.0294,0.0082,0.9004,0.6443
mixed_w32_c16_l1,mixed,1,3,120,0.25,0.75,0.0909,0.1667,0.4242,3.6667,83,1.4816,399,399,399,399,399,399,399,399,399,1,1.0,1.0,1.0,1.0,1.0,1.0,1.0,1.0,uniform_min_teq,399,0.0,0.0,0.0,1.0,1.0,69426,69426,1.0,0.4246,0.0077,0.9122,0.4046,0.0338,0.036,0.0133,0.9367,0.6414
mixed_w32_c16_l1,mixed,1,3,120,0.25,0.9,0.0909,0.1667,0.4242,3.6667,83,1.4816,399,399,399,399,399,399,399,399,399,1,1.0,1.0,1.0,1.0,1.0,1.0,1.0,1.0,uniform_min_teq,399,0.0,0.0,0.0,1.0,1.0,69426,69426,1.0,0.4344,0.008,0.9316,0.4084,0.0309,0.0308,0.0083,0.8555,0.6512
mixed_w32_c16_l1,mixed,1,3,120,0.5,0.1,0.4545,0.1667,0.7879,1.3636,127,0.8901,399,363,273,345,279,279,503,273,273,1,1.4615,1.3297,1.0,1.2637,1.022,1.022,1.8425,1.0,uniform_oracle,273,0.0,0.0,0.0,0.3827,0.3827,58968,58968,1.0,0.4454,0.0089,0.6844,0.4475,0.0181,0.0176,0.0083,0.6148,0.3375
mixed_w32_c16_l1,mixed,1,3,120,0.5,0.25,0.3636,0.1667,0.697,1.0909,116,1.0062,399,363,285,363,312,312,626,285,285,1,1.4,1.2737,1.0,1.2737,1.0947,1.0947,2.1965,1.0,uniform_oracle,285,0.0,0.0,0.0,0.3827,0.3827,58425,58425,1.0,0.3939,0.008,0.6528,0.3973,0.0213,0.0214,0.0093,0.8359,0.3977
mixed_w32_c16_l1,mixed,1,3,120,0.5,0.5,0.2727,0.1667,0.6061,1.2222,105,1.2668,399,399,317,363,399,399,399,363,317,1,1.2587,1.2587,1.0,1.1451,1.2587,1.2587,1.2587,1.1451,uniform_oracle,317,0.0,0.0,0.0,0.6296,0.6296,64668,64668,1.0,0.4241,0.0075,0.6514,0.3918,0.0229,0.0236,0.0088,0.7371,0.4555
mixed_w32_c16_l1,mixed,1,3,120,0.5,0.75,0.0909,0.1667,0.4242,3.6667,83,1.4816,399,399,399,399,399,399,399,399,399,1,1.0,1.0,1.0,1.0,1.0,1.0,1.0,1.0,uniform_min_teq,399,0.0,0.0,0.0,1.0,1.0,69426,69426,1.0,0.4755,0.0089,0.9153,0.468,0.0805,0.0844,0.0091,0.9516,0.7119
mixed_w32_c16_l1,mixed,1,3,120,0.5,0.9,0.0909,0.1667,0.4242,3.6667,83,1.4816,399,399,399,399,399,399,399,399,399,1,1.0,1.0,1.0,1.0,1.0,1.0,1.0,1.0,uniform_min_teq,399,0.0,0.0,0.0,1.0,1.0,69426,69426,1.0,0.4426,0.0205,0.9198,0.4747,0.0375,0.0342,0.0089,0.9628,0.6828
mixed_w32_c16_l1,mixed,1,3,120,1.0,0.1,0.9091,0.1667,1.2424,2.7273,182,0.7056,399,300,236,314,256,256,330,236,236,1,1.6907,1.2712,1.0,1.3305,1.0847,1.0847,1.3983,1.0,uniform_oracle,236,0.0,0.0,0.0,0.375,0.375,66316,66316,1.0,0.503,0.0094,0.631,0.4196,0.0226,0.0282,0.0119,0.7686,0.3794
mixed_w32_c16_l1,mixed,1,3,120,1.0,0.25,0.7273,0.1667,1.0606,2.1818,160,0.8266,399,350,244,319,273,273,349,244,244,1,1.6352,1.4344,1.0,1.3074,1.1189,1.1189,1.4303,1.0,uniform_oracle,244,0.0,0.0,0.0,0.375,0.375,63196,63196,1.0,0.4509,0.0091,0.6257,0.4172,0.0272,0.021,0.0099,0.7751,0.3839
mixed_w32_c16_l1,mixed,1,3,120,1.0,0.5,0.5455,0.3333,1.2121,1.2222,210,0.6017,209,209,209,332,212,212,212,209,209,1,1.0,1.0,1.0,1.5885,1.0144,1.0144,1.0144,1.0,uniform_min_teq,209,0.0,0.0,0.0,1.0,1.0,64581,64581,1.0,0.4626,0.0078,0.6251,0.427,0.0215,0.0209,0.0091,0.6996,0.3838
mixed_w32_c16_l1,mixed,1,3,120,1.0,0.75,0.2727,0.3333,0.9394,2.4444,177,0.7763,209,209,209,229,212,212,212,209,209,1,1.0,1.0,1.0,1.0957,1.0144,1.0144,1.0144,1.0,uniform_min_teq,209,0.0,0.0,0.0,1.0,1.0,57684,57684,1.0,0.4548,0.008,0.6678,0.4199,0.0269,0.0227,0.0087,0.7275,0.4503
mixed_w32_c16_l1,mixed,1,3,120,1.0,0.9,0.0909,0.5,1.0909,11.0,227,0.6685,183,183,183,183,183,183,212,183,183,1,1.0,1.0,1.0,1.0,1.0,1.0,1.1585,1.0,uniform_min_teq,183,0.0,0.0,0.0,1.0,1.0,59658,59658,1.0,0.4579,0.008,0.9427,0.4787,0.0343,0.0338,0.0088,1.2176,0.7561
mixed_w32_c16_l1,mixed,1,3,120,2.0,0.1,1.8182,0.1667,2.1515,5.4545,292,0.4075,399,279,224,251,244,244,329,224,224,1,1.7812,1.2455,1.0,1.1205,1.0893,1.0893,1.4688,1.0,uniform_oracle,224,0.0,0.0,0.0,0.375,0.375,87584,87584,1.0,0.5132,0.0091,0.6451,0.4873,0.023,0.0232,0.0101,0.853,0.4119
mixed_w32_c16_l1,mixed,1,3,120,2.0,0.25,1.4545,0.3333,2.1212,2.1818,320,0.4041,209,281,194,229,212,212,329,194,194,1,1.0773,1.4485,1.0,1.1804,1.0928,1.0928,1.6959,1.0,uniform_oracle,194,0.0,0.0,0.0,0.6296,0.6296,81286,81286,1.0,0.4682,0.0093,0.6277,0.5079,0.0221,0.0218,0.011,0.7374,0.3671
mixed_w32_c16_l1,mixed,1,3,120,2.0,0.5,1.0,0.5,2.0,1.0,337,0.3646,183,183,183,251,183,183,330,183,183,1,1.0,1.0,1.0,1.3716,1.0,1.0,1.8033,1.0,uniform_min_teq,183,0.0,0.0,0.0,1.0,1.0,79788,79788,1.0,0.4715,0.0081,0.5849,0.3905,0.0211,0.018,0.0085,0.6178,0.317
mixed_w32_c16_l1,mixed,1,3,120,2.0,0.75,0.5455,0.6667,1.8788,2.4444,354,0.5795,183,183,171,209,183,183,212,171,171,1,1.0702,1.0702,1.0,1.2222,1.0702,1.0702,1.2398,1.0,uniform_oracle,171,0.0,0.0,0.0,1.0,1.0,79173,79173,1.0,0.3958,0.0065,0.5852,0.4519,0.021,0.0209,0.0086,0.7801,0.3452
mixed_w32_c16_l1,mixed,1,3,120,2.0,0.9,0.1818,0.8333,1.8485,9.1667,382,1.211,183,183,155,167,155,155,212,155,155,1,1.1806,1.1806,1.0,1.0774,1.0,1.0,1.3677,1.0,uniform_oracle,155,0.0,0.0,0.0,1.0,1.0,77810,77810,1.0,0.4443,0.0082,0.6624,0.4863,0.0286,0.0248,0.0078,1.0714,0.488
mixed_w32_c16_l2,mixed,2,6,14400,0.25,0.1,0.1818,0.1667,0.5152,1.8333,94,2.195,795,795,795,821,795,795,1239,585,585,1,1.359,1.359,1.359,1.4034,1.359,1.359,2.1179,1.0,uniform_min_teq,795,0.2642,0.2642,0.3333,0.6599,1.0,118170,168540,0.7011,0.8942,0.016,1.5316,1.0961,0.0512,0.0692,0.0142,2.7594,26.6137
mixed_w32_c16_l2,mixed,2,6,14400,0.25,0.25,0.1818,0.1667,0.5152,1.8333,94,2.195,795,795,795,821,795,795,1239,585,585,1,1.359,1.359,1.359,1.4034,1.359,1.359,2.1179,1.0,uniform_min_teq,795,0.2642,0.2642,0.3333,0.6599,1.0,118170,168540,0.7011,0.8722,0.0135,1.4586,1.1047,0.0478,0.0672,0.0136,2.6631,26.3796
mixed_w32_c16_l2,mixed,2,6,14400,0.25,0.5,0.0909,0.1667,0.4242,3.6667,83,2.7056,795,795,795,675,795,795,795,675,675,0,1.1778,1.1778,1.1778,1.0,1.1778,1.1778,1.1778,1.0,two_term_descent,675,0.1509,0.0,0.1667,0.8485,1.0,128925,159795,0.8068,1.0655,0.0177,2.0326,1.1829,0.0674,0.0697,0.0127,2.6822,12.4006
mixed_w32_c16_l2,mixed,2,6,14400,0.25,0.75,0.0909,0.1667,0.4242,3.6667,83,2.7056,795,795,795,675,795,795,795,675,675,0,1.1778,1.1778,1.1778,1.0,1.1778,1.1778,1.1778,1.0,two_term_descent,675,0.1509,0.0,0.1667,0.8485,1.0,128925,159795,0.8068,0.8311,0.0145,1.8084,1.116,0.0637,0.0677,0.0122,2.5777,11.4783
mixed_w32_c16_l2,mixed,2,6,14400,0.25,0.9,0.0909,0.1667,0.4242,3.6667,83,2.7056,795,795,795,675,795,795,795,675,675,0,1.1778,1.1778,1.1778,1.0,1.1778,1.1778,1.1778,1.0,two_term_descent,675,0.1509,0.0,0.1667,0.8485,1.0,128925,159795,0.8068,0.9731,0.0169,1.9088,1.0987,0.0595,0.0605,0.0116,2.8537,12.6959
mixed_w32_c16_l2,mixed,2,6,14400,0.5,0.1,0.4545,0.1667,0.7879,1.3636,127,1.417,795,666,486,752,486,795,503,479,479,1,1.6597,1.3904,1.0146,1.5699,1.0146,1.6597,1.0501,1.0,uniform_oracle,486,0.0144,0.0144,0.1667,0.3742,0.3827,107775,109350,0.9856,0.925,0.0177,1.3698,1.1855,0.0492,0.0518,0.0132,2.7,20.1045
mixed_w32_c16_l2,mixed,2,6,14400,0.5,0.25,0.3636,0.1667,0.697,1.0909,116,1.6018,795,692,560,601,560,795,626,489,489,1,1.6258,1.4151,1.1452,1.229,1.1452,1.6258,1.2802,1.0,uniform_oracle,560,0.1268,0.1268,0.3333,0.4969,0.3827,109536,119840,0.914,0.9584,0.0172,1.4975,1.1653,0.0435,0.0512,0.0131,2.4551,21.5053
mixed_w32_c16_l2,mixed,2,6,14400,0.5,0.5,0.2727,0.1667,0.6061,1.2222,105,1.8658,795,795,687,647,795,795,830,585,585,1,1.359,1.359,1.1744,1.106,1.359,1.359,1.4188,1.0,two_term_descent,647,0.1485,0.0958,0.3333,0.6599,0.6296,124605,153201,0.8133,0.836,0.0129,1.3833,1.046,0.0493,0.0549,0.0186,2.4535,20.7659
mixed_w32_c16_l2,mixed,2,6,14400,0.5,0.75,0.0909,0.1667,0.4242,3.6667,83,2.7056,795,795,795,675,795,795,795,675,675,0,1.1778,1.1778,1.1778,1.0,1.1778,1.1778,1.1778,1.0,two_term_descent,675,0.1509,0.0,0.1667,0.8485,1.0,128925,159795,0.8068,0.8034,0.0132,1.5187,0.9526,0.0513,0.0514,0.01,2.3707,10.1699
mixed_w32_c16_l2,mixed,2,6,14400,0.5,0.9,0.0909,0.1667,0.4242,3.6667,83,2.7056,795,795,795,675,795,795,795,675,675,0,1.1778,1.1778,1.1778,1.0,1.1778,1.1778,1.1778,1.0,two_term_descent,675,0.1509,0.0,0.1667,0.8485,1.0,128925,159795,0.8068,0.8066,0.014,1.6447,0.934,0.0509,0.0518,0.0133,2.4677,12.3274
mixed_w32_c16_l2,mixed,2,6,14400,1.0,0.1,0.9091,0.1667,1.2424,2.7273,182,0.8899,795,504,385,477,387,459,399,363,363,1,2.1901,1.3884,1.0606,1.314,1.0661,1.2645,1.0992,1.0,uniform_oracle,385,0.0571,0.0571,0.3333,0.2584,0.1667,101640,107800,0.9429,0.8576,0.0196,1.1684,1.2109,0.0409,0.0377,0.0114,2.1108,19.9384
mixed_w32_c16_l2,mixed,2,6,14400,1.0,0.25,0.7273,0.1667,1.0606,2.1818,160,1.1509,795,627,435,453,459,459,399,369,369,1,2.1545,1.6992,1.1789,1.2276,1.2439,1.2439,1.0813,1.0,proportional_split,399,0.1517,0.0752,0.1667,0.2655,0.375,95202,120930,0.7872,0.9632,0.0185,1.4223,1.1765,0.0419,0.0443,0.0166,2.1029,20.4484
mixed_w32_c16_l2,mixed,2,6,14400,1.0,0.5,0.5455,0.3333,1.2121,1.2222,210,0.99,402,402,354,330,402,402,433,312,312,1,1.2885,1.2885,1.1346,1.0577,1.2885,1.2885,1.3878,1.0,two_term_descent,330,0.1186,0.0545,0.3333,0.6296,0.6296,102336,116112,0.8814,0.8512,0.0146,1.2307,1.0914,0.0404,0.0474,0.0118,2.764,19.5159
mixed_w32_c16_l2,mixed,2,6,14400,1.0,0.75,0.2727,0.3333,0.9394,2.4444,177,1.304,402,402,402,464,402,402,830,357,357,1,1.1261,1.1261,1.1261,1.2997,1.1261,1.1261,2.3249,1.0,uniform_min_teq,402,0.1119,0.1119,0.1667,0.7959,1.0,105315,118590,0.8881,0.9869,0.0168,1.4571,1.0854,0.0356,0.0441,0.0203,1.8175,21.9117
mixed_w32_c16_l2,mixed,2,6,14400,1.0,0.9,0.0909,0.5,1.0909,11.0,227,1.1524,271,271,271,271,271,271,271,271,271,0,1.0,1.0,1.0,1.0,1.0,1.0,1.0,1.0,uniform_min_teq,271,0.0,0.0,0.0,1.0,1.0,93495,93495,1.0,1.0035,0.016,2.0287,1.4054,0.0562,0.0511,0.0092,2.9534,10.4132
mixed_w32_c16_l2,mixed,2,6,14400,2.0,0.1,1.8182,0.1667,2.1515,5.4545,292,0.6857,795,309,271,331,337,337,330,271,271,1,2.9336,1.1402,1.0,1.2214,1.2435,1.2435,1.2177,1.0,uniform_oracle,271,0.0,0.0,0.0,0.1546,0.1546,110026,110026,1.0,0.754,0.0139,1.0201,1.0756,0.035,0.0335,0.0115,1.9459,17.3241
mixed_w32_c16_l2,mixed,2,6,14400,2.0,0.25,1.4545,0.3333,2.1212,2.1818,320,0.6983,402,350,266,345,402,276,329,248,248,1,1.621,1.4113,1.0726,1.3911,1.621,1.1129,1.3266,1.0,uniform_oracle,266,0.0677,0.0677,0.1667,0.2655,0.375,107632,120764,0.8913,0.8643,0.0182,1.1326,0.9294,0.0323,0.0329,0.014,1.8323,17.1831
mixed_w32_c16_l2,mixed,2,6,14400,2.0,0.5,1.0,0.5,2.0,1.0,337,0.7678,271,271,220,275,271,271,330,240,220,1,1.2318,1.2318,1.0,1.25,1.2318,1.2318,1.5,1.0909,uniform_oracle,220,0.0,0.0,0.0,0.6296,0.6296,103620,103620,1.0,0.9519,0.0157,1.2264,1.0526,0.0346,0.0363,0.0115,2.3464,17.2011
mixed_w32_c16_l2,mixed,2,6,14400,2.0,0.75,0.5455,0.6667,1.8788,2.4444,354,0.7763,210,210,210,240,210,213,433,222,210,1,1.0,1.0,1.0,1.1429,1.0,1.0143,2.0619,1.0571,uniform_min_teq,210,0.0,0.0,0.0,1.0,1.0,102480,102480,1.0,0.9075,0.0138,1.0681,1.0187,0.0445,0.0449,0.0127,2.0264,20.2389
mixed_w32_c16_l2,mixed,2,6,14400,2.0,0.9,0.1818,0.8333,1.8485,9.1667,382,0.7891,184,184,184,184,300,213,213,184,184,1,1.0,1.0,1.0,1.0,1.6304,1.1576,1.1576,1.0,uniform_min_teq,184,0.0,0.0,0.0,1.0,1.0,94944,94944,1.0,0.9363,0.0153,1.5502,1.1991,0.0525,0.0651,0.0162,2.6034,25.5232
modexp_w16_s2,modexp,1,4,1296,0.25,0.1,0.1818,0.1667,0.5152,1.8333,94,1.2826,363,363,363,417,363,363,363,321,319,1,1.1379,1.1379,1.1379,1.3072,1.1379,1.1379,1.1379,1.0063,uniform_min_teq,363,0.1212,0.1212,0.5,0.6216,1.0,41470,47190,0.8788,0.0309,0.0089,0.0419,0.2994,0.0272,0.0278,0.0093,0.8413,5.3091
modexp_w16_s2,modexp,1,4,1296,0.25,0.25,0.1818,0.1667,0.5152,1.8333,94,1.2826,363,363,363,417,363,363,363,321,319,1,1.1379,1.1379,1.1379,1.3072,1.1379,1.1379,1.1379,1.0063,uniform_min_teq,363,0.1212,0.1212,0.5,0.6216,1.0,41470,47190,0.8788,0.0297,0.0085,0.04,0.2988,0.0281,0.0305,0.0091,0.8565,5.4613
modexp_w16_s2,modexp,1,4,1296,0.25,0.5,0.0909,0.1667,0.4242,3.6667,83,1.5041,363,363,363,461,363,363,363,336,336,1,1.0804,1.0804,1.0804,1.372,1.0804,1.0804,1.0804,1.0,uniform_min_teq,363,0.0744,0.0744,0.25,0.791,1.0,39984,43197,0.9256,0.0241,0.0085,0.0476,0.2233,0.0366,0.0363,0.0089,0.7751,6.6564
modexp_w16_s2,modexp,1,4,1296,0.25,0.75,0.0909,0.1667,0.4242,3.6667,83,1.5041,363,363,363,461,363,363,363,336,336,1,1.0804,1.0804,1.0804,1.372,1.0804,1.0804,1.0804,1.0,uniform_min_teq,363,0.0744,0.0744,0.25,0.791,1.0,39984,43197,0.9256,0.0262,0.0096,0.0485,0.2209,0.0338,0.0339,0.0082,0.8139,7.3053
modexp_w16_s2,modexp,1,4,1296,0.25,0.9,0.0909,0.1667,0.4242,3.6667,83,1.5041,363,363,363,461,363,363,363,336,336,1,1.0804,1.0804,1.0804,1.372,1.0804,1.0804,1.0804,1.0,uniform_min_teq,363,0.0744,0.0744,0.25,0.791,1.0,39984,43197,0.9256,0.0262,0.0088,0.0576,0.227,0.0363,0.0363,0.009,0.8361,7.3963
modexp_w16_s2,modexp,1,4,1296,0.5,0.1,0.4545,0.1667,0.7879,1.3636,127,0.8639,363,363,265,282,265,265,539,251,251,1,1.4462,1.4462,1.0558,1.1235,1.0558,1.0558,2.1474,1.0,uniform_oracle,265,0.0528,0.0528,0.25,0.4815,0.3636,40913,43195,0.9472,0.0254,0.0088,0.0412,0.2527,0.0243,0.0248,0.0105,0.6846,4.2201
modexp_w16_s2,modexp,1,4,1296,0.5,0.25,0.3636,0.1667,0.697,1.0909,116,0.9766,363,363,322,282,322,322,671,279,267,1,1.3596,1.3596,1.206,1.0562,1.206,1.206,2.5131,1.0449,two_term_descent,282,0.1708,0.0532,0.25,0.4815,0.3636,40584,48944,0.8292,0.0252,0.0086,0.0407,0.2722,0.0255,0.025,0.0111,0.7889,3.7685
modexp_w16_s2,modexp,1,4,1296,0.5,0.5,0.2727,0.1667,0.6061,1.2222,105,1.0902,363,363,363,377,363,363,363,294,279,1,1.3011,1.3011,1.3011,1.3513,1.3011,1.3011,1.3011,1.0538,uniform_min_teq,363,0.2314,0.2314,0.5,0.6216,1.0,39339,51183,0.7686,0.0211,0.007,0.0338,0.211,0.0258,0.0258,0.0089,0.8009,4.5277
modexp_w16_s2,modexp,1,4,1296,0.5,0.75,0.0909,0.1667,0.4242,3.6667,83,1.5041,363,363,363,461,363,363,363,336,336,1,1.0804,1.0804,1.0804,1.372,1.0804,1.0804,1.0804,1.0,uniform_min_teq,363,0.0744,0.0744,0.25,0.791,1.0,39984,43197,0.9256,0.0232,0.008,0.0448,0.2122,0.0369,0.0389,0.0094,0.8296,6.0357
modexp_w16_s2,modexp,1,4,1296,0.5,0.9,0.0909,0.1667,0.4242,3.6667,83,1.5041,363,363,363,461,363,363,363,336,336,1,1.0804,1.0804,1.0804,1.372,1.0804,1.0804,1.0804,1.0,uniform_min_teq,363,0.0744,0.0744,0.25,0.791,1.0,39984,43197,0.9256,0.0208,0.0069,0.0502,0.2192,0.0379,0.0394,0.0096,0.8144,6.7747
modexp_w16_s2,modexp,1,4,1296,1.0,0.1,0.9091,0.1667,1.2424,2.7273,182,0.7976,363,324,257,315,257,257,324,232,231,1,1.5714,1.4026,1.1126,1.3636,1.1126,1.1126,1.4026,1.0043,uniform_oracle,257,0.1012,0.1012,0.75,0.3455,0.3636,52899,56026,0.9442,0.0259,0.01,0.0381,0.3262,0.0248,0.0245,0.0102,0.6527,4.1533
modexp_w16_s2,modexp,1,4,1296,1.0,0.25,0.7273,0.1667,1.0606,2.1818,160,0.9344,363,342,258,259,258,258,342,238,236,1,1.5381,1.4492,1.0932,1.0975,1.0932,1.0932,1.4492,1.0085,uniform_oracle,258,0.0853,0.0853,0.75,0.3455,0.3636,48852,50568,0.9661,0.0291,0.0104,0.0358,0.2857,0.0195,0.0192,0.0083,0.5353,3.8213
modexp_w16_s2,modexp,1,4,1296,1.0,0.5,0.5455,0.3333,1.2121,1.2222,210,0.5051,198,198,198,261,198,198,198,198,198,1,1.0,1.0,1.0,1.3182,1.0,1.0,1.0,1.0,uniform_min_teq,198,0.0,0.0,0.0,1.0,1.0,48708,48708,1.0,0.0308,0.0086,0.0349,0.2637,0.0277,0.0233,0.009,0.586,3.6776
modexp_w16_s2,modexp,1,4,1296,1.0,0.75,0.2727,0.3333,0.9394,2.4444,177,0.6517,198,198,198,198,198,198,198,198,198,1,1.0,1.0,1.0,1.0,1.0,1.0,1.0,1.0,uniform_min_teq,198,0.0,0.0,0.0,1.0,1.0,42174,42174,1.0,0.0238,0.0066,0.0295,0.1693,0.0194,0.0199,0.0067,0.4761,3.5951
modexp_w16_s2,modexp,1,4,1296,1.0,0.9,0.0909,0.5,1.0909,11.0,227,0.7888,198,198,198,212,198,198,198,174,174,1,1.1379,1.1379,1.1379,1.2184,1.1379,1.1379,1.1379,1.0,uniform_min_teq,198,0.1212,0.1212,0.25,1.0,1.0,47676,52074,0.9155,0.0238,0.0067,0.0406,0.1808,0.0306,0.0315,0.0071,0.7144,6.6125
modexp_w16_s2,modexp,1,4,1296,2.0,0.1,1.8182,0.1667,2.1515,5.4545,292,0.9087,363,323,256,373,256,256,323,208,208,1,1.7452,1.5529,1.2308,1.7933,1.2308,1.2308,1.5529,1.0,uniform_oracle,256,0.1875,0.1875,0.5,0.1724,0.3636,75088,83968,0.8942,0.0294,0.0105,0.0353,0.3913,0.0284,0.028,0.0111,0.9593,3.9205
modexp_w16_s2,modexp,1,4,1296,2.0,0.25,1.4545,0.3333,2.1212,2.1818,320,0.9126,198,323,188,266,198,198,323,173,173,1,1.1445,1.8671,1.0867,1.5376,1.1445,1.1445,1.8671,1.0,uniform_oracle,188,0.0798,0.0798,0.25,0.351,0.3488,67297,75200,0.8949,0.0243,0.0099,0.0406,0.3604,0.0265,0.0237,0.0097,1.0196,3.8005
modexp_w16_s2,modexp,1,4,1296,2.0,0.5,1.0,0.5,2.0,1.0,337,0.6623,198,198,198,215,198,198,324,159,158,1,1.2532,1.2532,1.2532,1.3608,1.2532,1.2532,2.0506,1.0063,uniform_min_teq,198,0.202,0.202,0.5,0.7255,1.0,62410,73854,0.845,0.0228,0.007,0.0281,0.3492,0.0227,0.0222,0.0095,0.854,3.868
modexp_w16_s2,modexp,1,4,1296,2.0,0.75,0.5455,0.6667,1.8788,2.4444,354,0.633,198,198,181,193,198,198,198,159,150,1,1.32,1.32,1.2067,1.2867,1.32,1.32,1.32,1.06,uniform_oracle,181,0.1713,0.1713,0.5,1.0,1.0,61800,78554,0.7867,0.0306,0.0088,0.0373,0.3186,0.0244,0.0243,0.0087,0.8712,4.0688
modexp_w16_s2,modexp,1,4,1296,2.0,0.9,0.1818,0.8333,1.8485,9.1667,382,0.89,198,198,147,161,147,147,198,132,132,1,1.5,1.5,1.1136,1.2197,1.1136,1.1136,1.5,1.0,uniform_oracle,147,0.102,0.102,0.25,1.0,1.0,59532,67914,0.8766,0.0271,0.0093,0.0446,0.3353,0.0312,0.031,0.0126,1.1516,5.1778
modexp_w32_s2,modexp,1,4,1296,0.25,0.1,0.1818,0.1667,0.5152,1.8333,94,1.291,747,747,747,711,747,747,747,657,657,1,1.137,1.137,1.137,1.0822,1.137,1.137,1.137,1.0,two_term_descent,711,0.1205,0.0759,0.25,0.7842,1.0,106434,121014,0.8795,0.055,0.0169,0.0823,0.4462,0.0495,0.0528,0.0232,1.9438,11.159
modexp_w32_s2,modexp,1,4,1296,0.25,0.25,0.1818,0.1667,0.5152,1.8333,94,1.291,747,747,747,711,747,747,747,657,657,1,1.137,1.137,1.137,1.0822,1.137,1.137,1.137,1.0,two_term_descent,711,0.1205,0.0759,0.25,0.7842,1.0,106434,121014,0.8795,0.0595,0.0179,0.1256,0.4587,0.05,0.0534,0.0224,1.7214,9.1278
modexp_w32_s2,modexp,1,4,1296,0.25,0.5,0.0909,0.1667,0.4242,3.6667,83,1.5066,747,747,747,1035,747,747,747,747,747,1,1.0,1.0,1.0,1.3855,1.0,1.0,1.0,1.0,uniform_min_teq,747,0.0,0.0,0.0,1.0,1.0,112797,112797,1.0,0.0561,0.0172,0.0963,0.4434,0.0792,0.0772,0.0201,1.7576,14.283
modexp_w32_s2,modexp,1,4,1296,0.25,0.75,0.0909,0.1667,0.4242,3.6667,83,1.5066,747,747,747,1035,747,747,747,747,747,1,1.0,1.0,1.0,1.3855,1.0,1.0,1.0,1.0,uniform_min_teq,747,0.0,0.0,0.0,1.0,1.0,112797,112797,1.0,0.0581,0.0175,0.1061,0.4657,0.0758,0.0725,0.0228,1.6255,14.3918
modexp_w32_s2,modexp,1,4,1296,0.25,0.9,0.0909,0.1667,0.4242,3.6667,83,1.5066,747,747,747,1035,747,747,747,747,747,1,1.0,1.0,1.0,1.3855,1.0,1.0,1.0,1.0,uniform_min_teq,747,0.0,0.0,0.0,1.0,1.0,112797,112797,1.0,0.0616,0.0166,0.0955,0.4315,0.0705,0.0748,0.0185,1.7636,15.0163
modexp_w32_s2,modexp,1,4,1296,0.5,0.1,0.4545,0.1667,0.7879,1.3636,127,0.8975,747,747,542,570,542,542,1103,507,507,1,1.4734,1.4734,1.069,1.1243,1.069,1.069,2.1755,1.0,uniform_oracle,542,0.0646,0.0646,0.25,0.4675,0.3478,98865,105690,0.9354,0.0632,0.0187,0.0829,0.5455,0.0494,0.0508,0.0302,1.8536,8.5717
modexp_w32_s2,modexp,1,4,1296,0.5,0.25,0.3636,0.1667,0.697,1.0909,116,1.0146,747,747,674,608,674,674,1375,567,539,1,1.3859,1.3859,1.2505,1.128,1.2505,1.2505,2.551,1.0519,two_term_descent,608,0.2003,0.1135,0.25,0.4675,0.3478,99176,124016,0.7997,0.0585,0.0177,0.0808,0.5835,0.0483,0.0544,0.0226,1.8495,9.2446
modexp_w32_s2,modexp,1,4,1296,0.5,0.5,0.2727,0.1667,0.6061,1.2222,105,1.1344,747,747,747,837,747,747,747,598,567,1,1.3175,1.3175,1.3175,1.4762,1.3175,1.3175,1.3175,1.0547,uniform_min_teq,747,0.241,0.241,0.5,0.6104,1.0,98091,129231,0.759,0.0587,0.0176,0.084,0.5621,0.0541,0.0509,0.0186,1.7466,9.6925
modexp_w32_s2,modexp,1,4,1296,0.5,0.75,0.0909,0.1667,0.4242,3.6667,83,1.5066,747,747,747,1035,747,747,747,747,747,1,1.0,1.0,1.0,1.3855,1.0,1.0,1.0,1.0,uniform_min_teq,747,0.0,0.0,0.0,1.0,1.0,112797,112797,1.0,0.0574,0.0174,0.1068,0.4512,0.0714,0.0747,0.019,1.7535,13.2297
modexp_w32_s2,modexp,1,4,1296,0.5,0.9,0.0909,0.1667,0.4242,3.6667,83,1.5066,747,747,747,1035,747,747,747,747,747,1,1.0,1.0,1.0,1.3855,1.0,1.0,1.0,1.0,uniform_min_teq,747,0.0,0.0,0.0,1.0,1.0,112797,112797,1.0,0.0539,0.0159,0.096,0.4096,0.0595,0.0641,0.015,1.3868,14.6527
modexp_w32_s2,modexp,1,4,1296,1.0,0.1,0.9091,0.1667,1.2424,2.7273,182,0.5691,747,644,513,611,513,513,644,483,483,1,1.5466,1.3333,1.0621,1.265,1.0621,1.0621,1.3333,1.0,uniform_oracle,513,0.0585,0.0585,0.25,0.4675,0.3478,120750,128250,0.9415,0.0558,0.024,0.0873,0.7206,0.0507,0.0469,0.0225,1.4493,8.4453
modexp_w32_s2,modexp,1,4,1296,1.0,0.25,0.7273,0.1667,1.0606,2.1818,160,0.6667,747,694,514,535,514,514,694,484,484,1,1.5434,1.4339,1.062,1.1054,1.062,1.062,1.4339,1.0,uniform_oracle,514,0.0584,0.0584,0.25,0.4675,0.3478,110352,117192,0.9416,0.062,0.0211,0.0814,0.6211,0.0461,0.0457,0.0283,1.4306,7.9807
modexp_w32_s2,modexp,1,4,1296,1.0,0.5,0.5455,0.3333,1.2121,1.2222,210,0.5273,390,390,390,553,390,390,390,390,390,1,1.0,1.0,1.0,1.4179,1.0,1.0,1.0,1.0,uniform_min_teq,390,0.0,0.0,0.0,1.0,1.0,108420,108420,1.0,0.0448,0.0133,0.0594,0.4437,0.0365,0.0338,0.0141,0.8072,7.6683
modexp_w32_s2,modexp,1,4,1296,1.0,0.75,0.2727,0.3333,0.9394,2.4444,177,0.6804,390,390,390,390,390,390,390,390,390,1,1.0,1.0,1.0,1.0,1.0,1.0,1.0,1.0,uniform_min_teq,390,0.0,0.0,0.0,1.0,1.0,95550,95550,1.0,0.0537,0.0208,0.1102,0.5172,0.0516,0.0507,0.0243,1.1877,9.3852
modexp_w32_s2,modexp,1,4,1296,1.0,0.9,0.0909,0.5,1.0909,11.0,227,0.8608,390,390,390,420,390,390,390,357,357,1,1.0924,1.0924,1.0924,1.1765,1.0924,1.0924,1.0924,1.0,uniform_min_teq,390,0.0846,0.0846,0.25,1.0,1.0,109242,115050,0.9495,0.0574,0.0171,0.1081,0.4169,0.0643,0.069,0.016,1.8309,14.1402
modexp_w32_s2,modexp,1,4,1296,2.0,0.1,1.8182,0.1667,2.1515,5.4545,292,1.9038,747,643,512,505,512,512,643,448,413,1,1.8087,1.5569,1.2397,1.2228,1.2397,1.2397,1.5569,1.0847,two_term_descent,505,0.1934,0.1822,0.5,0.1455,0.3478,166852,184320,0.9052,0.0674,0.0355,0.0674,0.7895,0.0482,0.0492,0.0227,2.0332,7.7631
modexp_w32_s2,modexp,1,4,1296,2.0,0.25,1.4545,0.3333,2.1212,2.1818,320,0.7679,390,643,380,457,390,390,643,363,363,1,1.0744,1.7713,1.0468,1.259,1.0744,1.0744,1.7713,1.0,uniform_oracle,380,0.0447,0.0447,0.5,0.4208,0.3407,148830,164160,0.9066,0.0591,0.021,0.0817,0.8219,0.0439,0.0531,0.0219,2.1294,8.1806
modexp_w32_s2,modexp,1,4,1296,2.0,0.5,1.0,0.5,2.0,1.0,337,1.2018,390,390,390,542,390,390,644,355,354,1,1.1017,1.1017,1.1017,1.5311,1.1017,1.1017,1.8192,1.0028,uniform_min_teq,390,0.0923,0.0923,0.5,0.562,1.0,155052,157950,0.9817,0.0521,0.0154,0.0655,0.5271,0.0349,0.036,0.0176,1.4059,6.3762
modexp_w32_s2,modexp,1,4,1296,2.0,0.75,0.5455,0.6667,1.8788,2.4444,354,0.7309,390,390,373,461,390,390,390,297,297,1,1.3131,1.3131,1.2559,1.5522,1.3131,1.3131,1.3131,1.0,uniform_oracle,373,0.2038,0.2038,0.5,1.0,1.0,131868,173818,0.7587,0.0491,0.0139,0.0698,0.6689,0.046,0.0453,0.0234,1.5986,7.997
modexp_w32_s2,modexp,1,4,1296,2.0,0.9,0.1818,0.8333,1.8485,9.1667,382,0.7428,390,390,300,324,300,300,390,281,281,1,1.3879,1.3879,1.0676,1.153,1.0676,1.0676,1.3879,1.0,uniform_oracle,300,0.0633,0.0633,0.5,1.0,1.0,132632,148200,0.895,0.0499,0.0143,0.0761,0.569,0.0546,0.0477,0.0153,1.5795,9.4516
modexp_w64_s2,modexp,1,4,1296,0.25,0.1,0.1818,0.1667,0.5152,1.8333,94,1.3174,1515,1515,1515,1641,1515,1515,1515,1467,1467,1,1.0327,1.0327,1.0327,1.1186,1.0327,1.0327,1.0327,1.0,uniform_min_teq,1515,0.0317,0.0317,0.25,0.7809,1.0,331542,342390,0.9683,0.1168,0.034,0.1641,1.0369,0.1105,0.1112,0.0408,3.7641,22.4541
modexp_w64_s2,modexp,1,4,1296,0.25,0.25,0.1818,0.1667,0.5152,1.8333,94,1.3174,1515,1515,1515,1641,1515,1515,1515,1467,1467,1,1.0327,1.0327,1.0327,1.1186,1.0327,1.0327,1.0327,1.0,uniform_min_teq,1515,0.0317,0.0317,0.25,0.7809,1.0,331542,342390,0.9683,0.1186,0.0363,0.1689,0.9355,0.0965,0.094,0.0387,3.1138,20.0345
modexp_w64_s2,modexp,1,4,1296,0.25,0.5,0.0909,0.1667,0.4242,3.6667,83,1.5389,1515,1515,1515,2319,1515,1515,1515,1515,1515,0,1.0,1.0,1.0,1.5307,1.0,1.0,1.0,1.0,uniform_min_teq,1515,0.0,0.0,0.0,1.0,1.0,325725,325725,1.0,0.1143,0.0312,0.2093,1.1197,0.1678,0.1551,0.0483,3.5156,6.4988
modexp_w64_s2,modexp,1,4,1296,0.25,0.75,0.0909,0.1667,0.4242,3.6667,83,1.5389,1515,1515,1515,2319,1515,1515,1515,1515,1515,0,1.0,1.0,1.0,1.5307,1.0,1.0,1.0,1.0,uniform_min_teq,1515,0.0,0.0,0.0,1.0,1.0,325725,325725,1.0,0.1275,0.0417,0.2164,0.9136,0.1388,0.1308,0.0391,3.0888,6.5689
modexp_w64_s2,modexp,1,4,1296,0.25,0.9,0.0909,0.1667,0.4242,3.6667,83,1.5389,1515,1515,1515,2319,1515,1515,1515,1515,1515,0,1.0,1.0,1.0,1.5307,1.0,1.0,1.0,1.0,uniform_min_teq,1515,0.0,0.0,0.0,1.0,1.0,325725,325725,1.0,0.1365,0.0408,0.2486,1.0354,0.1624,0.1509,0.0473,3.3796,6.847
modexp_w64_s2,modexp,1,4,1296,0.5,0.1,0.4545,0.1667,0.7879,1.3636,127,0.9142,1515,1515,1106,1146,1106,1106,2229,1026,1020,1,1.4853,1.4853,1.0843,1.1235,1.0843,1.0843,2.1853,1.0059,uniform_oracle,1106,0.0778,0.0778,0.25,0.4609,0.3404,264180,286454,0.9222,0.133,0.0411,0.1778,1.3072,0.0998,0.1006,0.0521,2.7628,18.9862
modexp_w64_s2,modexp,1,4,1296,0.5,0.25,0.3636,0.1667,0.697,1.0909,116,1.0056,1515,1515,1378,1328,1378,1378,2783,1155,1143,1,1.3255,1.3255,1.2056,1.1619,1.2056,1.2056,2.4348,1.0105,two_term_descent,1328,0.1705,0.1393,0.5,0.6051,0.3404,283464,341744,0.8295,0.1366,0.0368,0.183,1.2935,0.0967,0.1103,0.0558,4.0264,20.0607
modexp_w64_s2,modexp,1,4,1296,0.5,0.5,0.2727,0.1667,0.6061,1.2222,105,1.1565,1515,1515,1515,1881,1515,1515,1515,1227,1227,1,1.2347,1.2347,1.2347,1.533,1.2347,1.2347,1.2347,1.0,uniform_min_teq,1515,0.1901,0.1901,0.5,0.6051,1.0,290799,359055,0.8099,0.1272,0.0415,0.188,1.0432,0.0977,0.0982,0.0475,3.8224,18.7546
modexp_w64_s2,modexp,1,4,1296,0.5,0.75,0.0909,0.1667,0.4242,3.6667,83,1.5389,1515,1515,1515,2319,1515,1515,1515,1515,1515,0,1.0,1.0,1.0,1.5307,1.0,1.0,1.0,1.0,uniform_min_teq,1515,0.0,0.0,0.0,1.0,1.0,325725,325725,1.0,0.1152,0.0366,0.2043,0.9048,0.1432,0.1451,0.0419,3.1384,6.2375
modexp_w64_s2,modexp,1,4,1296,0.5,0.9,0.0909,0.1667,0.4242,3.6667,83,1.5389,1515,1515,1515,2319,1515,1515,1515,1515,1515,0,1.0,1.0,1.0,1.5307,1.0,1.0,1.0,1.0,uniform_min_teq,1515,0.0,0.0,0.0,1.0,1.0,325725,325725,1.0,0.1236,0.0405,0.222,0.972,0.1546,0.1519,0.0443,3.4394,6.6081
modexp_w64_s2,modexp,1,4,1296,1.0,0.1,0.9091,0.1667,1.2424,2.7273,182,0.5797,1515,1284,1025,1419,1025,1025,1284,963,963,1,1.5732,1.3333,1.0644,1.4735,1.0644,1.0644,1.3333,1.0,uniform_oracle,1025,0.0605,0.0605,0.25,0.4609,0.3404,302382,321850,0.9395,0.1274,0.0467,0.165,1.3371,0.0899,0.0852,0.0492,3.3393,17.0774
modexp_w64_s2,modexp,1,4,1296,1.0,0.25,0.7273,0.1667,1.0606,2.1818,160,0.6791,1515,1398,1026,1185,1026,1026,1398,964,964,1,1.5716,1.4502,1.0643,1.2293,1.0643,1.0643,1.4502,1.0,uniform_oracle,1026,0.0604,0.0604,0.25,0.4609,0.3404,281488,299592,0.9396,0.1296,0.0484,0.1653,1.2245,0.0983,0.0902,0.0558,3.2118,17.9007
modexp_w64_s2,modexp,1,4,1296,1.0,0.5,0.5455,0.3333,1.2121,1.2222,210,0.5386,774,774,774,1107,774,774,774,774,774,1,1.0,1.0,1.0,1.4302,1.0,1.0,1.0,1.0,uniform_min_teq,774,0.0,0.0,0.0,1.0,1.0,264708,264708,1.0,0.125,0.0342,0.1409,1.1874,0.0726,0.0747,0.0365,1.8453,16.7481
modexp_w64_s2,modexp,1,4,1296,1.0,0.75,0.2727,0.3333,0.9394,2.4444,177,0.695,774,774,774,774,774,774,774,774,774,1,1.0,1.0,1.0,1.0,1.0,1.0,1.0,1.0,uniform_min_teq,774,0.0,0.0,0.0,1.0,1.0,239166,239166,1.0,0.1099,0.0276,0.1616,0.9951,0.088,0.1014,0.0467,2.2549,21.2183
modexp_w64_s2,modexp,1,4,1296,1.0,0.9,0.0909,0.5,1.0909,11.0,227,0.8995,774,774,774,836,774,774,774,773,773,0,1.0013,1.0013,1.0013,1.0815,1.0013,1.0013,1.0013,1.0,uniform_min_teq,774,0.0013,0.0013,0.25,1.0,1.0,286010,277866,1.0293,0.1336,0.0382,0.2328,1.0057,0.155,0.1651,0.0429,3.6852,9.1115
modexp_w64_s2,modexp,1,4,1296,2.0,0.1,1.8182,0.1667,2.1515,5.4545,292,2.3081,1515,1283,1024,991,1024,1024,1283,957,933,1,1.6238,1.3751,1.0975,1.0622,1.0975,1.0975,1.3751,1.0257,two_term_descent,991,0.0889,0.0585,0.5,0.1442,0.3404,436644,434176,1.0057,0.1361,0.0446,0.1798,2.327,0.1213,0.1292,0.0658,4.7731,16.2226
modexp_w64_s2,modexp,1,4,1296,2.0,0.25,1.4545,0.3333,2.1212,2.1818,320,1.2552,774,1283,764,913,774,774,1283,755,755,1,1.0252,1.6993,1.0119,1.2093,1.0252,1.0252,1.6993,1.0,uniform_oracle,764,0.0118,0.0118,0.25,0.3374,0.3369,366175,378944,0.9663,0.1155,0.0384,0.138,1.8724,0.0867,0.0868,0.0529,4.5568,16.3723
modexp_w64_s2,modexp,1,4,1296,2.0,0.5,1.0,0.5,2.0,1.0,337,0.4906,774,774,774,1118,774,774,1284,773,773,1,1.0013,1.0013,1.0013,1.4463,1.0013,1.0013,1.6611,1.0,uniform_min_teq,774,0.0013,0.0013,0.25,1.0,1.0,371040,363006,1.0221,0.122,0.0383,0.1514,1.1362,0.0794,0.0854,0.0507,2.2744,15.4334
modexp_w64_s2,modexp,1,4,1296,2.0,0.75,0.5455,0.6667,1.8788,2.4444,354,0.7879,774,774,757,984,774,774,774,681,681,1,1.1366,1.1366,1.1116,1.4449,1.1366,1.1366,1.1366,1.0,uniform_oracle,757,0.1004,0.1004,0.5,1.0,1.0,345948,401210,0.8623,0.1134,0.0317,0.1476,1.2915,0.083,0.0959,0.0391,3.4487,17.6743
modexp_w64_s2,modexp,1,4,1296,2.0,0.9,0.1818,0.8333,1.8485,9.1667,382,2.2171,774,774,607,693,607,607,774,607,607,1,1.2751,1.2751,1.0,1.1417,1.0,1.0,1.2751,1.0,uniform_oracle,607,0.0,0.0,0.0,1.0,1.0,338706,338706,1.0,0.1144,0.0364,0.1828,1.2898,0.1143,0.1063,0.0385,2.9285,23.3369
multiplier_w16_r4,multiplier,2,3,216,0.25,0.1,0.1818,0.1667,0.5152,1.8333,94,1.8025,273,273,273,231,273,273,387,231,231,1,1.1818,1.1818,1.1818,1.0,1.1818,1.1818,1.6753,1.0,two_term_descent,231,0.1538,0.0,0.3333,0.7308,1.0,29799,35217,0.8462,0.0224,0.0062,0.0288,0.135,0.0197,0.0234,0.0055,0.3941,0.3733
multiplier_w16_r4,multiplier,2,3,216,0.25,0.25,0.1818,0.1667,0.5152,1.8333,94,1.8025,273,273,273,231,273,273,387,231,231,1,1.1818,1.1818,1.1818,1.0,1.1818,1.1818,1.6753,1.0,two_term_descent,231,0.1538,0.0,0.3333,0.7308,1.0,29799,35217,0.8462,0.0213,0.0063,0.0281,0.1381,0.0224,0.0249,0.0059,0.4269,0.3559
multiplier_w16_r4,multiplier,2,3,216,0.25,0.5,0.0909,0.1667,0.4242,3.6667,83,2.1647,273,273,273,273,273,273,273,273,273,1,1.0,1.0,1.0,1.0,1.0,1.0,1.0,1.0,uniform_min_teq,273,0.0,0.0,0.0,1.0,1.0,32214,32214,1.0,0.0185,0.0065,0.0355,0.1298,0.0263,0.0258,0.0049,0.4366,0.4686
multiplier_w16_r4,multiplier,2,3,216,0.25,0.75,0.0909,0.1667,0.4242,3.6667,83,2.1647,273,273,273,273,273,273,273,273,273,1,1.0,1.0,1.0,1.0,1.0,1.0,1.0,1.0,uniform_min_teq,273,0.0,0.0,0.0,1.0,1.0,32214,32214,1.0,0.0206,0.0057,0.0336,0.1163,0.0246,0.0251,0.0049,0.4292,0.466
multiplier_w16_r4,multiplier,2,3,216,0.25,0.9,0.0909,0.1667,0.4242,3.6667,83,2.1647,273,273,273,273,273,273,273,273,273,1,1.0,1.0,1.0,1.0,1.0,1.0,1.0,1.0,uniform_min_teq,273,0.0,0.0,0.0,1.0,1.0,32214,32214,1.0,0.0176,0.006,0.0358,0.1135,0.0234,0.0239,0.0046,0.4134,0.5005
multiplier_w16_r4,multiplier,2,3,216,0.5,0.1,0.4545,0.1667,0.7879,1.3636,127,1.3372,273,273,201,192,201,246,275,189,189,1,1.4444,1.4444,1.0635,1.0159,1.0635,1.3016,1.455,1.0,two_term_descent,192,0.0597,0.0156,0.3333,0.5254,0.3636,30618,32562,0.9403,0.0173,0.0061,0.0246,0.1426,0.0165,0.0182,0.0054,0.4209,0.2853
multiplier_w16_r4,multiplier,2,3,216,0.5,0.25,0.3636,0.1667,0.697,1.0909,116,1.3437,273,273,245,225,245,246,341,204,204,1,1.3382,1.3382,1.201,1.1029,1.201,1.2059,1.6716,1.0,two_term_descent,225,0.1673,0.0933,0.3333,0.5254,0.3636,30804,36995,0.8327,0.0163,0.0057,0.024,0.129,0.0203,0.0187,0.0055,0.3619,0.2868
multiplier_w16_r4,multiplier,2,3,216,0.5,0.5,0.2727,0.1667,0.6061,1.2222,105,1.5452,273,273,273,218,273,273,279,218,218,1,1.2523,1.2523,1.2523,1.0,1.2523,1.2523,1.2798,1.0,two_term_descent,218,0.2015,0.0,0.3333,0.5254,1.0,30520,38220,0.7985,0.0174,0.0061,0.0264,0.1328,0.0177,0.0187,0.0051,0.4503,0.319
multiplier_w16_r4,multiplier,2,3,216,0.5,0.75,0.0909,0.1667,0.4242,3.6667,83,2.1647,273,273,273,273,273,273,273,273,273,1,1.0,1.0,1.0,1.0,1.0,1.0,1.0,1.0,uniform_min_teq,273,0.0,0.0,0.0,1.0,1.0,32214,32214,1.0,0.0175,0.0059,0.0341,0.1268,0.0261,0.0266,0.0052,0.4716,0.4978
multiplier_w16_r4,multiplier,2,3,216,0.5,0.9,0.0909,0.1667,0.4242,3.6667,83,2.1647,273,273,273,273,273,273,273,273,273,1,1.0,1.0,1.0,1.0,1.0,1.0,1.0,1.0,uniform_min_teq,273,0.0,0.0,0.0,1.0,1.0,32214,32214,1.0,0.021,0.0068,0.0335,0.1173,0.0247,0.0276,0.0052,0.4484,0.4713
multiplier_w16_r4,multiplier,2,3,216,1.0,0.1,0.9091,0.1667,1.2424,2.7273,182,0.7595,273,223,162,158,162,162,172,156,156,1,1.75,1.4295,1.0385,1.0128,1.0385,1.0385,1.1026,1.0,two_term_descent,158,0.037,0.0127,0.6667,0.3433,0.3636,33852,35154,0.963,0.0172,0.0067,0.028,0.1524,0.0189,0.0201,0.0059,0.4745,0.3103
multiplier_w16_r4,multiplier,2,3,216,1.0,0.25,0.7273,0.1667,1.0606,2.1818,160,0.8897,273,260,162,182,162,162,177,158,158,1,1.7278,1.6456,1.0253,1.1519,1.0253,1.0253,1.1203,1.0,uniform_oracle,162,0.0247,0.0247,0.6667,0.3433,0.3636,30810,31590,0.9753,0.0197,0.0155,0.0544,0.1534,0.0177,0.0182,0.0059,0.354,0.3065
multiplier_w16_r4,multiplier,2,3,216,1.0,0.5,0.5455,0.3333,1.2121,1.2222,210,0.7661,145,145,145,166,145,145,171,126,126,1,1.1508,1.1508,1.1508,1.3175,1.1508,1.1508,1.3571,1.0,uniform_min_teq,145,0.131,0.131,0.3333,0.7308,1.0,30870,35525,0.869,0.0168,0.0055,0.0269,0.1433,0.0154,0.0147,0.0044,0.333,0.2659
multiplier_w16_r4,multiplier,2,3,216,1.0,0.75,0.2727,0.3333,0.9394,2.4444,177,0.9776,145,145,145,165,145,145,279,145,145,1,1.0,1.0,1.0,1.1379,1.0,1.0,1.9241,1.0,uniform_min_teq,145,0.0,0.0,0.0,1.0,1.0,30740,30740,1.0,0.0229,0.0063,0.0294,0.136,0.0184,0.0202,0.0061,0.3344,0.3343
multiplier_w16_r4,multiplier,2,3,216,1.0,0.9,0.0909,0.5,1.0909,11.0,227,0.8418,116,116,116,116,116,116,116,116,116,1,1.0,1.0,1.0,1.0,1.0,1.0,1.0,1.0,uniform_min_teq,116,0.0,0.0,0.0,1.0,1.0,30392,30392,1.0,0.0221,0.0063,0.0363,0.1183,0.0267,0.0268,0.0051,0.464,0.5011
multiplier_w16_r4,multiplier,2,3,216,2.0,0.1,1.8182,0.1667,2.1515,5.4545,292,0.8704,273,166,162,118,162,162,166,118,118,1,2.3136,1.4068,1.3729,1.0,1.3729,1.3729,1.4068,1.0,two_term_descent,118,0.2716,0.0,0.3333,0.1456,0.3636,39884,52974,0.7529,0.0164,0.0064,0.0242,0.162,0.0179,0.0177,0.0058,0.3912,0.2822
multiplier_w16_r4,multiplier,2,3,216,2.0,0.25,1.4545,0.3333,2.1212,2.1818,320,0.8726,145,174,132,161,145,118,165,106,106,1,1.3679,1.6415,1.2453,1.5189,1.3679,1.1132,1.5566,1.0,share_aware_greedy,118,0.197,0.1017,0.3333,0.3563,0.3636,38796,46860,0.8279,0.018,0.0071,0.0281,0.1509,0.0162,0.0159,0.0048,0.3845,0.2427
multiplier_w16_r4,multiplier,2,3,216,2.0,0.5,1.0,0.5,2.0,1.0,337,0.8295,116,116,116,105,116,116,166,99,99,1,1.1717,1.1717,1.1717,1.0606,1.1717,1.1717,1.6768,1.0,two_term_descent,105,0.1466,0.0571,0.3333,0.6164,1.0,37917,43152,0.8787,0.0193,0.0055,0.0216,0.1258,0.0148,0.0144,0.005,0.4451,0.2597
multiplier_w16_r4,multiplier,2,3,216,2.0,0.75,0.5455,0.6667,1.8788,2.4444,354,0.7984,101,101,101,95,101,101,171,95,95,1,1.0632,1.0632,1.0632,1.0,1.0632,1.0632,1.8,1.0,two_term_descent,95,0.0594,0.0,0.6667,0.7879,1.0,38000,39289,0.9672,0.021,0.0064,0.0243,0.1832,0.0172,0.0175,0.0052,0.4609,0.2873
multiplier_w16_r4,multiplier,2,3,216,2.0,0.9,0.1818,0.8333,1.8485,9.1667,382,0.8626,101,101,101,80,112,80,101,80,80,1,1.2625,1.2625,1.2625,1.0,1.4,1.0,1.2625,1.0,two_term_descent,80,0.2079,0.0,0.3333,1.0,1.0,34240,42117,0.813,0.0166,0.0059,0.0278,0.124,0.021,0.024,0.0049,0.372,0.3652
multiplier_w32_r4,multiplier,2,3,216,0.25,0.1,0.1818,0.1667,0.5152,1.8333,94,1.8718,561,561,561,471,561,561,787,471,471,1,1.1911,1.1911,1.1911,1.0,1.1911,1.1911,1.6709,1.0,two_term_descent,471,0.1604,0.0,0.3333,0.7222,1.0,75831,90321,0.8396,0.0474,0.0133,0.0675,0.3004,0.0504,0.0514,0.016,0.9234,0.832
multiplier_w32_r4,multiplier,2,3,216,0.25,0.25,0.1818,0.1667,0.5152,1.8333,94,1.8718,561,561,561,471,561,561,787,471,471,1,1.1911,1.1911,1.1911,1.0,1.1911,1.1911,1.6709,1.0,two_term_descent,471,0.1604,0.0,0.3333,0.7222,1.0,75831,90321,0.8396,0.0403,0.0121,0.0587,0.2726,0.0447,0.0547,0.0118,0.8496,0.7661
multiplier_w32_r4,multiplier,2,3,216,0.25,0.5,0.0909,0.1667,0.4242,3.6667,83,2.2599,561,561,561,561,561,561,561,561,561,1,1.0,1.0,1.0,1.0,1.0,1.0,1.0,1.0,uniform_min_teq,561,0.0,0.0,0.0,1.0,1.0,84150,84150,1.0,0.0326,0.0107,0.0686,0.2133,0.0464,0.0444,0.0089,0.8668,0.8944
multiplier_w32_r4,multiplier,2,3,216,0.25,0.75,0.0909,0.1667,0.4242,3.6667,83,2.2599,561,561,561,561,561,561,561,561,561,1,1.0,1.0,1.0,1.0,1.0,1.0,1.0,1.0,uniform_min_teq,561,0.0,0.0,0.0,1.0,1.0,84150,84150,1.0,0.0346,0.0117,0.0725,0.2273,0.0548,0.0537,0.0108,1.029,1.0642
multiplier_w32_r4,multiplier,2,3,216,0.25,0.9,0.0909,0.1667,0.4242,3.6667,83,2.2599,561,561,561,561,561,561,561,561,561,1,1.0,1.0,1.0,1.0,1.0,1.0,1.0,1.0,uniform_min_teq,561,0.0,0.0,0.0,1.0,1.0,84150,84150,1.0,0.0386,0.013,0.0764,0.2303,0.0509,0.0512,0.0103,0.963,1.0844
multiplier_w32_r4,multiplier,2,3,216,0.5,0.1,0.4545,0.1667,0.7879,1.3636,127,1.2296,561,561,410,381,410,502,557,381,381,1,1.4724,1.4724,1.0761,1.0,1.0761,1.3176,1.4619,1.0,two_term_descent,381,0.0707,0.0,0.3333,0.5,0.3478,73914,79540,0.9293,0.0374,0.0124,0.0569,0.3001,0.0371,0.0418,0.014,0.9023,0.6268
multiplier_w32_r4,multiplier,2,3,216,0.5,0.25,0.3636,0.1667,0.697,1.0909,116,1.3896,561,561,509,449,509,502,693,412,412,1,1.3617,1.3617,1.2354,1.0898,1.2354,1.2184,1.682,1.0,two_term_descent,449,0.1906,0.0824,0.3333,0.5122,0.3478,75396,93147,0.8094,0.0455,0.0184,0.0707,0.2432,0.0293,0.0362,0.0113,0.7662,0.6308
multiplier_w32_r4,multiplier,2,3,216,0.5,0.5,0.2727,0.1667,0.6061,1.2222,105,1.598,561,561,561,453,561,561,562,453,453,1,1.2384,1.2384,1.2384,1.0,1.2384,1.2384,1.2406,1.0,two_term_descent,453,0.1925,0.0,0.3333,0.5122,1.0,77916,96492,0.8075,0.0374,0.0122,0.0581,0.2651,0.0326,0.0369,0.0112,0.8079,0.6248
multiplier_w32_r4,multiplier,2,3,216,0.5,0.75,0.0909,0.1667,0.4242,3.6667,83,2.2599,561,561,561,561,561,561,561,561,561,1,1.0,1.0,1.0,1.0,1.0,1.0,1.0,1.0,uniform_min_teq,561,0.0,0.0,0.0,1.0,1.0,84150,84150,1.0,0.0338,0.0141,0.0645,0.2209,0.0492,0.054,0.0146,0.9941,0.8683
multiplier_w32_r4,multiplier,2,3,216,0.5,0.9,0.0909,0.1667,0.4242,3.6667,83,2.2599,561,561,561,561,561,561,561,561,561,1,1.0,1.0,1.0,1.0,1.0,1.0,1.0,1.0,uniform_min_teq,561,0.0,0.0,0.0,1.0,1.0,84150,84150,1.0,0.0311,0.0134,0.0595,0.1973,0.0435,0.0428,0.0124,0.8054,0.8489
multiplier_w32_r4,multiplier,2,3,216,1.0,0.1,0.9091,0.1667,1.2424,2.7273,182,0.874,561,444,322,382,322,322,348,312,312,1,1.7981,1.4231,1.0321,1.2244,1.0321,1.0321,1.1154,1.0,uniform_oracle,322,0.0311,0.0311,0.6667,0.3381,0.3478,77688,80178,0.9689,0.0309,0.0162,0.0416,0.2783,0.0283,0.0296,0.0103,0.6169,0.7309
multiplier_w32_r4,multiplier,2,3,216,1.0,0.25,0.7273,0.1667,1.0606,2.1818,160,0.9165,561,524,322,362,322,322,353,316,316,1,1.7753,1.6582,1.019,1.1456,1.019,1.019,1.1171,1.0,uniform_oracle,322,0.0186,0.0186,0.6667,0.3381,0.3478,71732,73094,0.9814,0.0483,0.0162,0.0621,0.3223,0.0358,0.0366,0.0179,0.7098,0.5591
multiplier_w32_r4,multiplier,2,3,216,1.0,0.5,0.5455,0.3333,1.2121,1.2222,210,0.7955,289,289,289,332,289,289,336,246,246,1,1.1748,1.1748,1.1748,1.3496,1.1748,1.1748,1.3659,1.0,uniform_min_teq,289,0.1488,0.1488,0.3333,0.7222,1.0,68142,80053,0.8512,0.0456,0.0119,0.0525,0.2729,0.0308,0.0316,0.013,0.6771,0.5663
multiplier_w32_r4,multiplier,2,3,216,1.0,0.75,0.2727,0.3333,0.9394,2.4444,177,1.0206,289,289,289,330,289,289,562,289,289,1,1.0,1.0,1.0,1.1419,1.0,1.0,1.9446,1.0,uniform_min_teq,289,0.0,0.0,0.0,1.0,1.0,70516,70516,1.0,0.0374,0.0105,0.0508,0.2259,0.0289,0.0314,0.0093,0.5663,0.5744
multiplier_w32_r4,multiplier,2,3,216,1.0,0.9,0.0909,0.5,1.0909,11.0,227,0.8789,228,228,228,228,228,228,228,228,228,1,1.0,1.0,1.0,1.0,1.0,1.0,1.0,1.0,uniform_min_teq,228,0.0,0.0,0.0,1.0,1.0,67032,67032,1.0,0.0378,0.0106,0.0662,0.2181,0.0432,0.0425,0.0084,0.7635,0.9274
multiplier_w32_r4,multiplier,2,3,216,2.0,0.1,1.8182,0.1667,2.1515,5.4545,292,0.9702,561,326,322,223,322,322,326,223,223,1,2.5157,1.4619,1.4439,1.0,1.4439,1.4439,1.4619,1.0,two_term_descent,223,0.3075,0.0,0.3333,0.1442,0.3478,82510,115598,0.7138,0.0416,0.0136,0.0466,0.3373,0.031,0.0293,0.0111,0.7972,0.5631
multiplier_w32_r4,multiplier,2,3,216,2.0,0.25,1.4545,0.3333,2.1212,2.1818,320,0.9916,289,342,260,345,289,230,325,201,201,1,1.4378,1.7015,1.2935,1.7164,1.4378,1.1443,1.6169,1.0,share_aware_greedy,230,0.2269,0.1261,0.3333,0.3443,0.3478,79998,100620,0.7951,0.0496,0.0145,0.056,0.3363,0.0303,0.031,0.0119,1.0691,0.595
multiplier_w32_r4,multiplier,2,3,216,2.0,0.5,1.0,0.5,2.0,1.0,337,0.9329,228,228,228,226,228,228,326,201,201,1,1.1343,1.1343,1.1343,1.1244,1.1343,1.1343,1.6219,1.0,two_term_descent,226,0.1184,0.1106,0.3333,0.6078,1.0,83415,92112,0.9056,0.0372,0.0153,0.0473,0.2986,0.029,0.0301,0.0113,0.694,0.5362
multiplier_w32_r4,multiplier,2,3,216,2.0,0.75,0.5455,0.6667,1.8788,2.4444,354,0.8958,197,197,197,184,197,197,336,184,184,1,1.0707,1.0707,1.0707,1.0,1.0707,1.0707,1.8261,1.0,two_term_descent,184,0.066,0.0,0.6667,0.7826,1.0,79488,82937,0.9584,0.0466,0.0141,0.063,0.3645,0.0266,0.0358,0.0168,1.0041,0.6235
multiplier_w32_r4,multiplier,2,3,216,2.0,0.9,0.1818,0.8333,1.8485,9.1667,382,0.9931,197,197,197,155,227,155,197,155,155,1,1.271,1.271,1.271,1.0,1.4645,1.0,1.271,1.0,two_term_descent,155,0.2132,0.0,0.3333,1.0,1.0,71300,88453,0.8061,0.038,0.0135,0.0694,0.2805,0.0424,0.0548,0.0112,0.8227,0.8225
multiplier_w32_r8,multiplier,4,7,279936,0.25,0.1,0.1818,0.1667,0.5152,1.8333,94,2.8979,1305,1305,1305,1389,1305,1305,1469,1098,1098,0,1.1885,1.1885,1.1885,1.265,1.1885,1.1885,1.3379,1.0,uniform_min_teq,1305,0.1586,0.1586,0.4286,0.6565,1.0,181170,215325,0.8414,0.0858,0.0236,0.1293,1.5237,0.1046,0.1328,0.0266,5.9081,11.447
multiplier_w32_r8,multiplier,4,7,279936,0.25,0.25,0.1818,0.1667,0.5152,1.8333,94,2.8979,1305,1305,1305,1389,1305,1305,1469,1098,1098,0,1.1885,1.1885,1.1885,1.265,1.1885,1.1885,1.3379,1.0,uniform_min_teq,1305,0.1586,0.1586,0.4286,0.6565,1.0,181170,215325,0.8414,0.0925,0.0251,0.1385,1.4413,0.0978,0.126,0.0282,5.8653,12.3005
multiplier_w32_r8,multiplier,4,7,279936,0.25,0.5,0.0909,0.1667,0.4242,3.6667,83,3.4072,1305,1305,1305,1215,1305,1305,1737,1215,1215,0,1.0741,1.0741,1.0741,1.0,1.0741,1.0741,1.4296,1.0,two_term_descent,1215,0.069,0.0,0.1429,0.8707,1.0,187110,200970,0.931,0.1113,0.0308,0.1999,1.3786,0.1258,0.138,0.0273,5.7122,11.5907
multiplier_w32_r8,multiplier,4,7,279936,0.25,0.75,0.0909,0.1667,0.4242,3.6667,83,3.4072,1305,1305,1305,1215,1305,1305,1737,1215,1215,0,1.0741,1.0741,1.0741,1.0,1.0741,1.0741,1.4296,1.0,two_term_descent,1215,0.069,0.0,0.1429,0.8707,1.0,187110,200970,0.931,0.0961,0.0255,0.1641,1.1639,0.1153,0.1153,0.0253,5.5787,11.4125
multiplier_w32_r8,multiplier,4,7,279936,0.25,0.9,0.0909,0.1667,0.4242,3.6667,83,3.4072,1305,1305,1305,1215,1305,1305,1737,1215,1215,0,1.0741,1.0741,1.0741,1.0,1.0741,1.0741,1.4296,1.0,two_term_descent,1215,0.069,0.0,0.1429,0.8707,1.0,187110,200970,0.931,0.0856,0.0248,0.1556,1.0819,0.1314,0.1345,0.0236,5.4454,10.1594
multiplier_w32_r8,multiplier,4,7,279936,0.5,0.1,0.4545,0.1667,0.7879,1.3636,127,2.0454,1305,1305,938,815,938,1246,1103,815,815,0,1.6012,1.6012,1.1509,1.0,1.1509,1.5288,1.3534,1.0,two_term_descent,815,0.1311,0.0,0.1429,0.4137,0.3478,161370,185724,0.8689,0.091,0.0337,0.1317,1.5292,0.0696,0.0969,0.0213,4.5479,9.8467
multiplier_w32_r8,multiplier,4,7,279936,0.5,0.25,0.3636,0.1667,0.697,1.0909,116,2.0358,1305,1305,1169,1249,1169,1246,1375,880,880,0,1.483,1.483,1.3284,1.4193,1.3284,1.4159,1.5625,1.0,uniform_oracle,1169,0.2472,0.2472,0.5714,0.4812,0.3478,164560,218603,0.7528,0.1014,0.0299,0.1525,1.5929,0.0792,0.1084,0.0288,5.1101,12.2577
multiplier_w32_r8,multiplier,4,7,279936,0.5,0.5,0.2727,0.1667,0.6061,1.2222,105,2.2213,1305,1305,1305,1287,1305,1305,1471,970,970,0,1.3454,1.3454,1.3454,1.3268,1.3454,1.3454,1.5165,1.0,two_term_descent,1287,0.2567,0.2463,0.4286,0.5612,1.0,170720,229680,0.7433,0.0974,0.029,0.1489,1.4338,0.0909,0.1102,0.0224,4.0786,10.3766
multiplier_w32_r8,multiplier,4,7,279936,0.5,0.75,0.0909,0.1667,0.4242,3.6667,83,3.4072,1305,1305,1305,1215,1305,1305,1737,1215,1215,0,1.0741,1.0741,1.0741,1.0,1.0741,1.0741,1.4296,1.0,two_term_descent,1215,0.069,0.0,0.1429,0.8707,1.0,187110,200970,0.931,0.1097,0.0303,0.198,1.4038,0.1335,0.1301,0.0241,5.8207,10.3012
multiplier_w32_r8,multiplier,4,7,279936,0.5,0.9,0.0909,0.1667,0.4242,3.6667,83,3.4072,1305,1305,1305,1215,1305,1305,1737,1215,1215,0,1.0741,1.0741,1.0741,1.0,1.0741,1.0741,1.4296,1.0,two_term_descent,1215,0.069,0.0,0.1429,0.8707,1.0,187110,200970,0.931,0.1031,0.0254,0.1642,1.0484,0.1107,0.0996,0.0181,5.5005,11.6526
multiplier_w32_r8,multiplier,4,7,279936,1.0,0.1,0.9091,0.1667,1.2424,2.7273,182,1.3174,1305,990,706,927,706,1066,740,610,610,0,2.1393,1.623,1.1574,1.5197,1.1574,1.7475,1.2131,1.0,uniform_oracle,706,0.136,0.136,0.1429,0.284,0.3478,154330,178618,0.864,0.108,0.0358,0.1431,2.0107,0.0742,0.0962,0.0242,4.9963,11.5296
multiplier_w32_r8,multiplier,4,7,279936,1.0,0.25,0.7273,0.1667,1.0606,2.1818,160,1.3772,1305,1206,706,975,706,1066,865,688,688,0,1.8968,1.7529,1.0262,1.4172,1.0262,1.5494,1.2573,1.0,uniform_oracle,706,0.0255,0.0255,0.5714,0.3354,0.3478,158928,163086,0.9745,0.1123,0.0368,0.1381,1.6613,0.0777,0.0843,0.0241,3.7111,9.0406
multiplier_w32_r8,multiplier,4,7,279936,1.0,0.5,0.5455,0.3333,1.2121,1.2222,210,1.133,661,661,661,660,661,661,791,523,523,0,1.2639,1.2639,1.2639,1.262,1.2639,1.2639,1.5124,1.0,two_term_descent,660,0.2088,0.2076,0.2857,0.6502,1.0,146963,185741,0.7912,0.1074,0.0313,0.1409,1.3129,0.0653,0.0739,0.0193,3.4792,8.3482
multiplier_w32_r8,multiplier,4,7,279936,1.0,0.75,0.2727,0.3333,0.9394,2.4444,177,1.4982,661,661,661,659,661,661,1016,571,571,0,1.1576,1.1576,1.1576,1.1541,1.1576,1.1576,1.7793,1.0,two_term_descent,659,0.1362,0.1335,0.2857,0.7571,1.0,141608,163928,0.8638,0.1048,0.0294,0.1496,1.5891,0.0862,0.1146,0.0226,4.4644,9.6234
multiplier_w32_r8,multiplier,4,7,279936,1.0,0.9,0.0909,0.5,1.0909,11.0,227,1.3671,476,476,476,476,476,476,476,476,476,0,1.0,1.0,1.0,1.0,1.0,1.0,1.0,1.0,uniform_min_teq,476,0.0,0.0,0.0,1.0,1.0,141848,141848,1.0,0.0915,0.0252,0.1605,1.0045,0.1077,0.1004,0.0166,3.5454,6.1368
multiplier_w32_r8,multiplier,4,7,279936,2.0,0.1,1.8182,0.1667,2.1515,5.4545,292,1.0977,1305,604,604,510,706,706,536,430,430,0,3.0349,1.4047,1.4047,1.186,1.6419,1.6419,1.2465,1.0,two_term_descent,510,0.2881,0.1569,0.4286,0.1462,0.0,160820,219252,0.7335,0.0887,0.0288,0.1173,1.6004,0.0638,0.0634,0.0263,5.7078,12.4965
multiplier_w32_r8,multiplier,4,7,279936,2.0,0.25,1.4545,0.3333,2.1212,2.1818,320,1.042,661,683,452,548,661,422,587,390,390,0,1.6949,1.7513,1.159,1.4051,1.6949,1.0821,1.5051,1.0,share_aware_greedy,422,0.1372,0.0758,0.4286,0.3424,0.3478,156780,176732,0.8871,0.0979,0.0361,0.1316,1.7664,0.0793,0.0898,0.0245,4.7559,11.2469
multiplier_w32_r8,multiplier,4,7,279936,2.0,0.5,1.0,0.5,2.0,1.0,337,1.055,476,476,476,601,476,476,579,387,387,0,1.23,1.23,1.23,1.553,1.23,1.23,1.4961,1.0,uniform_min_teq,476,0.187,0.187,0.4286,0.6091,1.0,162153,194208,0.8349,0.0912,0.0249,0.1249,1.6108,0.0744,0.0846,0.0298,4.2265,10.3291
multiplier_w32_r8,multiplier,4,7,279936,2.0,0.75,0.5455,0.6667,1.8788,2.4444,354,1.0133,387,387,387,365,387,387,563,348,348,0,1.1121,1.1121,1.1121,1.0489,1.1121,1.1121,1.6178,1.0,two_term_descent,365,0.1008,0.0466,0.4286,0.7834,1.0,151728,164475,0.9225,0.103,0.037,0.1393,1.3069,0.0802,0.1006,0.0286,4.7538,11.0061
multiplier_w32_r8,multiplier,4,7,279936,2.0,0.9,0.1818,0.8333,1.8485,9.1667,382,1.1569,350,350,350,350,520,304,350,304,304,0,1.1513,1.1513,1.1513,1.1513,1.7105,1.0,1.1513,1.0,share_aware_greedy,304,0.1314,0.0,0.1429,1.0,1.0,141056,158550,0.8897,0.0952,0.0322,0.1592,1.2151,0.103,0.1331,0.0265,3.579,7.9887
multiplier_w64_r4,multiplier,2,3,216,0.25,0.1,0.1818,0.1667,0.5152,1.8333,94,1.9065,1137,1137,1137,951,1137,1137,1587,951,951,1,1.1956,1.1956,1.1956,1.0,1.1956,1.1956,1.6688,1.0,two_term_descent,951,0.1636,0.0,0.3333,0.7182,1.0,213975,255825,0.8364,0.0946,0.0298,0.1408,0.6563,0.094,0.1044,0.0307,2.1869,1.68
multiplier_w64_r4,multiplier,2,3,216,0.25,0.25,0.1818,0.1667,0.5152,1.8333,94,1.9065,1137,1137,1137,951,1137,1137,1587,951,951,1,1.1956,1.1956,1.1956,1.0,1.1956,1.1956,1.6688,1.0,two_term_descent,951,0.1636,0.0,0.3333,0.7182,1.0,213975,255825,0.8364,0.0923,0.027,0.1421,0.693,0.0916,0.1151,0.0317,2.4211,1.7231
multiplier_w64_r4,multiplier,2,3,216,0.25,0.5,0.0909,0.1667,0.4242,3.6667,83,2.3083,1137,1137,1137,1137,1137,1137,1137,1137,1137,1,1.0,1.0,1.0,1.0,1.0,1.0,1.0,1.0,uniform_min_teq,1137,0.0,0.0,0.0,1.0,1.0,243318,243318,1.0,0.0974,0.0301,0.1444,0.4516,0.0872,0.092,0.0187,1.6307,1.9949
multiplier_w64_r4,multiplier,2,3,216,0.25,0.75,0.0909,0.1667,0.4242,3.6667,83,2.3083,1137,1137,1137,1137,1137,1137,1137,1137,1137,1,1.0,1.0,1.0,1.0,1.0,1.0,1.0,1.0,uniform_min_teq,1137,0.0,0.0,0.0,1.0,1.0,243318,243318,1.0,0.0937,0.0268,0.1741,0.5437,0.1136,0.1174,0.0286,2.0369,2.37
multiplier_w64_r4,multiplier,2,3,216,0.25,0.9,0.0909,0.1667,0.4242,3.6667,83,2.3083,1137,1137,1137,1137,1137,1137,1137,1137,1137,1,1.0,1.0,1.0,1.0,1.0,1.0,1.0,1.0,uniform_min_teq,1137,0.0,0.0,0.0,1.0,1.0,243318,243318,1.0,0.0956,0.0282,0.1743,0.563,0.1194,0.1143,0.028,2.0512,2.1093
multiplier_w64_r4,multiplier,2,3,216,0.5,0.1,0.4545,0.1667,0.7879,1.3636,127,1.2494,1137,1137,833,759,833,1014,1120,759,759,1,1.498,1.498,1.0975,1.0,1.0975,1.336,1.4756,1.0,two_term_descent,759,0.0888,0.0,0.3333,0.5,0.3404,195822,214914,0.9112,0.0888,0.0294,0.1216,0.6355,0.0662,0.0776,0.0285,1.4951,1.2832
multiplier_w64_r4,multiplier,2,3,216,0.5,0.25,0.3636,0.1667,0.697,1.0909,116,1.4123,1137,1137,1037,897,1037,1023,1397,839,839,1,1.3552,1.3552,1.236,1.0691,1.236,1.2193,1.6651,1.0,two_term_descent,897,0.1909,0.0647,0.3333,0.506,0.3404,207233,256139,0.8091,0.0792,0.0229,0.1084,0.5389,0.0647,0.0719,0.0224,1.4601,1.2326
multiplier_w64_r4,multiplier,2,3,216,0.5,0.5,0.2727,0.1667,0.6061,1.2222,105,1.6241,1137,1137,1137,922,1137,1137,1127,922,922,1,1.2332,1.2332,1.2332,1.0,1.2332,1.2332,1.2223,1.0,two_term_descent,922,0.1891,0.0,0.3333,0.506,1.0,217592,268332,0.8109,0.0821,0.0233,0.1214,0.5323,0.0622,0.0742,0.0208,1.6281,1.3932
multiplier_w64_r4,multiplier,2,3,216,0.5,0.75,0.0909,0.1667,0.4242,3.6667,83,2.3083,1137,1137,1137,1137,1137,1137,1137,1137,1137,1,1.0,1.0,1.0,1.0,1.0,1.0,1.0,1.0,uniform_min_teq,1137,0.0,0.0,0.0,1.0,1.0,243318,243318,1.0,0.0948,0.0277,0.175,0.5791,0.1218,0.1215,0.0307,2.1005,2.3296
multiplier_w64_r4,multiplier,2,3,216,0.5,0.9,0.0909,0.1667,0.4242,3.6667,83,2.3083,1137,1137,1137,1137,1137,1137,1137,1137,1137,1,1.0,1.0,1.0,1.0,1.0,1.0,1.0,1.0,uniform_min_teq,1137,0.0,0.0,0.0,1.0,1.0,243318,243318,1.0,0.0942,0.0267,0.1698,0.5449,0.1154,0.111,0.0287,2.0367,2.2806
multiplier_w64_r4,multiplier,2,3,216,1.0,0.1,0.9091,0.1667,1.2424,2.7273,182,0.8898,1137,886,642,760,642,642,700,619,619,1,1.8368,1.4313,1.0372,1.2278,1.0372,1.0372,1.1309,1.0,uniform_oracle,642,0.0358,0.0358,0.6667,0.3357,0.3404,193747,200946,0.9642,0.0899,0.0318,0.1133,0.7627,0.0671,0.0642,0.0285,1.3448,1.2899
multiplier_w64_r4,multiplier,2,3,216,1.0,0.25,0.7273,0.1667,1.0606,2.1818,160,0.9297,1137,1052,642,722,642,642,705,636,636,1,1.7877,1.6541,1.0094,1.1352,1.0094,1.0094,1.1085,1.0,uniform_oracle,642,0.0093,0.0093,0.6667,0.3357,0.3404,185076,186822,0.9907,0.0918,0.0315,0.1219,0.6468,0.0654,0.0652,0.0266,1.5108,1.1726
multiplier_w64_r4,multiplier,2,3,216,1.0,0.5,0.5455,0.3333,1.2121,1.2222,210,0.8103,577,577,577,662,577,577,667,486,486,1,1.1872,1.1872,1.1872,1.3621,1.1872,1.1872,1.3724,1.0,uniform_min_teq,577,0.1577,0.1577,0.3333,0.7182,1.0,165726,196757,0.8423,0.0947,0.028,0.1159,0.629,0.0634,0.0741,0.0277,1.2782,1.0643
multiplier_w64_r4,multiplier,2,3,216,1.0,0.75,0.2727,0.3333,0.9394,2.4444,177,1.0425,577,577,577,661,577,577,1127,577,577,1,1.0,1.0,1.0,1.1456,1.0,1.0,1.9532,1.0,uniform_min_teq,577,0.0,0.0,0.0,1.0,1.0,177716,177716,1.0,0.0781,0.0231,0.1096,0.4886,0.0608,0.0638,0.0243,1.4566,1.4477
multiplier_w64_r4,multiplier,2,3,216,1.0,0.9,0.0909,0.5,1.0909,11.0,227,0.8977,452,452,452,452,452,452,452,452,452,1,1.0,1.0,1.0,1.0,1.0,1.0,1.0,1.0,uniform_min_teq,452,0.0,0.0,0.0,1.0,1.0,161816,161816,1.0,0.1031,0.0273,0.1838,0.5535,0.1222,0.1273,0.0248,2.095,2.217
multiplier_w64_r4,multiplier,2,3,216,2.0,0.1,1.8182,0.1667,2.1515,5.4545,292,1.0253,1137,646,642,519,642,642,646,519,519,1,2.1908,1.2447,1.237,1.0,1.237,1.237,1.2447,1.0,two_term_descent,519,0.1916,0.0,0.3333,0.1435,0.3404,225246,271566,0.8294,0.0961,0.0334,0.1197,0.7598,0.0636,0.0722,0.0277,2.0768,1.2545
multiplier_w64_r4,multiplier,2,3,216,2.0,0.25,1.4545,0.3333,2.1212,2.1818,320,1.0586,577,678,516,645,577,454,645,416,416,1,1.387,1.6298,1.2404,1.5505,1.387,1.0913,1.5505,1.0,share_aware_greedy,454,0.1938,0.0837,0.3333,0.3387,0.3404,192192,232716,0.8259,0.0902,0.0292,0.1098,0.7109,0.0634,0.0648,0.0305,1.801,1.1882
multiplier_w64_r4,multiplier,2,3,216,2.0,0.5,1.0,0.5,2.0,1.0,337,0.4896,452,452,452,519,452,452,646,452,452,1,1.0,1.0,1.0,1.1482,1.0,1.0,1.4292,1.0,uniform_min_teq,452,0.0,0.0,0.0,1.0,1.0,211536,211536,1.0,0.0943,0.0265,0.1194,0.6708,0.06,0.0657,0.0301,1.2693,1.2129
multiplier_w64_r4,multiplier,2,3,216,2.0,0.75,0.5455,0.6667,1.8788,2.4444,354,1.0519,389,389,389,408,389,389,667,384,384,1,1.013,1.013,1.013,1.0625,1.013,1.013,1.737,1.0,uniform_min_teq,389,0.0129,0.0129,0.3333,1.0,1.0,190464,188665,1.0095,0.0926,0.0309,0.1237,0.8354,0.0639,0.0748,0.0244,1.5157,1.2875
multiplier_w64_r4,multiplier,2,3,216,2.0,0.9,0.1818,0.8333,1.8485,9.1667,382,1.0692,389,389,389,315,457,315,389,315,315,1,1.2349,1.2349,1.2349,1.0,1.4508,1.0,1.2349,1.0,two_term_descent,315,0.1902,0.0,0.3333,1.0,1.0,165060,199557,0.8271,0.0953,0.0261,0.1448,0.6284,0.0916,0.1115,0.0232,1.7746,1.7284
oracle_bank_c16_l2,oracle_bank,2,2,16,0.25,0.1,0.1818,0.1667,0.5152,1.8333,94,2.377,183,183,183,183,183,183,338,183,183,1,1.0,1.0,1.0,1.0,1.0,1.0,1.847,1.0,uniform_min_teq,183,0.0,0.0,0.0,1.0,1.0,28914,28914,1.0,0.0054,0.0025,0.009,0.0169,0.0076,0.0093,0.0024,0.0526,0.0162
oracle_bank_c16_l2,oracle_bank,2,2,16,0.25,0.25,0.1818,0.1667,0.5152,1.8333,94,2.377,183,183,183,183,183,183,338,183,183,1,1.0,1.0,1.0,1.0,1.0,1.0,1.847,1.0,uniform_min_teq,183,0.0,0.0,0.0,1.0,1.0,28914,28914,1.0,0.0052,0.0025,0.009,0.0168,0.0072,0.0093,0.0025,0.0525,0.0173
oracle_bank_c16_l2,oracle_bank,2,2,16,0.25,0.5,0.0909,0.1667,0.4242,3.6667,83,2.8863,183,183,183,183,183,183,183,183,183,1,1.0,1.0,1.0,1.0,1.0,1.0,1.0,1.0,uniform_min_teq,183,0.0,0.0,0.0,1.0,1.0,26901,26901,1.0,0.0055,0.0027,0.011,0.0174,0.009,0.0097,0.002,0.0676,0.021
oracle_bank_c16_l2,oracle_bank,2,2,16,0.25,0.75,0.0909,0.1667,0.4242,3.6667,83,2.8863,183,183,183,183,183,183,183,183,183,1,1.0,1.0,1.0,1.0,1.0,1.0,1.0,1.0,uniform_min_teq,183,0.0,0.0,0.0,1.0,1.0,26901,26901,1.0,0.0053,0.0026,0.0112,0.0172,0.0094,0.0096,0.0021,0.065,0.0208
oracle_bank_c16_l2,oracle_bank,2,2,16,0.25,0.9,0.0909,0.1667,0.4242,3.6667,83,2.8863,183,183,183,183,183,183,183,183,183,1,1.0,1.0,1.0,1.0,1.0,1.0,1.0,1.0,uniform_min_teq,183,0.0,0.0,0.0,1.0,1.0,26901,26901,1.0,0.0052,0.0025,0.0111,0.0166,0.0087,0.0088,0.002,0.0613,0.0194
oracle_bank_c16_l2,oracle_bank,2,2,16,0.5,0.1,0.4545,0.1667,0.7879,1.3636,127,1.446,183,183,183,143,183,183,143,143,143,1,1.2797,1.2797,1.2797,1.0,1.2797,1.2797,1.0,1.0,two_term_descent,143,0.2186,0.0,0.5,0.3333,1.0,27313,34953,0.7814,0.0049,0.0026,0.0076,0.0219,0.0064,0.0075,0.0023,0.0654,0.0143
oracle_bank_c16_l2,oracle_bank,2,2,16,0.5,0.25,0.3636,0.1667,0.697,1.0909,116,1.6346,183,183,183,176,183,183,176,176,176,1,1.0398,1.0398,1.0398,1.0,1.0398,1.0398,1.0,1.0,two_term_descent,176,0.0383,0.0,0.5,0.3333,1.0,31680,32940,0.9617,0.0056,0.0027,0.0084,0.0215,0.0061,0.0072,0.0021,0.0757,0.015
oracle_bank_c16_l2,oracle_bank,2,2,16,0.5,0.5,0.2727,0.1667,0.6061,1.2222,105,2.0204,183,183,183,183,183,183,230,183,183,1,1.0,1.0,1.0,1.0,1.0,1.0,1.2568,1.0,uniform_min_teq,183,0.0,0.0,0.0,1.0,1.0,30927,30927,1.0,0.0067,0.0025,0.0099,0.0215,0.0094,0.0073,0.0022,0.0446,0.0138
oracle_bank_c16_l2,oracle_bank,2,2,16,0.5,0.75,0.0909,0.1667,0.4242,3.6667,83,2.8863,183,183,183,183,183,183,183,183,183,1,1.0,1.0,1.0,1.0,1.0,1.0,1.0,1.0,uniform_min_teq,183,0.0,0.0,0.0,1.0,1.0,26901,26901,1.0,0.0051,0.0023,0.0102,0.0161,0.0084,0.0088,0.0018,0.068,0.0204
oracle_bank_c16_l2,oracle_bank,2,2,16,0.5,0.9,0.0909,0.1667,0.4242,3.6667,83,2.8863,183,183,183,183,183,183,183,183,183,1,1.0,1.0,1.0,1.0,1.0,1.0,1.0,1.0,uniform_min_teq,183,0.0,0.0,0.0,1.0,1.0,26901,26901,1.0,0.0053,0.0026,0.0104,0.0167,0.0088,0.009,0.0019,0.0648,0.0203
oracle_bank_c16_l2,oracle_bank,2,2,16,1.0,0.1,0.9091,0.1667,1.2424,2.7273,182,0.9169,183,144,144,93,144,183,93,93,93,1,1.9677,1.5484,1.5484,1.0,1.5484,1.9677,1.0,1.0,two_term_descent,93,0.3542,0.0,0.5,0.3333,0.0,22878,35424,0.6458,0.0053,0.0032,0.0079,0.0234,0.0072,0.0065,0.0021,0.0596,0.0125
oracle_bank_c16_l2,oracle_bank,2,2,16,1.0,0.25,0.7273,0.1667,1.0606,2.1818,160,1.0741,183,177,177,95,183,183,95,95,95,1,1.9263,1.8632,1.8632,1.0,1.9263,1.9263,1.0,1.0,two_term_descent,95,0.4633,0.0,0.5,0.3333,0.0,21280,39648,0.5367,0.005,0.0031,0.0081,0.0222,0.0062,0.0068,0.0024,0.0573,0.0125
oracle_bank_c16_l2,oracle_bank,2,2,16,1.0,0.5,0.5455,0.3333,1.2121,1.2222,210,1.0102,96,96,96,96,96,96,122,96,96,1,1.0,1.0,1.0,1.0,1.0,1.0,1.2708,1.0,uniform_min_teq,96,0.0,0.0,0.0,1.0,1.0,26304,26304,1.0,0.0049,0.0026,0.0081,0.0158,0.0058,0.0065,0.0021,0.0404,0.012
oracle_bank_c16_l2,oracle_bank,2,2,16,1.0,0.75,0.2727,0.3333,0.9394,2.4444,177,1.3035,96,96,96,96,96,96,230,96,96,1,1.0,1.0,1.0,1.0,1.0,1.0,2.3958,1.0,uniform_min_teq,96,0.0,0.0,0.0,1.0,1.0,23136,23136,1.0,0.0048,0.0023,0.0074,0.0157,0.0058,0.0066,0.002,0.0418,0.0137
oracle_bank_c16_l2,oracle_bank,2,2,16,1.0,0.9,0.0909,0.5,1.0909,11.0,227,1.1224,67,67,67,67,67,67,67,67,67,1,1.0,1.0,1.0,1.0,1.0,1.0,1.0,1.0,uniform_min_teq,67,0.0,0.0,0.0,1.0,1.0,19497,19497,1.0,0.0046,0.0021,0.0101,0.0152,0.0083,0.0082,0.0016,0.0715,0.0184
oracle_bank_c16_l2,oracle_bank,2,2,16,2.0,0.1,1.8182,0.1667,2.1515,5.4545,292,1.992,183,81,81,81,81,81,87,81,81,1,2.2593,1.0,1.0,1.0,1.0,1.0,1.0741,1.0,min_weighted_count,81,0.0,0.0,0.0,0.0,0.0,30132,30132,1.0,0.0048,0.0028,0.0082,0.0182,0.0073,0.0064,0.0022,0.0457,0.0128
oracle_bank_c16_l2,oracle_bank,2,2,16,2.0,0.25,1.4545,0.3333,2.1212,2.1818,320,0.8659,96,96,95,58,96,96,86,58,58,1,1.6552,1.6552,1.6379,1.0,1.6552,1.6552,1.4828,1.0,two_term_descent,58,0.3895,0.0,0.5,0.3333,0.0,22736,36480,0.6232,0.0047,0.0029,0.0076,0.0211,0.006,0.006,0.002,0.0541,0.0115
oracle_bank_c16_l2,oracle_bank,2,2,16,2.0,0.5,1.0,0.5,2.0,1.0,337,0.6122,67,67,67,67,67,67,87,67,67,1,1.0,1.0,1.0,1.0,1.0,1.0,1.2985,1.0,uniform_min_teq,67,0.0,0.0,0.0,1.0,1.0,26867,26867,1.0,0.0046,0.0021,0.0065,0.014,0.0059,0.0058,0.002,0.0376,0.011
oracle_bank_c16_l2,oracle_bank,2,2,16,2.0,0.75,0.5455,0.6667,1.8788,2.4444,354,0.6517,53,53,52,52,53,52,122,52,52,1,1.0192,1.0192,1.0,1.0,1.0192,1.0,2.3462,1.0,uniform_oracle,52,0.0,0.0,0.0,1.0,1.0,21736,21736,1.0,0.0046,0.0022,0.0069,0.0152,0.0059,0.0062,0.002,0.0441,0.0127
oracle_bank_c16_l2,oracle_bank,2,2,16,2.0,0.9,0.1818,0.8333,1.8485,9.1667,382,1.623,45,45,45,45,45,52,52,45,45,1,1.0,1.0,1.0,1.0,1.0,1.1556,1.1556,1.0,uniform_min_teq,45,0.0,0.0,0.0,1.0,1.0,20790,20790,1.0,0.005,0.0022,0.0084,0.0158,0.0075,0.0085,0.0017,0.0714,0.0163
oracle_bank_c16_l4,oracle_bank,4,4,256,0.25,0.1,0.1818,0.1667,0.5152,1.8333,94,3.6858,363,363,363,338,363,363,338,338,338,1,1.074,1.074,1.074,1.0,1.074,1.074,1.0,1.0,two_term_descent,338,0.0689,0.0,0.25,0.6,1.0,64220,68970,0.9311,0.0107,0.005,0.0183,0.0756,0.0135,0.017,0.0031,0.2397,0.0949
oracle_bank_c16_l4,oracle_bank,4,4,256,0.25,0.25,0.1818,0.1667,0.5152,1.8333,94,3.6858,363,363,363,338,363,363,338,338,338,1,1.074,1.074,1.074,1.0,1.074,1.074,1.0,1.0,two_term_descent,338,0.0689,0.0,0.25,0.6,1.0,64220,68970,0.9311,0.0099,0.0048,0.0169,0.0755,0.0139,0.0175,0.0031,0.2322,0.0976
oracle_bank_c16_l4,oracle_bank,4,4,256,0.25,0.5,0.0909,0.1667,0.4242,3.6667,83,5.7726,363,363,363,363,363,363,663,363,363,1,1.0,1.0,1.0,1.0,1.0,1.0,1.8264,1.0,uniform_min_teq,363,0.0,0.0,0.0,1.0,1.0,64977,64977,1.0,0.0101,0.0047,0.0205,0.0565,0.0165,0.0167,0.0037,0.202,0.1328
oracle_bank_c16_l4,oracle_bank,4,4,256,0.25,0.75,0.0909,0.1667,0.4242,3.6667,83,5.7726,363,363,363,363,363,363,663,363,363,1,1.0,1.0,1.0,1.0,1.0,1.0,1.8264,1.0,uniform_min_teq,363,0.0,0.0,0.0,1.0,1.0,64977,64977,1.0,0.0105,0.0049,0.0221,0.0577,0.0184,0.0176,0.0038,0.1995,0.1323
oracle_bank_c16_l4,oracle_bank,4,4,256,0.25,0.9,0.0909,0.1667,0.4242,3.6667,83,5.7726,363,363,363,363,363,363,663,363,363,1,1.0,1.0,1.0,1.0,1.0,1.0,1.8264,1.0,uniform_min_teq,363,0.0,0.0,0.0,1.0,1.0,64977,64977,1.0,0.0103,0.0047,0.0208,0.0505,0.0168,0.0174,0.0037,0.184,0.1269
oracle_bank_c16_l4,oracle_bank,4,4,256,0.5,0.1,0.4545,0.1667,0.7879,1.3636,127,2.4099,363,363,363,273,363,363,275,273,273,1,1.3297,1.3297,1.3297,1.0,1.3297,1.3297,1.0073,1.0,two_term_descent,273,0.2479,0.0,0.25,0.6,1.0,60879,80949,0.7521,0.0093,0.0045,0.0139,0.071,0.0113,0.0166,0.0033,0.1889,0.0759
oracle_bank_c16_l4,oracle_bank,4,4,256,0.5,0.25,0.3636,0.1667,0.697,1.0909,116,2.7243,363,363,363,273,363,363,341,273,273,1,1.3297,1.3297,1.3297,1.0,1.3297,1.3297,1.2491,1.0,two_term_descent,273,0.2479,0.0,0.25,0.6,1.0,57876,76956,0.7521,0.0096,0.0048,0.0156,0.0787,0.0121,0.0179,0.0037,0.2056,0.0838
oracle_bank_c16_l4,oracle_bank,4,4,256,0.5,0.5,0.2727,0.1667,0.6061,1.2222,105,3.1329,363,363,363,273,363,363,450,273,273,1,1.3297,1.3297,1.3297,1.0,1.3297,1.3297,1.6484,1.0,two_term_descent,273,0.2479,0.0,0.25,0.6,1.0,54873,72963,0.7521,0.0101,0.0048,0.0159,0.0824,0.013,0.0186,0.0038,0.2064,0.0871
oracle_bank_c16_l4,oracle_bank,4,4,256,0.5,0.75,0.0909,0.1667,0.4242,3.6667,83,5.7726,363,363,363,363,363,363,663,363,363,1,1.0,1.0,1.0,1.0,1.0,1.0,1.8264,1.0,uniform_min_teq,363,0.0,0.0,0.0,1.0,1.0,64977,64977,1.0,0.011,0.0052,0.0221,0.0575,0.0182,0.0177,0.0039,0.204,0.1465
oracle_bank_c16_l4,oracle_bank,4,4,256,0.5,0.9,0.0909,0.1667,0.4242,3.6667,83,5.7726,363,363,363,363,363,363,663,363,363,1,1.0,1.0,1.0,1.0,1.0,1.0,1.8264,1.0,uniform_min_teq,363,0.0,0.0,0.0,1.0,1.0,64977,64977,1.0,0.0116,0.0056,0.0229,0.0662,0.018,0.0176,0.0037,0.2001,0.1299
oracle_bank_c16_l4,oracle_bank,4,4,256,1.0,0.1,0.9091,0.1667,1.2424,2.7273,182,1.8339,363,276,276,183,276,363,210,183,183,1,1.9836,1.5082,1.5082,1.0,1.5082,1.9836,1.1475,1.0,two_term_descent,183,0.337,0.0,0.5,0.3333,0.0,50874,76728,0.663,0.0103,0.0067,0.0156,0.0794,0.0175,0.0151,0.0037,0.2099,0.0789
oracle_bank_c16_l4,oracle_bank,4,4,256,1.0,0.25,0.7273,0.1667,1.0606,2.1818,160,2.1483,363,342,342,183,363,363,260,183,183,1,1.9836,1.8689,1.8689,1.0,1.9836,1.9836,1.4208,1.0,two_term_descent,183,0.4649,0.0,0.5,0.3333,0.0,46848,87552,0.5351,0.0131,0.0077,0.0175,0.0927,0.0173,0.0206,0.0042,0.221,0.0797
oracle_bank_c16_l4,oracle_bank,4,4,256,1.0,0.5,0.5455,0.3333,1.2121,1.2222,210,1.5665,186,186,186,141,186,186,232,141,141,1,1.3191,1.3191,1.3191,1.0,1.3191,1.3191,1.6454,1.0,two_term_descent,141,0.2419,0.0,0.25,0.6,1.0,43146,56916,0.7581,0.0102,0.0044,0.0139,0.0739,0.0123,0.0143,0.0033,0.1845,0.0735
oracle_bank_c16_l4,oracle_bank,4,4,256,1.0,0.75,0.2727,0.3333,0.9394,2.4444,177,2.607,186,186,186,186,186,186,230,186,186,1,1.0,1.0,1.0,1.0,1.0,1.0,1.2366,1.0,uniform_min_teq,186,0.0,0.0,0.0,1.0,1.0,50778,50778,1.0,0.0109,0.0045,0.0176,0.0556,0.0119,0.0171,0.0031,0.1444,0.0824
oracle_bank_c16_l4,oracle_bank,4,4,256,1.0,0.9,0.0909,0.5,1.0909,11.0,227,2.2449,127,127,127,127,127,127,127,127,127,1,1.0,1.0,1.0,1.0,1.0,1.0,1.0,1.0,uniform_min_teq,127,0.0,0.0,0.0,1.0,1.0,41021,41021,1.0,0.0098,0.0041,0.0194,0.0479,0.0212,0.0163,0.0026,0.1854,0.1341
oracle_bank_c16_l4,oracle_bank,4,4,256,2.0,0.1,1.8182,0.1667,2.1515,5.4545,292,1.2355,363,145,145,112,145,363,112,112,112,1,3.2411,1.2946,1.2946,1.0,1.2946,3.2411,1.0,1.0,two_term_descent,112,0.2276,0.0,0.25,0.1429,0.0,43456,56260,0.7724,0.0108,0.0055,0.0144,0.0884,0.0152,0.0129,0.0078,0.214,0.0782
oracle_bank_c16_l4,oracle_bank,4,4,256,2.0,0.25,1.4545,0.3333,2.1212,2.1818,320,1.0741,186,178,178,96,186,186,137,96,96,1,1.9375,1.8542,1.8542,1.0,1.9375,1.9375,1.4271,1.0,two_term_descent,96,0.4607,0.0,0.5,0.3333,0.0,39936,74048,0.5393,0.0099,0.0057,0.0142,0.0861,0.0125,0.0126,0.0043,0.2301,0.0773
oracle_bank_c16_l4,oracle_bank,4,4,256,2.0,0.5,1.0,0.5,2.0,1.0,337,0.9494,127,127,127,97,127,127,133,97,97,1,1.3093,1.3093,1.3093,1.0,1.3093,1.3093,1.3711,1.0,two_term_descent,97,0.2362,0.0,0.25,0.6,1.0,42001,54991,0.7638,0.0105,0.0052,0.0202,0.0811,0.0147,0.0156,0.0034,0.1892,0.0733
oracle_bank_c16_l4,oracle_bank,4,4,256,2.0,0.75,0.5455,0.6667,1.8788,2.4444,354,1.3035,97,97,97,97,97,97,122,97,97,1,1.0,1.0,1.0,1.0,1.0,1.0,1.2577,1.0,uniform_min_teq,97,0.0,0.0,0.0,1.0,1.0,43650,43650,1.0,0.0108,0.0048,0.0199,0.0537,0.0126,0.0203,0.0033,0.1688,0.0807
oracle_bank_c16_l4,oracle_bank,4,4,256,2.0,0.9,0.1818,0.8333,1.8485,9.1667,382,1.3249,79,79,79,79,79,79,79,79,79,1,1.0,1.0,1.0,1.0,1.0,1.0,1.0,1.0,uniform_min_teq,79,0.0,0.0,0.0,1.0,1.0,37762,37762,1.0,0.0106,0.0049,0.018,0.0592,0.0155,0.019,0.0028,0.1669,0.1113
phase_est_w32_r1,phase_estimation,2,4,900,0.25,0.1,0.1818,0.1667,0.5152,1.8333,94,2.1878,615,615,615,645,615,615,909,495,495,1,1.2424,1.2424,1.2424,1.303,1.2424,1.2424,1.8364,1.0,uniform_min_teq,615,0.1951,0.1951,0.25,0.8039,1.0,84150,110700,0.7602,0.2315,0.0183,0.3606,0.6542,0.038,0.0528,0.0108,1.9059,2.3958
phase_est_w32_r1,phase_estimation,2,4,900,0.25,0.25,0.1818,0.1667,0.5152,1.8333,94,2.1878,615,615,615,645,615,615,909,495,495,1,1.2424,1.2424,1.2424,1.303,1.2424,1.2424,1.8364,1.0,uniform_min_teq,615,0.1951,0.1951,0.25,0.8039,1.0,84150,110700,0.7602,0.2415,0.0169,0.3651,0.8232,0.052,0.0596,0.0121,1.8316,2.0614
phase_est_w32_r1,phase_estimation,2,4,900,0.25,0.5,0.0909,0.1667,0.4242,3.6667,83,2.6567,615,615,615,495,615,615,615,495,495,1,1.2424,1.2424,1.2424,1.0,1.2424,1.2424,1.2424,1.0,two_term_descent,495,0.1951,0.0,0.25,0.8039,1.0,78705,103935,0.7573,0.1763,0.0113,0.3291,0.5408,0.0468,0.0447,0.0082,1.8229,3.3379
phase_est_w32_r1,phase_estimation,2,4,900,0.25,0.75,0.0909,0.1667,0.4242,3.6667,83,2.6567,615,615,615,495,615,615,615,495,495,1,1.2424,1.2424,1.2424,1.0,1.2424,1.2424,1.2424,1.0,two_term_descent,495,0.1951,0.0,0.25,0.8039,1.0,78705,103935,0.7573,0.2288,0.018,0.4771,0.6908,0.0585,0.0609,0.0117,2.1563,3.3374
phase_est_w32_r1,phase_estimation,2,4,900,0.25,0.9,0.0909,0.1667,0.4242,3.6667,83,2.6567,615,615,615,495,615,615,615,495,495,1,1.2424,1.2424,1.2424,1.0,1.2424,1.2424,1.2424,1.0,two_term_descent,495,0.1951,0.0,0.25,0.8039,1.0,78705,103935,0.7573,0.2219,0.0197,0.4067,0.6667,0.0569,0.0581,0.0111,1.8227,3.1552
phase_est_w32_r1,phase_estimation,2,4,900,0.5,0.1,0.4545,0.1667,0.7879,1.3636,127,1.588,615,486,435,395,450,615,371,362,362,1,1.6989,1.3425,1.2017,1.0912,1.2431,1.6989,1.0249,1.0,proportional_split,371,0.1678,0.0243,0.25,0.3939,0.5455,73486,92655,0.7931,0.1946,0.0169,0.2755,0.6264,0.0381,0.0428,0.0107,1.5028,1.7659
phase_est_w32_r1,phase_estimation,2,4,900,0.5,0.25,0.3636,0.1667,0.697,1.0909,116,1.5912,615,513,435,513,560,615,461,405,405,1,1.5185,1.2667,1.0741,1.2667,1.3827,1.5185,1.1383,1.0,uniform_oracle,435,0.069,0.069,0.5,0.5726,0.5455,77760,87870,0.8849,0.2131,0.0182,0.32,0.6883,0.0379,0.0449,0.011,1.8228,2.0326
phase_est_w32_r1,phase_estimation,2,4,900,0.5,0.5,0.2727,0.1667,0.6061,1.2222,105,1.8299,615,615,517,555,615,615,610,405,405,1,1.5185,1.5185,1.2765,1.3704,1.5185,1.5185,1.5062,1.0,uniform_oracle,517,0.2166,0.2166,0.5,0.5726,0.5455,73305,98747,0.7424,0.2235,0.015,0.3505,0.6558,0.0485,0.047,0.0122,1.9554,2.0658
phase_est_w32_r1,phase_estimation,2,4,900,0.5,0.75,0.0909,0.1667,0.4242,3.6667,83,2.6567,615,615,615,495,615,615,615,495,495,1,1.2424,1.2424,1.2424,1.0,1.2424,1.2424,1.2424,1.0,two_term_descent,495,0.1951,0.0,0.25,0.8039,1.0,78705,103935,0.7573,0.1993,0.0136,0.4178,0.6744,0.0521,0.0527,0.0097,1.7497,2.8641
phase_est_w32_r1,phase_estimation,2,4,900,0.5,0.9,0.0909,0.1667,0.4242,3.6667,83,2.6567,615,615,615,495,615,615,615,495,495,1,1.2424,1.2424,1.2424,1.0,1.2424,1.2424,1.2424,1.0,two_term_descent,495,0.1951,0.0,0.25,0.8039,1.0,78705,103935,0.7573,0.2027,0.0134,0.3987,0.6931,0.0615,0.0555,0.0099,2.0674,2.8995
phase_est_w32_r1,phase_estimation,2,4,900,1.0,0.1,0.9091,0.1667,1.2424,2.7273,182,0.8811,615,372,279,273,279,279,309,273,273,1,2.2527,1.3626,1.022,1.0,1.022,1.022,1.1319,1.0,two_term_descent,273,0.0215,0.0,0.25,0.2331,0.2424,67704,69192,0.9785,0.1972,0.0143,0.2569,0.7235,0.0386,0.0381,0.0167,1.71,1.6636
phase_est_w32_r1,phase_estimation,2,4,900,1.0,0.25,0.7273,0.1667,1.0606,2.1818,160,1.1797,615,462,286,369,286,286,309,286,286,1,2.1503,1.6154,1.0,1.2902,1.0,1.0,1.0804,1.0,uniform_oracle,286,0.0,0.0,0.0,0.2424,0.2424,64636,64636,1.0,0.239,0.0163,0.2993,0.9125,0.0283,0.0304,0.0088,1.3466,1.4365
phase_est_w32_r1,phase_estimation,2,4,900,1.0,0.5,0.5455,0.3333,1.2121,1.2222,210,0.9149,312,312,286,286,312,312,323,233,233,1,1.3391,1.3391,1.2275,1.2275,1.3391,1.3391,1.3863,1.0,uniform_oracle,286,0.1853,0.1853,0.5,0.5726,0.6078,66638,78936,0.8442,0.1758,0.0119,0.2444,0.5095,0.0269,0.0302,0.0087,1.1929,1.3319
phase_est_w32_r1,phase_estimation,2,4,900,1.0,0.75,0.2727,0.3333,0.9394,2.4444,177,1.1998,312,312,312,276,312,312,610,276,276,1,1.1304,1.1304,1.1304,1.0,1.1304,1.1304,2.2101,1.0,two_term_descent,276,0.1154,0.0,0.25,0.8039,1.0,69828,82056,0.851,0.1673,0.0106,0.2438,0.4609,0.0298,0.0342,0.0132,1.1327,1.6806
phase_est_w32_r1,phase_estimation,2,4,900,1.0,0.9,0.0909,0.5,1.0909,11.0,227,1.1615,211,211,211,211,211,211,211,211,211,1,1.0,1.0,1.0,1.0,1.0,1.0,1.0,1.0,uniform_min_teq,211,0.0,0.0,0.0,1.0,1.0,66043,66043,1.0,0.1775,0.0104,0.3529,0.4826,0.0484,0.0438,0.0079,1.6041,2.535
phase_est_w32_r1,phase_estimation,2,4,900,2.0,0.1,1.8182,0.1667,2.1515,5.4545,292,0.6836,615,251,243,273,279,279,251,243,243,1,2.5309,1.0329,1.0,1.1235,1.1481,1.1481,1.0329,1.0,uniform_oracle,243,0.0,0.0,0.0,0.2439,0.2439,91854,91854,1.0,0.1653,0.0151,0.232,0.5934,0.0341,0.0294,0.0095,1.2825,1.3584
phase_est_w32_r1,phase_estimation,2,4,900,2.0,0.25,1.4545,0.3333,2.1212,2.1818,320,0.5898,312,267,217,276,312,217,250,217,217,1,1.4378,1.2304,1.0,1.2719,1.4378,1.0,1.1521,1.0,uniform_oracle,217,0.0,0.0,0.0,0.2424,0.2424,83762,83762,1.0,0.1713,0.0147,0.2612,0.6003,0.0281,0.0292,0.0088,1.3121,1.2398
phase_est_w32_r1,phase_estimation,2,4,900,2.0,0.5,1.0,0.5,2.0,1.0,337,0.6126,211,211,200,215,211,211,251,196,196,1,1.0765,1.0765,1.0204,1.0969,1.0765,1.0765,1.2806,1.0,uniform_oracle,200,0.02,0.02,0.25,0.7436,0.5455,82908,84600,0.98,0.1685,0.0106,0.2237,0.4896,0.0312,0.0333,0.0098,1.2865,1.4483
phase_est_w32_r1,phase_estimation,2,4,900,2.0,0.75,0.5455,0.6667,1.8788,2.4444,354,0.6744,164,164,164,164,164,164,323,164,164,1,1.0,1.0,1.0,1.0,1.0,1.0,1.9695,1.0,uniform_min_teq,164,0.0,0.0,0.0,1.0,1.0,72160,72160,1.0,0.202,0.0128,0.372,0.5233,0.0334,0.0367,0.0107,1.1556,1.5334
phase_est_w32_r1,phase_estimation,2,4,900,2.0,0.9,0.1818,0.8333,1.8485,9.1667,382,0.6855,164,164,164,165,264,164,164,164,164,1,1.0,1.0,1.0,1.0061,1.6098,1.0,1.0,1.0,uniform_min_teq,164,0.0,0.0,0.0,1.0,1.0,76752,76752,1.0,0.1901,0.0125,0.3104,0.5285,0.0463,0.055,0.0091,1.47,2.2178
qft_q4_b10,qft,3,6,15625,0.25,0.1,0.1818,0.1667,0.5152,1.8333,94,2.0081,723,723,723,629,723,723,511,511,511,1,1.4149,1.4149,1.4149,1.2309,1.4149,1.4149,1.0,1.0,proportional_split,511,0.2932,0.0,0.3333,0.6667,1.0,72562,117126,0.6195,0.049,0.0169,0.0842,0.8247,0.0508,0.0674,0.0167,1.99,22.1705
qft_q4_b10,qft,3,6,15625,0.25,0.25,0.1818,0.1667,0.5152,1.8333,94,2.0081,723,723,723,629,723,723,511,511,511,1,1.4149,1.4149,1.4149,1.2309,1.4149,1.4149,1.0,1.0,proportional_split,511,0.2932,0.0,0.3333,0.6667,1.0,72562,117126,0.6195,0.0471,0.0167,0.0757,0.7683,0.0411,0.0523,0.0093,1.8099,22.23
qft_q4_b10,qft,3,6,15625,0.25,0.5,0.0909,0.1667,0.4242,3.6667,83,2.6685,723,723,723,615,723,723,615,615,615,0,1.1756,1.1756,1.1756,1.0,1.1756,1.1756,1.0,1.0,two_term_descent,615,0.1494,0.0,0.1667,0.8333,1.0,86715,109173,0.7943,0.043,0.0143,0.0812,0.5882,0.0573,0.058,0.0151,2.1166,4.5787
qft_q4_b10,qft,3,6,15625,0.25,0.75,0.0909,0.1667,0.4242,3.6667,83,2.6685,723,723,723,615,723,723,615,615,615,0,1.1756,1.1756,1.1756,1.0,1.1756,1.1756,1.0,1.0,two_term_descent,615,0.1494,0.0,0.1667,0.8333,1.0,86715,109173,0.7943,0.0478,0.0153,0.0882,0.7076,0.0622,0.0639,0.0119,2.1893,4.5419
qft_q4_b10,qft,3,6,15625,0.25,0.9,0.0909,0.1667,0.4242,3.6667,83,2.6685,723,723,723,615,723,723,615,615,615,0,1.1756,1.1756,1.1756,1.0,1.1756,1.1756,1.0,1.0,two_term_descent,615,0.1494,0.0,0.1667,0.8333,1.0,86715,109173,0.7943,0.0479,0.0158,0.0839,0.6566,0.0611,0.0657,0.0122,2.226,4.3487
qft_q4_b10,qft,3,6,15625,0.5,0.1,0.4545,0.1667,0.7879,1.3636,127,1.2088,723,538,538,442,538,687,362,362,362,1,1.9972,1.4862,1.4862,1.221,1.4862,1.8978,1.0,1.0,proportional_split,362,0.3271,0.0,0.3333,0.3333,0.0,56110,72630,0.7725,0.0401,0.0177,0.0556,0.6233,0.0383,0.0451,0.0111,1.4783,17.3471
qft_q4_b10,qft,3,6,15625,0.5,0.25,0.3636,0.1667,0.697,1.0909,116,1.4843,723,670,670,513,670,687,450,404,404,1,1.7896,1.6584,1.6584,1.2698,1.6584,1.7005,1.1139,1.0,proportional_split,450,0.397,0.1022,0.5,0.5,0.0,62216,83080,0.7489,0.0402,0.0126,0.0536,0.5605,0.0412,0.0589,0.012,1.4924,18.5097
qft_q4_b10,qft,3,6,15625,0.5,0.5,0.2727,0.1667,0.6061,1.2222,105,1.5714,723,723,723,621,723,723,483,449,449,1,1.6102,1.6102,1.6102,1.3831,1.6102,1.6102,1.0757,1.0,proportional_split,483,0.379,0.0704,0.5,0.5,1.0,64207,125079,0.5133,0.0455,0.0151,0.0683,0.6655,0.0468,0.0536,0.0118,1.8448,19.0483
qft_q4_b10,qft,3,6,15625,0.5,0.75,0.0909,0.1667,0.4242,3.6667,83,2.6685,723,723,723,615,723,723,615,615,615,0,1.1756,1.1756,1.1756,1.0,1.1756,1.1756,1.0,1.0,two_term_descent,615,0.1494,0.0,0.1667,0.8333,1.0,86715,109173,0.7943,0.0386,0.0117,0.072,0.5283,0.0493,0.056,0.0096,2.0482,4.4583
qft_q4_b10,qft,3,6,15625,0.5,0.9,0.0909,0.1667,0.4242,3.6667,83,2.6685,723,723,723,615,723,723,615,615,615,0,1.1756,1.1756,1.1756,1.0,1.1756,1.1756,1.0,1.0,two_term_descent,615,0.1494,0.0,0.1667,0.8333,1.0,86715,109173,0.7943,0.0488,0.0155,0.092,0.6801,0.0687,0.0698,0.0129,2.1538,4.399
qft_q4_b10,qft,3,6,15625,1.0,0.1,0.9091,0.1667,1.2424,2.7273,182,0.8326,723,315,315,295,315,531,327,271,271,1,2.6679,1.1624,1.1624,1.0886,1.1624,1.9594,1.2066,1.0,two_term_descent,295,0.1397,0.0814,0.3333,0.3333,0.0,56910,59850,0.9509,0.0402,0.0123,0.0524,0.6656,0.0406,0.0493,0.0117,1.2386,17.2201
qft_q4_b10,qft,3,6,15625,1.0,0.25,0.7273,0.1667,1.0606,2.1818,160,0.9754,723,370,370,324,370,531,327,295,295,1,2.4508,1.2542,1.2542,1.0983,1.2542,1.8,1.1085,1.0,two_term_descent,324,0.2027,0.0895,0.3333,0.3333,0.0,55460,62160,0.8922,0.0469,0.015,0.0617,0.5946,0.038,0.0352,0.0098,1.1017,16.2624
qft_q4_b10,qft,3,6,15625,1.0,0.5,0.5455,0.3333,1.2121,1.2222,210,0.8534,370,370,370,359,370,370,274,274,274,1,1.3504,1.3504,1.3504,1.3102,1.3504,1.3504,1.0,1.0,proportional_split,274,0.2595,0.0,0.3333,0.6667,1.0,70692,102860,0.6873,0.0383,0.0165,0.0533,0.633,0.0358,0.0411,0.0137,1.218,15.9036
qft_q4_b10,qft,3,6,15625,1.0,0.75,0.2727,0.3333,0.9394,2.4444,177,1.2051,370,370,370,330,370,370,366,310,310,1,1.1935,1.1935,1.1935,1.0645,1.1935,1.1935,1.1806,1.0,two_term_descent,330,0.1622,0.0606,0.1667,0.8333,1.0,72850,90650,0.8036,0.0446,0.0141,0.0602,0.5697,0.0439,0.0504,0.0106,1.3735,19.0599
qft_q4_b10,qft,3,6,15625,1.0,0.9,0.0909,0.5,1.0909,11.0,227,1.1458,271,271,271,271,271,271,271,271,271,0,1.0,1.0,1.0,1.0,1.0,1.0,1.0,1.0,uniform_min_teq,271,0.0,0.0,0.0,1.0,1.0,79945,79945,1.0,0.0443,0.014,0.0848,0.5782,0.0625,0.0596,0.0107,1.7478,3.2389
qft_q4_b10,qft,3,6,15625,2.0,0.1,1.8182,0.1667,2.1515,5.4545,292,0.4808,723,260,260,240,260,260,260,240,240,1,3.0125,1.0833,1.0833,1.0,1.0833,1.0833,1.0833,1.0,two_term_descent,240,0.0769,0.0,0.1667,0.1667,0.0,74400,78000,0.9538,0.0419,0.0184,0.0545,0.568,0.0404,0.0397,0.0117,1.2729,16.6318
qft_q4_b10,qft,3,6,15625,2.0,0.25,1.4545,0.3333,2.1212,2.1818,320,0.5337,370,262,262,222,370,242,259,222,222,1,1.6667,1.1802,1.1802,1.0,1.6667,1.0901,1.1667,1.0,two_term_descent,222,0.1527,0.0,0.5,0.5,0.0,79476,85936,0.9248,0.044,0.0198,0.0544,0.6721,0.0446,0.0438,0.013,1.2682,14.9639
qft_q4_b10,qft,3,6,15625,2.0,0.5,1.0,0.5,2.0,1.0,337,0.73,271,271,271,325,271,260,259,219,219,1,1.2374,1.2374,1.2374,1.484,1.2374,1.1872,1.1826,1.0,proportional_split,259,0.1919,0.1544,0.5,0.726,1.0,86505,109755,0.7882,0.0409,0.0128,0.0522,0.5853,0.0356,0.0374,0.011,1.4322,13.5711
qft_q4_b10,qft,3,6,15625,2.0,0.75,0.5455,0.6667,1.8788,2.4444,354,0.7771,225,225,225,225,225,225,239,207,207,1,1.087,1.087,1.087,1.087,1.087,1.087,1.1546,1.0,uniform_min_teq,225,0.08,0.08,0.3333,0.863,1.0,87354,94950,0.92,0.042,0.0139,0.0565,0.6411,0.0376,0.0431,0.0149,1.42,16.6984
qft_q4_b10,qft,3,6,15625,2.0,0.9,0.1818,0.8333,1.8485,9.1667,382,0.8776,207,207,207,195,340,195,207,195,195,0,1.0615,1.0615,1.0615,1.0,1.7436,1.0,1.0615,1.0,two_term_descent,195,0.058,0.0,0.1667,1.0,1.0,89700,93150,0.963,0.0456,0.0144,0.0659,0.5886,0.0397,0.0473,0.0091,1.327,3.3201
qft_q5_b10,qft,4,10,9765625,0.25,0.1,0.1818,0.1667,0.5152,1.8333,94,2.4572,1203,1203,1203,1197,1203,1203,843,843,843,0,1.427,1.427,1.427,1.4199,1.427,1.427,1.0,1.0,proportional_split,843,0.2993,0.0,0.3,0.7,1.0,146682,245412,0.5977,0.0791,0.0256,0.1229,2.0803,0.0766,0.1004,0.0176,4.9879,10.0639
qft_q5_b10,qft,4,10,9765625,0.25,0.25,0.1818,0.1667,0.5152,1.8333,94,2.4572,1203,1203,1203,1197,1203,1203,843,843,843,0,1.427,1.427,1.427,1.4199,1.427,1.427,1.0,1.0,proportional_split,843,0.2993,0.0,0.3,0.7,1.0,146682,245412,0.5977,0.0713,0.025,0.1229,2.0034,0.0673,0.086,0.0144,4.7926,9.5872
qft_q5_b10,qft,4,10,9765625,0.25,0.5,0.0909,0.1667,0.4242,3.6667,83,3.1853,1203,1203,1203,1413,1203,1203,1053,1053,1053,0,1.1425,1.1425,1.1425,1.3419,1.1425,1.1425,1.0,1.0,proportional_split,1053,0.1247,0.0,0.2,0.8,1.0,182169,232179,0.7846,0.0601,0.0227,0.1207,1.9308,0.1028,0.1085,0.0185,6.2104,9.7632
qft_q5_b10,qft,4,10,9765625,0.25,0.75,0.0909,0.1667,0.4242,3.6667,83,3.1853,1203,1203,1203,1413,1203,1203,1053,1053,1053,0,1.1425,1.1425,1.1425,1.3419,1.1425,1.1425,1.0,1.0,proportional_split,1053,0.1247,0.0,0.2,0.8,1.0,182169,232179,0.7846,0.0797,0.025,0.1538,1.9064,0.1006,0.1068,0.0181,6.1863,8.7941
qft_q5_b10,qft,4,10,9765625,0.25,0.9,0.0909,0.1667,0.4242,3.6667,83,3.1853,1203,1203,1203,1413,1203,1203,1053,1053,1053,0,1.1425,1.1425,1.1425,1.3419,1.1425,1.1425,1.0,1.0,proportional_split,1053,0.1247,0.0,0.2,0.8,1.0,182169,232179,0.7846,0.0624,0.0233,0.1166,1.9356,0.1251,0.1443,0.0275,5.3344,9.624
qft_q5_b10,qft,4,10,9765625,0.5,0.1,0.4545,0.1667,0.7879,1.3636,127,1.511,1203,890,890,711,890,1167,567,602,567,0,2.1217,1.5697,1.5697,1.254,1.5697,2.0582,1.0,1.0617,proportional_split,567,0.3629,0.0,0.4,0.4,0.0,100359,121930,0.8231,0.0759,0.0256,0.1004,2.1205,0.0677,0.0971,0.0181,3.6376,8.4046
qft_q5_b10,qft,4,10,9765625,0.5,0.25,0.3636,0.1667,0.697,1.0909,116,1.8162,1203,1110,1110,861,1110,1167,670,624,624,0,1.9279,1.7788,1.7788,1.3798,1.7788,1.8702,1.0737,1.0,proportional_split,670,0.4378,0.0687,0.5,0.5,0.0,109824,139860,0.7852,0.0829,0.0258,0.1101,1.958,0.0676,0.0946,0.0176,4.2004,11.8978
qft_q5_b10,qft,4,10,9765625,0.5,0.5,0.2727,0.1667,0.6061,1.2222,105,2.0886,1203,1203,1203,1131,1203,1203,723,744,723,0,1.6639,1.6639,1.6639,1.5643,1.6639,1.6639,1.0,1.029,proportional_split,723,0.399,0.0,0.4,0.6,1.0,126525,258645,0.4892,0.0801,0.0256,0.1136,2.2377,0.0706,0.0913,0.0214,3.9796,9.4617
qft_q5_b10,qft,4,10,9765625,0.5,0.75,0.0909,0.1667,0.4242,3.6667,83,3.1853,1203,1203,1203,1413,1203,1203,1053,1053,1053,0,1.1425,1.1425,1.1425,1.3419,1.1425,1.1425,1.0,1.0,proportional_split,1053,0.1247,0.0,0.2,0.8,1.0,182169,232179,0.7846,0.0877,0.0257,0.1573,1.7654,0.0855,0.0823,0.0151,5.3023,9.2913
qft_q5_b10,qft,4,10,9765625,0.5,0.9,0.0909,0.1667,0.4242,3.6667,83,3.1853,1203,1203,1203,1413,1203,1203,1053,1053,1053,0,1.1425,1.1425,1.1425,1.3419,1.1425,1.1425,1.0,1.0,proportional_split,1053,0.1247,0.0,0.2,0.8,1.0,182169,232179,0.7846,0.0797,0.028,0.1417,2.025,0.0962,0.103,0.0178,5.9938,10.3101
qft_q5_b10,qft,4,10,9765625,1.0,0.1,0.9091,0.1667,1.2424,2.7273,182,1.0188,1203,491,491,638,491,1011,447,391,391,0,3.0767,1.2558,1.2558,1.6317,1.2558,2.5857,1.1432,1.0,proportional_split,447,0.2037,0.1253,0.3,0.3,0.0,86802,94272,0.9208,0.0799,0.0258,0.1125,2.4438,0.0617,0.0732,0.0169,3.3746,7.6721
qft_q5_b10,qft,4,10,9765625,1.0,0.25,0.7273,0.1667,1.0606,2.1818,160,1.1224,1203,590,590,567,590,1011,454,454,454,0,2.6498,1.2996,1.2996,1.2489,1.2996,2.2269,1.0,1.0,proportional_split,454,0.2305,0.0,0.3,0.3,0.0,90800,100300,0.9053,0.0848,0.0253,0.105,1.9342,0.0602,0.0742,0.0167,4.0285,8.9058
qft_q5_b10,qft,4,10,9765625,1.0,0.5,0.5455,0.3333,1.2121,1.2222,210,1.0443,610,610,610,577,610,610,394,394,394,0,1.5482,1.5482,1.5482,1.4645,1.5482,1.5482,1.0,1.0,proportional_split,394,0.3541,0.0,0.4,0.6,1.0,110320,195200,0.5652,0.0645,0.0222,0.0913,1.9781,0.0642,0.0716,0.0166,4.1957,8.2392
qft_q5_b10,qft,4,10,9765625,1.0,0.75,0.2727,0.3333,0.9394,2.4444,177,1.4385,610,610,610,724,610,610,513,490,490,0,1.2449,1.2449,1.2449,1.4776,1.2449,1.2449,1.0469,1.0,proportional_split,513,0.1967,0.0448,0.2,0.8,1.0,130830,175070,0.7473,0.0727,0.0227,0.1005,1.9171,0.0649,0.0902,0.0208,3.7662,7.4205
qft_q5_b10,qft,4,10,9765625,1.0,0.9,0.0909,0.5,1.0909,11.0,227,1.4323,431,431,431,431,431,431,431,431,431,0,1.0,1.0,1.0,1.0,1.0,1.0,1.0,1.0,uniform_min_teq,431,0.0,0.0,0.0,1.0,1.0,145247,145247,1.0,0.0768,0.0221,0.1343,1.3217,0.0949,0.0979,0.0225,4.8947,7.5715
qft_q5_b10,qft,4,10,9765625,2.0,0.1,1.8182,0.1667,2.1515,5.4545,292,0.5883,1203,352,352,357,352,352,375,332,332,0,3.6235,1.0602,1.0602,1.0753,1.0602,1.0602,1.1295,1.0,min_weighted_count,352,0.0568,0.0568,0.1,0.1,0.0,103584,106304,0.9744,0.0817,0.0244,0.0991,1.9983,0.0642,0.067,0.0163,3.2734,7.5384
qft_q5_b10,qft,4,10,9765625,2.0,0.25,1.4545,0.3333,2.1212,2.1818,320,0.6371,610,374,374,334,610,354,346,306,306,0,1.9935,1.2222,1.2222,1.0915,1.9935,1.1569,1.1307,1.0,two_term_descent,334,0.1818,0.0838,0.4,0.4,0.0,113220,123420,0.9174,0.0778,0.0304,0.0979,1.7749,0.0678,0.0697,0.0182,3.7799,8.4362
qft_q5_b10,qft,4,10,9765625,2.0,0.5,1.0,0.5,2.0,1.0,337,0.7958,431,431,431,379,431,389,344,312,299,0,1.4415,1.4415,1.4415,1.2676,1.4415,1.301,1.1505,1.0435,proportional_split,344,0.3063,0.1308,0.5,0.646,1.0,124683,192657,0.6472,0.075,0.0272,0.0923,2.0746,0.0623,0.0687,0.0219,4.2368,9.0371
qft_q5_b10,qft,4,10,9765625,2.0,0.75,0.5455,0.6667,1.8788,2.4444,354,0.8471,345,345,345,315,345,345,329,297,297,0,1.1616,1.1616,1.1616,1.0606,1.1616,1.1616,1.1077,1.0,two_term_descent,315,0.1391,0.0571,0.3,0.823,1.0,134838,160080,0.8423,0.0759,0.0243,0.0985,1.8799,0.0647,0.0803,0.0189,4.3989,8.2044
qft_q5_b10,qft,4,10,9765625,2.0,0.9,0.1818,0.8333,1.8485,9.1667,382,1.0021,303,303,303,303,561,291,303,291,291,0,1.0412,1.0412,1.0412,1.0412,1.9278,1.0,1.0412,1.0,share_aware_greedy,291,0.0396,0.0,0.1,1.0,1.0,146082,149076,0.9799,0.0656,0.0185,0.0972,1.6472,0.0686,0.084,0.0141,3.8617,8.647
trotter_t2_l2_b10,trotter,2,4,625,0.25,0.1,0.1818,0.1667,0.5152,1.8333,94,2.0986,483,483,483,363,483,483,447,363,363,1,1.3306,1.3306,1.3306,1.0,1.3306,1.3306,1.2314,1.0,two_term_descent,363,0.2484,0.0,0.25,0.75,1.0,47916,68586,0.6986,0.0338,0.0104,0.0464,0.2689,0.0323,0.0457,0.0085,0.815,1.2878
trotter_t2_l2_b10,trotter,2,4,625,0.25,0.25,0.1818,0.1667,0.5152,1.8333,94,2.0986,483,483,483,363,483,483,447,363,363,1,1.3306,1.3306,1.3306,1.0,1.3306,1.3306,1.2314,1.0,two_term_descent,363,0.2484,0.0,0.25,0.75,1.0,47916,68586,0.6986,0.0316,0.0104,0.0451,0.2655,0.0315,0.0409,0.0122,0.6684,1.0193
trotter_t2_l2_b10,trotter,2,4,625,0.25,0.5,0.0909,0.1667,0.4242,3.6667,83,2.5483,483,483,483,442,483,483,483,442,442,1,1.0928,1.0928,1.0928,1.0,1.0928,1.0928,1.0928,1.0,two_term_descent,442,0.0849,0.0,0.25,0.75,1.0,53482,63273,0.8453,0.0251,0.0079,0.0434,0.2223,0.0317,0.0356,0.0063,0.8266,1.3197
trotter_t2_l2_b10,trotter,2,4,625,0.25,0.75,0.0909,0.1667,0.4242,3.6667,83,2.5483,483,483,483,442,483,483,483,442,442,1,1.0928,1.0928,1.0928,1.0,1.0928,1.0928,1.0928,1.0,two_term_descent,442,0.0849,0.0,0.25,0.75,1.0,53482,63273,0.8453,0.0272,0.0078,0.0423,0.2035,0.0365,0.0313,0.0061,1.0213,1.5799
trotter_t2_l2_b10,trotter,2,4,625,0.25,0.9,0.0909,0.1667,0.4242,3.6667,83,2.5483,483,483,483,442,483,483,483,442,442,1,1.0928,1.0928,1.0928,1.0,1.0928,1.0928,1.0928,1.0,two_term_descent,442,0.0849,0.0,0.25,0.75,1.0,53482,63273,0.8453,0.0288,0.0088,0.052,0.2154,0.0363,0.0386,0.0074,1.0443,1.7094
trotter_t2_l2_b10,trotter,2,4,625,0.5,0.1,0.4545,0.1667,0.7879,1.3636,127,1.2088,483,362,362,354,362,483,243,243,243,1,1.9877,1.4897,1.4897,1.4568,1.4897,1.9877,1.0,1.0,proportional_split,243,0.3287,0.0,0.5,0.5,0.0,37665,48870,0.7707,0.0357,0.0128,0.0513,0.3077,0.0281,0.0362,0.0083,0.6712,1.0256
trotter_t2_l2_b10,trotter,2,4,625,0.5,0.25,0.3636,0.1667,0.697,1.0909,116,1.3665,483,450,450,294,450,483,243,243,243,1,1.9877,1.8519,1.8519,1.2099,1.8519,1.9877,1.0,1.0,proportional_split,243,0.46,0.0,0.5,0.5,0.0,34992,55800,0.6271,0.0275,0.0104,0.0445,0.2758,0.0287,0.0342,0.008,0.705,1.0697
trotter_t2_l2_b10,trotter,2,4,625,0.5,0.5,0.2727,0.1667,0.6061,1.2222,105,1.5714,483,483,483,423,483,483,302,302,302,1,1.5993,1.5993,1.5993,1.4007,1.5993,1.5993,1.0,1.0,proportional_split,302,0.3747,0.0,0.5,0.5,1.0,40166,73899,0.5435,0.0275,0.01,0.0457,0.2963,0.0298,0.0326,0.0082,0.8632,1.1198
trotter_t2_l2_b10,trotter,2,4,625,0.5,0.75,0.0909,0.1667,0.4242,3.6667,83,2.5483,483,483,483,442,483,483,483,442,442,1,1.0928,1.0928,1.0928,1.0,1.0928,1.0928,1.0928,1.0,two_term_descent,442,0.0849,0.0,0.25,0.75,1.0,53482,63273,0.8453,0.0338,0.0106,0.056,0.2918,0.042,0.0431,0.0126,1.1027,1.7263
trotter_t2_l2_b10,trotter,2,4,625,0.5,0.9,0.0909,0.1667,0.4242,3.6667,83,2.5483,483,483,483,442,483,483,483,442,442,1,1.0928,1.0928,1.0928,1.0,1.0928,1.0928,1.0928,1.0,two_term_descent,442,0.0849,0.0,0.25,0.75,1.0,53482,63273,0.8453,0.0337,0.0102,0.0569,0.2796,0.0432,0.0486,0.0121,1.0645,1.7587
trotter_t2_l2_b10,trotter,2,4,625,1.0,0.1,0.9091,0.1667,1.2424,2.7273,182,0.7666,483,187,187,207,187,187,243,183,183,1,2.6393,1.0219,1.0219,1.1311,1.0219,1.0219,1.3279,1.0,min_weighted_count,187,0.0214,0.0214,0.25,0.25,0.0,36600,35530,1.0301,0.0319,0.0101,0.037,0.2461,0.0255,0.0274,0.0078,0.5714,0.9048
trotter_t2_l2_b10,trotter,2,4,625,1.0,0.25,0.7273,0.1667,1.0606,2.1818,160,0.898,483,231,231,207,231,231,243,205,205,1,2.3561,1.1268,1.1268,1.0098,1.1268,1.1268,1.1854,1.0,two_term_descent,207,0.1126,0.0097,0.25,0.25,0.0,36490,38808,0.9403,0.0274,0.0098,0.0416,0.2613,0.0261,0.028,0.0093,0.605,0.9488
trotter_t2_l2_b10,trotter,2,4,625,1.0,0.5,0.5455,0.3333,1.2121,1.2222,210,0.7857,246,246,246,220,246,246,175,175,175,1,1.4057,1.4057,1.4057,1.2571,1.4057,1.4057,1.0,1.0,proportional_split,175,0.2886,0.0,0.5,0.5,1.0,41650,63468,0.6562,0.0283,0.0122,0.0406,0.2819,0.0246,0.0278,0.0073,0.6102,0.9257
trotter_t2_l2_b10,trotter,2,4,625,1.0,0.75,0.2727,0.3333,0.9394,2.4444,177,1.1508,246,246,246,220,246,246,302,210,210,1,1.1714,1.1714,1.1714,1.0476,1.1714,1.1714,1.4381,1.0,two_term_descent,220,0.1463,0.0455,0.25,0.75,1.0,45150,55350,0.8157,0.0297,0.0091,0.0387,0.2686,0.0264,0.0329,0.0074,0.6374,1.0093
trotter_t2_l2_b10,trotter,2,4,625,1.0,0.9,0.0909,0.5,1.0909,11.0,227,1.1458,167,167,167,167,167,167,167,167,167,1,1.0,1.0,1.0,1.0,1.0,1.0,1.0,1.0,uniform_min_teq,167,0.0,0.0,0.0,1.0,1.0,45925,45925,1.0,0.0294,0.0091,0.0523,0.2342,0.0376,0.0373,0.0069,0.769,1.7272
trotter_t2_l2_b10,trotter,2,4,625,2.0,0.1,1.8182,0.1667,2.1515,5.4545,292,0.4427,483,175,175,185,175,175,175,175,175,1,2.76,1.0,1.0,1.0571,1.0,1.0,1.0,1.0,min_weighted_count,175,0.0,0.0,0.0,0.0,0.0,52500,52500,1.0,0.0277,0.01,0.0401,0.2277,0.0287,0.0298,0.0079,0.5095,0.9046
trotter_t2_l2_b10,trotter,2,4,625,2.0,0.25,1.4545,0.3333,2.1212,2.1818,320,0.5097,246,175,175,210,246,175,175,155,155,1,1.5871,1.129,1.129,1.3548,1.5871,1.129,1.129,1.0,min_weighted_count,175,0.1143,0.1143,0.5,0.5,0.0,53940,57400,0.9397,0.0279,0.0104,0.0406,0.225,0.0317,0.0276,0.0082,0.5268,0.8655
trotter_t2_l2_b10,trotter,2,4,625,2.0,0.5,1.0,0.5,2.0,1.0,337,0.5405,167,167,167,223,167,167,175,155,155,1,1.0774,1.0774,1.0774,1.4387,1.0774,1.0774,1.129,1.0,uniform_min_teq,167,0.0719,0.0719,0.25,0.75,1.0,58125,64295,0.904,0.0289,0.0138,0.0361,0.2656,0.0252,0.0239,0.0073,0.5676,0.8604
trotter_t2_l2_b10,trotter,2,4,625,2.0,0.75,0.5455,0.6667,1.8788,2.4444,354,0.6653,131,131,131,131,131,131,175,131,131,1,1.0,1.0,1.0,1.0,1.0,1.0,1.3359,1.0,uniform_min_teq,131,0.0,0.0,0.0,1.0,1.0,52662,52662,1.0,0.0282,0.0143,0.0388,0.2684,0.0258,0.029,0.0078,0.6082,0.943
trotter_t2_l2_b10,trotter,2,4,625,2.0,0.9,0.1818,0.8333,1.8485,9.1667,382,0.6762,131,131,131,131,228,131,131,131,131,1,1.0,1.0,1.0,1.0,1.7405,1.0,1.0,1.0,uniform_min_teq,131,0.0,0.0,0.0,1.0,1.0,56330,56330,1.0,0.0269,0.0096,0.0475,0.2581,0.0365,0.0409,0.0076,0.7193,1.2802
trotter_t3_l2_b10,trotter,3,6,15625,0.25,0.1,0.1818,0.1667,0.5152,1.8333,94,2.7731,723,723,723,629,723,723,483,483,483,1,1.4969,1.4969,1.4969,1.3023,1.4969,1.4969,1.0,1.0,proportional_split,483,0.332,0.0,0.3333,0.6667,1.0,68586,117126,0.5856,0.0452,0.015,0.0712,0.7375,0.0469,0.0643,0.0097,1.8746,10.3971
trotter_t3_l2_b10,trotter,3,6,15625,0.25,0.25,0.1818,0.1667,0.5152,1.8333,94,2.7731,723,723,723,629,723,723,483,483,483,1,1.4969,1.4969,1.4969,1.3023,1.4969,1.4969,1.0,1.0,proportional_split,483,0.332,0.0,0.3333,0.6667,1.0,68586,117126,0.5856,0.045,0.0242,0.0699,0.7083,0.0387,0.049,0.008,1.7987,9.4419
trotter_t3_l2_b10,trotter,3,6,15625,0.25,0.5,0.0909,0.1667,0.4242,3.6667,83,3.8224,723,723,723,615,723,723,882,615,603,1,1.199,1.199,1.199,1.0199,1.199,1.199,1.4627,1.0199,two_term_descent,615,0.166,0.0195,0.1667,0.8333,1.0,85023,109173,0.7788,0.0431,0.0143,0.0849,0.6358,0.0592,0.0628,0.0107,2.2306,13.6096
trotter_t3_l2_b10,trotter,3,6,15625,0.25,0.75,0.0909,0.1667,0.4242,3.6667,83,3.8224,723,723,723,615,723,723,882,615,603,1,1.199,1.199,1.199,1.0199,1.199,1.199,1.4627,1.0199,two_term_descent,615,0.166,0.0195,0.1667,0.8333,1.0,85023,109173,0.7788,0.0452,0.0152,0.0971,0.6228,0.0596,0.0611,0.0106,2.1817,13.5505
trotter_t3_l2_b10,trotter,3,6,15625,0.25,0.9,0.0909,0.1667,0.4242,3.6667,83,3.8224,723,723,723,615,723,723,882,615,603,1,1.199,1.199,1.199,1.0199,1.199,1.199,1.4627,1.0199,two_term_descent,615,0.166,0.0195,0.1667,0.8333,1.0,85023,109173,0.7788,0.053,0.0165,0.0866,0.6578,0.0655,0.0622,0.0109,2.2245,13.3218
trotter_t3_l2_b10,trotter,3,6,15625,0.5,0.1,0.4545,0.1667,0.7879,1.3636,127,1.8132,723,538,538,442,538,723,362,362,362,1,1.9972,1.4862,1.4862,1.221,1.4862,1.9972,1.0,1.0,proportional_split,362,0.3271,0.0,0.3333,0.3333,0.0,56110,72630,0.7725,0.0393,0.0184,0.0568,0.6269,0.0395,0.0524,0.0099,1.6761,8.0391
trotter_t3_l2_b10,trotter,3,6,15625,0.5,0.25,0.3636,0.1667,0.697,1.0909,116,2.0497,723,670,670,513,670,723,450,363,363,1,1.9917,1.8457,1.8457,1.4132,1.8457,1.9917,1.2397,1.0,proportional_split,450,0.4582,0.1933,0.5,0.5,0.0,55902,83080,0.6729,0.0455,0.0159,0.0655,0.6621,0.0436,0.0631,0.0152,1.5197,8.8192
trotter_t3_l2_b10,trotter,3,6,15625,0.5,0.5,0.2727,0.1667,0.6061,1.2222,105,2.3571,723,723,723,621,723,723,483,449,449,1,1.6102,1.6102,1.6102,1.3831,1.6102,1.6102,1.0757,1.0,proportional_split,483,0.379,0.0704,0.5,0.5,1.0,64207,125079,0.5133,0.0456,0.0141,0.0711,0.6258,0.0426,0.0677,0.0098,1.3798,8.2664
trotter_t3_l2_b10,trotter,3,6,15625,0.5,0.75,0.0909,0.1667,0.4242,3.6667,83,3.8224,723,723,723,615,723,723,882,615,603,1,1.199,1.199,1.199,1.0199,1.199,1.199,1.4627,1.0199,two_term_descent,615,0.166,0.0195,0.1667,0.8333,1.0,85023,109173,0.7788,0.0325,0.0117,0.0705,0.5038,0.047,0.0512,0.008,2.1543,14.1239
trotter_t3_l2_b10,trotter,3,6,15625,0.5,0.9,0.0909,0.1667,0.4242,3.6667,83,3.8224,723,723,723,615,723,723,882,615,603,1,1.199,1.199,1.199,1.0199,1.199,1.199,1.4627,1.0199,two_term_descent,615,0.166,0.0195,0.1667,0.8333,1.0,85023,109173,0.7788,0.0431,0.0146,0.0854,0.6366,0.061,0.0659,0.0105,2.0164,12.6895
trotter_t3_l2_b10,trotter,3,6,15625,1.0,0.1,0.9091,0.1667,1.2424,2.7273,182,1.1498,723,275,275,231,275,723,243,231,231,1,3.1299,1.1905,1.1905,1.0,1.1905,3.1299,1.0519,1.0,two_term_descent,231,0.16,0.0,0.1667,0.1667,0.0,46200,52250,0.8842,0.0425,0.0134,0.0533,0.584,0.0372,0.0442,0.0138,1.2737,6.933
trotter_t3_l2_b10,trotter,3,6,15625,1.0,0.25,0.7273,0.1667,1.0606,2.1818,160,1.3469,723,341,341,370,341,723,243,243,243,1,2.9753,1.4033,1.4033,1.5226,1.4033,2.9753,1.0,1.0,proportional_split,243,0.2874,0.0,0.3333,0.3333,0.0,45684,57288,0.7974,0.0441,0.0144,0.0546,0.602,0.0396,0.0445,0.0097,1.2755,7.7854
trotter_t3_l2_b10,trotter,3,6,15625,1.0,0.5,0.5455,0.3333,1.2121,1.2222,210,1.1786,366,366,366,321,366,366,246,231,231,1,1.5844,1.5844,1.5844,1.3896,1.5844,1.5844,1.0649,1.0,proportional_split,246,0.3689,0.061,0.5,0.5,1.0,57288,101748,0.563,0.0465,0.0147,0.0606,0.6399,0.0478,0.0758,0.0106,1.3939,7.0166
trotter_t3_l2_b10,trotter,3,6,15625,1.0,0.75,0.2727,0.3333,0.9394,2.4444,177,1.5207,366,366,366,302,366,366,302,302,302,1,1.2119,1.2119,1.2119,1.0,1.2119,1.2119,1.0,1.0,two_term_descent,302,0.1749,0.0,0.3333,0.6667,1.0,67950,89670,0.7578,0.0427,0.0184,0.0635,0.5949,0.0374,0.0505,0.0119,1.3477,7.5611
trotter_t3_l2_b10,trotter,3,6,15625,1.0,0.9,0.0909,0.5,1.0909,11.0,227,1.7188,247,247,247,247,247,247,247,247,247,1,1.0,1.0,1.0,1.0,1.0,1.0,1.0,1.0,uniform_min_teq,247,0.0,0.0,0.0,1.0,1.0,72865,72865,1.0,0.0459,0.0143,0.09,0.64,0.0624,0.0623,0.0093,1.9655,13.9905
trotter_t3_l2_b10,trotter,3,6,15625,2.0,0.1,1.8182,0.1667,2.1515,5.4545,292,0.664,723,176,176,176,176,176,176,176,176,1,4.108,1.0,1.0,1.0,1.0,1.0,1.0,1.0,min_weighted_count,176,0.0,0.0,0.0,0.0,0.0,52800,52800,1.0,0.0421,0.0134,0.0565,0.51,0.0395,0.0383,0.0094,1.013,7.0676
trotter_t3_l2_b10,trotter,3,6,15625,2.0,0.25,1.4545,0.3333,2.1212,2.1818,320,0.6735,366,178,178,228,366,178,175,175,175,1,2.0914,1.0171,1.0171,1.3029,2.0914,1.0171,1.0,1.0,proportional_split,175,0.0169,0.0,0.1667,0.1667,0.0,59150,58384,1.0131,0.0416,0.0131,0.0513,0.5663,0.0331,0.0353,0.008,1.0143,7.0811
trotter_t3_l2_b10,trotter,3,6,15625,2.0,0.5,1.0,0.5,2.0,1.0,337,0.8108,247,247,247,196,247,252,175,167,167,1,1.479,1.479,1.479,1.1737,1.479,1.509,1.0479,1.0,proportional_split,175,0.3239,0.0457,0.3333,0.6667,1.0,64295,100035,0.6427,0.0455,0.0145,0.0619,0.671,0.0371,0.0414,0.0094,1.3614,7.254
trotter_t3_l2_b10,trotter,3,6,15625,2.0,0.75,0.5455,0.6667,1.8788,2.4444,354,0.8631,187,187,187,157,187,187,175,157,157,1,1.1911,1.1911,1.1911,1.0,1.1911,1.1911,1.1146,1.0,two_term_descent,157,0.1604,0.0,0.1667,0.8333,1.0,64684,78914,0.8197,0.0424,0.0179,0.0562,0.6196,0.0374,0.0461,0.0133,1.3461,7.4364
trotter_t3_l2_b10,trotter,3,6,15625,2.0,0.9,0.1818,0.8333,1.8485,9.1667,382,1.0143,151,151,151,151,339,151,151,151,151,1,1.0,1.0,1.0,1.0,2.245,1.0,1.0,1.0,uniform_min_teq,151,0.0,0.0,0.0,1.0,1.0,67950,67950,1.0,0.0456,0.0145,0.0723,0.6353,0.0503,0.0556,0.0083,1.5152,9.614
trotter_t4_l2_b10,trotter,4,8,390625,0.25,0.1,0.1818,0.1667,0.5152,1.8333,94,3.6975,963,963,963,957,963,963,723,667,667,0,1.4438,1.4438,1.4438,1.4348,1.4438,1.4438,1.084,1.0,proportional_split,723,0.3074,0.0775,0.375,0.625,1.0,101384,175266,0.5785,0.05,0.0189,0.0771,1.2483,0.0642,0.0879,0.0129,3.4778,6.7425
trotter_t4_l2_b10,trotter,4,8,390625,0.25,0.25,0.1818,0.1667,0.5152,1.8333,94,3.6975,963,963,963,957,963,963,723,667,667,0,1.4438,1.4438,1.4438,1.4348,1.4438,1.4438,1.084,1.0,proportional_split,723,0.3074,0.0775,0.375,0.625,1.0,101384,175266,0.5785,0.0724,0.0216,0.107,1.2854,0.068,0.0854,0.0126,3.6418,7.3652
trotter_t4_l2_b10,trotter,4,8,390625,0.25,0.5,0.0909,0.1667,0.4242,3.6667,83,5.0965,963,963,963,843,963,963,882,843,843,0,1.1423,1.1423,1.1423,1.0,1.1423,1.1423,1.0463,1.0,two_term_descent,843,0.1246,0.0,0.125,0.875,1.0,135723,164673,0.8242,0.0671,0.0231,0.1234,1.1659,0.0776,0.079,0.0121,3.5186,7.3304
trotter_t4_l2_b10,trotter,4,8,390625,0.25,0.75,0.0909,0.1667,0.4242,3.6667,83,5.0965,963,963,963,843,963,963,882,843,843,0,1.1423,1.1423,1.1423,1.0,1.1423,1.1423,1.0463,1.0,two_term_descent,843,0.1246,0.0,0.125,0.875,1.0,135723,164673,0.8242,0.0615,0.0194,0.1109,1.0435,0.0785,0.0793,0.0112,3.4209,7.1781
trotter_t4_l2_b10,trotter,4,8,390625,0.25,0.9,0.0909,0.1667,0.4242,3.6667,83,5.0965,963,963,963,843,963,963,882,843,843,0,1.1423,1.1423,1.1423,1.0,1.1423,1.1423,1.0463,1.0,two_term_descent,843,0.1246,0.0,0.125,0.875,1.0,135723,164673,0.8242,0.0564,0.0215,0.1052,1.0436,0.0776,0.0773,0.0153,3.6092,7.2088
trotter_t4_l2_b10,trotter,4,8,390625,0.5,0.1,0.4545,0.1667,0.7879,1.3636,127,2.4176,963,714,714,651,714,963,483,450,450,0,2.14,1.5867,1.5867,1.4467,1.5867,2.14,1.0733,1.0,proportional_split,483,0.3697,0.0683,0.375,0.375,0.0,74250,96390,0.7703,0.0615,0.0205,0.0854,1.4027,0.05,0.0777,0.0117,2.6146,6.3264
trotter_t4_l2_b10,trotter,4,8,390625,0.5,0.25,0.3636,0.1667,0.697,1.0909,116,2.7329,963,890,890,741,890,963,483,483,483,0,1.9938,1.8427,1.8427,1.5342,1.8427,1.9938,1.0,1.0,proportional_split,483,0.4573,0.0,0.5,0.5,0.0,79212,110360,0.7178,0.0567,0.0219,0.0835,1.2337,0.058,0.0834,0.0123,2.9957,7.1766
trotter_t4_l2_b10,trotter,4,8,390625,0.5,0.5,0.2727,0.1667,0.6061,1.2222,105,3.1429,963,963,963,891,963,963,596,596,596,0,1.6158,1.6158,1.6158,1.495,1.6158,1.6158,1.0,1.0,proportional_split,596,0.3811,0.0,0.5,0.5,1.0,91188,185859,0.4906,0.0623,0.0208,0.0895,1.2336,0.058,0.0844,0.0171,3.1959,6.6037
trotter_t4_l2_b10,trotter,4,8,390625,0.5,0.75,0.0909,0.1667,0.4242,3.6667,83,5.0965,963,963,963,843,963,963,882,843,843,0,1.1423,1.1423,1.1423,1.0,1.1423,1.1423,1.0463,1.0,two_term_descent,843,0.1246,0.0,0.125,0.875,1.0,135723,164673,0.8242,0.0489,0.0154,0.0923,0.9577,0.0674,0.0713,0.0106,3.6866,7.5242
trotter_t4_l2_b10,trotter,4,8,390625,0.5,0.9,0.0909,0.1667,0.4242,3.6667,83,5.0965,963,963,963,843,963,963,882,843,843,0,1.1423,1.1423,1.1423,1.0,1.1423,1.1423,1.0463,1.0,two_term_descent,843,0.1246,0.0,0.125,0.875,1.0,135723,164673,0.8242,0.0541,0.0204,0.0996,0.9883,0.0691,0.0673,0.0147,3.0859,6.2802
trotter_t4_l2_b10,trotter,4,8,390625,1.0,0.1,0.9091,0.1667,1.2424,2.7273,182,1.5331,963,363,363,275,363,963,275,275,275,0,3.5018,1.32,1.32,1.0,1.32,3.5018,1.0,1.0,two_term_descent,275,0.2424,0.0,0.25,0.25,0.0,57750,68970,0.8373,0.0477,0.0154,0.0635,1.0431,0.0479,0.063,0.0107,2.1361,4.5299
trotter_t4_l2_b10,trotter,4,8,390625,1.0,0.25,0.7273,0.1667,1.0606,2.1818,160,1.7959,963,451,451,341,451,963,341,341,341,0,2.824,1.3226,1.3226,1.0,1.3226,2.824,1.0,1.0,two_term_descent,341,0.2439,0.0,0.25,0.25,0.0,64108,75768,0.8461,0.0499,0.0204,0.0714,1.0149,0.0489,0.0524,0.0097,2.2791,4.8806
trotter_t4_l2_b10,trotter,4,8,390625,1.0,0.5,0.5455,0.3333,1.2121,1.2222,210,1.5714,486,486,486,453,486,486,304,304,304,0,1.5987,1.5987,1.5987,1.4901,1.5987,1.5987,1.0,1.0,proportional_split,304,0.3745,0.0,0.5,0.5,1.0,78432,144828,0.5416,0.0565,0.018,0.0757,1.1385,0.0455,0.0562,0.0106,2.3559,5.1531
trotter_t4_l2_b10,trotter,4,8,390625,1.0,0.75,0.2727,0.3333,0.9394,2.4444,177,2.0276,486,486,486,453,486,486,366,366,366,0,1.3279,1.3279,1.3279,1.2377,1.3279,1.3279,1.0,1.0,proportional_split,366,0.2469,0.0,0.25,0.75,1.0,89670,128790,0.6962,0.0587,0.0163,0.0757,1.1093,0.0502,0.0648,0.0098,2.7352,5.9114
trotter_t4_l2_b10,trotter,4,8,390625,1.0,0.9,0.0909,0.5,1.0909,11.0,227,2.2917,327,327,327,327,327,327,327,327,327,0,1.0,1.0,1.0,1.0,1.0,1.0,1.0,1.0,uniform_min_teq,327,0.0,0.0,0.0,1.0,1.0,103005,103005,1.0,0.0588,0.0195,0.1154,1.0568,0.0808,0.0873,0.0111,3.8171,5.8325
trotter_t4_l2_b10,trotter,4,8,390625,2.0,0.1,1.8182,0.1667,2.1515,5.4545,292,0.8853,963,188,188,207,188,188,243,184,184,0,5.2337,1.0217,1.0217,1.125,1.0217,1.0217,1.3207,1.0,min_weighted_count,188,0.0213,0.0213,0.125,0.125,0.0,57040,56400,1.0113,0.0596,0.0195,0.079,1.2239,0.053,0.0601,0.0117,2.5777,5.6793
trotter_t4_l2_b10,trotter,4,8,390625,2.0,0.25,1.4545,0.3333,2.1212,2.1818,320,0.898,486,232,232,220,486,232,178,178,178,0,2.7303,1.3034,1.3034,1.236,2.7303,1.3034,1.0,1.0,proportional_split,178,0.2328,0.0,0.25,0.25,0.0,61944,76096,0.814,0.0626,0.0204,0.077,1.3291,0.0505,0.0555,0.0117,2.758,5.2589
trotter_t4_l2_b10,trotter,4,8,390625,2.0,0.5,1.0,0.5,2.0,1.0,337,0.9524,327,327,327,275,327,327,176,176,176,0,1.858,1.858,1.858,1.5625,1.858,1.858,1.0,1.0,proportional_split,176,0.4618,0.0,0.5,0.5,1.0,67760,138975,0.4876,0.0561,0.0207,0.0732,1.3497,0.0564,0.0629,0.0125,2.6759,6.4151
trotter_t4_l2_b10,trotter,4,8,390625,2.0,0.75,0.5455,0.6667,1.8788,2.4444,354,1.0138,247,247,247,235,247,247,187,187,187,0,1.3209,1.3209,1.3209,1.2567,1.3209,1.3209,1.0,1.0,proportional_split,187,0.2429,0.0,0.25,0.75,1.0,78914,109174,0.7228,0.0628,0.0238,0.0905,1.1266,0.0522,0.0634,0.0106,2.5796,5.4191
trotter_t4_l2_b10,trotter,4,8,390625,2.0,0.9,0.1818,0.8333,1.8485,9.1667,382,1.3525,199,199,199,199,449,199,199,199,199,0,1.0,1.0,1.0,1.0,2.2563,1.0,1.0,1.0,uniform_min_teq,199,0.0,0.0,0.0,1.0,1.0,93530,93530,1.0,0.0727,0.0206,0.0946,1.0423,0.0709,0.0856,0.0127,2.4103,4.8424
