program,site_id,role,gate_index,qubits,depth,paired_with,variants,signatures,ancillas,sources,equivalence
qmpa_add8,g00002,and,2,17 8 0,3,g00046,ccz t4,ccz:CCZ=1 t4:T=4,1 1,"Toffoli is a CCZ up to Cliffords; one CCZ state (Gidney & Fowler 2019) | Gidney 2018 temporary AND: 4 T to compute, 0 to uncompute","Toffoli = CCZ up to Clifford conjugation; 7-T forms are exact Clifford+T decompositions; 4-T form is exact given one clean ancilla and feed-forward; compute half of a temporary AND, uncompute is free"
qmpa_add8,g00005,and,5,0 9 1,5,g00043,ccz t4,ccz:CCZ=1 t4:T=4,1 1,"Toffoli is a CCZ up to Cliffords; one CCZ state (Gidney & Fowler 2019) | Gidney 2018 temporary AND: 4 T to compute, 0 to uncompute","Toffoli = CCZ up to Clifford conjugation; 7-T forms are exact Clifford+T decompositions; 4-T form is exact given one clean ancilla and feed-forward; compute half of a temporary AND, uncompute is free"
qmpa_add8,g00008,and,8,1 10 2,7,g00040,ccz t4,ccz:CCZ=1 t4:T=4,1 1,"Toffoli is a CCZ up to Cliffords; one CCZ state (Gidney & Fowler 2019) | Gidney 2018 temporary AND: 4 T to compute, 0 to uncompute","Toffoli = CCZ up to Clifford conjugation; 7-T forms are exact Clifford+T decompositions; 4-T form is exact given one clean ancilla and feed-forward; compute half of a temporary AND, uncompute is free"
qmpa_add8,g00011,and,11,2 11 3,9,g00037,ccz t4,ccz:CCZ=1 t4:T=4,1 1,"Toffoli is a CCZ up to Cliffords; one CCZ state (Gidney & Fowler 2019) | Gidney 2018 temporary AND: 4 T to compute, 0 to uncompute","Toffoli = CCZ up to Clifford conjugation; 7-T forms are exact Clifford+T decompositions; 4-T form is exact given one clean ancilla and feed-forward; compute half of a temporary AND, uncompute is free"
qmpa_add8,g00014,and,14,3 12 4,11,g00034,ccz t4,ccz:CCZ=1 t4:T=4,1 1,"Toffoli is a CCZ up to Cliffords; one CCZ state (Gidney & Fowler 2019) | Gidney 2018 temporary AND: 4 T to compute, 0 to uncompute","Toffoli = CCZ up to Clifford conjugation; 7-T forms are exact Clifford+T decompositions; 4-T form is exact given one clean ancilla and feed-forward; compute half of a temporary AND, uncompute is free"
qmpa_add8,g00017,and,17,4 13 5,13,g00031,ccz t4,ccz:CCZ=1 t4:T=4,1 1,"Toffoli is a CCZ up to Cliffords; one CCZ state (Gidney & Fowler 2019) | Gidney 2018 temporary AND: 4 T to compute, 0 to uncompute","Toffoli = CCZ up to Clifford conjugation; 7-T forms are exact Clifford+T decompositions; 4-T form is exact given one clean ancilla and feed-forward; compute half of a temporary AND, uncompute is free"
qmpa_add8,g00020,and,20,5 14 6,15,g00028,ccz t4,ccz:CCZ=1 t4:T=4,1 1,"Toffoli is a CCZ up to Cliffords; one CCZ state (Gidney & Fowler 2019) | Gidney 2018 temporary AND: 4 T to compute, 0 to uncompute","Toffoli = CCZ up to Clifford conjugation; 7-T forms are exact Clifford+T decompositions; 4-T form is exact given one clean ancilla and feed-forward; compute half of a temporary AND, uncompute is free"
qmpa_add8,g00023,and,23,6 15 7,17,g00025,ccz t4,ccz:CCZ=1 t4:T=4,1 1,"Toffoli is a CCZ up to Cliffords; one CCZ state (Gidney & Fowler 2019) | Gidney 2018 temporary AND: 4 T to compute, 0 to uncompute","Toffoli = CCZ up to Clifford conjugation; 7-T forms are exact Clifford+T decompositions; 4-T form is exact given one clean ancilla and feed-forward; compute half of a temporary AND, uncompute is free"
qmpa_add8,g00025,and_uncompute,25,6 15 7,19,g00023,uncompute_and_meas,uncompute_and_meas:clifford,0,"Gidney 2018: measurement-based uncomputation of a temporary AND, no magic states; legal because the paired compute writes a fresh ancilla and no control is written in between",Erasing the ancilla that holds the AND reproduces the second Toffoli exactly because both controls are unchanged since the compute
qmpa_add8,g00028,and_uncompute,28,5 14 6,22,g00020,uncompute_and_meas,uncompute_and_meas:clifford,0,"Gidney 2018: measurement-based uncomputation of a temporary AND, no magic states; legal because the paired compute writes a fresh ancilla and no control is written in between",Erasing the ancilla that holds the AND reproduces the second Toffoli exactly because both controls are unchanged since the compute
qmpa_add8,g00031,and_uncompute,31,4 13 5,25,g00017,uncompute_and_meas,uncompute_and_meas:clifford,0,"Gidney 2018: measurement-based uncomputation of a temporary AND, no magic states; legal because the paired compute writes a fresh ancilla and no control is written in between",Erasing the ancilla that holds the AND reproduces the second Toffoli exactly because both controls are unchanged since the compute
qmpa_add8,g00034,and_uncompute,34,3 12 4,28,g00014,uncompute_and_meas,uncompute_and_meas:clifford,0,"Gidney 2018: measurement-based uncomputation of a temporary AND, no magic states; legal because the paired compute writes a fresh ancilla and no control is written in between",Erasing the ancilla that holds the AND reproduces the second Toffoli exactly because both controls are unchanged since the compute
qmpa_add8,g00037,and_uncompute,37,2 11 3,31,g00011,uncompute_and_meas,uncompute_and_meas:clifford,0,"Gidney 2018: measurement-based uncomputation of a temporary AND, no magic states; legal because the paired compute writes a fresh ancilla and no control is written in between",Erasing the ancilla that holds the AND reproduces the second Toffoli exactly because both controls are unchanged since the compute
qmpa_add8,g00040,and_uncompute,40,1 10 2,34,g00008,uncompute_and_meas,uncompute_and_meas:clifford,0,"Gidney 2018: measurement-based uncomputation of a temporary AND, no magic states; legal because the paired compute writes a fresh ancilla and no control is written in between",Erasing the ancilla that holds the AND reproduces the second Toffoli exactly because both controls are unchanged since the compute
qmpa_add8,g00043,and_uncompute,43,0 9 1,37,g00005,uncompute_and_meas,uncompute_and_meas:clifford,0,"Gidney 2018: measurement-based uncomputation of a temporary AND, no magic states; legal because the paired compute writes a fresh ancilla and no control is written in between",Erasing the ancilla that holds the AND reproduces the second Toffoli exactly because both controls are unchanged since the compute
qmpa_add8,g00046,and_uncompute,46,17 8 0,40,g00002,uncompute_and_meas,uncompute_and_meas:clifford,0,"Gidney 2018: measurement-based uncomputation of a temporary AND, no magic states; legal because the paired compute writes a fresh ancilla and no control is written in between",Erasing the ancilla that holds the AND reproduces the second Toffoli exactly because both controls are unchanged since the compute
qmpa_add16,g00002,and,2,33 16 0,3,g00094,ccz t4,ccz:CCZ=1 t4:T=4,1 1,"Toffoli is a CCZ up to Cliffords; one CCZ state (Gidney & Fowler 2019) | Gidney 2018 temporary AND: 4 T to compute, 0 to uncompute","Toffoli = CCZ up to Clifford conjugation; 7-T forms are exact Clifford+T decompositions; 4-T form is exact given one clean ancilla and feed-forward; compute half of a temporary AND, uncompute is free"
qmpa_add16,g00005,and,5,0 17 1,5,g00091,ccz t4,ccz:CCZ=1 t4:T=4,1 1,"Toffoli is a CCZ up to Cliffords; one CCZ state (Gidney & Fowler 2019) | Gidney 2018 temporary AND: 4 T to compute, 0 to uncompute","Toffoli = CCZ up to Clifford conjugation; 7-T forms are exact Clifford+T decompositions; 4-T form is exact given one clean ancilla and feed-forward; compute half of a temporary AND, uncompute is free"
qmpa_add16,g00008,and,8,1 18 2,7,g00088,ccz t4,ccz:CCZ=1 t4:T=4,1 1,"Toffoli is a CCZ up to Cliffords; one CCZ state (Gidney & Fowler 2019) | Gidney 2018 temporary AND: 4 T to compute, 0 to uncompute","Toffoli = CCZ up to Clifford conjugation; 7-T forms are exact Clifford+T decompositions; 4-T form is exact given one clean ancilla and feed-forward; compute half of a temporary AND, uncompute is free"
qmpa_add16,g00011,and,11,2 19 3,9,g00085,ccz t4,ccz:CCZ=1 t4:T=4,1 1,"Toffoli is a CCZ up to Cliffords; one CCZ state (Gidney & Fowler 2019) | Gidney 2018 temporary AND: 4 T to compute, 0 to uncompute","Toffoli = CCZ up to Clifford conjugation; 7-T forms are exact Clifford+T decompositions; 4-T form is exact given one clean ancilla and feed-forward; compute half of a temporary AND, uncompute is free"
qmpa_add16,g00014,and,14,3 20 4,11,g00082,ccz t4,ccz:CCZ=1 t4:T=4,1 1,"Toffoli is a CCZ up to Cliffords; one CCZ state (Gidney & Fowler 2019) | Gidney 2018 temporary AND: 4 T to compute, 0 to uncompute","Toffoli = CCZ up to Clifford conjugation; 7-T forms are exact Clifford+T decompositions; 4-T form is exact given one clean ancilla and feed-forward; compute half of a temporary AND, uncompute is free"
qmpa_add16,g00017,and,17,4 21 5,13,g00079,ccz t4,ccz:CCZ=1 t4:T=4,1 1,"Toffoli is a CCZ up to Cliffords; one CCZ state (Gidney & Fowler 2019) | Gidney 2018 temporary AND: 4 T to compute, 0 to uncompute","Toffoli = CCZ up to Clifford conjugation; 7-T forms are exact Clifford+T decompositions; 4-T form is exact given one clean ancilla and feed-forward; compute half of a temporary AND, uncompute is free"
qmpa_add16,g00020,and,20,5 22 6,15,g00076,ccz t4,ccz:CCZ=1 t4:T=4,1 1,"Toffoli is a CCZ up to Cliffords; one CCZ state (Gidney & Fowler 2019) | Gidney 2018 temporary AND: 4 T to compute, 0 to uncompute","Toffoli = CCZ up to Clifford conjugation; 7-T forms are exact Clifford+T decompositions; 4-T form is exact given one clean ancilla and feed-forward; compute half of a temporary AND, uncompute is free"
qmpa_add16,g00023,and,23,6 23 7,17,g00073,ccz t4,ccz:CCZ=1 t4:T=4,1 1,"Toffoli is a CCZ up to Cliffords; one CCZ state (Gidney & Fowler 2019) | Gidney 2018 temporary AND: 4 T to compute, 0 to uncompute","Toffoli = CCZ up to Clifford conjugation; 7-T forms are exact Clifford+T decompositions; 4-T form is exact given one clean ancilla and feed-forward; compute half of a temporary AND, uncompute is free"
qmpa_add16,g00026,and,26,7 24 8,19,g00070,ccz t4,ccz:CCZ=1 t4:T=4,1 1,"Toffoli is a CCZ up to Cliffords; one CCZ state (Gidney & Fowler 2019) | Gidney 2018 temporary AND: 4 T to compute, 0 to uncompute","Toffoli = CCZ up to Clifford conjugation; 7-T forms are exact Clifford+T decompositions; 4-T form is exact given one clean ancilla and feed-forward; compute half of a temporary AND, uncompute is free"
qmpa_add16,g00029,and,29,8 25 9,21,g00067,ccz t4,ccz:CCZ=1 t4:T=4,1 1,"Toffoli is a CCZ up to Cliffords; one CCZ state (Gidney & Fowler 2019) | Gidney 2018 temporary AND: 4 T to compute, 0 to uncompute","Toffoli = CCZ up to Clifford conjugation; 7-T forms are exact Clifford+T decompositions; 4-T form is exact given one clean ancilla and feed-forward; compute half of a temporary AND, uncompute is free"
qmpa_add16,g00032,and,32,9 26 10,23,g00064,ccz t4,ccz:CCZ=1 t4:T=4,1 1,"Toffoli is a CCZ up to Cliffords; one CCZ state (Gidney & Fowler 2019) | Gidney 2018 temporary AND: 4 T to compute, 0 to uncompute","Toffoli = CCZ up to Clifford conjugation; 7-T forms are exact Clifford+T decompositions; 4-T form is exact given one clean ancilla and feed-forward; compute half of a temporary AND, uncompute is free"
qmpa_add16,g00035,and,35,10 27 11,25,g00061,ccz t4,ccz:CCZ=1 t4:T=4,1 1,"Toffoli is a CCZ up to Cliffords; one CCZ state (Gidney & Fowler 2019) | Gidney 2018 temporary AND: 4 T to compute, 0 to uncompute","Toffoli = CCZ up to Clifford conjugation; 7-T forms are exact Clifford+T decompositions; 4-T form is exact given one clean ancilla and feed-forward; compute half of a temporary AND, uncompute is free"
qmpa_add16,g00038,and,38,11 28 12,27,g00058,ccz t4,ccz:CCZ=1 t4:T=4,1 1,"Toffoli is a CCZ up to Cliffords; one CCZ state (Gidney & Fowler 2019) | Gidney 2018 temporary AND: 4 T to compute, 0 to uncompute","Toffoli = CCZ up to Clifford conjugation; 7-T forms are exact Clifford+T decompositions; 4-T form is exact given one clean ancilla and feed-forward; compute half of a temporary AND, uncompute is free"
qmpa_add16,g00041,and,41,12 29 13,29,g00055,ccz t4,ccz:CCZ=1 t4:T=4,1 1,"Toffoli is a CCZ up to Cliffords; one CCZ state (Gidney & Fowler 2019) | Gidney 2018 temporary AND: 4 T to compute, 0 to uncompute","Toffoli = CCZ up to Clifford conjugation; 7-T forms are exact Clifford+T decompositions; 4-T form is exact given one clean ancilla and feed-forward; compute half of a temporary AND, uncompute is free"
qmpa_add16,g00044,and,44,13 30 14,31,g00052,ccz t4,ccz:CCZ=1 t4:T=4,1 1,"Toffoli is a CCZ up to Cliffords; one CCZ state (Gidney & Fowler 2019) | Gidney 2018 temporary AND: 4 T to compute, 0 to uncompute","Toffoli = CCZ up to Clifford conjugation; 7-T forms are exact Clifford+T decompositions; 4-T form is exact given one clean ancilla and feed-forward; compute half of a temporary AND, uncompute is free"
qmpa_add16,g00047,and,47,14 31 15,33,g00049,ccz t4,ccz:CCZ=1 t4:T=4,1 1,"Toffoli is a CCZ up to Cliffords; one CCZ state (Gidney & Fowler 2019) | Gidney 2018 temporary AND: 4 T to compute, 0 to uncompute","Toffoli = CCZ up to Clifford conjugation; 7-T forms are exact Clifford+T decompositions; 4-T form is exact given one clean ancilla and feed-forward; compute half of a temporary AND, uncompute is free"
qmpa_add16,g00049,and_uncompute,49,14 31 15,35,g00047,uncompute_and_meas,uncompute_and_meas:clifford,0,"Gidney 2018: measurement-based uncomputation of a temporary AND, no magic states; legal because the paired compute writes a fresh ancilla and no control is written in between",Erasing the ancilla that holds the AND reproduces the second Toffoli exactly because both controls are unchanged since the compute
qmpa_add16,g00052,and_uncompute,52,13 30 14,38,g00044,uncompute_and_meas,uncompute_and_meas:clifford,0,"Gidney 2018: measurement-based uncomputation of a temporary AND, no magic states; legal because the paired compute writes a fresh ancilla and no control is written in between",Erasing the ancilla that holds the AND reproduces the second Toffoli exactly because both controls are unchanged since the compute
qmpa_add16,g00055,and_uncompute,55,12 29 13,41,g00041,uncompute_and_meas,uncompute_and_meas:clifford,0,"Gidney 2018: measurement-based uncomputation of a temporary AND, no magic states; legal because the paired compute writes a fresh ancilla and no control is written in between",Erasing the ancilla that holds the AND reproduces the second Toffoli exactly because both controls are unchanged since the compute
qmpa_add16,g00058,and_uncompute,58,11 28 12,44,g00038,uncompute_and_meas,uncompute_and_meas:clifford,0,"Gidney 2018: measurement-based uncomputation of a temporary AND, no magic states; legal because the paired compute writes a fresh ancilla and no control is written in between",Erasing the ancilla that holds the AND reproduces the second Toffoli exactly because both controls are unchanged since the compute
qmpa_add16,g00061,and_uncompute,61,10 27 11,47,g00035,uncompute_and_meas,uncompute_and_meas:clifford,0,"Gidney 2018: measurement-based uncomputation of a temporary AND, no magic states; legal because the paired compute writes a fresh ancilla and no control is written in between",Erasing the ancilla that holds the AND reproduces the second Toffoli exactly because both controls are unchanged since the compute
qmpa_add16,g00064,and_uncompute,64,9 26 10,50,g00032,uncompute_and_meas,uncompute_and_meas:clifford,0,"Gidney 2018: measurement-based uncomputation of a temporary AND, no magic states; legal because the paired compute writes a fresh ancilla and no control is written in between",Erasing the ancilla that holds the AND reproduces the second Toffoli exactly because both controls are unchanged since the compute
qmpa_add16,g00067,and_uncompute,67,8 25 9,53,g00029,uncompute_and_meas,uncompute_and_meas:clifford,0,"Gidney 2018: measurement-based uncomputation of a temporary AND, no magic states; legal because the paired compute writes a fresh ancilla and no control is written in between",Erasing the ancilla that holds the AND reproduces the second Toffoli exactly because both controls are unchanged since the compute
qmpa_add16,g00070,and_uncompute,70,7 24 8,56,g00026,uncompute_and_meas,uncompute_and_meas:clifford,0,"Gidney 2018: measurement-based uncomputation of a temporary AND, no magic states; legal because the paired compute writes a fresh ancilla and no control is written in between",Erasing the ancilla that holds the AND reproduces the second Toffoli exactly because both controls are unchanged since the compute
qmpa_add16,g00073,and_uncompute,73,6 23 7,59,g00023,uncompute_and_meas,uncompute_and_meas:clifford,0,"Gidney 2018: measurement-based uncomputation of a temporary AND, no magic states; legal because the paired compute writes a fresh ancilla and no control is written in between",Erasing the ancilla that holds the AND reproduces the second Toffoli exactly because both controls are unchanged since the compute
qmpa_add16,g00076,and_uncompute,76,5 22 6,62,g00020,uncompute_and_meas,uncompute_and_meas:clifford,0,"Gidney 2018: measurement-based uncomputation of a temporary AND, no magic states; legal because the paired compute writes a fresh ancilla and no control is written in between",Erasing the ancilla that holds the AND reproduces the second Toffoli exactly because both controls are unchanged since the compute
qmpa_add16,g00079,and_uncompute,79,4 21 5,65,g00017,uncompute_and_meas,uncompute_and_meas:clifford,0,"Gidney 2018: measurement-based uncomputation of a temporary AND, no magic states; legal because the paired compute writes a fresh ancilla and no control is written in between",Erasing the ancilla that holds the AND reproduces the second Toffoli exactly because both controls are unchanged since the compute
qmpa_add16,g00082,and_uncompute,82,3 20 4,68,g00014,uncompute_and_meas,uncompute_and_meas:clifford,0,"Gidney 2018: measurement-based uncomputation of a temporary AND, no magic states; legal because the paired compute writes a fresh ancilla and no control is written in between",Erasing the ancilla that holds the AND reproduces the second Toffoli exactly because both controls are unchanged since the compute
qmpa_add16,g00085,and_uncompute,85,2 19 3,71,g00011,uncompute_and_meas,uncompute_and_meas:clifford,0,"Gidney 2018: measurement-based uncomputation of a temporary AND, no magic states; legal because the paired compute writes a fresh ancilla and no control is written in between",Erasing the ancilla that holds the AND reproduces the second Toffoli exactly because both controls are unchanged since the compute
qmpa_add16,g00088,and_uncompute,88,1 18 2,74,g00008,uncompute_and_meas,uncompute_and_meas:clifford,0,"Gidney 2018: measurement-based uncomputation of a temporary AND, no magic states; legal because the paired compute writes a fresh ancilla and no control is written in between",Erasing the ancilla that holds the AND reproduces the second Toffoli exactly because both controls are unchanged since the compute
qmpa_add16,g00091,and_uncompute,91,0 17 1,77,g00005,uncompute_and_meas,uncompute_and_meas:clifford,0,"Gidney 2018: measurement-based uncomputation of a temporary AND, no magic states; legal because the paired compute writes a fresh ancilla and no control is written in between",Erasing the ancilla that holds the AND reproduces the second Toffoli exactly because both controls are unchanged since the compute
qmpa_add16,g00094,and_uncompute,94,33 16 0,80,g00002,uncompute_and_meas,uncompute_and_meas:clifford,0,"Gidney 2018: measurement-based uncomputation of a temporary AND, no magic states; legal because the paired compute writes a fresh ancilla and no control is written in between",Erasing the ancilla that holds the AND reproduces the second Toffoli exactly because both controls are unchanged since the compute
qmpa_add32,g00002,and,2,65 32 0,3,g00190,ccz t4,ccz:CCZ=1 t4:T=4,1 1,"Toffoli is a CCZ up to Cliffords; one CCZ state (Gidney & Fowler 2019) | Gidney 2018 temporary AND: 4 T to compute, 0 to uncompute","Toffoli = CCZ up to Clifford conjugation; 7-T forms are exact Clifford+T decompositions; 4-T form is exact given one clean ancilla and feed-forward; compute half of a temporary AND, uncompute is free"
qmpa_add32,g00005,and,5,0 33 1,5,g00187,ccz t4,ccz:CCZ=1 t4:T=4,1 1,"Toffoli is a CCZ up to Cliffords; one CCZ state (Gidney & Fowler 2019) | Gidney 2018 temporary AND: 4 T to compute, 0 to uncompute","Toffoli = CCZ up to Clifford conjugation; 7-T forms are exact Clifford+T decompositions; 4-T form is exact given one clean ancilla and feed-forward; compute half of a temporary AND, uncompute is free"
qmpa_add32,g00008,and,8,1 34 2,7,g00184,ccz t4,ccz:CCZ=1 t4:T=4,1 1,"Toffoli is a CCZ up to Cliffords; one CCZ state (Gidney & Fowler 2019) | Gidney 2018 temporary AND: 4 T to compute, 0 to uncompute","Toffoli = CCZ up to Clifford conjugation; 7-T forms are exact Clifford+T decompositions; 4-T form is exact given one clean ancilla and feed-forward; compute half of a temporary AND, uncompute is free"
qmpa_add32,g00011,and,11,2 35 3,9,g00181,ccz t4,ccz:CCZ=1 t4:T=4,1 1,"Toffoli is a CCZ up to Cliffords; one CCZ state (Gidney & Fowler 2019) | Gidney 2018 temporary AND: 4 T to compute, 0 to uncompute","Toffoli = CCZ up to Clifford conjugation; 7-T forms are exact Clifford+T decompositions; 4-T form is exact given one clean ancilla and feed-forward; compute half of a temporary AND, uncompute is free"
qmpa_add32,g00014,and,14,3 36 4,11,g00178,ccz t4,ccz:CCZ=1 t4:T=4,1 1,"Toffoli is a CCZ up to Cliffords; one CCZ state (Gidney & Fowler 2019) | Gidney 2018 temporary AND: 4 T to compute, 0 to uncompute","Toffoli = CCZ up to Clifford conjugation; 7-T forms are exact Clifford+T decompositions; 4-T form is exact given one clean ancilla and feed-forward; compute half of a temporary AND, uncompute is free"
qmpa_add32,g00017,and,17,4 37 5,13,g00175,ccz t4,ccz:CCZ=1 t4:T=4,1 1,"Toffoli is a CCZ up to Cliffords; one CCZ state (Gidney & Fowler 2019) | Gidney 2018 temporary AND: 4 T to compute, 0 to uncompute","Toffoli = CCZ up to Clifford conjugation; 7-T forms are exact Clifford+T decompositions; 4-T form is exact given one clean ancilla and feed-forward; compute half of a temporary AND, uncompute is free"
qmpa_add32,g00020,and,20,5 38 6,15,g00172,ccz t4,ccz:CCZ=1 t4:T=4,1 1,"Toffoli is a CCZ up to Cliffords; one CCZ state (Gidney & Fowler 2019) | Gidney 2018 temporary AND: 4 T to compute, 0 to uncompute","Toffoli = CCZ up to Clifford conjugation; 7-T forms are exact Clifford+T decompositions; 4-T form is exact given one clean ancilla and feed-forward; compute half of a temporary AND, uncompute is free"
qmpa_add32,g00023,and,23,6 39 7,17,g00169,ccz t4,ccz:CCZ=1 t4:T=4,1 1,"Toffoli is a CCZ up to Cliffords; one CCZ state (Gidney & Fowler 2019) | Gidney 2018 temporary AND: 4 T to compute, 0 to uncompute","Toffoli = CCZ up to Clifford conjugation; 7-T forms are exact Clifford+T decompositions; 4-T form is exact given one clean ancilla and feed-forward; compute half of a temporary AND, uncompute is free"
qmpa_add32,g00026,and,26,7 40 8,19,g00166,ccz t4,ccz:CCZ=1 t4:T=4,1 1,"Toffoli is a CCZ up to Cliffords; one CCZ state (Gidney & Fowler 2019) | Gidney 2018 temporary AND: 4 T to compute, 0 to uncompute","Toffoli = CCZ up to Clifford conjugation; 7-T forms are exact Clifford+T decompositions; 4-T form is exact given one clean ancilla and feed-forward; compute half of a temporary AND, uncompute is free"
qmpa_add32,g00029,and,29,8 41 9,21,g00163,ccz t4,ccz:CCZ=1 t4:T=4,1 1,"Toffoli is a CCZ up to Cliffords; one CCZ state (Gidney & Fowler 2019) | Gidney 2018 temporary AND: 4 T to compute, 0 to uncompute","Toffoli = CCZ up to Clifford conjugation; 7-T forms are exact Clifford+T decompositions; 4-T form is exact given one clean ancilla and feed-forward; compute half of a temporary AND, uncompute is free"
qmpa_add32,g00032,and,32,9 42 10,23,g00160,ccz t4,ccz:CCZ=1 t4:T=4,1 1,"Toffoli is a CCZ up to Cliffords; one CCZ state (Gidney & Fowler 2019) | Gidney 2018 temporary AND: 4 T to compute, 0 to uncompute","Toffoli = CCZ up to Clifford conjugation; 7-T forms are exact Clifford+T decompositions; 4-T form is exact given one clean ancilla and feed-forward; compute half of a temporary AND, uncompute is free"
qmpa_add32,g00035,and,35,10 43 11,25,g00157,ccz t4,ccz:CCZ=1 t4:T=4,1 1,"Toffoli is a CCZ up to Cliffords; one CCZ state (Gidney & Fowler 2019) | Gidney 2018 temporary AND: 4 T to compute, 0 to uncompute","Toffoli = CCZ up to Clifford conjugation; 7-T forms are exact Clifford+T decompositions; 4-T form is exact given one clean ancilla and feed-forward; compute half of a temporary AND, uncompute is free"
qmpa_add32,g00038,and,38,11 44 12,27,g00154,ccz t4,ccz:CCZ=1 t4:T=4,1 1,"Toffoli is a CCZ up to Cliffords; one CCZ state (Gidney & Fowler 2019) | Gidney 2018 temporary AND: 4 T to compute, 0 to uncompute","Toffoli = CCZ up to Clifford conjugation; 7-T forms are exact Clifford+T decompositions; 4-T form is exact given one clean ancilla and feed-forward; compute half of a temporary AND, uncompute is free"
qmpa_add32,g00041,and,41,12 45 13,29,g00151,ccz t4,ccz:CCZ=1 t4:T=4,1 1,"Toffoli is a CCZ up to Cliffords; one CCZ state (Gidney & Fowler 2019) | Gidney 2018 temporary AND: 4 T to compute, 0 to uncompute","Toffoli = CCZ up to Clifford conjugation; 7-T forms are exact Clifford+T decompositions; 4-T form is exact given one clean ancilla and feed-forward; compute half of a temporary AND, uncompute is free"
qmpa_add32,g00044,and,44,13 46 14,31,g00148,ccz t4,ccz:CCZ=1 t4:T=4,1 1,"Toffoli is a CCZ up to Cliffords; one CCZ state (Gidney & Fowler 2019) | Gidney 2018 temporary AND: 4 T to compute, 0 to uncompute","Toffoli = CCZ up to Clifford conjugation; 7-T forms are exact Clifford+T decompositions; 4-T form is exact given one clean ancilla and feed-forward; compute half of a temporary AND, uncompute is free"
qmpa_add32,g00047,and,47,14 47 15,33,g00145,ccz t4,ccz:CCZ=1 t4:T=4,1 1,"Toffoli is a CCZ up to Cliffords; one CCZ state (Gidney & Fowler 2019) | Gidney 2018 temporary AND: 4 T to compute, 0 to uncompute","Toffoli = CCZ up to Clifford conjugation; 7-T forms are exact Clifford+T decompositions; 4-T form is exact given one clean ancilla and feed-forward; compute half of a temporary AND, uncompute is free"
qmpa_add32,g00050,and,50,15 48 16,35,g00142,ccz t4,ccz:CCZ=1 t4:T=4,1 1,"Toffoli is a CCZ up to Cliffords; one CCZ state (Gidney & Fowler 2019) | Gidney 2018 temporary AND: 4 T to compute, 0 to uncompute","Toffoli = CCZ up to Clifford conjugation; 7-T forms are exact Clifford+T decompositions; 4-T form is exact given one clean ancilla and feed-forward; compute half of a temporary AND, uncompute is free"
qmpa_add32,g00053,and,53,16 49 17,37,g00139,ccz t4,ccz:CCZ=1 t4:T=4,1 1,"Toffoli is a CCZ up to Cliffords; one CCZ state (Gidney & Fowler 2019) | Gidney 2018 temporary AND: 4 T to compute, 0 to uncompute","Toffoli = CCZ up to Clifford conjugation; 7-T forms are exact Clifford+T decompositions; 4-T form is exact given one clean ancilla and feed-forward; compute half of a temporary AND, uncompute is free"
qmpa_add32,g00056,and,56,17 50 18,39,g00136,ccz t4,ccz:CCZ=1 t4:T=4,1 1,"Toffoli is a CCZ up to Cliffords; one CCZ state (Gidney & Fowler 2019) | Gidney 2018 temporary AND: 4 T to compute, 0 to uncompute","Toffoli = CCZ up to Clifford conjugation; 7-T forms are exact Clifford+T decompositions; 4-T form is exact given one clean ancilla and feed-forward; compute half of a temporary AND, uncompute is free"
qmpa_add32,g00059,and,59,18 51 19,41,g00133,ccz t4,ccz:CCZ=1 t4:T=4,1 1,"Toffoli is a CCZ up to Cliffords; one CCZ state (Gidney & Fowler 2019) | Gidney 2018 temporary AND: 4 T to compute, 0 to uncompute","Toffoli = CCZ up to Clifford conjugation; 7-T forms are exact Clifford+T decompositions; 4-T form is exact given one clean ancilla and feed-forward; compute half of a temporary AND, uncompute is free"
qmpa_add32,g00062,and,62,19 52 20,43,g00130,ccz t4,ccz:CCZ=1 t4:T=4,1 1,"Toffoli is a CCZ up to Cliffords; one CCZ state (Gidney & Fowler 2019) | Gidney 2018 temporary AND: 4 T to compute, 0 to uncompute","Toffoli = CCZ up to Clifford conjugation; 7-T forms are exact Clifford+T decompositions; 4-T form is exact given one clean ancilla and feed-forward; compute half of a temporary AND, uncompute is free"
qmpa_add32,g00065,and,65,20 53 21,45,g00127,ccz t4,ccz:CCZ=1 t4:T=4,1 1,"Toffoli is a CCZ up to Cliffords; one CCZ state (Gidney & Fowler 2019) | Gidney 2018 temporary AND: 4 T to compute, 0 to uncompute","Toffoli = CCZ up to Clifford conjugation; 7-T forms are exact Clifford+T decompositions; 4-T form is exact given one clean ancilla and feed-forward; compute half of a temporary AND, uncompute is free"
qmpa_add32,g00068,and,68,21 54 22,47,g00124,ccz t4,ccz:CCZ=1 t4:T=4,1 1,"Toffoli is a CCZ up to Cliffords; one CCZ state (Gidney & Fowler 2019) | Gidney 2018 temporary AND: 4 T to compute, 0 to uncompute","Toffoli = CCZ up to Clifford conjugation; 7-T forms are exact Clifford+T decompositions; 4-T form is exact given one clean ancilla and feed-forward; compute half of a temporary AND, uncompute is free"
qmpa_add32,g00071,and,71,22 55 23,49,g00121,ccz t4,ccz:CCZ=1 t4:T=4,1 1,"Toffoli is a CCZ up to Cliffords; one CCZ state (Gidney & Fowler 2019) | Gidney 2018 temporary AND: 4 T to compute, 0 to uncompute","Toffoli = CCZ up to Clifford conjugation; 7-T forms are exact Clifford+T decompositions; 4-T form is exact given one clean ancilla and feed-forward; compute half of a temporary AND, uncompute is free"
qmpa_add32,g00074,and,74,23 56 24,51,g00118,ccz t4,ccz:CCZ=1 t4:T=4,1 1,"Toffoli is a CCZ up to Cliffords; one CCZ state (Gidney & Fowler 2019) | Gidney 2018 temporary AND: 4 T to compute, 0 to uncompute","Toffoli = CCZ up to Clifford conjugation; 7-T forms are exact Clifford+T decompositions; 4-T form is exact given one clean ancilla and feed-forward; compute half of a temporary AND, uncompute is free"
qmpa_add32,g00077,and,77,24 57 25,53,g00115,ccz t4,ccz:CCZ=1 t4:T=4,1 1,"Toffoli is a CCZ up to Cliffords; one CCZ state (Gidney & Fowler 2019) | Gidney 2018 temporary AND: 4 T to compute, 0 to uncompute","Toffoli = CCZ up to Clifford conjugation; 7-T forms are exact Clifford+T decompositions; 4-T form is exact given one clean ancilla and feed-forward; compute half of a temporary AND, uncompute is free"
qmpa_add32,g00080,and,80,25 58 26,55,g00112,ccz t4,ccz:CCZ=1 t4:T=4,1 1,"Toffoli is a CCZ up to Cliffords; one CCZ state (Gidney & Fowler 2019) | Gidney 2018 temporary AND: 4 T to compute, 0 to uncompute","Toffoli = CCZ up to Clifford conjugation; 7-T forms are exact Clifford+T decompositions; 4-T form is exact given one clean ancilla and feed-forward; compute half of a temporary AND, uncompute is free"
qmpa_add32,g00083,and,83,26 59 27,57,g00109,ccz t4,ccz:CCZ=1 t4:T=4,1 1,"Toffoli is a CCZ up to Cliffords; one CCZ state (Gidney & Fowler 2019) | Gidney 2018 temporary AND: 4 T to compute, 0 to uncompute","Toffoli = CCZ up to Clifford conjugation; 7-T forms are exact Clifford+T decompositions; 4-T form is exact given one clean ancilla and feed-forward; compute half of a temporary AND, uncompute is free"
qmpa_add32,g00086,and,86,27 60 28,59,g00106,ccz t4,ccz:CCZ=1 t4:T=4,1 1,"Toffoli is a CCZ up to Cliffords; one CCZ state (Gidney & Fowler 2019) | Gidney 2018 temporary AND: 4 T to compute, 0 to uncompute","Toffoli = CCZ up to Clifford conjugation; 7-T forms are exact Clifford+T decompositions; 4-T form is exact given one clean ancilla and feed-forward; compute half of a temporary AND, uncompute is free"
qmpa_add32,g00089,and,89,28 61 29,61,g00103,ccz t4,ccz:CCZ=1 t4:T=4,1 1,"Toffoli is a CCZ up to Cliffords; one CCZ state (Gidney & Fowler 2019) | Gidney 2018 temporary AND: 4 T to compute, 0 to uncompute","Toffoli = CCZ up to Clifford conjugation; 7-T forms are exact Clifford+T decompositions; 4-T form is exact given one clean ancilla and feed-forward; compute half of a temporary AND, uncompute is free"
qmpa_add32,g00092,and,92,29 62 30,63,g00100,ccz t4,ccz:CCZ=1 t4:T=4,1 1,"Toffoli is a CCZ up to Cliffords; one CCZ state (Gidney & Fowler 2019) | Gidney 2018 temporary AND: 4 T to compute, 0 to uncompute","Toffoli = CCZ up to Clifford conjugation; 7-T forms are exact Clifford+T decompositions; 4-T form is exact given one clean ancilla and feed-forward; compute half of a temporary AND, uncompute is free"
qmpa_add32,g00095,and,95,30 63 31,65,g00097,ccz t4,ccz:CCZ=1 t4:T=4,1 1,"Toffoli is a CCZ up to Cliffords; one CCZ state (Gidney & Fowler 2019) | Gidney 2018 temporary AND: 4 T to compute, 0 to uncompute","Toffoli = CCZ up to Clifford conjugation; 7-T forms are exact Clifford+T decompositions; 4-T form is exact given one clean ancilla and feed-forward; compute half of a temporary AND, uncompute is free"
qmpa_add32,g00097,and_uncompute,97,30 63 31,67,g00095,uncompute_and_meas,uncompute_and_meas:clifford,0,"Gidney 2018: measurement-based uncomputation of a temporary AND, no magic states; legal because the paired compute writes a fresh ancilla and no control is written in between",Erasing the ancilla that holds the AND reproduces the second Toffoli exactly because both controls are unchanged since the compute
qmpa_add32,g00100,and_uncompute,100,29 62 30,70,g00092,uncompute_and_meas,uncompute_and_meas:clifford,0,"Gidney 2018: measurement-based uncomputation of a temporary AND, no magic states; legal because the paired compute writes a fresh ancilla and no control is written in between",Erasing the ancilla that holds the AND reproduces the second Toffoli exactly because both controls are unchanged since the compute
qmpa_add32,g00103,and_uncompute,103,28 61 29,73,g00089,uncompute_and_meas,uncompute_and_meas:clifford,0,"Gidney 2018: measurement-based uncomputation of a temporary AND, no magic states; legal because the paired compute writes a fresh ancilla and no control is written in between",Erasing the ancilla that holds the AND reproduces the second Toffoli exactly because both controls are unchanged since the compute
qmpa_add32,g00106,and_uncompute,106,27 60 28,76,g00086,uncompute_and_meas,uncompute_and_meas:clifford,0,"Gidney 2018: measurement-based uncomputation of a temporary AND, no magic states; legal because the paired compute writes a fresh ancilla and no control is written in between",Erasing the ancilla that holds the AND reproduces the second Toffoli exactly because both controls are unchanged since the compute
qmpa_add32,g00109,and_uncompute,109,26 59 27,79,g00083,uncompute_and_meas,uncompute_and_meas:clifford,0,"Gidney 2018: measurement-based uncomputation of a temporary AND, no magic states; legal because the paired compute writes a fresh ancilla and no control is written in between",Erasing the ancilla that holds the AND reproduces the second Toffoli exactly because both controls are unchanged since the compute
qmpa_add32,g00112,and_uncompute,112,25 58 26,82,g00080,uncompute_and_meas,uncompute_and_meas:clifford,0,"Gidney 2018: measurement-based uncomputation of a temporary AND, no magic states; legal because the paired compute writes a fresh ancilla and no control is written in between",Erasing the ancilla that holds the AND reproduces the second Toffoli exactly because both controls are unchanged since the compute
qmpa_add32,g00115,and_uncompute,115,24 57 25,85,g00077,uncompute_and_meas,uncompute_and_meas:clifford,0,"Gidney 2018: measurement-based uncomputation of a temporary AND, no magic states; legal because the paired compute writes a fresh ancilla and no control is written in between",Erasing the ancilla that holds the AND reproduces the second Toffoli exactly because both controls are unchanged since the compute
qmpa_add32,g00118,and_uncompute,118,23 56 24,88,g00074,uncompute_and_meas,uncompute_and_meas:clifford,0,"Gidney 2018: measurement-based uncomputation of a temporary AND, no magic states; legal because the paired compute writes a fresh ancilla and no control is written in between",Erasing the ancilla that holds the AND reproduces the second Toffoli exactly because both controls are unchanged since the compute
qmpa_add32,g00121,and_uncompute,121,22 55 23,91,g00071,uncompute_and_meas,uncompute_and_meas:clifford,0,"Gidney 2018: measurement-based uncomputation of a temporary AND, no magic states; legal because the paired compute writes a fresh ancilla and no control is written in between",Erasing the ancilla that holds the AND reproduces the second Toffoli exactly because both controls are unchanged since the compute
qmpa_add32,g00124,and_uncompute,124,21 54 22,94,g00068,uncompute_and_meas,uncompute_and_meas:clifford,0,"Gidney 2018: measurement-based uncomputation of a temporary AND, no magic states; legal because the paired compute writes a fresh ancilla and no control is written in between",Erasing the ancilla that holds the AND reproduces the second Toffoli exactly because both controls are unchanged since the compute
qmpa_add32,g00127,and_uncompute,127,20 53 21,97,g00065,uncompute_and_meas,uncompute_and_meas:clifford,0,"Gidney 2018: measurement-based uncomputation of a temporary AND, no magic states; legal because the paired compute writes a fresh ancilla and no control is written in between",Erasing the ancilla that holds the AND reproduces the second Toffoli exactly because both controls are unchanged since the compute
qmpa_add32,g00130,and_uncompute,130,19 52 20,100,g00062,uncompute_and_meas,uncompute_and_meas:clifford,0,"Gidney 2018: measurement-based uncomputation of a temporary AND, no magic states; legal because the paired compute writes a fresh ancilla and no control is written in between",Erasing the ancilla that holds the AND reproduces the second Toffoli exactly because both controls are unchanged since the compute
qmpa_add32,g00133,and_uncompute,133,18 51 19,103,g00059,uncompute_and_meas,uncompute_and_meas:clifford,0,"Gidney 2018: measurement-based uncomputation of a temporary AND, no magic states; legal because the paired compute writes a fresh ancilla and no control is written in between",Erasing the ancilla that holds the AND reproduces the second Toffoli exactly because both controls are unchanged since the compute
qmpa_add32,g00136,and_uncompute,136,17 50 18,106,g00056,uncompute_and_meas,uncompute_and_meas:clifford,0,"Gidney 2018: measurement-based uncomputation of a temporary AND, no magic states; legal because the paired compute writes a fresh ancilla and no control is written in between",Erasing the ancilla that holds the AND reproduces the second Toffoli exactly because both controls are unchanged since the compute
qmpa_add32,g00139,and_uncompute,139,16 49 17,109,g00053,uncompute_and_meas,uncompute_and_meas:clifford,0,"Gidney 2018: measurement-based uncomputation of a temporary AND, no magic states; legal because the paired compute writes a fresh ancilla and no control is written in between",Erasing the ancilla that holds the AND reproduces the second Toffoli exactly because both controls are unchanged since the compute
qmpa_add32,g00142,and_uncompute,142,15 48 16,112,g00050,uncompute_and_meas,uncompute_and_meas:clifford,0,"Gidney 2018: measurement-based uncomputation of a temporary AND, no magic states; legal because the paired compute writes a fresh ancilla and no control is written in between",Erasing the ancilla that holds the AND reproduces the second Toffoli exactly because both controls are unchanged since the compute
qmpa_add32,g00145,and_uncompute,145,14 47 15,115,g00047,uncompute_and_meas,uncompute_and_meas:clifford,0,"Gidney 2018: measurement-based uncomputation of a temporary AND, no magic states; legal because the paired compute writes a fresh ancilla and no control is written in between",Erasing the ancilla that holds the AND reproduces the second Toffoli exactly because both controls are unchanged since the compute
qmpa_add32,g00148,and_uncompute,148,13 46 14,118,g00044,uncompute_and_meas,uncompute_and_meas:clifford,0,"Gidney 2018: measurement-based uncomputation of a temporary AND, no magic states; legal because the paired compute writes a fresh ancilla and no control is written in between",Erasing the ancilla that holds the AND reproduces the second Toffoli exactly because both controls are unchanged since the compute
qmpa_add32,g00151,and_uncompute,151,12 45 13,121,g00041,uncompute_and_meas,uncompute_and_meas:clifford,0,"Gidney 2018: measurement-based uncomputation of a temporary AND, no magic states; legal because the paired compute writes a fresh ancilla and no control is written in between",Erasing the ancilla that holds the AND reproduces the second Toffoli exactly because both controls are unchanged since the compute
qmpa_add32,g00154,and_uncompute,154,11 44 12,124,g00038,uncompute_and_meas,uncompute_and_meas:clifford,0,"Gidney 2018: measurement-based uncomputation of a temporary AND, no magic states; legal because the paired compute writes a fresh ancilla and no control is written in between",Erasing the ancilla that holds the AND reproduces the second Toffoli exactly because both controls are unchanged since the compute
qmpa_add32,g00157,and_uncompute,157,10 43 11,127,g00035,uncompute_and_meas,uncompute_and_meas:clifford,0,"Gidney 2018: measurement-based uncomputation of a temporary AND, no magic states; legal because the paired compute writes a fresh ancilla and no control is written in between",Erasing the ancilla that holds the AND reproduces the second Toffoli exactly because both controls are unchanged since the compute
qmpa_add32,g00160,and_uncompute,160,9 42 10,130,g00032,uncompute_and_meas,uncompute_and_meas:clifford,0,"Gidney 2018: measurement-based uncomputation of a temporary AND, no magic states; legal because the paired compute writes a fresh ancilla and no control is written in between",Erasing the ancilla that holds the AND reproduces the second Toffoli exactly because both controls are unchanged since the compute
qmpa_add32,g00163,and_uncompute,163,8 41 9,133,g00029,uncompute_and_meas,uncompute_and_meas:clifford,0,"Gidney 2018: measurement-based uncomputation of a temporary AND, no magic states; legal because the paired compute writes a fresh ancilla and no control is written in between",Erasing the ancilla that holds the AND reproduces the second Toffoli exactly because both controls are unchanged since the compute
qmpa_add32,g00166,and_uncompute,166,7 40 8,136,g00026,uncompute_and_meas,uncompute_and_meas:clifford,0,"Gidney 2018: measurement-based uncomputation of a temporary AND, no magic states; legal because the paired compute writes a fresh ancilla and no control is written in between",Erasing the ancilla that holds the AND reproduces the second Toffoli exactly because both controls are unchanged since the compute
qmpa_add32,g00169,and_uncompute,169,6 39 7,139,g00023,uncompute_and_meas,uncompute_and_meas:clifford,0,"Gidney 2018: measurement-based uncomputation of a temporary AND, no magic states; legal because the paired compute writes a fresh ancilla and no control is written in between",Erasing the ancilla that holds the AND reproduces the second Toffoli exactly because both controls are unchanged since the compute
qmpa_add32,g00172,and_uncompute,172,5 38 6,142,g00020,uncompute_and_meas,uncompute_and_meas:clifford,0,"Gidney 2018: measurement-based uncomputation of a temporary AND, no magic states; legal because the paired compute writes a fresh ancilla and no control is written in between",Erasing the ancilla that holds the AND reproduces the second Toffoli exactly because both controls are unchanged since the compute
qmpa_add32,g00175,and_uncompute,175,4 37 5,145,g00017,uncompute_and_meas,uncompute_and_meas:clifford,0,"Gidney 2018: measurement-based uncomputation of a temporary AND, no magic states; legal because the paired compute writes a fresh ancilla and no control is written in between",Erasing the ancilla that holds the AND reproduces the second Toffoli exactly because both controls are unchanged since the compute
qmpa_add32,g00178,and_uncompute,178,3 36 4,148,g00014,uncompute_and_meas,uncompute_and_meas:clifford,0,"Gidney 2018: measurement-based uncomputation of a temporary AND, no magic states; legal because the paired compute writes a fresh ancilla and no control is written in between",Erasing the ancilla that holds the AND reproduces the second Toffoli exactly because both controls are unchanged since the compute
qmpa_add32,g00181,and_uncompute,181,2 35 3,151,g00011,uncompute_and_meas,uncompute_and_meas:clifford,0,"Gidney 2018: measurement-based uncomputation of a temporary AND, no magic states; legal because the paired compute writes a fresh ancilla and no control is written in between",Erasing the ancilla that holds the AND reproduces the second Toffoli exactly because both controls are unchanged since the compute
qmpa_add32,g00184,and_uncompute,184,1 34 2,154,g00008,uncompute_and_meas,uncompute_and_meas:clifford,0,"Gidney 2018: measurement-based uncomputation of a temporary AND, no magic states; legal because the paired compute writes a fresh ancilla and no control is written in between",Erasing the ancilla that holds the AND reproduces the second Toffoli exactly because both controls are unchanged since the compute
qmpa_add32,g00187,and_uncompute,187,0 33 1,157,g00005,uncompute_and_meas,uncompute_and_meas:clifford,0,"Gidney 2018: measurement-based uncomputation of a temporary AND, no magic states; legal because the paired compute writes a fresh ancilla and no control is written in between",Erasing the ancilla that holds the AND reproduces the second Toffoli exactly because both controls are unchanged since the compute
qmpa_add32,g00190,and_uncompute,190,65 32 0,160,g00002,uncompute_and_meas,uncompute_and_meas:clifford,0,"Gidney 2018: measurement-based uncomputation of a temporary AND, no magic states; legal because the paired compute writes a fresh ancilla and no control is written in between",Erasing the ancilla that holds the AND reproduces the second Toffoli exactly because both controls are unchanged since the compute
qmpa_mul4,g00000,and,0,0 4 17,1,g00053,ccz t4,ccz:CCZ=1 t4:T=4,1 1,"Toffoli is a CCZ up to Cliffords; one CCZ state (Gidney & Fowler 2019) | Gidney 2018 temporary AND: 4 T to compute, 0 to uncompute","Toffoli = CCZ up to Clifford conjugation; 7-T forms are exact Clifford+T decompositions; 4-T form is exact given one clean ancilla and feed-forward; compute half of a temporary AND, uncompute is free"
qmpa_mul4,g00001,and,1,0 5 18,2,g00054,ccz t4,ccz:CCZ=1 t4:T=4,1 1,"Toffoli is a CCZ up to Cliffords; one CCZ state (Gidney & Fowler 2019) | Gidney 2018 temporary AND: 4 T to compute, 0 to uncompute","Toffoli = CCZ up to Clifford conjugation; 7-T forms are exact Clifford+T decompositions; 4-T form is exact given one clean ancilla and feed-forward; compute half of a temporary AND, uncompute is free"
qmpa_mul4,g00002,and,2,0 6 19,3,g00055,ccz t4,ccz:CCZ=1 t4:T=4,1 1,"Toffoli is a CCZ up to Cliffords; one CCZ state (Gidney & Fowler 2019) | Gidney 2018 temporary AND: 4 T to compute, 0 to uncompute","Toffoli = CCZ up to Clifford conjugation; 7-T forms are exact Clifford+T decompositions; 4-T form is exact given one clean ancilla and feed-forward; compute half of a temporary AND, uncompute is free"
qmpa_mul4,g00003,and,3,0 7 20,4,g00056,ccz t4,ccz:CCZ=1 t4:T=4,1 1,"Toffoli is a CCZ up to Cliffords; one CCZ state (Gidney & Fowler 2019) | Gidney 2018 temporary AND: 4 T to compute, 0 to uncompute","Toffoli = CCZ up to Clifford conjugation; 7-T forms are exact Clifford+T decompositions; 4-T form is exact given one clean ancilla and feed-forward; compute half of a temporary AND, uncompute is free"
qmpa_mul4,g00006,and,6,25 8 17,4,g00050,ccz t4,ccz:CCZ=1 t4:T=4,1 1,"Toffoli is a CCZ up to Cliffords; one CCZ state (Gidney & Fowler 2019) | Gidney 2018 temporary AND: 4 T to compute, 0 to uncompute","Toffoli = CCZ up to Clifford conjugation; 7-T forms are exact Clifford+T decompositions; 4-T form is exact given one clean ancilla and feed-forward; compute half of a temporary AND, uncompute is free"
qmpa_mul4,g00009,and,9,17 9 18,6,g00047,ccz t4,ccz:CCZ=1 t4:T=4,1 1,"Toffoli is a CCZ up to Cliffords; one CCZ state (Gidney & Fowler 2019) | Gidney 2018 temporary AND: 4 T to compute, 0 to uncompute","Toffoli = CCZ up to Clifford conjugation; 7-T forms are exact Clifford+T decompositions; 4-T form is exact given one clean ancilla and feed-forward; compute half of a temporary AND, uncompute is free"
qmpa_mul4,g00012,and,12,18 10 19,8,g00044,ccz t4,ccz:CCZ=1 t4:T=4,1 1,"Toffoli is a CCZ up to Cliffords; one CCZ state (Gidney & Fowler 2019) | Gidney 2018 temporary AND: 4 T to compute, 0 to uncompute","Toffoli = CCZ up to Clifford conjugation; 7-T forms are exact Clifford+T decompositions; 4-T form is exact given one clean ancilla and feed-forward; compute half of a temporary AND, uncompute is free"
qmpa_mul4,g00015,and,15,19 11 20,10,g00041,ccz t4,ccz:CCZ=1 t4:T=4,1 1,"Toffoli is a CCZ up to Cliffords; one CCZ state (Gidney & Fowler 2019) | Gidney 2018 temporary AND: 4 T to compute, 0 to uncompute","Toffoli = CCZ up to Clifford conjugation; 7-T forms are exact Clifford+T decompositions; 4-T form is exact given one clean ancilla and feed-forward; compute half of a temporary AND, uncompute is free"
qmpa_mul4,g00018,and,18,20 12 21,12,g00038,ccz t4,ccz:CCZ=1 t4:T=4,1 1,"Toffoli is a CCZ up to Cliffords; one CCZ state (Gidney & Fowler 2019) | Gidney 2018 temporary AND: 4 T to compute, 0 to uncompute","Toffoli = CCZ up to Clifford conjugation; 7-T forms are exact Clifford+T decompositions; 4-T form is exact given one clean ancilla and feed-forward; compute half of a temporary AND, uncompute is free"
qmpa_mul4,g00021,and,21,21 13 22,14,g00035,ccz t4,ccz:CCZ=1 t4:T=4,1 1,"Toffoli is a CCZ up to Cliffords; one CCZ state (Gidney & Fowler 2019) | Gidney 2018 temporary AND: 4 T to compute, 0 to uncompute","Toffoli = CCZ up to Clifford conjugation; 7-T forms are exact Clifford+T decompositions; 4-T form is exact given one clean ancilla and feed-forward; compute half of a temporary AND, uncompute is free"
qmpa_mul4,g00024,and,24,22 14 23,16,g00032,ccz t4,ccz:CCZ=1 t4:T=4,1 1,"Toffoli is a CCZ up to Cliffords; one CCZ state (Gidney & Fowler 2019) | Gidney 2018 temporary AND: 4 T to compute, 0 to uncompute","Toffoli = CCZ up to Clifford conjugation; 7-T forms are exact Clifford+T decompositions; 4-T form is exact given one clean ancilla and feed-forward; compute half of a temporary AND, uncompute is free"
qmpa_mul4,g00027,and,27,23 15 24,18,g00029,ccz t4,ccz:CCZ=1 t4:T=4,1 1,"Toffoli is a CCZ up to Cliffords; one CCZ state (Gidney & Fowler 2019) | Gidney 2018 temporary AND: 4 T to compute, 0 to uncompute","Toffoli = CCZ up to Clifford conjugation; 7-T forms are exact Clifford+T decompositions; 4-T form is exact given one clean ancilla and feed-forward; compute half of a temporary AND, uncompute is free"
qmpa_mul4,g00029,and_uncompute,29,23 15 24,20,g00027,uncompute_and_meas,uncompute_and_meas:clifford,0,"Gidney 2018: measurement-based uncomputation of a temporary AND, no magic states; legal because the paired compute writes a fresh ancilla and no control is written in between",Erasing the ancilla that holds the AND reproduces the second Toffoli exactly because both controls are unchanged since the compute
qmpa_mul4,g00032,and_uncompute,32,22 14 23,23,g00024,uncompute_and_meas,uncompute_and_meas:clifford,0,"Gidney 2018: measurement-based uncomputation of a temporary AND, no magic states; legal because the paired compute writes a fresh ancilla and no control is written in between",Erasing the ancilla that holds the AND reproduces the second Toffoli exactly because both controls are unchanged since the compute
qmpa_mul4,g00035,and_uncompute,35,21 13 22,26,g00021,uncompute_and_meas,uncompute_and_meas:clifford,0,"Gidney 2018: measurement-based uncomputation of a temporary AND, no magic states; legal because the paired compute writes a fresh ancilla and no control is written in between",Erasing the ancilla that holds the AND reproduces the second Toffoli exactly because both controls are unchanged since the compute
qmpa_mul4,g00038,and_uncompute,38,20 12 21,29,g00018,uncompute_and_meas,uncompute_and_meas:clifford,0,"Gidney 2018: measurement-based uncomputation of a temporary AND, no magic states; legal because the paired compute writes a fresh ancilla and no control is written in between",Erasing the ancilla that holds the AND reproduces the second Toffoli exactly because both controls are unchanged since the compute
qmpa_mul4,g00041,and_uncompute,41,19 11 20,32,g00015,uncompute_and_meas,uncompute_and_meas:clifford,0,"Gidney 2018: measurement-based uncomputation of a temporary AND, no magic states; legal because the paired compute writes a fresh ancilla and no control is written in between",Erasing the ancilla that holds the AND reproduces the second Toffoli exactly because both controls are unchanged since the compute
qmpa_mul4,g00044,and_uncompute,44,18 10 19,35,g00012,uncompute_and_meas,uncompute_and_meas:clifford,0,"Gidney 2018: measurement-based uncomputation of a temporary AND, no magic states; legal because the paired compute writes a fresh ancilla and no control is written in between",Erasing the ancilla that holds the AND reproduces the second Toffoli exactly because both controls are unchanged since the compute
qmpa_mul4,g00047,and_uncompute,47,17 9 18,38,g00009,uncompute_and_meas,uncompute_and_meas:clifford,0,"Gidney 2018: measurement-based uncomputation of a temporary AND, no magic states; legal because the paired compute writes a fresh ancilla and no control is written in between",Erasing the ancilla that holds the AND reproduces the second Toffoli exactly because both controls are unchanged since the compute
qmpa_mul4,g00050,and_uncompute,50,25 8 17,41,g00006,uncompute_and_meas,uncompute_and_meas:clifford,0,"Gidney 2018: measurement-based uncomputation of a temporary AND, no magic states; legal because the paired compute writes a fresh ancilla and no control is written in between",Erasing the ancilla that holds the AND reproduces the second Toffoli exactly because both controls are unchanged since the compute
qmpa_mul4,g00053,and_uncompute,53,0 4 17,43,g00000,uncompute_and_meas,uncompute_and_meas:clifford,0,"Gidney 2018: measurement-based uncomputation of a temporary AND, no magic states; legal because the paired compute writes a fresh ancilla and no control is written in between",Erasing the ancilla that holds the AND reproduces the second Toffoli exactly because both controls are unchanged since the compute
qmpa_mul4,g00054,and_uncompute,54,0 5 18,44,g00001,uncompute_and_meas,uncompute_and_meas:clifford,0,"Gidney 2018: measurement-based uncomputation of a temporary AND, no magic states; legal because the paired compute writes a fresh ancilla and no control is written in between",Erasing the ancilla that holds the AND reproduces the second Toffoli exactly because both controls are unchanged since the compute
qmpa_mul4,g00055,and_uncompute,55,0 6 19,45,g00002,uncompute_and_meas,uncompute_and_meas:clifford,0,"Gidney 2018: measurement-based uncomputation of a temporary AND, no magic states; legal because the paired compute writes a fresh ancilla and no control is written in between",Erasing the ancilla that holds the AND reproduces the second Toffoli exactly because both controls are unchanged since the compute
qmpa_mul4,g00056,and_uncompute,56,0 7 20,46,g00003,uncompute_and_meas,uncompute_and_meas:clifford,0,"Gidney 2018: measurement-based uncomputation of a temporary AND, no magic states; legal because the paired compute writes a fresh ancilla and no control is written in between",Erasing the ancilla that holds the AND reproduces the second Toffoli exactly because both controls are unchanged since the compute
qmpa_mul4,g00057,and,57,1 4 17,44,g00104,ccz t4,ccz:CCZ=1 t4:T=4,1 1,"Toffoli is a CCZ up to Cliffords; one CCZ state (Gidney & Fowler 2019) | Gidney 2018 temporary AND: 4 T to compute, 0 to uncompute","Toffoli = CCZ up to Clifford conjugation; 7-T forms are exact Clifford+T decompositions; 4-T form is exact given one clean ancilla and feed-forward; compute half of a temporary AND, uncompute is free"
qmpa_mul4,g00058,and,58,1 5 18,45,g00105,ccz t4,ccz:CCZ=1 t4:T=4,1 1,"Toffoli is a CCZ up to Cliffords; one CCZ state (Gidney & Fowler 2019) | Gidney 2018 temporary AND: 4 T to compute, 0 to uncompute","Toffoli = CCZ up to Clifford conjugation; 7-T forms are exact Clifford+T decompositions; 4-T form is exact given one clean ancilla and feed-forward; compute half of a temporary AND, uncompute is free"
qmpa_mul4,g00059,and,59,1 6 19,46,g00106,ccz t4,ccz:CCZ=1 t4:T=4,1 1,"Toffoli is a CCZ up to Cliffords; one CCZ state (Gidney & Fowler 2019) | Gidney 2018 temporary AND: 4 T to compute, 0 to uncompute","Toffoli = CCZ up to Clifford conjugation; 7-T forms are exact Clifford+T decompositions; 4-T form is exact given one clean ancilla and feed-forward; compute half of a temporary AND, uncompute is free"
qmpa_mul4,g00060,and,60,1 7 20,47,g00107,ccz t4,ccz:CCZ=1 t4:T=4,1 1,"Toffoli is a CCZ up to Cliffords; one CCZ state (Gidney & Fowler 2019) | Gidney 2018 temporary AND: 4 T to compute, 0 to uncompute","Toffoli = CCZ up to Clifford conjugation; 7-T forms are exact Clifford+T decompositions; 4-T form is exact given one clean ancilla and feed-forward; compute half of a temporary AND, uncompute is free"
qmpa_mul4,g00063,and,63,25 9 17,47,g00101,ccz t4,ccz:CCZ=1 t4:T=4,1 1,"Toffoli is a CCZ up to Cliffords; one CCZ state (Gidney & Fowler 2019) | Gidney 2018 temporary AND: 4 T to compute, 0 to uncompute","Toffoli = CCZ up to Clifford conjugation; 7-T forms are exact Clifford+T decompositions; 4-T form is exact given one clean ancilla and feed-forward; compute half of a temporary AND, uncompute is free"
qmpa_mul4,g00066,and,66,17 10 18,49,g00098,ccz t4,ccz:CCZ=1 t4:T=4,1 1,"Toffoli is a CCZ up to Cliffords; one CCZ state (Gidney & Fowler 2019) | Gidney 2018 temporary AND: 4 T to compute, 0 to uncompute","Toffoli = CCZ up to Clifford conjugation; 7-T forms are exact Clifford+T decompositions; 4-T form is exact given one clean ancilla and feed-forward; compute half of a temporary AND, uncompute is free"
qmpa_mul4,g00069,and,69,18 11 19,51,g00095,ccz t4,ccz:CCZ=1 t4:T=4,1 1,"Toffoli is a CCZ up to Cliffords; one CCZ state (Gidney & Fowler 2019) | Gidney 2018 temporary AND: 4 T to compute, 0 to uncompute","Toffoli = CCZ up to Clifford conjugation; 7-T forms are exact Clifford+T decompositions; 4-T form is exact given one clean ancilla and feed-forward; compute half of a temporary AND, uncompute is free"
qmpa_mul4,g00072,and,72,19 12 20,53,g00092,ccz t4,ccz:CCZ=1 t4:T=4,1 1,"Toffoli is a CCZ up to Cliffords; one CCZ state (Gidney & Fowler 2019) | Gidney 2018 temporary AND: 4 T to compute, 0 to uncompute","Toffoli = CCZ up to Clifford conjugation; 7-T forms are exact Clifford+T decompositions; 4-T form is exact given one clean ancilla and feed-forward; compute half of a temporary AND, uncompute is free"
qmpa_mul4,g00075,and,75,20 13 21,55,g00089,ccz t4,ccz:CCZ=1 t4:T=4,1 1,"Toffoli is a CCZ up to Cliffords; one CCZ state (Gidney & Fowler 2019) | Gidney 2018 temporary AND: 4 T to compute, 0 to uncompute","Toffoli = CCZ up to Clifford conjugation; 7-T forms are exact Clifford+T decompositions; 4-T form is exact given one clean ancilla and feed-forward; compute half of a temporary AND, uncompute is free"
qmpa_mul4,g00078,and,78,21 14 22,57,g00086,ccz t4,ccz:CCZ=1 t4:T=4,1 1,"Toffoli is a CCZ up to Cliffords; one CCZ state (Gidney & Fowler 2019) | Gidney 2018 temporary AND: 4 T to compute, 0 to uncompute","Toffoli = CCZ up to Clifford conjugation; 7-T forms are exact Clifford+T decompositions; 4-T form is exact given one clean ancilla and feed-forward; compute half of a temporary AND, uncompute is free"
qmpa_mul4,g00081,and,81,22 15 23,59,g00083,ccz t4,ccz:CCZ=1 t4:T=4,1 1,"Toffoli is a CCZ up to Cliffords; one CCZ state (Gidney & Fowler 2019) | Gidney 2018 temporary AND: 4 T to compute, 0 to uncompute","Toffoli = CCZ up to Clifford conjugation; 7-T forms are exact Clifford+T decompositions; 4-T form is exact given one clean ancilla and feed-forward; compute half of a temporary AND, uncompute is free"
qmpa_mul4,g00083,and_uncompute,83,22 15 23,61,g00081,uncompute_and_meas,uncompute_and_meas:clifford,0,"Gidney 2018: measurement-based uncomputation of a temporary AND, no magic states; legal because the paired compute writes a fresh ancilla and no control is written in between",Erasing the ancilla that holds the AND reproduces the second Toffoli exactly because both controls are unchanged since the compute
qmpa_mul4,g00086,and_uncompute,86,21 14 22,64,g00078,uncompute_and_meas,uncompute_and_meas:clifford,0,"Gidney 2018: measurement-based uncomputation of a temporary AND, no magic states; legal because the paired compute writes a fresh ancilla and no control is written in between",Erasing the ancilla that holds the AND reproduces the second Toffoli exactly because both controls are unchanged since the compute
qmpa_mul4,g00089,and_uncompute,89,20 13 21,67,g00075,uncompute_and_meas,uncompute_and_meas:clifford,0,"Gidney 2018: measurement-based uncomputation of a temporary AND, no magic states; legal because the paired compute writes a fresh ancilla and no control is written in between",Erasing the ancilla that holds the AND reproduces the second Toffoli exactly because both controls are unchanged since the compute
qmpa_mul4,g00092,and_uncompute,92,19 12 20,70,g00072,uncompute_and_meas,uncompute_and_meas:clifford,0,"Gidney 2018: measurement-based uncomputation of a temporary AND, no magic states; legal because the paired compute writes a fresh ancilla and no control is written in between",Erasing the ancilla that holds the AND reproduces the second Toffoli exactly because both controls are unchanged since the compute
qmpa_mul4,g00095,and_uncompute,95,18 11 19,73,g00069,uncompute_and_meas,uncompute_and_meas:clifford,0,"Gidney 2018: measurement-based uncomputation of a temporary AND, no magic states; legal because the paired compute writes a fresh ancilla and no control is written in between",Erasing the ancilla that holds the AND reproduces the second Toffoli exactly because both controls are unchanged since the compute
qmpa_mul4,g00098,and_uncompute,98,17 10 18,76,g00066,uncompute_and_meas,uncompute_and_meas:clifford,0,"Gidney 2018: measurement-based uncomputation of a temporary AND, no magic states; legal because the paired compute writes a fresh ancilla and no control is written in between",Erasing the ancilla that holds the AND reproduces the second Toffoli exactly because both controls are unchanged since the compute
qmpa_mul4,g00101,and_uncompute,101,25 9 17,79,g00063,uncompute_and_meas,uncompute_and_meas:clifford,0,"Gidney 2018: measurement-based uncomputation of a temporary AND, no magic states; legal because the paired compute writes a fresh ancilla and no control is written in between",Erasing the ancilla that holds the AND reproduces the second Toffoli exactly because both controls are unchanged since the compute
qmpa_mul4,g00104,and_uncompute,104,1 4 17,81,g00057,uncompute_and_meas,uncompute_and_meas:clifford,0,"Gidney 2018: measurement-based uncomputation of a temporary AND, no magic states; legal because the paired compute writes a fresh ancilla and no control is written in between",Erasing the ancilla that holds the AND reproduces the second Toffoli exactly because both controls are unchanged since the compute
qmpa_mul4,g00105,and_uncompute,105,1 5 18,82,g00058,uncompute_and_meas,uncompute_and_meas:clifford,0,"Gidney 2018: measurement-based uncomputation of a temporary AND, no magic states; legal because the paired compute writes a fresh ancilla and no control is written in between",Erasing the ancilla that holds the AND reproduces the second Toffoli exactly because both controls are unchanged since the compute
qmpa_mul4,g00106,and_uncompute,106,1 6 19,83,g00059,uncompute_and_meas,uncompute_and_meas:clifford,0,"Gidney 2018: measurement-based uncomputation of a temporary AND, no magic states; legal because the paired compute writes a fresh ancilla and no control is written in between",Erasing the ancilla that holds the AND reproduces the second Toffoli exactly because both controls are unchanged since the compute
qmpa_mul4,g00107,and_uncompute,107,1 7 20,84,g00060,uncompute_and_meas,uncompute_and_meas:clifford,0,"Gidney 2018: measurement-based uncomputation of a temporary AND, no magic states; legal because the paired compute writes a fresh ancilla and no control is written in between",Erasing the ancilla that holds the AND reproduces the second Toffoli exactly because both controls are unchanged since the compute
qmpa_mul4,g00108,and,108,2 4 17,82,g00149,ccz t4,ccz:CCZ=1 t4:T=4,1 1,"Toffoli is a CCZ up to Cliffords; one CCZ state (Gidney & Fowler 2019) | Gidney 2018 temporary AND: 4 T to compute, 0 to uncompute","Toffoli = CCZ up to Clifford conjugation; 7-T forms are exact Clifford+T decompositions; 4-T form is exact given one clean ancilla and feed-forward; compute half of a temporary AND, uncompute is free"
qmpa_mul4,g00109,and,109,2 5 18,83,g00150,ccz t4,ccz:CCZ=1 t4:T=4,1 1,"Toffoli is a CCZ up to Cliffords; one CCZ state (Gidney & Fowler 2019) | Gidney 2018 temporary AND: 4 T to compute, 0 to uncompute","Toffoli = CCZ up to Clifford conjugation; 7-T forms are exact Clifford+T decompositions; 4-T form is exact given one clean ancilla and feed-forward; compute half of a temporary AND, uncompute is free"
qmpa_mul4,g00110,and,110,2 6 19,84,g00151,ccz t4,ccz:CCZ=1 t4:T=4,1 1,"Toffoli is a CCZ up to Cliffords; one CCZ state (Gidney & Fowler 2019) | Gidney 2018 temporary AND: 4 T to compute, 0 to uncompute","Toffoli = CCZ up to Clifford conjugation; 7-T forms are exact Clifford+T decompositions; 4-T form is exact given one clean ancilla and feed-forward; compute half of a temporary AND, uncompute is free"
qmpa_mul4,g00111,and,111,2 7 20,85,g00152,ccz t4,ccz:CCZ=1 t4:T=4,1 1,"Toffoli is a CCZ up to Cliffords; one CCZ state (Gidney & Fowler 2019) | Gidney 2018 temporary AND: 4 T to compute, 0 to uncompute","Toffoli = CCZ up to Clifford conjugation; 7-T forms are exact Clifford+T decompositions; 4-T form is exact given one clean ancilla and feed-forward; compute half of a temporary AND, uncompute is free"
qmpa_mul4,g00114,and,114,25 10 17,85,g00146,ccz t4,ccz:CCZ=1 t4:T=4,1 1,"Toffoli is a CCZ up to Cliffords; one CCZ state (Gidney & Fowler 2019) | Gidney 2018 temporary AND: 4 T to compute, 0 to uncompute","Toffoli = CCZ up to Clifford conjugation; 7-T forms are exact Clifford+T decompositions; 4-T form is exact given one clean ancilla and feed-forward; compute half of a temporary AND, uncompute is free"
qmpa_mul4,g00117,and,117,17 11 18,87,g00143,ccz t4,ccz:CCZ=1 t4:T=4,1 1,"Toffoli is a CCZ up to Cliffords; one CCZ state (Gidney & Fowler 2019) | Gidney 2018 temporary AND: 4 T to compute, 0 to uncompute","Toffoli = CCZ up to Clifford conjugation; 7-T forms are exact Clifford+T decompositions; 4-T form is exact given one clean ancilla and feed-forward; compute half of a temporary AND, uncompute is free"
qmpa_mul4,g00120,and,120,18 12 19,89,g00140,ccz t4,ccz:CCZ=1 t4:T=4,1 1,"Toffoli is a CCZ up to Cliffords; one CCZ state (Gidney & Fowler 2019) | Gidney 2018 temporary AND: 4 T to compute, 0 to uncompute","Toffoli = CCZ up to Clifford conjugation; 7-T forms are exact Clifford+T decompositions; 4-T form is exact given one clean ancilla and feed-forward; compute half of a temporary AND, uncompute is free"
qmpa_mul4,g00123,and,123,19 13 20,91,g00137,ccz t4,ccz:CCZ=1 t4:T=4,1 1,"Toffoli is a CCZ up to Cliffords; one CCZ state (Gidney & Fowler 2019) | Gidney 2018 temporary AND: 4 T to compute, 0 to uncompute","Toffoli = CCZ up to Clifford conjugation; 7-T forms are exact Clifford+T decompositions; 4-T form is exact given one clean ancilla and feed-forward; compute half of a temporary AND, uncompute is free"
qmpa_mul4,g00126,and,126,20 14 21,93,g00134,ccz t4,ccz:CCZ=1 t4:T=4,1 1,"Toffoli is a CCZ up to Cliffords; one CCZ state (Gidney & Fowler 2019) | Gidney 2018 temporary AND: 4 T to compute, 0 to uncompute","Toffoli = CCZ up to Clifford conjugation; 7-T forms are exact Clifford+T decompositions; 4-T form is exact given one clean ancilla and feed-forward; compute half of a temporary AND, uncompute is free"
qmpa_mul4,g00129,and,129,21 15 22,95,g00131,ccz t4,ccz:CCZ=1 t4:T=4,1 1,"Toffoli is a CCZ up to Cliffords; one CCZ state (Gidney & Fowler 2019) | Gidney 2018 temporary AND: 4 T to compute, 0 to uncompute","Toffoli = CCZ up to Clifford conjugation; 7-T forms are exact Clifford+T decompositions; 4-T form is exact given one clean ancilla and feed-forward; compute half of a temporary AND, uncompute is free"
qmpa_mul4,g00131,and_uncompute,131,21 15 22,97,g00129,uncompute_and_meas,uncompute_and_meas:clifford,0,"Gidney 2018: measurement-based uncomputation of a temporary AND, no magic states; legal because the paired compute writes a fresh ancilla and no control is written in between",Erasing the ancilla that holds the AND reproduces the second Toffoli exactly because both controls are unchanged since the compute
qmpa_mul4,g00134,and_uncompute,134,20 14 21,100,g00126,uncompute_and_meas,uncompute_and_meas:clifford,0,"Gidney 2018: measurement-based uncomputation of a temporary AND, no magic states; legal because the paired compute writes a fresh ancilla and no control is written in between",Erasing the ancilla that holds the AND reproduces the second Toffoli exactly because both controls are unchanged since the compute
qmpa_mul4,g00137,and_uncompute,137,19 13 20,103,g00123,uncompute_and_meas,uncompute_and_meas:clifford,0,"Gidney 2018: measurement-based uncomputation of a temporary AND, no magic states; legal because the paired compute writes a fresh ancilla and no control is written in between",Erasing the ancilla that holds the AND reproduces the second Toffoli exactly because both controls are unchanged since the compute
qmpa_mul4,g00140,and_uncompute,140,18 12 19,106,g00120,uncompute_and_meas,uncompute_and_meas:clifford,0,"Gidney 2018: measurement-based uncomputation of a temporary AND, no magic states; legal because the paired compute writes a fresh ancilla and no control is written in between",Erasing the ancilla that holds the AND reproduces the second Toffoli exactly because both controls are unchanged since the compute
qmpa_mul4,g00143,and_uncompute,143,17 11 18,109,g00117,uncompute_and_meas,uncompute_and_meas:clifford,0,"Gidney 2018: measurement-based uncomputation of a temporary AND, no magic states; legal because the paired compute writes a fresh ancilla and no control is written in between",Erasing the ancilla that holds the AND reproduces the second Toffoli exactly because both controls are unchanged since the compute
qmpa_mul4,g00146,and_uncompute,146,25 10 17,112,g00114,uncompute_and_meas,uncompute_and_meas:clifford,0,"Gidney 2018: measurement-based uncomputation of a temporary AND, no magic states; legal because the paired compute writes a fresh ancilla and no control is written in between",Erasing the ancilla that holds the AND reproduces the second Toffoli exactly because both controls are unchanged since the compute
qmpa_mul4,g00149,and_uncompute,149,2 4 17,114,g00108,uncompute_and_meas,uncompute_and_meas:clifford,0,"Gidney 2018: measurement-based uncomputation of a temporary AND, no magic states; legal because the paired compute writes a fresh ancilla and no control is written in between",Erasing the ancilla that holds the AND reproduces the second Toffoli exactly because both controls are unchanged since the compute
qmpa_mul4,g00150,and_uncompute,150,2 5 18,115,g00109,uncompute_and_meas,uncompute_and_meas:clifford,0,"Gidney 2018: measurement-based uncomputation of a temporary AND, no magic states; legal because the paired compute writes a fresh ancilla and no control is written in between",Erasing the ancilla that holds the AND reproduces the second Toffoli exactly because both controls are unchanged since the compute
qmpa_mul4,g00151,and_uncompute,151,2 6 19,116,g00110,uncompute_and_meas,uncompute_and_meas:clifford,0,"Gidney 2018: measurement-based uncomputation of a temporary AND, no magic states; legal because the paired compute writes a fresh ancilla and no control is written in between",Erasing the ancilla that holds the AND reproduces the second Toffoli exactly because both controls are unchanged since the compute
qmpa_mul4,g00152,and_uncompute,152,2 7 20,117,g00111,uncompute_and_meas,uncompute_and_meas:clifford,0,"Gidney 2018: measurement-based uncomputation of a temporary AND, no magic states; legal because the paired compute writes a fresh ancilla and no control is written in between",Erasing the ancilla that holds the AND reproduces the second Toffoli exactly because both controls are unchanged since the compute
qmpa_mul4,g00153,and,153,3 4 17,115,g00188,ccz t4,ccz:CCZ=1 t4:T=4,1 1,"Toffoli is a CCZ up to Cliffords; one CCZ state (Gidney & Fowler 2019) | Gidney 2018 temporary AND: 4 T to compute, 0 to uncompute","Toffoli = CCZ up to Clifford conjugation; 7-T forms are exact Clifford+T decompositions; 4-T form is exact given one clean ancilla and feed-forward; compute half of a temporary AND, uncompute is free"
qmpa_mul4,g00154,and,154,3 5 18,116,g00189,ccz t4,ccz:CCZ=1 t4:T=4,1 1,"Toffoli is a CCZ up to Cliffords; one CCZ state (Gidney & Fowler 2019) | Gidney 2018 temporary AND: 4 T to compute, 0 to uncompute","Toffoli = CCZ up to Clifford conjugation; 7-T forms are exact Clifford+T decompositions; 4-T form is exact given one clean ancilla and feed-forward; compute half of a temporary AND, uncompute is free"
qmpa_mul4,g00155,and,155,3 6 19,117,g00190,ccz t4,ccz:CCZ=1 t4:T=4,1 1,"Toffoli is a CCZ up to Cliffords; one CCZ state (Gidney & Fowler 2019) | Gidney 2018 temporary AND: 4 T to compute, 0 to uncompute","Toffoli = CCZ up to Clifford conjugation; 7-T forms are exact Clifford+T decompositions; 4-T form is exact given one clean ancilla and feed-forward; compute half of a temporary AND, uncompute is free"
qmpa_mul4,g00156,and,156,3 7 20,118,g00191,ccz t4,ccz:CCZ=1 t4:T=4,1 1,"Toffoli is a CCZ up to Cliffords; one CCZ state (Gidney & Fowler 2019) | Gidney 2018 temporary AND: 4 T to compute, 0 to uncompute","Toffoli = CCZ up to Clifford conjugation; 7-T forms are exact Clifford+T decompositions; 4-T form is exact given one clean ancilla and feed-forward; compute half of a temporary AND, uncompute is free"
qmpa_mul4,g00159,and,159,25 11 17,118,g00185,ccz t4,ccz:CCZ=1 t4:T=4,1 1,"Toffoli is a CCZ up to Cliffords; one CCZ state (Gidney & Fowler 2019) | Gidney 2018 temporary AND: 4 T to compute, 0 to uncompute","Toffoli = CCZ up to Clifford conjugation; 7-T forms are exact Clifford+T decompositions; 4-T form is exact given one clean ancilla and feed-forward; compute half of a temporary AND, uncompute is free"
qmpa_mul4,g00162,and,162,17 12 18,120,g00182,ccz t4,ccz:CCZ=1 t4:T=4,1 1,"Toffoli is a CCZ up to Cliffords; one CCZ state (Gidney & Fowler 2019) | Gidney 2018 temporary AND: 4 T to compute, 0 to uncompute","Toffoli = CCZ up to Clifford conjugation; 7-T forms are exact Clifford+T decompositions; 4-T form is exact given one clean ancilla and feed-forward; compute half of a temporary AND, uncompute is free"
qmpa_mul4,g00165,and,165,18 13 19,122,g00179,ccz t4,ccz:CCZ=1 t4:T=4,1 1,"Toffoli is a CCZ up to Cliffords; one CCZ state (Gidney & Fowler 2019) | Gidney 2018 temporary AND: 4 T to compute, 0 to uncompute","Toffoli = CCZ up to Clifford conjugation; 7-T forms are exact Clifford+T decompositions; 4-T form is exact given one clean ancilla and feed-forward; compute half of a temporary AND, uncompute is free"
qmpa_mul4,g00168,and,168,19 14 20,124,g00176,ccz t4,ccz:CCZ=1 t4:T=4,1 1,"Toffoli is a CCZ up to Cliffords; one CCZ state (Gidney & Fowler 2019) | Gidney 2018 temporary AND: 4 T to compute, 0 to uncompute","Toffoli = CCZ up to Clifford conjugation; 7-T forms are exact Clifford+T decompositions; 4-T form is exact given one clean ancilla and feed-forward; compute half of a temporary AND, uncompute is free"
qmpa_mul4,g00171,and,171,20 15 21,126,g00173,ccz t4,ccz:CCZ=1 t4:T=4,1 1,"Toffoli is a CCZ up to Cliffords; one CCZ state (Gidney & Fowler 2019) | Gidney 2018 temporary AND: 4 T to compute, 0 to uncompute","Toffoli = CCZ up to Clifford conjugation; 7-T forms are exact Clifford+T decompositions; 4-T form is exact given one clean ancilla and feed-forward; compute half of a temporary AND, uncompute is free"
qmpa_mul4,g00173,and_uncompute,173,20 15 21,128,g00171,uncompute_and_meas,uncompute_and_meas:clifford,0,"Gidney 2018: measurement-based uncomputation of a temporary AND, no magic states; legal because the paired compute writes a fresh ancilla and no control is written in between",Erasing the ancilla that holds the AND reproduces the second Toffoli exactly because both controls are unchanged since the compute
qmpa_mul4,g00176,and_uncompute,176,19 14 20,131,g00168,uncompute_and_meas,uncompute_and_meas:clifford,0,"Gidney 2018: measurement-based uncomputation of a temporary AND, no magic states; legal because the paired compute writes a fresh ancilla and no control is written in between",Erasing the ancilla that holds the AND reproduces the second Toffoli exactly because both controls are unchanged since the compute
qmpa_mul4,g00179,and_uncompute,179,18 13 19,134,g00165,uncompute_and_meas,uncompute_and_meas:clifford,0,"Gidney 2018: measurement-based uncomputation of a temporary AND, no magic states; legal because the paired compute writes a fresh ancilla and no control is written in between",Erasing the ancilla that holds the AND reproduces the second Toffoli exactly because both controls are unchanged since the compute
qmpa_mul4,g00182,and_uncompute,182,17 12 18,137,g00162,uncompute_and_meas,uncompute_and_meas:clifford,0,"Gidney 2018: measurement-based uncomputation of a temporary AND, no magic states; legal because the paired compute writes a fresh ancilla and no control is written in between",Erasing the ancilla that holds the AND reproduces the second Toffoli exactly because both controls are unchanged since the compute
qmpa_mul4,g00185,and_uncompute,185,25 11 17,140,g00159,uncompute_and_meas,uncompute_and_meas:clifford,0,"Gidney 2018: measurement-based uncomputation of a temporary AND, no magic states; legal because the paired compute writes a fresh ancilla and no control is written in between",Erasing the ancilla that holds the AND reproduces the second Toffoli exactly because both controls are unchanged since the compute
qmpa_mul4,g00188,and_uncompute,188,3 4 17,142,g00153,uncompute_and_meas,uncompute_and_meas:clifford,0,"Gidney 2018: measurement-based uncomputation of a temporary AND, no magic states; legal because the paired compute writes a fresh ancilla and no control is written in between",Erasing the ancilla that holds the AND reproduces the second Toffoli exactly because both controls are unchanged since the compute
qmpa_mul4,g00189,and_uncompute,189,3 5 18,143,g00154,uncompute_and_meas,uncompute_and_meas:clifford,0,"Gidney 2018: measurement-based uncomputation of a temporary AND, no magic states; legal because the paired compute writes a fresh ancilla and no control is written in between",Erasing the ancilla that holds the AND reproduces the second Toffoli exactly because both controls are unchanged since the compute
qmpa_mul4,g00190,and_uncompute,190,3 6 19,144,g00155,uncompute_and_meas,uncompute_and_meas:clifford,0,"Gidney 2018: measurement-based uncomputation of a temporary AND, no magic states; legal because the paired compute writes a fresh ancilla and no control is written in between",Erasing the ancilla that holds the AND reproduces the second Toffoli exactly because both controls are unchanged since the compute
qmpa_mul4,g00191,and_uncompute,191,3 7 20,145,g00156,uncompute_and_meas,uncompute_and_meas:clifford,0,"Gidney 2018: measurement-based uncomputation of a temporary AND, no magic states; legal because the paired compute writes a fresh ancilla and no control is written in between",Erasing the ancilla that holds the AND reproduces the second Toffoli exactly because both controls are unchanged since the compute
qmpa_mul6,g00000,and,0,0 6 25,1,g00079,ccz t4,ccz:CCZ=1 t4:T=4,1 1,"Toffoli is a CCZ up to Cliffords; one CCZ state (Gidney & Fowler 2019) | Gidney 2018 temporary AND: 4 T to compute, 0 to uncompute","Toffoli = CCZ up to Clifford conjugation; 7-T forms are exact Clifford+T decompositions; 4-T form is exact given one clean ancilla and feed-forward; compute half of a temporary AND, uncompute is free"
qmpa_mul6,g00001,and,1,0 7 26,2,g00080,ccz t4,ccz:CCZ=1 t4:T=4,1 1,"Toffoli is a CCZ up to Cliffords; one CCZ state (Gidney & Fowler 2019) | Gidney 2018 temporary AND: 4 T to compute, 0 to uncompute","Toffoli = CCZ up to Clifford conjugation; 7-T forms are exact Clifford+T decompositions; 4-T form is exact given one clean ancilla and feed-forward; compute half of a temporary AND, uncompute is free"
qmpa_mul6,g00002,and,2,0 8 27,3,g00081,ccz t4,ccz:CCZ=1 t4:T=4,1 1,"Toffoli is a CCZ up to Cliffords; one CCZ state (Gidney & Fowler 2019) | Gidney 2018 temporary AND: 4 T to compute, 0 to uncompute","Toffoli = CCZ up to Clifford conjugation; 7-T forms are exact Clifford+T decompositions; 4-T form is exact given one clean ancilla and feed-forward; compute half of a temporary AND, uncompute is free"
qmpa_mul6,g00003,and,3,0 9 28,4,g00082,ccz t4,ccz:CCZ=1 t4:T=4,1 1,"Toffoli is a CCZ up to Cliffords; one CCZ state (Gidney & Fowler 2019) | Gidney 2018 temporary AND: 4 T to compute, 0 to uncompute","Toffoli = CCZ up to Clifford conjugation; 7-T forms are exact Clifford+T decompositions; 4-T form is exact given one clean ancilla and feed-forward; compute half of a temporary AND, uncompute is free"
qmpa_mul6,g00004,and,4,0 10 29,5,g00083,ccz t4,ccz:CCZ=1 t4:T=4,1 1,"Toffoli is a CCZ up to Cliffords; one CCZ state (Gidney & Fowler 2019) | Gidney 2018 temporary AND: 4 T to compute, 0 to uncompute","Toffoli = CCZ up to Clifford conjugation; 7-T forms are exact Clifford+T decompositions; 4-T form is exact given one clean ancilla and feed-forward; compute half of a temporary AND, uncompute is free"
qmpa_mul6,g00005,and,5,0 11 30,6,g00084,ccz t4,ccz:CCZ=1 t4:T=4,1 1,"Toffoli is a CCZ up to Cliffords; one CCZ state (Gidney & Fowler 2019) | Gidney 2018 temporary AND: 4 T to compute, 0 to uncompute","Toffoli = CCZ up to Clifford conjugation; 7-T forms are exact Clifford+T decompositions; 4-T form is exact given one clean ancilla and feed-forward; compute half of a temporary AND, uncompute is free"
qmpa_mul6,g00008,and,8,37 12 25,4,g00076,ccz t4,ccz:CCZ=1 t4:T=4,1 1,"Toffoli is a CCZ up to Cliffords; one CCZ state (Gidney & Fowler 2019) | Gidney 2018 temporary AND: 4 T to compute, 0 to uncompute","Toffoli = CCZ up to Clifford conjugation; 7-T forms are exact Clifford+T decompositions; 4-T form is exact given one clean ancilla and feed-forward; compute half of a temporary AND, uncompute is free"
qmpa_mul6,g00011,and,11,25 13 26,6,g00073,ccz t4,ccz:CCZ=1 t4:T=4,1 1,"Toffoli is a CCZ up to Cliffords; one CCZ state (Gidney & Fowler 2019) | Gidney 2018 temporary AND: 4 T to compute, 0 to uncompute","Toffoli = CCZ up to Clifford conjugation; 7-T forms are exact Clifford+T decompositions; 4-T form is exact given one clean ancilla and feed-forward; compute half of a temporary AND, uncompute is free"
qmpa_mul6,g00014,and,14,26 14 27,8,g00070,ccz t4,ccz:CCZ=1 t4:T=4,1 1,"Toffoli is a CCZ up to Cliffords; one CCZ state (Gidney & Fowler 2019) | Gidney 2018 temporary AND: 4 T to compute, 0 to uncompute","Toffoli = CCZ up to Clifford conjugation; 7-T forms are exact Clifford+T decompositions; 4-T form is exact given one clean ancilla and feed-forward; compute half of a temporary AND, uncompute is free"
qmpa_mul6,g00017,and,17,27 15 28,10,g00067,ccz t4,ccz:CCZ=1 t4:T=4,1 1,"Toffoli is a CCZ up to Cliffords; one CCZ state (Gidney & Fowler 2019) | Gidney 2018 temporary AND: 4 T to compute, 0 to uncompute","Toffoli = CCZ up to Clifford conjugation; 7-T forms are exact Clifford+T decompositions; 4-T form is exact given one clean ancilla and feed-forward; compute half of a temporary AND, uncompute is free"
qmpa_mul6,g00020,and,20,28 16 29,12,g00064,ccz t4,ccz:CCZ=1 t4:T=4,1 1,"Toffoli is a CCZ up to Cliffords; one CCZ state (Gidney & Fowler 2019) | Gidney 2018 temporary AND: 4 T to compute, 0 to uncompute","Toffoli = CCZ up to Clifford conjugation; 7-T forms are exact Clifford+T decompositions; 4-T form is exact given one clean ancilla and feed-forward; compute half of a temporary AND, uncompute is free"
qmpa_mul6,g00023,and,23,29 17 30,14,g00061,ccz t4,ccz:CCZ=1 t4:T=4,1 1,"Toffoli is a CCZ up to Cliffords; one CCZ state (Gidney & Fowler 2019) | Gidney 2018 temporary AND: 4 T to compute, 0 to uncompute","Toffoli = CCZ up to Clifford conjugation; 7-T forms are exact Clifford+T decompositions; 4-T form is exact given one clean ancilla and feed-forward; compute half of a temporary AND, uncompute is free"
qmpa_mul6,g00026,and,26,30 18 31,16,g00058,ccz t4,ccz:CCZ=1 t4:T=4,1 1,"Toffoli is a CCZ up to Cliffords; one CCZ state (Gidney & Fowler 2019) | Gidney 2018 temporary AND: 4 T to compute, 0 to uncompute","Toffoli = CCZ up to Clifford conjugation; 7-T forms are exact Clifford+T decompositions; 4-T form is exact given one clean ancilla and feed-forward; compute half of a temporary AND, uncompute is free"
qmpa_mul6,g00029,and,29,31 19 32,18,g00055,ccz t4,ccz:CCZ=1 t4:T=4,1 1,"Toffoli is a CCZ up to Cliffords; one CCZ state (Gidney & Fowler 2019) | Gidney 2018 temporary AND: 4 T to compute, 0 to uncompute","Toffoli = CCZ up to Clifford conjugation; 7-T forms are exact Clifford+T decompositions; 4-T form is exact given one clean ancilla and feed-forward; compute half of a temporary AND, uncompute is free"
qmpa_mul6,g00032,and,32,32 20 33,20,g00052,ccz t4,ccz:CCZ=1 t4:T=4,1 1,"Toffoli is a CCZ up to Cliffords; one CCZ state (Gidney & Fowler 2019) | Gidney 2018 temporary AND: 4 T to compute, 0 to uncompute","Toffoli = CCZ up to Clifford conjugation; 7-T forms are exact Clifford+T decompositions; 4-T form is exact given one clean ancilla and feed-forward; compute half of a temporary AND, uncompute is free"
qmpa_mul6,g00035,and,35,33 21 34,22,g00049,ccz t4,ccz:CCZ=1 t4:T=4,1 1,"Toffoli is a CCZ up to Cliffords; one CCZ state (Gidney & Fowler 2019) | Gidney 2018 temporary AND: 4 T to compute, 0 to uncompute","Toffoli = CCZ up to Clifford conjugation; 7-T forms are exact Clifford+T decompositions; 4-T form is exact given one clean ancilla and feed-forward; compute half of a temporary AND, uncompute is free"
qmpa_mul6,g00038,and,38,34 22 35,24,g00046,ccz t4,ccz:CCZ=1 t4:T=4,1 1,"Toffoli is a CCZ up to Cliffords; one CCZ state (Gidney & Fowler 2019) | Gidney 2018 temporary AND: 4 T to compute, 0 to uncompute","Toffoli = CCZ up to Clifford conjugation; 7-T forms are exact Clifford+T decompositions; 4-T form is exact given one clean ancilla and feed-forward; compute half of a temporary AND, uncompute is free"
qmpa_mul6,g00041,and,41,35 23 36,26,g00043,ccz t4,ccz:CCZ=1 t4:T=4,1 1,"Toffoli is a CCZ up to Cliffords; one CCZ state (Gidney & Fowler 2019) | Gidney 2018 temporary AND: 4 T to compute, 0 to uncompute","Toffoli = CCZ up to Clifford conjugation; 7-T forms are exact Clifford+T decompositions; 4-T form is exact given one clean ancilla and feed-forward; compute half of a temporary AND, uncompute is free"
qmpa_mul6,g00043,and_uncompute,43,35 23 36,28,g00041,uncompute_and_meas,uncompute_and_meas:clifford,0,"Gidney 2018: measurement-based uncomputation of a temporary AND, no magic states; legal because the paired compute writes a fresh ancilla and no control is written in between",Erasing the ancilla that holds the AND reproduces the second Toffoli exactly because both controls are unchanged since the compute
qmpa_mul6,g00046,and_uncompute,46,34 22 35,31,g00038,uncompute_and_meas,uncompute_and_meas:clifford,0,"Gidney 2018: measurement-based uncomputation of a temporary AND, no magic states; legal because the paired compute writes a fresh ancilla and no control is written in between",Erasing the ancilla that holds the AND reproduces the second Toffoli exactly because both controls are unchanged since the compute
qmpa_mul6,g00049,and_uncompute,49,33 21 34,34,g00035,uncompute_and_meas,uncompute_and_meas:clifford,0,"Gidney 2018: measurement-based uncomputation of a temporary AND, no magic states; legal because the paired compute writes a fresh ancilla and no control is written in between",Erasing the ancilla that holds the AND reproduces the second Toffoli exactly because both controls are unchanged since the compute
qmpa_mul6,g00052,and_uncompute,52,32 20 33,37,g00032,uncompute_and_meas,uncompute_and_meas:clifford,0,"Gidney 2018: measurement-based uncomputation of a temporary AND, no magic states; legal because the paired compute writes a fresh ancilla and no control is written in between",Erasing the ancilla that holds the AND reproduces the second Toffoli exactly because both controls are unchanged since the compute
qmpa_mul6,g00055,and_uncompute,55,31 19 32,40,g00029,uncompute_and_meas,uncompute_and_meas:clifford,0,"Gidney 2018: measurement-based uncomputation of a temporary AND, no magic states; legal because the paired compute writes a fresh ancilla and no control is written in between",Erasing the ancilla that holds the AND reproduces the second Toffoli exactly because both controls are unchanged since the compute
qmpa_mul6,g00058,and_uncompute,58,30 18 31,43,g00026,uncompute_and_meas,uncompute_and_meas:clifford,0,"Gidney 2018: measurement-based uncomputation of a temporary AND, no magic states; legal because the paired compute writes a fresh ancilla and no control is written in between",Erasing the ancilla that holds the AND reproduces the second Toffoli exactly because both controls are unchanged since the compute
qmpa_mul6,g00061,and_uncompute,61,29 17 30,46,g00023,uncompute_and_meas,uncompute_and_meas:clifford,0,"Gidney 2018: measurement-based uncomputation of a temporary AND, no magic states; legal because the paired compute writes a fresh ancilla and no control is written in between",Erasing the ancilla that holds the AND reproduces the second Toffoli exactly because both controls are unchanged since the compute
qmpa_mul6,g00064,and_uncompute,64,28 16 29,49,g00020,uncompute_and_meas,uncompute_and_meas:clifford,0,"Gidney 2018: measurement-based uncomputation of a temporary AND, no magic states; legal because the paired compute writes a fresh ancilla and no control is written in between",Erasing the ancilla that holds the AND reproduces the second Toffoli exactly because both controls are unchanged since the compute
qmpa_mul6,g00067,and_uncompute,67,27 15 28,52,g00017,uncompute_and_meas,uncompute_and_meas:clifford,0,"Gidney 2018: measurement-based uncomputation of a temporary AND, no magic states; legal because the paired compute writes a fresh ancilla and no control is written in between",Erasing the ancilla that holds the AND reproduces the second Toffoli exactly because both controls are unchanged since the compute
qmpa_mul6,g00070,and_uncompute,70,26 14 27,55,g00014,uncompute_and_meas,uncompute_and_meas:clifford,0,"Gidney 2018: measurement-based uncomputation of a temporary AND, no magic states; legal because the paired compute writes a fresh ancilla and no control is written in between",Erasing the ancilla that holds the AND reproduces the second Toffoli exactly because both controls are unchanged since the compute
qmpa_mul6,g00073,and_uncompute,73,25 13 26,58,g00011,uncompute_and_meas,uncompute_and_meas:clifford,0,"Gidney 2018: measurement-based uncomputation of a temporary AND, no magic states; legal because the paired compute writes a fresh ancilla and no control is written in between",Erasing the ancilla that holds the AND reproduces the second Toffoli exactly because both controls are unchanged since the compute
qmpa_mul6,g00076,and_uncompute,76,37 12 25,61,g00008,uncompute_and_meas,uncompute_and_meas:clifford,0,"Gidney 2018: measurement-based uncomputation of a temporary AND, no magic states; legal because the paired compute writes a fresh ancilla and no control is written in between",Erasing the ancilla that holds the AND reproduces the second Toffoli exactly because both controls are unchanged since the compute
qmpa_mul6,g00079,and_uncompute,79,0 6 25,63,g00000,uncompute_and_meas,uncompute_and_meas:clifford,0,"Gidney 2018: measurement-based uncomputation of a temporary AND, no magic states; legal because the paired compute writes a fresh ancilla and no control is written in between",Erasing the ancilla that holds the AND reproduces the second Toffoli exactly because both controls are unchanged since the compute
qmpa_mul6,g00080,and_uncompute,80,0 7 26,64,g00001,uncompute_and_meas,uncompute_and_meas:clifford,0,"Gidney 2018: measurement-based uncomputation of a temporary AND, no magic states; legal because the paired compute writes a fresh ancilla and no control is written in between",Erasing the ancilla that holds the AND reproduces the second Toffoli exactly because both controls are unchanged since the compute
qmpa_mul6,g00081,and_uncompute,81,0 8 27,65,g00002,uncompute_and_meas,uncompute_and_meas:clifford,0,"Gidney 2018: measurement-based uncomputation of a temporary AND, no magic states; legal because the paired compute writes a fresh ancilla and no control is written in between",Erasing the ancilla that holds the AND reproduces the second Toffoli exactly because both controls are unchanged since the compute
qmpa_mul6,g00082,and_uncompute,82,0 9 28,66,g00003,uncompute_and_meas,uncompute_and_meas:clifford,0,"Gidney 2018: measurement-based uncomputation of a temporary AND, no magic states; legal because the paired compute writes a fresh ancilla and no control is written in between",Erasing the ancilla that holds the AND reproduces the second Toffoli exactly because both controls are unchanged since the compute
qmpa_mul6,g00083,and_uncompute,83,0 10 29,67,g00004,uncompute_and_meas,uncompute_and_meas:clifford,0,"Gidney 2018: measurement-based uncomputation of a temporary AND, no magic states; legal because the paired compute writes a fresh ancilla and no control is written in between",Erasing the ancilla that holds the AND reproduces the second Toffoli exactly because both controls are unchanged since the compute
qmpa_mul6,g00084,and_uncompute,84,0 11 30,68,g00005,uncompute_and_meas,uncompute_and_meas:clifford,0,"Gidney 2018: measurement-based uncomputation of a temporary AND, no magic states; legal because the paired compute writes a fresh ancilla and no control is written in between",Erasing the ancilla that holds the AND reproduces the second Toffoli exactly because both controls are unchanged since the compute
qmpa_mul6,g00085,and,85,1 6 25,64,g00158,ccz t4,ccz:CCZ=1 t4:T=4,1 1,"Toffoli is a CCZ up to Cliffords; one CCZ state (Gidney & Fowler 2019) | Gidney 2018 temporary AND: 4 T to compute, 0 to uncompute","Toffoli = CCZ up to Clifford conjugation; 7-T forms are exact Clifford+T decompositions; 4-T form is exact given one clean ancilla and feed-forward; compute half of a temporary AND, uncompute is free"
qmpa_mul6,g00086,and,86,1 7 26,65,g00159,ccz t4,ccz:CCZ=1 t4:T=4,1 1,"Toffoli is a CCZ up to Cliffords; one CCZ state (Gidney & Fowler 2019) | Gidney 2018 temporary AND: 4 T to compute, 0 to uncompute","Toffoli = CCZ up to Clifford conjugation; 7-T forms are exact Clifford+T decompositions; 4-T form is exact given one clean ancilla and feed-forward; compute half of a temporary AND, uncompute is free"
qmpa_mul6,g00087,and,87,1 8 27,66,g00160,ccz t4,ccz:CCZ=1 t4:T=4,1 1,"Toffoli is a CCZ up to Cliffords; one CCZ state (Gidney & Fowler 2019) | Gidney 2018 temporary AND: 4 T to compute, 0 to uncompute","Toffoli = CCZ up to Clifford conjugation; 7-T forms are exact Clifford+T decompositions; 4-T form is exact given one clean ancilla and feed-forward; compute half of a temporary AND, uncompute is free"
qmpa_mul6,g00088,and,88,1 9 28,67,g00161,ccz t4,ccz:CCZ=1 t4:T=4,1 1,"Toffoli is a CCZ up to Cliffords; one CCZ state (Gidney & Fowler 2019) | Gidney 2018 temporary AND: 4 T to compute, 0 to uncompute","Toffoli = CCZ up to Clifford conjugation; 7-T forms are exact Clifford+T decompositions; 4-T form is exact given one clean ancilla and feed-forward; compute half of a temporary AND, uncompute is free"
qmpa_mul6,g00089,and,89,1 10 29,68,g00162,ccz t4,ccz:CCZ=1 t4:T=4,1 1,"Toffoli is a CCZ up to Cliffords; one CCZ state (Gidney & Fowler 2019) | Gidney 2018 temporary AND: 4 T to compute, 0 to uncompute","Toffoli = CCZ up to Clifford conjugation; 7-T forms are exact Clifford+T decompositions; 4-T form is exact given one clean ancilla and feed-forward; compute half of a temporary AND, uncompute is free"
qmpa_mul6,g00090,and,90,1 11 30,69,g00163,ccz t4,ccz:CCZ=1 t4:T=4,1 1,"Toffoli is a CCZ up to Cliffords; one CCZ state (Gidney & Fowler 2019) | Gidney 2018 temporary AND: 4 T to compute, 0 to uncompute","Toffoli = CCZ up to Clifford conjugation; 7-T forms are exact Clifford+T decompositions; 4-T form is exact given one clean ancilla and feed-forward; compute half of a temporary AND, uncompute is free"
qmpa_mul6,g00093,and,93,37 13 25,67,g00155,ccz t4,ccz:CCZ=1 t4:T=4,1 1,"Toffoli is a CCZ up to Cliffords; one CCZ state (Gidney & Fowler 2019) | Gidney 2018 temporary AND: 4 T to compute, 0 to uncompute","Toffoli = CCZ up to Clifford conjugation; 7-T forms are exact Clifford+T decompositions; 4-T form is exact given one clean ancilla and feed-forward; compute half of a temporary AND, uncompute is free"
qmpa_mul6,g00096,and,96,25 14 26,69,g00152,ccz t4,ccz:CCZ=1 t4:T=4,1 1,"Toffoli is a CCZ up to Cliffords; one CCZ state (Gidney & Fowler 2019) | Gidney 2018 temporary AND: 4 T to compute, 0 to uncompute","Toffoli = CCZ up to Clifford conjugation; 7-T forms are exact Clifford+T decompositions; 4-T form is exact given one clean ancilla and feed-forward; compute half of a temporary AND, uncompute is free"
qmpa_mul6,g00099,and,99,26 15 27,71,g00149,ccz t4,ccz:CCZ=1 t4:T=4,1 1,"Toffoli is a CCZ up to Cliffords; one CCZ state (Gidney & Fowler 2019) | Gidney 2018 temporary AND: 4 T to compute, 0 to uncompute","Toffoli = CCZ up to Clifford conjugation; 7-T forms are exact Clifford+T decompositions; 4-T form is exact given one clean ancilla and feed-forward; compute half of a temporary AND, uncompute is free"
qmpa_mul6,g00102,and,102,27 16 28,73,g00146,ccz t4,ccz:CCZ=1 t4:T=4,1 1,"Toffoli is a CCZ up to Cliffords; one CCZ state (Gidney & Fowler 2019) | Gidney 2018 temporary AND: 4 T to compute, 0 to uncompute","Toffoli = CCZ up to Clifford conjugation; 7-T forms are exact Clifford+T decompositions; 4-T form is exact given one clean ancilla and feed-forward; compute half of a temporary AND, uncompute is free"
qmpa_mul6,g00105,and,105,28 17 29,75,g00143,ccz t4,ccz:CCZ=1 t4:T=4,1 1,"Toffoli is a CCZ up to Cliffords; one CCZ state (Gidney & Fowler 2019) | Gidney 2018 temporary AND: 4 T to compute, 0 to uncompute","Toffoli = CCZ up to Clifford conjugation; 7-T forms are exact Clifford+T decompositions; 4-T form is exact given one clean ancilla and feed-forward; compute half of a temporary AND, uncompute is free"
qmpa_mul6,g00108,and,108,29 18 30,77,g00140,ccz t4,ccz:CCZ=1 t4:T=4,1 1,"Toffoli is a CCZ up to Cliffords; one CCZ state (Gidney & Fowler 2019) | Gidney 2018 temporary AND: 4 T to compute, 0 to uncompute","Toffoli = CCZ up to Clifford conjugation; 7-T forms are exact Clifford+T decompositions; 4-T form is exact given one clean ancilla and feed-forward; compute half of a temporary AND, uncompute is free"
qmpa_mul6,g00111,and,111,30 19 31,79,g00137,ccz t4,ccz:CCZ=1 t4:T=4,1 1,"Toffoli is a CCZ up to Cliffords; one CCZ state (Gidney & Fowler 2019) | Gidney 2018 temporary AND: 4 T to compute, 0 to uncompute","Toffoli = CCZ up to Clifford conjugation; 7-T forms are exact Clifford+T decompositions; 4-T form is exact given one clean ancilla and feed-forward; compute half of a temporary AND, uncompute is free"
qmpa_mul6,g00114,and,114,31 20 32,81,g00134,ccz t4,ccz:CCZ=1 t4:T=4,1 1,"Toffoli is a CCZ up to Cliffords; one CCZ state (Gidney & Fowler 2019) | Gidney 2018 temporary AND: 4 T to compute, 0 to uncompute","Toffoli = CCZ up to Clifford conjugation; 7-T forms are exact Clifford+T decompositions; 4-T form is exact given one clean ancilla and feed-forward; compute half of a temporary AND, uncompute is free"
qmpa_mul6,g00117,and,117,32 21 33,83,g00131,ccz t4,ccz:CCZ=1 t4:T=4,1 1,"Toffoli is a CCZ up to Cliffords; one CCZ state (Gidney & Fowler 2019) | Gidney 2018 temporary AND: 4 T to compute, 0 to uncompute","Toffoli = CCZ up to Clifford conjugation; 7-T forms are exact Clifford+T decompositions; 4-T form is exact given one clean ancilla and feed-forward; compute half of a temporary AND, uncompute is free"
qmpa_mul6,g00120,and,120,33 22 34,85,g00128,ccz t4,ccz:CCZ=1 t4:T=4,1 1,"Toffoli is a CCZ up to Cliffords; one CCZ state (Gidney & Fowler 2019) | Gidney 2018 temporary AND: 4 T to compute, 0 to uncompute","Toffoli = CCZ up to Clifford conjugation; 7-T forms are exact Clifford+T decompositions; 4-T form is exact given one clean ancilla and feed-forward; compute half of a temporary AND, uncompute is free"
qmpa_mul6,g00123,and,123,34 23 35,87,g00125,ccz t4,ccz:CCZ=1 t4:T=4,1 1,"Toffoli is a CCZ up to Cliffords; one CCZ state (Gidney & Fowler 2019) | Gidney 2018 temporary AND: 4 T to compute, 0 to uncompute","Toffoli = CCZ up to Clifford conjugation; 7-T forms are exact Clifford+T decompositions; 4-T form is exact given one clean ancilla and feed-forward; compute half of a temporary AND, uncompute is free"
qmpa_mul6,g00125,and_uncompute,125,34 23 35,89,g00123,uncompute_and_meas,uncompute_and_meas:clifford,0,"Gidney 2018: measurement-based uncomputation of a temporary AND, no magic states; legal because the paired compute writes a fresh ancilla and no control is written in between",Erasing the ancilla that holds the AND reproduces the second Toffoli exactly because both controls are unchanged since the compute
qmpa_mul6,g00128,and_uncompute,128,33 22 34,92,g00120,uncompute_and_meas,uncompute_and_meas:clifford,0,"Gidney 2018: measurement-based uncomputation of a temporary AND, no magic states; legal because the paired compute writes a fresh ancilla and no control is written in between",Erasing the ancilla that holds the AND reproduces the second Toffoli exactly because both controls are unchanged since the compute
qmpa_mul6,g00131,and_uncompute,131,32 21 33,95,g00117,uncompute_and_meas,uncompute_and_meas:clifford,0,"Gidney 2018: measurement-based uncomputation of a temporary AND, no magic states; legal because the paired compute writes a fresh ancilla and no control is written in between",Erasing the ancilla that holds the AND reproduces the second Toffoli exactly because both controls are unchanged since the compute
qmpa_mul6,g00134,and_uncompute,134,31 20 32,98,g00114,uncompute_and_meas,uncompute_and_meas:clifford,0,"Gidney 2018: measurement-based uncomputation of a temporary AND, no magic states; legal because the paired compute writes a fresh ancilla and no control is written in between",Erasing the ancilla that holds the AND reproduces the second Toffoli exactly because both controls are unchanged since the compute
qmpa_mul6,g00137,and_uncompute,137,30 19 31,101,g00111,uncompute_and_meas,uncompute_and_meas:clifford,0,"Gidney 2018: measurement-based uncomputation of a temporary AND, no magic states; legal because the paired compute writes a fresh ancilla and no control is written in between",Erasing the ancilla that holds the AND reproduces the second Toffoli exactly because both controls are unchanged since the compute
qmpa_mul6,g00140,and_uncompute,140,29 18 30,104,g00108,uncompute_and_meas,uncompute_and_meas:clifford,0,"Gidney 2018: measurement-based uncomputation of a temporary AND, no magic states; legal because the paired compute writes a fresh ancilla and no control is written in between",Erasing the ancilla that holds the AND reproduces the second Toffoli exactly because both controls are unchanged since the compute
qmpa_mul6,g00143,and_uncompute,143,28 17 29,107,g00105,uncompute_and_meas,uncompute_and_meas:clifford,0,"Gidney 2018: measurement-based uncomputation of a temporary AND, no magic states; legal because the paired compute writes a fresh ancilla and no control is written in between",Erasing the ancilla that holds the AND reproduces the second Toffoli exactly because both controls are unchanged since the compute
qmpa_mul6,g00146,and_uncompute,146,27 16 28,110,g00102,uncompute_and_meas,uncompute_and_meas:clifford,0,"Gidney 2018: measurement-based uncomputation of a temporary AND, no magic states; legal because the paired compute writes a fresh ancilla and no control is written in between",Erasing the ancilla that holds the AND reproduces the second Toffoli exactly because both controls are unchanged since the compute
qmpa_mul6,g00149,and_uncompute,149,26 15 27,113,g00099,uncompute_and_meas,uncompute_and_meas:clifford,0,"Gidney 2018: measurement-based uncomputation of a temporary AND, no magic states; legal because the paired compute writes a fresh ancilla and no control is written in between",Erasing the ancilla that holds the AND reproduces the second Toffoli exactly because both controls are unchanged since the compute
qmpa_mul6,g00152,and_uncompute,152,25 14 26,116,g00096,uncompute_and_meas,uncompute_and_meas:clifford,0,"Gidney 2018: measurement-based uncomputation of a temporary AND, no magic states; legal because the paired compute writes a fresh ancilla and no control is written in between",Erasing the ancilla that holds the AND reproduces the second Toffoli exactly because both controls are unchanged since the compute
qmpa_mul6,g00155,and_uncompute,155,37 13 25,119,g00093,uncompute_and_meas,uncompute_and_meas:clifford,0,"Gidney 2018: measurement-based uncomputation of a temporary AND, no magic states; legal because the paired compute writes a fresh ancilla and no control is written in between",Erasing the ancilla that holds the AND reproduces the second Toffoli exactly because both controls are unchanged since the compute
qmpa_mul6,g00158,and_uncompute,158,1 6 25,121,g00085,uncompute_and_meas,uncompute_and_meas:clifford,0,"Gidney 2018: measurement-based uncomputation of a temporary AND, no magic states; legal because the paired compute writes a fresh ancilla and no control is written in between",Erasing the ancilla that holds the AND reproduces the second Toffoli exactly because both controls are unchanged since the compute
qmpa_mul6,g00159,and_uncompute,159,1 7 26,122,g00086,uncompute_and_meas,uncompute_and_meas:clifford,0,"Gidney 2018: measurement-based uncomputation of a temporary AND, no magic states; legal because the paired compute writes a fresh ancilla and no control is written in between",Erasing the ancilla that holds the AND reproduces the second Toffoli exactly because both controls are unchanged since the compute
qmpa_mul6,g00160,and_uncompute,160,1 8 27,123,g00087,uncompute_and_meas,uncompute_and_meas:clifford,0,"Gidney 2018: measurement-based uncomputation of a temporary AND, no magic states; legal because the paired compute writes a fresh ancilla and no control is written in between",Erasing the ancilla that holds the AND reproduces the second Toffoli exactly because both controls are unchanged since the compute
qmpa_mul6,g00161,and_uncompute,161,1 9 28,124,g00088,uncompute_and_meas,uncompute_and_meas:clifford,0,"Gidney 2018: measurement-based uncomputation of a temporary AND, no magic states; legal because the paired compute writes a fresh ancilla and no control is written in between",Erasing the ancilla that holds the AND reproduces the second Toffoli exactly because both controls are unchanged since the compute
qmpa_mul6,g00162,and_uncompute,162,1 10 29,125,g00089,uncompute_and_meas,uncompute_and_meas:clifford,0,"Gidney 2018: measurement-based uncomputation of a temporary AND, no magic states; legal because the paired compute writes a fresh ancilla and no control is written in between",Erasing the ancilla that holds the AND reproduces the second Toffoli exactly because both controls are unchanged since the compute
qmpa_mul6,g00163,and_uncompute,163,1 11 30,126,g00090,uncompute_and_meas,uncompute_and_meas:clifford,0,"Gidney 2018: measurement-based uncomputation of a temporary AND, no magic states; legal because the paired compute writes a fresh ancilla and no control is written in between",Erasing the ancilla that holds the AND reproduces the second Toffoli exactly because both controls are unchanged since the compute
qmpa_mul6,g00164,and,164,2 6 25,122,g00231,ccz t4,ccz:CCZ=1 t4:T=4,1 1,"Toffoli is a CCZ up to Cliffords; one CCZ state (Gidney & Fowler 2019) | Gidney 2018 temporary AND: 4 T to compute, 0 to uncompute","Toffoli = CCZ up to Clifford conjugation; 7-T forms are exact Clifford+T decompositions; 4-T form is exact given one clean ancilla and feed-forward; compute half of a temporary AND, uncompute is free"
qmpa_mul6,g00165,and,165,2 7 26,123,g00232,ccz t4,ccz:CCZ=1 t4:T=4,1 1,"Toffoli is a CCZ up to Cliffords; one CCZ state (Gidney & Fowler 2019) | Gidney 2018 temporary AND: 4 T to compute, 0 to uncompute","Toffoli = CCZ up to Clifford conjugation; 7-T forms are exact Clifford+T decompositions; 4-T form is exact given one clean ancilla and feed-forward; compute half of a temporary AND, uncompute is free"
qmpa_mul6,g00166,and,166,2 8 27,124,g00233,ccz t4,ccz:CCZ=1 t4:T=4,1 1,"Toffoli is a CCZ up to Cliffords; one CCZ state (Gidney & Fowler 2019) | Gidney 2018 temporary AND: 4 T to compute, 0 to uncompute","Toffoli = CCZ up to Clifford conjugation; 7-T forms are exact Clifford+T decompositions; 4-T form is exact given one clean ancilla and feed-forward; compute half of a temporary AND, uncompute is free"
qmpa_mul6,g00167,and,167,2 9 28,125,g00234,ccz t4,ccz:CCZ=1 t4:T=4,1 1,"Toffoli is a CCZ up to Cliffords; one CCZ state (Gidney & Fowler 2019) | Gidney 2018 temporary AND: 4 T to compute, 0 to uncompute","Toffoli = CCZ up to Clifford conjugation; 7-T forms are exact Clifford+T decompositions; 4-T form is exact given one clean ancilla and feed-forward; compute half of a temporary AND, uncompute is free"
qmpa_mul6,g00168,and,168,2 10 29,126,g00235,ccz t4,ccz:CCZ=1 t4:T=4,1 1,"Toffoli is a CCZ up to Cliffords; one CCZ state (Gidney & Fowler 2019) | Gidney 2018 temporary AND: 4 T to compute, 0 to uncompute","Toffoli = CCZ up to Clifford conjugation; 7-T forms are exact Clifford+T decompositions; 4-T form is exact given one clean ancilla and feed-forward; compute half of a temporary AND, uncompute is free"
qmpa_mul6,g00169,and,169,2 11 30,127,g00236,ccz t4,ccz:CCZ=1 t4:T=4,1 1,"Toffoli is a CCZ up to Cliffords; one CCZ state (Gidney & Fowler 2019) | Gidney 2018 temporary AND: 4 T to compute, 0 to uncompute","Toffoli = CCZ up to Clifford conjugation; 7-T forms are exact Clifford+T decompositions; 4-T form is exact given one clean ancilla and feed-forward; compute half of a temporary AND, uncompute is free"
qmpa_mul6,g00172,and,172,37 14 25,125,g00228,ccz t4,ccz:CCZ=1 t4:T=4,1 1,"Toffoli is a CCZ up to Cliffords; one CCZ state (Gidney & Fowler 2019) | Gidney 2018 temporary AND: 4 T to compute, 0 to uncompute","Toffoli = CCZ up to Clifford conjugation; 7-T forms are exact Clifford+T decompositions; 4-T form is exact given one clean ancilla and feed-forward; compute half of a temporary AND, uncompute is free"
qmpa_mul6,g00175,and,175,25 15 26,127,g00225,ccz t4,ccz:CCZ=1 t4:T=4,1 1,"Toffoli is a CCZ up to Cliffords; one CCZ state (Gidney & Fowler 2019) | Gidney 2018 temporary AND: 4 T to compute, 0 to uncompute","Toffoli = CCZ up to Clifford conjugation; 7-T forms are exact Clifford+T decompositions; 4-T form is exact given one clean ancilla and feed-forward; compute half of a temporary AND, uncompute is free"
qmpa_mul6,g00178,and,178,26 16 27,129,g00222,ccz t4,ccz:CCZ=1 t4:T=4,1 1,"Toffoli is a CCZ up to Cliffords; one CCZ state (Gidney & Fowler 2019) | Gidney 2018 temporary AND: 4 T to compute, 0 to uncompute","Toffoli = CCZ up to Clifford conjugation; 7-T forms are exact Clifford+T decompositions; 4-T form is exact given one clean ancilla and feed-forward; compute half of a temporary AND, uncompute is free"
qmpa_mul6,g00181,and,181,27 17 28,131,g00219,ccz t4,ccz:CCZ=1 t4:T=4,1 1,"Toffoli is a CCZ up to Cliffords; one CCZ state (Gidney & Fowler 2019) | Gidney 2018 temporary AND: 4 T to compute, 0 to uncompute","Toffoli = CCZ up to Clifford conjugation; 7-T forms are exact Clifford+T decompositions; 4-T form is exact given one clean ancilla and feed-forward; compute half of a temporary AND, uncompute is free"
qmpa_mul6,g00184,and,184,28 18 29,133,g00216,ccz t4,ccz:CCZ=1 t4:T=4,1 1,"Toffoli is a CCZ up to Cliffords; one CCZ state (Gidney & Fowler 2019) | Gidney 2018 temporary AND: 4 T to compute, 0 to uncompute","Toffoli = CCZ up to Clifford conjugation; 7-T forms are exact Clifford+T decompositions; 4-T form is exact given one clean ancilla and feed-forward; compute half of a temporary AND, uncompute is free"
qmpa_mul6,g00187,and,187,29 19 30,135,g00213,ccz t4,ccz:CCZ=1 t4:T=4,1 1,"Toffoli is a CCZ up to Cliffords; one CCZ state (Gidney & Fowler 2019) | Gidney 2018 temporary AND: 4 T to compute, 0 to uncompute","Toffoli = CCZ up to Clifford conjugation; 7-T forms are exact Clifford+T decompositions; 4-T form is exact given one clean ancilla and feed-forward; compute half of a temporary AND, uncompute is free"
qmpa_mul6,g00190,and,190,30 20 31,137,g00210,ccz t4,ccz:CCZ=1 t4:T=4,1 1,"Toffoli is a CCZ up to Cliffords; one CCZ state (Gidney & Fowler 2019) | Gidney 2018 temporary AND: 4 T to compute, 0 to uncompute","Toffoli = CCZ up to Clifford conjugation; 7-T forms are exact Clifford+T decompositions; 4-T form is exact given one clean ancilla and feed-forward; compute half of a temporary AND, uncompute is free"
qmpa_mul6,g00193,and,193,31 21 32,139,g00207,ccz t4,ccz:CCZ=1 t4:T=4,1 1,"Toffoli is a CCZ up to Cliffords; one CCZ state (Gidney & Fowler 2019) | Gidney 2018 temporary AND: 4 T to compute, 0 to uncompute","Toffoli = CCZ up to Clifford conjugation; 7-T forms are exact Clifford+T decompositions; 4-T form is exact given one clean ancilla and feed-forward; compute half of a temporary AND, uncompute is free"
qmpa_mul6,g00196,and,196,32 22 33,141,g00204,ccz t4,ccz:CCZ=1 t4:T=4,1 1,"Toffoli is a CCZ up to Cliffords; one CCZ state (Gidney & Fowler 2019) | Gidney 2018 temporary AND: 4 T to compute, 0 to uncompute","Toffoli = CCZ up to Clifford conjugation; 7-T forms are exact Clifford+T decompositions; 4-T form is exact given one clean ancilla and feed-forward; compute half of a temporary AND, uncompute is free"
qmpa_mul6,g00199,and,199,33 23 34,143,g00201,ccz t4,ccz:CCZ=1 t4:T=4,1 1,"Toffoli is a CCZ up to Cliffords; one CCZ state (Gidney & Fowler 2019) | Gidney 2018 temporary AND: 4 T to compute, 0 to uncompute","Toffoli = CCZ up to Clifford conjugation; 7-T forms are exact Clifford+T decompositions; 4-T form is exact given one clean ancilla and feed-forward; compute half of a temporary AND, uncompute is free"
qmpa_mul6,g00201,and_uncompute,201,33 23 34,145,g00199,uncompute_and_meas,uncompute_and_meas:clifford,0,"Gidney 2018: measurement-based uncomputation of a temporary AND, no magic states; legal because the paired compute writes a fresh ancilla and no control is written in between",Erasing the ancilla that holds the AND reproduces the second Toffoli exactly because both controls are unchanged since the compute
qmpa_mul6,g00204,and_uncompute,204,32 22 33,148,g00196,uncompute_and_meas,uncompute_and_meas:clifford,0,"Gidney 2018: measurement-based uncomputation of a temporary AND, no magic states; legal because the paired compute writes a fresh ancilla and no control is written in between",Erasing the ancilla that holds the AND reproduces the second Toffoli exactly because both controls are unchanged since the compute
qmpa_mul6,g00207,and_uncompute,207,31 21 32,151,g00193,uncompute_and_meas,uncompute_and_meas:clifford,0,"Gidney 2018: measurement-based uncomputation of a temporary AND, no magic states; legal because the paired compute writes a fresh ancilla and no control is written in between",Erasing the ancilla that holds the AND reproduces the second Toffoli exactly because both controls are unchanged since the compute
qmpa_mul6,g00210,and_uncompute,210,30 20 31,154,g00190,uncompute_and_meas,uncompute_and_meas:clifford,0,"Gidney 2018: measurement-based uncomputation of a temporary AND, no magic states; legal because the paired compute writes a fresh ancilla and no control is written in between",Erasing the ancilla that holds the AND reproduces the second Toffoli exactly because both controls are unchanged since the compute
qmpa_mul6,g00213,and_uncompute,213,29 19 30,157,g00187,uncompute_and_meas,uncompute_and_meas:clifford,0,"Gidney 2018: measurement-based uncomputation of a temporary AND, no magic states; legal because the paired compute writes a fresh ancilla and no control is written in between",Erasing the ancilla that holds the AND reproduces the second Toffoli exactly because both controls are unchanged since the compute
qmpa_mul6,g00216,and_uncompute,216,28 18 29,160,g00184,uncompute_and_meas,uncompute_and_meas:clifford,0,"Gidney 2018: measurement-based uncomputation of a temporary AND, no magic states; legal because the paired compute writes a fresh ancilla and no control is written in between",Erasing the ancilla that holds the AND reproduces the second Toffoli exactly because both controls are unchanged since the compute
qmpa_mul6,g00219,and_uncompute,219,27 17 28,163,g00181,uncompute_and_meas,uncompute_and_meas:clifford,0,"Gidney 2018: measurement-based uncomputation of a temporary AND, no magic states; legal because the paired compute writes a fresh ancilla and no control is written in between",Erasing the ancilla that holds the AND reproduces the second Toffoli exactly because both controls are unchanged since the compute
qmpa_mul6,g00222,and_uncompute,222,26 16 27,166,g00178,uncompute_and_meas,uncompute_and_meas:clifford,0,"Gidney 2018: measurement-based uncomputation of a temporary AND, no magic states; legal because the paired compute writes a fresh ancilla and no control is written in between",Erasing the ancilla that holds the AND reproduces the second Toffoli exactly because both controls are unchanged since the compute
qmpa_mul6,g00225,and_uncompute,225,25 15 26,169,g00175,uncompute_and_meas,uncompute_and_meas:clifford,0,"Gidney 2018: measurement-based uncomputation of a temporary AND, no magic states; legal because the paired compute writes a fresh ancilla and no control is written in between",Erasing the ancilla that holds the AND reproduces the second Toffoli exactly because both controls are unchanged since the compute
qmpa_mul6,g00228,and_uncompute,228,37 14 25,172,g00172,uncompute_and_meas,uncompute_and_meas:clifford,0,"Gidney 2018: measurement-based uncomputation of a temporary AND, no magic states; legal because the paired compute writes a fresh ancilla and no control is written in between",Erasing the ancilla that holds the AND reproduces the second Toffoli exactly because both controls are unchanged since the compute
qmpa_mul6,g00231,and_uncompute,231,2 6 25,174,g00164,uncompute_and_meas,uncompute_and_meas:clifford,0,"Gidney 2018: measurement-based uncomputation of a temporary AND, no magic states; legal because the paired compute writes a fresh ancilla and no control is written in between",Erasing the ancilla that holds the AND reproduces the second Toffoli exactly because both controls are unchanged since the compute
qmpa_mul6,g00232,and_uncompute,232,2 7 26,175,g00165,uncompute_and_meas,uncompute_and_meas:clifford,0,"Gidney 2018: measurement-based uncomputation of a temporary AND, no magic states; legal because the paired compute writes a fresh ancilla and no control is written in between",Erasing the ancilla that holds the AND reproduces the second Toffoli exactly because both controls are unchanged since the compute
qmpa_mul6,g00233,and_uncompute,233,2 8 27,176,g00166,uncompute_and_meas,uncompute_and_meas:clifford,0,"Gidney 2018: measurement-based uncomputation of a temporary AND, no magic states; legal because the paired compute writes a fresh ancilla and no control is written in between",Erasing the ancilla that holds the AND reproduces the second Toffoli exactly because both controls are unchanged since the compute
qmpa_mul6,g00234,and_uncompute,234,2 9 28,177,g00167,uncompute_and_meas,uncompute_and_meas:clifford,0,"Gidney 2018: measurement-based uncomputation of a temporary AND, no magic states; legal because the paired compute writes a fresh ancilla and no control is written in between",Erasing the ancilla that holds the AND reproduces the second Toffoli exactly because both controls are unchanged since the compute
qmpa_mul6,g00235,and_uncompute,235,2 10 29,178,g00168,uncompute_and_meas,uncompute_and_meas:clifford,0,"Gidney 2018: measurement-based uncomputation of a temporary AND, no magic states; legal because the paired compute writes a fresh ancilla and no control is written in between",Erasing the ancilla that holds the AND reproduces the second Toffoli exactly because both controls are unchanged since the compute
qmpa_mul6,g00236,and_uncompute,236,2 11 30,179,g00169,uncompute_and_meas,uncompute_and_meas:clifford,0,"Gidney 2018: measurement-based uncomputation of a temporary AND, no magic states; legal because the paired compute writes a fresh ancilla and no control is written in between",Erasing the ancilla that holds the AND reproduces the second Toffoli exactly because both controls are unchanged since the compute
qmpa_mul6,g00237,and,237,3 6 25,175,g00298,ccz t4,ccz:CCZ=1 t4:T=4,1 1,"Toffoli is a CCZ up to Cliffords; one CCZ state (Gidney & Fowler 2019) | Gidney 2018 temporary AND: 4 T to compute, 0 to uncompute","Toffoli = CCZ up to Clifford conjugation; 7-T forms are exact Clifford+T decompositions; 4-T form is exact given one clean ancilla and feed-forward; compute half of a temporary AND, uncompute is free"
qmpa_mul6,g00238,and,238,3 7 26,176,g00299,ccz t4,ccz:CCZ=1 t4:T=4,1 1,"Toffoli is a CCZ up to Cliffords; one CCZ state (Gidney & Fowler 2019) | Gidney 2018 temporary AND: 4 T to compute, 0 to uncompute","Toffoli = CCZ up to Clifford conjugation; 7-T forms are exact Clifford+T decompositions; 4-T form is exact given one clean ancilla and feed-forward; compute half of a temporary AND, uncompute is free"
qmpa_mul6,g00239,and,239,3 8 27,177,g00300,ccz t4,ccz:CCZ=1 t4:T=4,1 1,"Toffoli is a CCZ up to Cliffords; one CCZ state (Gidney & Fowler 2019) | Gidney 2018 temporary AND: 4 T to compute, 0 to uncompute","Toffoli = CCZ up to Clifford conjugation; 7-T forms are exact Clifford+T decompositions; 4-T form is exact given one clean ancilla and feed-forward; compute half of a temporary AND, uncompute is free"
qmpa_mul6,g00240,and,240,3 9 28,178,g00301,ccz t4,ccz:CCZ=1 t4:T=4,1 1,"Toffoli is a CCZ up to Cliffords; one CCZ state (Gidney & Fowler 2019) | Gidney 2018 temporary AND: 4 T to compute, 0 to uncompute","Toffoli = CCZ up to Clifford conjugation; 7-T forms are exact Clifford+T decompositions; 4-T form is exact given one clean ancilla and feed-forward; compute half of a temporary AND, uncompute is free"
qmpa_mul6,g00241,and,241,3 10 29,179,g00302,ccz t4,ccz:CCZ=1 t4:T=4,1 1,"Toffoli is a CCZ up to Cliffords; one CCZ state (Gidney & Fowler 2019) | Gidney 2018 temporary AND: 4 T to compute, 0 to uncompute","Toffoli = CCZ up to Clifford conjugation; 7-T forms are exact Clifford+T decompositions; 4-T form is exact given one clean ancilla and feed-forward; compute half of a temporary AND, uncompute is free"
qmpa_mul6,g00242,and,242,3 11 30,180,g00303,ccz t4,ccz:CCZ=1 t4:T=4,1 1,"Toffoli is a CCZ up to Cliffords; one CCZ state (Gidney & Fowler 2019) | Gidney 2018 temporary AND: 4 T to compute, 0 to uncompute","Toffoli = CCZ up to Clifford conjugation; 7-T forms are exact Clifford+T decompositions; 4-T form is exact given one clean ancilla and feed-forward; compute half of a temporary AND, uncompute is free"
qmpa_mul6,g00245,and,245,37 15 25,178,g00295,ccz t4,ccz:CCZ=1 t4:T=4,1 1,"Toffoli is a CCZ up to Cliffords; one CCZ state (Gidney & Fowler 2019) | Gidney 2018 temporary AND: 4 T to compute, 0 to uncompute","Toffoli = CCZ up to Clifford conjugation; 7-T forms are exact Clifford+T decompositions; 4-T form is exact given one clean ancilla and feed-forward; compute half of a temporary AND, uncompute is free"
qmpa_mul6,g00248,and,248,25 16 26,180,g00292,ccz t4,ccz:CCZ=1 t4:T=4,1 1,"Toffoli is a CCZ up to Cliffords; one CCZ state (Gidney & Fowler 2019) | Gidney 2018 temporary AND: 4 T to compute, 0 to uncompute","Toffoli = CCZ up to Clifford conjugation; 7-T forms are exact Clifford+T decompositions; 4-T form is exact given one clean ancilla and feed-forward; compute half of a temporary AND, uncompute is free"
qmpa_mul6,g00251,and,251,26 17 27,182,g00289,ccz t4,ccz:CCZ=1 t4:T=4,1 1,"Toffoli is a CCZ up to Cliffords; one CCZ state (Gidney & Fowler 2019) | Gidney 2018 temporary AND: 4 T to compute, 0 to uncompute","Toffoli = CCZ up to Clifford conjugation; 7-T forms are exact Clifford+T decompositions; 4-T form is exact given one clean ancilla and feed-forward; compute half of a temporary AND, uncompute is free"
qmpa_mul6,g00254,and,254,27 18 28,184,g00286,ccz t4,ccz:CCZ=1 t4:T=4,1 1,"Toffoli is a CCZ up to Cliffords; one CCZ state (Gidney & Fowler 2019) | Gidney 2018 temporary AND: 4 T to compute, 0 to uncompute","Toffoli = CCZ up to Clifford conjugation; 7-T forms are exact Clifford+T decompositions; 4-T form is exact given one clean ancilla and feed-forward; compute half of a temporary AND, uncompute is free"
qmpa_mul6,g00257,and,257,28 19 29,186,g00283,ccz t4,ccz:CCZ=1 t4:T=4,1 1,"Toffoli is a CCZ up to Cliffords; one CCZ state (Gidney & Fowler 2019) | Gidney 2018 temporary AND: 4 T to compute, 0 to uncompute","Toffoli = CCZ up to Clifford conjugation; 7-T forms are exact Clifford+T decompositions; 4-T form is exact given one clean ancilla and feed-forward; compute half of a temporary AND, uncompute is free"
qmpa_mul6,g00260,and,260,29 20 30,188,g00280,ccz t4,ccz:CCZ=1 t4:T=4,1 1,"Toffoli is a CCZ up to Cliffords; one CCZ state (Gidney & Fowler 2019) | Gidney 2018 temporary AND: 4 T to compute, 0 to uncompute","Toffoli = CCZ up to Clifford conjugation; 7-T forms are exact Clifford+T decompositions; 4-T form is exact given one clean ancilla and feed-forward; compute half of a temporary AND, uncompute is free"
qmpa_mul6,g00263,and,263,30 21 31,190,g00277,ccz t4,ccz:CCZ=1 t4:T=4,1 1,"Toffoli is a CCZ up to Cliffords; one CCZ state (Gidney & Fowler 2019) | Gidney 2018 temporary AND: 4 T to compute, 0 to uncompute","Toffoli = CCZ up to Clifford conjugation; 7-T forms are exact Clifford+T decompositions; 4-T form is exact given one clean ancilla and feed-forward; compute half of a temporary AND, uncompute is free"
qmpa_mul6,g00266,and,266,31 22 32,192,g00274,ccz t4,ccz:CCZ=1 t4:T=4,1 1,"Toffoli is a CCZ up to Cliffords; one CCZ state (Gidney & Fowler 2019) | Gidney 2018 temporary AND: 4 T to compute, 0 to uncompute","Toffoli = CCZ up to Clifford conjugation; 7-T forms are exact Clifford+T decompositions; 4-T form is exact given one clean ancilla and feed-forward; compute half of a temporary AND, uncompute is free"
qmpa_mul6,g00269,and,269,32 23 33,194,g00271,ccz t4,ccz:CCZ=1 t4:T=4,1 1,"Toffoli is a CCZ up to Cliffords; one CCZ state (Gidney & Fowler 2019) | Gidney 2018 temporary AND: 4 T to compute, 0 to uncompute","Toffoli = CCZ up to Clifford conjugation; 7-T forms are exact Clifford+T decompositions; 4-T form is exact given one clean ancilla and feed-forward; compute half of a temporary AND, uncompute is free"
qmpa_mul6,g00271,and_uncompute,271,32 23 33,196,g00269,uncompute_and_meas,uncompute_and_meas:clifford,0,"Gidney 2018: measurement-based uncomputation of a temporary AND, no magic states; legal because the paired compute writes a fresh ancilla and no control is written in between",Erasing the ancilla that holds the AND reproduces the second Toffoli exactly because both controls are unchanged since the compute
qmpa_mul6,g00274,and_uncompute,274,31 22 32,199,g00266,uncompute_and_meas,uncompute_and_meas:clifford,0,"Gidney 2018: measurement-based uncomputation of a temporary AND, no magic states; legal because the paired compute writes a fresh ancilla and no control is written in between",Erasing the ancilla that holds the AND reproduces the second Toffoli exactly because both controls are unchanged since the compute
qmpa_mul6,g00277,and_uncompute,277,30 21 31,202,g00263,uncompute_and_meas,uncompute_and_meas:clifford,0,"Gidney 2018: measurement-based uncomputation of a temporary AND, no magic states; legal because the paired compute writes a fresh ancilla and no control is written in between",Erasing the ancilla that holds the AND reproduces the second Toffoli exactly because both controls are unchanged since the compute
qmpa_mul6,g00280,and_uncompute,280,29 20 30,205,g00260,uncompute_and_meas,uncompute_and_meas:clifford,0,"Gidney 2018: measurement-based uncomputation of a temporary AND, no magic states; legal because the paired compute writes a fresh ancilla and no control is written in between",Erasing the ancilla that holds the AND reproduces the second Toffoli exactly because both controls are unchanged since the compute
qmpa_mul6,g00283,and_uncompute,283,28 19 29,208,g00257,uncompute_and_meas,uncompute_and_meas:clifford,0,"Gidney 2018: measurement-based uncomputation of a temporary AND, no magic states; legal because the paired compute writes a fresh ancilla and no control is written in between",Erasing the ancilla that holds the AND reproduces the second Toffoli exactly because both controls are unchanged since the compute
qmpa_mul6,g00286,and_uncompute,286,27 18 28,211,g00254,uncompute_and_meas,uncompute_and_meas:clifford,0,"Gidney 2018: measurement-based uncomputation of a temporary AND, no magic states; legal because the paired compute writes a fresh ancilla and no control is written in between",Erasing the ancilla that holds the AND reproduces the second Toffoli exactly because both controls are unchanged since the compute
qmpa_mul6,g00289,and_uncompute,289,26 17 27,214,g00251,uncompute_and_meas,uncompute_and_meas:clifford,0,"Gidney 2018: measurement-based uncomputation of a temporary AND, no magic states; legal because the paired compute writes a fresh ancilla and no control is written in between",Erasing the ancilla that holds the AND reproduces the second Toffoli exactly because both controls are unchanged since the compute
qmpa_mul6,g00292,and_uncompute,292,25 16 26,217,g00248,uncompute_and_meas,uncompute_and_meas:clifford,0,"Gidney 2018: measurement-based uncomputation of a temporary AND, no magic states; legal because the paired compute writes a fresh ancilla and no control is written in between",Erasing the ancilla that holds the AND reproduces the second Toffoli exactly because both controls are unchanged since the compute
qmpa_mul6,g00295,and_uncompute,295,37 15 25,220,g00245,uncompute_and_meas,uncompute_and_meas:clifford,0,"Gidney 2018: measurement-based uncomputation of a temporary AND, no magic states; legal because the paired compute writes a fresh ancilla and no control is written in between",Erasing the ancilla that holds the AND reproduces the second Toffoli exactly because both controls are unchanged since the compute
qmpa_mul6,g00298,and_uncompute,298,3 6 25,222,g00237,uncompute_and_meas,uncompute_and_meas:clifford,0,"Gidney 2018: measurement-based uncomputation of a temporary AND, no magic states; legal because the paired compute writes a fresh ancilla and no control is written in between",Erasing the ancilla that holds the AND reproduces the second Toffoli exactly because both controls are unchanged since the compute
qmpa_mul6,g00299,and_uncompute,299,3 7 26,223,g00238,uncompute_and_meas,uncompute_and_meas:clifford,0,"Gidney 2018: measurement-based uncomputation of a temporary AND, no magic states; legal because the paired compute writes a fresh ancilla and no control is written in between",Erasing the ancilla that holds the AND reproduces the second Toffoli exactly because both controls are unchanged since the compute
qmpa_mul6,g00300,and_uncompute,300,3 8 27,224,g00239,uncompute_and_meas,uncompute_and_meas:clifford,0,"Gidney 2018: measurement-based uncomputation of a temporary AND, no magic states; legal because the paired compute writes a fresh ancilla and no control is written in between",Erasing the ancilla that holds the AND reproduces the second Toffoli exactly because both controls are unchanged since the compute
qmpa_mul6,g00301,and_uncompute,301,3 9 28,225,g00240,uncompute_and_meas,uncompute_and_meas:clifford,0,"Gidney 2018: measurement-based uncomputation of a temporary AND, no magic states; legal because the paired compute writes a fresh ancilla and no control is written in between",Erasing the ancilla that holds the AND reproduces the second Toffoli exactly because both controls are unchanged since the compute
qmpa_mul6,g00302,and_uncompute,302,3 10 29,226,g00241,uncompute_and_meas,uncompute_and_meas:clifford,0,"Gidney 2018: measurement-based uncomputation of a temporary AND, no magic states; legal because the paired compute writes a fresh ancilla and no control is written in between",Erasing the ancilla that holds the AND reproduces the second Toffoli exactly because both controls are unchanged since the compute
qmpa_mul6,g00303,and_uncompute,303,3 11 30,227,g00242,uncompute_and_meas,uncompute_and_meas:clifford,0,"Gidney 2018: measurement-based uncomputation of a temporary AND, no magic states; legal because the paired compute writes a fresh ancilla and no control is written in between",Erasing the ancilla that holds the AND reproduces the second Toffoli exactly because both controls are unchanged since the compute
qmpa_mul6,g00304,and,304,4 6 25,223,g00359,ccz t4,ccz:CCZ=1 t4:T=4,1 1,"Toffoli is a CCZ up to Cliffords; one CCZ state (Gidney & Fowler 2019) | Gidney 2018 temporary AND: 4 T to compute, 0 to uncompute","Toffoli = CCZ up to Clifford conjugation; 7-T forms are exact Clifford+T decompositions; 4-T form is exact given one clean ancilla and feed-forward; compute half of a temporary AND, uncompute is free"
qmpa_mul6,g00305,and,305,4 7 26,224,g00360,ccz t4,ccz:CCZ=1 t4:T=4,1 1,"Toffoli is a CCZ up to Cliffords; one CCZ state (Gidney & Fowler 2019) | Gidney 2018 temporary AND: 4 T to compute, 0 to uncompute","Toffoli = CCZ up to Clifford conjugation; 7-T forms are exact Clifford+T decompositions; 4-T form is exact given one clean ancilla and feed-forward; compute half of a temporary AND, uncompute is free"
qmpa_mul6,g00306,and,306,4 8 27,225,g00361,ccz t4,ccz:CCZ=1 t4:T=4,1 1,"Toffoli is a CCZ up to Cliffords; one CCZ state (Gidney & Fowler 2019) | Gidney 2018 temporary AND: 4 T to compute, 0 to uncompute","Toffoli = CCZ up to Clifford conjugation; 7-T forms are exact Clifford+T decompositions; 4-T form is exact given one clean ancilla and feed-forward; compute half of a temporary AND, uncompute is free"
qmpa_mul6,g00307,and,307,4 9 28,226,g00362,ccz t4,ccz:CCZ=1 t4:T=4,1 1,"Toffoli is a CCZ up to Cliffords; one CCZ state (Gidney & Fowler 2019) | Gidney 2018 temporary AND: 4 T to compute, 0 to uncompute","Toffoli = CCZ up to Clifford conjugation; 7-T forms are exact Clifford+T decompositions; 4-T form is exact given one clean ancilla and feed-forward; compute half of a temporary AND, uncompute is free"
qmpa_mul6,g00308,and,308,4 10 29,227,g00363,ccz t4,ccz:CCZ=1 t4:T=4,1 1,"Toffoli is a CCZ up to Cliffords; one CCZ state (Gidney & Fowler 2019) | Gidney 2018 temporary AND: 4 T to compute, 0 to uncompute","Toffoli = CCZ up to Clifford conjugation; 7-T forms are exact Clifford+T decompositions; 4-T form is exact given one clean ancilla and feed-forward; compute half of a temporary AND, uncompute is free"
qmpa_mul6,g00309,and,309,4 11 30,228,g00364,ccz t4,ccz:CCZ=1 t4:T=4,1 1,"Toffoli is a CCZ up to Cliffords; one CCZ state (Gidney & Fowler 2019) | Gidney 2018 temporary AND: 4 T to compute, 0 to uncompute","Toffoli = CCZ up to Clifford conjugation; 7-T forms are exact Clifford+T decompositions; 4-T form is exact given one clean ancilla and feed-forward; compute half of a temporary AND, uncompute is free"
qmpa_mul6,g00312,and,312,37 16 25,226,g00356,ccz t4,ccz:CCZ=1 t4:T=4,1 1,"Toffoli is a CCZ up to Cliffords; one CCZ state (Gidney & Fowler 2019) | Gidney 2018 temporary AND: 4 T to compute, 0 to uncompute","Toffoli = CCZ up to Clifford conjugation; 7-T forms are exact Clifford+T decompositions; 4-T form is exact given one clean ancilla and feed-forward; compute half of a temporary AND, uncompute is free"
qmpa_mul6,g00315,and,315,25 17 26,228,g00353,ccz t4,ccz:CCZ=1 t4:T=4,1 1,"Toffoli is a CCZ up to Cliffords; one CCZ state (Gidney & Fowler 2019) | Gidney 2018 temporary AND: 4 T to compute, 0 to uncompute","Toffoli = CCZ up to Clifford conjugation; 7-T forms are exact Clifford+T decompositions; 4-T form is exact given one clean ancilla and feed-forward; compute half of a temporary AND, uncompute is free"
qmpa_mul6,g00318,and,318,26 18 27,230,g00350,ccz t4,ccz:CCZ=1 t4:T=4,1 1,"Toffoli is a CCZ up to Cliffords; one CCZ state (Gidney & Fowler 2019) | Gidney 2018 temporary AND: 4 T to compute, 0 to uncompute","Toffoli = CCZ up to Clifford conjugation; 7-T forms are exact Clifford+T decompositions; 4-T form is exact given one clean ancilla and feed-forward; compute half of a temporary AND, uncompute is free"
qmpa_mul6,g00321,and,321,27 19 28,232,g00347,ccz t4,ccz:CCZ=1 t4:T=4,1 1,"Toffoli is a CCZ up to Cliffords; one CCZ state (Gidney & Fowler 2019) | Gidney 2018 temporary AND: 4 T to compute, 0 to uncompute","Toffoli = CCZ up to Clifford conjugation; 7-T forms are exact Clifford+T decompositions; 4-T form is exact given one clean ancilla and feed-forward; compute half of a temporary AND, uncompute is free"
qmpa_mul6,g00324,and,324,28 20 29,234,g00344,ccz t4,ccz:CCZ=1 t4:T=4,1 1,"Toffoli is a CCZ up to Cliffords; one CCZ state (Gidney & Fowler 2019) | Gidney 2018 temporary AND: 4 T to compute, 0 to uncompute","Toffoli = CCZ up to Clifford conjugation; 7-T forms are exact Clifford+T decompositions; 4-T form is exact given one clean ancilla and feed-forward; compute half of a temporary AND, uncompute is free"
qmpa_mul6,g00327,and,327,29 21 30,236,g00341,ccz t4,ccz:CCZ=1 t4:T=4,1 1,"Toffoli is a CCZ up to Cliffords; one CCZ state (Gidney & Fowler 2019) | Gidney 2018 temporary AND: 4 T to compute, 0 to uncompute","Toffoli = CCZ up to Clifford conjugation; 7-T forms are exact Clifford+T decompositions; 4-T form is exact given one clean ancilla and feed-forward; compute half of a temporary AND, uncompute is free"
qmpa_mul6,g00330,and,330,30 22 31,238,g00338,ccz t4,ccz:CCZ=1 t4:T=4,1 1,"Toffoli is a CCZ up to Cliffords; one CCZ state (Gidney & Fowler 2019) | Gidney 2018 temporary AND: 4 T to compute, 0 to uncompute","Toffoli = CCZ up to Clifford conjugation; 7-T forms are exact Clifford+T decompositions; 4-T form is exact given one clean ancilla and feed-forward; compute half of a temporary AND, uncompute is free"
qmpa_mul6,g00333,and,333,31 23 32,240,g00335,ccz t4,ccz:CCZ=1 t4:T=4,1 1,"Toffoli is a CCZ up to Cliffords; one CCZ state (Gidney & Fowler 2019) | Gidney 2018 temporary AND: 4 T to compute, 0 to uncompute","Toffoli = CCZ up to Clifford conjugation; 7-T forms are exact Clifford+T decompositions; 4-T form is exact given one clean ancilla and feed-forward; compute half of a temporary AND, uncompute is free"
qmpa_mul6,g00335,and_uncompute,335,31 23 32,242,g00333,uncompute_and_meas,uncompute_and_meas:clifford,0,"Gidney 2018: measurement-based uncomputation of a temporary AND, no magic states; legal because the paired compute writes a fresh ancilla and no control is written in between",Erasing the ancilla that holds the AND reproduces the second Toffoli exactly because both controls are unchanged since the compute
qmpa_mul6,g00338,and_uncompute,338,30 22 31,245,g00330,uncompute_and_meas,uncompute_and_meas:clifford,0,"Gidney 2018: measurement-based uncomputation of a temporary AND, no magic states; legal because the paired compute writes a fresh ancilla and no control is written in between",Erasing the ancilla that holds the AND reproduces the second Toffoli exactly because both controls are unchanged since the compute
qmpa_mul6,g00341,and_uncompute,341,29 21 30,248,g00327,uncompute_and_meas,uncompute_and_meas:clifford,0,"Gidney 2018: measurement-based uncomputation of a temporary AND, no magic states; legal because the paired compute writes a fresh ancilla and no control is written in between",Erasing the ancilla that holds the AND reproduces the second Toffoli exactly because both controls are unchanged since the compute
qmpa_mul6,g00344,and_uncompute,344,28 20 29,251,g00324,uncompute_and_meas,uncompute_and_meas:clifford,0,"Gidney 2018: measurement-based uncomputation of a temporary AND, no magic states; legal because the paired compute writes a fresh ancilla and no control is written in between",Erasing the ancilla that holds the AND reproduces the second Toffoli exactly because both controls are unchanged since the compute
qmpa_mul6,g00347,and_uncompute,347,27 19 28,254,g00321,uncompute_and_meas,uncompute_and_meas:clifford,0,"Gidney 2018: measurement-based uncomputation of a temporary AND, no magic states; legal because the paired compute writes a fresh ancilla and no control is written in between",Erasing the ancilla that holds the AND reproduces the second Toffoli exactly because both controls are unchanged since the compute
qmpa_mul6,g00350,and_uncompute,350,26 18 27,257,g00318,uncompute_and_meas,uncompute_and_meas:clifford,0,"Gidney 2018: measurement-based uncomputation of a temporary AND, no magic states; legal because the paired compute writes a fresh ancilla and no control is written in between",Erasing the ancilla that holds the AND reproduces the second Toffoli exactly because both controls are unchanged since the compute
qmpa_mul6,g00353,and_uncompute,353,25 17 26,260,g00315,uncompute_and_meas,uncompute_and_meas:clifford,0,"Gidney 2018: measurement-based uncomputation of a temporary AND, no magic states; legal because the paired compute writes a fresh ancilla and no control is written in between",Erasing the ancilla that holds the AND reproduces the second Toffoli exactly because both controls are unchanged since the compute
qmpa_mul6,g00356,and_uncompute,356,37 16 25,263,g00312,uncompute_and_meas,uncompute_and_meas:clifford,0,"Gidney 2018: measurement-based uncomputation of a temporary AND, no magic states; legal because the paired compute writes a fresh ancilla and no control is written in between",Erasing the ancilla that holds the AND reproduces the second Toffoli exactly because both controls are unchanged since the compute
qmpa_mul6,g00359,and_uncompute,359,4 6 25,265,g00304,uncompute_and_meas,uncompute_and_meas:clifford,0,"Gidney 2018: measurement-based uncomputation of a temporary AND, no magic states; legal because the paired compute writes a fresh ancilla and no control is written in between",Erasing the ancilla that holds the AND reproduces the second Toffoli exactly because both controls are unchanged since the compute
qmpa_mul6,g00360,and_uncompute,360,4 7 26,266,g00305,uncompute_and_meas,uncompute_and_meas:clifford,0,"Gidney 2018: measurement-based uncomputation of a temporary AND, no magic states; legal because the paired compute writes a fresh ancilla and no control is written in between",Erasing the ancilla that holds the AND reproduces the second Toffoli exactly because both controls are unchanged since the compute
qmpa_mul6,g00361,and_uncompute,361,4 8 27,267,g00306,uncompute_and_meas,uncompute_and_meas:clifford,0,"Gidney 2018: measurement-based uncomputation of a temporary AND, no magic states; legal because the paired compute writes a fresh ancilla and no control is written in between",Erasing the ancilla that holds the AND reproduces the second Toffoli exactly because both controls are unchanged since the compute
qmpa_mul6,g00362,and_uncompute,362,4 9 28,268,g00307,uncompute_and_meas,uncompute_and_meas:clifford,0,"Gidney 2018: measurement-based uncomputation of a temporary AND, no magic states; legal because the paired compute writes a fresh ancilla and no control is written in between",Erasing the ancilla that holds the AND reproduces the second Toffoli exactly because both controls are unchanged since the compute
qmpa_mul6,g00363,and_uncompute,363,4 10 29,269,g00308,uncompute_and_meas,uncompute_and_meas:clifford,0,"Gidney 2018: measurement-based uncomputation of a temporary AND, no magic states; legal because the paired compute writes a fresh ancilla and no control is written in between",Erasing the ancilla that holds the AND reproduces the second Toffoli exactly because both controls are unchanged since the compute
qmpa_mul6,g00364,and_uncompute,364,4 11 30,270,g00309,uncompute_and_meas,uncompute_and_meas:clifford,0,"Gidney 2018: measurement-based uncomputation of a temporary AND, no magic states; legal because the paired compute writes a fresh ancilla and no control is written in between",Erasing the ancilla that holds the AND reproduces the second Toffoli exactly because both controls are unchanged since the compute
qmpa_mul6,g00365,and,365,5 6 25,266,g00414,ccz t4,ccz:CCZ=1 t4:T=4,1 1,"Toffoli is a CCZ up to Cliffords; one CCZ state (Gidney & Fowler 2019) | Gidney 2018 temporary AND: 4 T to compute, 0 to uncompute","Toffoli = CCZ up to Clifford conjugation; 7-T forms are exact Clifford+T decompositions; 4-T form is exact given one clean ancilla and feed-forward; compute half of a temporary AND, uncompute is free"
qmpa_mul6,g00366,and,366,5 7 26,267,g00415,ccz t4,ccz:CCZ=1 t4:T=4,1 1,"Toffoli is a CCZ up to Cliffords; one CCZ state (Gidney & Fowler 2019) | Gidney 2018 temporary AND: 4 T to compute, 0 to uncompute","Toffoli = CCZ up to Clifford conjugation; 7-T forms are exact Clifford+T decompositions; 4-T form is exact given one clean ancilla and feed-forward; compute half of a temporary AND, uncompute is free"
qmpa_mul6,g00367,and,367,5 8 27,268,g00416,ccz t4,ccz:CCZ=1 t4:T=4,1 1,"Toffoli is a CCZ up to Cliffords; one CCZ state (Gidney & Fowler 2019) | Gidney 2018 temporary AND: 4 T to compute, 0 to uncompute","Toffoli = CCZ up to Clifford conjugation; 7-T forms are exact Clifford+T decompositions; 4-T form is exact given one clean ancilla and feed-forward; compute half of a temporary AND, uncompute is free"
qmpa_mul6,g00368,and,368,5 9 28,269,g00417,ccz t4,ccz:CCZ=1 t4:T=4,1 1,"Toffoli is a CCZ up to Cliffords; one CCZ state (Gidney & Fowler 2019) | Gidney 2018 temporary AND: 4 T to compute, 0 to uncompute","Toffoli = CCZ up to Clifford conjugation; 7-T forms are exact Clifford+T decompositions; 4-T form is exact given one clean ancilla and feed-forward; compute half of a temporary AND, uncompute is free"
qmpa_mul6,g00369,and,369,5 10 29,270,g00418,ccz t4,ccz:CCZ=1 t4:T=4,1 1,"Toffoli is a CCZ up to Cliffords; one CCZ state (Gidney & Fowler 2019) | Gidney 2018 temporary AND: 4 T to compute, 0 to uncompute","Toffoli = CCZ up to Clifford conjugation; 7-T forms are exact Clifford+T decompositions; 4-T form is exact given one clean ancilla and feed-forward; compute half of a temporary AND, uncompute is free"
qmpa_mul6,g00370,and,370,5 11 30,271,g00419,ccz t4,ccz:CCZ=1 t4:T=4,1 1,"Toffoli is a CCZ up to Cliffords; one CCZ state (Gidney & Fowler 2019) | Gidney 2018 temporary AND: 4 T to compute, 0 to uncompute","Toffoli = CCZ up to Clifford conjugation; 7-T forms are exact Clifford+T decompositions; 4-T form is exact given one clean ancilla and feed-forward; compute half of a temporary AND, uncompute is free"
qmpa_mul6,g00373,and,373,37 17 25,269,g00411,ccz t4,ccz:CCZ=1 t4:T=4,1 1,"Toffoli is a CCZ up to Cliffords; one CCZ state (Gidney & Fowler 2019) | Gidney 2018 temporary AND: 4 T to compute, 0 to uncompute","Toffoli = CCZ up to Clifford conjugation; 7-T forms are exact Clifford+T decompositions; 4-T form is exact given one clean ancilla and feed-forward; compute half of a temporary AND, uncompute is free"
qmpa_mul6,g00376,and,376,25 18 26,271,g00408,ccz t4,ccz:CCZ=1 t4:T=4,1 1,"Toffoli is a CCZ up to Cliffords; one CCZ state (Gidney & Fowler 2019) | Gidney 2018 temporary AND: 4 T to compute, 0 to uncompute","Toffoli = CCZ up to Clifford conjugation; 7-T forms are exact Clifford+T decompositions; 4-T form is exact given one clean ancilla and feed-forward; compute half of a temporary AND, uncompute is free"
qmpa_mul6,g00379,and,379,26 19 27,273,g00405,ccz t4,ccz:CCZ=1 t4:T=4,1 1,"Toffoli is a CCZ up to Cliffords; one CCZ state (Gidney & Fowler 2019) | Gidney 2018 temporary AND: 4 T to compute, 0 to uncompute","Toffoli = CCZ up to Clifford conjugation; 7-T forms are exact Clifford+T decompositions; 4-T form is exact given one clean ancilla and feed-forward; compute half of a temporary AND, uncompute is free"
qmpa_mul6,g00382,and,382,27 20 28,275,g00402,ccz t4,ccz:CCZ=1 t4:T=4,1 1,"Toffoli is a CCZ up to Cliffords; one CCZ state (Gidney & Fowler 2019) | Gidney 2018 temporary AND: 4 T to compute, 0 to uncompute","Toffoli = CCZ up to Clifford conjugation; 7-T forms are exact Clifford+T decompositions; 4-T form is exact given one clean ancilla and feed-forward; compute half of a temporary AND, uncompute is free"
qmpa_mul6,g00385,and,385,28 21 29,277,g00399,ccz t4,ccz:CCZ=1 t4:T=4,1 1,"Toffoli is a CCZ up to Cliffords; one CCZ state (Gidney & Fowler 2019) | Gidney 2018 temporary AND: 4 T to compute, 0 to uncompute","Toffoli = CCZ up to Clifford conjugation; 7-T forms are exact Clifford+T decompositions; 4-T form is exact given one clean ancilla and feed-forward; compute half of a temporary AND, uncompute is free"
qmpa_mul6,g00388,and,388,29 22 30,279,g00396,ccz t4,ccz:CCZ=1 t4:T=4,1 1,"Toffoli is a CCZ up to Cliffords; one CCZ state (Gidney & Fowler 2019) | Gidney 2018 temporary AND: 4 T to compute, 0 to uncompute","Toffoli = CCZ up to Clifford conjugation; 7-T forms are exact Clifford+T decompositions; 4-T form is exact given one clean ancilla and feed-forward; compute half of a temporary AND, uncompute is free"
qmpa_mul6,g00391,and,391,30 23 31,281,g00393,ccz t4,ccz:CCZ=1 t4:T=4,1 1,"Toffoli is a CCZ up to Cliffords; one CCZ state (Gidney & Fowler 2019) | Gidney 2018 temporary AND: 4 T to compute, 0 to uncompute","Toffoli = CCZ up to Clifford conjugation; 7-T forms are exact Clifford+T decompositions; 4-T form is exact given one clean ancilla and feed-forward; compute half of a temporary AND, uncompute is free"
qmpa_mul6,g00393,and_uncompute,393,30 23 31,283,g00391,uncompute_and_meas,uncompute_and_meas:clifford,0,"Gidney 2018: measurement-based uncomputation of a temporary AND, no magic states; legal because the paired compute writes a fresh ancilla and no control is written in between",Erasing the ancilla that holds the AND reproduces the second Toffoli exactly because both controls are unchanged since the compute
qmpa_mul6,g00396,and_uncompute,396,29 22 30,286,g00388,uncompute_and_meas,uncompute_and_meas:clifford,0,"Gidney 2018: measurement-based uncomputation of a temporary AND, no magic states; legal because the paired compute writes a fresh ancilla and no control is written in between",Erasing the ancilla that holds the AND reproduces the second Toffoli exactly because both controls are unchanged since the compute
qmpa_mul6,g00399,and_uncompute,399,28 21 29,289,g00385,uncompute_and_meas,uncompute_and_meas:clifford,0,"Gidney 2018: measurement-based uncomputation of a temporary AND, no magic states; legal because the paired compute writes a fresh ancilla and no control is written in between",Erasing the ancilla that holds the AND reproduces the second Toffoli exactly because both controls are unchanged since the compute
qmpa_mul6,g00402,and_uncompute,402,27 20 28,292,g00382,uncompute_and_meas,uncompute_and_meas:clifford,0,"Gidney 2018: measurement-based uncomputation of a temporary AND, no magic states; legal because the paired compute writes a fresh ancilla and no control is written in between",Erasing the ancilla that holds the AND reproduces the second Toffoli exactly because both controls are unchanged since the compute
qmpa_mul6,g00405,and_uncompute,405,26 19 27,295,g00379,uncompute_and_meas,uncompute_and_meas:clifford,0,"Gidney 2018: measurement-based uncomputation of a temporary AND, no magic states; legal because the paired compute writes a fresh ancilla and no control is written in between",Erasing the ancilla that holds the AND reproduces the second Toffoli exactly because both controls are unchanged since the compute
qmpa_mul6,g00408,and_uncompute,408,25 18 26,298,g00376,uncompute_and_meas,uncompute_and_meas:clifford,0,"Gidney 2018: measurement-based uncomputation of a temporary AND, no magic states; legal because the paired compute writes a fresh ancilla and no control is written in between",Erasing the ancilla that holds the AND reproduces the second Toffoli exactly because both controls are unchanged since the compute
qmpa_mul6,g00411,and_uncompute,411,37 17 25,301,g00373,uncompute_and_meas,uncompute_and_meas:clifford,0,"Gidney 2018: measurement-based uncomputation of a temporary AND, no magic states; legal because the paired compute writes a fresh ancilla and no control is written in between",Erasing the ancilla that holds the AND reproduces the second Toffoli exactly because both controls are unchanged since the compute
qmpa_mul6,g00414,and_uncompute,414,5 6 25,303,g00365,uncompute_and_meas,uncompute_and_meas:clifford,0,"Gidney 2018: measurement-based uncomputation of a temporary AND, no magic states; legal because the paired compute writes a fresh ancilla and no control is written in between",Erasing the ancilla that holds the AND reproduces the second Toffoli exactly because both controls are unchanged since the compute
qmpa_mul6,g00415,and_uncompute,415,5 7 26,304,g00366,uncompute_and_meas,uncompute_and_meas:clifford,0,"Gidney 2018: measurement-based uncomputation of a temporary AND, no magic states; legal because the paired compute writes a fresh ancilla and no control is written in between",Erasing the ancilla that holds the AND reproduces the second Toffoli exactly because both controls are unchanged since the compute
qmpa_mul6,g00416,and_uncompute,416,5 8 27,305,g00367,uncompute_and_meas,uncompute_and_meas:clifford,0,"Gidney 2018: measurement-based uncomputation of a temporary AND, no magic states; legal because the paired compute writes a fresh ancilla and no control is written in between",Erasing the ancilla that holds the AND reproduces the second Toffoli exactly because both controls are unchanged since the compute
qmpa_mul6,g00417,and_uncompute,417,5 9 28,306,g00368,uncompute_and_meas,uncompute_and_meas:clifford,0,"Gidney 2018: measurement-based uncomputation of a temporary AND, no magic states; legal because the paired compute writes a fresh ancilla and no control is written in between",Erasing the ancilla that holds the AND reproduces the second Toffoli exactly because both controls are unchanged since the compute
qmpa_mul6,g00418,and_uncompute,418,5 10 29,307,g00369,uncompute_and_meas,uncompute_and_meas:clifford,0,"Gidney 2018: measurement-based uncomputation of a temporary AND, no magic states; legal because the paired compute writes a fresh ancilla and no control is written in between",Erasing the ancilla that holds the AND reproduces the second Toffoli exactly because both controls are unchanged since the compute
qmpa_mul6,g00419,and_uncompute,419,5 11 30,308,g00370,uncompute_and_meas,uncompute_and_meas:clifford,0,"Gidney 2018: measurement-based uncomputation of a temporary AND, no magic states; legal because the paired compute writes a fresh ancilla and no control is written in between",Erasing the ancilla that holds the AND reproduces the second Toffoli exactly because both controls are unchanged since the compute
qmpa_mul8,g00000,and,0,0 8 33,1,g00105,ccz t4,ccz:CCZ=1 t4:T=4,1 1,"Toffoli is a CCZ up to Cliffords; one CCZ state (Gidney & Fowler 2019) | Gidney 2018 temporary AND: 4 T to compute, 0 to uncompute","Toffoli = CCZ up to Clifford conjugation; 7-T forms are exact Clifford+T decompositions; 4-T form is exact given one clean ancilla and feed-forward; compute half of a temporary AND, uncompute is free"
qmpa_mul8,g00001,and,1,0 9 34,2,g00106,ccz t4,ccz:CCZ=1 t4:T=4,1 1,"Toffoli is a CCZ up to Cliffords; one CCZ state (Gidney & Fowler 2019) | Gidney 2018 temporary AND: 4 T to compute, 0 to uncompute","Toffoli = CCZ up to Clifford conjugation; 7-T forms are exact Clifford+T decompositions; 4-T form is exact given one clean ancilla and feed-forward; compute half of a temporary AND, uncompute is free"
qmpa_mul8,g00002,and,2,0 10 35,3,g00107,ccz t4,ccz:CCZ=1 t4:T=4,1 1,"Toffoli is a CCZ up to Cliffords; one CCZ state (Gidney & Fowler 2019) | Gidney 2018 temporary AND: 4 T to compute, 0 to uncompute","Toffoli = CCZ up to Clifford conjugation; 7-T forms are exact Clifford+T decompositions; 4-T form is exact given one clean ancilla and feed-forward; compute half of a temporary AND, uncompute is free"
qmpa_mul8,g00003,and,3,0 11 36,4,g00108,ccz t4,ccz:CCZ=1 t4:T=4,1 1,"Toffoli is a CCZ up to Cliffords; one CCZ state (Gidney & Fowler 2019) | Gidney 2018 temporary AND: 4 T to compute, 0 to uncompute","Toffoli = CCZ up to Clifford conjugation; 7-T forms are exact Clifford+T decompositions; 4-T form is exact given one clean ancilla and feed-forward; compute half of a temporary AND, uncompute is free"
qmpa_mul8,g00004,and,4,0 12 37,5,g00109,ccz t4,ccz:CCZ=1 t4:T=4,1 1,"Toffoli is a CCZ up to Cliffords; one CCZ state (Gidney & Fowler 2019) | Gidney 2018 temporary AND: 4 T to compute, 0 to uncompute","Toffoli = CCZ up to Clifford conjugation; 7-T forms are exact Clifford+T decompositions; 4-T form is exact given one clean ancilla and feed-forward; compute half of a temporary AND, uncompute is free"
qmpa_mul8,g00005,and,5,0 13 38,6,g00110,ccz t4,ccz:CCZ=1 t4:T=4,1 1,"Toffoli is a CCZ up to Cliffords; one CCZ state (Gidney & Fowler 2019) | Gidney 2018 temporary AND: 4 T to compute, 0 to uncompute","Toffoli = CCZ up to Clifford conjugation; 7-T forms are exact Clifford+T decompositions; 4-T form is exact given one clean ancilla and feed-forward; compute half of a temporary AND, uncompute is free"
qmpa_mul8,g00006,and,6,0 14 39,7,g00111,ccz t4,ccz:CCZ=1 t4:T=4,1 1,"Toffoli is a CCZ up to Cliffords; one CCZ state (Gidney & Fowler 2019) | Gidney 2018 temporary AND: 4 T to compute, 0 to uncompute","Toffoli = CCZ up to Clifford conjugation; 7-T forms are exact Clifford+T decompositions; 4-T form is exact given one clean ancilla and feed-forward; compute half of a temporary AND, uncompute is free"
qmpa_mul8,g00007,and,7,0 15 40,8,g00112,ccz t4,ccz:CCZ=1 t4:T=4,1 1,"Toffoli is a CCZ up to Cliffords; one CCZ state (Gidney & Fowler 2019) | Gidney 2018 temporary AND: 4 T to compute, 0 to uncompute","Toffoli = CCZ up to Clifford conjugation; 7-T forms are exact Clifford+T decompositions; 4-T form is exact given one clean ancilla and feed-forward; compute half of a temporary AND, uncompute is free"
qmpa_mul8,g00010,and,10,49 16 33,4,g00102,ccz t4,ccz:CCZ=1 t4:T=4,1 1,"Toffoli is a CCZ up to Cliffords; one CCZ state (Gidney & Fowler 2019) | Gidney 2018 temporary AND: 4 T to compute, 0 to uncompute","Toffoli = CCZ up to Clifford conjugation; 7-T forms are exact Clifford+T decompositions; 4-T form is exact given one clean ancilla and feed-forward; compute half of a temporary AND, uncompute is free"
qmpa_mul8,g00013,and,13,33 17 34,6,g00099,ccz t4,ccz:CCZ=1 t4:T=4,1 1,"Toffoli is a CCZ up to Cliffords; one CCZ state (Gidney & Fowler 2019) | Gidney 2018 temporary AND: 4 T to compute, 0 to uncompute","Toffoli = CCZ up to Clifford conjugation; 7-T forms are exact Clifford+T decompositions; 4-T form is exact given one clean ancilla and feed-forward; compute half of a temporary AND, uncompute is free"
qmpa_mul8,g00016,and,16,34 18 35,8,g00096,ccz t4,ccz:CCZ=1 t4:T=4,1 1,"Toffoli is a CCZ up to Cliffords; one CCZ state (Gidney & Fowler 2019) | Gidney 2018 temporary AND: 4 T to compute, 0 to uncompute","Toffoli = CCZ up to Clifford conjugation; 7-T forms are exact Clifford+T decompositions; 4-T form is exact given one clean ancilla and feed-forward; compute half of a temporary AND, uncompute is free"
qmpa_mul8,g00019,and,19,35 19 36,10,g00093,ccz t4,ccz:CCZ=1 t4:T=4,1 1,"Toffoli is a CCZ up to Cliffords; one CCZ state (Gidney & Fowler 2019) | Gidney 2018 temporary AND: 4 T to compute, 0 to uncompute","Toffoli = CCZ up to Clifford conjugation; 7-T forms are exact Clifford+T decompositions; 4-T form is exact given one clean ancilla and feed-forward; compute half of a temporary AND, uncompute is free"
qmpa_mul8,g00022,and,22,36 20 37,12,g00090,ccz t4,ccz:CCZ=1 t4:T=4,1 1,"Toffoli is a CCZ up to Cliffords; one CCZ state (Gidney & Fowler 2019) | Gidney 2018 temporary AND: 4 T to compute, 0 to uncompute","Toffoli = CCZ up to Clifford conjugation; 7-T forms are exact Clifford+T decompositions; 4-T form is exact given one clean ancilla and feed-forward; compute half of a temporary AND, uncompute is free"
qmpa_mul8,g00025,and,25,37 21 38,14,g00087,ccz t4,ccz:CCZ=1 t4:T=4,1 1,"Toffoli is a CCZ up to Cliffords; one CCZ state (Gidney & Fowler 2019) | Gidney 2018 temporary AND: 4 T to compute, 0 to uncompute","Toffoli = CCZ up to Clifford conjugation; 7-T forms are exact Clifford+T decompositions; 4-T form is exact given one clean ancilla and feed-forward; compute half of a temporary AND, uncompute is free"
qmpa_mul8,g00028,and,28,38 22 39,16,g00084,ccz t4,ccz:CCZ=1 t4:T=4,1 1,"Toffoli is a CCZ up to Cliffords; one CCZ state (Gidney & Fowler 2019) | Gidney 2018 temporary AND: 4 T to compute, 0 to uncompute","Toffoli = CCZ up to Clifford conjugation; 7-T forms are exact Clifford+T decompositions; 4-T form is exact given one clean ancilla and feed-forward; compute half of a temporary AND, uncompute is free"
qmpa_mul8,g00031,and,31,39 23 40,18,g00081,ccz t4,ccz:CCZ=1 t4:T=4,1 1,"Toffoli is a CCZ up to Cliffords; one CCZ state (Gidney & Fowler 2019) | Gidney 2018 temporary AND: 4 T to compute, 0 to uncompute","Toffoli = CCZ up to Clifford conjugation; 7-T forms are exact Clifford+T decompositions; 4-T form is exact given one clean ancilla and feed-forward; compute half of a temporary AND, uncompute is free"
qmpa_mul8,g00034,and,34,40 24 41,20,g00078,ccz t4,ccz:CCZ=1 t4:T=4,1 1,"Toffoli is a CCZ up to Cliffords; one CCZ state (Gidney & Fowler 2019) | Gidney 2018 temporary AND: 4 T to compute, 0 to uncompute","Toffoli = CCZ up to Clifford conjugation; 7-T forms are exact Clifford+T decompositions; 4-T form is exact given one clean ancilla and feed-forward; compute half of a temporary AND, uncompute is free"
qmpa_mul8,g00037,and,37,41 25 42,22,g00075,ccz t4,ccz:CCZ=1 t4:T=4,1 1,"Toffoli is a CCZ up to Cliffords; one CCZ state (Gidney & Fowler 2019) | Gidney 2018 temporary AND: 4 T to compute, 0 to uncompute","Toffoli = CCZ up to Clifford conjugation; 7-T forms are exact Clifford+T decompositions; 4-T form is exact given one clean ancilla and feed-forward; compute half of a temporary AND, uncompute is free"
qmpa_mul8,g00040,and,40,42 26 43,24,g00072,ccz t4,ccz:CCZ=1 t4:T=4,1 1,"Toffoli is a CCZ up to Cliffords; one CCZ state (Gidney & Fowler 2019) | Gidney 2018 temporary AND: 4 T to compute, 0 to uncompute","Toffoli = CCZ up to Clifford conjugation; 7-T forms are exact Clifford+T decompositions; 4-T form is exact given one clean ancilla and feed-forward; compute half of a temporary AND, uncompute is free"
qmpa_mul8,g00043,and,43,43 27 44,26,g00069,ccz t4,ccz:CCZ=1 t4:T=4,1 1,"Toffoli is a CCZ up to Cliffords; one CCZ state (Gidney & Fowler 2019) | Gidney 2018 temporary AND: 4 T to compute, 0 to uncompute","Toffoli = CCZ up to Clifford conjugation; 7-T forms are exact Clifford+T decompositions; 4-T form is exact given one clean ancilla and feed-forward; compute half of a temporary AND, uncompute is free"
qmpa_mul8,g00046,and,46,44 28 45,28,g00066,ccz t4,ccz:CCZ=1 t4:T=4,1 1,"Toffoli is a CCZ up to Cliffords; one CCZ state (Gidney & Fowler 2019) | Gidney 2018 temporary AND: 4 T to compute, 0 to uncompute","Toffoli = CCZ up to Clifford conjugation; 7-T forms are exact Clifford+T decompositions; 4-T form is exact given one clean ancilla and feed-forward; compute half of a temporary AND, uncompute is free"
qmpa_mul8,g00049,and,49,45 29 46,30,g00063,ccz t4,ccz:CCZ=1 t4:T=4,1 1,"Toffoli is a CCZ up to Cliffords; one CCZ state (Gidney & Fowler 2019) | Gidney 2018 temporary AND: 4 T to compute, 0 to uncompute","Toffoli = CCZ up to Clifford conjugation; 7-T forms are exact Clifford+T decompositions; 4-T form is exact given one clean ancilla and feed-forward; compute half of a temporary AND, uncompute is free"
qmpa_mul8,g00052,and,52,46 30 47,32,g00060,ccz t4,ccz:CCZ=1 t4:T=4,1 1,"Toffoli is a CCZ up to Cliffords; one CCZ state (Gidney & Fowler 2019) | Gidney 2018 temporary AND: 4 T to compute, 0 to uncompute","Toffoli = CCZ up to Clifford conjugation; 7-T forms are exact Clifford+T decompositions; 4-T form is exact given one clean ancilla and feed-forward; compute half of a temporary AND, uncompute is free"
qmpa_mul8,g00055,and,55,47 31 48,34,g00057,ccz t4,ccz:CCZ=1 t4:T=4,1 1,"Toffoli is a CCZ up to Cliffords; one CCZ state (Gidney & Fowler 2019) | Gidney 2018 temporary AND: 4 T to compute, 0 to uncompute","Toffoli = CCZ up to Clifford conjugation; 7-T forms are exact Clifford+T decompositions; 4-T form is exact given one clean ancilla and feed-forward; compute half of a temporary AND, uncompute is free"
qmpa_mul8,g00057,and_uncompute,57,47 31 48,36,g00055,uncompute_and_meas,uncompute_and_meas:clifford,0,"Gidney 2018: measurement-based uncomputation of a temporary AND, no magic states; legal because the paired compute writes a fresh ancilla and no control is written in between",Erasing the ancilla that holds the AND reproduces the second Toffoli exactly because both controls are unchanged since the compute
qmpa_mul8,g00060,and_uncompute,60,46 30 47,39,g00052,uncompute_and_meas,uncompute_and_meas:clifford,0,"Gidney 2018: measurement-based uncomputation of a temporary AND, no magic states; legal because the paired compute writes a fresh ancilla and no control is written in between",Erasing the ancilla that holds the AND reproduces the second Toffoli exactly because both controls are unchanged since the compute
qmpa_mul8,g00063,and_uncompute,63,45 29 46,42,g00049,uncompute_and_meas,uncompute_and_meas:clifford,0,"Gidney 2018: measurement-based uncomputation of a temporary AND, no magic states; legal because the paired compute writes a fresh ancilla and no control is written in between",Erasing the ancilla that holds the AND reproduces the second Toffoli exactly because both controls are unchanged since the compute
qmpa_mul8,g00066,and_uncompute,66,44 28 45,45,g00046,uncompute_and_meas,uncompute_and_meas:clifford,0,"Gidney 2018: measurement-based uncomputation of a temporary AND, no magic states; legal because the paired compute writes a fresh ancilla and no control is written in between",Erasing the ancilla that holds the AND reproduces the second Toffoli exactly because both controls are unchanged since the compute
qmpa_mul8,g00069,and_uncompute,69,43 27 44,48,g00043,uncompute_and_meas,uncompute_and_meas:clifford,0,"Gidney 2018: measurement-based uncomputation of a temporary AND, no magic states; legal because the paired compute writes a fresh ancilla and no control is written in between",Erasing the ancilla that holds the AND reproduces the second Toffoli exactly because both controls are unchanged since the compute
qmpa_mul8,g00072,and_uncompute,72,42 26 43,51,g00040,uncompute_and_meas,uncompute_and_meas:clifford,0,"Gidney 2018: measurement-based uncomputation of a temporary AND, no magic states; legal because the paired compute writes a fresh ancilla and no control is written in between",Erasing the ancilla that holds the AND reproduces the second Toffoli exactly because both controls are unchanged since the compute
qmpa_mul8,g00075,and_uncompute,75,41 25 42,54,g00037,uncompute_and_meas,uncompute_and_meas:clifford,0,"Gidney 2018: measurement-based uncomputation of a temporary AND, no magic states; legal because the paired compute writes a fresh ancilla and no control is written in between",Erasing the ancilla that holds the AND reproduces the second Toffoli exactly because both controls are unchanged since the compute
qmpa_mul8,g00078,and_uncompute,78,40 24 41,57,g00034,uncompute_and_meas,uncompute_and_meas:clifford,0,"Gidney 2018: measurement-based uncomputation of a temporary AND, no magic states; legal because the paired compute writes a fresh ancilla and no control is written in between",Erasing the ancilla that holds the AND reproduces the second Toffoli exactly because both controls are unchanged since the compute
qmpa_mul8,g00081,and_uncompute,81,39 23 40,60,g00031,uncompute_and_meas,uncompute_and_meas:clifford,0,"Gidney 2018: measurement-based uncomputation of a temporary AND, no magic states; legal because the paired compute writes a fresh ancilla and no control is written in between",Erasing the ancilla that holds the AND reproduces the second Toffoli exactly because both controls are unchanged since the compute
qmpa_mul8,g00084,and_uncompute,84,38 22 39,63,g00028,uncompute_and_meas,uncompute_and_meas:clifford,0,"Gidney 2018: measurement-based uncomputation of a temporary AND, no magic states; legal because the paired compute writes a fresh ancilla and no control is written in between",Erasing the ancilla that holds the AND reproduces the second Toffoli exactly because both controls are unchanged since the compute
qmpa_mul8,g00087,and_uncompute,87,37 21 38,66,g00025,uncompute_and_meas,uncompute_and_meas:clifford,0,"Gidney 2018: measurement-based uncomputation of a temporary AND, no magic states; legal because the paired compute writes a fresh ancilla and no control is written in between",Erasing the ancilla that holds the AND reproduces the second Toffoli exactly because both controls are unchanged since the compute
qmpa_mul8,g00090,and_uncompute,90,36 20 37,69,g00022,uncompute_and_meas,uncompute_and_meas:clifford,0,"Gidney 2018: measurement-based uncomputation of a temporary AND, no magic states; legal because the paired compute writes a fresh ancilla and no control is written in between",Erasing the ancilla that holds the AND reproduces the second Toffoli exactly because both controls are unchanged since the compute
qmpa_mul8,g00093,and_uncompute,93,35 19 36,72,g00019,uncompute_and_meas,uncompute_and_meas:clifford,0,"Gidney 2018: measurement-based uncomputation of a temporary AND, no magic states; legal because the paired compute writes a fresh ancilla and no control is written in between",Erasing the ancilla that holds the AND reproduces the second Toffoli exactly because both controls are unchanged since the compute
qmpa_mul8,g00096,and_uncompute,96,34 18 35,75,g00016,uncompute_and_meas,uncompute_and_meas:clifford,0,"Gidney 2018: measurement-based uncomputation of a temporary AND, no magic states; legal because the paired compute writes a fresh ancilla and no control is written in between",Erasing the ancilla that holds the AND reproduces the second Toffoli exactly because both controls are unchanged since the compute
qmpa_mul8,g00099,and_uncompute,99,33 17 34,78,g00013,uncompute_and_meas,uncompute_and_meas:clifford,0,"Gidney 2018: measurement-based uncomputation of a temporary AND, no magic states; legal because the paired compute writes a fresh ancilla and no control is written in between",Erasing the ancilla that holds the AND reproduces the second Toffoli exactly because both controls are unchanged since the compute
qmpa_mul8,g00102,and_uncompute,102,49 16 33,81,g00010,uncompute_and_meas,uncompute_and_meas:clifford,0,"Gidney 2018: measurement-based uncomputation of a temporary AND, no magic states; legal because the paired compute writes a fresh ancilla and no control is written in between",Erasing the ancilla that holds the AND reproduces the second Toffoli exactly because both controls are unchanged since the compute
qmpa_mul8,g00105,and_uncompute,105,0 8 33,83,g00000,uncompute_and_meas,uncompute_and_meas:clifford,0,"Gidney 2018: measurement-based uncomputation of a temporary AND, no magic states; legal because the paired compute writes a fresh ancilla and no control is written in between",Erasing the ancilla that holds the AND reproduces the second Toffoli exactly because both controls are unchanged since the compute
qmpa_mul8,g00106,and_uncompute,106,0 9 34,84,g00001,uncompute_and_meas,uncompute_and_meas:clifford,0,"Gidney 2018: measurement-based uncomputation of a temporary AND, no magic states; legal because the paired compute writes a fresh ancilla and no control is written in between",Erasing the ancilla that holds the AND reproduces the second Toffoli exactly because both controls are unchanged since the compute
qmpa_mul8,g00107,and_uncompute,107,0 10 35,85,g00002,uncompute_and_meas,uncompute_and_meas:clifford,0,"Gidney 2018: measurement-based uncomputation of a temporary AND, no magic states; legal because the paired compute writes a fresh ancilla and no control is written in between",Erasing the ancilla that holds the AND reproduces the second Toffoli exactly because both controls are unchanged since the compute
qmpa_mul8,g00108,and_uncompute,108,0 11 36,86,g00003,uncompute_and_meas,uncompute_and_meas:clifford,0,"Gidney 2018: measurement-based uncomputation of a temporary AND, no magic states; legal because the paired compute writes a fresh ancilla and no control is written in between",Erasing the ancilla that holds the AND reproduces the second Toffoli exactly because both controls are unchanged since the compute
qmpa_mul8,g00109,and_uncompute,109,0 12 37,87,g00004,uncompute_and_meas,uncompute_and_meas:clifford,0,"Gidney 2018: measurement-based uncomputation of a temporary AND, no magic states; legal because the paired compute writes a fresh ancilla and no control is written in between",Erasing the ancilla that holds the AND reproduces the second Toffoli exactly because both controls are unchanged since the compute
qmpa_mul8,g00110,and_uncompute,110,0 13 38,88,g00005,uncompute_and_meas,uncompute_and_meas:clifford,0,"Gidney 2018: measurement-based uncomputation of a temporary AND, no magic states; legal because the paired compute writes a fresh ancilla and no control is written in between",Erasing the ancilla that holds the AND reproduces the second Toffoli exactly because both controls are unchanged since the compute
qmpa_mul8,g00111,and_uncompute,111,0 14 39,89,g00006,uncompute_and_meas,uncompute_and_meas:clifford,0,"Gidney 2018: measurement-based uncomputation of a temporary AND, no magic states; legal because the paired compute writes a fresh ancilla and no control is written in between",Erasing the ancilla that holds the AND reproduces the second Toffoli exactly because both controls are unchanged since the compute
qmpa_mul8,g00112,and_uncompute,112,0 15 40,90,g00007,uncompute_and_meas,uncompute_and_meas:clifford,0,"Gidney 2018: measurement-based uncomputation of a temporary AND, no magic states; legal because the paired compute writes a fresh ancilla and no control is written in between",Erasing the ancilla that holds the AND reproduces the second Toffoli exactly because both controls are unchanged since the compute
qmpa_mul8,g00113,and,113,1 8 33,84,g00212,ccz t4,ccz:CCZ=1 t4:T=4,1 1,"Toffoli is a CCZ up to Cliffords; one CCZ state (Gidney & Fowler 2019) | Gidney 2018 temporary AND: 4 T to compute, 0 to uncompute","Toffoli = CCZ up to Clifford conjugation; 7-T forms are exact Clifford+T decompositions; 4-T form is exact given one clean ancilla and feed-forward; compute half of a temporary AND, uncompute is free"
qmpa_mul8,g00114,and,114,1 9 34,85,g00213,ccz t4,ccz:CCZ=1 t4:T=4,1 1,"Toffoli is a CCZ up to Cliffords; one CCZ state (Gidney & Fowler 2019) | Gidney 2018 temporary AND: 4 T to compute, 0 to uncompute","Toffoli = CCZ up to Clifford conjugation; 7-T forms are exact Clifford+T decompositions; 4-T form is exact given one clean ancilla and feed-forward; compute half of a temporary AND, uncompute is free"
qmpa_mul8,g00115,and,115,1 10 35,86,g00214,ccz t4,ccz:CCZ=1 t4:T=4,1 1,"Toffoli is a CCZ up to Cliffords; one CCZ state (Gidney & Fowler 2019) | Gidney 2018 temporary AND: 4 T to compute, 0 to uncompute","Toffoli = CCZ up to Clifford conjugation; 7-T forms are exact Clifford+T decompositions; 4-T form is exact given one clean ancilla and feed-forward; compute half of a temporary AND, uncompute is free"
qmpa_mul8,g00116,and,116,1 11 36,87,g00215,ccz t4,ccz:CCZ=1 t4:T=4,1 1,"Toffoli is a CCZ up to Cliffords; one CCZ state (Gidney & Fowler 2019) | Gidney 2018 temporary AND: 4 T to compute, 0 to uncompute","Toffoli = CCZ up to Clifford conjugation; 7-T forms are exact Clifford+T decompositions; 4-T form is exact given one clean ancilla and feed-forward; compute half of a temporary AND, uncompute is free"
qmpa_mul8,g00117,and,117,1 12 37,88,g00216,ccz t4,ccz:CCZ=1 t4:T=4,1 1,"Toffoli is a CCZ up to Cliffords; one CCZ state (Gidney & Fowler 2019) | Gidney 2018 temporary AND: 4 T to compute, 0 to uncompute","Toffoli = CCZ up to Clifford conjugation; 7-T forms are exact Clifford+T decompositions; 4-T form is exact given one clean ancilla and feed-forward; compute half of a temporary AND, uncompute is free"
qmpa_mul8,g00118,and,118,1 13 38,89,g00217,ccz t4,ccz:CCZ=1 t4:T=4,1 1,"Toffoli is a CCZ up to Cliffords; one CCZ state (Gidney & Fowler 2019) | Gidney 2018 temporary AND: 4 T to compute, 0 to uncompute","Toffoli = CCZ up to Clifford conjugation; 7-T forms are exact Clifford+T decompositions; 4-T form is exact given one clean ancilla and feed-forward; compute half of a temporary AND, uncompute is free"
qmpa_mul8,g00119,and,119,1 14 39,90,g00218,ccz t4,ccz:CCZ=1 t4:T=4,1 1,"Toffoli is a CCZ up to Cliffords; one CCZ state (Gidney & Fowler 2019) | Gidney 2018 temporary AND: 4 T to compute, 0 to uncompute","Toffoli = CCZ up to Clifford conjugation; 7-T forms are exact Clifford+T decompositions; 4-T form is exact given one clean ancilla and feed-forward; compute half of a temporary AND, uncompute is free"
qmpa_mul8,g00120,and,120,1 15 40,91,g00219,ccz t4,ccz:CCZ=1 t4:T=4,1 1,"Toffoli is a CCZ up to Cliffords; one CCZ state (Gidney & Fowler 2019) | Gidney 2018 temporary AND: 4 T to compute, 0 to uncompute","Toffoli = CCZ up to Clifford conjugation; 7-T forms are exact Clifford+T decompositions; 4-T form is exact given one clean ancilla and feed-forward; compute half of a temporary AND, uncompute is free"
qmpa_mul8,g00123,and,123,49 17 33,87,g00209,ccz t4,ccz:CCZ=1 t4:T=4,1 1,"Toffoli is a CCZ up to Cliffords; one CCZ state (Gidney & Fowler 2019) | Gidney 2018 temporary AND: 4 T to compute, 0 to uncompute","Toffoli = CCZ up to Clifford conjugation; 7-T forms are exact Clifford+T decompositions; 4-T form is exact given one clean ancilla and feed-forward; compute half of a temporary AND, uncompute is free"
qmpa_mul8,g00126,and,126,33 18 34,89,g00206,ccz t4,ccz:CCZ=1 t4:T=4,1 1,"Toffoli is a CCZ up to Cliffords; one CCZ state (Gidney & Fowler 2019) | Gidney 2018 temporary AND: 4 T to compute, 0 to uncompute","Toffoli = CCZ up to Clifford conjugation; 7-T forms are exact Clifford+T decompositions; 4-T form is exact given one clean ancilla and feed-forward; compute half of a temporary AND, uncompute is free"
qmpa_mul8,g00129,and,129,34 19 35,91,g00203,ccz t4,ccz:CCZ=1 t4:T=4,1 1,"Toffoli is a CCZ up to Cliffords; one CCZ state (Gidney & Fowler 2019) | Gidney 2018 temporary AND: 4 T to compute, 0 to uncompute","Toffoli = CCZ up to Clifford conjugation; 7-T forms are exact Clifford+T decompositions; 4-T form is exact given one clean ancilla and feed-forward; compute half of a temporary AND, uncompute is free"
qmpa_mul8,g00132,and,132,35 20 36,93,g00200,ccz t4,ccz:CCZ=1 t4:T=4,1 1,"Toffoli is a CCZ up to Cliffords; one CCZ state (Gidney & Fowler 2019) | Gidney 2018 temporary AND: 4 T to compute, 0 to uncompute","Toffoli = CCZ up to Clifford conjugation; 7-T forms are exact Clifford+T decompositions; 4-T form is exact given one clean ancilla and feed-forward; compute half of a temporary AND, uncompute is free"
qmpa_mul8,g00135,and,135,36 21 37,95,g00197,ccz t4,ccz:CCZ=1 t4:T=4,1 1,"Toffoli is a CCZ up to Cliffords; one CCZ state (Gidney & Fowler 2019) | Gidney 2018 temporary AND: 4 T to compute, 0 to uncompute","Toffoli = CCZ up to Clifford conjugation; 7-T forms are exact Clifford+T decompositions; 4-T form is exact given one clean ancilla and feed-forward; compute half of a temporary AND, uncompute is free"
qmpa_mul8,g00138,and,138,37 22 38,97,g00194,ccz t4,ccz:CCZ=1 t4:T=4,1 1,"Toffoli is a CCZ up to Cliffords; one CCZ state (Gidney & Fowler 2019) | Gidney 2018 temporary AND: 4 T to compute, 0 to uncompute","Toffoli = CCZ up to Clifford conjugation; 7-T forms are exact Clifford+T decompositions; 4-T form is exact given one clean ancilla and feed-forward; compute half of a temporary AND, uncompute is free"
qmpa_mul8,g00141,and,141,38 23 39,99,g00191,ccz t4,ccz:CCZ=1 t4:T=4,1 1,"Toffoli is a CCZ up to Cliffords; one CCZ state (Gidney & Fowler 2019) | Gidney 2018 temporary AND: 4 T to compute, 0 to uncompute","Toffoli = CCZ up to Clifford conjugation; 7-T forms are exact Clifford+T decompositions; 4-T form is exact given one clean ancilla and feed-forward; compute half of a temporary AND, uncompute is free"
qmpa_mul8,g00144,and,144,39 24 40,101,g00188,ccz t4,ccz:CCZ=1 t4:T=4,1 1,"Toffoli is a CCZ up to Cliffords; one CCZ state (Gidney & Fowler 2019) | Gidney 2018 temporary AND: 4 T to compute, 0 to uncompute","Toffoli = CCZ up to Clifford conjugation; 7-T forms are exact Clifford+T decompositions; 4-T form is exact given one clean ancilla and feed-forward; compute half of a temporary AND, uncompute is free"
qmpa_mul8,g00147,and,147,40 25 41,103,g00185,ccz t4,ccz:CCZ=1 t4:T=4,1 1,"Toffoli is a CCZ up to Cliffords; one CCZ state (Gidney & Fowler 2019) | Gidney 2018 temporary AND: 4 T to compute, 0 to uncompute","Toffoli = CCZ up to Clifford conjugation; 7-T forms are exact Clifford+T decompositions; 4-T form is exact given one clean ancilla and feed-forward; compute half of a temporary AND, uncompute is free"
qmpa_mul8,g00150,and,150,41 26 42,105,g00182,ccz t4,ccz:CCZ=1 t4:T=4,1 1,"Toffoli is a CCZ up to Cliffords; one CCZ state (Gidney & Fowler 2019) | Gidney 2018 temporary AND: 4 T to compute, 0 to uncompute","Toffoli = CCZ up to Clifford conjugation; 7-T forms are exact Clifford+T decompositions; 4-T form is exact given one clean ancilla and feed-forward; compute half of a temporary AND, uncompute is free"
qmpa_mul8,g00153,and,153,42 27 43,107,g00179,ccz t4,ccz:CCZ=1 t4:T=4,1 1,"Toffoli is a CCZ up to Cliffords; one CCZ state (Gidney & Fowler 2019) | Gidney 2018 temporary AND: 4 T to compute, 0 to uncompute","Toffoli = CCZ up to Clifford conjugation; 7-T forms are exact Clifford+T decompositions; 4-T form is exact given one clean ancilla and feed-forward; compute half of a temporary AND, uncompute is free"
qmpa_mul8,g00156,and,156,43 28 44,109,g00176,ccz t4,ccz:CCZ=1 t4:T=4,1 1,"Toffoli is a CCZ up to Cliffords; one CCZ state (Gidney & Fowler 2019) | Gidney 2018 temporary AND: 4 T to compute, 0 to uncompute","Toffoli = CCZ up to Clifford conjugation; 7-T forms are exact Clifford+T decompositions; 4-T form is exact given one clean ancilla and feed-forward; compute half of a temporary AND, uncompute is free"
qmpa_mul8,g00159,and,159,44 29 45,111,g00173,ccz t4,ccz:CCZ=1 t4:T=4,1 1,"Toffoli is a CCZ up to Cliffords; one CCZ state (Gidney & Fowler 2019) | Gidney 2018 temporary AND: 4 T to compute, 0 to uncompute","Toffoli = CCZ up to Clifford conjugation; 7-T forms are exact Clifford+T decompositions; 4-T form is exact given one clean ancilla and feed-forward; compute half of a temporary AND, uncompute is free"
qmpa_mul8,g00162,and,162,45 30 46,113,g00170,ccz t4,ccz:CCZ=1 t4:T=4,1 1,"Toffoli is a CCZ up to Cliffords; one CCZ state (Gidney & Fowler 2019) | Gidney 2018 temporary AND: 4 T to compute, 0 to uncompute","Toffoli = CCZ up to Clifford conjugation; 7-T forms are exact Clifford+T decompositions; 4-T form is exact given one clean ancilla and feed-forward; compute half of a temporary AND, uncompute is free"
qmpa_mul8,g00165,and,165,46 31 47,115,g00167,ccz t4,ccz:CCZ=1 t4:T=4,1 1,"Toffoli is a CCZ up to Cliffords; one CCZ state (Gidney & Fowler 2019) | Gidney 2018 temporary AND: 4 T to compute, 0 to uncompute","Toffoli = CCZ up to Clifford conjugation; 7-T forms are exact Clifford+T decompositions; 4-T form is exact given one clean ancilla and feed-forward; compute half of a temporary AND, uncompute is free"
qmpa_mul8,g00167,and_uncompute,167,46 31 47,117,g00165,uncompute_and_meas,uncompute_and_meas:clifford,0,"Gidney 2018: measurement-based uncomputation of a temporary AND, no magic states; legal because the paired compute writes a fresh ancilla and no control is written in between",Erasing the ancilla that holds the AND reproduces the second Toffoli exactly because both controls are unchanged since the compute
qmpa_mul8,g00170,and_uncompute,170,45 30 46,120,g00162,uncompute_and_meas,uncompute_and_meas:clifford,0,"Gidney 2018: measurement-based uncomputation of a temporary AND, no magic states; legal because the paired compute writes a fresh ancilla and no control is written in between",Erasing the ancilla that holds the AND reproduces the second Toffoli exactly because both controls are unchanged since the compute
qmpa_mul8,g00173,and_uncompute,173,44 29 45,123,g00159,uncompute_and_meas,uncompute_and_meas:clifford,0,"Gidney 2018: measurement-based uncomputation of a temporary AND, no magic states; legal because the paired compute writes a fresh ancilla and no control is written in between",Erasing the ancilla that holds the AND reproduces the second Toffoli exactly because both controls are unchanged since the compute
qmpa_mul8,g00176,and_uncompute,176,43 28 44,126,g00156,uncompute_and_meas,uncompute_and_meas:clifford,0,"Gidney 2018: measurement-based uncomputation of a temporary AND, no magic states; legal because the paired compute writes a fresh ancilla and no control is written in between",Erasing the ancilla that holds the AND reproduces the second Toffoli exactly because both controls are unchanged since the compute
qmpa_mul8,g00179,and_uncompute,179,42 27 43,129,g00153,uncompute_and_meas,uncompute_and_meas:clifford,0,"Gidney 2018: measurement-based uncomputation of a temporary AND, no magic states; legal because the paired compute writes a fresh ancilla and no control is written in between",Erasing the ancilla that holds the AND reproduces the second Toffoli exactly because both controls are unchanged since the compute
qmpa_mul8,g00182,and_uncompute,182,41 26 42,132,g00150,uncompute_and_meas,uncompute_and_meas:clifford,0,"Gidney 2018: measurement-based uncomputation of a temporary AND, no magic states; legal because the paired compute writes a fresh ancilla and no control is written in between",Erasing the ancilla that holds the AND reproduces the second Toffoli exactly because both controls are unchanged since the compute
qmpa_mul8,g00185,and_uncompute,185,40 25 41,135,g00147,uncompute_and_meas,uncompute_and_meas:clifford,0,"Gidney 2018: measurement-based uncomputation of a temporary AND, no magic states; legal because the paired compute writes a fresh ancilla and no control is written in between",Erasing the ancilla that holds the AND reproduces the second Toffoli exactly because both controls are unchanged since the compute
qmpa_mul8,g00188,and_uncompute,188,39 24 40,138,g00144,uncompute_and_meas,uncompute_and_meas:clifford,0,"Gidney 2018: measurement-based uncomputation of a temporary AND, no magic states; legal because the paired compute writes a fresh ancilla and no control is written in between",Erasing the ancilla that holds the AND reproduces the second Toffoli exactly because both controls are unchanged since the compute
qmpa_mul8,g00191,and_uncompute,191,38 23 39,141,g00141,uncompute_and_meas,uncompute_and_meas:clifford,0,"Gidney 2018: measurement-based uncomputation of a temporary AND, no magic states; legal because the paired compute writes a fresh ancilla and no control is written in between",Erasing the ancilla that holds the AND reproduces the second Toffoli exactly because both controls are unchanged since the compute
qmpa_mul8,g00194,and_uncompute,194,37 22 38,144,g00138,uncompute_and_meas,uncompute_and_meas:clifford,0,"Gidney 2018: measurement-based uncomputation of a temporary AND, no magic states; legal because the paired compute writes a fresh ancilla and no control is written in between",Erasing the ancilla that holds the AND reproduces the second Toffoli exactly because both controls are unchanged since the compute
qmpa_mul8,g00197,and_uncompute,197,36 21 37,147,g00135,uncompute_and_meas,uncompute_and_meas:clifford,0,"Gidney 2018: measurement-based uncomputation of a temporary AND, no magic states; legal because the paired compute writes a fresh ancilla and no control is written in between",Erasing the ancilla that holds the AND reproduces the second Toffoli exactly because both controls are unchanged since the compute
qmpa_mul8,g00200,and_uncompute,200,35 20 36,150,g00132,uncompute_and_meas,uncompute_and_meas:clifford,0,"Gidney 2018: measurement-based uncomputation of a temporary AND, no magic states; legal because the paired compute writes a fresh ancilla and no control is written in between",Erasing the ancilla that holds the AND reproduces the second Toffoli exactly because both controls are unchanged since the compute
qmpa_mul8,g00203,and_uncompute,203,34 19 35,153,g00129,uncompute_and_meas,uncompute_and_meas:clifford,0,"Gidney 2018: measurement-based uncomputation of a temporary AND, no magic states; legal because the paired compute writes a fresh ancilla and no control is written in between",Erasing the ancilla that holds the AND reproduces the second Toffoli exactly because both controls are unchanged since the compute
qmpa_mul8,g00206,and_uncompute,206,33 18 34,156,g00126,uncompute_and_meas,uncompute_and_meas:clifford,0,"Gidney 2018: measurement-based uncomputation of a temporary AND, no magic states; legal because the paired compute writes a fresh ancilla and no control is written in between",Erasing the ancilla that holds the AND reproduces the second Toffoli exactly because both controls are unchanged since the compute
qmpa_mul8,g00209,and_uncompute,209,49 17 33,159,g00123,uncompute_and_meas,uncompute_and_meas:clifford,0,"Gidney 2018: measurement-based uncomputation of a temporary AND, no magic states; legal because the paired compute writes a fresh ancilla and no control is written in between",Erasing the ancilla that holds the AND reproduces the second Toffoli exactly because both controls are unchanged since the compute
qmpa_mul8,g00212,and_uncompute,212,1 8 33,161,g00113,uncompute_and_meas,uncompute_and_meas:clifford,0,"Gidney 2018: measurement-based uncomputation of a temporary AND, no magic states; legal because the paired compute writes a fresh ancilla and no control is written in between",Erasing the ancilla that holds the AND reproduces the second Toffoli exactly because both controls are unchanged since the compute
qmpa_mul8,g00213,and_uncompute,213,1 9 34,162,g00114,uncompute_and_meas,uncompute_and_meas:clifford,0,"Gidney 2018: measurement-based uncomputation of a temporary AND, no magic states; legal because the paired compute writes a fresh ancilla and no control is written in between",Erasing the ancilla that holds the AND reproduces the second Toffoli exactly because both controls are unchanged since the compute
qmpa_mul8,g00214,and_uncompute,214,1 10 35,163,g00115,uncompute_and_meas,uncompute_and_meas:clifford,0,"Gidney 2018: measurement-based uncomputation of a temporary AND, no magic states; legal because the paired compute writes a fresh ancilla and no control is written in between",Erasing the ancilla that holds the AND reproduces the second Toffoli exactly because both controls are unchanged since the compute
qmpa_mul8,g00215,and_uncompute,215,1 11 36,164,g00116,uncompute_and_meas,uncompute_and_meas:clifford,0,"Gidney 2018: measurement-based uncomputation of a temporary AND, no magic states; legal because the paired compute writes a fresh ancilla and no control is written in between",Erasing the ancilla that holds the AND reproduces the second Toffoli exactly because both controls are unchanged since the compute
qmpa_mul8,g00216,and_uncompute,216,1 12 37,165,g00117,uncompute_and_meas,uncompute_and_meas:clifford,0,"Gidney 2018: measurement-based uncomputation of a temporary AND, no magic states; legal because the paired compute writes a fresh ancilla and no control is written in between",Erasing the ancilla that holds the AND reproduces the second Toffoli exactly because both controls are unchanged since the compute
qmpa_mul8,g00217,and_uncompute,217,1 13 38,166,g00118,uncompute_and_meas,uncompute_and_meas:clifford,0,"Gidney 2018: measurement-based uncomputation of a temporary AND, no magic states; legal because the paired compute writes a fresh ancilla and no control is written in between",Erasing the ancilla that holds the AND reproduces the second Toffoli exactly because both controls are unchanged since the compute
qmpa_mul8,g00218,and_uncompute,218,1 14 39,167,g00119,uncompute_and_meas,uncompute_and_meas:clifford,0,"Gidney 2018: measurement-based uncomputation of a temporary AND, no magic states; legal because the paired compute writes a fresh ancilla and no control is written in between",Erasing the ancilla that holds the AND reproduces the second Toffoli exactly because both controls are unchanged since the compute
qmpa_mul8,g00219,and_uncompute,219,1 15 40,168,g00120,uncompute_and_meas,uncompute_and_meas:clifford,0,"Gidney 2018: measurement-based uncomputation of a temporary AND, no magic states; legal because the paired compute writes a fresh ancilla and no control is written in between",Erasing the ancilla that holds the AND reproduces the second Toffoli exactly because both controls are unchanged since the compute
qmpa_mul8,g00220,and,220,2 8 33,162,g00313,ccz t4,ccz:CCZ=1 t4:T=4,1 1,"Toffoli is a CCZ up to Cliffords; one CCZ state (Gidney & Fowler 2019) | Gidney 2018 temporary AND: 4 T to compute, 0 to uncompute","Toffoli = CCZ up to Clifford conjugation; 7-T forms are exact Clifford+T decompositions; 4-T form is exact given one clean ancilla and feed-forward; compute half of a temporary AND, uncompute is free"
qmpa_mul8,g00221,and,221,2 9 34,163,g00314,ccz t4,ccz:CCZ=1 t4:T=4,1 1,"Toffoli is a CCZ up to Cliffords; one CCZ state (Gidney & Fowler 2019) | Gidney 2018 temporary AND: 4 T to compute, 0 to uncompute","Toffoli = CCZ up to Clifford conjugation; 7-T forms are exact Clifford+T decompositions; 4-T form is exact given one clean ancilla and feed-forward; compute half of a temporary AND, uncompute is free"
qmpa_mul8,g00222,and,222,2 10 35,164,g00315,ccz t4,ccz:CCZ=1 t4:T=4,1 1,"Toffoli is a CCZ up to Cliffords; one CCZ state (Gidney & Fowler 2019) | Gidney 2018 temporary AND: 4 T to compute, 0 to uncompute","Toffoli = CCZ up to Clifford conjugation; 7-T forms are exact Clifford+T decompositions; 4-T form is exact given one clean ancilla and feed-forward; compute half of a temporary AND, uncompute is free"
qmpa_mul8,g00223,and,223,2 11 36,165,g00316,ccz t4,ccz:CCZ=1 t4:T=4,1 1,"Toffoli is a CCZ up to Cliffords; one CCZ state (Gidney & Fowler 2019) | Gidney 2018 temporary AND: 4 T to compute, 0 to uncompute","Toffoli = CCZ up to Clifford conjugation; 7-T forms are exact Clifford+T decompositions; 4-T form is exact given one clean ancilla and feed-forward; compute half of a temporary AND, uncompute is free"
qmpa_mul8,g00224,and,224,2 12 37,166,g00317,ccz t4,ccz:CCZ=1 t4:T=4,1 1,"Toffoli is a CCZ up to Cliffords; one CCZ state (Gidney & Fowler 2019) | Gidney 2018 temporary AND: 4 T to compute, 0 to uncompute","Toffoli = CCZ up to Clifford conjugation; 7-T forms are exact Clifford+T decompositions; 4-T form is exact given one clean ancilla and feed-forward; compute half of a temporary AND, uncompute is free"
qmpa_mul8,g00225,and,225,2 13 38,167,g00318,ccz t4,ccz:CCZ=1 t4:T=4,1 1,"Toffoli is a CCZ up to Cliffords; one CCZ state (Gidney & Fowler 2019) | Gidney 2018 temporary AND: 4 T to compute, 0 to uncompute","Toffoli = CCZ up to Clifford conjugation; 7-T forms are exact Clifford+T decompositions; 4-T form is exact given one clean ancilla and feed-forward; compute half of a temporary AND, uncompute is free"
qmpa_mul8,g00226,and,226,2 14 39,168,g00319,ccz t4,ccz:CCZ=1 t4:T=4,1 1,"Toffoli is a CCZ up to Cliffords; one CCZ state (Gidney & Fowler 2019) | Gidney 2018 temporary AND: 4 T to compute, 0 to uncompute","Toffoli = CCZ up to Clifford conjugation; 7-T forms are exact Clifford+T decompositions; 4-T form is exact given one clean ancilla and feed-forward; compute half of a temporary AND, uncompute is free"
qmpa_mul8,g00227,and,227,2 15 40,169,g00320,ccz t4,ccz:CCZ=1 t4:T=4,1 1,"Toffoli is a CCZ up to Cliffords; one CCZ state (Gidney & Fowler 2019) | Gidney 2018 temporary AND: 4 T to compute, 0 to uncompute","Toffoli = CCZ up to Clifford conjugation; 7-T forms are exact Clifford+T decompositions; 4-T form is exact given one clean ancilla and feed-forward; compute half of a temporary AND, uncompute is free"
qmpa_mul8,g00230,and,230,49 18 33,165,g00310,ccz t4,ccz:CCZ=1 t4:T=4,1 1,"Toffoli is a CCZ up to Cliffords; one CCZ state (Gidney & Fowler 2019) | Gidney 2018 temporary AND: 4 T to compute, 0 to uncompute","Toffoli = CCZ up to Clifford conjugation; 7-T forms are exact Clifford+T decompositions; 4-T form is exact given one clean ancilla and feed-forward; compute half of a temporary AND, uncompute is free"
qmpa_mul8,g00233,and,233,33 19 34,167,g00307,ccz t4,ccz:CCZ=1 t4:T=4,1 1,"Toffoli is a CCZ up to Cliffords; one CCZ state (Gidney & Fowler 2019) | Gidney 2018 temporary AND: 4 T to compute, 0 to uncompute","Toffoli = CCZ up to Clifford conjugation; 7-T forms are exact Clifford+T decompositions; 4-T form is exact given one clean ancilla and feed-forward; compute half of a temporary AND, uncompute is free"
qmpa_mul8,g00236,and,236,34 20 35,169,g00304,ccz t4,ccz:CCZ=1 t4:T=4,1 1,"Toffoli is a CCZ up to Cliffords; one CCZ state (Gidney & Fowler 2019) | Gidney 2018 temporary AND: 4 T to compute, 0 to uncompute","Toffoli = CCZ up to Clifford conjugation; 7-T forms are exact Clifford+T decompositions; 4-T form is exact given one clean ancilla and feed-forward; compute half of a temporary AND, uncompute is free"
qmpa_mul8,g00239,and,239,35 21 36,171,g00301,ccz t4,ccz:CCZ=1 t4:T=4,1 1,"Toffoli is a CCZ up to Cliffords; one CCZ state (Gidney & Fowler 2019) | Gidney 2018 temporary AND: 4 T to compute, 0 to uncompute","Toffoli = CCZ up to Clifford conjugation; 7-T forms are exact Clifford+T decompositions; 4-T form is exact given one clean ancilla and feed-forward; compute half of a temporary AND, uncompute is free"
qmpa_mul8,g00242,and,242,36 22 37,173,g00298,ccz t4,ccz:CCZ=1 t4:T=4,1 1,"Toffoli is a CCZ up to Cliffords; one CCZ state (Gidney & Fowler 2019) | Gidney 2018 temporary AND: 4 T to compute, 0 to uncompute","Toffoli = CCZ up to Clifford conjugation; 7-T forms are exact Clifford+T decompositions; 4-T form is exact given one clean ancilla and feed-forward; compute half of a temporary AND, uncompute is free"
qmpa_mul8,g00245,and,245,37 23 38,175,g00295,ccz t4,ccz:CCZ=1 t4:T=4,1 1,"Toffoli is a CCZ up to Cliffords; one CCZ state (Gidney & Fowler 2019) | Gidney 2018 temporary AND: 4 T to compute, 0 to uncompute","Toffoli = CCZ up to Clifford conjugation; 7-T forms are exact Clifford+T decompositions; 4-T form is exact given one clean ancilla and feed-forward; compute half of a temporary AND, uncompute is free"
qmpa_mul8,g00248,and,248,38 24 39,177,g00292,ccz t4,ccz:CCZ=1 t4:T=4,1 1,"Toffoli is a CCZ up to Cliffords; one CCZ state (Gidney & Fowler 2019) | Gidney 2018 temporary AND: 4 T to compute, 0 to uncompute","Toffoli = CCZ up to Clifford conjugation; 7-T forms are exact Clifford+T decompositions; 4-T form is exact given one clean ancilla and feed-forward; compute half of a temporary AND, uncompute is free"
qmpa_mul8,g00251,and,251,39 25 40,179,g00289,ccz t4,ccz:CCZ=1 t4:T=4,1 1,"Toffoli is a CCZ up to Cliffords; one CCZ state (Gidney & Fowler 2019) | Gidney 2018 temporary AND: 4 T to compute, 0 to uncompute","Toffoli = CCZ up to Clifford conjugation; 7-T forms are exact Clifford+T decompositions; 4-T form is exact given one clean ancilla and feed-forward; compute half of a temporary AND, uncompute is free"
qmpa_mul8,g00254,and,254,40 26 41,181,g00286,ccz t4,ccz:CCZ=1 t4:T=4,1 1,"Toffoli is a CCZ up to Cliffords; one CCZ state (Gidney & Fowler 2019) | Gidney 2018 temporary AND: 4 T to compute, 0 to uncompute","Toffoli = CCZ up to Clifford conjugation; 7-T forms are exact Clifford+T decompositions; 4-T form is exact given one clean ancilla and feed-forward; compute half of a temporary AND, uncompute is free"
qmpa_mul8,g00257,and,257,41 27 42,183,g00283,ccz t4,ccz:CCZ=1 t4:T=4,1 1,"Toffoli is a CCZ up to Cliffords; one CCZ state (Gidney & Fowler 2019) | Gidney 2018 temporary AND: 4 T to compute, 0 to uncompute","Toffoli = CCZ up to Clifford conjugation; 7-T forms are exact Clifford+T decompositions; 4-T form is exact given one clean ancilla and feed-forward; compute half of a temporary AND, uncompute is free"
qmpa_mul8,g00260,and,260,42 28 43,185,g00280,ccz t4,ccz:CCZ=1 t4:T=4,1 1,"Toffoli is a CCZ up to Cliffords; one CCZ state (Gidney & Fowler 2019) | Gidney 2018 temporary AND: 4 T to compute, 0 to uncompute","Toffoli = CCZ up to Clifford conjugation; 7-T forms are exact Clifford+T decompositions; 4-T form is exact given one clean ancilla and feed-forward; compute half of a temporary AND, uncompute is free"
qmpa_mul8,g00263,and,263,43 29 44,187,g00277,ccz t4,ccz:CCZ=1 t4:T=4,1 1,"Toffoli is a CCZ up to Cliffords; one CCZ state (Gidney & Fowler 2019) | Gidney 2018 temporary AND: 4 T to compute, 0 to uncompute","Toffoli = CCZ up to Clifford conjugation; 7-T forms are exact Clifford+T decompositions; 4-T form is exact given one clean ancilla and feed-forward; compute half of a temporary AND, uncompute is free"
qmpa_mul8,g00266,and,266,44 30 45,189,g00274,ccz t4,ccz:CCZ=1 t4:T=4,1 1,"Toffoli is a CCZ up to Cliffords; one CCZ state (Gidney & Fowler 2019) | Gidney 2018 temporary AND: 4 T to compute, 0 to uncompute","Toffoli = CCZ up to Clifford conjugation; 7-T forms are exact Clifford+T decompositions; 4-T form is exact given one clean ancilla and feed-forward; compute half of a temporary AND, uncompute is free"
qmpa_mul8,g00269,and,269,45 31 46,191,g00271,ccz t4,ccz:CCZ=1 t4:T=4,1 1,"Toffoli is a CCZ up to Cliffords; one CCZ state (Gidney & Fowler 2019) | Gidney 2018 temporary AND: 4 T to compute, 0 to uncompute","Toffoli = CCZ up to Clifford conjugation; 7-T forms are exact Clifford+T decompositions; 4-T form is exact given one clean ancilla and feed-forward; compute half of a temporary AND, uncompute is free"
qmpa_mul8,g00271,and_uncompute,271,45 31 46,193,g00269,uncompute_and_meas,uncompute_and_meas:clifford,0,"Gidney 2018: measurement-based uncomputation of a temporary AND, no magic states; legal because the paired compute writes a fresh ancilla and no control is written in between",Erasing the ancilla that holds the AND reproduces the second Toffoli exactly because both controls are unchanged since the compute
qmpa_mul8,g00274,and_uncompute,274,44 30 45,196,g00266,uncompute_and_meas,uncompute_and_meas:clifford,0,"Gidney 2018: measurement-based uncomputation of a temporary AND, no magic states; legal because the paired compute writes a fresh ancilla and no control is written in between",Erasing the ancilla that holds the AND reproduces the second Toffoli exactly because both controls are unchanged since the compute
qmpa_mul8,g00277,and_uncompute,277,43 29 44,199,g00263,uncompute_and_meas,uncompute_and_meas:clifford,0,"Gidney 2018: measurement-based uncomputation of a temporary AND, no magic states; legal because the paired compute writes a fresh ancilla and no control is written in between",Erasing the ancilla that holds the AND reproduces the second Toffoli exactly because both controls are unchanged since the compute
qmpa_mul8,g00280,and_uncompute,280,42 28 43,202,g00260,uncompute_and_meas,uncompute_and_meas:clifford,0,"Gidney 2018: measurement-based uncomputation of a temporary AND, no magic states; legal because the paired compute writes a fresh ancilla and no control is written in between",Erasing the ancilla that holds the AND reproduces the second Toffoli exactly because both controls are unchanged since the compute
qmpa_mul8,g00283,and_uncompute,283,41 27 42,205,g00257,uncompute_and_meas,uncompute_and_meas:clifford,0,"Gidney 2018: measurement-based uncomputation of a temporary AND, no magic states; legal because the paired compute writes a fresh ancilla and no control is written in between",Erasing the ancilla that holds the AND reproduces the second Toffoli exactly because both controls are unchanged since the compute
qmpa_mul8,g00286,and_uncompute,286,40 26 41,208,g00254,uncompute_and_meas,uncompute_and_meas:clifford,0,"Gidney 2018: measurement-based uncomputation of a temporary AND, no magic states; legal because the paired compute writes a fresh ancilla and no control is written in between",Erasing the ancilla that holds the AND reproduces the second Toffoli exactly because both controls are unchanged since the compute
qmpa_mul8,g00289,and_uncompute,289,39 25 40,211,g00251,uncompute_and_meas,uncompute_and_meas:clifford,0,"Gidney 2018: measurement-based uncomputation of a temporary AND, no magic states; legal because the paired compute writes a fresh ancilla and no control is written in between",Erasing the ancilla that holds the AND reproduces the second Toffoli exactly because both controls are unchanged since the compute
qmpa_mul8,g00292,and_uncompute,292,38 24 39,214,g00248,uncompute_and_meas,uncompute_and_meas:clifford,0,"Gidney 2018: measurement-based uncomputation of a temporary AND, no magic states; legal because the paired compute writes a fresh ancilla and no control is written in between",Erasing the ancilla that holds the AND reproduces the second Toffoli exactly because both controls are unchanged since the compute
qmpa_mul8,g00295,and_uncompute,295,37 23 38,217,g00245,uncompute_and_meas,uncompute_and_meas:clifford,0,"Gidney 2018: measurement-based uncomputation of a temporary AND, no magic states; legal because the paired compute writes a fresh ancilla and no control is written in between",Erasing the ancilla that holds the AND reproduces the second Toffoli exactly because both controls are unchanged since the compute
qmpa_mul8,g00298,and_uncompute,298,36 22 37,220,g00242,uncompute_and_meas,uncompute_and_meas:clifford,0,"Gidney 2018: measurement-based uncomputation of a temporary AND, no magic states; legal because the paired compute writes a fresh ancilla and no control is written in between",Erasing the ancilla that holds the AND reproduces the second Toffoli exactly because both controls are unchanged since the compute
qmpa_mul8,g00301,and_uncompute,301,35 21 36,223,g00239,uncompute_and_meas,uncompute_and_meas:clifford,0,"Gidney 2018: measurement-based uncomputation of a temporary AND, no magic states; legal because the paired compute writes a fresh ancilla and no control is written in between",Erasing the ancilla that holds the AND reproduces the second Toffoli exactly because both controls are unchanged since the compute
qmpa_mul8,g00304,and_uncompute,304,34 20 35,226,g00236,uncompute_and_meas,uncompute_and_meas:clifford,0,"Gidney 2018: measurement-based uncomputation of a temporary AND, no magic states; legal because the paired compute writes a fresh ancilla and no control is written in between",Erasing the ancilla that holds the AND reproduces the second Toffoli exactly because both controls are unchanged since the compute
qmpa_mul8,g00307,and_uncompute,307,33 19 34,229,g00233,uncompute_and_meas,uncompute_and_meas:clifford,0,"Gidney 2018: measurement-based uncomputation of a temporary AND, no magic states; legal because the paired compute writes a fresh ancilla and no control is written in between",Erasing the ancilla that holds the AND reproduces the second Toffoli exactly because both controls are unchanged since the compute
qmpa_mul8,g00310,and_uncompute,310,49 18 33,232,g00230,uncompute_and_meas,uncompute_and_meas:clifford,0,"Gidney 2018: measurement-based uncomputation of a temporary AND, no magic states; legal because the paired compute writes a fresh ancilla and no control is written in between",Erasing the ancilla that holds the AND reproduces the second Toffoli exactly because both controls are unchanged since the compute
qmpa_mul8,g00313,and_uncompute,313,2 8 33,234,g00220,uncompute_and_meas,uncompute_and_meas:clifford,0,"Gidney 2018: measurement-based uncomputation of a temporary AND, no magic states; legal because the paired compute writes a fresh ancilla and no control is written in between",Erasing the ancilla that holds the AND reproduces the second Toffoli exactly because both controls are unchanged since the compute
qmpa_mul8,g00314,and_uncompute,314,2 9 34,235,g00221,uncompute_and_meas,uncompute_and_meas:clifford,0,"Gidney 2018: measurement-based uncomputation of a temporary AND, no magic states; legal because the paired compute writes a fresh ancilla and no control is written in between",Erasing the ancilla that holds the AND reproduces the second Toffoli exactly because both controls are unchanged since the compute
qmpa_mul8,g00315,and_uncompute,315,2 10 35,236,g00222,uncompute_and_meas,uncompute_and_meas:clifford,0,"Gidney 2018: measurement-based uncomputation of a temporary AND, no magic states; legal because the paired compute writes a fresh ancilla and no control is written in between",Erasing the ancilla that holds the AND reproduces the second Toffoli exactly because both controls are unchanged since the compute
qmpa_mul8,g00316,and_uncompute,316,2 11 36,237,g00223,uncompute_and_meas,uncompute_and_meas:clifford,0,"Gidney 2018: measurement-based uncomputation of a temporary AND, no magic states; legal because the paired compute writes a fresh ancilla and no control is written in between",Erasing the ancilla that holds the AND reproduces the second Toffoli exactly because both controls are unchanged since the compute
qmpa_mul8,g00317,and_uncompute,317,2 12 37,238,g00224,uncompute_and_meas,uncompute_and_meas:clifford,0,"Gidney 2018: measurement-based uncomputation of a temporary AND, no magic states; legal because the paired compute writes a fresh ancilla and no control is written in between",Erasing the ancilla that holds the AND reproduces the second Toffoli exactly because both controls are unchanged since the compute
qmpa_mul8,g00318,and_uncompute,318,2 13 38,239,g00225,uncompute_and_meas,uncompute_and_meas:clifford,0,"Gidney 2018: measurement-based uncomputation of a temporary AND, no magic states; legal because the paired compute writes a fresh ancilla and no control is written in between",Erasing the ancilla that holds the AND reproduces the second Toffoli exactly because both controls are unchanged since the compute
qmpa_mul8,g00319,and_uncompute,319,2 14 39,240,g00226,uncompute_and_meas,uncompute_and_meas:clifford,0,"Gidney 2018: measurement-based uncomputation of a temporary AND, no magic states; legal because the paired compute writes a fresh ancilla and no control is written in between",Erasing the ancilla that holds the AND reproduces the second Toffoli exactly because both controls are unchanged since the compute
qmpa_mul8,g00320,and_uncompute,320,2 15 40,241,g00227,uncompute_and_meas,uncompute_and_meas:clifford,0,"Gidney 2018: measurement-based uncomputation of a temporary AND, no magic states; legal because the paired compute writes a fresh ancilla and no control is written in between",Erasing the ancilla that holds the AND reproduces the second Toffoli exactly because both controls are unchanged since the compute
qmpa_mul8,g00321,and,321,3 8 33,235,g00408,ccz t4,ccz:CCZ=1 t4:T=4,1 1,"Toffoli is a CCZ up to Cliffords; one CCZ state (Gidney & Fowler 2019) | Gidney 2018 temporary AND: 4 T to compute, 0 to uncompute","Toffoli = CCZ up to Clifford conjugation; 7-T forms are exact Clifford+T decompositions; 4-T form is exact given one clean ancilla and feed-forward; compute half of a temporary AND, uncompute is free"
qmpa_mul8,g00322,and,322,3 9 34,236,g00409,ccz t4,ccz:CCZ=1 t4:T=4,1 1,"Toffoli is a CCZ up to Cliffords; one CCZ state (Gidney & Fowler 2019) | Gidney 2018 temporary AND: 4 T to compute, 0 to uncompute","Toffoli = CCZ up to Clifford conjugation; 7-T forms are exact Clifford+T decompositions; 4-T form is exact given one clean ancilla and feed-forward; compute half of a temporary AND, uncompute is free"
qmpa_mul8,g00323,and,323,3 10 35,237,g00410,ccz t4,ccz:CCZ=1 t4:T=4,1 1,"Toffoli is a CCZ up to Cliffords; one CCZ state (Gidney & Fowler 2019) | Gidney 2018 temporary AND: 4 T to compute, 0 to uncompute","Toffoli = CCZ up to Clifford conjugation; 7-T forms are exact Clifford+T decompositions; 4-T form is exact given one clean ancilla and feed-forward; compute half of a temporary AND, uncompute is free"
qmpa_mul8,g00324,and,324,3 11 36,238,g00411,ccz t4,ccz:CCZ=1 t4:T=4,1 1,"Toffoli is a CCZ up to Cliffords; one CCZ state (Gidney & Fowler 2019) | Gidney 2018 temporary AND: 4 T to compute, 0 to uncompute","Toffoli = CCZ up to Clifford conjugation; 7-T forms are exact Clifford+T decompositions; 4-T form is exact given one clean ancilla and feed-forward; compute half of a temporary AND, uncompute is free"
qmpa_mul8,g00325,and,325,3 12 37,239,g00412,ccz t4,ccz:CCZ=1 t4:T=4,1 1,"Toffoli is a CCZ up to Cliffords; one CCZ state (Gidney & Fowler 2019) | Gidney 2018 temporary AND: 4 T to compute, 0 to uncompute","Toffoli = CCZ up to Clifford conjugation; 7-T forms are exact Clifford+T decompositions; 4-T form is exact given one clean ancilla and feed-forward; compute half of a temporary AND, uncompute is free"
qmpa_mul8,g00326,and,326,3 13 38,240,g00413,ccz t4,ccz:CCZ=1 t4:T=4,1 1,"Toffoli is a CCZ up to Cliffords; one CCZ state (Gidney & Fowler 2019) | Gidney 2018 temporary AND: 4 T to compute, 0 to uncompute","Toffoli = CCZ up to Clifford conjugation; 7-T forms are exact Clifford+T decompositions; 4-T form is exact given one clean ancilla and feed-forward; compute half of a temporary AND, uncompute is free"
qmpa_mul8,g00327,and,327,3 14 39,241,g00414,ccz t4,ccz:CCZ=1 t4:T=4,1 1,"Toffoli is a CCZ up to Cliffords; one CCZ state (Gidney & Fowler 2019) | Gidney 2018 temporary AND: 4 T to compute, 0 to uncompute","Toffoli = CCZ up to Clifford conjugation; 7-T forms are exact Clifford+T decompositions; 4-T form is exact given one clean ancilla and feed-forward; compute half of a temporary AND, uncompute is free"
qmpa_mul8,g00328,and,328,3 15 40,242,g00415,ccz t4,ccz:CCZ=1 t4:T=4,1 1,"Toffoli is a CCZ up to Cliffords; one CCZ state (Gidney & Fowler 2019) | Gidney 2018 temporary AND: 4 T to compute, 0 to uncompute","Toffoli = CCZ up to Clifford conjugation; 7-T forms are exact Clifford+T decompositions; 4-T form is exact given one clean ancilla and feed-forward; compute half of a temporary AND, uncompute is free"
qmpa_mul8,g00331,and,331,49 19 33,238,g00405,ccz t4,ccz:CCZ=1 t4:T=4,1 1,"Toffoli is a CCZ up to Cliffords; one CCZ state (Gidney & Fowler 2019) | Gidney 2018 temporary AND: 4 T to compute, 0 to uncompute","Toffoli = CCZ up to Clifford conjugation; 7-T forms are exact Clifford+T decompositions; 4-T form is exact given one clean ancilla and feed-forward; compute half of a temporary AND, uncompute is free"
qmpa_mul8,g00334,and,334,33 20 34,240,g00402,ccz t4,ccz:CCZ=1 t4:T=4,1 1,"Toffoli is a CCZ up to Cliffords; one CCZ state (Gidney & Fowler 2019) | Gidney 2018 temporary AND: 4 T to compute, 0 to uncompute","Toffoli = CCZ up to Clifford conjugation; 7-T forms are exact Clifford+T decompositions; 4-T form is exact given one clean ancilla and feed-forward; compute half of a temporary AND, uncompute is free"
qmpa_mul8,g00337,and,337,34 21 35,242,g00399,ccz t4,ccz:CCZ=1 t4:T=4,1 1,"Toffoli is a CCZ up to Cliffords; one CCZ state (Gidney & Fowler 2019) | Gidney 2018 temporary AND: 4 T to compute, 0 to uncompute","Toffoli = CCZ up to Clifford conjugation; 7-T forms are exact Clifford+T decompositions; 4-T form is exact given one clean ancilla and feed-forward; compute half of a temporary AND, uncompute is free"
qmpa_mul8,g00340,and,340,35 22 36,244,g00396,ccz t4,ccz:CCZ=1 t4:T=4,1 1,"Toffoli is a CCZ up to Cliffords; one CCZ state (Gidney & Fowler 2019) | Gidney 2018 temporary AND: 4 T to compute, 0 to uncompute","Toffoli = CCZ up to Clifford conjugation; 7-T forms are exact Clifford+T decompositions; 4-T form is exact given one clean ancilla and feed-forward; compute half of a temporary AND, uncompute is free"
qmpa_mul8,g00343,and,343,36 23 37,246,g00393,ccz t4,ccz:CCZ=1 t4:T=4,1 1,"Toffoli is a CCZ up to Cliffords; one CCZ state (Gidney & Fowler 2019) | Gidney 2018 temporary AND: 4 T to compute, 0 to uncompute","Toffoli = CCZ up to Clifford conjugation; 7-T forms are exact Clifford+T decompositions; 4-T form is exact given one clean ancilla and feed-forward; compute half of a temporary AND, uncompute is free"
qmpa_mul8,g00346,and,346,37 24 38,248,g00390,ccz t4,ccz:CCZ=1 t4:T=4,1 1,"Toffoli is a CCZ up to Cliffords; one CCZ state (Gidney & Fowler 2019) | Gidney 2018 temporary AND: 4 T to compute, 0 to uncompute","Toffoli = CCZ up to Clifford conjugation; 7-T forms are exact Clifford+T decompositions; 4-T form is exact given one clean ancilla and feed-forward; compute half of a temporary AND, uncompute is free"
qmpa_mul8,g00349,and,349,38 25 39,250,g00387,ccz t4,ccz:CCZ=1 t4:T=4,1 1,"Toffoli is a CCZ up to Cliffords; one CCZ state (Gidney & Fowler 2019) | Gidney 2018 temporary AND: 4 T to compute, 0 to uncompute","Toffoli = CCZ up to Clifford conjugation; 7-T forms are exact Clifford+T decompositions; 4-T form is exact given one clean ancilla and feed-forward; compute half of a temporary AND, uncompute is free"
qmpa_mul8,g00352,and,352,39 26 40,252,g00384,ccz t4,ccz:CCZ=1 t4:T=4,1 1,"Toffoli is a CCZ up to Cliffords; one CCZ state (Gidney & Fowler 2019) | Gidney 2018 temporary AND: 4 T to compute, 0 to uncompute","Toffoli = CCZ up to Clifford conjugation; 7-T forms are exact Clifford+T decompositions; 4-T form is exact given one clean ancilla and feed-forward; compute half of a temporary AND, uncompute is free"
qmpa_mul8,g00355,and,355,40 27 41,254,g00381,ccz t4,ccz:CCZ=1 t4:T=4,1 1,"Toffoli is a CCZ up to Cliffords; one CCZ state (Gidney & Fowler 2019) | Gidney 2018 temporary AND: 4 T to compute, 0 to uncompute","Toffoli = CCZ up to Clifford conjugation; 7-T forms are exact Clifford+T decompositions; 4-T form is exact given one clean ancilla and feed-forward; compute half of a temporary AND, uncompute is free"
qmpa_mul8,g00358,and,358,41 28 42,256,g00378,ccz t4,ccz:CCZ=1 t4:T=4,1 1,"Toffoli is a CCZ up to Cliffords; one CCZ state (Gidney & Fowler 2019) | Gidney 2018 temporary AND: 4 T to compute, 0 to uncompute","Toffoli = CCZ up to Clifford conjugation; 7-T forms are exact Clifford+T decompositions; 4-T form is exact given one clean ancilla and feed-forward; compute half of a temporary AND, uncompute is free"
qmpa_mul8,g00361,and,361,42 29 43,258,g00375,ccz t4,ccz:CCZ=1 t4:T=4,1 1,"Toffoli is a CCZ up to Cliffords; one CCZ state (Gidney & Fowler 2019) | Gidney 2018 temporary AND: 4 T to compute, 0 to uncompute","Toffoli = CCZ up to Clifford conjugation; 7-T forms are exact Clifford+T decompositions; 4-T form is exact given one clean ancilla and feed-forward; compute half of a temporary AND, uncompute is free"
qmpa_mul8,g00364,and,364,43 30 44,260,g00372,ccz t4,ccz:CCZ=1 t4:T=4,1 1,"Toffoli is a CCZ up to Cliffords; one CCZ state (Gidney & Fowler 2019) | Gidney 2018 temporary AND: 4 T to compute, 0 to uncompute","Toffoli = CCZ up to Clifford conjugation; 7-T forms are exact Clifford+T decompositions; 4-T form is exact given one clean ancilla and feed-forward; compute half of a temporary AND, uncompute is free"
qmpa_mul8,g00367,and,367,44 31 45,262,g00369,ccz t4,ccz:CCZ=1 t4:T=4,1 1,"Toffoli is a CCZ up to Cliffords; one CCZ state (Gidney & Fowler 2019) | Gidney 2018 temporary AND: 4 T to compute, 0 to uncompute","Toffoli = CCZ up to Clifford conjugation; 7-T forms are exact Clifford+T decompositions; 4-T form is exact given one clean ancilla and feed-forward; compute half of a temporary AND, uncompute is free"
qmpa_mul8,g00369,and_uncompute,369,44 31 45,264,g00367,uncompute_and_meas,uncompute_and_meas:clifford,0,"Gidney 2018: measurement-based uncomputation of a temporary AND, no magic states; legal because the paired compute writes a fresh ancilla and no control is written in between",Erasing the ancilla that holds the AND reproduces the second Toffoli exactly because both controls are unchanged since the compute
qmpa_mul8,g00372,and_uncompute,372,43 30 44,267,g00364,uncompute_and_meas,uncompute_and_meas:clifford,0,"Gidney 2018: measurement-based uncomputation of a temporary AND, no magic states; legal because the paired compute writes a fresh ancilla and no control is written in between",Erasing the ancilla that holds the AND reproduces the second Toffoli exactly because both controls are unchanged since the compute
qmpa_mul8,g00375,and_uncompute,375,42 29 43,270,g00361,uncompute_and_meas,uncompute_and_meas:clifford,0,"Gidney 2018: measurement-based uncomputation of a temporary AND, no magic states; legal because the paired compute writes a fresh ancilla and no control is written in between",Erasing the ancilla that holds the AND reproduces the second Toffoli exactly because both controls are unchanged since the compute
qmpa_mul8,g00378,and_uncompute,378,41 28 42,273,g00358,uncompute_and_meas,uncompute_and_meas:clifford,0,"Gidney 2018: measurement-based uncomputation of a temporary AND, no magic states; legal because the paired compute writes a fresh ancilla and no control is written in between",Erasing the ancilla that holds the AND reproduces the second Toffoli exactly because both controls are unchanged since the compute
qmpa_mul8,g00381,and_uncompute,381,40 27 41,276,g00355,uncompute_and_meas,uncompute_and_meas:clifford,0,"Gidney 2018: measurement-based uncomputation of a temporary AND, no magic states; legal because the paired compute writes a fresh ancilla and no control is written in between",Erasing the ancilla that holds the AND reproduces the second Toffoli exactly because both controls are unchanged since the compute
qmpa_mul8,g00384,and_uncompute,384,39 26 40,279,g00352,uncompute_and_meas,uncompute_and_meas:clifford,0,"Gidney 2018: measurement-based uncomputation of a temporary AND, no magic states; legal because the paired compute writes a fresh ancilla and no control is written in between",Erasing the ancilla that holds the AND reproduces the second Toffoli exactly because both controls are unchanged since the compute
qmpa_mul8,g00387,and_uncompute,387,38 25 39,282,g00349,uncompute_and_meas,uncompute_and_meas:clifford,0,"Gidney 2018: measurement-based uncomputation of a temporary AND, no magic states; legal because the paired compute writes a fresh ancilla and no control is written in between",Erasing the ancilla that holds the AND reproduces the second Toffoli exactly because both controls are unchanged since the compute
qmpa_mul8,g00390,and_uncompute,390,37 24 38,285,g00346,uncompute_and_meas,uncompute_and_meas:clifford,0,"Gidney 2018: measurement-based uncomputation of a temporary AND, no magic states; legal because the paired compute writes a fresh ancilla and no control is written in between",Erasing the ancilla that holds the AND reproduces the second Toffoli exactly because both controls are unchanged since the compute
qmpa_mul8,g00393,and_uncompute,393,36 23 37,288,g00343,uncompute_and_meas,uncompute_and_meas:clifford,0,"Gidney 2018: measurement-based uncomputation of a temporary AND, no magic states; legal because the paired compute writes a fresh ancilla and no control is written in between",Erasing the ancilla that holds the AND reproduces the second Toffoli exactly because both controls are unchanged since the compute
qmpa_mul8,g00396,and_uncompute,396,35 22 36,291,g00340,uncompute_and_meas,uncompute_and_meas:clifford,0,"Gidney 2018: measurement-based uncomputation of a temporary AND, no magic states; legal because the paired compute writes a fresh ancilla and no control is written in between",Erasing the ancilla that holds the AND reproduces the second Toffoli exactly because both controls are unchanged since the compute
qmpa_mul8,g00399,and_uncompute,399,34 21 35,294,g00337,uncompute_and_meas,uncompute_and_meas:clifford,0,"Gidney 2018: measurement-based uncomputation of a temporary AND, no magic states; legal because the paired compute writes a fresh ancilla and no control is written in between",Erasing the ancilla that holds the AND reproduces the second Toffoli exactly because both controls are unchanged since the compute
qmpa_mul8,g00402,and_uncompute,402,33 20 34,297,g00334,uncompute_and_meas,uncompute_and_meas:clifford,0,"Gidney 2018: measurement-based uncomputation of a temporary AND, no magic states; legal because the paired compute writes a fresh ancilla and no control is written in between",Erasing the ancilla that holds the AND reproduces the second Toffoli exactly because both controls are unchanged since the compute
qmpa_mul8,g00405,and_uncompute,405,49 19 33,300,g00331,uncompute_and_meas,uncompute_and_meas:clifford,0,"Gidney 2018: measurement-based uncomputation of a temporary AND, no magic states; legal because the paired compute writes a fresh ancilla and no control is written in between",Erasing the ancilla that holds the AND reproduces the second Toffoli exactly because both controls are unchanged since the compute
qmpa_mul8,g00408,and_uncompute,408,3 8 33,302,g00321,uncompute_and_meas,uncompute_and_meas:clifford,0,"Gidney 2018: measurement-based uncomputation of a temporary AND, no magic states; legal because the paired compute writes a fresh ancilla and no control is written in between",Erasing the ancilla that holds the AND reproduces the second Toffoli exactly because both controls are unchanged since the compute
qmpa_mul8,g00409,and_uncompute,409,3 9 34,303,g00322,uncompute_and_meas,uncompute_and_meas:clifford,0,"Gidney 2018: measurement-based uncomputation of a temporary AND, no magic states; legal because the paired compute writes a fresh ancilla and no control is written in between",Erasing the ancilla that holds the AND reproduces the second Toffoli exactly because both controls are unchanged since the compute
qmpa_mul8,g00410,and_uncompute,410,3 10 35,304,g00323,uncompute_and_meas,uncompute_and_meas:clifford,0,"Gidney 2018: measurement-based uncomputation of a temporary AND, no magic states; legal because the paired compute writes a fresh ancilla and no control is written in between",Erasing the ancilla that holds the AND reproduces the second Toffoli exactly because both controls are unchanged since the compute
qmpa_mul8,g00411,and_uncompute,411,3 11 36,305,g00324,uncompute_and_meas,uncompute_and_meas:clifford,0,"Gidney 2018: measurement-based uncomputation of a temporary AND, no magic states; legal because the paired compute writes a fresh ancilla and no control is written in between",Erasing the ancilla that holds the AND reproduces the second Toffoli exactly because both controls are unchanged since the compute
qmpa_mul8,g00412,and_uncompute,412,3 12 37,306,g00325,uncompute_and_meas,uncompute_and_meas:clifford,0,"Gidney 2018: measurement-based uncomputation of a temporary AND, no magic states; legal because the paired compute writes a fresh ancilla and no control is written in between",Erasing the ancilla that holds the AND reproduces the second Toffoli exactly because both controls are unchanged since the compute
qmpa_mul8,g00413,and_uncompute,413,3 13 38,307,g00326,uncompute_and_meas,uncompute_and_meas:clifford,0,"Gidney 2018: measurement-based uncomputation of a temporary AND, no magic states; legal because the paired compute writes a fresh ancilla and no control is written in between",Erasing the ancilla that holds the AND reproduces the second Toffoli exactly because both controls are unchanged since the compute
qmpa_mul8,g00414,and_uncompute,414,3 14 39,308,g00327,uncompute_and_meas,uncompute_and_meas:clifford,0,"Gidney 2018: measurement-based uncomputation of a temporary AND, no magic states; legal because the paired compute writes a fresh ancilla and no control is written in between",Erasing the ancilla that holds the AND reproduces the second Toffoli exactly because both controls are unchanged since the compute
qmpa_mul8,g00415,and_uncompute,415,3 15 40,309,g00328,uncompute_and_meas,uncompute_and_meas:clifford,0,"Gidney 2018: measurement-based uncomputation of a temporary AND, no magic states; legal because the paired compute writes a fresh ancilla and no control is written in between",Erasing the ancilla that holds the AND reproduces the second Toffoli exactly because both controls are unchanged since the compute
qmpa_mul8,g00416,and,416,4 8 33,303,g00497,ccz t4,ccz:CCZ=1 t4:T=4,1 1,"Toffoli is a CCZ up to Cliffords; one CCZ state (Gidney & Fowler 2019) | Gidney 2018 temporary AND: 4 T to compute, 0 to uncompute","Toffoli = CCZ up to Clifford conjugation; 7-T forms are exact Clifford+T decompositions; 4-T form is exact given one clean ancilla and feed-forward; compute half of a temporary AND, uncompute is free"
qmpa_mul8,g00417,and,417,4 9 34,304,g00498,ccz t4,ccz:CCZ=1 t4:T=4,1 1,"Toffoli is a CCZ up to Cliffords; one CCZ state (Gidney & Fowler 2019) | Gidney 2018 temporary AND: 4 T to compute, 0 to uncompute","Toffoli = CCZ up to Clifford conjugation; 7-T forms are exact Clifford+T decompositions; 4-T form is exact given one clean ancilla and feed-forward; compute half of a temporary AND, uncompute is free"
qmpa_mul8,g00418,and,418,4 10 35,305,g00499,ccz t4,ccz:CCZ=1 t4:T=4,1 1,"Toffoli is a CCZ up to Cliffords; one CCZ state (Gidney & Fowler 2019) | Gidney 2018 temporary AND: 4 T to compute, 0 to uncompute","Toffoli = CCZ up to Clifford conjugation; 7-T forms are exact Clifford+T decompositions; 4-T form is exact given one clean ancilla and feed-forward; compute half of a temporary AND, uncompute is free"
qmpa_mul8,g00419,and,419,4 11 36,306,g00500,ccz t4,ccz:CCZ=1 t4:T=4,1 1,"Toffoli is a CCZ up to Cliffords; one CCZ state (Gidney & Fowler 2019) | Gidney 2018 temporary AND: 4 T to compute, 0 to uncompute","Toffoli = CCZ up to Clifford conjugation; 7-T forms are exact Clifford+T decompositions; 4-T form is exact given one clean ancilla and feed-forward; compute half of a temporary AND, uncompute is free"
qmpa_mul8,g00420,and,420,4 12 37,307,g00501,ccz t4,ccz:CCZ=1 t4:T=4,1 1,"Toffoli is a CCZ up to Cliffords; one CCZ state (Gidney & Fowler 2019) | Gidney 2018 temporary AND: 4 T to compute, 0 to uncompute","Toffoli = CCZ up to Clifford conjugation; 7-T forms are exact Clifford+T decompositions; 4-T form is exact given one clean ancilla and feed-forward; compute half of a temporary AND, uncompute is free"
qmpa_mul8,g00421,and,421,4 13 38,308,g00502,ccz t4,ccz:CCZ=1 t4:T=4,1 1,"Toffoli is a CCZ up to Cliffords; one CCZ state (Gidney & Fowler 2019) | Gidney 2018 temporary AND: 4 T to compute, 0 to uncompute","Toffoli = CCZ up to Clifford conjugation; 7-T forms are exact Clifford+T decompositions; 4-T form is exact given one clean ancilla and feed-forward; compute half of a temporary AND, uncompute is free"
qmpa_mul8,g00422,and,422,4 14 39,309,g00503,ccz t4,ccz:CCZ=1 t4:T=4,1 1,"Toffoli is a CCZ up to Cliffords; one CCZ state (Gidney & Fowler 2019) | Gidney 2018 temporary AND: 4 T to compute, 0 to uncompute","Toffoli = CCZ up to Clifford conjugation; 7-T forms are exact Clifford+T decompositions; 4-T form is exact given one clean ancilla and feed-forward; compute half of a temporary AND, uncompute is free"
qmpa_mul8,g00423,and,423,4 15 40,310,g00504,ccz t4,ccz:CCZ=1 t4:T=4,1 1,"Toffoli is a CCZ up to Cliffords; one CCZ state (Gidney & Fowler 2019) | Gidney 2018 temporary AND: 4 T to compute, 0 to uncompute","Toffoli = CCZ up to Clifford conjugation; 7-T forms are exact Clifford+T decompositions; 4-T form is exact given one clean ancilla and feed-forward; compute half of a temporary AND, uncompute is free"
qmpa_mul8,g00426,and,426,49 20 33,306,g00494,ccz t4,ccz:CCZ=1 t4:T=4,1 1,"Toffoli is a CCZ up to Cliffords; one CCZ state (Gidney & Fowler 2019) | Gidney 2018 temporary AND: 4 T to compute, 0 to uncompute","Toffoli = CCZ up to Clifford conjugation; 7-T forms are exact Clifford+T decompositions; 4-T form is exact given one clean ancilla and feed-forward; compute half of a temporary AND, uncompute is free"
qmpa_mul8,g00429,and,429,33 21 34,308,g00491,ccz t4,ccz:CCZ=1 t4:T=4,1 1,"Toffoli is a CCZ up to Cliffords; one CCZ state (Gidney & Fowler 2019) | Gidney 2018 temporary AND: 4 T to compute, 0 to uncompute","Toffoli = CCZ up to Clifford conjugation; 7-T forms are exact Clifford+T decompositions; 4-T form is exact given one clean ancilla and feed-forward; compute half of a temporary AND, uncompute is free"
qmpa_mul8,g00432,and,432,34 22 35,310,g00488,ccz t4,ccz:CCZ=1 t4:T=4,1 1,"Toffoli is a CCZ up to Cliffords; one CCZ state (Gidney & Fowler 2019) | Gidney 2018 temporary AND: 4 T to compute, 0 to uncompute","Toffoli = CCZ up to Clifford conjugation; 7-T forms are exact Clifford+T decompositions; 4-T form is exact given one clean ancilla and feed-forward; compute half of a temporary AND, uncompute is free"
qmpa_mul8,g00435,and,435,35 23 36,312,g00485,ccz t4,ccz:CCZ=1 t4:T=4,1 1,"Toffoli is a CCZ up to Cliffords; one CCZ state (Gidney & Fowler 2019) | Gidney 2018 temporary AND: 4 T to compute, 0 to uncompute","Toffoli = CCZ up to Clifford conjugation; 7-T forms are exact Clifford+T decompositions; 4-T form is exact given one clean ancilla and feed-forward; compute half of a temporary AND, uncompute is free"
qmpa_mul8,g00438,and,438,36 24 37,314,g00482,ccz t4,ccz:CCZ=1 t4:T=4,1 1,"Toffoli is a CCZ up to Cliffords; one CCZ state (Gidney & Fowler 2019) | Gidney 2018 temporary AND: 4 T to compute, 0 to uncompute","Toffoli = CCZ up to Clifford conjugation; 7-T forms are exact Clifford+T decompositions; 4-T form is exact given one clean ancilla and feed-forward; compute half of a temporary AND, uncompute is free"
qmpa_mul8,g00441,and,441,37 25 38,316,g00479,ccz t4,ccz:CCZ=1 t4:T=4,1 1,"Toffoli is a CCZ up to Cliffords; one CCZ state (Gidney & Fowler 2019) | Gidney 2018 temporary AND: 4 T to compute, 0 to uncompute","Toffoli = CCZ up to Clifford conjugation; 7-T forms are exact Clifford+T decompositions; 4-T form is exact given one clean ancilla and feed-forward; compute half of a temporary AND, uncompute is free"
qmpa_mul8,g00444,and,444,38 26 39,318,g00476,ccz t4,ccz:CCZ=1 t4:T=4,1 1,"Toffoli is a CCZ up to Cliffords; one CCZ state (Gidney & Fowler 2019) | Gidney 2018 temporary AND: 4 T to compute, 0 to uncompute","Toffoli = CCZ up to Clifford conjugation; 7-T forms are exact Clifford+T decompositions; 4-T form is exact given one clean ancilla and feed-forward; compute half of a temporary AND, uncompute is free"
qmpa_mul8,g00447,and,447,39 27 40,320,g00473,ccz t4,ccz:CCZ=1 t4:T=4,1 1,"Toffoli is a CCZ up to Cliffords; one CCZ state (Gidney & Fowler 2019) | Gidney 2018 temporary AND: 4 T to compute, 0 to uncompute","Toffoli = CCZ up to Clifford conjugation; 7-T forms are exact Clifford+T decompositions; 4-T form is exact given one clean ancilla and feed-forward; compute half of a temporary AND, uncompute is free"
qmpa_mul8,g00450,and,450,40 28 41,322,g00470,ccz t4,ccz:CCZ=1 t4:T=4,1 1,"Toffoli is a CCZ up to Cliffords; one CCZ state (Gidney & Fowler 2019) | Gidney 2018 temporary AND: 4 T to compute, 0 to uncompute","Toffoli = CCZ up to Clifford conjugation; 7-T forms are exact Clifford+T decompositions; 4-T form is exact given one clean ancilla and feed-forward; compute half of a temporary AND, uncompute is free"
qmpa_mul8,g00453,and,453,41 29 42,324,g00467,ccz t4,ccz:CCZ=1 t4:T=4,1 1,"Toffoli is a CCZ up to Cliffords; one CCZ state (Gidney & Fowler 2019) | Gidney 2018 temporary AND: 4 T to compute, 0 to uncompute","Toffoli = CCZ up to Clifford conjugation; 7-T forms are exact Clifford+T decompositions; 4-T form is exact given one clean ancilla and feed-forward; compute half of a temporary AND, uncompute is free"
qmpa_mul8,g00456,and,456,42 30 43,326,g00464,ccz t4,ccz:CCZ=1 t4:T=4,1 1,"Toffoli is a CCZ up to Cliffords; one CCZ state (Gidney & Fowler 2019) | Gidney 2018 temporary AND: 4 T to compute, 0 to uncompute","Toffoli = CCZ up to Clifford conjugation; 7-T forms are exact Clifford+T decompositions; 4-T form is exact given one clean ancilla and feed-forward; compute half of a temporary AND, uncompute is free"
qmpa_mul8,g00459,and,459,43 31 44,328,g00461,ccz t4,ccz:CCZ=1 t4:T=4,1 1,"Toffoli is a CCZ up to Cliffords; one CCZ state (Gidney & Fowler 2019) | Gidney 2018 temporary AND: 4 T to compute, 0 to uncompute","Toffoli = CCZ up to Clifford conjugation; 7-T forms are exact Clifford+T decompositions; 4-T form is exact given one clean ancilla and feed-forward; compute half of a temporary AND, uncompute is free"
qmpa_mul8,g00461,and_uncompute,461,43 31 44,330,g00459,uncompute_and_meas,uncompute_and_meas:clifford,0,"Gidney 2018: measurement-based uncomputation of a temporary AND, no magic states; legal because the paired compute writes a fresh ancilla and no control is written in between",Erasing the ancilla that holds the AND reproduces the second Toffoli exactly because both controls are unchanged since the compute
qmpa_mul8,g00464,and_uncompute,464,42 30 43,333,g00456,uncompute_and_meas,uncompute_and_meas:clifford,0,"Gidney 2018: measurement-based uncomputation of a temporary AND, no magic states; legal because the paired compute writes a fresh ancilla and no control is written in between",Erasing the ancilla that holds the AND reproduces the second Toffoli exactly because both controls are unchanged since the compute
qmpa_mul8,g00467,and_uncompute,467,41 29 42,336,g00453,uncompute_and_meas,uncompute_and_meas:clifford,0,"Gidney 2018: measurement-based uncomputation of a temporary AND, no magic states; legal because the paired compute writes a fresh ancilla and no control is written in between",Erasing the ancilla that holds the AND reproduces the second Toffoli exactly because both controls are unchanged since the compute
qmpa_mul8,g00470,and_uncompute,470,40 28 41,339,g00450,uncompute_and_meas,uncompute_and_meas:clifford,0,"Gidney 2018: measurement-based uncomputation of a temporary AND, no magic states; legal because the paired compute writes a fresh ancilla and no control is written in between",Erasing the ancilla that holds the AND reproduces the second Toffoli exactly because both controls are unchanged since the compute
qmpa_mul8,g00473,and_uncompute,473,39 27 40,342,g00447,uncompute_and_meas,uncompute_and_meas:clifford,0,"Gidney 2018: measurement-based uncomputation of a temporary AND, no magic states; legal because the paired compute writes a fresh ancilla and no control is written in between",Erasing the ancilla that holds the AND reproduces the second Toffoli exactly because both controls are unchanged since the compute
qmpa_mul8,g00476,and_uncompute,476,38 26 39,345,g00444,uncompute_and_meas,uncompute_and_meas:clifford,0,"Gidney 2018: measurement-based uncomputation of a temporary AND, no magic states; legal because the paired compute writes a fresh ancilla and no control is written in between",Erasing the ancilla that holds the AND reproduces the second Toffoli exactly because both controls are unchanged since the compute
qmpa_mul8,g00479,and_uncompute,479,37 25 38,348,g00441,uncompute_and_meas,uncompute_and_meas:clifford,0,"Gidney 2018: measurement-based uncomputation of a temporary AND, no magic states; legal because the paired compute writes a fresh ancilla and no control is written in between",Erasing the ancilla that holds the AND reproduces the second Toffoli exactly because both controls are unchanged since the compute
qmpa_mul8,g00482,and_uncompute,482,36 24 37,351,g00438,uncompute_and_meas,uncompute_and_meas:clifford,0,"Gidney 2018: measurement-based uncomputation of a temporary AND, no magic states; legal because the paired compute writes a fresh ancilla and no control is written in between",Erasing the ancilla that holds the AND reproduces the second Toffoli exactly because both controls are unchanged since the compute
qmpa_mul8,g00485,and_uncompute,485,35 23 36,354,g00435,uncompute_and_meas,uncompute_and_meas:clifford,0,"Gidney 2018: measurement-based uncomputation of a temporary AND, no magic states; legal because the paired compute writes a fresh ancilla and no control is written in between",Erasing the ancilla that holds the AND reproduces the second Toffoli exactly because both controls are unchanged since the compute
qmpa_mul8,g00488,and_uncompute,488,34 22 35,357,g00432,uncompute_and_meas,uncompute_and_meas:clifford,0,"Gidney 2018: measurement-based uncomputation of a temporary AND, no magic states; legal because the paired compute writes a fresh ancilla and no control is written in between",Erasing the ancilla that holds the AND reproduces the second Toffoli exactly because both controls are unchanged since the compute
qmpa_mul8,g00491,and_uncompute,491,33 21 34,360,g00429,uncompute_and_meas,uncompute_and_meas:clifford,0,"Gidney 2018: measurement-based uncomputation of a temporary AND, no magic states; legal because the paired compute writes a fresh ancilla and no control is written in between",Erasing the ancilla that holds the AND reproduces the second Toffoli exactly because both controls are unchanged since the compute
qmpa_mul8,g00494,and_uncompute,494,49 20 33,363,g00426,uncompute_and_meas,uncompute_and_meas:clifford,0,"Gidney 2018: measurement-based uncomputation of a temporary AND, no magic states; legal because the paired compute writes a fresh ancilla and no control is written in between",Erasing the ancilla that holds the AND reproduces the second Toffoli exactly because both controls are unchanged since the compute
qmpa_mul8,g00497,and_uncompute,497,4 8 33,365,g00416,uncompute_and_meas,uncompute_and_meas:clifford,0,"Gidney 2018: measurement-based uncomputation of a temporary AND, no magic states; legal because the paired compute writes a fresh ancilla and no control is written in between",Erasing the ancilla that holds the AND reproduces the second Toffoli exactly because both controls are unchanged since the compute
qmpa_mul8,g00498,and_uncompute,498,4 9 34,366,g00417,uncompute_and_meas,uncompute_and_meas:clifford,0,"Gidney 2018: measurement-based uncomputation of a temporary AND, no magic states; legal because the paired compute writes a fresh ancilla and no control is written in between",Erasing the ancilla that holds the AND reproduces the second Toffoli exactly because both controls are unchanged since the compute
qmpa_mul8,g00499,and_uncompute,499,4 10 35,367,g00418,uncompute_and_meas,uncompute_and_meas:clifford,0,"Gidney 2018: measurement-based uncomputation of a temporary AND, no magic states; legal because the paired compute writes a fresh ancilla and no control is written in between",Erasing the ancilla that holds the AND reproduces the second Toffoli exactly because both controls are unchanged since the compute
qmpa_mul8,g00500,and_uncompute,500,4 11 36,368,g00419,uncompute_and_meas,uncompute_and_meas:clifford,0,"Gidney 2018: measurement-based uncomputation of a temporary AND, no magic states; legal because the paired compute writes a fresh ancilla and no control is written in between",Erasing the ancilla that holds the AND reproduces the second Toffoli exactly because both controls are unchanged since the compute
qmpa_mul8,g00501,and_uncompute,501,4 12 37,369,g00420,uncompute_and_meas,uncompute_and_meas:clifford,0,"Gidney 2018: measurement-based uncomputation of a temporary AND, no magic states; legal because the paired compute writes a fresh ancilla and no control is written in between",Erasing the ancilla that holds the AND reproduces the second Toffoli exactly because both controls are unchanged since the compute
qmpa_mul8,g00502,and_uncompute,502,4 13 38,370,g00421,uncompute_and_meas,uncompute_and_meas:clifford,0,"Gidney 2018: measurement-based uncomputation of a temporary AND, no magic states; legal because the paired compute writes a fresh ancilla and no control is written in between",Erasing the ancilla that holds the AND reproduces the second Toffoli exactly because both controls are unchanged since the compute
qmpa_mul8,g00503,and_uncompute,503,4 14 39,371,g00422,uncompute_and_meas,uncompute_and_meas:clifford,0,"Gidney 2018: measurement-based uncomputation of a temporary AND, no magic states; legal because the paired compute writes a fresh ancilla and no control is written in between",Erasing the ancilla that holds the AND reproduces the second Toffoli exactly because both controls are unchanged since the compute
qmpa_mul8,g00504,and_uncompute,504,4 15 40,372,g00423,uncompute_and_meas,uncompute_and_meas:clifford,0,"Gidney 2018: measurement-based uncomputation of a temporary AND, no magic states; legal because the paired compute writes a fresh ancilla and no control is written in between",Erasing the ancilla that holds the AND reproduces the second Toffoli exactly because both controls are unchanged since the compute
qmpa_mul8,g00505,and,505,5 8 33,366,g00580,ccz t4,ccz:CCZ=1 t4:T=4,1 1,"Toffoli is a CCZ up to Cliffords; one CCZ state (Gidney & Fowler 2019) | Gidney 2018 temporary AND: 4 T to compute, 0 to uncompute","Toffoli = CCZ up to Clifford conjugation; 7-T forms are exact Clifford+T decompositions; 4-T form is exact given one clean ancilla and feed-forward; compute half of a temporary AND, uncompute is free"
qmpa_mul8,g00506,and,506,5 9 34,367,g00581,ccz t4,ccz:CCZ=1 t4:T=4,1 1,"Toffoli is a CCZ up to Cliffords; one CCZ state (Gidney & Fowler 2019) | Gidney 2018 temporary AND: 4 T to compute, 0 to uncompute","Toffoli = CCZ up to Clifford conjugation; 7-T forms are exact Clifford+T decompositions; 4-T form is exact given one clean ancilla and feed-forward; compute half of a temporary AND, uncompute is free"
qmpa_mul8,g00507,and,507,5 10 35,368,g00582,ccz t4,ccz:CCZ=1 t4:T=4,1 1,"Toffoli is a CCZ up to Cliffords; one CCZ state (Gidney & Fowler 2019) | Gidney 2018 temporary AND: 4 T to compute, 0 to uncompute","Toffoli = CCZ up to Clifford conjugation; 7-T forms are exact Clifford+T decompositions; 4-T form is exact given one clean ancilla and feed-forward; compute half of a temporary AND, uncompute is free"
qmpa_mul8,g00508,and,508,5 11 36,369,g00583,ccz t4,ccz:CCZ=1 t4:T=4,1 1,"Toffoli is a CCZ up to Cliffords; one CCZ state (Gidney & Fowler 2019) | Gidney 2018 temporary AND: 4 T to compute, 0 to uncompute","Toffoli = CCZ up to Clifford conjugation; 7-T forms are exact Clifford+T decompositions; 4-T form is exact given one clean ancilla and feed-forward; compute half of a temporary AND, uncompute is free"
qmpa_mul8,g00509,and,509,5 12 37,370,g00584,ccz t4,ccz:CCZ=1 t4:T=4,1 1,"Toffoli is a CCZ up to Cliffords; one CCZ state (Gidney & Fowler 2019) | Gidney 2018 temporary AND: 4 T to compute, 0 to uncompute","Toffoli = CCZ up to Clifford conjugation; 7-T forms are exact Clifford+T decompositions; 4-T form is exact given one clean ancilla and feed-forward; compute half of a temporary AND, uncompute is free"
qmpa_mul8,g00510,and,510,5 13 38,371,g00585,ccz t4,ccz:CCZ=1 t4:T=4,1 1,"Toffoli is a CCZ up to Cliffords; one CCZ state (Gidney & Fowler 2019) | Gidney 2018 temporary AND: 4 T to compute, 0 to uncompute","Toffoli = CCZ up to Clifford conjugation; 7-T forms are exact Clifford+T decompositions; 4-T form is exact given one clean ancilla and feed-forward; compute half of a temporary AND, uncompute is free"
qmpa_mul8,g00511,and,511,5 14 39,372,g00586,ccz t4,ccz:CCZ=1 t4:T=4,1 1,"Toffoli is a CCZ up to Cliffords; one CCZ state (Gidney & Fowler 2019) | Gidney 2018 temporary AND: 4 T to compute, 0 to uncompute","Toffoli = CCZ up to Clifford conjugation; 7-T forms are exact Clifford+T decompositions; 4-T form is exact given one clean ancilla and feed-forward; compute half of a temporary AND, uncompute is free"
qmpa_mul8,g00512,and,512,5 15 40,373,g00587,ccz t4,ccz:CCZ=1 t4:T=4,1 1,"Toffoli is a CCZ up to Cliffords; one CCZ state (Gidney & Fowler 2019) | Gidney 2018 temporary AND: 4 T to compute, 0 to uncompute","Toffoli = CCZ up to Clifford conjugation; 7-T forms are exact Clifford+T decompositions; 4-T form is exact given one clean ancilla and feed-forward; compute half of a temporary AND, uncompute is free"
qmpa_mul8,g00515,and,515,49 21 33,369,g00577,ccz t4,ccz:CCZ=1 t4:T=4,1 1,"Toffoli is a CCZ up to Cliffords; one CCZ state (Gidney & Fowler 2019) | Gidney 2018 temporary AND: 4 T to compute, 0 to uncompute","Toffoli = CCZ up to Clifford conjugation; 7-T forms are exact Clifford+T decompositions; 4-T form is exact given one clean ancilla and feed-forward; compute half of a temporary AND, uncompute is free"
qmpa_mul8,g00518,and,518,33 22 34,371,g00574,ccz t4,ccz:CCZ=1 t4:T=4,1 1,"Toffoli is a CCZ up to Cliffords; one CCZ state (Gidney & Fowler 2019) | Gidney 2018 temporary AND: 4 T to compute, 0 to uncompute","Toffoli = CCZ up to Clifford conjugation; 7-T forms are exact Clifford+T decompositions; 4-T form is exact given one clean ancilla and feed-forward; compute half of a temporary AND, uncompute is free"
qmpa_mul8,g00521,and,521,34 23 35,373,g00571,ccz t4,ccz:CCZ=1 t4:T=4,1 1,"Toffoli is a CCZ up to Cliffords; one CCZ state (Gidney & Fowler 2019) | Gidney 2018 temporary AND: 4 T to compute, 0 to uncompute","Toffoli = CCZ up to Clifford conjugation; 7-T forms are exact Clifford+T decompositions; 4-T form is exact given one clean ancilla and feed-forward; compute half of a temporary AND, uncompute is free"
qmpa_mul8,g00524,and,524,35 24 36,375,g00568,ccz t4,ccz:CCZ=1 t4:T=4,1 1,"Toffoli is a CCZ up to Cliffords; one CCZ state (Gidney & Fowler 2019) | Gidney 2018 temporary AND: 4 T to compute, 0 to uncompute","Toffoli = CCZ up to Clifford conjugation; 7-T forms are exact Clifford+T decompositions; 4-T form is exact given one clean ancilla and feed-forward; compute half of a temporary AND, uncompute is free"
qmpa_mul8,g00527,and,527,36 25 37,377,g00565,ccz t4,ccz:CCZ=1 t4:T=4,1 1,"Toffoli is a CCZ up to Cliffords; one CCZ state (Gidney & Fowler 2019) | Gidney 2018 temporary AND: 4 T to compute, 0 to uncompute","Toffoli = CCZ up to Clifford conjugation; 7-T forms are exact Clifford+T decompositions; 4-T form is exact given one clean ancilla and feed-forward; compute half of a temporary AND, uncompute is free"
qmpa_mul8,g00530,and,530,37 26 38,379,g00562,ccz t4,ccz:CCZ=1 t4:T=4,1 1,"Toffoli is a CCZ up to Cliffords; one CCZ state (Gidney & Fowler 2019) | Gidney 2018 temporary AND: 4 T to compute, 0 to uncompute","Toffoli = CCZ up to Clifford conjugation; 7-T forms are exact Clifford+T decompositions; 4-T form is exact given one clean ancilla and feed-forward; compute half of a temporary AND, uncompute is free"
qmpa_mul8,g00533,and,533,38 27 39,381,g00559,ccz t4,ccz:CCZ=1 t4:T=4,1 1,"Toffoli is a CCZ up to Cliffords; one CCZ state (Gidney & Fowler 2019) | Gidney 2018 temporary AND: 4 T to compute, 0 to uncompute","Toffoli = CCZ up to Clifford conjugation; 7-T forms are exact Clifford+T decompositions; 4-T form is exact given one clean ancilla and feed-forward; compute half of a temporary AND, uncompute is free"
qmpa_mul8,g00536,and,536,39 28 40,383,g00556,ccz t4,ccz:CCZ=1 t4:T=4,1 1,"Toffoli is a CCZ up to Cliffords; one CCZ state (Gidney & Fowler 2019) | Gidney 2018 temporary AND: 4 T to compute, 0 to uncompute","Toffoli = CCZ up to Clifford conjugation; 7-T forms are exact Clifford+T decompositions; 4-T form is exact given one clean ancilla and feed-forward; compute half of a temporary AND, uncompute is free"
qmpa_mul8,g00539,and,539,40 29 41,385,g00553,ccz t4,ccz:CCZ=1 t4:T=4,1 1,"Toffoli is a CCZ up to Cliffords; one CCZ state (Gidney & Fowler 2019) | Gidney 2018 temporary AND: 4 T to compute, 0 to uncompute","Toffoli = CCZ up to Clifford conjugation; 7-T forms are exact Clifford+T decompositions; 4-T form is exact given one clean ancilla and feed-forward; compute half of a temporary AND, uncompute is free"
qmpa_mul8,g00542,and,542,41 30 42,387,g00550,ccz t4,ccz:CCZ=1 t4:T=4,1 1,"Toffoli is a CCZ up to Cliffords; one CCZ state (Gidney & Fowler 2019) | Gidney 2018 temporary AND: 4 T to compute, 0 to uncompute","Toffoli = CCZ up to Clifford conjugation; 7-T forms are exact Clifford+T decompositions; 4-T form is exact given one clean ancilla and feed-forward; compute half of a temporary AND, uncompute is free"
qmpa_mul8,g00545,and,545,42 31 43,389,g00547,ccz t4,ccz:CCZ=1 t4:T=4,1 1,"Toffoli is a CCZ up to Cliffords; one CCZ state (Gidney & Fowler 2019) | Gidney 2018 temporary AND: 4 T to compute, 0 to uncompute","Toffoli = CCZ up to Clifford conjugation; 7-T forms are exact Clifford+T decompositions; 4-T form is exact given one clean ancilla and feed-forward; compute half of a temporary AND, uncompute is free"
qmpa_mul8,g00547,and_uncompute,547,42 31 43,391,g00545,uncompute_and_meas,uncompute_and_meas:clifford,0,"Gidney 2018: measurement-based uncomputation of a temporary AND, no magic states; legal because the paired compute writes a fresh ancilla and no control is written in between",Erasing the ancilla that holds the AND reproduces the second Toffoli exactly because both controls are unchanged since the compute
qmpa_mul8,g00550,and_uncompute,550,41 30 42,394,g00542,uncompute_and_meas,uncompute_and_meas:clifford,0,"Gidney 2018: measurement-based uncomputation of a temporary AND, no magic states; legal because the paired compute writes a fresh ancilla and no control is written in between",Erasing the ancilla that holds the AND reproduces the second Toffoli exactly because both controls are unchanged since the compute
qmpa_mul8,g00553,and_uncompute,553,40 29 41,397,g00539,uncompute_and_meas,uncompute_and_meas:clifford,0,"Gidney 2018: measurement-based uncomputation of a temporary AND, no magic states; legal because the paired compute writes a fresh ancilla and no control is written in between",Erasing the ancilla that holds the AND reproduces the second Toffoli exactly because both controls are unchanged since the compute
qmpa_mul8,g00556,and_uncompute,556,39 28 40,400,g00536,uncompute_and_meas,uncompute_and_meas:clifford,0,"Gidney 2018: measurement-based uncomputation of a temporary AND, no magic states; legal because the paired compute writes a fresh ancilla and no control is written in between",Erasing the ancilla that holds the AND reproduces the second Toffoli exactly because both controls are unchanged since the compute
qmpa_mul8,g00559,and_uncompute,559,38 27 39,403,g00533,uncompute_and_meas,uncompute_and_meas:clifford,0,"Gidney 2018: measurement-based uncomputation of a temporary AND, no magic states; legal because the paired compute writes a fresh ancilla and no control is written in between",Erasing the ancilla that holds the AND reproduces the second Toffoli exactly because both controls are unchanged since the compute
qmpa_mul8,g00562,and_uncompute,562,37 26 38,406,g00530,uncompute_and_meas,uncompute_and_meas:clifford,0,"Gidney 2018: measurement-based uncomputation of a temporary AND, no magic states; legal because the paired compute writes a fresh ancilla and no control is written in between",Erasing the ancilla that holds the AND reproduces the second Toffoli exactly because both controls are unchanged since the compute
qmpa_mul8,g00565,and_uncompute,565,36 25 37,409,g00527,uncompute_and_meas,uncompute_and_meas:clifford,0,"Gidney 2018: measurement-based uncomputation of a temporary AND, no magic states; legal because the paired compute writes a fresh ancilla and no control is written in between",Erasing the ancilla that holds the AND reproduces the second Toffoli exactly because both controls are unchanged since the compute
qmpa_mul8,g00568,and_uncompute,568,35 24 36,412,g00524,uncompute_and_meas,uncompute_and_meas:clifford,0,"Gidney 2018: measurement-based uncomputation of a temporary AND, no magic states; legal because the paired compute writes a fresh ancilla and no control is written in between",Erasing the ancilla that holds the AND reproduces the second Toffoli exactly because both controls are unchanged since the compute
qmpa_mul8,g00571,and_uncompute,571,34 23 35,415,g00521,uncompute_and_meas,uncompute_and_meas:clifford,0,"Gidney 2018: measurement-based uncomputation of a temporary AND, no magic states; legal because the paired compute writes a fresh ancilla and no control is written in between",Erasing the ancilla that holds the AND reproduces the second Toffoli exactly because both controls are unchanged since the compute
qmpa_mul8,g00574,and_uncompute,574,33 22 34,418,g00518,uncompute_and_meas,uncompute_and_meas:clifford,0,"Gidney 2018: measurement-based uncomputation of a temporary AND, no magic states; legal because the paired compute writes a fresh ancilla and no control is written in between",Erasing the ancilla that holds the AND reproduces the second Toffoli exactly because both controls are unchanged since the compute
qmpa_mul8,g00577,and_uncompute,577,49 21 33,421,g00515,uncompute_and_meas,uncompute_and_meas:clifford,0,"Gidney 2018: measurement-based uncomputation of a temporary AND, no magic states; legal because the paired compute writes a fresh ancilla and no control is written in between",Erasing the ancilla that holds the AND reproduces the second Toffoli exactly because both controls are unchanged since the compute
qmpa_mul8,g00580,and_uncompute,580,5 8 33,423,g00505,uncompute_and_meas,uncompute_and_meas:clifford,0,"Gidney 2018: measurement-based uncomputation of a temporary AND, no magic states; legal because the paired compute writes a fresh ancilla and no control is written in between",Erasing the ancilla that holds the AND reproduces the second Toffoli exactly because both controls are unchanged since the compute
qmpa_mul8,g00581,and_uncompute,581,5 9 34,424,g00506,uncompute_and_meas,uncompute_and_meas:clifford,0,"Gidney 2018: measurement-based uncomputation of a temporary AND, no magic states; legal because the paired compute writes a fresh ancilla and no control is written in between",Erasing the ancilla that holds the AND reproduces the second Toffoli exactly because both controls are unchanged since the compute
qmpa_mul8,g00582,and_uncompute,582,5 10 35,425,g00507,uncompute_and_meas,uncompute_and_meas:clifford,0,"Gidney 2018: measurement-based uncomputation of a temporary AND, no magic states; legal because the paired compute writes a fresh ancilla and no control is written in between",Erasing the ancilla that holds the AND reproduces the second Toffoli exactly because both controls are unchanged since the compute
qmpa_mul8,g00583,and_uncompute,583,5 11 36,426,g00508,uncompute_and_meas,uncompute_and_meas:clifford,0,"Gidney 2018: measurement-based uncomputation of a temporary AND, no magic states; legal because the paired compute writes a fresh ancilla and no control is written in between",Erasing the ancilla that holds the AND reproduces the second Toffoli exactly because both controls are unchanged since the compute
qmpa_mul8,g00584,and_uncompute,584,5 12 37,427,g00509,uncompute_and_meas,uncompute_and_meas:clifford,0,"Gidney 2018: measurement-based uncomputation of a temporary AND, no magic states; legal because the paired compute writes a fresh ancilla and no control is written in between",Erasing the ancilla that holds the AND reproduces the second Toffoli exactly because both controls are unchanged since the compute
qmpa_mul8,g00585,and_uncompute,585,5 13 38,428,g00510,uncompute_and_meas,uncompute_and_meas:clifford,0,"Gidney 2018: measurement-based uncomputation of a temporary AND, no magic states; legal because the paired compute writes a fresh ancilla and no control is written in between",Erasing the ancilla that holds the AND reproduces the second Toffoli exactly because both controls are unchanged since the compute
qmpa_mul8,g00586,and_uncompute,586,5 14 39,429,g00511,uncompute_and_meas,uncompute_and_meas:clifford,0,"Gidney 2018: measurement-based uncomputation of a temporary AND, no magic states; legal because the paired compute writes a fresh ancilla and no control is written in between",Erasing the ancilla that holds the AND reproduces the second Toffoli exactly because both controls are unchanged since the compute
qmpa_mul8,g00587,and_uncompute,587,5 15 40,430,g00512,uncompute_and_meas,uncompute_and_meas:clifford,0,"Gidney 2018: measurement-based uncomputation of a temporary AND, no magic states; legal because the paired compute writes a fresh ancilla and no control is written in between",Erasing the ancilla that holds the AND reproduces the second Toffoli exactly because both controls are unchanged since the compute
qmpa_mul8,g00588,and,588,6 8 33,424,g00657,ccz t4,ccz:CCZ=1 t4:T=4,1 1,"Toffoli is a CCZ up to Cliffords; one CCZ state (Gidney & Fowler 2019) | Gidney 2018 temporary AND: 4 T to compute, 0 to uncompute","Toffoli = CCZ up to Clifford conjugation; 7-T forms are exact Clifford+T decompositions; 4-T form is exact given one clean ancilla and feed-forward; compute half of a temporary AND, uncompute is free"
qmpa_mul8,g00589,and,589,6 9 34,425,g00658,ccz t4,ccz:CCZ=1 t4:T=4,1 1,"Toffoli is a CCZ up to Cliffords; one CCZ state (Gidney & Fowler 2019) | Gidney 2018 temporary AND: 4 T to compute, 0 to uncompute","Toffoli = CCZ up to Clifford conjugation; 7-T forms are exact Clifford+T decompositions; 4-T form is exact given one clean ancilla and feed-forward; compute half of a temporary AND, uncompute is free"
qmpa_mul8,g00590,and,590,6 10 35,426,g00659,ccz t4,ccz:CCZ=1 t4:T=4,1 1,"Toffoli is a CCZ up to Cliffords; one CCZ state (Gidney & Fowler 2019) | Gidney 2018 temporary AND: 4 T to compute, 0 to uncompute","Toffoli = CCZ up to Clifford conjugation; 7-T forms are exact Clifford+T decompositions; 4-T form is exact given one clean ancilla and feed-forward; compute half of a temporary AND, uncompute is free"
qmpa_mul8,g00591,and,591,6 11 36,427,g00660,ccz t4,ccz:CCZ=1 t4:T=4,1 1,"Toffoli is a CCZ up to Cliffords; one CCZ state (Gidney & Fowler 2019) | Gidney 2018 temporary AND: 4 T to compute, 0 to uncompute","Toffoli = CCZ up to Clifford conjugation; 7-T forms are exact Clifford+T decompositions; 4-T form is exact given one clean ancilla and feed-forward; compute half of a temporary AND, uncompute is free"
qmpa_mul8,g00592,and,592,6 12 37,428,g00661,ccz t4,ccz:CCZ=1 t4:T=4,1 1,"Toffoli is a CCZ up to Cliffords; one CCZ state (Gidney & Fowler 2019) | Gidney 2018 temporary AND: 4 T to compute, 0 to uncompute","Toffoli = CCZ up to Clifford conjugation; 7-T forms are exact Clifford+T decompositions; 4-T form is exact given one clean ancilla and feed-forward; compute half of a temporary AND, uncompute is free"
qmpa_mul8,g00593,and,593,6 13 38,429,g00662,ccz t4,ccz:CCZ=1 t4:T=4,1 1,"Toffoli is a CCZ up to Cliffords; one CCZ state (Gidney & Fowler 2019) | Gidney 2018 temporary AND: 4 T to compute, 0 to uncompute","Toffoli = CCZ up to Clifford conjugation; 7-T forms are exact Clifford+T decompositions; 4-T form is exact given one clean ancilla and feed-forward; compute half of a temporary AND, uncompute is free"
qmpa_mul8,g00594,and,594,6 14 39,430,g00663,ccz t4,ccz:CCZ=1 t4:T=4,1 1,"Toffoli is a CCZ up to Cliffords; one CCZ state (Gidney & Fowler 2019) | Gidney 2018 temporary AND: 4 T to compute, 0 to uncompute","Toffoli = CCZ up to Clifford conjugation; 7-T forms are exact Clifford+T decompositions; 4-T form is exact given one clean ancilla and feed-forward; compute half of a temporary AND, uncompute is free"
qmpa_mul8,g00595,and,595,6 15 40,431,g00664,ccz t4,ccz:CCZ=1 t4:T=4,1 1,"Toffoli is a CCZ up to Cliffords; one CCZ state (Gidney & Fowler 2019) | Gidney 2018 temporary AND: 4 T to compute, 0 to uncompute","Toffoli = CCZ up to Clifford conjugation; 7-T forms are exact Clifford+T decompositions; 4-T form is exact given one clean ancilla and feed-forward; compute half of a temporary AND, uncompute is free"
qmpa_mul8,g00598,and,598,49 22 33,427,g00654,ccz t4,ccz:CCZ=1 t4:T=4,1 1,"Toffoli is a CCZ up to Cliffords; one CCZ state (Gidney & Fowler 2019) | Gidney 2018 temporary AND: 4 T to compute, 0 to uncompute","Toffoli = CCZ up to Clifford conjugation; 7-T forms are exact Clifford+T decompositions; 4-T form is exact given one clean ancilla and feed-forward; compute half of a temporary AND, uncompute is free"
qmpa_mul8,g00601,and,601,33 23 34,429,g00651,ccz t4,ccz:CCZ=1 t4:T=4,1 1,"Toffoli is a CCZ up to Cliffords; one CCZ state (Gidney & Fowler 2019) | Gidney 2018 temporary AND: 4 T to compute, 0 to uncompute","Toffoli = CCZ up to Clifford conjugation; 7-T forms are exact Clifford+T decompositions; 4-T form is exact given one clean ancilla and feed-forward; compute half of a temporary AND, uncompute is free"
qmpa_mul8,g00604,and,604,34 24 35,431,g00648,ccz t4,ccz:CCZ=1 t4:T=4,1 1,"Toffoli is a CCZ up to Cliffords; one CCZ state (Gidney & Fowler 2019) | Gidney 2018 temporary AND: 4 T to compute, 0 to uncompute","Toffoli = CCZ up to Clifford conjugation; 7-T forms are exact Clifford+T decompositions; 4-T form is exact given one clean ancilla and feed-forward; compute half of a temporary AND, uncompute is free"
qmpa_mul8,g00607,and,607,35 25 36,433,g00645,ccz t4,ccz:CCZ=1 t4:T=4,1 1,"Toffoli is a CCZ up to Cliffords; one CCZ state (Gidney & Fowler 2019) | Gidney 2018 temporary AND: 4 T to compute, 0 to uncompute","Toffoli = CCZ up to Clifford conjugation; 7-T forms are exact Clifford+T decompositions; 4-T form is exact given one clean ancilla and feed-forward; compute half of a temporary AND, uncompute is free"
qmpa_mul8,g00610,and,610,36 26 37,435,g00642,ccz t4,ccz:CCZ=1 t4:T=4,1 1,"Toffoli is a CCZ up to Cliffords; one CCZ state (Gidney & Fowler 2019) | Gidney 2018 temporary AND: 4 T to compute, 0 to uncompute","Toffoli = CCZ up to Clifford conjugation; 7-T forms are exact Clifford+T decompositions; 4-T form is exact given one clean ancilla and feed-forward; compute half of a temporary AND, uncompute is free"
qmpa_mul8,g00613,and,613,37 27 38,437,g00639,ccz t4,ccz:CCZ=1 t4:T=4,1 1,"Toffoli is a CCZ up to Cliffords; one CCZ state (Gidney & Fowler 2019) | Gidney 2018 temporary AND: 4 T to compute, 0 to uncompute","Toffoli = CCZ up to Clifford conjugation; 7-T forms are exact Clifford+T decompositions; 4-T form is exact given one clean ancilla and feed-forward; compute half of a temporary AND, uncompute is free"
qmpa_mul8,g00616,and,616,38 28 39,439,g00636,ccz t4,ccz:CCZ=1 t4:T=4,1 1,"Toffoli is a CCZ up to Cliffords; one CCZ state (Gidney & Fowler 2019) | Gidney 2018 temporary AND: 4 T to compute, 0 to uncompute","Toffoli = CCZ up to Clifford conjugation; 7-T forms are exact Clifford+T decompositions; 4-T form is exact given one clean ancilla and feed-forward; compute half of a temporary AND, uncompute is free"
qmpa_mul8,g00619,and,619,39 29 40,441,g00633,ccz t4,ccz:CCZ=1 t4:T=4,1 1,"Toffoli is a CCZ up to Cliffords; one CCZ state (Gidney & Fowler 2019) | Gidney 2018 temporary AND: 4 T to compute, 0 to uncompute","Toffoli = CCZ up to Clifford conjugation; 7-T forms are exact Clifford+T decompositions; 4-T form is exact given one clean ancilla and feed-forward; compute half of a temporary AND, uncompute is free"
qmpa_mul8,g00622,and,622,40 30 41,443,g00630,ccz t4,ccz:CCZ=1 t4:T=4,1 1,"Toffoli is a CCZ up to Cliffords; one CCZ state (Gidney & Fowler 2019) | Gidney 2018 temporary AND: 4 T to compute, 0 to uncompute","Toffoli = CCZ up to Clifford conjugation; 7-T forms are exact Clifford+T decompositions; 4-T form is exact given one clean ancilla and feed-forward; compute half of a temporary AND, uncompute is free"
qmpa_mul8,g00625,and,625,41 31 42,445,g00627,ccz t4,ccz:CCZ=1 t4:T=4,1 1,"Toffoli is a CCZ up to Cliffords; one CCZ state (Gidney & Fowler 2019) | Gidney 2018 temporary AND: 4 T to compute, 0 to uncompute","Toffoli = CCZ up to Clifford conjugation; 7-T forms are exact Clifford+T decompositions; 4-T form is exact given one clean ancilla and feed-forward; compute half of a temporary AND, uncompute is free"
qmpa_mul8,g00627,and_uncompute,627,41 31 42,447,g00625,uncompute_and_meas,uncompute_and_meas:clifford,0,"Gidney 2018: measurement-based uncomputation of a temporary AND, no magic states; legal because the paired compute writes a fresh ancilla and no control is written in between",Erasing the ancilla that holds the AND reproduces the second Toffoli exactly because both controls are unchanged since the compute
qmpa_mul8,g00630,and_uncompute,630,40 30 41,450,g00622,uncompute_and_meas,uncompute_and_meas:clifford,0,"Gidney 2018: measurement-based uncomputation of a temporary AND, no magic states; legal because the paired compute writes a fresh ancilla and no control is written in between",Erasing the ancilla that holds the AND reproduces the second Toffoli exactly because both controls are unchanged since the compute
qmpa_mul8,g00633,and_uncompute,633,39 29 40,453,g00619,uncompute_and_meas,uncompute_and_meas:clifford,0,"Gidney 2018: measurement-based uncomputation of a temporary AND, no magic states; legal because the paired compute writes a fresh ancilla and no control is written in between",Erasing the ancilla that holds the AND reproduces the second Toffoli exactly because both controls are unchanged since the compute
qmpa_mul8,g00636,and_uncompute,636,38 28 39,456,g00616,uncompute_and_meas,uncompute_and_meas:clifford,0,"Gidney 2018: measurement-based uncomputation of a temporary AND, no magic states; legal because the paired compute writes a fresh ancilla and no control is written in between",Erasing the ancilla that holds the AND reproduces the second Toffoli exactly because both controls are unchanged since the compute
qmpa_mul8,g00639,and_uncompute,639,37 27 38,459,g00613,uncompute_and_meas,uncompute_and_meas:clifford,0,"Gidney 2018: measurement-based uncomputation of a temporary AND, no magic states; legal because the paired compute writes a fresh ancilla and no control is written in between",Erasing the ancilla that holds the AND reproduces the second Toffoli exactly because both controls are unchanged since the compute
qmpa_mul8,g00642,and_uncompute,642,36 26 37,462,g00610,uncompute_and_meas,uncompute_and_meas:clifford,0,"Gidney 2018: measurement-based uncomputation of a temporary AND, no magic states; legal because the paired compute writes a fresh ancilla and no control is written in between",Erasing the ancilla that holds the AND reproduces the second Toffoli exactly because both controls are unchanged since the compute
qmpa_mul8,g00645,and_uncompute,645,35 25 36,465,g00607,uncompute_and_meas,uncompute_and_meas:clifford,0,"Gidney 2018: measurement-based uncomputation of a temporary AND, no magic states; legal because the paired compute writes a fresh ancilla and no control is written in between",Erasing the ancilla that holds the AND reproduces the second Toffoli exactly because both controls are unchanged since the compute
qmpa_mul8,g00648,and_uncompute,648,34 24 35,468,g00604,uncompute_and_meas,uncompute_and_meas:clifford,0,"Gidney 2018: measurement-based uncomputation of a temporary AND, no magic states; legal because the paired compute writes a fresh ancilla and no control is written in between",Erasing the ancilla that holds the AND reproduces the second Toffoli exactly because both controls are unchanged since the compute
qmpa_mul8,g00651,and_uncompute,651,33 23 34,471,g00601,uncompute_and_meas,uncompute_and_meas:clifford,0,"Gidney 2018: measurement-based uncomputation of a temporary AND, no magic states; legal because the paired compute writes a fresh ancilla and no control is written in between",Erasing the ancilla that holds the AND reproduces the second Toffoli exactly because both controls are unchanged since the compute
qmpa_mul8,g00654,and_uncompute,654,49 22 33,474,g00598,uncompute_and_meas,uncompute_and_meas:clifford,0,"Gidney 2018: measurement-based uncomputation of a temporary AND, no magic states; legal because the paired compute writes a fresh ancilla and no control is written in between",Erasing the ancilla that holds the AND reproduces the second Toffoli exactly because both controls are unchanged since the compute
qmpa_mul8,g00657,and_uncompute,657,6 8 33,476,g00588,uncompute_and_meas,uncompute_and_meas:clifford,0,"Gidney 2018: measurement-based uncomputation of a temporary AND, no magic states; legal because the paired compute writes a fresh ancilla and no control is written in between",Erasing the ancilla that holds the AND reproduces the second Toffoli exactly because both controls are unchanged since the compute
qmpa_mul8,g00658,and_uncompute,658,6 9 34,477,g00589,uncompute_and_meas,uncompute_and_meas:clifford,0,"Gidney 2018: measurement-based uncomputation of a temporary AND, no magic states; legal because the paired compute writes a fresh ancilla and no control is written in between",Erasing the ancilla that holds the AND reproduces the second Toffoli exactly because both controls are unchanged since the compute
qmpa_mul8,g00659,and_uncompute,659,6 10 35,478,g00590,uncompute_and_meas,uncompute_and_meas:clifford,0,"Gidney 2018: measurement-based uncomputation of a temporary AND, no magic states; legal because the paired compute writes a fresh ancilla and no control is written in between",Erasing the ancilla that holds the AND reproduces the second Toffoli exactly because both controls are unchanged since the compute
qmpa_mul8,g00660,and_uncompute,660,6 11 36,479,g00591,uncompute_and_meas,uncompute_and_meas:clifford,0,"Gidney 2018: measurement-based uncomputation of a temporary AND, no magic states; legal because the paired compute writes a fresh ancilla and no control is written in between",Erasing the ancilla that holds the AND reproduces the second Toffoli exactly because both controls are unchanged since the compute
qmpa_mul8,g00661,and_uncompute,661,6 12 37,480,g00592,uncompute_and_meas,uncompute_and_meas:clifford,0,"Gidney 2018: measurement-based uncomputation of a temporary AND, no magic states; legal because the paired compute writes a fresh ancilla and no control is written in between",Erasing the ancilla that holds the AND reproduces the second Toffoli exactly because both controls are unchanged since the compute
qmpa_mul8,g00662,and_uncompute,662,6 13 38,481,g00593,uncompute_and_meas,uncompute_and_meas:clifford,0,"Gidney 2018: measurement-based uncomputation of a temporary AND, no magic states; legal because the paired compute writes a fresh ancilla and no control is written in between",Erasing the ancilla that holds the AND reproduces the second Toffoli exactly because both controls are unchanged since the compute
qmpa_mul8,g00663,and_uncompute,663,6 14 39,482,g00594,uncompute_and_meas,uncompute_and_meas:clifford,0,"Gidney 2018: measurement-based uncomputation of a temporary AND, no magic states; legal because the paired compute writes a fresh ancilla and no control is written in between",Erasing the ancilla that holds the AND reproduces the second Toffoli exactly because both controls are unchanged since the compute
qmpa_mul8,g00664,and_uncompute,664,6 15 40,483,g00595,uncompute_and_meas,uncompute_and_meas:clifford,0,"Gidney 2018: measurement-based uncomputation of a temporary AND, no magic states; legal because the paired compute writes a fresh ancilla and no control is written in between",Erasing the ancilla that holds the AND reproduces the second Toffoli exactly because both controls are unchanged since the compute
qmpa_mul8,g00665,and,665,7 8 33,477,g00728,ccz t4,ccz:CCZ=1 t4:T=4,1 1,"Toffoli is a CCZ up to Cliffords; one CCZ state (Gidney & Fowler 2019) | Gidney 2018 temporary AND: 4 T to compute, 0 to uncompute","Toffoli = CCZ up to Clifford conjugation; 7-T forms are exact Clifford+T decompositions; 4-T form is exact given one clean ancilla and feed-forward; compute half of a temporary AND, uncompute is free"
qmpa_mul8,g00666,and,666,7 9 34,478,g00729,ccz t4,ccz:CCZ=1 t4:T=4,1 1,"Toffoli is a CCZ up to Cliffords; one CCZ state (Gidney & Fowler 2019) | Gidney 2018 temporary AND: 4 T to compute, 0 to uncompute","Toffoli = CCZ up to Clifford conjugation; 7-T forms are exact Clifford+T decompositions; 4-T form is exact given one clean ancilla and feed-forward; compute half of a temporary AND, uncompute is free"
qmpa_mul8,g00667,and,667,7 10 35,479,g00730,ccz t4,ccz:CCZ=1 t4:T=4,1 1,"Toffoli is a CCZ up to Cliffords; one CCZ state (Gidney & Fowler 2019) | Gidney 2018 temporary AND: 4 T to compute, 0 to uncompute","Toffoli = CCZ up to Clifford conjugation; 7-T forms are exact Clifford+T decompositions; 4-T form is exact given one clean ancilla and feed-forward; compute half of a temporary AND, uncompute is free"
qmpa_mul8,g00668,and,668,7 11 36,480,g00731,ccz t4,ccz:CCZ=1 t4:T=4,1 1,"Toffoli is a CCZ up to Cliffords; one CCZ state (Gidney & Fowler 2019) | Gidney 2018 temporary AND: 4 T to compute, 0 to uncompute","Toffoli = CCZ up to Clifford conjugation; 7-T forms are exact Clifford+T decompositions; 4-T form is exact given one clean ancilla and feed-forward; compute half of a temporary AND, uncompute is free"
qmpa_mul8,g00669,and,669,7 12 37,481,g00732,ccz t4,ccz:CCZ=1 t4:T=4,1 1,"Toffoli is a CCZ up to Cliffords; one CCZ state (Gidney & Fowler 2019) | Gidney 2018 temporary AND: 4 T to compute, 0 to uncompute","Toffoli = CCZ up to Clifford conjugation; 7-T forms are exact Clifford+T decompositions; 4-T form is exact given one clean ancilla and feed-forward; compute half of a temporary AND, uncompute is free"
qmpa_mul8,g00670,and,670,7 13 38,482,g00733,ccz t4,ccz:CCZ=1 t4:T=4,1 1,"Toffoli is a CCZ up to Cliffords; one CCZ state (Gidney & Fowler 2019) | Gidney 2018 temporary AND: 4 T to compute, 0 to uncompute","Toffoli = CCZ up to Clifford conjugation; 7-T forms are exact Clifford+T decompositions; 4-T form is exact given one clean ancilla and feed-forward; compute half of a temporary AND, uncompute is free"
qmpa_mul8,g00671,and,671,7 14 39,483,g00734,ccz t4,ccz:CCZ=1 t4:T=4,1 1,"Toffoli is a CCZ up to Cliffords; one CCZ state (Gidney & Fowler 2019) | Gidney 2018 temporary AND: 4 T to compute, 0 to uncompute","Toffoli = CCZ up to Clifford conjugation; 7-T forms are exact Clifford+T decompositions; 4-T form is exact given one clean ancilla and feed-forward; compute half of a temporary AND, uncompute is free"
qmpa_mul8,g00672,and,672,7 15 40,484,g00735,ccz t4,ccz:CCZ=1 t4:T=4,1 1,"Toffoli is a CCZ up to Cliffords; one CCZ state (Gidney & Fowler 2019) | Gidney 2018 temporary AND: 4 T to compute, 0 to uncompute","Toffoli = CCZ up to Clifford conjugation; 7-T forms are exact Clifford+T decompositions; 4-T form is exact given one clean ancilla and feed-forward; compute half of a temporary AND, uncompute is free"
qmpa_mul8,g00675,and,675,49 23 33,480,g00725,ccz t4,ccz:CCZ=1 t4:T=4,1 1,"Toffoli is a CCZ up to Cliffords; one CCZ state (Gidney & Fowler 2019) | Gidney 2018 temporary AND: 4 T to compute, 0 to uncompute","Toffoli = CCZ up to Clifford conjugation; 7-T forms are exact Clifford+T decompositions; 4-T form is exact given one clean ancilla and feed-forward; compute half of a temporary AND, uncompute is free"
qmpa_mul8,g00678,and,678,33 24 34,482,g00722,ccz t4,ccz:CCZ=1 t4:T=4,1 1,"Toffoli is a CCZ up to Cliffords; one CCZ state (Gidney & Fowler 2019) | Gidney 2018 temporary AND: 4 T to compute, 0 to uncompute","Toffoli = CCZ up to Clifford conjugation; 7-T forms are exact Clifford+T decompositions; 4-T form is exact given one clean ancilla and feed-forward; compute half of a temporary AND, uncompute is free"
qmpa_mul8,g00681,and,681,34 25 35,484,g00719,ccz t4,ccz:CCZ=1 t4:T=4,1 1,"Toffoli is a CCZ up to Cliffords; one CCZ state (Gidney & Fowler 2019) | Gidney 2018 temporary AND: 4 T to compute, 0 to uncompute","Toffoli = CCZ up to Clifford conjugation; 7-T forms are exact Clifford+T decompositions; 4-T form is exact given one clean ancilla and feed-forward; compute half of a temporary AND, uncompute is free"
qmpa_mul8,g00684,and,684,35 26 36,486,g00716,ccz t4,ccz:CCZ=1 t4:T=4,1 1,"Toffoli is a CCZ up to Cliffords; one CCZ state (Gidney & Fowler 2019) | Gidney 2018 temporary AND: 4 T to compute, 0 to uncompute","Toffoli = CCZ up to Clifford conjugation; 7-T forms are exact Clifford+T decompositions; 4-T form is exact given one clean ancilla and feed-forward; compute half of a temporary AND, uncompute is free"
qmpa_mul8,g00687,and,687,36 27 37,488,g00713,ccz t4,ccz:CCZ=1 t4:T=4,1 1,"Toffoli is a CCZ up to Cliffords; one CCZ state (Gidney & Fowler 2019) | Gidney 2018 temporary AND: 4 T to compute, 0 to uncompute","Toffoli = CCZ up to Clifford conjugation; 7-T forms are exact Clifford+T decompositions; 4-T form is exact given one clean ancilla and feed-forward; compute half of a temporary AND, uncompute is free"
qmpa_mul8,g00690,and,690,37 28 38,490,g00710,ccz t4,ccz:CCZ=1 t4:T=4,1 1,"Toffoli is a CCZ up to Cliffords; one CCZ state (Gidney & Fowler 2019) | Gidney 2018 temporary AND: 4 T to compute, 0 to uncompute","Toffoli = CCZ up to Clifford conjugation; 7-T forms are exact Clifford+T decompositions; 4-T form is exact given one clean ancilla and feed-forward; compute half of a temporary AND, uncompute is free"
qmpa_mul8,g00693,and,693,38 29 39,492,g00707,ccz t4,ccz:CCZ=1 t4:T=4,1 1,"Toffoli is a CCZ up to Cliffords; one CCZ state (Gidney & Fowler 2019) | Gidney 2018 temporary AND: 4 T to compute, 0 to uncompute","Toffoli = CCZ up to Clifford conjugation; 7-T forms are exact Clifford+T decompositions; 4-T form is exact given one clean ancilla and feed-forward; compute half of a temporary AND, uncompute is free"
qmpa_mul8,g00696,and,696,39 30 40,494,g00704,ccz t4,ccz:CCZ=1 t4:T=4,1 1,"Toffoli is a CCZ up to Cliffords; one CCZ state (Gidney & Fowler 2019) | Gidney 2018 temporary AND: 4 T to compute, 0 to uncompute","Toffoli = CCZ up to Clifford conjugation; 7-T forms are exact Clifford+T decompositions; 4-T form is exact given one clean ancilla and feed-forward; compute half of a temporary AND, uncompute is free"
qmpa_mul8,g00699,and,699,40 31 41,496,g00701,ccz t4,ccz:CCZ=1 t4:T=4,1 1,"Toffoli is a CCZ up to Cliffords; one CCZ state (Gidney & Fowler 2019) | Gidney 2018 temporary AND: 4 T to compute, 0 to uncompute","Toffoli = CCZ up to Clifford conjugation; 7-T forms are exact Clifford+T decompositions; 4-T form is exact given one clean ancilla and feed-forward; compute half of a temporary AND, uncompute is free"
qmpa_mul8,g00701,and_uncompute,701,40 31 41,498,g00699,uncompute_and_meas,uncompute_and_meas:clifford,0,"Gidney 2018: measurement-based uncomputation of a temporary AND, no magic states; legal because the paired compute writes a fresh ancilla and no control is written in between",Erasing the ancilla that holds the AND reproduces the second Toffoli exactly because both controls are unchanged since the compute
qmpa_mul8,g00704,and_uncompute,704,39 30 40,501,g00696,uncompute_and_meas,uncompute_and_meas:clifford,0,"Gidney 2018: measurement-based uncomputation of a temporary AND, no magic states; legal because the paired compute writes a fresh ancilla and no control is written in between",Erasing the ancilla that holds the AND reproduces the second Toffoli exactly because both controls are unchanged since the compute
qmpa_mul8,g00707,and_uncompute,707,38 29 39,504,g00693,uncompute_and_meas,uncompute_and_meas:clifford,0,"Gidney 2018: measurement-based uncomputation of a temporary AND, no magic states; legal because the paired compute writes a fresh ancilla and no control is written in between",Erasing the ancilla that holds the AND reproduces the second Toffoli exactly because both controls are unchanged since the compute
qmpa_mul8,g00710,and_uncompute,710,37 28 38,507,g00690,uncompute_and_meas,uncompute_and_meas:clifford,0,"Gidney 2018: measurement-based uncomputation of a temporary AND, no magic states; legal because the paired compute writes a fresh ancilla and no control is written in between",Erasing the ancilla that holds the AND reproduces the second Toffoli exactly because both controls are unchanged since the compute
qmpa_mul8,g00713,and_uncompute,713,36 27 37,510,g00687,uncompute_and_meas,uncompute_and_meas:clifford,0,"Gidney 2018: measurement-based uncomputation of a temporary AND, no magic states; legal because the paired compute writes a fresh ancilla and no control is written in between",Erasing the ancilla that holds the AND reproduces the second Toffoli exactly because both controls are unchanged since the compute
qmpa_mul8,g00716,and_uncompute,716,35 26 36,513,g00684,uncompute_and_meas,uncompute_and_meas:clifford,0,"Gidney 2018: measurement-based uncomputation of a temporary AND, no magic states; legal because the paired compute writes a fresh ancilla and no control is written in between",Erasing the ancilla that holds the AND reproduces the second Toffoli exactly because both controls are unchanged since the compute
qmpa_mul8,g00719,and_uncompute,719,34 25 35,516,g00681,uncompute_and_meas,uncompute_and_meas:clifford,0,"Gidney 2018: measurement-based uncomputation of a temporary AND, no magic states; legal because the paired compute writes a fresh ancilla and no control is written in between",Erasing the ancilla that holds the AND reproduces the second Toffoli exactly because both controls are unchanged since the compute
qmpa_mul8,g00722,and_uncompute,722,33 24 34,519,g00678,uncompute_and_meas,uncompute_and_meas:clifford,0,"Gidney 2018: measurement-based uncomputation of a temporary AND, no magic states; legal because the paired compute writes a fresh ancilla and no control is written in between",Erasing the ancilla that holds the AND reproduces the second Toffoli exactly because both controls are unchanged since the compute
qmpa_mul8,g00725,and_uncompute,725,49 23 33,522,g00675,uncompute_and_meas,uncompute_and_meas:clifford,0,"Gidney 2018: measurement-based uncomputation of a temporary AND, no magic states; legal because the paired compute writes a fresh ancilla and no control is written in between",Erasing the ancilla that holds the AND reproduces the second Toffoli exactly because both controls are unchanged since the compute
qmpa_mul8,g00728,and_uncompute,728,7 8 33,524,g00665,uncompute_and_meas,uncompute_and_meas:clifford,0,"Gidney 2018: measurement-based uncomputation of a temporary AND, no magic states; legal because the paired compute writes a fresh ancilla and no control is written in between",Erasing the ancilla that holds the AND reproduces the second Toffoli exactly because both controls are unchanged since the compute
qmpa_mul8,g00729,and_uncompute,729,7 9 34,525,g00666,uncompute_and_meas,uncompute_and_meas:clifford,0,"Gidney 2018: measurement-based uncomputation of a temporary AND, no magic states; legal because the paired compute writes a fresh ancilla and no control is written in between",Erasing the ancilla that holds the AND reproduces the second Toffoli exactly because both controls are unchanged since the compute
qmpa_mul8,g00730,and_uncompute,730,7 10 35,526,g00667,uncompute_and_meas,uncompute_and_meas:clifford,0,"Gidney 2018: measurement-based uncomputation of a temporary AND, no magic states; legal because the paired compute writes a fresh ancilla and no control is written in between",Erasing the ancilla that holds the AND reproduces the second Toffoli exactly because both controls are unchanged since the compute
qmpa_mul8,g00731,and_uncompute,731,7 11 36,527,g00668,uncompute_and_meas,uncompute_and_meas:clifford,0,"Gidney 2018: measurement-based uncomputation of a temporary AND, no magic states; legal because the paired compute writes a fresh ancilla and no control is written in between",Erasing the ancilla that holds the AND reproduces the second Toffoli exactly because both controls are unchanged since the compute
qmpa_mul8,g00732,and_uncompute,732,7 12 37,528,g00669,uncompute_and_meas,uncompute_and_meas:clifford,0,"Gidney 2018: measurement-based uncomputation of a temporary AND, no magic states; legal because the paired compute writes a fresh ancilla and no control is written in between",Erasing the ancilla that holds the AND reproduces the second Toffoli exactly because both controls are unchanged since the compute
qmpa_mul8,g00733,and_uncompute,733,7 13 38,529,g00670,uncompute_and_meas,uncompute_and_meas:clifford,0,"Gidney 2018: measurement-based uncomputation of a temporary AND, no magic states; legal because the paired compute writes a fresh ancilla and no control is written in between",Erasing the ancilla that holds the AND reproduces the second Toffoli exactly because both controls are unchanged since the compute
qmpa_mul8,g00734,and_uncompute,734,7 14 39,530,g00671,uncompute_and_meas,uncompute_and_meas:clifford,0,"Gidney 2018: measurement-based uncomputation of a temporary AND, no magic states; legal because the paired compute writes a fresh ancilla and no control is written in between",Erasing the ancilla that holds the AND reproduces the second Toffoli exactly because both controls are unchanged since the compute
qmpa_mul8,g00735,and_uncompute,735,7 15 40,531,g00672,uncompute_and_meas,uncompute_and_meas:clifford,0,"Gidney 2018: measurement-based uncomputation of a temporary AND, no magic states; legal because the paired compute writes a fresh ancilla and no control is written in between",Erasing the ancilla that holds the AND reproduces the second Toffoli exactly because both controls are unchanged since the compute
qmpa_div4,g00007,and,7,19 8 4,4,g00027,ccz t4,ccz:CCZ=1 t4:T=4,1 1,"Toffoli is a CCZ up to Cliffords; one CCZ state (Gidney & Fowler 2019) | Gidney 2018 temporary AND: 4 T to compute, 0 to uncompute","Toffoli = CCZ up to Clifford conjugation; 7-T forms are exact Clifford+T decompositions; 4-T form is exact given one clean ancilla and feed-forward; compute half of a temporary AND, uncompute is free"
qmpa_div4,g00010,and,10,4 9 5,7,g00024,ccz t4,ccz:CCZ=1 t4:T=4,1 1,"Toffoli is a CCZ up to Cliffords; one CCZ state (Gidney & Fowler 2019) | Gidney 2018 temporary AND: 4 T to compute, 0 to uncompute","Toffoli = CCZ up to Clifford conjugation; 7-T forms are exact Clifford+T decompositions; 4-T form is exact given one clean ancilla and feed-forward; compute half of a temporary AND, uncompute is free"
qmpa_div4,g00013,and,13,5 10 6,10,g00021,ccz t4,ccz:CCZ=1 t4:T=4,1 1,"Toffoli is a CCZ up to Cliffords; one CCZ state (Gidney & Fowler 2019) | Gidney 2018 temporary AND: 4 T to compute, 0 to uncompute","Toffoli = CCZ up to Clifford conjugation; 7-T forms are exact Clifford+T decompositions; 4-T form is exact given one clean ancilla and feed-forward; compute half of a temporary AND, uncompute is free"
qmpa_div4,g00016,and,16,6 11 7,13,g00018,ccz t4,ccz:CCZ=1 t4:T=4,1 1,"Toffoli is a CCZ up to Cliffords; one CCZ state (Gidney & Fowler 2019) | Gidney 2018 temporary AND: 4 T to compute, 0 to uncompute","Toffoli = CCZ up to Clifford conjugation; 7-T forms are exact Clifford+T decompositions; 4-T form is exact given one clean ancilla and feed-forward; compute half of a temporary AND, uncompute is free"
qmpa_div4,g00018,and_uncompute,18,6 11 7,15,g00016,uncompute_and_meas,uncompute_and_meas:clifford,0,"Gidney 2018: measurement-based uncomputation of a temporary AND, no magic states; legal because the paired compute writes a fresh ancilla and no control is written in between",Erasing the ancilla that holds the AND reproduces the second Toffoli exactly because both controls are unchanged since the compute
qmpa_div4,g00021,and_uncompute,21,5 10 6,17,g00013,uncompute_and_meas,uncompute_and_meas:clifford,0,"Gidney 2018: measurement-based uncomputation of a temporary AND, no magic states; legal because the paired compute writes a fresh ancilla and no control is written in between",Erasing the ancilla that holds the AND reproduces the second Toffoli exactly because both controls are unchanged since the compute
qmpa_div4,g00024,and_uncompute,24,4 9 5,19,g00010,uncompute_and_meas,uncompute_and_meas:clifford,0,"Gidney 2018: measurement-based uncomputation of a temporary AND, no magic states; legal because the paired compute writes a fresh ancilla and no control is written in between",Erasing the ancilla that holds the AND reproduces the second Toffoli exactly because both controls are unchanged since the compute
qmpa_div4,g00027,and_uncompute,27,19 8 4,21,g00007,uncompute_and_meas,uncompute_and_meas:clifford,0,"Gidney 2018: measurement-based uncomputation of a temporary AND, no magic states; legal because the paired compute writes a fresh ancilla and no control is written in between",Erasing the ancilla that holds the AND reproduces the second Toffoli exactly because both controls are unchanged since the compute
qmpa_div4,g00031,and,31,13 4 14,24,g00060,ccz t4,ccz:CCZ=1 t4:T=4,1 1,"Toffoli is a CCZ up to Cliffords; one CCZ state (Gidney & Fowler 2019) | Gidney 2018 temporary AND: 4 T to compute, 0 to uncompute","Toffoli = CCZ up to Clifford conjugation; 7-T forms are exact Clifford+T decompositions; 4-T form is exact given one clean ancilla and feed-forward; compute half of a temporary AND, uncompute is free"
qmpa_div4,g00032,and,32,13 5 15,25,g00061,ccz t4,ccz:CCZ=1 t4:T=4,1 1,"Toffoli is a CCZ up to Cliffords; one CCZ state (Gidney & Fowler 2019) | Gidney 2018 temporary AND: 4 T to compute, 0 to uncompute","Toffoli = CCZ up to Clifford conjugation; 7-T forms are exact Clifford+T decompositions; 4-T form is exact given one clean ancilla and feed-forward; compute half of a temporary AND, uncompute is free"
qmpa_div4,g00033,and,33,13 6 16,26,g00062,ccz t4,ccz:CCZ=1 t4:T=4,1 1,"Toffoli is a CCZ up to Cliffords; one CCZ state (Gidney & Fowler 2019) | Gidney 2018 temporary AND: 4 T to compute, 0 to uncompute","Toffoli = CCZ up to Clifford conjugation; 7-T forms are exact Clifford+T decompositions; 4-T form is exact given one clean ancilla and feed-forward; compute half of a temporary AND, uncompute is free"
qmpa_div4,g00034,and,34,13 7 17,27,g00063,ccz t4,ccz:CCZ=1 t4:T=4,1 1,"Toffoli is a CCZ up to Cliffords; one CCZ state (Gidney & Fowler 2019) | Gidney 2018 temporary AND: 4 T to compute, 0 to uncompute","Toffoli = CCZ up to Clifford conjugation; 7-T forms are exact Clifford+T decompositions; 4-T form is exact given one clean ancilla and feed-forward; compute half of a temporary AND, uncompute is free"
qmpa_div4,g00037,and,37,19 8 14,27,g00057,ccz t4,ccz:CCZ=1 t4:T=4,1 1,"Toffoli is a CCZ up to Cliffords; one CCZ state (Gidney & Fowler 2019) | Gidney 2018 temporary AND: 4 T to compute, 0 to uncompute","Toffoli = CCZ up to Clifford conjugation; 7-T forms are exact Clifford+T decompositions; 4-T form is exact given one clean ancilla and feed-forward; compute half of a temporary AND, uncompute is free"
qmpa_div4,g00040,and,40,14 9 15,29,g00054,ccz t4,ccz:CCZ=1 t4:T=4,1 1,"Toffoli is a CCZ up to Cliffords; one CCZ state (Gidney & Fowler 2019) | Gidney 2018 temporary AND: 4 T to compute, 0 to uncompute","Toffoli = CCZ up to Clifford conjugation; 7-T forms are exact Clifford+T decompositions; 4-T form is exact given one clean ancilla and feed-forward; compute half of a temporary AND, uncompute is free"
qmpa_div4,g00043,and,43,15 10 16,31,g00051,ccz t4,ccz:CCZ=1 t4:T=4,1 1,"Toffoli is a CCZ up to Cliffords; one CCZ state (Gidney & Fowler 2019) | Gidney 2018 temporary AND: 4 T to compute, 0 to uncompute","Toffoli = CCZ up to Clifford conjugation; 7-T forms are exact Clifford+T decompositions; 4-T form is exact given one clean ancilla and feed-forward; compute half of a temporary AND, uncompute is free"
qmpa_div4,g00046,and,46,16 11 17,33,g00048,ccz t4,ccz:CCZ=1 t4:T=4,1 1,"Toffoli is a CCZ up to Cliffords; one CCZ state (Gidney & Fowler 2019) | Gidney 2018 temporary AND: 4 T to compute, 0 to uncompute","Toffoli = CCZ up to Clifford conjugation; 7-T forms are exact Clifford+T decompositions; 4-T form is exact given one clean ancilla and feed-forward; compute half of a temporary AND, uncompute is free"
qmpa_div4,g00048,and_uncompute,48,16 11 17,35,g00046,uncompute_and_meas,uncompute_and_meas:clifford,0,"Gidney 2018: measurement-based uncomputation of a temporary AND, no magic states; legal because the paired compute writes a fresh ancilla and no control is written in between",Erasing the ancilla that holds the AND reproduces the second Toffoli exactly because both controls are unchanged since the compute
qmpa_div4,g00051,and_uncompute,51,15 10 16,38,g00043,uncompute_and_meas,uncompute_and_meas:clifford,0,"Gidney 2018: measurement-based uncomputation of a temporary AND, no magic states; legal because the paired compute writes a fresh ancilla and no control is written in between",Erasing the ancilla that holds the AND reproduces the second Toffoli exactly because both controls are unchanged since the compute
qmpa_div4,g00054,and_uncompute,54,14 9 15,41,g00040,uncompute_and_meas,uncompute_and_meas:clifford,0,"Gidney 2018: measurement-based uncomputation of a temporary AND, no magic states; legal because the paired compute writes a fresh ancilla and no control is written in between",Erasing the ancilla that holds the AND reproduces the second Toffoli exactly because both controls are unchanged since the compute
qmpa_div4,g00057,and_uncompute,57,19 8 14,44,g00037,uncompute_and_meas,uncompute_and_meas:clifford,0,"Gidney 2018: measurement-based uncomputation of a temporary AND, no magic states; legal because the paired compute writes a fresh ancilla and no control is written in between",Erasing the ancilla that holds the AND reproduces the second Toffoli exactly because both controls are unchanged since the compute
qmpa_div4,g00060,and_uncompute,60,13 4 14,46,g00031,uncompute_and_meas,uncompute_and_meas:clifford,0,"Gidney 2018: measurement-based uncomputation of a temporary AND, no magic states; legal because the paired compute writes a fresh ancilla and no control is written in between",Erasing the ancilla that holds the AND reproduces the second Toffoli exactly because both controls are unchanged since the compute
qmpa_div4,g00061,and_uncompute,61,13 5 15,47,g00032,uncompute_and_meas,uncompute_and_meas:clifford,0,"Gidney 2018: measurement-based uncomputation of a temporary AND, no magic states; legal because the paired compute writes a fresh ancilla and no control is written in between",Erasing the ancilla that holds the AND reproduces the second Toffoli exactly because both controls are unchanged since the compute
qmpa_div4,g00062,and_uncompute,62,13 6 16,48,g00033,uncompute_and_meas,uncompute_and_meas:clifford,0,"Gidney 2018: measurement-based uncomputation of a temporary AND, no magic states; legal because the paired compute writes a fresh ancilla and no control is written in between",Erasing the ancilla that holds the AND reproduces the second Toffoli exactly because both controls are unchanged since the compute
qmpa_div4,g00063,and_uncompute,63,13 7 17,49,g00034,uncompute_and_meas,uncompute_and_meas:clifford,0,"Gidney 2018: measurement-based uncomputation of a temporary AND, no magic states; legal because the paired compute writes a fresh ancilla and no control is written in between",Erasing the ancilla that holds the AND reproduces the second Toffoli exactly because both controls are unchanged since the compute
qmpa_div6,g00009,and,9,27 12 6,4,g00041,ccz t4,ccz:CCZ=1 t4:T=4,1 1,"Toffoli is a CCZ up to Cliffords; one CCZ state (Gidney & Fowler 2019) | Gidney 2018 temporary AND: 4 T to compute, 0 to uncompute","Toffoli = CCZ up to Clifford conjugation; 7-T forms are exact Clifford+T decompositions; 4-T form is exact given one clean ancilla and feed-forward; compute half of a temporary AND, uncompute is free"
qmpa_div6,g00012,and,12,6 13 7,7,g00038,ccz t4,ccz:CCZ=1 t4:T=4,1 1,"Toffoli is a CCZ up to Cliffords; one CCZ state (Gidney & Fowler 2019) | Gidney 2018 temporary AND: 4 T to compute, 0 to uncompute","Toffoli = CCZ up to Clifford conjugation; 7-T forms are exact Clifford+T decompositions; 4-T form is exact given one clean ancilla and feed-forward; compute half of a temporary AND, uncompute is free"
qmpa_div6,g00015,and,15,7 14 8,10,g00035,ccz t4,ccz:CCZ=1 t4:T=4,1 1,"Toffoli is a CCZ up to Cliffords; one CCZ state (Gidney & Fowler 2019) | Gidney 2018 temporary AND: 4 T to compute, 0 to uncompute","Toffoli = CCZ up to Clifford conjugation; 7-T forms are exact Clifford+T decompositions; 4-T form is exact given one clean ancilla and feed-forward; compute half of a temporary AND, uncompute is free"
qmpa_div6,g00018,and,18,8 15 9,13,g00032,ccz t4,ccz:CCZ=1 t4:T=4,1 1,"Toffoli is a CCZ up to Cliffords; one CCZ state (Gidney & Fowler 2019) | Gidney 2018 temporary AND: 4 T to compute, 0 to uncompute","Toffoli = CCZ up to Clifford conjugation; 7-T forms are exact Clifford+T decompositions; 4-T form is exact given one clean ancilla and feed-forward; compute half of a temporary AND, uncompute is free"
qmpa_div6,g00021,and,21,9 16 10,16,g00029,ccz t4,ccz:CCZ=1 t4:T=4,1 1,"Toffoli is a CCZ up to Cliffords; one CCZ state (Gidney & Fowler 2019) | Gidney 2018 temporary AND: 4 T to compute, 0 to uncompute","Toffoli = CCZ up to Clifford conjugation; 7-T forms are exact Clifford+T decompositions; 4-T form is exact given one clean ancilla and feed-forward; compute half of a temporary AND, uncompute is free"
qmpa_div6,g00024,and,24,10 17 11,19,g00026,ccz t4,ccz:CCZ=1 t4:T=4,1 1,"Toffoli is a CCZ up to Cliffords; one CCZ state (Gidney & Fowler 2019) | Gidney 2018 temporary AND: 4 T to compute, 0 to uncompute","Toffoli = CCZ up to Clifford conjugation; 7-T forms are exact Clifford+T decompositions; 4-T form is exact given one clean ancilla and feed-forward; compute half of a temporary AND, uncompute is free"
qmpa_div6,g00026,and_uncompute,26,10 17 11,21,g00024,uncompute_and_meas,uncompute_and_meas:clifford,0,"Gidney 2018: measurement-based uncomputation of a temporary AND, no magic states; legal because the paired compute writes a fresh ancilla and no control is written in between",Erasing the ancilla that holds the AND reproduces the second Toffoli exactly because both controls are unchanged since the compute
qmpa_div6,g00029,and_uncompute,29,9 16 10,23,g00021,uncompute_and_meas,uncompute_and_meas:clifford,0,"Gidney 2018: measurement-based uncomputation of a temporary AND, no magic states; legal because the paired compute writes a fresh ancilla and no control is written in between",Erasing the ancilla that holds the AND reproduces the second Toffoli exactly because both controls are unchanged since the compute
qmpa_div6,g00032,and_uncompute,32,8 15 9,25,g00018,uncompute_and_meas,uncompute_and_meas:clifford,0,"Gidney 2018: measurement-based uncomputation of a temporary AND, no magic states; legal because the paired compute writes a fresh ancilla and no control is written in between",Erasing the ancilla that holds the AND reproduces the second Toffoli exactly because both controls are unchanged since the compute
qmpa_div6,g00035,and_uncompute,35,7 14 8,27,g00015,uncompute_and_meas,uncompute_and_meas:clifford,0,"Gidney 2018: measurement-based uncomputation of a temporary AND, no magic states; legal because the paired compute writes a fresh ancilla and no control is written in between",Erasing the ancilla that holds the AND reproduces the second Toffoli exactly because both controls are unchanged since the compute
qmpa_div6,g00038,and_uncompute,38,6 13 7,29,g00012,uncompute_and_meas,uncompute_and_meas:clifford,0,"Gidney 2018: measurement-based uncomputation of a temporary AND, no magic states; legal because the paired compute writes a fresh ancilla and no control is written in between",Erasing the ancilla that holds the AND reproduces the second Toffoli exactly because both controls are unchanged since the compute
qmpa_div6,g00041,and_uncompute,41,27 12 6,31,g00009,uncompute_and_meas,uncompute_and_meas:clifford,0,"Gidney 2018: measurement-based uncomputation of a temporary AND, no magic states; legal because the paired compute writes a fresh ancilla and no control is written in between",Erasing the ancilla that holds the AND reproduces the second Toffoli exactly because both controls are unchanged since the compute
qmpa_div6,g00045,and,45,19 6 20,34,g00088,ccz t4,ccz:CCZ=1 t4:T=4,1 1,"Toffoli is a CCZ up to Cliffords; one CCZ state (Gidney & Fowler 2019) | Gidney 2018 temporary AND: 4 T to compute, 0 to uncompute","Toffoli = CCZ up to Clifford conjugation; 7-T forms are exact Clifford+T decompositions; 4-T form is exact given one clean ancilla and feed-forward; compute half of a temporary AND, uncompute is free"
qmpa_div6,g00046,and,46,19 7 21,35,g00089,ccz t4,ccz:CCZ=1 t4:T=4,1 1,"Toffoli is a CCZ up to Cliffords; one CCZ state (Gidney & Fowler 2019) | Gidney 2018 temporary AND: 4 T to compute, 0 to uncompute","Toffoli = CCZ up to Clifford conjugation; 7-T forms are exact Clifford+T decompositions; 4-T form is exact given one clean ancilla and feed-forward; compute half of a temporary AND, uncompute is free"
qmpa_div6,g00047,and,47,19 8 22,36,g00090,ccz t4,ccz:CCZ=1 t4:T=4,1 1,"Toffoli is a CCZ up to Cliffords; one CCZ state (Gidney & Fowler 2019) | Gidney 2018 temporary AND: 4 T to compute, 0 to uncompute","Toffoli = CCZ up to Clifford conjugation; 7-T forms are exact Clifford+T decompositions; 4-T form is exact given one clean ancilla and feed-forward; compute half of a temporary AND, uncompute is free"
qmpa_div6,g00048,and,48,19 9 23,37,g00091,ccz t4,ccz:CCZ=1 t4:T=4,1 1,"Toffoli is a CCZ up to Cliffords; one CCZ state (Gidney & Fowler 2019) | Gidney 2018 temporary AND: 4 T to compute, 0 to uncompute","Toffoli = CCZ up to Clifford conjugation; 7-T forms are exact Clifford+T decompositions; 4-T form is exact given one clean ancilla and feed-forward; compute half of a temporary AND, uncompute is free"
qmpa_div6,g00049,and,49,19 10 24,38,g00092,ccz t4,ccz:CCZ=1 t4:T=4,1 1,"Toffoli is a CCZ up to Cliffords; one CCZ state (Gidney & Fowler 2019) | Gidney 2018 temporary AND: 4 T to compute, 0 to uncompute","Toffoli = CCZ up to Clifford conjugation; 7-T forms are exact Clifford+T decompositions; 4-T form is exact given one clean ancilla and feed-forward; compute half of a temporary AND, uncompute is free"
qmpa_div6,g00050,and,50,19 11 25,39,g00093,ccz t4,ccz:CCZ=1 t4:T=4,1 1,"Toffoli is a CCZ up to Cliffords; one CCZ state (Gidney & Fowler 2019) | Gidney 2018 temporary AND: 4 T to compute, 0 to uncompute","Toffoli = CCZ up to Clifford conjugation; 7-T forms are exact Clifford+T decompositions; 4-T form is exact given one clean ancilla and feed-forward; compute half of a temporary AND, uncompute is free"
qmpa_div6,g00053,and,53,27 12 20,37,g00085,ccz t4,ccz:CCZ=1 t4:T=4,1 1,"Toffoli is a CCZ up to Cliffords; one CCZ state (Gidney & Fowler 2019) | Gidney 2018 temporary AND: 4 T to compute, 0 to uncompute","Toffoli = CCZ up to Clifford conjugation; 7-T forms are exact Clifford+T decompositions; 4-T form is exact given one clean ancilla and feed-forward; compute half of a temporary AND, uncompute is free"
qmpa_div6,g00056,and,56,20 13 21,39,g00082,ccz t4,ccz:CCZ=1 t4:T=4,1 1,"Toffoli is a CCZ up to Cliffords; one CCZ state (Gidney & Fowler 2019) | Gidney 2018 temporary AND: 4 T to compute, 0 to uncompute","Toffoli = CCZ up to Clifford conjugation; 7-T forms are exact Clifford+T decompositions; 4-T form is exact given one clean ancilla and feed-forward; compute half of a temporary AND, uncompute is free"
qmpa_div6,g00059,and,59,21 14 22,41,g00079,ccz t4,ccz:CCZ=1 t4:T=4,1 1,"Toffoli is a CCZ up to Cliffords; one CCZ state (Gidney & Fowler 2019) | Gidney 2018 temporary AND: 4 T to compute, 0 to uncompute","Toffoli = CCZ up to Clifford conjugation; 7-T forms are exact Clifford+T decompositions; 4-T form is exact given one clean ancilla and feed-forward; compute half of a temporary AND, uncompute is free"
qmpa_div6,g00062,and,62,22 15 23,43,g00076,ccz t4,ccz:CCZ=1 t4:T=4,1 1,"Toffoli is a CCZ up to Cliffords; one CCZ state (Gidney & Fowler 2019) | Gidney 2018 temporary AND: 4 T to compute, 0 to uncompute","Toffoli = CCZ up to Clifford conjugation; 7-T forms are exact Clifford+T decompositions; 4-T form is exact given one clean ancilla and feed-forward; compute half of a temporary AND, uncompute is free"
qmpa_div6,g00065,and,65,23 16 24,45,g00073,ccz t4,ccz:CCZ=1 t4:T=4,1 1,"Toffoli is a CCZ up to Cliffords; one CCZ state (Gidney & Fowler 2019) | Gidney 2018 temporary AND: 4 T to compute, 0 to uncompute","Toffoli = CCZ up to Clifford conjugation; 7-T forms are exact Clifford+T decompositions; 4-T form is exact given one clean ancilla and feed-forward; compute half of a temporary AND, uncompute is free"
qmpa_div6,g00068,and,68,24 17 25,47,g00070,ccz t4,ccz:CCZ=1 t4:T=4,1 1,"Toffoli is a CCZ up to Cliffords; one CCZ state (Gidney & Fowler 2019) | Gidney 2018 temporary AND: 4 T to compute, 0 to uncompute","Toffoli = CCZ up to Clifford conjugation; 7-T forms are exact Clifford+T decompositions; 4-T form is exact given one clean ancilla and feed-forward; compute half of a temporary AND, uncompute is free"
qmpa_div6,g00070,and_uncompute,70,24 17 25,49,g00068,uncompute_and_meas,uncompute_and_meas:clifford,0,"Gidney 2018: measurement-based uncomputation of a temporary AND, no magic states; legal because the paired compute writes a fresh ancilla and no control is written in between",Erasing the ancilla that holds the AND reproduces the second Toffoli exactly because both controls are unchanged since the compute
qmpa_div6,g00073,and_uncompute,73,23 16 24,52,g00065,uncompute_and_meas,uncompute_and_meas:clifford,0,"Gidney 2018: measurement-based uncomputation of a temporary AND, no magic states; legal because the paired compute writes a fresh ancilla and no control is written in between",Erasing the ancilla that holds the AND reproduces the second Toffoli exactly because both controls are unchanged since the compute
qmpa_div6,g00076,and_uncompute,76,22 15 23,55,g00062,uncompute_and_meas,uncompute_and_meas:clifford,0,"Gidney 2018: measurement-based uncomputation of a temporary AND, no magic states; legal because the paired compute writes a fresh ancilla and no control is written in between",Erasing the ancilla that holds the AND reproduces the second Toffoli exactly because both controls are unchanged since the compute
qmpa_div6,g00079,and_uncompute,79,21 14 22,58,g00059,uncompute_and_meas,uncompute_and_meas:clifford,0,"Gidney 2018: measurement-based uncomputation of a temporary AND, no magic states; legal because the paired compute writes a fresh ancilla and no control is written in between",Erasing the ancilla that holds the AND reproduces the second Toffoli exactly because both controls are unchanged since the compute
qmpa_div6,g00082,and_uncompute,82,20 13 21,61,g00056,uncompute_and_meas,uncompute_and_meas:clifford,0,"Gidney 2018: measurement-based uncomputation of a temporary AND, no magic states; legal because the paired compute writes a fresh ancilla and no control is written in between",Erasing the ancilla that holds the AND reproduces the second Toffoli exactly because both controls are unchanged since the compute
qmpa_div6,g00085,and_uncompute,85,27 12 20,64,g00053,uncompute_and_meas,uncompute_and_meas:clifford,0,"Gidney 2018: measurement-based uncomputation of a temporary AND, no magic states; legal because the paired compute writes a fresh ancilla and no control is written in between",Erasing the ancilla that holds the AND reproduces the second Toffoli exactly because both controls are unchanged since the compute
qmpa_div6,g00088,and_uncompute,88,19 6 20,66,g00045,uncompute_and_meas,uncompute_and_meas:clifford,0,"Gidney 2018: measurement-based uncomputation of a temporary AND, no magic states; legal because the paired compute writes a fresh ancilla and no control is written in between",Erasing the ancilla that holds the AND reproduces the second Toffoli exactly because both controls are unchanged since the compute
qmpa_div6,g00089,and_uncompute,89,19 7 21,67,g00046,uncompute_and_meas,uncompute_and_meas:clifford,0,"Gidney 2018: measurement-based uncomputation of a temporary AND, no magic states; legal because the paired compute writes a fresh ancilla and no control is written in between",Erasing the ancilla that holds the AND reproduces the second Toffoli exactly because both controls are unchanged since the compute
qmpa_div6,g00090,and_uncompute,90,19 8 22,68,g00047,uncompute_and_meas,uncompute_and_meas:clifford,0,"Gidney 2018: measurement-based uncomputation of a temporary AND, no magic states; legal because the paired compute writes a fresh ancilla and no control is written in between",Erasing the ancilla that holds the AND reproduces the second Toffoli exactly because both controls are unchanged since the compute
qmpa_div6,g00091,and_uncompute,91,19 9 23,69,g00048,uncompute_and_meas,uncompute_and_meas:clifford,0,"Gidney 2018: measurement-based uncomputation of a temporary AND, no magic states; legal because the paired compute writes a fresh ancilla and no control is written in between",Erasing the ancilla that holds the AND reproduces the second Toffoli exactly because both controls are unchanged since the compute
qmpa_div6,g00092,and_uncompute,92,19 10 24,70,g00049,uncompute_and_meas,uncompute_and_meas:clifford,0,"Gidney 2018: measurement-based uncomputation of a temporary AND, no magic states; legal because the paired compute writes a fresh ancilla and no control is written in between",Erasing the ancilla that holds the AND reproduces the second Toffoli exactly because both controls are unchanged since the compute
qmpa_div6,g00093,and_uncompute,93,19 11 25,71,g00050,uncompute_and_meas,uncompute_and_meas:clifford,0,"Gidney 2018: measurement-based uncomputation of a temporary AND, no magic states; legal because the paired compute writes a fresh ancilla and no control is written in between",Erasing the ancilla that holds the AND reproduces the second Toffoli exactly because both controls are unchanged since the compute
qt_add8,g00000,and,0,14 22 0,1,g00050,ccz t4,ccz:CCZ=1 t4:T=4,1 1,"Toffoli is a CCZ up to Cliffords; one CCZ state (Gidney & Fowler 2019) | Gidney 2018 temporary AND: 4 T to compute, 0 to uncompute","Toffoli = CCZ up to Clifford conjugation; 7-T forms are exact Clifford+T decompositions; 4-T form is exact given one clean ancilla and feed-forward; compute half of a temporary AND, uncompute is free"
qt_add8,g00003,and,3,13 21 1,4,g00048,ccz t4,ccz:CCZ=1 t4:T=4,1 1,"Toffoli is a CCZ up to Cliffords; one CCZ state (Gidney & Fowler 2019) | Gidney 2018 temporary AND: 4 T to compute, 0 to uncompute","Toffoli = CCZ up to Clifford conjugation; 7-T forms are exact Clifford+T decompositions; 4-T form is exact given one clean ancilla and feed-forward; compute half of a temporary AND, uncompute is free"
qt_add8,g00007,and,7,12 20 2,8,g00044,ccz t4,ccz:CCZ=1 t4:T=4,1 1,"Toffoli is a CCZ up to Cliffords; one CCZ state (Gidney & Fowler 2019) | Gidney 2018 temporary AND: 4 T to compute, 0 to uncompute","Toffoli = CCZ up to Clifford conjugation; 7-T forms are exact Clifford+T decompositions; 4-T form is exact given one clean ancilla and feed-forward; compute half of a temporary AND, uncompute is free"
qt_add8,g00011,and,11,11 19 3,12,g00040,ccz t4,ccz:CCZ=1 t4:T=4,1 1,"Toffoli is a CCZ up to Cliffords; one CCZ state (Gidney & Fowler 2019) | Gidney 2018 temporary AND: 4 T to compute, 0 to uncompute","Toffoli = CCZ up to Clifford conjugation; 7-T forms are exact Clifford+T decompositions; 4-T form is exact given one clean ancilla and feed-forward; compute half of a temporary AND, uncompute is free"
qt_add8,g00015,and,15,10 18 4,16,g00036,ccz t4,ccz:CCZ=1 t4:T=4,1 1,"Toffoli is a CCZ up to Cliffords; one CCZ state (Gidney & Fowler 2019) | Gidney 2018 temporary AND: 4 T to compute, 0 to uncompute","Toffoli = CCZ up to Clifford conjugation; 7-T forms are exact Clifford+T decompositions; 4-T form is exact given one clean ancilla and feed-forward; compute half of a temporary AND, uncompute is free"
qt_add8,g00019,and,19,9 17 5,20,g00032,ccz t4,ccz:CCZ=1 t4:T=4,1 1,"Toffoli is a CCZ up to Cliffords; one CCZ state (Gidney & Fowler 2019) | Gidney 2018 temporary AND: 4 T to compute, 0 to uncompute","Toffoli = CCZ up to Clifford conjugation; 7-T forms are exact Clifford+T decompositions; 4-T form is exact given one clean ancilla and feed-forward; compute half of a temporary AND, uncompute is free"
qt_add8,g00023,and,23,8 16 6,24,g00028,ccz t4,ccz:CCZ=1 t4:T=4,1 1,"Toffoli is a CCZ up to Cliffords; one CCZ state (Gidney & Fowler 2019) | Gidney 2018 temporary AND: 4 T to compute, 0 to uncompute","Toffoli = CCZ up to Clifford conjugation; 7-T forms are exact Clifford+T decompositions; 4-T form is exact given one clean ancilla and feed-forward; compute half of a temporary AND, uncompute is free"
qt_add8,g00028,and_uncompute,28,8 16 6,28,g00023,uncompute_and_meas,uncompute_and_meas:clifford,0,"Gidney 2018: measurement-based uncomputation of a temporary AND, no magic states; legal because the paired compute writes a fresh ancilla and no control is written in between",Erasing the ancilla that holds the AND reproduces the second Toffoli exactly because both controls are unchanged since the compute
qt_add8,g00032,and_uncompute,32,9 17 5,31,g00019,uncompute_and_meas,uncompute_and_meas:clifford,0,"Gidney 2018: measurement-based uncomputation of a temporary AND, no magic states; legal because the paired compute writes a fresh ancilla and no control is written in between",Erasing the ancilla that holds the AND reproduces the second Toffoli exactly because both controls are unchanged since the compute
qt_add8,g00036,and_uncompute,36,10 18 4,34,g00015,uncompute_and_meas,uncompute_and_meas:clifford,0,"Gidney 2018: measurement-based uncomputation of a temporary AND, no magic states; legal because the paired compute writes a fresh ancilla and no control is written in between",Erasing the ancilla that holds the AND reproduces the second Toffoli exactly because both controls are unchanged since the compute
qt_add8,g00040,and_uncompute,40,11 19 3,37,g00011,uncompute_and_meas,uncompute_and_meas:clifford,0,"Gidney 2018: measurement-based uncomputation of a temporary AND, no magic states; legal because the paired compute writes a fresh ancilla and no control is written in between",Erasing the ancilla that holds the AND reproduces the second Toffoli exactly because both controls are unchanged since the compute
qt_add8,g00044,and_uncompute,44,12 20 2,40,g00007,uncompute_and_meas,uncompute_and_meas:clifford,0,"Gidney 2018: measurement-based uncomputation of a temporary AND, no magic states; legal because the paired compute writes a fresh ancilla and no control is written in between",Erasing the ancilla that holds the AND reproduces the second Toffoli exactly because both controls are unchanged since the compute
qt_add8,g00048,and_uncompute,48,13 21 1,43,g00003,uncompute_and_meas,uncompute_and_meas:clifford,0,"Gidney 2018: measurement-based uncomputation of a temporary AND, no magic states; legal because the paired compute writes a fresh ancilla and no control is written in between",Erasing the ancilla that holds the AND reproduces the second Toffoli exactly because both controls are unchanged since the compute
qt_add8,g00050,and_uncompute,50,14 22 0,45,g00000,uncompute_and_meas,uncompute_and_meas:clifford,0,"Gidney 2018: measurement-based uncomputation of a temporary AND, no magic states; legal because the paired compute writes a fresh ancilla and no control is written in between",Erasing the ancilla that holds the AND reproduces the second Toffoli exactly because both controls are unchanged since the compute
qt_add16,g00000,and,0,22 38 0,1,g00114,ccz t4,ccz:CCZ=1 t4:T=4,1 1,"Toffoli is a CCZ up to Cliffords; one CCZ state (Gidney & Fowler 2019) | Gidney 2018 temporary AND: 4 T to compute, 0 to uncompute","Toffoli = CCZ up to Clifford conjugation; 7-T forms are exact Clifford+T decompositions; 4-T form is exact given one clean ancilla and feed-forward; compute half of a temporary AND, uncompute is free"
qt_add16,g00003,and,3,21 37 1,4,g00112,ccz t4,ccz:CCZ=1 t4:T=4,1 1,"Toffoli is a CCZ up to Cliffords; one CCZ state (Gidney & Fowler 2019) | Gidney 2018 temporary AND: 4 T to compute, 0 to uncompute","Toffoli = CCZ up to Clifford conjugation; 7-T forms are exact Clifford+T decompositions; 4-T form is exact given one clean ancilla and feed-forward; compute half of a temporary AND, uncompute is free"
qt_add16,g00007,and,7,20 36 7,8,g00108,ccz t4,ccz:CCZ=1 t4:T=4,1 1,"Toffoli is a CCZ up to Cliffords; one CCZ state (Gidney & Fowler 2019) | Gidney 2018 temporary AND: 4 T to compute, 0 to uncompute","Toffoli = CCZ up to Clifford conjugation; 7-T forms are exact Clifford+T decompositions; 4-T form is exact given one clean ancilla and feed-forward; compute half of a temporary AND, uncompute is free"
qt_add16,g00011,and,11,19 35 8,12,g00104,ccz t4,ccz:CCZ=1 t4:T=4,1 1,"Toffoli is a CCZ up to Cliffords; one CCZ state (Gidney & Fowler 2019) | Gidney 2018 temporary AND: 4 T to compute, 0 to uncompute","Toffoli = CCZ up to Clifford conjugation; 7-T forms are exact Clifford+T decompositions; 4-T form is exact given one clean ancilla and feed-forward; compute half of a temporary AND, uncompute is free"
qt_add16,g00015,and,15,18 34 9,16,g00100,ccz t4,ccz:CCZ=1 t4:T=4,1 1,"Toffoli is a CCZ up to Cliffords; one CCZ state (Gidney & Fowler 2019) | Gidney 2018 temporary AND: 4 T to compute, 0 to uncompute","Toffoli = CCZ up to Clifford conjugation; 7-T forms are exact Clifford+T decompositions; 4-T form is exact given one clean ancilla and feed-forward; compute half of a temporary AND, uncompute is free"
qt_add16,g00019,and,19,17 33 10,20,g00096,ccz t4,ccz:CCZ=1 t4:T=4,1 1,"Toffoli is a CCZ up to Cliffords; one CCZ state (Gidney & Fowler 2019) | Gidney 2018 temporary AND: 4 T to compute, 0 to uncompute","Toffoli = CCZ up to Clifford conjugation; 7-T forms are exact Clifford+T decompositions; 4-T form is exact given one clean ancilla and feed-forward; compute half of a temporary AND, uncompute is free"
qt_add16,g00023,and,23,30 46 11,24,g00092,ccz t4,ccz:CCZ=1 t4:T=4,1 1,"Toffoli is a CCZ up to Cliffords; one CCZ state (Gidney & Fowler 2019) | Gidney 2018 temporary AND: 4 T to compute, 0 to uncompute","Toffoli = CCZ up to Clifford conjugation; 7-T forms are exact Clifford+T decompositions; 4-T form is exact given one clean ancilla and feed-forward; compute half of a temporary AND, uncompute is free"
qt_add16,g00027,and,27,29 45 12,28,g00088,ccz t4,ccz:CCZ=1 t4:T=4,1 1,"Toffoli is a CCZ up to Cliffords; one CCZ state (Gidney & Fowler 2019) | Gidney 2018 temporary AND: 4 T to compute, 0 to uncompute","Toffoli = CCZ up to Clifford conjugation; 7-T forms are exact Clifford+T decompositions; 4-T form is exact given one clean ancilla and feed-forward; compute half of a temporary AND, uncompute is free"
qt_add16,g00031,and,31,28 44 13,32,g00084,ccz t4,ccz:CCZ=1 t4:T=4,1 1,"Toffoli is a CCZ up to Cliffords; one CCZ state (Gidney & Fowler 2019) | Gidney 2018 temporary AND: 4 T to compute, 0 to uncompute","Toffoli = CCZ up to Clifford conjugation; 7-T forms are exact Clifford+T decompositions; 4-T form is exact given one clean ancilla and feed-forward; compute half of a temporary AND, uncompute is free"
qt_add16,g00035,and,35,27 43 14,36,g00080,ccz t4,ccz:CCZ=1 t4:T=4,1 1,"Toffoli is a CCZ up to Cliffords; one CCZ state (Gidney & Fowler 2019) | Gidney 2018 temporary AND: 4 T to compute, 0 to uncompute","Toffoli = CCZ up to Clifford conjugation; 7-T forms are exact Clifford+T decompositions; 4-T form is exact given one clean ancilla and feed-forward; compute half of a temporary AND, uncompute is free"
qt_add16,g00039,and,39,26 42 2,40,g00076,ccz t4,ccz:CCZ=1 t4:T=4,1 1,"Toffoli is a CCZ up to Cliffords; one CCZ state (Gidney & Fowler 2019) | Gidney 2018 temporary AND: 4 T to compute, 0 to uncompute","Toffoli = CCZ up to Clifford conjugation; 7-T forms are exact Clifford+T decompositions; 4-T form is exact given one clean ancilla and feed-forward; compute half of a temporary AND, uncompute is free"
qt_add16,g00043,and,43,25 41 3,44,g00072,ccz t4,ccz:CCZ=1 t4:T=4,1 1,"Toffoli is a CCZ up to Cliffords; one CCZ state (Gidney & Fowler 2019) | Gidney 2018 temporary AND: 4 T to compute, 0 to uncompute","Toffoli = CCZ up to Clifford conjugation; 7-T forms are exact Clifford+T decompositions; 4-T form is exact given one clean ancilla and feed-forward; compute half of a temporary AND, uncompute is free"
qt_add16,g00047,and,47,24 40 4,48,g00068,ccz t4,ccz:CCZ=1 t4:T=4,1 1,"Toffoli is a CCZ up to Cliffords; one CCZ state (Gidney & Fowler 2019) | Gidney 2018 temporary AND: 4 T to compute, 0 to uncompute","Toffoli = CCZ up to Clifford conjugation; 7-T forms are exact Clifford+T decompositions; 4-T form is exact given one clean ancilla and feed-forward; compute half of a temporary AND, uncompute is free"
qt_add16,g00051,and,51,23 39 5,52,g00064,ccz t4,ccz:CCZ=1 t4:T=4,1 1,"Toffoli is a CCZ up to Cliffords; one CCZ state (Gidney & Fowler 2019) | Gidney 2018 temporary AND: 4 T to compute, 0 to uncompute","Toffoli = CCZ up to Clifford conjugation; 7-T forms are exact Clifford+T decompositions; 4-T form is exact given one clean ancilla and feed-forward; compute half of a temporary AND, uncompute is free"
qt_add16,g00055,and,55,16 32 6,56,g00060,ccz t4,ccz:CCZ=1 t4:T=4,1 1,"Toffoli is a CCZ up to Cliffords; one CCZ state (Gidney & Fowler 2019) | Gidney 2018 temporary AND: 4 T to compute, 0 to uncompute","Toffoli = CCZ up to Clifford conjugation; 7-T forms are exact Clifford+T decompositions; 4-T form is exact given one clean ancilla and feed-forward; compute half of a temporary AND, uncompute is free"
qt_add16,g00060,and_uncompute,60,16 32 6,60,g00055,uncompute_and_meas,uncompute_and_meas:clifford,0,"Gidney 2018: measurement-based uncomputation of a temporary AND, no magic states; legal because the paired compute writes a fresh ancilla and no control is written in between",Erasing the ancilla that holds the AND reproduces the second Toffoli exactly because both controls are unchanged since the compute
qt_add16,g00064,and_uncompute,64,23 39 5,63,g00051,uncompute_and_meas,uncompute_and_meas:clifford,0,"Gidney 2018: measurement-based uncomputation of a temporary AND, no magic states; legal because the paired compute writes a fresh ancilla and no control is written in between",Erasing the ancilla that holds the AND reproduces the second Toffoli exactly because both controls are unchanged since the compute
qt_add16,g00068,and_uncompute,68,24 40 4,66,g00047,uncompute_and_meas,uncompute_and_meas:clifford,0,"Gidney 2018: measurement-based uncomputation of a temporary AND, no magic states; legal because the paired compute writes a fresh ancilla and no control is written in between",Erasing the ancilla that holds the AND reproduces the second Toffoli exactly because both controls are unchanged since the compute
qt_add16,g00072,and_uncompute,72,25 41 3,69,g00043,uncompute_and_meas,uncompute_and_meas:clifford,0,"Gidney 2018: measurement-based uncomputation of a temporary AND, no magic states; legal because the paired compute writes a fresh ancilla and no control is written in between",Erasing the ancilla that holds the AND reproduces the second Toffoli exactly because both controls are unchanged since the compute
qt_add16,g00076,and_uncompute,76,26 42 2,72,g00039,uncompute_and_meas,uncompute_and_meas:clifford,0,"Gidney 2018: measurement-based uncomputation of a temporary AND, no magic states; legal because the paired compute writes a fresh ancilla and no control is written in between",Erasing the ancilla that holds the AND reproduces the second Toffoli exactly because both controls are unchanged since the compute
qt_add16,g00080,and_uncompute,80,27 43 14,75,g00035,uncompute_and_meas,uncompute_and_meas:clifford,0,"Gidney 2018: measurement-based uncomputation of a temporary AND, no magic states; legal because the paired compute writes a fresh ancilla and no control is written in between",Erasing the ancilla that holds the AND reproduces the second Toffoli exactly because both controls are unchanged since the compute
qt_add16,g00084,and_uncompute,84,28 44 13,78,g00031,uncompute_and_meas,uncompute_and_meas:clifford,0,"Gidney 2018: measurement-based uncomputation of a temporary AND, no magic states; legal because the paired compute writes a fresh ancilla and no control is written in between",Erasing the ancilla that holds the AND reproduces the second Toffoli exactly because both controls are unchanged since the compute
qt_add16,g00088,and_uncompute,88,29 45 12,81,g00027,uncompute_and_meas,uncompute_and_meas:clifford,0,"Gidney 2018: measurement-based uncomputation of a temporary AND, no magic states; legal because the paired compute writes a fresh ancilla and no control is written in between",Erasing the ancilla that holds the AND reproduces the second Toffoli exactly because both controls are unchanged since the compute
qt_add16,g00092,and_uncompute,92,30 46 11,84,g00023,uncompute_and_meas,uncompute_and_meas:clifford,0,"Gidney 2018: measurement-based uncomputation of a temporary AND, no magic states; legal because the paired compute writes a fresh ancilla and no control is written in between",Erasing the ancilla that holds the AND reproduces the second Toffoli exactly because both controls are unchanged since the compute
qt_add16,g00096,and_uncompute,96,17 33 10,87,g00019,uncompute_and_meas,uncompute_and_meas:clifford,0,"Gidney 2018: measurement-based uncomputation of a temporary AND, no magic states; legal because the paired compute writes a fresh ancilla and no control is written in between",Erasing the ancilla that holds the AND reproduces the second Toffoli exactly because both controls are unchanged since the compute
qt_add16,g00100,and_uncompute,100,18 34 9,90,g00015,uncompute_and_meas,uncompute_and_meas:clifford,0,"Gidney 2018: measurement-based uncomputation of a temporary AND, no magic states; legal because the paired compute writes a fresh ancilla and no control is written in between",Erasing the ancilla that holds the AND reproduces the second Toffoli exactly because both controls are unchanged since the compute
qt_add16,g00104,and_uncompute,104,19 35 8,93,g00011,uncompute_and_meas,uncompute_and_meas:clifford,0,"Gidney 2018: measurement-based uncomputation of a temporary AND, no magic states; legal because the paired compute writes a fresh ancilla and no control is written in between",Erasing the ancilla that holds the AND reproduces the second Toffoli exactly because both controls are unchanged since the compute
qt_add16,g00108,and_uncompute,108,20 36 7,96,g00007,uncompute_and_meas,uncompute_and_meas:clifford,0,"Gidney 2018: measurement-based uncomputation of a temporary AND, no magic states; legal because the paired compute writes a fresh ancilla and no control is written in between",Erasing the ancilla that holds the AND reproduces the second Toffoli exactly because both controls are unchanged since the compute
qt_add16,g00112,and_uncompute,112,21 37 1,99,g00003,uncompute_and_meas,uncompute_and_meas:clifford,0,"Gidney 2018: measurement-based uncomputation of a temporary AND, no magic states; legal because the paired compute writes a fresh ancilla and no control is written in between",Erasing the ancilla that holds the AND reproduces the second Toffoli exactly because both controls are unchanged since the compute
qt_add16,g00114,and_uncompute,114,22 38 0,101,g00000,uncompute_and_meas,uncompute_and_meas:clifford,0,"Gidney 2018: measurement-based uncomputation of a temporary AND, no magic states; legal because the paired compute writes a fresh ancilla and no control is written in between",Erasing the ancilla that holds the AND reproduces the second Toffoli exactly because both controls are unchanged since the compute
qt_sub8,g00008,and,8,14 22 0,2,g00070,ccz t4,ccz:CCZ=1 t4:T=4,1 1,"Toffoli is a CCZ up to Cliffords; one CCZ state (Gidney & Fowler 2019) | Gidney 2018 temporary AND: 4 T to compute, 0 to uncompute","Toffoli = CCZ up to Clifford conjugation; 7-T forms are exact Clifford+T decompositions; 4-T form is exact given one clean ancilla and feed-forward; compute half of a temporary AND, uncompute is free"
qt_sub8,g00011,and,11,13 21 1,5,g00066,ccz t4,ccz:CCZ=1 t4:T=4,1 1,"Toffoli is a CCZ up to Cliffords; one CCZ state (Gidney & Fowler 2019) | Gidney 2018 temporary AND: 4 T to compute, 0 to uncompute","Toffoli = CCZ up to Clifford conjugation; 7-T forms are exact Clifford+T decompositions; 4-T form is exact given one clean ancilla and feed-forward; compute half of a temporary AND, uncompute is free"
qt_sub8,g00015,and,15,12 20 2,9,g00060,ccz t4,ccz:CCZ=1 t4:T=4,1 1,"Toffoli is a CCZ up to Cliffords; one CCZ state (Gidney & Fowler 2019) | Gidney 2018 temporary AND: 4 T to compute, 0 to uncompute","Toffoli = CCZ up to Clifford conjugation; 7-T forms are exact Clifford+T decompositions; 4-T form is exact given one clean ancilla and feed-forward; compute half of a temporary AND, uncompute is free"
qt_sub8,g00019,and,19,11 19 3,13,g00054,ccz t4,ccz:CCZ=1 t4:T=4,1 1,"Toffoli is a CCZ up to Cliffords; one CCZ state (Gidney & Fowler 2019) | Gidney 2018 temporary AND: 4 T to compute, 0 to uncompute","Toffoli = CCZ up to Clifford conjugation; 7-T forms are exact Clifford+T decompositions; 4-T form is exact given one clean ancilla and feed-forward; compute half of a temporary AND, uncompute is free"
qt_sub8,g00023,and,23,10 18 4,17,g00048,ccz t4,ccz:CCZ=1 t4:T=4,1 1,"Toffoli is a CCZ up to Cliffords; one CCZ state (Gidney & Fowler 2019) | Gidney 2018 temporary AND: 4 T to compute, 0 to uncompute","Toffoli = CCZ up to Clifford conjugation; 7-T forms are exact Clifford+T decompositions; 4-T form is exact given one clean ancilla and feed-forward; compute half of a temporary AND, uncompute is free"
qt_sub8,g00027,and,27,9 17 5,21,g00042,ccz t4,ccz:CCZ=1 t4:T=4,1 1,"Toffoli is a CCZ up to Cliffords; one CCZ state (Gidney & Fowler 2019) | Gidney 2018 temporary AND: 4 T to compute, 0 to uncompute","Toffoli = CCZ up to Clifford conjugation; 7-T forms are exact Clifford+T decompositions; 4-T form is exact given one clean ancilla and feed-forward; compute half of a temporary AND, uncompute is free"
qt_sub8,g00031,and,31,8 16 6,25,g00036,ccz t4,ccz:CCZ=1 t4:T=4,1 1,"Toffoli is a CCZ up to Cliffords; one CCZ state (Gidney & Fowler 2019) | Gidney 2018 temporary AND: 4 T to compute, 0 to uncompute","Toffoli = CCZ up to Clifford conjugation; 7-T forms are exact Clifford+T decompositions; 4-T form is exact given one clean ancilla and feed-forward; compute half of a temporary AND, uncompute is free"
qt_sub8,g00036,and_uncompute,36,8 16 6,29,g00031,uncompute_and_meas,uncompute_and_meas:clifford,0,"Gidney 2018: measurement-based uncomputation of a temporary AND, no magic states; legal because the paired compute writes a fresh ancilla and no control is written in between",Erasing the ancilla that holds the AND reproduces the second Toffoli exactly because both controls are unchanged since the compute
qt_sub8,g00042,and_uncompute,42,9 17 5,32,g00027,uncompute_and_meas,uncompute_and_meas:clifford,0,"Gidney 2018: measurement-based uncomputation of a temporary AND, no magic states; legal because the paired compute writes a fresh ancilla and no control is written in between",Erasing the ancilla that holds the AND reproduces the second Toffoli exactly because both controls are unchanged since the compute
qt_sub8,g00048,and_uncompute,48,10 18 4,35,g00023,uncompute_and_meas,uncompute_and_meas:clifford,0,"Gidney 2018: measurement-based uncomputation of a temporary AND, no magic states; legal because the paired compute writes a fresh ancilla and no control is written in between",Erasing the ancilla that holds the AND reproduces the second Toffoli exactly because both controls are unchanged since the compute
qt_sub8,g00054,and_uncompute,54,11 19 3,38,g00019,uncompute_and_meas,uncompute_and_meas:clifford,0,"Gidney 2018: measurement-based uncomputation of a temporary AND, no magic states; legal because the paired compute writes a fresh ancilla and no control is written in between",Erasing the ancilla that holds the AND reproduces the second Toffoli exactly because both controls are unchanged since the compute
qt_sub8,g00060,and_uncompute,60,12 20 2,41,g00015,uncompute_and_meas,uncompute_and_meas:clifford,0,"Gidney 2018: measurement-based uncomputation of a temporary AND, no magic states; legal because the paired compute writes a fresh ancilla and no control is written in between",Erasing the ancilla that holds the AND reproduces the second Toffoli exactly because both controls are unchanged since the compute
qt_sub8,g00066,and_uncompute,66,13 21 1,44,g00011,uncompute_and_meas,uncompute_and_meas:clifford,0,"Gidney 2018: measurement-based uncomputation of a temporary AND, no magic states; legal because the paired compute writes a fresh ancilla and no control is written in between",Erasing the ancilla that holds the AND reproduces the second Toffoli exactly because both controls are unchanged since the compute
qt_sub8,g00070,and_uncompute,70,14 22 0,46,g00008,uncompute_and_meas,uncompute_and_meas:clifford,0,"Gidney 2018: measurement-based uncomputation of a temporary AND, no magic states; legal because the paired compute writes a fresh ancilla and no control is written in between",Erasing the ancilla that holds the AND reproduces the second Toffoli exactly because both controls are unchanged since the compute
qt_cadd8,g00000,and,0,31 15 0,1,g00068,ccz t4,ccz:CCZ=1 t4:T=4,1 1,"Toffoli is a CCZ up to Cliffords; one CCZ state (Gidney & Fowler 2019) | Gidney 2018 temporary AND: 4 T to compute, 0 to uncompute","Toffoli = CCZ up to Clifford conjugation; 7-T forms are exact Clifford+T decompositions; 4-T form is exact given one clean ancilla and feed-forward; compute half of a temporary AND, uncompute is free"
qt_cadd8,g00001,and,1,31 16 1,2,g00067,ccz t4,ccz:CCZ=1 t4:T=4,1 1,"Toffoli is a CCZ up to Cliffords; one CCZ state (Gidney & Fowler 2019) | Gidney 2018 temporary AND: 4 T to compute, 0 to uncompute","Toffoli = CCZ up to Clifford conjugation; 7-T forms are exact Clifford+T decompositions; 4-T form is exact given one clean ancilla and feed-forward; compute half of a temporary AND, uncompute is free"
qt_cadd8,g00002,and,2,31 17 7,3,g00066,ccz t4,ccz:CCZ=1 t4:T=4,1 1,"Toffoli is a CCZ up to Cliffords; one CCZ state (Gidney & Fowler 2019) | Gidney 2018 temporary AND: 4 T to compute, 0 to uncompute","Toffoli = CCZ up to Clifford conjugation; 7-T forms are exact Clifford+T decompositions; 4-T form is exact given one clean ancilla and feed-forward; compute half of a temporary AND, uncompute is free"
qt_cadd8,g00003,and,3,31 18 8,4,g00065,ccz t4,ccz:CCZ=1 t4:T=4,1 1,"Toffoli is a CCZ up to Cliffords; one CCZ state (Gidney & Fowler 2019) | Gidney 2018 temporary AND: 4 T to compute, 0 to uncompute","Toffoli = CCZ up to Clifford conjugation; 7-T forms are exact Clifford+T decompositions; 4-T form is exact given one clean ancilla and feed-forward; compute half of a temporary AND, uncompute is free"
qt_cadd8,g00004,and,4,31 19 9,5,g00064,ccz t4,ccz:CCZ=1 t4:T=4,1 1,"Toffoli is a CCZ up to Cliffords; one CCZ state (Gidney & Fowler 2019) | Gidney 2018 temporary AND: 4 T to compute, 0 to uncompute","Toffoli = CCZ up to Clifford conjugation; 7-T forms are exact Clifford+T decompositions; 4-T form is exact given one clean ancilla and feed-forward; compute half of a temporary AND, uncompute is free"
qt_cadd8,g00005,and,5,31 20 10,6,g00063,ccz t4,ccz:CCZ=1 t4:T=4,1 1,"Toffoli is a CCZ up to Cliffords; one CCZ state (Gidney & Fowler 2019) | Gidney 2018 temporary AND: 4 T to compute, 0 to uncompute","Toffoli = CCZ up to Clifford conjugation; 7-T forms are exact Clifford+T decompositions; 4-T form is exact given one clean ancilla and feed-forward; compute half of a temporary AND, uncompute is free"
qt_cadd8,g00006,and,6,31 21 11,7,g00062,ccz t4,ccz:CCZ=1 t4:T=4,1 1,"Toffoli is a CCZ up to Cliffords; one CCZ state (Gidney & Fowler 2019) | Gidney 2018 temporary AND: 4 T to compute, 0 to uncompute","Toffoli = CCZ up to Clifford conjugation; 7-T forms are exact Clifford+T decompositions; 4-T form is exact given one clean ancilla and feed-forward; compute half of a temporary AND, uncompute is free"
qt_cadd8,g00007,and,7,31 22 12,8,g00061,ccz t4,ccz:CCZ=1 t4:T=4,1 1,"Toffoli is a CCZ up to Cliffords; one CCZ state (Gidney & Fowler 2019) | Gidney 2018 temporary AND: 4 T to compute, 0 to uncompute","Toffoli = CCZ up to Clifford conjugation; 7-T forms are exact Clifford+T decompositions; 4-T form is exact given one clean ancilla and feed-forward; compute half of a temporary AND, uncompute is free"
qt_cadd8,g00008,and,8,12 30 13,9,g00058,ccz t4,ccz:CCZ=1 t4:T=4,1 1,"Toffoli is a CCZ up to Cliffords; one CCZ state (Gidney & Fowler 2019) | Gidney 2018 temporary AND: 4 T to compute, 0 to uncompute","Toffoli = CCZ up to Clifford conjugation; 7-T forms are exact Clifford+T decompositions; 4-T form is exact given one clean ancilla and feed-forward; compute half of a temporary AND, uncompute is free"
qt_cadd8,g00011,and,11,11 29 14,12,g00056,ccz t4,ccz:CCZ=1 t4:T=4,1 1,"Toffoli is a CCZ up to Cliffords; one CCZ state (Gidney & Fowler 2019) | Gidney 2018 temporary AND: 4 T to compute, 0 to uncompute","Toffoli = CCZ up to Clifford conjugation; 7-T forms are exact Clifford+T decompositions; 4-T form is exact given one clean ancilla and feed-forward; compute half of a temporary AND, uncompute is free"
qt_cadd8,g00015,and,15,10 28 2,16,g00052,ccz t4,ccz:CCZ=1 t4:T=4,1 1,"Toffoli is a CCZ up to Cliffords; one CCZ state (Gidney & Fowler 2019) | Gidney 2018 temporary AND: 4 T to compute, 0 to uncompute","Toffoli = CCZ up to Clifford conjugation; 7-T forms are exact Clifford+T decompositions; 4-T form is exact given one clean ancilla and feed-forward; compute half of a temporary AND, uncompute is free"
qt_cadd8,g00019,and,19,9 27 3,20,g00048,ccz t4,ccz:CCZ=1 t4:T=4,1 1,"Toffoli is a CCZ up to Cliffords; one CCZ state (Gidney & Fowler 2019) | Gidney 2018 temporary AND: 4 T to compute, 0 to uncompute","Toffoli = CCZ up to Clifford conjugation; 7-T forms are exact Clifford+T decompositions; 4-T form is exact given one clean ancilla and feed-forward; compute half of a temporary AND, uncompute is free"
qt_cadd8,g00023,and,23,8 26 4,24,g00044,ccz t4,ccz:CCZ=1 t4:T=4,1 1,"Toffoli is a CCZ up to Cliffords; one CCZ state (Gidney & Fowler 2019) | Gidney 2018 temporary AND: 4 T to compute, 0 to uncompute","Toffoli = CCZ up to Clifford conjugation; 7-T forms are exact Clifford+T decompositions; 4-T form is exact given one clean ancilla and feed-forward; compute half of a temporary AND, uncompute is free"
qt_cadd8,g00027,and,27,7 25 5,28,g00040,ccz t4,ccz:CCZ=1 t4:T=4,1 1,"Toffoli is a CCZ up to Cliffords; one CCZ state (Gidney & Fowler 2019) | Gidney 2018 temporary AND: 4 T to compute, 0 to uncompute","Toffoli = CCZ up to Clifford conjugation; 7-T forms are exact Clifford+T decompositions; 4-T form is exact given one clean ancilla and feed-forward; compute half of a temporary AND, uncompute is free"
qt_cadd8,g00031,and,31,1 24 6,32,g00036,ccz t4,ccz:CCZ=1 t4:T=4,1 1,"Toffoli is a CCZ up to Cliffords; one CCZ state (Gidney & Fowler 2019) | Gidney 2018 temporary AND: 4 T to compute, 0 to uncompute","Toffoli = CCZ up to Clifford conjugation; 7-T forms are exact Clifford+T decompositions; 4-T form is exact given one clean ancilla and feed-forward; compute half of a temporary AND, uncompute is free"
qt_cadd8,g00036,and_uncompute,36,1 24 6,36,g00031,uncompute_and_meas,uncompute_and_meas:clifford,0,"Gidney 2018: measurement-based uncomputation of a temporary AND, no magic states; legal because the paired compute writes a fresh ancilla and no control is written in between",Erasing the ancilla that holds the AND reproduces the second Toffoli exactly because both controls are unchanged since the compute
qt_cadd8,g00040,and_uncompute,40,7 25 5,39,g00027,uncompute_and_meas,uncompute_and_meas:clifford,0,"Gidney 2018: measurement-based uncomputation of a temporary AND, no magic states; legal because the paired compute writes a fresh ancilla and no control is written in between",Erasing the ancilla that holds the AND reproduces the second Toffoli exactly because both controls are unchanged since the compute
qt_cadd8,g00044,and_uncompute,44,8 26 4,42,g00023,uncompute_and_meas,uncompute_and_meas:clifford,0,"Gidney 2018: measurement-based uncomputation of a temporary AND, no magic states; legal because the paired compute writes a fresh ancilla and no control is written in between",Erasing the ancilla that holds the AND reproduces the second Toffoli exactly because both controls are unchanged since the compute
qt_cadd8,g00048,and_uncompute,48,9 27 3,45,g00019,uncompute_and_meas,uncompute_and_meas:clifford,0,"Gidney 2018: measurement-based uncomputation of a temporary AND, no magic states; legal because the paired compute writes a fresh ancilla and no control is written in between",Erasing the ancilla that holds the AND reproduces the second Toffoli exactly because both controls are unchanged since the compute
qt_cadd8,g00052,and_uncompute,52,10 28 2,48,g00015,uncompute_and_meas,uncompute_and_meas:clifford,0,"Gidney 2018: measurement-based uncomputation of a temporary AND, no magic states; legal because the paired compute writes a fresh ancilla and no control is written in between",Erasing the ancilla that holds the AND reproduces the second Toffoli exactly because both controls are unchanged since the compute
qt_cadd8,g00056,and_uncompute,56,11 29 14,51,g00011,uncompute_and_meas,uncompute_and_meas:clifford,0,"Gidney 2018: measurement-based uncomputation of a temporary AND, no magic states; legal because the paired compute writes a fresh ancilla and no control is written in between",Erasing the ancilla that holds the AND reproduces the second Toffoli exactly because both controls are unchanged since the compute
qt_cadd8,g00058,and_uncompute,58,12 30 13,53,g00008,uncompute_and_meas,uncompute_and_meas:clifford,0,"Gidney 2018: measurement-based uncomputation of a temporary AND, no magic states; legal because the paired compute writes a fresh ancilla and no control is written in between",Erasing the ancilla that holds the AND reproduces the second Toffoli exactly because both controls are unchanged since the compute
qt_cadd8,g00061,and_uncompute,61,31 22 12,55,g00007,uncompute_and_meas,uncompute_and_meas:clifford,0,"Gidney 2018: measurement-based uncomputation of a temporary AND, no magic states; legal because the paired compute writes a fresh ancilla and no control is written in between",Erasing the ancilla that holds the AND reproduces the second Toffoli exactly because both controls are unchanged since the compute
qt_cadd8,g00062,and_uncompute,62,31 21 11,56,g00006,uncompute_and_meas,uncompute_and_meas:clifford,0,"Gidney 2018: measurement-based uncomputation of a temporary AND, no magic states; legal because the paired compute writes a fresh ancilla and no control is written in between",Erasing the ancilla that holds the AND reproduces the second Toffoli exactly because both controls are unchanged since the compute
qt_cadd8,g00063,and_uncompute,63,31 20 10,57,g00005,uncompute_and_meas,uncompute_and_meas:clifford,0,"Gidney 2018: measurement-based uncomputation of a temporary AND, no magic states; legal because the paired compute writes a fresh ancilla and no control is written in between",Erasing the ancilla that holds the AND reproduces the second Toffoli exactly because both controls are unchanged since the compute
qt_cadd8,g00064,and_uncompute,64,31 19 9,58,g00004,uncompute_and_meas,uncompute_and_meas:clifford,0,"Gidney 2018: measurement-based uncomputation of a temporary AND, no magic states; legal because the paired compute writes a fresh ancilla and no control is written in between",Erasing the ancilla that holds the AND reproduces the second Toffoli exactly because both controls are unchanged since the compute
qt_cadd8,g00065,and_uncompute,65,31 18 8,59,g00003,uncompute_and_meas,uncompute_and_meas:clifford,0,"Gidney 2018: measurement-based uncomputation of a temporary AND, no magic states; legal because the paired compute writes a fresh ancilla and no control is written in between",Erasing the ancilla that holds the AND reproduces the second Toffoli exactly because both controls are unchanged since the compute
qt_cadd8,g00066,and_uncompute,66,31 17 7,60,g00002,uncompute_and_meas,uncompute_and_meas:clifford,0,"Gidney 2018: measurement-based uncomputation of a temporary AND, no magic states; legal because the paired compute writes a fresh ancilla and no control is written in between",Erasing the ancilla that holds the AND reproduces the second Toffoli exactly because both controls are unchanged since the compute
qt_cadd8,g00067,and_uncompute,67,31 16 1,61,g00001,uncompute_and_meas,uncompute_and_meas:clifford,0,"Gidney 2018: measurement-based uncomputation of a temporary AND, no magic states; legal because the paired compute writes a fresh ancilla and no control is written in between",Erasing the ancilla that holds the AND reproduces the second Toffoli exactly because both controls are unchanged since the compute
qt_cadd8,g00068,and_uncompute,68,31 15 0,62,g00000,uncompute_and_meas,uncompute_and_meas:clifford,0,"Gidney 2018: measurement-based uncomputation of a temporary AND, no magic states; legal because the paired compute writes a fresh ancilla and no control is written in between",Erasing the ancilla that holds the AND reproduces the second Toffoli exactly because both controls are unchanged since the compute
qt_addk8,g00005,and,5,12 22 13,2,g00059,ccz t4,ccz:CCZ=1 t4:T=4,1 1,"Toffoli is a CCZ up to Cliffords; one CCZ state (Gidney & Fowler 2019) | Gidney 2018 temporary AND: 4 T to compute, 0 to uncompute","Toffoli = CCZ up to Clifford conjugation; 7-T forms are exact Clifford+T decompositions; 4-T form is exact given one clean ancilla and feed-forward; compute half of a temporary AND, uncompute is free"
qt_addk8,g00008,and,8,11 21 14,5,g00056,ccz t4,ccz:CCZ=1 t4:T=4,1 1,"Toffoli is a CCZ up to Cliffords; one CCZ state (Gidney & Fowler 2019) | Gidney 2018 temporary AND: 4 T to compute, 0 to uncompute","Toffoli = CCZ up to Clifford conjugation; 7-T forms are exact Clifford+T decompositions; 4-T form is exact given one clean ancilla and feed-forward; compute half of a temporary AND, uncompute is free"
qt_addk8,g00012,and,12,10 20 2,9,g00051,ccz t4,ccz:CCZ=1 t4:T=4,1 1,"Toffoli is a CCZ up to Cliffords; one CCZ state (Gidney & Fowler 2019) | Gidney 2018 temporary AND: 4 T to compute, 0 to uncompute","Toffoli = CCZ up to Clifford conjugation; 7-T forms are exact Clifford+T decompositions; 4-T form is exact given one clean ancilla and feed-forward; compute half of a temporary AND, uncompute is free"
qt_addk8,g00016,and,16,9 19 3,13,g00046,ccz t4,ccz:CCZ=1 t4:T=4,1 1,"Toffoli is a CCZ up to Cliffords; one CCZ state (Gidney & Fowler 2019) | Gidney 2018 temporary AND: 4 T to compute, 0 to uncompute","Toffoli = CCZ up to Clifford conjugation; 7-T forms are exact Clifford+T decompositions; 4-T form is exact given one clean ancilla and feed-forward; compute half of a temporary AND, uncompute is free"
qt_addk8,g00020,and,20,8 18 4,17,g00042,ccz t4,ccz:CCZ=1 t4:T=4,1 1,"Toffoli is a CCZ up to Cliffords; one CCZ state (Gidney & Fowler 2019) | Gidney 2018 temporary AND: 4 T to compute, 0 to uncompute","Toffoli = CCZ up to Clifford conjugation; 7-T forms are exact Clifford+T decompositions; 4-T form is exact given one clean ancilla and feed-forward; compute half of a temporary AND, uncompute is free"
qt_addk8,g00024,and,24,7 17 5,21,g00037,ccz t4,ccz:CCZ=1 t4:T=4,1 1,"Toffoli is a CCZ up to Cliffords; one CCZ state (Gidney & Fowler 2019) | Gidney 2018 temporary AND: 4 T to compute, 0 to uncompute","Toffoli = CCZ up to Clifford conjugation; 7-T forms are exact Clifford+T decompositions; 4-T form is exact given one clean ancilla and feed-forward; compute half of a temporary AND, uncompute is free"
qt_addk8,g00028,and,28,1 16 6,25,g00033,ccz t4,ccz:CCZ=1 t4:T=4,1 1,"Toffoli is a CCZ up to Cliffords; one CCZ state (Gidney & Fowler 2019) | Gidney 2018 temporary AND: 4 T to compute, 0 to uncompute","Toffoli = CCZ up to Clifford conjugation; 7-T forms are exact Clifford+T decompositions; 4-T form is exact given one clean ancilla and feed-forward; compute half of a temporary AND, uncompute is free"
qt_addk8,g00033,and_uncompute,33,1 16 6,29,g00028,uncompute_and_meas,uncompute_and_meas:clifford,0,"Gidney 2018: measurement-based uncomputation of a temporary AND, no magic states; legal because the paired compute writes a fresh ancilla and no control is written in between",Erasing the ancilla that holds the AND reproduces the second Toffoli exactly because both controls are unchanged since the compute
qt_addk8,g00037,and_uncompute,37,7 17 5,32,g00024,uncompute_and_meas,uncompute_and_meas:clifford,0,"Gidney 2018: measurement-based uncomputation of a temporary AND, no magic states; legal because the paired compute writes a fresh ancilla and no control is written in between",Erasing the ancilla that holds the AND reproduces the second Toffoli exactly because both controls are unchanged since the compute
qt_addk8,g00042,and_uncompute,42,8 18 4,35,g00020,uncompute_and_meas,uncompute_and_meas:clifford,0,"Gidney 2018: measurement-based uncomputation of a temporary AND, no magic states; legal because the paired compute writes a fresh ancilla and no control is written in between",Erasing the ancilla that holds the AND reproduces the second Toffoli exactly because both controls are unchanged since the compute
qt_addk8,g00046,and_uncompute,46,9 19 3,38,g00016,uncompute_and_meas,uncompute_and_meas:clifford,0,"Gidney 2018: measurement-based uncomputation of a temporary AND, no magic states; legal because the paired compute writes a fresh ancilla and no control is written in between",Erasing the ancilla that holds the AND reproduces the second Toffoli exactly because both controls are unchanged since the compute
qt_addk8,g00051,and_uncompute,51,10 20 2,41,g00012,uncompute_and_meas,uncompute_and_meas:clifford,0,"Gidney 2018: measurement-based uncomputation of a temporary AND, no magic states; legal because the paired compute writes a fresh ancilla and no control is written in between",Erasing the ancilla that holds the AND reproduces the second Toffoli exactly because both controls are unchanged since the compute
qt_addk8,g00056,and_uncompute,56,11 21 14,44,g00008,uncompute_and_meas,uncompute_and_meas:clifford,0,"Gidney 2018: measurement-based uncomputation of a temporary AND, no magic states; legal because the paired compute writes a fresh ancilla and no control is written in between",Erasing the ancilla that holds the AND reproduces the second Toffoli exactly because both controls are unchanged since the compute
qt_addk8,g00059,and_uncompute,59,12 22 13,46,g00005,uncompute_and_meas,uncompute_and_meas:clifford,0,"Gidney 2018: measurement-based uncomputation of a temporary AND, no magic states; legal because the paired compute writes a fresh ancilla and no control is written in between",Erasing the ancilla that holds the AND reproduces the second Toffoli exactly because both controls are unchanged since the compute
qt_ltc8,g00005,and,5,10 0 1,2,g00044,ccz t4,ccz:CCZ=1 t4:T=4,1 1,"Toffoli is a CCZ up to Cliffords; one CCZ state (Gidney & Fowler 2019) | Gidney 2018 temporary AND: 4 T to compute, 0 to uncompute","Toffoli = CCZ up to Clifford conjugation; 7-T forms are exact Clifford+T decompositions; 4-T form is exact given one clean ancilla and feed-forward; compute half of a temporary AND, uncompute is free"
qt_ltc8,g00007,and,7,11 0 2,4,g00041,ccz t4,ccz:CCZ=1 t4:T=4,1 1,"Toffoli is a CCZ up to Cliffords; one CCZ state (Gidney & Fowler 2019) | Gidney 2018 temporary AND: 4 T to compute, 0 to uncompute","Toffoli = CCZ up to Clifford conjugation; 7-T forms are exact Clifford+T decompositions; 4-T form is exact given one clean ancilla and feed-forward; compute half of a temporary AND, uncompute is free"
qt_ltc8,g00010,and,10,12 0 3,7,g00038,ccz t4,ccz:CCZ=1 t4:T=4,1 1,"Toffoli is a CCZ up to Cliffords; one CCZ state (Gidney & Fowler 2019) | Gidney 2018 temporary AND: 4 T to compute, 0 to uncompute","Toffoli = CCZ up to Clifford conjugation; 7-T forms are exact Clifford+T decompositions; 4-T form is exact given one clean ancilla and feed-forward; compute half of a temporary AND, uncompute is free"
qt_ltc8,g00013,and,13,13 0 4,10,g00036,ccz t4,ccz:CCZ=1 t4:T=4,1 1,"Toffoli is a CCZ up to Cliffords; one CCZ state (Gidney & Fowler 2019) | Gidney 2018 temporary AND: 4 T to compute, 0 to uncompute","Toffoli = CCZ up to Clifford conjugation; 7-T forms are exact Clifford+T decompositions; 4-T form is exact given one clean ancilla and feed-forward; compute half of a temporary AND, uncompute is free"
qt_ltc8,g00015,and,15,14 0 5,12,g00034,ccz t4,ccz:CCZ=1 t4:T=4,1 1,"Toffoli is a CCZ up to Cliffords; one CCZ state (Gidney & Fowler 2019) | Gidney 2018 temporary AND: 4 T to compute, 0 to uncompute","Toffoli = CCZ up to Clifford conjugation; 7-T forms are exact Clifford+T decompositions; 4-T form is exact given one clean ancilla and feed-forward; compute half of a temporary AND, uncompute is free"
qt_ltc8,g00017,and,17,15 0 6,14,g00031,ccz t4,ccz:CCZ=1 t4:T=4,1 1,"Toffoli is a CCZ up to Cliffords; one CCZ state (Gidney & Fowler 2019) | Gidney 2018 temporary AND: 4 T to compute, 0 to uncompute","Toffoli = CCZ up to Clifford conjugation; 7-T forms are exact Clifford+T decompositions; 4-T form is exact given one clean ancilla and feed-forward; compute half of a temporary AND, uncompute is free"
qt_ltc8,g00020,and,20,16 0 7,17,g00029,ccz t4,ccz:CCZ=1 t4:T=4,1 1,"Toffoli is a CCZ up to Cliffords; one CCZ state (Gidney & Fowler 2019) | Gidney 2018 temporary AND: 4 T to compute, 0 to uncompute","Toffoli = CCZ up to Clifford conjugation; 7-T forms are exact Clifford+T decompositions; 4-T form is exact given one clean ancilla and feed-forward; compute half of a temporary AND, uncompute is free"
qt_ltc8,g00022,and,22,17 0 8,19,g00026,ccz t4,ccz:CCZ=1 t4:T=4,1 1,"Toffoli is a CCZ up to Cliffords; one CCZ state (Gidney & Fowler 2019) | Gidney 2018 temporary AND: 4 T to compute, 0 to uncompute","Toffoli = CCZ up to Clifford conjugation; 7-T forms are exact Clifford+T decompositions; 4-T form is exact given one clean ancilla and feed-forward; compute half of a temporary AND, uncompute is free"
qt_ltc8,g00026,and_uncompute,26,17 0 8,23,g00022,uncompute_and_meas,uncompute_and_meas:clifford,0,"Gidney 2018: measurement-based uncomputation of a temporary AND, no magic states; legal because the paired compute writes a fresh ancilla and no control is written in between",Erasing the ancilla that holds the AND reproduces the second Toffoli exactly because both controls are unchanged since the compute
qt_ltc8,g00029,and_uncompute,29,16 0 7,25,g00020,uncompute_and_meas,uncompute_and_meas:clifford,0,"Gidney 2018: measurement-based uncomputation of a temporary AND, no magic states; legal because the paired compute writes a fresh ancilla and no control is written in between",Erasing the ancilla that holds the AND reproduces the second Toffoli exactly because both controls are unchanged since the compute
qt_ltc8,g00031,and_uncompute,31,15 0 6,27,g00017,uncompute_and_meas,uncompute_and_meas:clifford,0,"Gidney 2018: measurement-based uncomputation of a temporary AND, no magic states; legal because the paired compute writes a fresh ancilla and no control is written in between",Erasing the ancilla that holds the AND reproduces the second Toffoli exactly because both controls are unchanged since the compute
qt_ltc8,g00034,and_uncompute,34,14 0 5,29,g00015,uncompute_and_meas,uncompute_and_meas:clifford,0,"Gidney 2018: measurement-based uncomputation of a temporary AND, no magic states; legal because the paired compute writes a fresh ancilla and no control is written in between",Erasing the ancilla that holds the AND reproduces the second Toffoli exactly because both controls are unchanged since the compute
qt_ltc8,g00036,and_uncompute,36,13 0 4,31,g00013,uncompute_and_meas,uncompute_and_meas:clifford,0,"Gidney 2018: measurement-based uncomputation of a temporary AND, no magic states; legal because the paired compute writes a fresh ancilla and no control is written in between",Erasing the ancilla that holds the AND reproduces the second Toffoli exactly because both controls are unchanged since the compute
qt_ltc8,g00038,and_uncompute,38,12 0 3,33,g00010,uncompute_and_meas,uncompute_and_meas:clifford,0,"Gidney 2018: measurement-based uncomputation of a temporary AND, no magic states; legal because the paired compute writes a fresh ancilla and no control is written in between",Erasing the ancilla that holds the AND reproduces the second Toffoli exactly because both controls are unchanged since the compute
qt_ltc8,g00041,and_uncompute,41,11 0 2,35,g00007,uncompute_and_meas,uncompute_and_meas:clifford,0,"Gidney 2018: measurement-based uncomputation of a temporary AND, no magic states; legal because the paired compute writes a fresh ancilla and no control is written in between",Erasing the ancilla that holds the AND reproduces the second Toffoli exactly because both controls are unchanged since the compute
qt_ltc8,g00044,and_uncompute,44,10 0 1,37,g00005,uncompute_and_meas,uncompute_and_meas:clifford,0,"Gidney 2018: measurement-based uncomputation of a temporary AND, no magic states; legal because the paired compute writes a fresh ancilla and no control is written in between",Erasing the ancilla that holds the AND reproduces the second Toffoli exactly because both controls are unchanged since the compute
qt_gt8,g00024,and,24,23 0 1,3,g00158,ccz t4,ccz:CCZ=1 t4:T=4,1 1,"Toffoli is a CCZ up to Cliffords; one CCZ state (Gidney & Fowler 2019) | Gidney 2018 temporary AND: 4 T to compute, 0 to uncompute","Toffoli = CCZ up to Clifford conjugation; 7-T forms are exact Clifford+T decompositions; 4-T form is exact given one clean ancilla and feed-forward; compute half of a temporary AND, uncompute is free"
qt_gt8,g00025,and,25,25 16 17,3,g00163,ccz t4,ccz:CCZ=1 t4:T=4,1 1,"Toffoli is a CCZ up to Cliffords; one CCZ state (Gidney & Fowler 2019) | Gidney 2018 temporary AND: 4 T to compute, 0 to uncompute","Toffoli = CCZ up to Clifford conjugation; 7-T forms are exact Clifford+T decompositions; 4-T form is exact given one clean ancilla and feed-forward; compute half of a temporary AND, uncompute is free"
qt_gt8,g00026,and,26,27 19 20,3,g00161,ccz t4,ccz:CCZ=1 t4:T=4,1 1,"Toffoli is a CCZ up to Cliffords; one CCZ state (Gidney & Fowler 2019) | Gidney 2018 temporary AND: 4 T to compute, 0 to uncompute","Toffoli = CCZ up to Clifford conjugation; 7-T forms are exact Clifford+T decompositions; 4-T form is exact given one clean ancilla and feed-forward; compute half of a temporary AND, uncompute is free"
qt_gt8,g00027,and,27,29 22 2,3,g00167,ccz t4,ccz:CCZ=1 t4:T=4,1 1,"Toffoli is a CCZ up to Cliffords; one CCZ state (Gidney & Fowler 2019) | Gidney 2018 temporary AND: 4 T to compute, 0 to uncompute","Toffoli = CCZ up to Clifford conjugation; 7-T forms are exact Clifford+T decompositions; 4-T form is exact given one clean ancilla and feed-forward; compute half of a temporary AND, uncompute is free"
qt_gt8,g00029,and,29,23 32 12,4,g00153,ccz t4,ccz:CCZ=1 t4:T=4,1 1,"Toffoli is a CCZ up to Cliffords; one CCZ state (Gidney & Fowler 2019) | Gidney 2018 temporary AND: 4 T to compute, 0 to uncompute","Toffoli = CCZ up to Clifford conjugation; 7-T forms are exact Clifford+T decompositions; 4-T form is exact given one clean ancilla and feed-forward; compute half of a temporary AND, uncompute is free"
qt_gt8,g00031,and,31,25 34 18,4,g00157,ccz t4,ccz:CCZ=1 t4:T=4,1 1,"Toffoli is a CCZ up to Cliffords; one CCZ state (Gidney & Fowler 2019) | Gidney 2018 temporary AND: 4 T to compute, 0 to uncompute","Toffoli = CCZ up to Clifford conjugation; 7-T forms are exact Clifford+T decompositions; 4-T form is exact given one clean ancilla and feed-forward; compute half of a temporary AND, uncompute is free"
qt_gt8,g00033,and,33,27 36 21,4,g00156,ccz t4,ccz:CCZ=1 t4:T=4,1 1,"Toffoli is a CCZ up to Cliffords; one CCZ state (Gidney & Fowler 2019) | Gidney 2018 temporary AND: 4 T to compute, 0 to uncompute","Toffoli = CCZ up to Clifford conjugation; 7-T forms are exact Clifford+T decompositions; 4-T form is exact given one clean ancilla and feed-forward; compute half of a temporary AND, uncompute is free"
qt_gt8,g00035,and,35,29 38 3,4,g00160,ccz t4,ccz:CCZ=1 t4:T=4,1 1,"Toffoli is a CCZ up to Cliffords; one CCZ state (Gidney & Fowler 2019) | Gidney 2018 temporary AND: 4 T to compute, 0 to uncompute","Toffoli = CCZ up to Clifford conjugation; 7-T forms are exact Clifford+T decompositions; 4-T form is exact given one clean ancilla and feed-forward; compute half of a temporary AND, uncompute is free"
qt_gt8,g00060,and,60,24 4 5,10,g00123,ccz t4,ccz:CCZ=1 t4:T=4,1 1,"Toffoli is a CCZ up to Cliffords; one CCZ state (Gidney & Fowler 2019) | Gidney 2018 temporary AND: 4 T to compute, 0 to uncompute","Toffoli = CCZ up to Clifford conjugation; 7-T forms are exact Clifford+T decompositions; 4-T form is exact given one clean ancilla and feed-forward; compute half of a temporary AND, uncompute is free"
qt_gt8,g00061,and,61,28 7 8,10,g00125,ccz t4,ccz:CCZ=1 t4:T=4,1 1,"Toffoli is a CCZ up to Cliffords; one CCZ state (Gidney & Fowler 2019) | Gidney 2018 temporary AND: 4 T to compute, 0 to uncompute","Toffoli = CCZ up to Clifford conjugation; 7-T forms are exact Clifford+T decompositions; 4-T form is exact given one clean ancilla and feed-forward; compute half of a temporary AND, uncompute is free"
qt_gt8,g00063,and,63,24 34 6,11,g00121,ccz t4,ccz:CCZ=1 t4:T=4,1 1,"Toffoli is a CCZ up to Cliffords; one CCZ state (Gidney & Fowler 2019) | Gidney 2018 temporary AND: 4 T to compute, 0 to uncompute","Toffoli = CCZ up to Clifford conjugation; 7-T forms are exact Clifford+T decompositions; 4-T form is exact given one clean ancilla and feed-forward; compute half of a temporary AND, uncompute is free"
qt_gt8,g00065,and,65,28 38 9,11,g00122,ccz t4,ccz:CCZ=1 t4:T=4,1 1,"Toffoli is a CCZ up to Cliffords; one CCZ state (Gidney & Fowler 2019) | Gidney 2018 temporary AND: 4 T to compute, 0 to uncompute","Toffoli = CCZ up to Clifford conjugation; 7-T forms are exact Clifford+T decompositions; 4-T form is exact given one clean ancilla and feed-forward; compute half of a temporary AND, uncompute is free"
qt_gt8,g00078,and,78,26 10 11,17,g00105,ccz t4,ccz:CCZ=1 t4:T=4,1 1,"Toffoli is a CCZ up to Cliffords; one CCZ state (Gidney & Fowler 2019) | Gidney 2018 temporary AND: 4 T to compute, 0 to uncompute","Toffoli = CCZ up to Clifford conjugation; 7-T forms are exact Clifford+T decompositions; 4-T form is exact given one clean ancilla and feed-forward; compute half of a temporary AND, uncompute is free"
qt_gt8,g00080,and,80,26 38 13,18,g00104,ccz t4,ccz:CCZ=1 t4:T=4,1 1,"Toffoli is a CCZ up to Cliffords; one CCZ state (Gidney & Fowler 2019) | Gidney 2018 temporary AND: 4 T to compute, 0 to uncompute","Toffoli = CCZ up to Clifford conjugation; 7-T forms are exact Clifford+T decompositions; 4-T form is exact given one clean ancilla and feed-forward; compute half of a temporary AND, uncompute is free"
qt_gt8,g00085,and,85,30 38 14,22,g00098,ccz t4,ccz:CCZ=1 t4:T=4,1 1,"Toffoli is a CCZ up to Cliffords; one CCZ state (Gidney & Fowler 2019) | Gidney 2018 temporary AND: 4 T to compute, 0 to uncompute","Toffoli = CCZ up to Clifford conjugation; 7-T forms are exact Clifford+T decompositions; 4-T form is exact given one clean ancilla and feed-forward; compute half of a temporary AND, uncompute is free"
qt_gt8,g00098,and_uncompute,98,30 38 14,32,g00085,uncompute_and_meas,uncompute_and_meas:clifford,0,"Gidney 2018: measurement-based uncomputation of a temporary AND, no magic states; legal because the paired compute writes a fresh ancilla and no control is written in between",Erasing the ancilla that holds the AND reproduces the second Toffoli exactly because both controls are unchanged since the compute
qt_gt8,g00104,and_uncompute,104,26 38 13,36,g00080,uncompute_and_meas,uncompute_and_meas:clifford,0,"Gidney 2018: measurement-based uncomputation of a temporary AND, no magic states; legal because the paired compute writes a fresh ancilla and no control is written in between",Erasing the ancilla that holds the AND reproduces the second Toffoli exactly because both controls are unchanged since the compute
qt_gt8,g00105,and_uncompute,105,26 10 11,37,g00078,uncompute_and_meas,uncompute_and_meas:clifford,0,"Gidney 2018: measurement-based uncomputation of a temporary AND, no magic states; legal because the paired compute writes a fresh ancilla and no control is written in between",Erasing the ancilla that holds the AND reproduces the second Toffoli exactly because both controls are unchanged since the compute
qt_gt8,g00121,and_uncompute,121,24 34 6,42,g00063,uncompute_and_meas,uncompute_and_meas:clifford,0,"Gidney 2018: measurement-based uncomputation of a temporary AND, no magic states; legal because the paired compute writes a fresh ancilla and no control is written in between",Erasing the ancilla that holds the AND reproduces the second Toffoli exactly because both controls are unchanged since the compute
qt_gt8,g00122,and_uncompute,122,28 38 9,43,g00065,uncompute_and_meas,uncompute_and_meas:clifford,0,"Gidney 2018: measurement-based uncomputation of a temporary AND, no magic states; legal because the paired compute writes a fresh ancilla and no control is written in between",Erasing the ancilla that holds the AND reproduces the second Toffoli exactly because both controls are unchanged since the compute
qt_gt8,g00123,and_uncompute,123,24 4 5,43,g00060,uncompute_and_meas,uncompute_and_meas:clifford,0,"Gidney 2018: measurement-based uncomputation of a temporary AND, no magic states; legal because the paired compute writes a fresh ancilla and no control is written in between",Erasing the ancilla that holds the AND reproduces the second Toffoli exactly because both controls are unchanged since the compute
qt_gt8,g00125,and_uncompute,125,28 7 8,44,g00061,uncompute_and_meas,uncompute_and_meas:clifford,0,"Gidney 2018: measurement-based uncomputation of a temporary AND, no magic states; legal because the paired compute writes a fresh ancilla and no control is written in between",Erasing the ancilla that holds the AND reproduces the second Toffoli exactly because both controls are unchanged since the compute
qt_gt8,g00153,and_uncompute,153,23 32 12,48,g00029,uncompute_and_meas,uncompute_and_meas:clifford,0,"Gidney 2018: measurement-based uncomputation of a temporary AND, no magic states; legal because the paired compute writes a fresh ancilla and no control is written in between",Erasing the ancilla that holds the AND reproduces the second Toffoli exactly because both controls are unchanged since the compute
qt_gt8,g00156,and_uncompute,156,27 36 21,49,g00033,uncompute_and_meas,uncompute_and_meas:clifford,0,"Gidney 2018: measurement-based uncomputation of a temporary AND, no magic states; legal because the paired compute writes a fresh ancilla and no control is written in between",Erasing the ancilla that holds the AND reproduces the second Toffoli exactly because both controls are unchanged since the compute
qt_gt8,g00157,and_uncompute,157,25 34 18,49,g00031,uncompute_and_meas,uncompute_and_meas:clifford,0,"Gidney 2018: measurement-based uncomputation of a temporary AND, no magic states; legal because the paired compute writes a fresh ancilla and no control is written in between",Erasing the ancilla that holds the AND reproduces the second Toffoli exactly because both controls are unchanged since the compute
qt_gt8,g00158,and_uncompute,158,23 0 1,49,g00024,uncompute_and_meas,uncompute_and_meas:clifford,0,"Gidney 2018: measurement-based uncomputation of a temporary AND, no magic states; legal because the paired compute writes a fresh ancilla and no control is written in between",Erasing the ancilla that holds the AND reproduces the second Toffoli exactly because both controls are unchanged since the compute
qt_gt8,g00160,and_uncompute,160,29 38 3,50,g00035,uncompute_and_meas,uncompute_and_meas:clifford,0,"Gidney 2018: measurement-based uncomputation of a temporary AND, no magic states; legal because the paired compute writes a fresh ancilla and no control is written in between",Erasing the ancilla that holds the AND reproduces the second Toffoli exactly because both controls are unchanged since the compute
qt_gt8,g00161,and_uncompute,161,27 19 20,50,g00026,uncompute_and_meas,uncompute_and_meas:clifford,0,"Gidney 2018: measurement-based uncomputation of a temporary AND, no magic states; legal because the paired compute writes a fresh ancilla and no control is written in between",Erasing the ancilla that holds the AND reproduces the second Toffoli exactly because both controls are unchanged since the compute
qt_gt8,g00163,and_uncompute,163,25 16 17,50,g00025,uncompute_and_meas,uncompute_and_meas:clifford,0,"Gidney 2018: measurement-based uncomputation of a temporary AND, no magic states; legal because the paired compute writes a fresh ancilla and no control is written in between",Erasing the ancilla that holds the AND reproduces the second Toffoli exactly because both controls are unchanged since the compute
qt_gt8,g00167,and_uncompute,167,29 22 2,51,g00027,uncompute_and_meas,uncompute_and_meas:clifford,0,"Gidney 2018: measurement-based uncomputation of a temporary AND, no magic states; legal because the paired compute writes a fresh ancilla and no control is written in between",Erasing the ancilla that holds the AND reproduces the second Toffoli exactly because both controls are unchanged since the compute
qt_modadd8,g00000,and,0,59 67 12,1,g00062,ccz t4,ccz:CCZ=1 t4:T=4,1 1,"Toffoli is a CCZ up to Cliffords; one CCZ state (Gidney & Fowler 2019) | Gidney 2018 temporary AND: 4 T to compute, 0 to uncompute","Toffoli = CCZ up to Clifford conjugation; 7-T forms are exact Clifford+T decompositions; 4-T form is exact given one clean ancilla and feed-forward; compute half of a temporary AND, uncompute is free"
qt_modadd8,g00007,and,7,58 66 23,4,g00060,ccz t4,ccz:CCZ=1 t4:T=4,1 1,"Toffoli is a CCZ up to Cliffords; one CCZ state (Gidney & Fowler 2019) | Gidney 2018 temporary AND: 4 T to compute, 0 to uncompute","Toffoli = CCZ up to Clifford conjugation; 7-T forms are exact Clifford+T decompositions; 4-T form is exact given one clean ancilla and feed-forward; compute half of a temporary AND, uncompute is free"
qt_modadd8,g00011,and,11,57 65 34,8,g00056,ccz t4,ccz:CCZ=1 t4:T=4,1 1,"Toffoli is a CCZ up to Cliffords; one CCZ state (Gidney & Fowler 2019) | Gidney 2018 temporary AND: 4 T to compute, 0 to uncompute","Toffoli = CCZ up to Clifford conjugation; 7-T forms are exact Clifford+T decompositions; 4-T form is exact given one clean ancilla and feed-forward; compute half of a temporary AND, uncompute is free"
qt_modadd8,g00015,and,15,56 64 45,12,g00052,ccz t4,ccz:CCZ=1 t4:T=4,1 1,"Toffoli is a CCZ up to Cliffords; one CCZ state (Gidney & Fowler 2019) | Gidney 2018 temporary AND: 4 T to compute, 0 to uncompute","Toffoli = CCZ up to Clifford conjugation; 7-T forms are exact Clifford+T decompositions; 4-T form is exact given one clean ancilla and feed-forward; compute half of a temporary AND, uncompute is free"
qt_modadd8,g00019,and,19,55 63 48,16,g00048,ccz t4,ccz:CCZ=1 t4:T=4,1 1,"Toffoli is a CCZ up to Cliffords; one CCZ state (Gidney & Fowler 2019) | Gidney 2018 temporary AND: 4 T to compute, 0 to uncompute","Toffoli = CCZ up to Clifford conjugation; 7-T forms are exact Clifford+T decompositions; 4-T form is exact given one clean ancilla and feed-forward; compute half of a temporary AND, uncompute is free"
qt_modadd8,g00023,and,23,54 62 49,20,g00044,ccz t4,ccz:CCZ=1 t4:T=4,1 1,"Toffoli is a CCZ up to Cliffords; one CCZ state (Gidney & Fowler 2019) | Gidney 2018 temporary AND: 4 T to compute, 0 to uncompute","Toffoli = CCZ up to Clifford conjugation; 7-T forms are exact Clifford+T decompositions; 4-T form is exact given one clean ancilla and feed-forward; compute half of a temporary AND, uncompute is free"
qt_modadd8,g00027,and,27,53 61 50,24,g00040,ccz t4,ccz:CCZ=1 t4:T=4,1 1,"Toffoli is a CCZ up to Cliffords; one CCZ state (Gidney & Fowler 2019) | Gidney 2018 temporary AND: 4 T to compute, 0 to uncompute","Toffoli = CCZ up to Clifford conjugation; 7-T forms are exact Clifford+T decompositions; 4-T form is exact given one clean ancilla and feed-forward; compute half of a temporary AND, uncompute is free"
qt_modadd8,g00031,and,31,52 60 51,28,g00036,ccz t4,ccz:CCZ=1 t4:T=4,1 1,"Toffoli is a CCZ up to Cliffords; one CCZ state (Gidney & Fowler 2019) | Gidney 2018 temporary AND: 4 T to compute, 0 to uncompute","Toffoli = CCZ up to Clifford conjugation; 7-T forms are exact Clifford+T decompositions; 4-T form is exact given one clean ancilla and feed-forward; compute half of a temporary AND, uncompute is free"
qt_modadd8,g00036,and_uncompute,36,52 60 51,32,g00031,uncompute_and_meas,uncompute_and_meas:clifford,0,"Gidney 2018: measurement-based uncomputation of a temporary AND, no magic states; legal because the paired compute writes a fresh ancilla and no control is written in between",Erasing the ancilla that holds the AND reproduces the second Toffoli exactly because both controls are unchanged since the compute
qt_modadd8,g00040,and_uncompute,40,53 61 50,35,g00027,uncompute_and_meas,uncompute_and_meas:clifford,0,"Gidney 2018: measurement-based uncomputation of a temporary AND, no magic states; legal because the paired compute writes a fresh ancilla and no control is written in between",Erasing the ancilla that holds the AND reproduces the second Toffoli exactly because both controls are unchanged since the compute
qt_modadd8,g00044,and_uncompute,44,54 62 49,38,g00023,uncompute_and_meas,uncompute_and_meas:clifford,0,"Gidney 2018: measurement-based uncomputation of a temporary AND, no magic states; legal because the paired compute writes a fresh ancilla and no control is written in between",Erasing the ancilla that holds the AND reproduces the second Toffoli exactly because both controls are unchanged since the compute
qt_modadd8,g00048,and_uncompute,48,55 63 48,41,g00019,uncompute_and_meas,uncompute_and_meas:clifford,0,"Gidney 2018: measurement-based uncomputation of a temporary AND, no magic states; legal because the paired compute writes a fresh ancilla and no control is written in between",Erasing the ancilla that holds the AND reproduces the second Toffoli exactly because both controls are unchanged since the compute
qt_modadd8,g00052,and_uncompute,52,56 64 45,44,g00015,uncompute_and_meas,uncompute_and_meas:clifford,0,"Gidney 2018: measurement-based uncomputation of a temporary AND, no magic states; legal because the paired compute writes a fresh ancilla and no control is written in between",Erasing the ancilla that holds the AND reproduces the second Toffoli exactly because both controls are unchanged since the compute
qt_modadd8,g00056,and_uncompute,56,57 65 34,47,g00011,uncompute_and_meas,uncompute_and_meas:clifford,0,"Gidney 2018: measurement-based uncomputation of a temporary AND, no magic states; legal because the paired compute writes a fresh ancilla and no control is written in between",Erasing the ancilla that holds the AND reproduces the second Toffoli exactly because both controls are unchanged since the compute
qt_modadd8,g00060,and_uncompute,60,58 66 23,50,g00007,uncompute_and_meas,uncompute_and_meas:clifford,0,"Gidney 2018: measurement-based uncomputation of a temporary AND, no magic states; legal because the paired compute writes a fresh ancilla and no control is written in between",Erasing the ancilla that holds the AND reproduces the second Toffoli exactly because both controls are unchanged since the compute
qt_modadd8,g00062,and_uncompute,62,59 67 12,52,g00000,uncompute_and_meas,uncompute_and_meas:clifford,0,"Gidney 2018: measurement-based uncomputation of a temporary AND, no magic states; legal because the paired compute writes a fresh ancilla and no control is written in between",Erasing the ancilla that holds the AND reproduces the second Toffoli exactly because both controls are unchanged since the compute
qt_modadd8,g00065,and,65,10 67 11,54,g00132,ccz t4,ccz:CCZ=1 t4:T=4,1 1,"Toffoli is a CCZ up to Cliffords; one CCZ state (Gidney & Fowler 2019) | Gidney 2018 temporary AND: 4 T to compute, 0 to uncompute","Toffoli = CCZ up to Clifford conjugation; 7-T forms are exact Clifford+T decompositions; 4-T form is exact given one clean ancilla and feed-forward; compute half of a temporary AND, uncompute is free"
qt_modadd8,g00068,and,68,9 66 13,57,g00129,ccz t4,ccz:CCZ=1 t4:T=4,1 1,"Toffoli is a CCZ up to Cliffords; one CCZ state (Gidney & Fowler 2019) | Gidney 2018 temporary AND: 4 T to compute, 0 to uncompute","Toffoli = CCZ up to Clifford conjugation; 7-T forms are exact Clifford+T decompositions; 4-T form is exact given one clean ancilla and feed-forward; compute half of a temporary AND, uncompute is free"
qt_modadd8,g00072,and,72,8 65 14,61,g00125,ccz t4,ccz:CCZ=1 t4:T=4,1 1,"Toffoli is a CCZ up to Cliffords; one CCZ state (Gidney & Fowler 2019) | Gidney 2018 temporary AND: 4 T to compute, 0 to uncompute","Toffoli = CCZ up to Clifford conjugation; 7-T forms are exact Clifford+T decompositions; 4-T form is exact given one clean ancilla and feed-forward; compute half of a temporary AND, uncompute is free"
qt_modadd8,g00076,and,76,7 64 15,65,g00121,ccz t4,ccz:CCZ=1 t4:T=4,1 1,"Toffoli is a CCZ up to Cliffords; one CCZ state (Gidney & Fowler 2019) | Gidney 2018 temporary AND: 4 T to compute, 0 to uncompute","Toffoli = CCZ up to Clifford conjugation; 7-T forms are exact Clifford+T decompositions; 4-T form is exact given one clean ancilla and feed-forward; compute half of a temporary AND, uncompute is free"
qt_modadd8,g00080,and,80,6 63 16,69,g00117,ccz t4,ccz:CCZ=1 t4:T=4,1 1,"Toffoli is a CCZ up to Cliffords; one CCZ state (Gidney & Fowler 2019) | Gidney 2018 temporary AND: 4 T to compute, 0 to uncompute","Toffoli = CCZ up to Clifford conjugation; 7-T forms are exact Clifford+T decompositions; 4-T form is exact given one clean ancilla and feed-forward; compute half of a temporary AND, uncompute is free"
qt_modadd8,g00084,and,84,5 62 17,73,g00112,ccz t4,ccz:CCZ=1 t4:T=4,1 1,"Toffoli is a CCZ up to Cliffords; one CCZ state (Gidney & Fowler 2019) | Gidney 2018 temporary AND: 4 T to compute, 0 to uncompute","Toffoli = CCZ up to Clifford conjugation; 7-T forms are exact Clifford+T decompositions; 4-T form is exact given one clean ancilla and feed-forward; compute half of a temporary AND, uncompute is free"
qt_modadd8,g00088,and,88,4 61 18,77,g00105,ccz t4,ccz:CCZ=1 t4:T=4,1 1,"Toffoli is a CCZ up to Cliffords; one CCZ state (Gidney & Fowler 2019) | Gidney 2018 temporary AND: 4 T to compute, 0 to uncompute","Toffoli = CCZ up to Clifford conjugation; 7-T forms are exact Clifford+T decompositions; 4-T form is exact given one clean ancilla and feed-forward; compute half of a temporary AND, uncompute is free"
qt_modadd8,g00092,and,92,3 60 19,81,g00097,ccz t4,ccz:CCZ=1 t4:T=4,1 1,"Toffoli is a CCZ up to Cliffords; one CCZ state (Gidney & Fowler 2019) | Gidney 2018 temporary AND: 4 T to compute, 0 to uncompute","Toffoli = CCZ up to Clifford conjugation; 7-T forms are exact Clifford+T decompositions; 4-T form is exact given one clean ancilla and feed-forward; compute half of a temporary AND, uncompute is free"
qt_modadd8,g00097,and_uncompute,97,3 60 19,85,g00092,uncompute_and_meas,uncompute_and_meas:clifford,0,"Gidney 2018: measurement-based uncomputation of a temporary AND, no magic states; legal because the paired compute writes a fresh ancilla and no control is written in between",Erasing the ancilla that holds the AND reproduces the second Toffoli exactly because both controls are unchanged since the compute
qt_modadd8,g00105,and_uncompute,105,4 61 18,88,g00088,uncompute_and_meas,uncompute_and_meas:clifford,0,"Gidney 2018: measurement-based uncomputation of a temporary AND, no magic states; legal because the paired compute writes a fresh ancilla and no control is written in between",Erasing the ancilla that holds the AND reproduces the second Toffoli exactly because both controls are unchanged since the compute
qt_modadd8,g00112,and_uncompute,112,5 62 17,91,g00084,uncompute_and_meas,uncompute_and_meas:clifford,0,"Gidney 2018: measurement-based uncomputation of a temporary AND, no magic states; legal because the paired compute writes a fresh ancilla and no control is written in between",Erasing the ancilla that holds the AND reproduces the second Toffoli exactly because both controls are unchanged since the compute
qt_modadd8,g00117,and_uncompute,117,6 63 16,94,g00080,uncompute_and_meas,uncompute_and_meas:clifford,0,"Gidney 2018: measurement-based uncomputation of a temporary AND, no magic states; legal because the paired compute writes a fresh ancilla and no control is written in between",Erasing the ancilla that holds the AND reproduces the second Toffoli exactly because both controls are unchanged since the compute
qt_modadd8,g00121,and_uncompute,121,7 64 15,97,g00076,uncompute_and_meas,uncompute_and_meas:clifford,0,"Gidney 2018: measurement-based uncomputation of a temporary AND, no magic states; legal because the paired compute writes a fresh ancilla and no control is written in between",Erasing the ancilla that holds the AND reproduces the second Toffoli exactly because both controls are unchanged since the compute
qt_modadd8,g00125,and_uncompute,125,8 65 14,100,g00072,uncompute_and_meas,uncompute_and_meas:clifford,0,"Gidney 2018: measurement-based uncomputation of a temporary AND, no magic states; legal because the paired compute writes a fresh ancilla and no control is written in between",Erasing the ancilla that holds the AND reproduces the second Toffoli exactly because both controls are unchanged since the compute
qt_modadd8,g00129,and_uncompute,129,9 66 13,103,g00068,uncompute_and_meas,uncompute_and_meas:clifford,0,"Gidney 2018: measurement-based uncomputation of a temporary AND, no magic states; legal because the paired compute writes a fresh ancilla and no control is written in between",Erasing the ancilla that holds the AND reproduces the second Toffoli exactly because both controls are unchanged since the compute
qt_modadd8,g00132,and_uncompute,132,10 67 11,105,g00065,uncompute_and_meas,uncompute_and_meas:clifford,0,"Gidney 2018: measurement-based uncomputation of a temporary AND, no magic states; legal because the paired compute writes a fresh ancilla and no control is written in between",Erasing the ancilla that holds the AND reproduces the second Toffoli exactly because both controls are unchanged since the compute
qt_modadd8,g00136,and,136,28 67 29,107,g00197,ccz t4,ccz:CCZ=1 t4:T=4,1 1,"Toffoli is a CCZ up to Cliffords; one CCZ state (Gidney & Fowler 2019) | Gidney 2018 temporary AND: 4 T to compute, 0 to uncompute","Toffoli = CCZ up to Clifford conjugation; 7-T forms are exact Clifford+T decompositions; 4-T form is exact given one clean ancilla and feed-forward; compute half of a temporary AND, uncompute is free"
qt_modadd8,g00139,and,139,27 66 30,110,g00194,ccz t4,ccz:CCZ=1 t4:T=4,1 1,"Toffoli is a CCZ up to Cliffords; one CCZ state (Gidney & Fowler 2019) | Gidney 2018 temporary AND: 4 T to compute, 0 to uncompute","Toffoli = CCZ up to Clifford conjugation; 7-T forms are exact Clifford+T decompositions; 4-T form is exact given one clean ancilla and feed-forward; compute half of a temporary AND, uncompute is free"
qt_modadd8,g00143,and,143,26 65 31,114,g00188,ccz t4,ccz:CCZ=1 t4:T=4,1 1,"Toffoli is a CCZ up to Cliffords; one CCZ state (Gidney & Fowler 2019) | Gidney 2018 temporary AND: 4 T to compute, 0 to uncompute","Toffoli = CCZ up to Clifford conjugation; 7-T forms are exact Clifford+T decompositions; 4-T form is exact given one clean ancilla and feed-forward; compute half of a temporary AND, uncompute is free"
qt_modadd8,g00147,and,147,25 64 32,118,g00182,ccz t4,ccz:CCZ=1 t4:T=4,1 1,"Toffoli is a CCZ up to Cliffords; one CCZ state (Gidney & Fowler 2019) | Gidney 2018 temporary AND: 4 T to compute, 0 to uncompute","Toffoli = CCZ up to Clifford conjugation; 7-T forms are exact Clifford+T decompositions; 4-T form is exact given one clean ancilla and feed-forward; compute half of a temporary AND, uncompute is free"
qt_modadd8,g00151,and,151,24 63 33,122,g00176,ccz t4,ccz:CCZ=1 t4:T=4,1 1,"Toffoli is a CCZ up to Cliffords; one CCZ state (Gidney & Fowler 2019) | Gidney 2018 temporary AND: 4 T to compute, 0 to uncompute","Toffoli = CCZ up to Clifford conjugation; 7-T forms are exact Clifford+T decompositions; 4-T form is exact given one clean ancilla and feed-forward; compute half of a temporary AND, uncompute is free"
qt_modadd8,g00155,and,155,22 62 35,126,g00170,ccz t4,ccz:CCZ=1 t4:T=4,1 1,"Toffoli is a CCZ up to Cliffords; one CCZ state (Gidney & Fowler 2019) | Gidney 2018 temporary AND: 4 T to compute, 0 to uncompute","Toffoli = CCZ up to Clifford conjugation; 7-T forms are exact Clifford+T decompositions; 4-T form is exact given one clean ancilla and feed-forward; compute half of a temporary AND, uncompute is free"
qt_modadd8,g00159,and,159,21 61 36,130,g00164,ccz t4,ccz:CCZ=1 t4:T=4,1 1,"Toffoli is a CCZ up to Cliffords; one CCZ state (Gidney & Fowler 2019) | Gidney 2018 temporary AND: 4 T to compute, 0 to uncompute","Toffoli = CCZ up to Clifford conjugation; 7-T forms are exact Clifford+T decompositions; 4-T form is exact given one clean ancilla and feed-forward; compute half of a temporary AND, uncompute is free"
qt_modadd8,g00164,and_uncompute,164,21 61 36,134,g00159,uncompute_and_meas,uncompute_and_meas:clifford,0,"Gidney 2018: measurement-based uncomputation of a temporary AND, no magic states; legal because the paired compute writes a fresh ancilla and no control is written in between",Erasing the ancilla that holds the AND reproduces the second Toffoli exactly because both controls are unchanged since the compute
qt_modadd8,g00170,and_uncompute,170,22 62 35,137,g00155,uncompute_and_meas,uncompute_and_meas:clifford,0,"Gidney 2018: measurement-based uncomputation of a temporary AND, no magic states; legal because the paired compute writes a fresh ancilla and no control is written in between",Erasing the ancilla that holds the AND reproduces the second Toffoli exactly because both controls are unchanged since the compute
qt_modadd8,g00176,and_uncompute,176,24 63 33,140,g00151,uncompute_and_meas,uncompute_and_meas:clifford,0,"Gidney 2018: measurement-based uncomputation of a temporary AND, no magic states; legal because the paired compute writes a fresh ancilla and no control is written in between",Erasing the ancilla that holds the AND reproduces the second Toffoli exactly because both controls are unchanged since the compute
qt_modadd8,g00182,and_uncompute,182,25 64 32,143,g00147,uncompute_and_meas,uncompute_and_meas:clifford,0,"Gidney 2018: measurement-based uncomputation of a temporary AND, no magic states; legal because the paired compute writes a fresh ancilla and no control is written in between",Erasing the ancilla that holds the AND reproduces the second Toffoli exactly because both controls are unchanged since the compute
qt_modadd8,g00188,and_uncompute,188,26 65 31,146,g00143,uncompute_and_meas,uncompute_and_meas:clifford,0,"Gidney 2018: measurement-based uncomputation of a temporary AND, no magic states; legal because the paired compute writes a fresh ancilla and no control is written in between",Erasing the ancilla that holds the AND reproduces the second Toffoli exactly because both controls are unchanged since the compute
qt_modadd8,g00194,and_uncompute,194,27 66 30,149,g00139,uncompute_and_meas,uncompute_and_meas:clifford,0,"Gidney 2018: measurement-based uncomputation of a temporary AND, no magic states; legal because the paired compute writes a fresh ancilla and no control is written in between",Erasing the ancilla that holds the AND reproduces the second Toffoli exactly because both controls are unchanged since the compute
qt_modadd8,g00197,and_uncompute,197,28 67 29,151,g00136,uncompute_and_meas,uncompute_and_meas:clifford,0,"Gidney 2018: measurement-based uncomputation of a temporary AND, no magic states; legal because the paired compute writes a fresh ancilla and no control is written in between",Erasing the ancilla that holds the AND reproduces the second Toffoli exactly because both controls are unchanged since the compute
qt_modadd8,g00204,and,204,67 59 39,154,g00276,ccz t4,ccz:CCZ=1 t4:T=4,1 1,"Toffoli is a CCZ up to Cliffords; one CCZ state (Gidney & Fowler 2019) | Gidney 2018 temporary AND: 4 T to compute, 0 to uncompute","Toffoli = CCZ up to Clifford conjugation; 7-T forms are exact Clifford+T decompositions; 4-T form is exact given one clean ancilla and feed-forward; compute half of a temporary AND, uncompute is free"
qt_modadd8,g00207,and,207,66 58 40,157,g00273,ccz t4,ccz:CCZ=1 t4:T=4,1 1,"Toffoli is a CCZ up to Cliffords; one CCZ state (Gidney & Fowler 2019) | Gidney 2018 temporary AND: 4 T to compute, 0 to uncompute","Toffoli = CCZ up to Clifford conjugation; 7-T forms are exact Clifford+T decompositions; 4-T form is exact given one clean ancilla and feed-forward; compute half of a temporary AND, uncompute is free"
qt_modadd8,g00211,and,211,65 57 41,161,g00268,ccz t4,ccz:CCZ=1 t4:T=4,1 1,"Toffoli is a CCZ up to Cliffords; one CCZ state (Gidney & Fowler 2019) | Gidney 2018 temporary AND: 4 T to compute, 0 to uncompute","Toffoli = CCZ up to Clifford conjugation; 7-T forms are exact Clifford+T decompositions; 4-T form is exact given one clean ancilla and feed-forward; compute half of a temporary AND, uncompute is free"
qt_modadd8,g00215,and,215,64 56 42,165,g00263,ccz t4,ccz:CCZ=1 t4:T=4,1 1,"Toffoli is a CCZ up to Cliffords; one CCZ state (Gidney & Fowler 2019) | Gidney 2018 temporary AND: 4 T to compute, 0 to uncompute","Toffoli = CCZ up to Clifford conjugation; 7-T forms are exact Clifford+T decompositions; 4-T form is exact given one clean ancilla and feed-forward; compute half of a temporary AND, uncompute is free"
qt_modadd8,g00219,and,219,63 55 43,169,g00258,ccz t4,ccz:CCZ=1 t4:T=4,1 1,"Toffoli is a CCZ up to Cliffords; one CCZ state (Gidney & Fowler 2019) | Gidney 2018 temporary AND: 4 T to compute, 0 to uncompute","Toffoli = CCZ up to Clifford conjugation; 7-T forms are exact Clifford+T decompositions; 4-T form is exact given one clean ancilla and feed-forward; compute half of a temporary AND, uncompute is free"
qt_modadd8,g00223,and,223,62 54 44,173,g00253,ccz t4,ccz:CCZ=1 t4:T=4,1 1,"Toffoli is a CCZ up to Cliffords; one CCZ state (Gidney & Fowler 2019) | Gidney 2018 temporary AND: 4 T to compute, 0 to uncompute","Toffoli = CCZ up to Clifford conjugation; 7-T forms are exact Clifford+T decompositions; 4-T form is exact given one clean ancilla and feed-forward; compute half of a temporary AND, uncompute is free"
qt_modadd8,g00227,and,227,61 53 46,177,g00248,ccz t4,ccz:CCZ=1 t4:T=4,1 1,"Toffoli is a CCZ up to Cliffords; one CCZ state (Gidney & Fowler 2019) | Gidney 2018 temporary AND: 4 T to compute, 0 to uncompute","Toffoli = CCZ up to Clifford conjugation; 7-T forms are exact Clifford+T decompositions; 4-T form is exact given one clean ancilla and feed-forward; compute half of a temporary AND, uncompute is free"
qt_modadd8,g00231,and,231,60 52 47,181,g00243,ccz t4,ccz:CCZ=1 t4:T=4,1 1,"Toffoli is a CCZ up to Cliffords; one CCZ state (Gidney & Fowler 2019) | Gidney 2018 temporary AND: 4 T to compute, 0 to uncompute","Toffoli = CCZ up to Clifford conjugation; 7-T forms are exact Clifford+T decompositions; 4-T form is exact given one clean ancilla and feed-forward; compute half of a temporary AND, uncompute is free"
qt_modadd8,g00243,and_uncompute,243,60 52 47,191,g00231,uncompute_and_meas,uncompute_and_meas:clifford,0,"Gidney 2018: measurement-based uncomputation of a temporary AND, no magic states; legal because the paired compute writes a fresh ancilla and no control is written in between",Erasing the ancilla that holds the AND reproduces the second Toffoli exactly because both controls are unchanged since the compute
qt_modadd8,g00248,and_uncompute,248,61 53 46,195,g00227,uncompute_and_meas,uncompute_and_meas:clifford,0,"Gidney 2018: measurement-based uncomputation of a temporary AND, no magic states; legal because the paired compute writes a fresh ancilla and no control is written in between",Erasing the ancilla that holds the AND reproduces the second Toffoli exactly because both controls are unchanged since the compute
qt_modadd8,g00253,and_uncompute,253,62 54 44,199,g00223,uncompute_and_meas,uncompute_and_meas:clifford,0,"Gidney 2018: measurement-based uncomputation of a temporary AND, no magic states; legal because the paired compute writes a fresh ancilla and no control is written in between",Erasing the ancilla that holds the AND reproduces the second Toffoli exactly because both controls are unchanged since the compute
qt_modadd8,g00258,and_uncompute,258,63 55 43,203,g00219,uncompute_and_meas,uncompute_and_meas:clifford,0,"Gidney 2018: measurement-based uncomputation of a temporary AND, no magic states; legal because the paired compute writes a fresh ancilla and no control is written in between",Erasing the ancilla that holds the AND reproduces the second Toffoli exactly because both controls are unchanged since the compute
qt_modadd8,g00263,and_uncompute,263,64 56 42,207,g00215,uncompute_and_meas,uncompute_and_meas:clifford,0,"Gidney 2018: measurement-based uncomputation of a temporary AND, no magic states; legal because the paired compute writes a fresh ancilla and no control is written in between",Erasing the ancilla that holds the AND reproduces the second Toffoli exactly because both controls are unchanged since the compute
qt_modadd8,g00268,and_uncompute,268,65 57 41,211,g00211,uncompute_and_meas,uncompute_and_meas:clifford,0,"Gidney 2018: measurement-based uncomputation of a temporary AND, no magic states; legal because the paired compute writes a fresh ancilla and no control is written in between",Erasing the ancilla that holds the AND reproduces the second Toffoli exactly because both controls are unchanged since the compute
qt_modadd8,g00273,and_uncompute,273,66 58 40,215,g00207,uncompute_and_meas,uncompute_and_meas:clifford,0,"Gidney 2018: measurement-based uncomputation of a temporary AND, no magic states; legal because the paired compute writes a fresh ancilla and no control is written in between",Erasing the ancilla that holds the AND reproduces the second Toffoli exactly because both controls are unchanged since the compute
qt_modadd8,g00276,and_uncompute,276,67 59 39,218,g00204,uncompute_and_meas,uncompute_and_meas:clifford,0,"Gidney 2018: measurement-based uncomputation of a temporary AND, no magic states; legal because the paired compute writes a fresh ancilla and no control is written in between",Erasing the ancilla that holds the AND reproduces the second Toffoli exactly because both controls are unchanged since the compute
qt_cmodadd8,g00000,and,0,62 63 0,1,g00087,ccz t4,ccz:CCZ=1 t4:T=4,1 1,"Toffoli is a CCZ up to Cliffords; one CCZ state (Gidney & Fowler 2019) | Gidney 2018 temporary AND: 4 T to compute, 0 to uncompute","Toffoli = CCZ up to Clifford conjugation; 7-T forms are exact Clifford+T decompositions; 4-T form is exact given one clean ancilla and feed-forward; compute half of a temporary AND, uncompute is free"
qt_cmodadd8,g00005,and,5,62 64 1,2,g00085,ccz t4,ccz:CCZ=1 t4:T=4,1 1,"Toffoli is a CCZ up to Cliffords; one CCZ state (Gidney & Fowler 2019) | Gidney 2018 temporary AND: 4 T to compute, 0 to uncompute","Toffoli = CCZ up to Clifford conjugation; 7-T forms are exact Clifford+T decompositions; 4-T form is exact given one clean ancilla and feed-forward; compute half of a temporary AND, uncompute is free"
qt_cmodadd8,g00007,and,7,62 65 12,3,g00083,ccz t4,ccz:CCZ=1 t4:T=4,1 1,"Toffoli is a CCZ up to Cliffords; one CCZ state (Gidney & Fowler 2019) | Gidney 2018 temporary AND: 4 T to compute, 0 to uncompute","Toffoli = CCZ up to Clifford conjugation; 7-T forms are exact Clifford+T decompositions; 4-T form is exact given one clean ancilla and feed-forward; compute half of a temporary AND, uncompute is free"
qt_cmodadd8,g00008,and,8,62 66 23,4,g00081,ccz t4,ccz:CCZ=1 t4:T=4,1 1,"Toffoli is a CCZ up to Cliffords; one CCZ state (Gidney & Fowler 2019) | Gidney 2018 temporary AND: 4 T to compute, 0 to uncompute","Toffoli = CCZ up to Clifford conjugation; 7-T forms are exact Clifford+T decompositions; 4-T form is exact given one clean ancilla and feed-forward; compute half of a temporary AND, uncompute is free"
qt_cmodadd8,g00009,and,9,62 67 34,5,g00079,ccz t4,ccz:CCZ=1 t4:T=4,1 1,"Toffoli is a CCZ up to Cliffords; one CCZ state (Gidney & Fowler 2019) | Gidney 2018 temporary AND: 4 T to compute, 0 to uncompute","Toffoli = CCZ up to Clifford conjugation; 7-T forms are exact Clifford+T decompositions; 4-T form is exact given one clean ancilla and feed-forward; compute half of a temporary AND, uncompute is free"
qt_cmodadd8,g00010,and,10,62 68 45,6,g00077,ccz t4,ccz:CCZ=1 t4:T=4,1 1,"Toffoli is a CCZ up to Cliffords; one CCZ state (Gidney & Fowler 2019) | Gidney 2018 temporary AND: 4 T to compute, 0 to uncompute","Toffoli = CCZ up to Clifford conjugation; 7-T forms are exact Clifford+T decompositions; 4-T form is exact given one clean ancilla and feed-forward; compute half of a temporary AND, uncompute is free"
qt_cmodadd8,g00011,and,11,62 69 56,7,g00075,ccz t4,ccz:CCZ=1 t4:T=4,1 1,"Toffoli is a CCZ up to Cliffords; one CCZ state (Gidney & Fowler 2019) | Gidney 2018 temporary AND: 4 T to compute, 0 to uncompute","Toffoli = CCZ up to Clifford conjugation; 7-T forms are exact Clifford+T decompositions; 4-T form is exact given one clean ancilla and feed-forward; compute half of a temporary AND, uncompute is free"
qt_cmodadd8,g00012,and,12,62 70 59,8,g00073,ccz t4,ccz:CCZ=1 t4:T=4,1 1,"Toffoli is a CCZ up to Cliffords; one CCZ state (Gidney & Fowler 2019) | Gidney 2018 temporary AND: 4 T to compute, 0 to uncompute","Toffoli = CCZ up to Clifford conjugation; 7-T forms are exact Clifford+T decompositions; 4-T form is exact given one clean ancilla and feed-forward; compute half of a temporary AND, uncompute is free"
qt_cmodadd8,g00013,and,13,59 78 61,9,g00070,ccz t4,ccz:CCZ=1 t4:T=4,1 1,"Toffoli is a CCZ up to Cliffords; one CCZ state (Gidney & Fowler 2019) | Gidney 2018 temporary AND: 4 T to compute, 0 to uncompute","Toffoli = CCZ up to Clifford conjugation; 7-T forms are exact Clifford+T decompositions; 4-T form is exact given one clean ancilla and feed-forward; compute half of a temporary AND, uncompute is free"
qt_cmodadd8,g00016,and,16,56 77 2,12,g00068,ccz t4,ccz:CCZ=1 t4:T=4,1 1,"Toffoli is a CCZ up to Cliffords; one CCZ state (Gidney & Fowler 2019) | Gidney 2018 temporary AND: 4 T to compute, 0 to uncompute","Toffoli = CCZ up to Clifford conjugation; 7-T forms are exact Clifford+T decompositions; 4-T form is exact given one clean ancilla and feed-forward; compute half of a temporary AND, uncompute is free"
qt_cmodadd8,g00020,and,20,45 76 3,16,g00064,ccz t4,ccz:CCZ=1 t4:T=4,1 1,"Toffoli is a CCZ up to Cliffords; one CCZ state (Gidney & Fowler 2019) | Gidney 2018 temporary AND: 4 T to compute, 0 to uncompute","Toffoli = CCZ up to Clifford conjugation; 7-T forms are exact Clifford+T decompositions; 4-T form is exact given one clean ancilla and feed-forward; compute half of a temporary AND, uncompute is free"
qt_cmodadd8,g00024,and,24,34 75 4,20,g00060,ccz t4,ccz:CCZ=1 t4:T=4,1 1,"Toffoli is a CCZ up to Cliffords; one CCZ state (Gidney & Fowler 2019) | Gidney 2018 temporary AND: 4 T to compute, 0 to uncompute","Toffoli = CCZ up to Clifford conjugation; 7-T forms are exact Clifford+T decompositions; 4-T form is exact given one clean ancilla and feed-forward; compute half of a temporary AND, uncompute is free"
qt_cmodadd8,g00028,and,28,23 74 5,24,g00056,ccz t4,ccz:CCZ=1 t4:T=4,1 1,"Toffoli is a CCZ up to Cliffords; one CCZ state (Gidney & Fowler 2019) | Gidney 2018 temporary AND: 4 T to compute, 0 to uncompute","Toffoli = CCZ up to Clifford conjugation; 7-T forms are exact Clifford+T decompositions; 4-T form is exact given one clean ancilla and feed-forward; compute half of a temporary AND, uncompute is free"
qt_cmodadd8,g00032,and,32,12 73 6,28,g00052,ccz t4,ccz:CCZ=1 t4:T=4,1 1,"Toffoli is a CCZ up to Cliffords; one CCZ state (Gidney & Fowler 2019) | Gidney 2018 temporary AND: 4 T to compute, 0 to uncompute","Toffoli = CCZ up to Clifford conjugation; 7-T forms are exact Clifford+T decompositions; 4-T form is exact given one clean ancilla and feed-forward; compute half of a temporary AND, uncompute is free"
qt_cmodadd8,g00036,and,36,1 72 7,32,g00048,ccz t4,ccz:CCZ=1 t4:T=4,1 1,"Toffoli is a CCZ up to Cliffords; one CCZ state (Gidney & Fowler 2019) | Gidney 2018 temporary AND: 4 T to compute, 0 to uncompute","Toffoli = CCZ up to Clifford conjugation; 7-T forms are exact Clifford+T decompositions; 4-T form is exact given one clean ancilla and feed-forward; compute half of a temporary AND, uncompute is free"
qt_cmodadd8,g00040,and,40,0 71 8,36,g00044,ccz t4,ccz:CCZ=1 t4:T=4,1 1,"Toffoli is a CCZ up to Cliffords; one CCZ state (Gidney & Fowler 2019) | Gidney 2018 temporary AND: 4 T to compute, 0 to uncompute","Toffoli = CCZ up to Clifford conjugation; 7-T forms are exact Clifford+T decompositions; 4-T form is exact given one clean ancilla and feed-forward; compute half of a temporary AND, uncompute is free"
qt_cmodadd8,g00044,and_uncompute,44,0 71 8,40,g00040,uncompute_and_meas,uncompute_and_meas:clifford,0,"Gidney 2018: measurement-based uncomputation of a temporary AND, no magic states; legal because the paired compute writes a fresh ancilla and no control is written in between",Erasing the ancilla that holds the AND reproduces the second Toffoli exactly because both controls are unchanged since the compute
qt_cmodadd8,g00048,and_uncompute,48,1 72 7,43,g00036,uncompute_and_meas,uncompute_and_meas:clifford,0,"Gidney 2018: measurement-based uncomputation of a temporary AND, no magic states; legal because the paired compute writes a fresh ancilla and no control is written in between",Erasing the ancilla that holds the AND reproduces the second Toffoli exactly because both controls are unchanged since the compute
qt_cmodadd8,g00052,and_uncompute,52,12 73 6,46,g00032,uncompute_and_meas,uncompute_and_meas:clifford,0,"Gidney 2018: measurement-based uncomputation of a temporary AND, no magic states; legal because the paired compute writes a fresh ancilla and no control is written in between",Erasing the ancilla that holds the AND reproduces the second Toffoli exactly because both controls are unchanged since the compute
qt_cmodadd8,g00056,and_uncompute,56,23 74 5,49,g00028,uncompute_and_meas,uncompute_and_meas:clifford,0,"Gidney 2018: measurement-based uncomputation of a temporary AND, no magic states; legal because the paired compute writes a fresh ancilla and no control is written in between",Erasing the ancilla that holds the AND reproduces the second Toffoli exactly because both controls are unchanged since the compute
qt_cmodadd8,g00060,and_uncompute,60,34 75 4,52,g00024,uncompute_and_meas,uncompute_and_meas:clifford,0,"Gidney 2018: measurement-based uncomputation of a temporary AND, no magic states; legal because the paired compute writes a fresh ancilla and no control is written in between",Erasing the ancilla that holds the AND reproduces the second Toffoli exactly because both controls are unchanged since the compute
qt_cmodadd8,g00064,and_uncompute,64,45 76 3,55,g00020,uncompute_and_meas,uncompute_and_meas:clifford,0,"Gidney 2018: measurement-based uncomputation of a temporary AND, no magic states; legal because the paired compute writes a fresh ancilla and no control is written in between",Erasing the ancilla that holds the AND reproduces the second Toffoli exactly because both controls are unchanged since the compute
qt_cmodadd8,g00068,and_uncompute,68,56 77 2,58,g00016,uncompute_and_meas,uncompute_and_meas:clifford,0,"Gidney 2018: measurement-based uncomputation of a temporary AND, no magic states; legal because the paired compute writes a fresh ancilla and no control is written in between",Erasing the ancilla that holds the AND reproduces the second Toffoli exactly because both controls are unchanged since the compute
qt_cmodadd8,g00070,and_uncompute,70,59 78 61,60,g00013,uncompute_and_meas,uncompute_and_meas:clifford,0,"Gidney 2018: measurement-based uncomputation of a temporary AND, no magic states; legal because the paired compute writes a fresh ancilla and no control is written in between",Erasing the ancilla that holds the AND reproduces the second Toffoli exactly because both controls are unchanged since the compute
qt_cmodadd8,g00073,and_uncompute,73,62 70 59,62,g00012,uncompute_and_meas,uncompute_and_meas:clifford,0,"Gidney 2018: measurement-based uncomputation of a temporary AND, no magic states; legal because the paired compute writes a fresh ancilla and no control is written in between",Erasing the ancilla that holds the AND reproduces the second Toffoli exactly because both controls are unchanged since the compute
qt_cmodadd8,g00074,and,74,18 78 19,62,g00148,ccz t4,ccz:CCZ=1 t4:T=4,1 1,"Toffoli is a CCZ up to Cliffords; one CCZ state (Gidney & Fowler 2019) | Gidney 2018 temporary AND: 4 T to compute, 0 to uncompute","Toffoli = CCZ up to Clifford conjugation; 7-T forms are exact Clifford+T decompositions; 4-T form is exact given one clean ancilla and feed-forward; compute half of a temporary AND, uncompute is free"
qt_cmodadd8,g00075,and_uncompute,75,62 69 56,63,g00011,uncompute_and_meas,uncompute_and_meas:clifford,0,"Gidney 2018: measurement-based uncomputation of a temporary AND, no magic states; legal because the paired compute writes a fresh ancilla and no control is written in between",Erasing the ancilla that holds the AND reproduces the second Toffoli exactly because both controls are unchanged since the compute
qt_cmodadd8,g00077,and_uncompute,77,62 68 45,64,g00010,uncompute_and_meas,uncompute_and_meas:clifford,0,"Gidney 2018: measurement-based uncomputation of a temporary AND, no magic states; legal because the paired compute writes a fresh ancilla and no control is written in between",Erasing the ancilla that holds the AND reproduces the second Toffoli exactly because both controls are unchanged since the compute
qt_cmodadd8,g00079,and_uncompute,79,62 67 34,65,g00009,uncompute_and_meas,uncompute_and_meas:clifford,0,"Gidney 2018: measurement-based uncomputation of a temporary AND, no magic states; legal because the paired compute writes a fresh ancilla and no control is written in between",Erasing the ancilla that holds the AND reproduces the second Toffoli exactly because both controls are unchanged since the compute
qt_cmodadd8,g00080,and,80,17 77 20,65,g00145,ccz t4,ccz:CCZ=1 t4:T=4,1 1,"Toffoli is a CCZ up to Cliffords; one CCZ state (Gidney & Fowler 2019) | Gidney 2018 temporary AND: 4 T to compute, 0 to uncompute","Toffoli = CCZ up to Clifford conjugation; 7-T forms are exact Clifford+T decompositions; 4-T form is exact given one clean ancilla and feed-forward; compute half of a temporary AND, uncompute is free"
qt_cmodadd8,g00081,and_uncompute,81,62 66 23,66,g00008,uncompute_and_meas,uncompute_and_meas:clifford,0,"Gidney 2018: measurement-based uncomputation of a temporary AND, no magic states; legal because the paired compute writes a fresh ancilla and no control is written in between",Erasing the ancilla that holds the AND reproduces the second Toffoli exactly because both controls are unchanged since the compute
qt_cmodadd8,g00083,and_uncompute,83,62 65 12,67,g00007,uncompute_and_meas,uncompute_and_meas:clifford,0,"Gidney 2018: measurement-based uncomputation of a temporary AND, no magic states; legal because the paired compute writes a fresh ancilla and no control is written in between",Erasing the ancilla that holds the AND reproduces the second Toffoli exactly because both controls are unchanged since the compute
qt_cmodadd8,g00085,and_uncompute,85,62 64 1,68,g00005,uncompute_and_meas,uncompute_and_meas:clifford,0,"Gidney 2018: measurement-based uncomputation of a temporary AND, no magic states; legal because the paired compute writes a fresh ancilla and no control is written in between",Erasing the ancilla that holds the AND reproduces the second Toffoli exactly because both controls are unchanged since the compute
qt_cmodadd8,g00087,and_uncompute,87,62 63 0,69,g00000,uncompute_and_meas,uncompute_and_meas:clifford,0,"Gidney 2018: measurement-based uncomputation of a temporary AND, no magic states; legal because the paired compute writes a fresh ancilla and no control is written in between",Erasing the ancilla that holds the AND reproduces the second Toffoli exactly because both controls are unchanged since the compute
qt_cmodadd8,g00088,and,88,16 76 21,69,g00141,ccz t4,ccz:CCZ=1 t4:T=4,1 1,"Toffoli is a CCZ up to Cliffords; one CCZ state (Gidney & Fowler 2019) | Gidney 2018 temporary AND: 4 T to compute, 0 to uncompute","Toffoli = CCZ up to Clifford conjugation; 7-T forms are exact Clifford+T decompositions; 4-T form is exact given one clean ancilla and feed-forward; compute half of a temporary AND, uncompute is free"
qt_cmodadd8,g00092,and,92,15 75 22,73,g00137,ccz t4,ccz:CCZ=1 t4:T=4,1 1,"Toffoli is a CCZ up to Cliffords; one CCZ state (Gidney & Fowler 2019) | Gidney 2018 temporary AND: 4 T to compute, 0 to uncompute","Toffoli = CCZ up to Clifford conjugation; 7-T forms are exact Clifford+T decompositions; 4-T form is exact given one clean ancilla and feed-forward; compute half of a temporary AND, uncompute is free"
qt_cmodadd8,g00096,and,96,14 74 24,77,g00133,ccz t4,ccz:CCZ=1 t4:T=4,1 1,"Toffoli is a CCZ up to Cliffords; one CCZ state (Gidney & Fowler 2019) | Gidney 2018 temporary AND: 4 T to compute, 0 to uncompute","Toffoli = CCZ up to Clifford conjugation; 7-T forms are exact Clifford+T decompositions; 4-T form is exact given one clean ancilla and feed-forward; compute half of a temporary AND, uncompute is free"
qt_cmodadd8,g00100,and,100,13 73 25,81,g00128,ccz t4,ccz:CCZ=1 t4:T=4,1 1,"Toffoli is a CCZ up to Cliffords; one CCZ state (Gidney & Fowler 2019) | Gidney 2018 temporary AND: 4 T to compute, 0 to uncompute","Toffoli = CCZ up to Clifford conjugation; 7-T forms are exact Clifford+T decompositions; 4-T form is exact given one clean ancilla and feed-forward; compute half of a temporary AND, uncompute is free"
qt_cmodadd8,g00104,and,104,11 72 26,85,g00121,ccz t4,ccz:CCZ=1 t4:T=4,1 1,"Toffoli is a CCZ up to Cliffords; one CCZ state (Gidney & Fowler 2019) | Gidney 2018 temporary AND: 4 T to compute, 0 to uncompute","Toffoli = CCZ up to Clifford conjugation; 7-T forms are exact Clifford+T decompositions; 4-T form is exact given one clean ancilla and feed-forward; compute half of a temporary AND, uncompute is free"
qt_cmodadd8,g00108,and,108,10 71 27,89,g00113,ccz t4,ccz:CCZ=1 t4:T=4,1 1,"Toffoli is a CCZ up to Cliffords; one CCZ state (Gidney & Fowler 2019) | Gidney 2018 temporary AND: 4 T to compute, 0 to uncompute","Toffoli = CCZ up to Clifford conjugation; 7-T forms are exact Clifford+T decompositions; 4-T form is exact given one clean ancilla and feed-forward; compute half of a temporary AND, uncompute is free"
qt_cmodadd8,g00113,and_uncompute,113,10 71 27,93,g00108,uncompute_and_meas,uncompute_and_meas:clifford,0,"Gidney 2018: measurement-based uncomputation of a temporary AND, no magic states; legal because the paired compute writes a fresh ancilla and no control is written in between",Erasing the ancilla that holds the AND reproduces the second Toffoli exactly because both controls are unchanged since the compute
qt_cmodadd8,g00121,and_uncompute,121,11 72 26,96,g00104,uncompute_and_meas,uncompute_and_meas:clifford,0,"Gidney 2018: measurement-based uncomputation of a temporary AND, no magic states; legal because the paired compute writes a fresh ancilla and no control is written in between",Erasing the ancilla that holds the AND reproduces the second Toffoli exactly because both controls are unchanged since the compute
qt_cmodadd8,g00128,and_uncompute,128,13 73 25,99,g00100,uncompute_and_meas,uncompute_and_meas:clifford,0,"Gidney 2018: measurement-based uncomputation of a temporary AND, no magic states; legal because the paired compute writes a fresh ancilla and no control is written in between",Erasing the ancilla that holds the AND reproduces the second Toffoli exactly because both controls are unchanged since the compute
qt_cmodadd8,g00133,and_uncompute,133,14 74 24,102,g00096,uncompute_and_meas,uncompute_and_meas:clifford,0,"Gidney 2018: measurement-based uncomputation of a temporary AND, no magic states; legal because the paired compute writes a fresh ancilla and no control is written in between",Erasing the ancilla that holds the AND reproduces the second Toffoli exactly because both controls are unchanged since the compute
qt_cmodadd8,g00137,and_uncompute,137,15 75 22,105,g00092,uncompute_and_meas,uncompute_and_meas:clifford,0,"Gidney 2018: measurement-based uncomputation of a temporary AND, no magic states; legal because the paired compute writes a fresh ancilla and no control is written in between",Erasing the ancilla that holds the AND reproduces the second Toffoli exactly because both controls are unchanged since the compute
qt_cmodadd8,g00141,and_uncompute,141,16 76 21,108,g00088,uncompute_and_meas,uncompute_and_meas:clifford,0,"Gidney 2018: measurement-based uncomputation of a temporary AND, no magic states; legal because the paired compute writes a fresh ancilla and no control is written in between",Erasing the ancilla that holds the AND reproduces the second Toffoli exactly because both controls are unchanged since the compute
qt_cmodadd8,g00145,and_uncompute,145,17 77 20,111,g00080,uncompute_and_meas,uncompute_and_meas:clifford,0,"Gidney 2018: measurement-based uncomputation of a temporary AND, no magic states; legal because the paired compute writes a fresh ancilla and no control is written in between",Erasing the ancilla that holds the AND reproduces the second Toffoli exactly because both controls are unchanged since the compute
qt_cmodadd8,g00148,and_uncompute,148,18 78 19,113,g00074,uncompute_and_meas,uncompute_and_meas:clifford,0,"Gidney 2018: measurement-based uncomputation of a temporary AND, no magic states; legal because the paired compute writes a fresh ancilla and no control is written in between",Erasing the ancilla that holds the AND reproduces the second Toffoli exactly because both controls are unchanged since the compute
qt_cmodadd8,g00152,and,152,36 78 37,115,g00219,ccz t4,ccz:CCZ=1 t4:T=4,1 1,"Toffoli is a CCZ up to Cliffords; one CCZ state (Gidney & Fowler 2019) | Gidney 2018 temporary AND: 4 T to compute, 0 to uncompute","Toffoli = CCZ up to Clifford conjugation; 7-T forms are exact Clifford+T decompositions; 4-T form is exact given one clean ancilla and feed-forward; compute half of a temporary AND, uncompute is free"
qt_cmodadd8,g00155,and,155,35 77 38,118,g00215,ccz t4,ccz:CCZ=1 t4:T=4,1 1,"Toffoli is a CCZ up to Cliffords; one CCZ state (Gidney & Fowler 2019) | Gidney 2018 temporary AND: 4 T to compute, 0 to uncompute","Toffoli = CCZ up to Clifford conjugation; 7-T forms are exact Clifford+T decompositions; 4-T form is exact given one clean ancilla and feed-forward; compute half of a temporary AND, uncompute is free"
qt_cmodadd8,g00159,and,159,33 76 39,122,g00208,ccz t4,ccz:CCZ=1 t4:T=4,1 1,"Toffoli is a CCZ up to Cliffords; one CCZ state (Gidney & Fowler 2019) | Gidney 2018 temporary AND: 4 T to compute, 0 to uncompute","Toffoli = CCZ up to Clifford conjugation; 7-T forms are exact Clifford+T decompositions; 4-T form is exact given one clean ancilla and feed-forward; compute half of a temporary AND, uncompute is free"
qt_cmodadd8,g00163,and,163,32 75 40,126,g00201,ccz t4,ccz:CCZ=1 t4:T=4,1 1,"Toffoli is a CCZ up to Cliffords; one CCZ state (Gidney & Fowler 2019) | Gidney 2018 temporary AND: 4 T to compute, 0 to uncompute","Toffoli = CCZ up to Clifford conjugation; 7-T forms are exact Clifford+T decompositions; 4-T form is exact given one clean ancilla and feed-forward; compute half of a temporary AND, uncompute is free"
qt_cmodadd8,g00167,and,167,31 74 41,130,g00194,ccz t4,ccz:CCZ=1 t4:T=4,1 1,"Toffoli is a CCZ up to Cliffords; one CCZ state (Gidney & Fowler 2019) | Gidney 2018 temporary AND: 4 T to compute, 0 to uncompute","Toffoli = CCZ up to Clifford conjugation; 7-T forms are exact Clifford+T decompositions; 4-T form is exact given one clean ancilla and feed-forward; compute half of a temporary AND, uncompute is free"
qt_cmodadd8,g00171,and,171,30 73 42,134,g00187,ccz t4,ccz:CCZ=1 t4:T=4,1 1,"Toffoli is a CCZ up to Cliffords; one CCZ state (Gidney & Fowler 2019) | Gidney 2018 temporary AND: 4 T to compute, 0 to uncompute","Toffoli = CCZ up to Clifford conjugation; 7-T forms are exact Clifford+T decompositions; 4-T form is exact given one clean ancilla and feed-forward; compute half of a temporary AND, uncompute is free"
qt_cmodadd8,g00175,and,175,29 72 43,138,g00180,ccz t4,ccz:CCZ=1 t4:T=4,1 1,"Toffoli is a CCZ up to Cliffords; one CCZ state (Gidney & Fowler 2019) | Gidney 2018 temporary AND: 4 T to compute, 0 to uncompute","Toffoli = CCZ up to Clifford conjugation; 7-T forms are exact Clifford+T decompositions; 4-T form is exact given one clean ancilla and feed-forward; compute half of a temporary AND, uncompute is free"
qt_cmodadd8,g00180,and_uncompute,180,29 72 43,142,g00175,uncompute_and_meas,uncompute_and_meas:clifford,0,"Gidney 2018: measurement-based uncomputation of a temporary AND, no magic states; legal because the paired compute writes a fresh ancilla and no control is written in between",Erasing the ancilla that holds the AND reproduces the second Toffoli exactly because both controls are unchanged since the compute
qt_cmodadd8,g00187,and_uncompute,187,30 73 42,145,g00171,uncompute_and_meas,uncompute_and_meas:clifford,0,"Gidney 2018: measurement-based uncomputation of a temporary AND, no magic states; legal because the paired compute writes a fresh ancilla and no control is written in between",Erasing the ancilla that holds the AND reproduces the second Toffoli exactly because both controls are unchanged since the compute
qt_cmodadd8,g00194,and_uncompute,194,31 74 41,148,g00167,uncompute_and_meas,uncompute_and_meas:clifford,0,"Gidney 2018: measurement-based uncomputation of a temporary AND, no magic states; legal because the paired compute writes a fresh ancilla and no control is written in between",Erasing the ancilla that holds the AND reproduces the second Toffoli exactly because both controls are unchanged since the compute
qt_cmodadd8,g00201,and_uncompute,201,32 75 40,151,g00163,uncompute_and_meas,uncompute_and_meas:clifford,0,"Gidney 2018: measurement-based uncomputation of a temporary AND, no magic states; legal because the paired compute writes a fresh ancilla and no control is written in between",Erasing the ancilla that holds the AND reproduces the second Toffoli exactly because both controls are unchanged since the compute
qt_cmodadd8,g00208,and_uncompute,208,33 76 39,154,g00159,uncompute_and_meas,uncompute_and_meas:clifford,0,"Gidney 2018: measurement-based uncomputation of a temporary AND, no magic states; legal because the paired compute writes a fresh ancilla and no control is written in between",Erasing the ancilla that holds the AND reproduces the second Toffoli exactly because both controls are unchanged since the compute
qt_cmodadd8,g00215,and_uncompute,215,35 77 38,157,g00155,uncompute_and_meas,uncompute_and_meas:clifford,0,"Gidney 2018: measurement-based uncomputation of a temporary AND, no magic states; legal because the paired compute writes a fresh ancilla and no control is written in between",Erasing the ancilla that holds the AND reproduces the second Toffoli exactly because both controls are unchanged since the compute
qt_cmodadd8,g00219,and_uncompute,219,36 78 37,159,g00152,uncompute_and_meas,uncompute_and_meas:clifford,0,"Gidney 2018: measurement-based uncomputation of a temporary AND, no magic states; legal because the paired compute writes a fresh ancilla and no control is written in between",Erasing the ancilla that holds the AND reproduces the second Toffoli exactly because both controls are unchanged since the compute
qt_cmodadd8,g00229,and,229,78 47 48,164,g00356,ccz t4,ccz:CCZ=1 t4:T=4,1 1,"Toffoli is a CCZ up to Cliffords; one CCZ state (Gidney & Fowler 2019) | Gidney 2018 temporary AND: 4 T to compute, 0 to uncompute","Toffoli = CCZ up to Clifford conjugation; 7-T forms are exact Clifford+T decompositions; 4-T form is exact given one clean ancilla and feed-forward; compute half of a temporary AND, uncompute is free"
qt_cmodadd8,g00235,and,235,77 48 49,168,g00350,ccz t4,ccz:CCZ=1 t4:T=4,1 1,"Toffoli is a CCZ up to Cliffords; one CCZ state (Gidney & Fowler 2019) | Gidney 2018 temporary AND: 4 T to compute, 0 to uncompute","Toffoli = CCZ up to Clifford conjugation; 7-T forms are exact Clifford+T decompositions; 4-T form is exact given one clean ancilla and feed-forward; compute half of a temporary AND, uncompute is free"
qt_cmodadd8,g00243,and,243,76 49 50,172,g00344,ccz t4,ccz:CCZ=1 t4:T=4,1 1,"Toffoli is a CCZ up to Cliffords; one CCZ state (Gidney & Fowler 2019) | Gidney 2018 temporary AND: 4 T to compute, 0 to uncompute","Toffoli = CCZ up to Clifford conjugation; 7-T forms are exact Clifford+T decompositions; 4-T form is exact given one clean ancilla and feed-forward; compute half of a temporary AND, uncompute is free"
qt_cmodadd8,g00251,and,251,75 50 51,176,g00338,ccz t4,ccz:CCZ=1 t4:T=4,1 1,"Toffoli is a CCZ up to Cliffords; one CCZ state (Gidney & Fowler 2019) | Gidney 2018 temporary AND: 4 T to compute, 0 to uncompute","Toffoli = CCZ up to Clifford conjugation; 7-T forms are exact Clifford+T decompositions; 4-T form is exact given one clean ancilla and feed-forward; compute half of a temporary AND, uncompute is free"
qt_cmodadd8,g00259,and,259,74 51 52,180,g00332,ccz t4,ccz:CCZ=1 t4:T=4,1 1,"Toffoli is a CCZ up to Cliffords; one CCZ state (Gidney & Fowler 2019) | Gidney 2018 temporary AND: 4 T to compute, 0 to uncompute","Toffoli = CCZ up to Clifford conjugation; 7-T forms are exact Clifford+T decompositions; 4-T form is exact given one clean ancilla and feed-forward; compute half of a temporary AND, uncompute is free"
qt_cmodadd8,g00267,and,267,73 52 53,184,g00326,ccz t4,ccz:CCZ=1 t4:T=4,1 1,"Toffoli is a CCZ up to Cliffords; one CCZ state (Gidney & Fowler 2019) | Gidney 2018 temporary AND: 4 T to compute, 0 to uncompute","Toffoli = CCZ up to Clifford conjugation; 7-T forms are exact Clifford+T decompositions; 4-T form is exact given one clean ancilla and feed-forward; compute half of a temporary AND, uncompute is free"
qt_cmodadd8,g00275,and,275,72 53 54,188,g00320,ccz t4,ccz:CCZ=1 t4:T=4,1 1,"Toffoli is a CCZ up to Cliffords; one CCZ state (Gidney & Fowler 2019) | Gidney 2018 temporary AND: 4 T to compute, 0 to uncompute","Toffoli = CCZ up to Clifford conjugation; 7-T forms are exact Clifford+T decompositions; 4-T form is exact given one clean ancilla and feed-forward; compute half of a temporary AND, uncompute is free"
qt_cmodadd8,g00283,and,283,71 54 55,192,g00314,ccz t4,ccz:CCZ=1 t4:T=4,1 1,"Toffoli is a CCZ up to Cliffords; one CCZ state (Gidney & Fowler 2019) | Gidney 2018 temporary AND: 4 T to compute, 0 to uncompute","Toffoli = CCZ up to Clifford conjugation; 7-T forms are exact Clifford+T decompositions; 4-T form is exact given one clean ancilla and feed-forward; compute half of a temporary AND, uncompute is free"
qt_cmodadd8,g00291,and,291,46 55 57,196,g00308,ccz t4,ccz:CCZ=1 t4:T=4,1 1,"Toffoli is a CCZ up to Cliffords; one CCZ state (Gidney & Fowler 2019) | Gidney 2018 temporary AND: 4 T to compute, 0 to uncompute","Toffoli = CCZ up to Clifford conjugation; 7-T forms are exact Clifford+T decompositions; 4-T form is exact given one clean ancilla and feed-forward; compute half of a temporary AND, uncompute is free"
qt_cmodadd8,g00299,and,299,62 55 58,200,g00303,ccz t4,ccz:CCZ=1 t4:T=4,1 1,"Toffoli is a CCZ up to Cliffords; one CCZ state (Gidney & Fowler 2019) | Gidney 2018 temporary AND: 4 T to compute, 0 to uncompute","Toffoli = CCZ up to Clifford conjugation; 7-T forms are exact Clifford+T decompositions; 4-T form is exact given one clean ancilla and feed-forward; compute half of a temporary AND, uncompute is free"
qt_cmodadd8,g00303,and_uncompute,303,62 55 58,202,g00299,uncompute_and_meas,uncompute_and_meas:clifford,0,"Gidney 2018: measurement-based uncomputation of a temporary AND, no magic states; legal because the paired compute writes a fresh ancilla and no control is written in between",Erasing the ancilla that holds the AND reproduces the second Toffoli exactly because both controls are unchanged since the compute
qt_cmodadd8,g00308,and_uncompute,308,46 55 57,206,g00291,uncompute_and_meas,uncompute_and_meas:clifford,0,"Gidney 2018: measurement-based uncomputation of a temporary AND, no magic states; legal because the paired compute writes a fresh ancilla and no control is written in between",Erasing the ancilla that holds the AND reproduces the second Toffoli exactly because both controls are unchanged since the compute
qt_cmodadd8,g00314,and_uncompute,314,71 54 55,210,g00283,uncompute_and_meas,uncompute_and_meas:clifford,0,"Gidney 2018: measurement-based uncomputation of a temporary AND, no magic states; legal because the paired compute writes a fresh ancilla and no control is written in between",Erasing the ancilla that holds the AND reproduces the second Toffoli exactly because both controls are unchanged since the compute
qt_cmodadd8,g00320,and_uncompute,320,72 53 54,214,g00275,uncompute_and_meas,uncompute_and_meas:clifford,0,"Gidney 2018: measurement-based uncomputation of a temporary AND, no magic states; legal because the paired compute writes a fresh ancilla and no control is written in between",Erasing the ancilla that holds the AND reproduces the second Toffoli exactly because both controls are unchanged since the compute
qt_cmodadd8,g00326,and_uncompute,326,73 52 53,218,g00267,uncompute_and_meas,uncompute_and_meas:clifford,0,"Gidney 2018: measurement-based uncomputation of a temporary AND, no magic states; legal because the paired compute writes a fresh ancilla and no control is written in between",Erasing the ancilla that holds the AND reproduces the second Toffoli exactly because both controls are unchanged since the compute
qt_cmodadd8,g00332,and_uncompute,332,74 51 52,222,g00259,uncompute_and_meas,uncompute_and_meas:clifford,0,"Gidney 2018: measurement-based uncomputation of a temporary AND, no magic states; legal because the paired compute writes a fresh ancilla and no control is written in between",Erasing the ancilla that holds the AND reproduces the second Toffoli exactly because both controls are unchanged since the compute
qt_cmodadd8,g00338,and_uncompute,338,75 50 51,226,g00251,uncompute_and_meas,uncompute_and_meas:clifford,0,"Gidney 2018: measurement-based uncomputation of a temporary AND, no magic states; legal because the paired compute writes a fresh ancilla and no control is written in between",Erasing the ancilla that holds the AND reproduces the second Toffoli exactly because both controls are unchanged since the compute
qt_cmodadd8,g00344,and_uncompute,344,76 49 50,230,g00243,uncompute_and_meas,uncompute_and_meas:clifford,0,"Gidney 2018: measurement-based uncomputation of a temporary AND, no magic states; legal because the paired compute writes a fresh ancilla and no control is written in between",Erasing the ancilla that holds the AND reproduces the second Toffoli exactly because both controls are unchanged since the compute
qt_cmodadd8,g00350,and_uncompute,350,77 48 49,234,g00235,uncompute_and_meas,uncompute_and_meas:clifford,0,"Gidney 2018: measurement-based uncomputation of a temporary AND, no magic states; legal because the paired compute writes a fresh ancilla and no control is written in between",Erasing the ancilla that holds the AND reproduces the second Toffoli exactly because both controls are unchanged since the compute
qt_cmodadd8,g00356,and_uncompute,356,78 47 48,238,g00229,uncompute_and_meas,uncompute_and_meas:clifford,0,"Gidney 2018: measurement-based uncomputation of a temporary AND, no magic states; legal because the paired compute writes a fresh ancilla and no control is written in between",Erasing the ancilla that holds the AND reproduces the second Toffoli exactly because both controls are unchanged since the compute
qt_modsub8,g00024,and,24,67 89 78,2,g00080,ccz t4,ccz:CCZ=1 t4:T=4,1 1,"Toffoli is a CCZ up to Cliffords; one CCZ state (Gidney & Fowler 2019) | Gidney 2018 temporary AND: 4 T to compute, 0 to uncompute","Toffoli = CCZ up to Clifford conjugation; 7-T forms are exact Clifford+T decompositions; 4-T form is exact given one clean ancilla and feed-forward; compute half of a temporary AND, uncompute is free"
qt_modsub8,g00027,and,27,56 88 81,5,g00077,ccz t4,ccz:CCZ=1 t4:T=4,1 1,"Toffoli is a CCZ up to Cliffords; one CCZ state (Gidney & Fowler 2019) | Gidney 2018 temporary AND: 4 T to compute, 0 to uncompute","Toffoli = CCZ up to Clifford conjugation; 7-T forms are exact Clifford+T decompositions; 4-T form is exact given one clean ancilla and feed-forward; compute half of a temporary AND, uncompute is free"
qt_modsub8,g00031,and,31,45 87 2,9,g00072,ccz t4,ccz:CCZ=1 t4:T=4,1 1,"Toffoli is a CCZ up to Cliffords; one CCZ state (Gidney & Fowler 2019) | Gidney 2018 temporary AND: 4 T to compute, 0 to uncompute","Toffoli = CCZ up to Clifford conjugation; 7-T forms are exact Clifford+T decompositions; 4-T form is exact given one clean ancilla and feed-forward; compute half of a temporary AND, uncompute is free"
qt_modsub8,g00035,and,35,34 86 3,13,g00067,ccz t4,ccz:CCZ=1 t4:T=4,1 1,"Toffoli is a CCZ up to Cliffords; one CCZ state (Gidney & Fowler 2019) | Gidney 2018 temporary AND: 4 T to compute, 0 to uncompute","Toffoli = CCZ up to Clifford conjugation; 7-T forms are exact Clifford+T decompositions; 4-T form is exact given one clean ancilla and feed-forward; compute half of a temporary AND, uncompute is free"
qt_modsub8,g00039,and,39,23 85 4,17,g00062,ccz t4,ccz:CCZ=1 t4:T=4,1 1,"Toffoli is a CCZ up to Cliffords; one CCZ state (Gidney & Fowler 2019) | Gidney 2018 temporary AND: 4 T to compute, 0 to uncompute","Toffoli = CCZ up to Clifford conjugation; 7-T forms are exact Clifford+T decompositions; 4-T form is exact given one clean ancilla and feed-forward; compute half of a temporary AND, uncompute is free"
qt_modsub8,g00043,and,43,12 84 5,21,g00057,ccz t4,ccz:CCZ=1 t4:T=4,1 1,"Toffoli is a CCZ up to Cliffords; one CCZ state (Gidney & Fowler 2019) | Gidney 2018 temporary AND: 4 T to compute, 0 to uncompute","Toffoli = CCZ up to Clifford conjugation; 7-T forms are exact Clifford+T decompositions; 4-T form is exact given one clean ancilla and feed-forward; compute half of a temporary AND, uncompute is free"
qt_modsub8,g00047,and,47,1 83 6,25,g00052,ccz t4,ccz:CCZ=1 t4:T=4,1 1,"Toffoli is a CCZ up to Cliffords; one CCZ state (Gidney & Fowler 2019) | Gidney 2018 temporary AND: 4 T to compute, 0 to uncompute","Toffoli = CCZ up to Clifford conjugation; 7-T forms are exact Clifford+T decompositions; 4-T form is exact given one clean ancilla and feed-forward; compute half of a temporary AND, uncompute is free"
qt_modsub8,g00052,and_uncompute,52,1 83 6,29,g00047,uncompute_and_meas,uncompute_and_meas:clifford,0,"Gidney 2018: measurement-based uncomputation of a temporary AND, no magic states; legal because the paired compute writes a fresh ancilla and no control is written in between",Erasing the ancilla that holds the AND reproduces the second Toffoli exactly because both controls are unchanged since the compute
qt_modsub8,g00057,and_uncompute,57,12 84 5,32,g00043,uncompute_and_meas,uncompute_and_meas:clifford,0,"Gidney 2018: measurement-based uncomputation of a temporary AND, no magic states; legal because the paired compute writes a fresh ancilla and no control is written in between",Erasing the ancilla that holds the AND reproduces the second Toffoli exactly because both controls are unchanged since the compute
qt_modsub8,g00062,and_uncompute,62,23 85 4,35,g00039,uncompute_and_meas,uncompute_and_meas:clifford,0,"Gidney 2018: measurement-based uncomputation of a temporary AND, no magic states; legal because the paired compute writes a fresh ancilla and no control is written in between",Erasing the ancilla that holds the AND reproduces the second Toffoli exactly because both controls are unchanged since the compute
qt_modsub8,g00067,and_uncompute,67,34 86 3,38,g00035,uncompute_and_meas,uncompute_and_meas:clifford,0,"Gidney 2018: measurement-based uncomputation of a temporary AND, no magic states; legal because the paired compute writes a fresh ancilla and no control is written in between",Erasing the ancilla that holds the AND reproduces the second Toffoli exactly because both controls are unchanged since the compute
qt_modsub8,g00072,and_uncompute,72,45 87 2,41,g00031,uncompute_and_meas,uncompute_and_meas:clifford,0,"Gidney 2018: measurement-based uncomputation of a temporary AND, no magic states; legal because the paired compute writes a fresh ancilla and no control is written in between",Erasing the ancilla that holds the AND reproduces the second Toffoli exactly because both controls are unchanged since the compute
qt_modsub8,g00077,and_uncompute,77,56 88 81,44,g00027,uncompute_and_meas,uncompute_and_meas:clifford,0,"Gidney 2018: measurement-based uncomputation of a temporary AND, no magic states; legal because the paired compute writes a fresh ancilla and no control is written in between",Erasing the ancilla that holds the AND reproduces the second Toffoli exactly because both controls are unchanged since the compute
qt_modsub8,g00080,and_uncompute,80,67 89 78,46,g00024,uncompute_and_meas,uncompute_and_meas:clifford,0,"Gidney 2018: measurement-based uncomputation of a temporary AND, no magic states; legal because the paired compute writes a fresh ancilla and no control is written in between",Erasing the ancilla that holds the AND reproduces the second Toffoli exactly because both controls are unchanged since the compute
qt_modsub8,g00083,and,83,89 97 9,48,g00141,ccz t4,ccz:CCZ=1 t4:T=4,1 1,"Toffoli is a CCZ up to Cliffords; one CCZ state (Gidney & Fowler 2019) | Gidney 2018 temporary AND: 4 T to compute, 0 to uncompute","Toffoli = CCZ up to Clifford conjugation; 7-T forms are exact Clifford+T decompositions; 4-T form is exact given one clean ancilla and feed-forward; compute half of a temporary AND, uncompute is free"
qt_modsub8,g00086,and,86,88 96 10,51,g00139,ccz t4,ccz:CCZ=1 t4:T=4,1 1,"Toffoli is a CCZ up to Cliffords; one CCZ state (Gidney & Fowler 2019) | Gidney 2018 temporary AND: 4 T to compute, 0 to uncompute","Toffoli = CCZ up to Clifford conjugation; 7-T forms are exact Clifford+T decompositions; 4-T form is exact given one clean ancilla and feed-forward; compute half of a temporary AND, uncompute is free"
qt_modsub8,g00090,and,90,87 95 11,55,g00135,ccz t4,ccz:CCZ=1 t4:T=4,1 1,"Toffoli is a CCZ up to Cliffords; one CCZ state (Gidney & Fowler 2019) | Gidney 2018 temporary AND: 4 T to compute, 0 to uncompute","Toffoli = CCZ up to Clifford conjugation; 7-T forms are exact Clifford+T decompositions; 4-T form is exact given one clean ancilla and feed-forward; compute half of a temporary AND, uncompute is free"
qt_modsub8,g00094,and,94,86 94 13,59,g00131,ccz t4,ccz:CCZ=1 t4:T=4,1 1,"Toffoli is a CCZ up to Cliffords; one CCZ state (Gidney & Fowler 2019) | Gidney 2018 temporary AND: 4 T to compute, 0 to uncompute","Toffoli = CCZ up to Clifford conjugation; 7-T forms are exact Clifford+T decompositions; 4-T form is exact given one clean ancilla and feed-forward; compute half of a temporary AND, uncompute is free"
qt_modsub8,g00098,and,98,85 93 14,63,g00127,ccz t4,ccz:CCZ=1 t4:T=4,1 1,"Toffoli is a CCZ up to Cliffords; one CCZ state (Gidney & Fowler 2019) | Gidney 2018 temporary AND: 4 T to compute, 0 to uncompute","Toffoli = CCZ up to Clifford conjugation; 7-T forms are exact Clifford+T decompositions; 4-T form is exact given one clean ancilla and feed-forward; compute half of a temporary AND, uncompute is free"
qt_modsub8,g00102,and,102,84 92 15,67,g00123,ccz t4,ccz:CCZ=1 t4:T=4,1 1,"Toffoli is a CCZ up to Cliffords; one CCZ state (Gidney & Fowler 2019) | Gidney 2018 temporary AND: 4 T to compute, 0 to uncompute","Toffoli = CCZ up to Clifford conjugation; 7-T forms are exact Clifford+T decompositions; 4-T form is exact given one clean ancilla and feed-forward; compute half of a temporary AND, uncompute is free"
qt_modsub8,g00106,and,106,83 91 16,71,g00119,ccz t4,ccz:CCZ=1 t4:T=4,1 1,"Toffoli is a CCZ up to Cliffords; one CCZ state (Gidney & Fowler 2019) | Gidney 2018 temporary AND: 4 T to compute, 0 to uncompute","Toffoli = CCZ up to Clifford conjugation; 7-T forms are exact Clifford+T decompositions; 4-T form is exact given one clean ancilla and feed-forward; compute half of a temporary AND, uncompute is free"
qt_modsub8,g00110,and,110,82 90 17,75,g00115,ccz t4,ccz:CCZ=1 t4:T=4,1 1,"Toffoli is a CCZ up to Cliffords; one CCZ state (Gidney & Fowler 2019) | Gidney 2018 temporary AND: 4 T to compute, 0 to uncompute","Toffoli = CCZ up to Clifford conjugation; 7-T forms are exact Clifford+T decompositions; 4-T form is exact given one clean ancilla and feed-forward; compute half of a temporary AND, uncompute is free"
qt_modsub8,g00115,and_uncompute,115,82 90 17,79,g00110,uncompute_and_meas,uncompute_and_meas:clifford,0,"Gidney 2018: measurement-based uncomputation of a temporary AND, no magic states; legal because the paired compute writes a fresh ancilla and no control is written in between",Erasing the ancilla that holds the AND reproduces the second Toffoli exactly because both controls are unchanged since the compute
qt_modsub8,g00119,and_uncompute,119,83 91 16,82,g00106,uncompute_and_meas,uncompute_and_meas:clifford,0,"Gidney 2018: measurement-based uncomputation of a temporary AND, no magic states; legal because the paired compute writes a fresh ancilla and no control is written in between",Erasing the ancilla that holds the AND reproduces the second Toffoli exactly because both controls are unchanged since the compute
qt_modsub8,g00123,and_uncompute,123,84 92 15,85,g00102,uncompute_and_meas,uncompute_and_meas:clifford,0,"Gidney 2018: measurement-based uncomputation of a temporary AND, no magic states; legal because the paired compute writes a fresh ancilla and no control is written in between",Erasing the ancilla that holds the AND reproduces the second Toffoli exactly because both controls are unchanged since the compute
qt_modsub8,g00127,and_uncompute,127,85 93 14,88,g00098,uncompute_and_meas,uncompute_and_meas:clifford,0,"Gidney 2018: measurement-based uncomputation of a temporary AND, no magic states; legal because the paired compute writes a fresh ancilla and no control is written in between",Erasing the ancilla that holds the AND reproduces the second Toffoli exactly because both controls are unchanged since the compute
qt_modsub8,g00131,and_uncompute,131,86 94 13,91,g00094,uncompute_and_meas,uncompute_and_meas:clifford,0,"Gidney 2018: measurement-based uncomputation of a temporary AND, no magic states; legal because the paired compute writes a fresh ancilla and no control is written in between",Erasing the ancilla that holds the AND reproduces the second Toffoli exactly because both controls are unchanged since the compute
qt_modsub8,g00135,and_uncompute,135,87 95 11,94,g00090,uncompute_and_meas,uncompute_and_meas:clifford,0,"Gidney 2018: measurement-based uncomputation of a temporary AND, no magic states; legal because the paired compute writes a fresh ancilla and no control is written in between",Erasing the ancilla that holds the AND reproduces the second Toffoli exactly because both controls are unchanged since the compute
qt_modsub8,g00139,and_uncompute,139,88 96 10,97,g00086,uncompute_and_meas,uncompute_and_meas:clifford,0,"Gidney 2018: measurement-based uncomputation of a temporary AND, no magic states; legal because the paired compute writes a fresh ancilla and no control is written in between",Erasing the ancilla that holds the AND reproduces the second Toffoli exactly because both controls are unchanged since the compute
qt_modsub8,g00141,and_uncompute,141,89 97 9,99,g00083,uncompute_and_meas,uncompute_and_meas:clifford,0,"Gidney 2018: measurement-based uncomputation of a temporary AND, no magic states; legal because the paired compute writes a fresh ancilla and no control is written in between",Erasing the ancilla that holds the AND reproduces the second Toffoli exactly because both controls are unchanged since the compute
qt_modsub8,g00144,and,144,27 97 28,101,g00211,ccz t4,ccz:CCZ=1 t4:T=4,1 1,"Toffoli is a CCZ up to Cliffords; one CCZ state (Gidney & Fowler 2019) | Gidney 2018 temporary AND: 4 T to compute, 0 to uncompute","Toffoli = CCZ up to Clifford conjugation; 7-T forms are exact Clifford+T decompositions; 4-T form is exact given one clean ancilla and feed-forward; compute half of a temporary AND, uncompute is free"
qt_modsub8,g00147,and,147,26 96 29,104,g00208,ccz t4,ccz:CCZ=1 t4:T=4,1 1,"Toffoli is a CCZ up to Cliffords; one CCZ state (Gidney & Fowler 2019) | Gidney 2018 temporary AND: 4 T to compute, 0 to uncompute","Toffoli = CCZ up to Clifford conjugation; 7-T forms are exact Clifford+T decompositions; 4-T form is exact given one clean ancilla and feed-forward; compute half of a temporary AND, uncompute is free"
qt_modsub8,g00151,and,151,25 95 30,108,g00204,ccz t4,ccz:CCZ=1 t4:T=4,1 1,"Toffoli is a CCZ up to Cliffords; one CCZ state (Gidney & Fowler 2019) | Gidney 2018 temporary AND: 4 T to compute, 0 to uncompute","Toffoli = CCZ up to Clifford conjugation; 7-T forms are exact Clifford+T decompositions; 4-T form is exact given one clean ancilla and feed-forward; compute half of a temporary AND, uncompute is free"
qt_modsub8,g00155,and,155,24 94 31,112,g00200,ccz t4,ccz:CCZ=1 t4:T=4,1 1,"Toffoli is a CCZ up to Cliffords; one CCZ state (Gidney & Fowler 2019) | Gidney 2018 temporary AND: 4 T to compute, 0 to uncompute","Toffoli = CCZ up to Clifford conjugation; 7-T forms are exact Clifford+T decompositions; 4-T form is exact given one clean ancilla and feed-forward; compute half of a temporary AND, uncompute is free"
qt_modsub8,g00159,and,159,22 93 32,116,g00196,ccz t4,ccz:CCZ=1 t4:T=4,1 1,"Toffoli is a CCZ up to Cliffords; one CCZ state (Gidney & Fowler 2019) | Gidney 2018 temporary AND: 4 T to compute, 0 to uncompute","Toffoli = CCZ up to Clifford conjugation; 7-T forms are exact Clifford+T decompositions; 4-T form is exact given one clean ancilla and feed-forward; compute half of a temporary AND, uncompute is free"
qt_modsub8,g00163,and,163,21 92 33,120,g00191,ccz t4,ccz:CCZ=1 t4:T=4,1 1,"Toffoli is a CCZ up to Cliffords; one CCZ state (Gidney & Fowler 2019) | Gidney 2018 temporary AND: 4 T to compute, 0 to uncompute","Toffoli = CCZ up to Clifford conjugation; 7-T forms are exact Clifford+T decompositions; 4-T form is exact given one clean ancilla and feed-forward; compute half of a temporary AND, uncompute is free"
qt_modsub8,g00167,and,167,20 91 35,124,g00184,ccz t4,ccz:CCZ=1 t4:T=4,1 1,"Toffoli is a CCZ up to Cliffords; one CCZ state (Gidney & Fowler 2019) | Gidney 2018 temporary AND: 4 T to compute, 0 to uncompute","Toffoli = CCZ up to Clifford conjugation; 7-T forms are exact Clifford+T decompositions; 4-T form is exact given one clean ancilla and feed-forward; compute half of a temporary AND, uncompute is free"
qt_modsub8,g00171,and,171,19 90 36,128,g00176,ccz t4,ccz:CCZ=1 t4:T=4,1 1,"Toffoli is a CCZ up to Cliffords; one CCZ state (Gidney & Fowler 2019) | Gidney 2018 temporary AND: 4 T to compute, 0 to uncompute","Toffoli = CCZ up to Clifford conjugation; 7-T forms are exact Clifford+T decompositions; 4-T form is exact given one clean ancilla and feed-forward; compute half of a temporary AND, uncompute is free"
qt_modsub8,g00176,and_uncompute,176,19 90 36,132,g00171,uncompute_and_meas,uncompute_and_meas:clifford,0,"Gidney 2018: measurement-based uncomputation of a temporary AND, no magic states; legal because the paired compute writes a fresh ancilla and no control is written in between",Erasing the ancilla that holds the AND reproduces the second Toffoli exactly because both controls are unchanged since the compute
qt_modsub8,g00184,and_uncompute,184,20 91 35,135,g00167,uncompute_and_meas,uncompute_and_meas:clifford,0,"Gidney 2018: measurement-based uncomputation of a temporary AND, no magic states; legal because the paired compute writes a fresh ancilla and no control is written in between",Erasing the ancilla that holds the AND reproduces the second Toffoli exactly because both controls are unchanged since the compute
qt_modsub8,g00191,and_uncompute,191,21 92 33,138,g00163,uncompute_and_meas,uncompute_and_meas:clifford,0,"Gidney 2018: measurement-based uncomputation of a temporary AND, no magic states; legal because the paired compute writes a fresh ancilla and no control is written in between",Erasing the ancilla that holds the AND reproduces the second Toffoli exactly because both controls are unchanged since the compute
qt_modsub8,g00196,and_uncompute,196,22 93 32,141,g00159,uncompute_and_meas,uncompute_and_meas:clifford,0,"Gidney 2018: measurement-based uncomputation of a temporary AND, no magic states; legal because the paired compute writes a fresh ancilla and no control is written in between",Erasing the ancilla that holds the AND reproduces the second Toffoli exactly because both controls are unchanged since the compute
qt_modsub8,g00200,and_uncompute,200,24 94 31,144,g00155,uncompute_and_meas,uncompute_and_meas:clifford,0,"Gidney 2018: measurement-based uncomputation of a temporary AND, no magic states; legal because the paired compute writes a fresh ancilla and no control is written in between",Erasing the ancilla that holds the AND reproduces the second Toffoli exactly because both controls are unchanged since the compute
qt_modsub8,g00204,and_uncompute,204,25 95 30,147,g00151,uncompute_and_meas,uncompute_and_meas:clifford,0,"Gidney 2018: measurement-based uncomputation of a temporary AND, no magic states; legal because the paired compute writes a fresh ancilla and no control is written in between",Erasing the ancilla that holds the AND reproduces the second Toffoli exactly because both controls are unchanged since the compute
qt_modsub8,g00208,and_uncompute,208,26 96 29,150,g00147,uncompute_and_meas,uncompute_and_meas:clifford,0,"Gidney 2018: measurement-based uncomputation of a temporary AND, no magic states; legal because the paired compute writes a fresh ancilla and no control is written in between",Erasing the ancilla that holds the AND reproduces the second Toffoli exactly because both controls are unchanged since the compute
qt_modsub8,g00211,and_uncompute,211,27 97 28,152,g00144,uncompute_and_meas,uncompute_and_meas:clifford,0,"Gidney 2018: measurement-based uncomputation of a temporary AND, no magic states; legal because the paired compute writes a fresh ancilla and no control is written in between",Erasing the ancilla that holds the AND reproduces the second Toffoli exactly because both controls are unchanged since the compute
qt_modsub8,g00215,and,215,44 97 46,154,g00276,ccz t4,ccz:CCZ=1 t4:T=4,1 1,"Toffoli is a CCZ up to Cliffords; one CCZ state (Gidney & Fowler 2019) | Gidney 2018 temporary AND: 4 T to compute, 0 to uncompute","Toffoli = CCZ up to Clifford conjugation; 7-T forms are exact Clifford+T decompositions; 4-T form is exact given one clean ancilla and feed-forward; compute half of a temporary AND, uncompute is free"
qt_modsub8,g00218,and,218,43 96 47,157,g00273,ccz t4,ccz:CCZ=1 t4:T=4,1 1,"Toffoli is a CCZ up to Cliffords; one CCZ state (Gidney & Fowler 2019) | Gidney 2018 temporary AND: 4 T to compute, 0 to uncompute","Toffoli = CCZ up to Clifford conjugation; 7-T forms are exact Clifford+T decompositions; 4-T form is exact given one clean ancilla and feed-forward; compute half of a temporary AND, uncompute is free"
qt_modsub8,g00222,and,222,42 95 48,161,g00267,ccz t4,ccz:CCZ=1 t4:T=4,1 1,"Toffoli is a CCZ up to Cliffords; one CCZ state (Gidney & Fowler 2019) | Gidney 2018 temporary AND: 4 T to compute, 0 to uncompute","Toffoli = CCZ up to Clifford conjugation; 7-T forms are exact Clifford+T decompositions; 4-T form is exact given one clean ancilla and feed-forward; compute half of a temporary AND, uncompute is free"
qt_modsub8,g00226,and,226,41 94 49,165,g00261,ccz t4,ccz:CCZ=1 t4:T=4,1 1,"Toffoli is a CCZ up to Cliffords; one CCZ state (Gidney & Fowler 2019) | Gidney 2018 temporary AND: 4 T to compute, 0 to uncompute","Toffoli = CCZ up to Clifford conjugation; 7-T forms are exact Clifford+T decompositions; 4-T form is exact given one clean ancilla and feed-forward; compute half of a temporary AND, uncompute is free"
qt_modsub8,g00230,and,230,40 93 50,169,g00255,ccz t4,ccz:CCZ=1 t4:T=4,1 1,"Toffoli is a CCZ up to Cliffords; one CCZ state (Gidney & Fowler 2019) | Gidney 2018 temporary AND: 4 T to compute, 0 to uncompute","Toffoli = CCZ up to Clifford conjugation; 7-T forms are exact Clifford+T decompositions; 4-T form is exact given one clean ancilla and feed-forward; compute half of a temporary AND, uncompute is free"
qt_modsub8,g00234,and,234,39 92 51,173,g00249,ccz t4,ccz:CCZ=1 t4:T=4,1 1,"Toffoli is a CCZ up to Cliffords; one CCZ state (Gidney & Fowler 2019) | Gidney 2018 temporary AND: 4 T to compute, 0 to uncompute","Toffoli = CCZ up to Clifford conjugation; 7-T forms are exact Clifford+T decompositions; 4-T form is exact given one clean ancilla and feed-forward; compute half of a temporary AND, uncompute is free"
qt_modsub8,g00238,and,238,38 91 52,177,g00243,ccz t4,ccz:CCZ=1 t4:T=4,1 1,"Toffoli is a CCZ up to Cliffords; one CCZ state (Gidney & Fowler 2019) | Gidney 2018 temporary AND: 4 T to compute, 0 to uncompute","Toffoli = CCZ up to Clifford conjugation; 7-T forms are exact Clifford+T decompositions; 4-T form is exact given one clean ancilla and feed-forward; compute half of a temporary AND, uncompute is free"
qt_modsub8,g00243,and_uncompute,243,38 91 52,181,g00238,uncompute_and_meas,uncompute_and_meas:clifford,0,"Gidney 2018: measurement-based uncomputation of a temporary AND, no magic states; legal because the paired compute writes a fresh ancilla and no control is written in between",Erasing the ancilla that holds the AND reproduces the second Toffoli exactly because both controls are unchanged since the compute
qt_modsub8,g00249,and_uncompute,249,39 92 51,184,g00234,uncompute_and_meas,uncompute_and_meas:clifford,0,"Gidney 2018: measurement-based uncomputation of a temporary AND, no magic states; legal because the paired compute writes a fresh ancilla and no control is written in between",Erasing the ancilla that holds the AND reproduces the second Toffoli exactly because both controls are unchanged since the compute
qt_modsub8,g00255,and_uncompute,255,40 93 50,187,g00230,uncompute_and_meas,uncompute_and_meas:clifford,0,"Gidney 2018: measurement-based uncomputation of a temporary AND, no magic states; legal because the paired compute writes a fresh ancilla and no control is written in between",Erasing the ancilla that holds the AND reproduces the second Toffoli exactly because both controls are unchanged since the compute
qt_modsub8,g00261,and_uncompute,261,41 94 49,190,g00226,uncompute_and_meas,uncompute_and_meas:clifford,0,"Gidney 2018: measurement-based uncomputation of a temporary AND, no magic states; legal because the paired compute writes a fresh ancilla and no control is written in between",Erasing the ancilla that holds the AND reproduces the second Toffoli exactly because both controls are unchanged since the compute
qt_modsub8,g00267,and_uncompute,267,42 95 48,193,g00222,uncompute_and_meas,uncompute_and_meas:clifford,0,"Gidney 2018: measurement-based uncomputation of a temporary AND, no magic states; legal because the paired compute writes a fresh ancilla and no control is written in between",Erasing the ancilla that holds the AND reproduces the second Toffoli exactly because both controls are unchanged since the compute
qt_modsub8,g00273,and_uncompute,273,43 96 47,196,g00218,uncompute_and_meas,uncompute_and_meas:clifford,0,"Gidney 2018: measurement-based uncomputation of a temporary AND, no magic states; legal because the paired compute writes a fresh ancilla and no control is written in between",Erasing the ancilla that holds the AND reproduces the second Toffoli exactly because both controls are unchanged since the compute
qt_modsub8,g00276,and_uncompute,276,44 97 46,198,g00215,uncompute_and_meas,uncompute_and_meas:clifford,0,"Gidney 2018: measurement-based uncomputation of a temporary AND, no magic states; legal because the paired compute writes a fresh ancilla and no control is written in between",Erasing the ancilla that holds the AND reproduces the second Toffoli exactly because both controls are unchanged since the compute
qt_modsub8,g00283,and,283,97 89 55,201,g00363,ccz t4,ccz:CCZ=1 t4:T=4,1 1,"Toffoli is a CCZ up to Cliffords; one CCZ state (Gidney & Fowler 2019) | Gidney 2018 temporary AND: 4 T to compute, 0 to uncompute","Toffoli = CCZ up to Clifford conjugation; 7-T forms are exact Clifford+T decompositions; 4-T form is exact given one clean ancilla and feed-forward; compute half of a temporary AND, uncompute is free"
qt_modsub8,g00286,and,286,96 88 57,204,g00359,ccz t4,ccz:CCZ=1 t4:T=4,1 1,"Toffoli is a CCZ up to Cliffords; one CCZ state (Gidney & Fowler 2019) | Gidney 2018 temporary AND: 4 T to compute, 0 to uncompute","Toffoli = CCZ up to Clifford conjugation; 7-T forms are exact Clifford+T decompositions; 4-T form is exact given one clean ancilla and feed-forward; compute half of a temporary AND, uncompute is free"
qt_modsub8,g00290,and,290,95 87 58,208,g00353,ccz t4,ccz:CCZ=1 t4:T=4,1 1,"Toffoli is a CCZ up to Cliffords; one CCZ state (Gidney & Fowler 2019) | Gidney 2018 temporary AND: 4 T to compute, 0 to uncompute","Toffoli = CCZ up to Clifford conjugation; 7-T forms are exact Clifford+T decompositions; 4-T form is exact given one clean ancilla and feed-forward; compute half of a temporary AND, uncompute is free"
qt_modsub8,g00294,and,294,94 86 59,212,g00347,ccz t4,ccz:CCZ=1 t4:T=4,1 1,"Toffoli is a CCZ up to Cliffords; one CCZ state (Gidney & Fowler 2019) | Gidney 2018 temporary AND: 4 T to compute, 0 to uncompute","Toffoli = CCZ up to Clifford conjugation; 7-T forms are exact Clifford+T decompositions; 4-T form is exact given one clean ancilla and feed-forward; compute half of a temporary AND, uncompute is free"
qt_modsub8,g00298,and,298,93 85 60,216,g00341,ccz t4,ccz:CCZ=1 t4:T=4,1 1,"Toffoli is a CCZ up to Cliffords; one CCZ state (Gidney & Fowler 2019) | Gidney 2018 temporary AND: 4 T to compute, 0 to uncompute","Toffoli = CCZ up to Clifford conjugation; 7-T forms are exact Clifford+T decompositions; 4-T form is exact given one clean ancilla and feed-forward; compute half of a temporary AND, uncompute is free"
qt_modsub8,g00302,and,302,92 84 61,220,g00335,ccz t4,ccz:CCZ=1 t4:T=4,1 1,"Toffoli is a CCZ up to Cliffords; one CCZ state (Gidney & Fowler 2019) | Gidney 2018 temporary AND: 4 T to compute, 0 to uncompute","Toffoli = CCZ up to Clifford conjugation; 7-T forms are exact Clifford+T decompositions; 4-T form is exact given one clean ancilla and feed-forward; compute half of a temporary AND, uncompute is free"
qt_modsub8,g00306,and,306,91 83 62,224,g00329,ccz t4,ccz:CCZ=1 t4:T=4,1 1,"Toffoli is a CCZ up to Cliffords; one CCZ state (Gidney & Fowler 2019) | Gidney 2018 temporary AND: 4 T to compute, 0 to uncompute","Toffoli = CCZ up to Clifford conjugation; 7-T forms are exact Clifford+T decompositions; 4-T form is exact given one clean ancilla and feed-forward; compute half of a temporary AND, uncompute is free"
qt_modsub8,g00310,and,310,90 82 63,228,g00322,ccz t4,ccz:CCZ=1 t4:T=4,1 1,"Toffoli is a CCZ up to Cliffords; one CCZ state (Gidney & Fowler 2019) | Gidney 2018 temporary AND: 4 T to compute, 0 to uncompute","Toffoli = CCZ up to Clifford conjugation; 7-T forms are exact Clifford+T decompositions; 4-T form is exact given one clean ancilla and feed-forward; compute half of a temporary AND, uncompute is free"
qt_modsub8,g00322,and_uncompute,322,90 82 63,238,g00310,uncompute_and_meas,uncompute_and_meas:clifford,0,"Gidney 2018: measurement-based uncomputation of a temporary AND, no magic states; legal because the paired compute writes a fresh ancilla and no control is written in between",Erasing the ancilla that holds the AND reproduces the second Toffoli exactly because both controls are unchanged since the compute
qt_modsub8,g00329,and_uncompute,329,91 83 62,242,g00306,uncompute_and_meas,uncompute_and_meas:clifford,0,"Gidney 2018: measurement-based uncomputation of a temporary AND, no magic states; legal because the paired compute writes a fresh ancilla and no control is written in between",Erasing the ancilla that holds the AND reproduces the second Toffoli exactly because both controls are unchanged since the compute
qt_modsub8,g00335,and_uncompute,335,92 84 61,246,g00302,uncompute_and_meas,uncompute_and_meas:clifford,0,"Gidney 2018: measurement-based uncomputation of a temporary AND, no magic states; legal because the paired compute writes a fresh ancilla and no control is written in between",Erasing the ancilla that holds the AND reproduces the second Toffoli exactly because both controls are unchanged since the compute
qt_modsub8,g00341,and_uncompute,341,93 85 60,250,g00298,uncompute_and_meas,uncompute_and_meas:clifford,0,"Gidney 2018: measurement-based uncomputation of a temporary AND, no magic states; legal because the paired compute writes a fresh ancilla and no control is written in between",Erasing the ancilla that holds the AND reproduces the second Toffoli exactly because both controls are unchanged since the compute
qt_modsub8,g00347,and_uncompute,347,94 86 59,254,g00294,uncompute_and_meas,uncompute_and_meas:clifford,0,"Gidney 2018: measurement-based uncomputation of a temporary AND, no magic states; legal because the paired compute writes a fresh ancilla and no control is written in between",Erasing the ancilla that holds the AND reproduces the second Toffoli exactly because both controls are unchanged since the compute
qt_modsub8,g00353,and_uncompute,353,95 87 58,258,g00290,uncompute_and_meas,uncompute_and_meas:clifford,0,"Gidney 2018: measurement-based uncomputation of a temporary AND, no magic states; legal because the paired compute writes a fresh ancilla and no control is written in between",Erasing the ancilla that holds the AND reproduces the second Toffoli exactly because both controls are unchanged since the compute
qt_modsub8,g00359,and_uncompute,359,96 88 57,262,g00286,uncompute_and_meas,uncompute_and_meas:clifford,0,"Gidney 2018: measurement-based uncomputation of a temporary AND, no magic states; legal because the paired compute writes a fresh ancilla and no control is written in between",Erasing the ancilla that holds the AND reproduces the second Toffoli exactly because both controls are unchanged since the compute
qt_modsub8,g00363,and_uncompute,363,97 89 55,265,g00283,uncompute_and_meas,uncompute_and_meas:clifford,0,"Gidney 2018: measurement-based uncomputation of a temporary AND, no magic states; legal because the paired compute writes a fresh ancilla and no control is written in between",Erasing the ancilla that holds the AND reproduces the second Toffoli exactly because both controls are unchanged since the compute
qt_modsub8,g00367,and,367,72 89 73,267,g00423,ccz t4,ccz:CCZ=1 t4:T=4,1 1,"Toffoli is a CCZ up to Cliffords; one CCZ state (Gidney & Fowler 2019) | Gidney 2018 temporary AND: 4 T to compute, 0 to uncompute","Toffoli = CCZ up to Clifford conjugation; 7-T forms are exact Clifford+T decompositions; 4-T form is exact given one clean ancilla and feed-forward; compute half of a temporary AND, uncompute is free"
qt_modsub8,g00369,and,369,71 88 74,269,g00419,ccz t4,ccz:CCZ=1 t4:T=4,1 1,"Toffoli is a CCZ up to Cliffords; one CCZ state (Gidney & Fowler 2019) | Gidney 2018 temporary AND: 4 T to compute, 0 to uncompute","Toffoli = CCZ up to Clifford conjugation; 7-T forms are exact Clifford+T decompositions; 4-T form is exact given one clean ancilla and feed-forward; compute half of a temporary AND, uncompute is free"
qt_modsub8,g00372,and,372,70 87 75,272,g00413,ccz t4,ccz:CCZ=1 t4:T=4,1 1,"Toffoli is a CCZ up to Cliffords; one CCZ state (Gidney & Fowler 2019) | Gidney 2018 temporary AND: 4 T to compute, 0 to uncompute","Toffoli = CCZ up to Clifford conjugation; 7-T forms are exact Clifford+T decompositions; 4-T form is exact given one clean ancilla and feed-forward; compute half of a temporary AND, uncompute is free"
qt_modsub8,g00375,and,375,69 86 76,275,g00407,ccz t4,ccz:CCZ=1 t4:T=4,1 1,"Toffoli is a CCZ up to Cliffords; one CCZ state (Gidney & Fowler 2019) | Gidney 2018 temporary AND: 4 T to compute, 0 to uncompute","Toffoli = CCZ up to Clifford conjugation; 7-T forms are exact Clifford+T decompositions; 4-T form is exact given one clean ancilla and feed-forward; compute half of a temporary AND, uncompute is free"
qt_modsub8,g00378,and,378,68 85 77,278,g00401,ccz t4,ccz:CCZ=1 t4:T=4,1 1,"Toffoli is a CCZ up to Cliffords; one CCZ state (Gidney & Fowler 2019) | Gidney 2018 temporary AND: 4 T to compute, 0 to uncompute","Toffoli = CCZ up to Clifford conjugation; 7-T forms are exact Clifford+T decompositions; 4-T form is exact given one clean ancilla and feed-forward; compute half of a temporary AND, uncompute is free"
qt_modsub8,g00381,and,381,66 84 79,281,g00395,ccz t4,ccz:CCZ=1 t4:T=4,1 1,"Toffoli is a CCZ up to Cliffords; one CCZ state (Gidney & Fowler 2019) | Gidney 2018 temporary AND: 4 T to compute, 0 to uncompute","Toffoli = CCZ up to Clifford conjugation; 7-T forms are exact Clifford+T decompositions; 4-T form is exact given one clean ancilla and feed-forward; compute half of a temporary AND, uncompute is free"
qt_modsub8,g00384,and,384,65 83 80,284,g00389,ccz t4,ccz:CCZ=1 t4:T=4,1 1,"Toffoli is a CCZ up to Cliffords; one CCZ state (Gidney & Fowler 2019) | Gidney 2018 temporary AND: 4 T to compute, 0 to uncompute","Toffoli = CCZ up to Clifford conjugation; 7-T forms are exact Clifford+T decompositions; 4-T form is exact given one clean ancilla and feed-forward; compute half of a temporary AND, uncompute is free"
qt_modsub8,g00389,and_uncompute,389,65 83 80,288,g00384,uncompute_and_meas,uncompute_and_meas:clifford,0,"Gidney 2018: measurement-based uncomputation of a temporary AND, no magic states; legal because the paired compute writes a fresh ancilla and no control is written in between",Erasing the ancilla that holds the AND reproduces the second Toffoli exactly because both controls are unchanged since the compute
qt_modsub8,g00395,and_uncompute,395,66 84 79,292,g00381,uncompute_and_meas,uncompute_and_meas:clifford,0,"Gidney 2018: measurement-based uncomputation of a temporary AND, no magic states; legal because the paired compute writes a fresh ancilla and no control is written in between",Erasing the ancilla that holds the AND reproduces the second Toffoli exactly because both controls are unchanged since the compute
qt_modsub8,g00401,and_uncompute,401,68 85 77,296,g00378,uncompute_and_meas,uncompute_and_meas:clifford,0,"Gidney 2018: measurement-based uncomputation of a temporary AND, no magic states; legal because the paired compute writes a fresh ancilla and no control is written in between",Erasing the ancilla that holds the AND reproduces the second Toffoli exactly because both controls are unchanged since the compute
qt_modsub8,g00407,and_uncompute,407,69 86 76,300,g00375,uncompute_and_meas,uncompute_and_meas:clifford,0,"Gidney 2018: measurement-based uncomputation of a temporary AND, no magic states; legal because the paired compute writes a fresh ancilla and no control is written in between",Erasing the ancilla that holds the AND reproduces the second Toffoli exactly because both controls are unchanged since the compute
qt_modsub8,g00413,and_uncompute,413,70 87 75,304,g00372,uncompute_and_meas,uncompute_and_meas:clifford,0,"Gidney 2018: measurement-based uncomputation of a temporary AND, no magic states; legal because the paired compute writes a fresh ancilla and no control is written in between",Erasing the ancilla that holds the AND reproduces the second Toffoli exactly because both controls are unchanged since the compute
qt_modsub8,g00419,and_uncompute,419,71 88 74,308,g00369,uncompute_and_meas,uncompute_and_meas:clifford,0,"Gidney 2018: measurement-based uncomputation of a temporary AND, no magic states; legal because the paired compute writes a fresh ancilla and no control is written in between",Erasing the ancilla that holds the AND reproduces the second Toffoli exactly because both controls are unchanged since the compute
qt_modsub8,g00423,and_uncompute,423,72 89 73,311,g00367,uncompute_and_meas,uncompute_and_meas:clifford,0,"Gidney 2018: measurement-based uncomputation of a temporary AND, no magic states; legal because the paired compute writes a fresh ancilla and no control is written in between",Erasing the ancilla that holds the AND reproduces the second Toffoli exactly because both controls are unchanged since the compute
qt_modneg8,g00000,and,0,30 31 0,1,g00016,ccz t4,ccz:CCZ=1 t4:T=4,1 1,"Toffoli is a CCZ up to Cliffords; one CCZ state (Gidney & Fowler 2019) | Gidney 2018 temporary AND: 4 T to compute, 0 to uncompute","Toffoli = CCZ up to Clifford conjugation; 7-T forms are exact Clifford+T decompositions; 4-T form is exact given one clean ancilla and feed-forward; compute half of a temporary AND, uncompute is free"
qt_modneg8,g00002,and,2,0 32 1,2,g00014,ccz t4,ccz:CCZ=1 t4:T=4,1 1,"Toffoli is a CCZ up to Cliffords; one CCZ state (Gidney & Fowler 2019) | Gidney 2018 temporary AND: 4 T to compute, 0 to uncompute","Toffoli = CCZ up to Clifford conjugation; 7-T forms are exact Clifford+T decompositions; 4-T form is exact given one clean ancilla and feed-forward; compute half of a temporary AND, uncompute is free"
qt_modneg8,g00003,and,3,1 33 12,3,g00013,ccz t4,ccz:CCZ=1 t4:T=4,1 1,"Toffoli is a CCZ up to Cliffords; one CCZ state (Gidney & Fowler 2019) | Gidney 2018 temporary AND: 4 T to compute, 0 to uncompute","Toffoli = CCZ up to Clifford conjugation; 7-T forms are exact Clifford+T decompositions; 4-T form is exact given one clean ancilla and feed-forward; compute half of a temporary AND, uncompute is free"
qt_modneg8,g00004,and,4,12 34 23,4,g00012,ccz t4,ccz:CCZ=1 t4:T=4,1 1,"Toffoli is a CCZ up to Cliffords; one CCZ state (Gidney & Fowler 2019) | Gidney 2018 temporary AND: 4 T to compute, 0 to uncompute","Toffoli = CCZ up to Clifford conjugation; 7-T forms are exact Clifford+T decompositions; 4-T form is exact given one clean ancilla and feed-forward; compute half of a temporary AND, uncompute is free"
qt_modneg8,g00005,and,5,23 35 24,5,g00011,ccz t4,ccz:CCZ=1 t4:T=4,1 1,"Toffoli is a CCZ up to Cliffords; one CCZ state (Gidney & Fowler 2019) | Gidney 2018 temporary AND: 4 T to compute, 0 to uncompute","Toffoli = CCZ up to Clifford conjugation; 7-T forms are exact Clifford+T decompositions; 4-T form is exact given one clean ancilla and feed-forward; compute half of a temporary AND, uncompute is free"
qt_modneg8,g00006,and,6,24 36 25,6,g00010,ccz t4,ccz:CCZ=1 t4:T=4,1 1,"Toffoli is a CCZ up to Cliffords; one CCZ state (Gidney & Fowler 2019) | Gidney 2018 temporary AND: 4 T to compute, 0 to uncompute","Toffoli = CCZ up to Clifford conjugation; 7-T forms are exact Clifford+T decompositions; 4-T form is exact given one clean ancilla and feed-forward; compute half of a temporary AND, uncompute is free"
qt_modneg8,g00007,and,7,25 37 26,7,g00009,ccz t4,ccz:CCZ=1 t4:T=4,1 1,"Toffoli is a CCZ up to Cliffords; one CCZ state (Gidney & Fowler 2019) | Gidney 2018 temporary AND: 4 T to compute, 0 to uncompute","Toffoli = CCZ up to Clifford conjugation; 7-T forms are exact Clifford+T decompositions; 4-T form is exact given one clean ancilla and feed-forward; compute half of a temporary AND, uncompute is free"
qt_modneg8,g00009,and_uncompute,9,25 37 26,9,g00007,uncompute_and_meas,uncompute_and_meas:clifford,0,"Gidney 2018: measurement-based uncomputation of a temporary AND, no magic states; legal because the paired compute writes a fresh ancilla and no control is written in between",Erasing the ancilla that holds the AND reproduces the second Toffoli exactly because both controls are unchanged since the compute
qt_modneg8,g00010,and_uncompute,10,24 36 25,10,g00006,uncompute_and_meas,uncompute_and_meas:clifford,0,"Gidney 2018: measurement-based uncomputation of a temporary AND, no magic states; legal because the paired compute writes a fresh ancilla and no control is written in between",Erasing the ancilla that holds the AND reproduces the second Toffoli exactly because both controls are unchanged since the compute
qt_modneg8,g00011,and_uncompute,11,23 35 24,11,g00005,uncompute_and_meas,uncompute_and_meas:clifford,0,"Gidney 2018: measurement-based uncomputation of a temporary AND, no magic states; legal because the paired compute writes a fresh ancilla and no control is written in between",Erasing the ancilla that holds the AND reproduces the second Toffoli exactly because both controls are unchanged since the compute
qt_modneg8,g00012,and_uncompute,12,12 34 23,12,g00004,uncompute_and_meas,uncompute_and_meas:clifford,0,"Gidney 2018: measurement-based uncomputation of a temporary AND, no magic states; legal because the paired compute writes a fresh ancilla and no control is written in between",Erasing the ancilla that holds the AND reproduces the second Toffoli exactly because both controls are unchanged since the compute
qt_modneg8,g00013,and_uncompute,13,1 33 12,13,g00003,uncompute_and_meas,uncompute_and_meas:clifford,0,"Gidney 2018: measurement-based uncomputation of a temporary AND, no magic states; legal because the paired compute writes a fresh ancilla and no control is written in between",Erasing the ancilla that holds the AND reproduces the second Toffoli exactly because both controls are unchanged since the compute
qt_modneg8,g00014,and_uncompute,14,0 32 1,14,g00002,uncompute_and_meas,uncompute_and_meas:clifford,0,"Gidney 2018: measurement-based uncomputation of a temporary AND, no magic states; legal because the paired compute writes a fresh ancilla and no control is written in between",Erasing the ancilla that holds the AND reproduces the second Toffoli exactly because both controls are unchanged since the compute
qt_modneg8,g00016,and_uncompute,16,30 31 0,15,g00000,uncompute_and_meas,uncompute_and_meas:clifford,0,"Gidney 2018: measurement-based uncomputation of a temporary AND, no magic states; legal because the paired compute writes a fresh ancilla and no control is written in between",Erasing the ancilla that holds the AND reproduces the second Toffoli exactly because both controls are unchanged since the compute
qt_modneg8,g00035,and,35,7 37 8,23,g00098,ccz t4,ccz:CCZ=1 t4:T=4,1 1,"Toffoli is a CCZ up to Cliffords; one CCZ state (Gidney & Fowler 2019) | Gidney 2018 temporary AND: 4 T to compute, 0 to uncompute","Toffoli = CCZ up to Clifford conjugation; 7-T forms are exact Clifford+T decompositions; 4-T form is exact given one clean ancilla and feed-forward; compute half of a temporary AND, uncompute is free"
qt_modneg8,g00040,and,40,6 36 9,26,g00094,ccz t4,ccz:CCZ=1 t4:T=4,1 1,"Toffoli is a CCZ up to Cliffords; one CCZ state (Gidney & Fowler 2019) | Gidney 2018 temporary AND: 4 T to compute, 0 to uncompute","Toffoli = CCZ up to Clifford conjugation; 7-T forms are exact Clifford+T decompositions; 4-T form is exact given one clean ancilla and feed-forward; compute half of a temporary AND, uncompute is free"
qt_modneg8,g00044,and,44,5 35 10,30,g00088,ccz t4,ccz:CCZ=1 t4:T=4,1 1,"Toffoli is a CCZ up to Cliffords; one CCZ state (Gidney & Fowler 2019) | Gidney 2018 temporary AND: 4 T to compute, 0 to uncompute","Toffoli = CCZ up to Clifford conjugation; 7-T forms are exact Clifford+T decompositions; 4-T form is exact given one clean ancilla and feed-forward; compute half of a temporary AND, uncompute is free"
qt_modneg8,g00048,and,48,4 34 11,34,g00082,ccz t4,ccz:CCZ=1 t4:T=4,1 1,"Toffoli is a CCZ up to Cliffords; one CCZ state (Gidney & Fowler 2019) | Gidney 2018 temporary AND: 4 T to compute, 0 to uncompute","Toffoli = CCZ up to Clifford conjugation; 7-T forms are exact Clifford+T decompositions; 4-T form is exact given one clean ancilla and feed-forward; compute half of a temporary AND, uncompute is free"
qt_modneg8,g00052,and,52,3 33 13,38,g00076,ccz t4,ccz:CCZ=1 t4:T=4,1 1,"Toffoli is a CCZ up to Cliffords; one CCZ state (Gidney & Fowler 2019) | Gidney 2018 temporary AND: 4 T to compute, 0 to uncompute","Toffoli = CCZ up to Clifford conjugation; 7-T forms are exact Clifford+T decompositions; 4-T form is exact given one clean ancilla and feed-forward; compute half of a temporary AND, uncompute is free"
qt_modneg8,g00056,and,56,2 32 14,42,g00070,ccz t4,ccz:CCZ=1 t4:T=4,1 1,"Toffoli is a CCZ up to Cliffords; one CCZ state (Gidney & Fowler 2019) | Gidney 2018 temporary AND: 4 T to compute, 0 to uncompute","Toffoli = CCZ up to Clifford conjugation; 7-T forms are exact Clifford+T decompositions; 4-T form is exact given one clean ancilla and feed-forward; compute half of a temporary AND, uncompute is free"
qt_modneg8,g00060,and,60,29 31 15,46,g00065,ccz t4,ccz:CCZ=1 t4:T=4,1 1,"Toffoli is a CCZ up to Cliffords; one CCZ state (Gidney & Fowler 2019) | Gidney 2018 temporary AND: 4 T to compute, 0 to uncompute","Toffoli = CCZ up to Clifford conjugation; 7-T forms are exact Clifford+T decompositions; 4-T form is exact given one clean ancilla and feed-forward; compute half of a temporary AND, uncompute is free"
qt_modneg8,g00065,and_uncompute,65,29 31 15,50,g00060,uncompute_and_meas,uncompute_and_meas:clifford,0,"Gidney 2018: measurement-based uncomputation of a temporary AND, no magic states; legal because the paired compute writes a fresh ancilla and no control is written in between",Erasing the ancilla that holds the AND reproduces the second Toffoli exactly because both controls are unchanged since the compute
qt_modneg8,g00070,and_uncompute,70,2 32 14,53,g00056,uncompute_and_meas,uncompute_and_meas:clifford,0,"Gidney 2018: measurement-based uncomputation of a temporary AND, no magic states; legal because the paired compute writes a fresh ancilla and no control is written in between",Erasing the ancilla that holds the AND reproduces the second Toffoli exactly because both controls are unchanged since the compute
qt_modneg8,g00072,and,72,30 31 16,53,g00111,ccz t4,ccz:CCZ=1 t4:T=4,1 1,"Toffoli is a CCZ up to Cliffords; one CCZ state (Gidney & Fowler 2019) | Gidney 2018 temporary AND: 4 T to compute, 0 to uncompute","Toffoli = CCZ up to Clifford conjugation; 7-T forms are exact Clifford+T decompositions; 4-T form is exact given one clean ancilla and feed-forward; compute half of a temporary AND, uncompute is free"
qt_modneg8,g00076,and_uncompute,76,3 33 13,56,g00052,uncompute_and_meas,uncompute_and_meas:clifford,0,"Gidney 2018: measurement-based uncomputation of a temporary AND, no magic states; legal because the paired compute writes a fresh ancilla and no control is written in between",Erasing the ancilla that holds the AND reproduces the second Toffoli exactly because both controls are unchanged since the compute
qt_modneg8,g00078,and,78,16 32 17,56,g00110,ccz t4,ccz:CCZ=1 t4:T=4,1 1,"Toffoli is a CCZ up to Cliffords; one CCZ state (Gidney & Fowler 2019) | Gidney 2018 temporary AND: 4 T to compute, 0 to uncompute","Toffoli = CCZ up to Clifford conjugation; 7-T forms are exact Clifford+T decompositions; 4-T form is exact given one clean ancilla and feed-forward; compute half of a temporary AND, uncompute is free"
qt_modneg8,g00082,and_uncompute,82,4 34 11,59,g00048,uncompute_and_meas,uncompute_and_meas:clifford,0,"Gidney 2018: measurement-based uncomputation of a temporary AND, no magic states; legal because the paired compute writes a fresh ancilla and no control is written in between",Erasing the ancilla that holds the AND reproduces the second Toffoli exactly because both controls are unchanged since the compute
qt_modneg8,g00084,and,84,17 33 18,59,g00109,ccz t4,ccz:CCZ=1 t4:T=4,1 1,"Toffoli is a CCZ up to Cliffords; one CCZ state (Gidney & Fowler 2019) | Gidney 2018 temporary AND: 4 T to compute, 0 to uncompute","Toffoli = CCZ up to Clifford conjugation; 7-T forms are exact Clifford+T decompositions; 4-T form is exact given one clean ancilla and feed-forward; compute half of a temporary AND, uncompute is free"
qt_modneg8,g00088,and_uncompute,88,5 35 10,62,g00044,uncompute_and_meas,uncompute_and_meas:clifford,0,"Gidney 2018: measurement-based uncomputation of a temporary AND, no magic states; legal because the paired compute writes a fresh ancilla and no control is written in between",Erasing the ancilla that holds the AND reproduces the second Toffoli exactly because both controls are unchanged since the compute
qt_modneg8,g00090,and,90,18 34 19,62,g00108,ccz t4,ccz:CCZ=1 t4:T=4,1 1,"Toffoli is a CCZ up to Cliffords; one CCZ state (Gidney & Fowler 2019) | Gidney 2018 temporary AND: 4 T to compute, 0 to uncompute","Toffoli = CCZ up to Clifford conjugation; 7-T forms are exact Clifford+T decompositions; 4-T form is exact given one clean ancilla and feed-forward; compute half of a temporary AND, uncompute is free"
qt_modneg8,g00094,and_uncompute,94,6 36 9,65,g00040,uncompute_and_meas,uncompute_and_meas:clifford,0,"Gidney 2018: measurement-based uncomputation of a temporary AND, no magic states; legal because the paired compute writes a fresh ancilla and no control is written in between",Erasing the ancilla that holds the AND reproduces the second Toffoli exactly because both controls are unchanged since the compute
qt_modneg8,g00096,and,96,19 35 20,65,g00107,ccz t4,ccz:CCZ=1 t4:T=4,1 1,"Toffoli is a CCZ up to Cliffords; one CCZ state (Gidney & Fowler 2019) | Gidney 2018 temporary AND: 4 T to compute, 0 to uncompute","Toffoli = CCZ up to Clifford conjugation; 7-T forms are exact Clifford+T decompositions; 4-T form is exact given one clean ancilla and feed-forward; compute half of a temporary AND, uncompute is free"
qt_modneg8,g00098,and_uncompute,98,7 37 8,67,g00035,uncompute_and_meas,uncompute_and_meas:clifford,0,"Gidney 2018: measurement-based uncomputation of a temporary AND, no magic states; legal because the paired compute writes a fresh ancilla and no control is written in between",Erasing the ancilla that holds the AND reproduces the second Toffoli exactly because both controls are unchanged since the compute
qt_modneg8,g00101,and,101,20 36 21,68,g00106,ccz t4,ccz:CCZ=1 t4:T=4,1 1,"Toffoli is a CCZ up to Cliffords; one CCZ state (Gidney & Fowler 2019) | Gidney 2018 temporary AND: 4 T to compute, 0 to uncompute","Toffoli = CCZ up to Clifford conjugation; 7-T forms are exact Clifford+T decompositions; 4-T form is exact given one clean ancilla and feed-forward; compute half of a temporary AND, uncompute is free"
qt_modneg8,g00102,and,102,21 37 22,69,g00104,ccz t4,ccz:CCZ=1 t4:T=4,1 1,"Toffoli is a CCZ up to Cliffords; one CCZ state (Gidney & Fowler 2019) | Gidney 2018 temporary AND: 4 T to compute, 0 to uncompute","Toffoli = CCZ up to Clifford conjugation; 7-T forms are exact Clifford+T decompositions; 4-T form is exact given one clean ancilla and feed-forward; compute half of a temporary AND, uncompute is free"
qt_modneg8,g00104,and_uncompute,104,21 37 22,71,g00102,uncompute_and_meas,uncompute_and_meas:clifford,0,"Gidney 2018: measurement-based uncomputation of a temporary AND, no magic states; legal because the paired compute writes a fresh ancilla and no control is written in between",Erasing the ancilla that holds the AND reproduces the second Toffoli exactly because both controls are unchanged since the compute
qt_modneg8,g00106,and_uncompute,106,20 36 21,72,g00101,uncompute_and_meas,uncompute_and_meas:clifford,0,"Gidney 2018: measurement-based uncomputation of a temporary AND, no magic states; legal because the paired compute writes a fresh ancilla and no control is written in between",Erasing the ancilla that holds the AND reproduces the second Toffoli exactly because both controls are unchanged since the compute
qt_modneg8,g00107,and_uncompute,107,19 35 20,73,g00096,uncompute_and_meas,uncompute_and_meas:clifford,0,"Gidney 2018: measurement-based uncomputation of a temporary AND, no magic states; legal because the paired compute writes a fresh ancilla and no control is written in between",Erasing the ancilla that holds the AND reproduces the second Toffoli exactly because both controls are unchanged since the compute
qt_modneg8,g00108,and_uncompute,108,18 34 19,74,g00090,uncompute_and_meas,uncompute_and_meas:clifford,0,"Gidney 2018: measurement-based uncomputation of a temporary AND, no magic states; legal because the paired compute writes a fresh ancilla and no control is written in between",Erasing the ancilla that holds the AND reproduces the second Toffoli exactly because both controls are unchanged since the compute
qt_modneg8,g00109,and_uncompute,109,17 33 18,75,g00084,uncompute_and_meas,uncompute_and_meas:clifford,0,"Gidney 2018: measurement-based uncomputation of a temporary AND, no magic states; legal because the paired compute writes a fresh ancilla and no control is written in between",Erasing the ancilla that holds the AND reproduces the second Toffoli exactly because both controls are unchanged since the compute
qt_modneg8,g00110,and_uncompute,110,16 32 17,76,g00078,uncompute_and_meas,uncompute_and_meas:clifford,0,"Gidney 2018: measurement-based uncomputation of a temporary AND, no magic states; legal because the paired compute writes a fresh ancilla and no control is written in between",Erasing the ancilla that holds the AND reproduces the second Toffoli exactly because both controls are unchanged since the compute
qt_modneg8,g00111,and_uncompute,111,30 31 16,77,g00072,uncompute_and_meas,uncompute_and_meas:clifford,0,"Gidney 2018: measurement-based uncomputation of a temporary AND, no magic states; legal because the paired compute writes a fresh ancilla and no control is written in between",Erasing the ancilla that holds the AND reproduces the second Toffoli exactly because both controls are unchanged since the compute
