lambda_A,lambda_C,lambda_B,policy,match_rate,match_rate_nontrivial,mean_regret,median_regret,p95_regret,mean_regret_nontrivial,median_regret_nontrivial,p95_regret_nontrivial
0.0,0.0,0.0,always_capacity_aware,0.5192307692307693,0.053497942386831275,0.12235848954956093,0.0,0.6621621621621621,0.33613329148484905,0.183568677792041,0.9390243902439024
0.0,0.0,0.0,always_increase_B,0.9471153846153846,0.8477366255144033,0.03617491084491579,0.0,0.1578947368421053,0.1066249149212672,0.0,0.7073170731707317
0.0,0.0,0.0,always_increase_C,1.0,1.0,0.0,0.0,0.0,0.0,0.0,0.0
0.0,0.0,0.0,always_smooth,0.9100274725274725,0.7366255144032922,0.046801288558602556,0.0,0.26315789473684204,0.13846031811288845,0.0,0.8571428571428572
0.0,0.0,0.0,oracle_resource_aware,1.0,1.0,0.0,0.0,0.0,0.0,0.0,0.0
0.0,0.0,0.0,random,0.8385989010989011,0.5925925925925926,0.05443801569668896,0.0,0.273972602739726,0.15680592753213432,0.0,0.75
0.0,0.0,0.0,regime_aware,0.989010989010989,0.9670781893004116,0.0007572277486563906,0.0,0.0,0.0022685670823944545,0.0,0.0
0.0,0.0,0.002,always_capacity_aware,0.5192307692307693,0.053497942386831275,0.12235848954956093,0.0,0.6621621621621621,0.33613329148484905,0.183568677792041,0.9390243902439024
0.0,0.0,0.002,always_increase_B,0.9100274725274725,0.7366255144032922,0.038883702053707,0.0,0.20589473684210535,0.11474014125871576,0.0,0.7473170731707317
0.0,0.0,0.002,always_increase_C,1.0,1.0,0.0,0.0,0.0,0.0,0.0,0.0
0.0,0.0,0.002,always_smooth,0.9100274725274725,0.7366255144032922,0.046801288558602556,0.0,0.26315789473684204,0.13846031811288845,0.0,0.8571428571428572
0.0,0.0,0.002,oracle_resource_aware,1.0,1.0,0.0,0.0,0.0,0.0,0.0,0.0
0.0,0.0,0.002,random,0.8331043956043956,0.565843621399177,0.059001988478552425,0.0,0.3285,0.17104582831622797,0.0,0.8292682926829269
0.0,0.0,0.002,regime_aware,0.9629120879120879,0.8888888888888888,0.0018204145618432048,0.0,0.0,0.0054537522675796426,0.0,0.04800000000000004
0.0,0.0,0.005,always_capacity_aware,0.5192307692307693,0.053497942386831275,0.12235848954956093,0.0,0.6621621621621621,0.33613329148484905,0.183568677792041,0.9390243902439024
0.0,0.0,0.005,always_increase_B,0.9100274725274725,0.7366255144032922,0.042946888866893816,0.0,0.23809523809523814,0.1269129807648886,0.0,0.8073170731707318
0.0,0.0,0.005,always_increase_C,1.0,1.0,0.0,0.0,0.0,0.0,0.0,0.0
0.0,0.0,0.005,always_smooth,0.9100274725274725,0.7366255144032922,0.046801288558602556,0.0,0.26315789473684204,0.13846031811288845,0.0,0.8571428571428572
0.0,0.0,0.005,oracle_resource_aware,1.0,1.0,0.0,0.0,0.0,0.0,0.0,0.0
0.0,0.0,0.005,random,0.842032967032967,0.5823045267489712,0.062104722182905504,0.0,0.33766233766233755,0.18019540407344714,0.0,0.894736842105263
0.0,0.0,0.005,regime_aware,0.9629120879120879,0.8888888888888888,0.0034151947816234247,0.0,0.0,0.01023153004535742,0.0,0.09589041095890405
0.0,0.0,0.01,always_capacity_aware,0.5192307692307693,0.053497942386831275,0.12235848954956093,0.0,0.6621621621621621,0.33613329148484905,0.183568677792041,0.9390243902439024
0.0,0.0,0.01,always_increase_B,0.9100274725274725,0.7366255144032922,0.04971886688887184,0.0,0.3092307692307692,0.14720104660851002,0.0,0.894736842105263
0.0,0.0,0.01,always_increase_C,1.0,1.0,0.0,0.0,0.0,0.0,0.0,0.0
0.0,0.0,0.01,always_smooth,0.9100274725274725,0.7366255144032922,0.046801288558602556,0.0,0.26315789473684204,0.13846031811288845,0.0,0.8571428571428572
0.0,0.0,0.01,oracle_resource_aware,1.0,1.0,0.0,0.0,0.0,0.0,0.0,0.0
0.0,0.0,0.01,random,0.823489010989011,0.5740740740740741,0.062303640715441776,0.0,0.36363636363636354,0.17842912569889888,0.0,0.8571428571428572
0.0,0.0,0.01,regime_aware,0.9629120879120879,0.8888888888888888,0.006073161814590457,0.0,0.0,0.01819449300832038,0.0,0.15068493150684925
0.0,0.0,0.02,always_capacity_aware,0.5192307692307693,0.053497942386831275,0.12235848954956093,0.0,0.6621621621621621,0.33613329148484905,0.183568677792041,0.9390243902439024
0.0,0.0,0.02,always_increase_B,0.9100274725274725,0.7366255144032922,0.06326282293282788,0.0,0.48,0.1877771782957528,0.0,0.9304761904761905
0.0,0.0,0.02,always_increase_C,1.0,1.0,0.0,0.0,0.0,0.0,0.0,0.0
0.0,0.0,0.02,always_smooth,0.9100274725274725,0.7366255144032922,0.046801288558602556,0.0,0.26315789473684204,0.13846031811288845,0.0,0.8571428571428572
0.0,0.0,0.02,oracle_resource_aware,1.0,1.0,0.0,0.0,0.0,0.0,0.0,0.0
0.0,0.0,0.02,random,0.8282967032967034,0.565843621399177,0.06341938842841327,0.0,0.36986301369863006,0.1841233463983062,0.0,0.8673170731707316
0.0,0.0,0.02,regime_aware,0.9629120879120879,0.8888888888888888,0.011389095880524525,0.0,0.0,0.03412041893424631,0.0,0.28
0.0,0.0,0.05,always_capacity_aware,0.5192307692307693,0.053497942386831275,0.12235848954956093,0.0,0.6621621621621621,0.33613329148484905,0.183568677792041,0.9390243902439024
0.0,0.0,0.05,always_increase_B,0.9100274725274725,0.7366255144032922,0.10389469106469601,0.0,0.894736842105263,0.30950557335748125,0.0,1.6
0.0,0.0,0.05,always_increase_C,1.0,1.0,0.0,0.0,0.0,0.0,0.0,0.0
0.0,0.0,0.05,always_smooth,0.9100274725274725,0.7366255144032922,0.046801288558602556,0.0,0.26315789473684204,0.13846031811288845,0.0,0.8571428571428572
0.0,0.0,0.05,oracle_resource_aware,1.0,1.0,0.0,0.0,0.0,0.0,0.0,0.0
0.0,0.0,0.05,random,0.8276098901098901,0.5637860082304527,0.06834705738996825,0.0,0.36986301369863006,0.19675222560484565,0.0,0.9285714285714286
0.0,0.0,0.05,regime_aware,0.9629120879120879,0.8888888888888888,0.027336898078326722,0.0,0.0,0.08189819671202409,0.0,0.7000000000000002
0.0,0.01,0.0,always_capacity_aware,0.5192307692307693,0.053497942386831275,0.1213420060330774,0.0,0.6621621621621621,0.3330880239951371,0.183568677792041,0.9090243902439024
0.0,0.01,0.0,always_increase_B,0.9471153846153846,0.8477366255144033,0.035158427328432273,0.0,0.1378947368421053,0.10357964743155526,0.0,0.6773170731707316
0.0,0.01,0.0,always_increase_C,0.9608516483516484,0.8888888888888888,0.00039148351648351685,0.0,0.0,0.0011111111111111122,0.0,0.010000000000000009
0.0,0.01,0.0,always_smooth,0.9100274725274725,0.7366255144032922,0.04578480504211905,0.0,0.253157894736842,0.13541505062317652,0.0,0.8371428571428572
0.0,0.01,0.0,oracle_resource_aware,1.0,1.0,0.0,0.0,0.0,0.0,0.0,0.0
0.0,0.01,0.0,random,0.8379120879120879,0.5823045267489712,0.05546656013606942,0.0,0.3125,0.1610442208952624,0.0,0.8233333333333333
0.0,0.01,0.0,regime_aware,0.9869505494505495,0.9670781893004116,0.0007778321442607863,0.0,0.0,0.0022685670823944545,0.0,0.0
0.0,0.01,0.002,always_capacity_aware,0.5192307692307693,0.053497942386831275,0.12098074229681367,0.0,0.6621621621621621,0.33200571946838814,0.18301435406698563,0.9090243902439024
0.0,0.01,0.002,always_increase_B,0.9134615384615384,0.7469135802469136,0.03750595480095975,0.0,0.18789473684210534,0.11061256924225485,0.0,0.7173170731707317
0.0,0.01,0.002,always_increase_C,0.9945054945054945,0.9897119341563786,3.0219780219780246e-05,0.0,0.0,2.8806584362139944e-05,0.0,0.0
0.0,0.01,0.002,always_smooth,0.9100274725274725,0.7366255144032922,0.045423541305855304,0.0,0.25027397260273965,0.13433274609642756,0.0,0.8371428571428572
0.0,0.01,0.002,oracle_resource_aware,1.0,1.0,0.0,0.0,0.0,0.0,0.0,0.0
0.0,0.01,0.002,random,0.8241758241758241,0.5534979423868313,0.0625984437950432,0.0,0.3702439024390243,0.18131262737192805,0.0,0.8358536585365854
0.0,0.01,0.002,regime_aware,0.9622252747252747,0.8930041152263375,0.001479755221183864,0.0,0.0,0.00437144774083067,0.0,0.038000000000000034
0.0,0.01,0.005,always_capacity_aware,0.5192307692307693,0.053497942386831275,0.12097112691219829,0.0,0.6621621621621621,0.331976912884026,0.18301435406698563,0.9090243902439024
0.0,0.01,0.005,always_increase_B,0.9107142857142857,0.7386831275720165,0.04155952622953118,0.0,0.22809523809523813,0.12275660216406555,0.0,0.7773170731707317
0.0,0.01,0.005,always_increase_C,0.9979395604395604,1.0,2.060439560439562e-05,0.0,0.0,0.0,0.0,0.0
0.0,0.01,0.005,always_smooth,0.9100274725274725,0.7366255144032922,0.045413925921239925,0.0,0.25027397260273965,0.13430393951206543,0.0,0.8371428571428572
0.0,0.01,0.005,oracle_resource_aware,1.0,1.0,0.0,0.0,0.0,0.0,0.0,0.0
0.0,0.01,0.005,random,0.8282967032967034,0.5679012345679012,0.057640045091655295,0.0,0.3080952380952382,0.16645200124774595,0.0,0.8236585365853659
0.0,0.01,0.005,regime_aware,0.9615384615384616,0.8909465020576132,0.0030649200563486988,0.0,0.0,0.009120418934246307,0.0,0.08589041095890404
0.0,0.01,0.01,always_capacity_aware,0.5192307692307693,0.053497942386831275,0.12097112691219829,0.0,0.6621621621621621,0.331976912884026,0.18301435406698563,0.9090243902439024
0.0,0.01,0.01,always_increase_B,0.9100274725274725,0.7366255144032922,0.04833150425150919,0.0,0.2992307692307692,0.14304466800768695,0.0,0.874736842105263
0.0,0.01,0.01,always_increase_C,0.9979395604395604,1.0,2.060439560439562e-05,0.0,0.0,0.0,0.0,0.0
0.0,0.01,0.01,always_smooth,0.9100274725274725,0.7366255144032922,0.045413925921239925,0.0,0.25027397260273965,0.13430393951206543,0.0,0.8371428571428572
0.0,0.01,0.01,oracle_resource_aware,1.0,1.0,0.0,0.0,0.0,0.0,0.0,0.0
0.0,0.01,0.01,random,0.8269230769230769,0.5534979423868313,0.058711263805437945,0.0,0.35986301369863005,0.1703101041686771,0.0,0.8373170731707316
0.0,0.01,0.01,regime_aware,0.9608516483516484,0.8888888888888888,0.005722887089315732,0.0,0.0,0.017083381897209274,0.0,0.14068493150684924
0.0,0.01,0.02,always_capacity_aware,0.5192307692307693,0.053497942386831275,0.12097112691219829,0.0,0.6621621621621621,0.331976912884026,0.18301435406698563,0.9090243902439024
0.0,0.01,0.02,always_increase_B,0.9100274725274725,0.7366255144032922,0.06187546029546525,0.0,0.47,0.18362079969492973,0.0,0.9104761904761904
0.0,0.01,0.02,always_increase_C,0.9979395604395604,1.0,2.060439560439562e-05,0.0,0.0,0.0,0.0,0.0
0.0,0.01,0.02,always_smooth,0.9100274725274725,0.7366255144032922,0.045413925921239925,0.0,0.25027397260273965,0.13430393951206543,0.0,0.8371428571428572
0.0,0.01,0.02,oracle_resource_aware,1.0,1.0,0.0,0.0,0.0,0.0,0.0,0.0
0.0,0.01,0.02,random,0.8324175824175825,0.5781893004115226,0.0653841513502571,0.0,0.38726027397260276,0.19040232619893632,0.0,0.884736842105263
0.0,0.01,0.02,regime_aware,0.9608516483516484,0.8888888888888888,0.011038821155249798,0.0,0.0,0.033009307823135194,0.0,0.27
0.0,0.01,0.05,always_capacity_aware,0.5192307692307693,0.053497942386831275,0.12097112691219829,0.0,0.6621621621621621,0.331976912884026,0.18301435406698563,0.9090243902439024
0.0,0.01,0.05,always_increase_B,0.9100274725274725,0.7366255144032922,0.10250732842733339,0.0,0.884736842105263,0.30534919475665817,0.0,1.59
0.0,0.01,0.05,always_increase_C,0.9979395604395604,1.0,2.060439560439562e-05,0.0,0.0,0.0,0.0,0.0
0.0,0.01,0.05,always_smooth,0.9100274725274725,0.7366255144032922,0.045413925921239925,0.0,0.25027397260273965,0.13430393951206543,0.0,0.8371428571428572
0.0,0.01,0.05,oracle_resource_aware,1.0,1.0,0.0,0.0,0.0,0.0,0.0,0.0
0.0,0.01,0.05,random,0.8365384615384616,0.5781893004115226,0.06676105419097766,0.0,0.3702439024390243,0.19366474798026212,0.0,0.99
0.0,0.01,0.05,regime_aware,0.9608516483516484,0.8888888888888888,0.026986623353052,0.0,0.0,0.08078708560091298,0.0,0.6900000000000002
0.0,0.03,0.0,always_capacity_aware,0.5192307692307693,0.053497942386831275,0.11930903900011039,0.0,0.6621621621621621,0.32699748901571324,0.183568677792041,0.8685714285714285
0.0,0.03,0.0,always_increase_B,0.9471153846153846,0.8477366255144033,0.03312546029546524,0.0,0.09789473684210526,0.09748911245213139,0.0,0.6304761904761904
0.0,0.03,0.0,always_increase_C,0.9608516483516484,0.8888888888888888,0.0011744505494505504,0.0,0.0,0.003333333333333336,0.0,0.030000000000000027
0.0,0.03,0.0,always_smooth,0.9100274725274725,0.7366255144032922,0.04375183800915201,0.0,0.23684210526315796,0.12932451564375264,0.0,0.7880487804878047
0.0,0.03,0.0,oracle_resource_aware,1.0,1.0,0.0,0.0,0.0,0.0,0.0,0.0
0.0,0.03,0.0,random,0.8303571428571429,0.5637860082304527,0.05228976641870393,0.0,0.2825,0.15121018592326269,0.0,0.7402597402597402
0.0,0.03,0.0,regime_aware,0.9869505494505495,0.9670781893004116,0.0008190409354695775,0.0,0.0,0.0022685670823944545,0.0,0.0
0.0,0.03,0.002,always_capacity_aware,0.5192307692307693,0.053497942386831275,0.11838745406714674,0.0,0.6621621621621621,0.32423652674741066,0.18181818181818188,0.8685714285714285
0.0,0.03,0.002,always_increase_B,0.9237637362637363,0.7777777777777778,0.03491266657129282,0.0,0.1578947368421053,0.10284337652127737,0.0,0.6653170731707316
0.0,0.03,0.002,always_increase_C,0.9828296703296703,0.9547325102880658,0.00025286561648691584,0.0,0.0,0.0005723710650307601,0.0,0.0
0.0,0.03,0.002,always_smooth,0.9114010989010989,0.7407407407407407,0.042830253076188374,0.0,0.23027397260273963,0.12656355337545006,0.0,0.7880487804878047
0.0,0.03,0.002,oracle_resource_aware,1.0,1.0,0.0,0.0,0.0,0.0,0.0,0.0
0.0,0.03,0.002,random,0.8447802197802198,0.5925925925925926,0.05102669422131222,0.0,0.25806451612903225,0.1460170999618116,0.0,0.7971428571428572
0.0,0.03,0.002,regime_aware,0.9711538461538461,0.9197530864197531,0.000960642815692757,0.0,0.0,0.002692789999277066,0.0,0.022631578947368336
0.0,0.03,0.005,always_capacity_aware,0.5192307692307693,0.053497942386831275,0.11826218604248846,0.0,0.6621621621621621,0.32386123817971013,0.18181818181818188,0.8685714285714285
0.0,0.03,0.005,always_increase_B,0.9141483516483516,0.7489711934156379,0.03885058535982136,0.0,0.2080952380952381,0.11464092745974973,0.0,0.7173170731707317
0.0,0.03,0.005,always_increase_C,0.992445054945055,0.9835390946502057,0.0001275975918286472,0.0,0.0,0.00019708249733026796,0.0,0.0
0.0,0.03,0.005,always_smooth,0.9120879120879121,0.742798353909465,0.04270498505153011,0.0,0.23027397260273963,0.12618826480774958,0.0,0.7880487804878047
0.0,0.03,0.005,oracle_resource_aware,1.0,1.0,0.0,0.0,0.0,0.0,0.0,0.0
0.0,0.03,0.005,random,0.8221153846153846,0.5555555555555556,0.05862266754437528,0.0,0.33986301369863003,0.16614893015056384,0.0,0.7971428571428572
0.0,0.03,0.005,regime_aware,0.9649725274725275,0.9012345679012346,0.002430155010814708,0.0,0.0,0.007095279209354352,0.0,0.06589041095890402
0.0,0.03,0.01,always_capacity_aware,0.5192307692307693,0.053497942386831275,0.11822963297911349,0.0,0.6621621621621621,0.323763712952809,0.18181818181818188,0.8685714285714285
0.0,0.03,0.01,always_increase_B,0.9107142857142857,0.7386831275720165,0.0455900103184244,0.0,0.27,0.13483146807646995,0.0,0.8173170731707315
0.0,0.03,0.01,always_increase_C,0.9945054945054945,0.9897119341563786,9.504452845366592e-05,0.0,0.0,9.95572704290895e-05,0.0,0.0
0.0,0.03,0.01,always_smooth,0.9127747252747253,0.7448559670781894,0.042672431988155124,0.0,0.23027397260273963,0.1260907395808484,0.0,0.7880487804878047
0.0,0.03,0.01,oracle_resource_aware,1.0,1.0,0.0,0.0,0.0,0.0,0.0,0.0
0.0,0.03,0.01,random,0.8255494505494505,0.5596707818930041,0.0568301023757992,0.0,0.3287671232876712,0.1613490798090293,0.0,0.7636585365853659
0.0,0.03,0.01,regime_aware,0.9642857142857143,0.8991769547325102,0.00505556898040676,0.0,0.0,0.014960716945416135,0.0,0.12068493150684922
0.0,0.03,0.02,always_capacity_aware,0.5192307692307693,0.053497942386831275,0.11822276484724535,0.0,0.6621621621621621,0.3237431368211217,0.18181818181818188,0.8685714285714285
0.0,0.03,0.02,always_increase_B,0.9100274725274725,0.7366255144032922,0.059127098230512314,0.0,0.44999999999999996,0.1753870236320255,0.0,0.8704761904761904
0.0,0.03,0.02,always_increase_C,0.9951923076923077,0.9917695473251029,8.817639658553404e-05,0.0,0.0,7.898113874184669e-05,0.0,0.0
0.0,0.03,0.02,always_smooth,0.9127747252747253,0.7448559670781894,0.04266556385628699,0.0,0.23027397260273963,0.12607016344916117,0.0,0.7880487804878047
0.0,0.03,0.02,oracle_resource_aware,1.0,1.0,0.0,0.0,0.0,0.0,0.0,0.0
0.0,0.03,0.02,random,0.8214285714285714,0.5390946502057613,0.06058213908035883,0.0,0.35923076923076924,0.1756988395990429,0.0,0.8002439024390242
0.0,0.03,0.02,regime_aware,0.9635989010989011,0.897119341563786,0.010364634914472693,0.0,0.0,0.030866066739654818,0.0,0.25
0.0,0.03,0.05,always_capacity_aware,0.5192307692307693,0.053497942386831275,0.11822276484724535,0.0,0.6621621621621621,0.3237431368211217,0.18181818181818188,0.8685714285714285
0.0,0.03,0.05,always_increase_B,0.9100274725274725,0.7366255144032922,0.09975896636238045,0.0,0.864736842105263,0.2971154186937539,0.0,1.57
0.0,0.03,0.05,always_increase_C,0.9951923076923077,0.9917695473251029,8.817639658553404e-05,0.0,0.0,7.898113874184669e-05,0.0,0.0
0.0,0.03,0.05,always_smooth,0.9127747252747253,0.7448559670781894,0.04266556385628699,0.0,0.23027397260273963,0.12607016344916117,0.0,0.7880487804878047
0.0,0.03,0.05,oracle_resource_aware,1.0,1.0,0.0,0.0,0.0,0.0,0.0,0.0
0.0,0.03,0.05,random,0.8282967032967034,0.5390946502057613,0.07074795714260146,0.0,0.43243243243243246,0.20550958727189902,0.0,0.9161904761904762
0.0,0.03,0.05,regime_aware,0.9635989010989011,0.897119341563786,0.026312437112274892,0.0,0.0,0.0786438445174326,0.0,0.6700000000000002
0.0,0.05,0.0,always_capacity_aware,0.5192307692307693,0.053497942386831275,0.11727607196714335,0.0,0.6368421052631579,0.3209069540362893,0.183568677792041,0.8285714285714285
0.0,0.05,0.0,always_increase_B,0.9471153846153846,0.8477366255144033,0.03109249326249821,0.0,0.05789473684210522,0.09139857747270752,0.0,0.5904761904761904
0.0,0.05,0.0,always_increase_C,0.9608516483516484,0.8888888888888888,0.001957417582417584,0.0,0.0,0.00555555555555556,0.0,0.050000000000000044
0.0,0.05,0.0,always_smooth,0.9100274725274725,0.7366255144032922,0.04171887097618498,0.0,0.21923076923076912,0.1232339806643288,0.0,0.7280487804878049
0.0,0.05,0.0,oracle_resource_aware,1.0,1.0,0.0,0.0,0.0,0.0,0.0,0.0
0.0,0.05,0.0,random,0.8255494505494505,0.5555555555555556,0.06039723483467164,0.0,0.3421052631578947,0.17246662121028059,0.0,0.75
0.0,0.05,0.0,regime_aware,0.9869505494505495,0.9670781893004116,0.0008602497266783687,0.0,0.0,0.0022685670823944545,0.0,0.0
0.0,0.05,0.002,always_capacity_aware,0.5192307692307693,0.053497942386831275,0.1160479911107483,0.0,0.6368421052631579,0.317227765297789,0.18181818181818188,0.8285714285714285
0.0,0.05,0.002,always_increase_B,0.9347527472527473,0.8106995884773662,0.03257320361489438,0.0,0.11789473684210527,0.09583461507165572,0.0,0.6224761904761904
0.0,0.05,0.002,always_increase_C,0.9711538461538461,0.9197530864197531,0.000729336726022542,0.0,0.0,0.0018763668170551872,0.0,0.018000000000000016
0.0,0.05,0.002,always_smooth,0.9120879120879121,0.742798353909465,0.04049079011978994,0.0,0.20487804878048776,0.11955479192582841,0.0,0.7280487804878049
0.0,0.05,0.002,oracle_resource_aware,1.0,1.0,0.0,0.0,0.0,0.0,0.0,0.0
0.0,0.05,0.002,random,0.8331043956043956,0.588477366255144,0.055917238445277566,0.0,0.29410526315789465,0.1594149225319614,0.0,0.7890243902439025
0.0,0.05,0.002,regime_aware,0.9773351648351648,0.9382716049382716,0.0006953556834701408,0.0,0.0,0.0017745635290792692,0.0,0.006000000000000005
0.0,0.05,0.005,always_capacity_aware,0.5192307692307693,0.053497942386831275,0.1156645662329198,0.0,0.6368421052631579,0.3160790685444592,0.18181818181818188,0.8285714285714285
0.0,0.05,0.005,always_increase_B,0.9175824175824175,0.7592592592592593,0.03625296555025271,0.0,0.18789473684210534,0.10685875782449876,0.0,0.6773170731707316
0.0,0.05,0.005,always_increase_C,0.9862637362637363,0.9650205761316872,0.0003459118481940555,0.0,0.0,0.0007276700637254004,0.0,0.0
0.0,0.05,0.005,always_smooth,0.9141483516483516,0.7489711934156379,0.04010736524196145,0.0,0.20487804878048776,0.11840609517249863,0.0,0.7280487804878049
0.0,0.05,0.005,oracle_resource_aware,1.0,1.0,0.0,0.0,0.0,0.0,0.0,0.0
0.0,0.05,0.005,random,0.8372252747252747,0.5843621399176955,0.05395042205162452,0.0,0.31842105263157894,0.1556034394277502,0.0,0.7890243902439025
0.0,0.05,0.005,regime_aware,0.967032967032967,0.9074074074074074,0.001906711025421874,0.0,0.0,0.00540364455352726,0.0,0.045890410958904004
0.0,0.05,0.01,always_capacity_aware,0.5192307692307693,0.053497942386831275,0.11556333185086352,0.0,0.6368421052631579,0.3157757820006856,0.18181818181818188,0.8285714285714285
0.0,0.05,0.01,always_increase_B,0.9127747252747253,0.7448559670781894,0.04292370919017442,0.0,0.26249999999999996,0.12684353712434654,0.0,0.7573170731707317
0.0,0.05,0.01,always_increase_C,0.9903846153846154,0.977366255144033,0.00024467746613775546,0.0,0.0,0.0004243835199517938,0.0,0.0
0.0,0.05,0.01,always_smooth,0.9148351648351648,0.7510288065843621,0.04000613085990515,0.0,0.20487804878048776,0.11810280862872502,0.0,0.7280487804878049
0.0,0.05,0.01,oracle_resource_aware,1.0,1.0,0.0,0.0,0.0,0.0,0.0,0.0
0.0,0.05,0.01,random,0.8276098901098901,0.551440329218107,0.056434479196636245,0.0,0.26923076923076916,0.16465164529300466,0.0,0.7890243902439025
0.0,0.05,0.01,regime_aware,0.9656593406593407,0.9032921810699589,0.004463443676332607,0.0,0.0,0.013063320972716615,0.0,0.1006849315068492
0.0,0.05,0.02,always_capacity_aware,0.5192307692307693,0.053497942386831275,0.11553674192089786,0.0,0.6368421052631579,0.3156961216343687,0.18181818181818188,0.8285714285714285
0.0,0.05,0.02,always_increase_B,0.9107142857142857,0.7386831275720165,0.056441075304164805,0.0,0.42999999999999994,0.16734000844527244,0.0,0.844736842105263
0.0,0.05,0.02,always_increase_C,0.9910714285714286,0.9794238683127572,0.00021808753617209167,0.0,0.0,0.0003447231536349081,0.0,0.0
0.0,0.05,0.02,always_smooth,0.9162087912087912,0.7551440329218106,0.03997954092993949,0.0,0.20487804878048776,0.11802314826240813,0.0,0.7280487804878049
0.0,0.05,0.02,oracle_resource_aware,1.0,1.0,0.0,0.0,0.0,0.0,0.0,0.0
0.0,0.05,0.02,random,0.8413461538461539,0.5925925925925926,0.055210247680402,0.0,0.3063013698630137,0.15941299374920953,0.0,0.75
0.0,0.05,0.02,regime_aware,0.9656593406593407,0.9032921810699589,0.00975278781230101,0.0,0.0,0.028909586532325657,0.0,0.22999999999999998
0.0,0.05,0.05,always_capacity_aware,0.5192307692307693,0.053497942386831275,0.11552987378902971,0.0,0.6368421052631579,0.31567554550268145,0.18181818181818188,0.8285714285714285
0.0,0.05,0.05,always_increase_B,0.9100274725274725,0.7366255144032922,0.0970660753041648,0.0,0.844736842105263,0.2890478273753136,0.0,1.55
0.0,0.05,0.05,always_increase_C,0.9917582417582418,0.9814814814814815,0.0002112194043039598,0.0,0.0,0.00032414702194766525,0.0,0.0
0.0,0.05,0.05,always_smooth,0.9162087912087912,0.7551440329218106,0.03997267279807136,0.0,0.20487804878048776,0.11800257213072089,0.0,0.7280487804878049
0.0,0.05,0.05,oracle_resource_aware,1.0,1.0,0.0,0.0,0.0,0.0,0.0,0.0
0.0,0.05,0.05,random,0.8427197802197802,0.588477366255144,0.06385562081882723,0.0,0.35064935064935066,0.18561007941668733,0.0,1.1105263157894738
0.0,0.05,0.05,regime_aware,0.9649725274725275,0.9012345679012346,0.025693721878235078,0.0,0.0,0.07666678817841618,0.0,0.6500000000000001
0.0,0.1,0.0,always_capacity_aware,0.5192307692307693,0.053497942386831275,0.11230932818461008,0.0,0.5789473684210527,0.30602716196351487,0.183568677792041,0.75
0.0,0.1,0.0,always_increase_B,0.9498626373626373,0.8559670781893004,0.026125749479964953,0.0,0.0,0.076518785399933,0.0,0.4904761904761905
0.0,0.1,0.0,always_increase_C,0.9581043956043956,0.8806584362139918,0.004030508964719495,0.0,0.0,0.011457656486896261,0.0,0.10000000000000009
0.0,0.1,0.0,always_smooth,0.9100274725274725,0.7366255144032922,0.03675212719365172,0.0,0.19178082191780832,0.10835418859155425,0.0,0.6024390243902438
0.0,0.1,0.0,oracle_resource_aware,1.0,1.0,0.0,0.0,0.0,0.0,0.0,0.0
0.0,0.1,0.0,random,0.823489010989011,0.5349794238683128,0.05002359485702611,0.0,0.25806451612903225,0.14448057977108827,0.0,0.6875
0.0,0.1,0.0,regime_aware,0.9842032967032966,0.9588477366255144,0.0010789455045846729,0.0,0.0,0.0026151124581795956,0.0,0.0
0.0,0.1,0.002,always_capacity_aware,0.5192307692307693,0.053497942386831275,0.11086255155030875,0.0,0.5769230769230769,0.3016927858739207,0.18181818181818188,0.75
0.0,0.1,0.002,always_increase_B,0.945054945054945,0.8415637860082305,0.027387764054454818,0.0,0.02189473684210541,0.0802996356477874,0.0,0.5224761904761905
0.0,0.1,0.002,always_increase_C,0.9608516483516484,0.8888888888888888,0.002583732330418148,0.0,0.0,0.007123280397302105,0.0,0.06800000000000006
0.0,0.1,0.002,always_smooth,0.9120879120879121,0.742798353909465,0.03530535055935037,0.0,0.1658536585365855,0.1040198125019601,0.0,0.6024390243902438
0.0,0.1,0.002,oracle_resource_aware,1.0,1.0,0.0,0.0,0.0,0.0,0.0,0.0
0.0,0.1,0.002,random,0.8399725274725275,0.5802469135802469,0.04899975418863798,0.0,0.25567123287671234,0.142106817771415,0.0,0.7402597402597402
0.0,0.1,0.002,regime_aware,0.9876373626373627,0.9691358024691358,0.0006953556834701408,0.0,0.0,0.0014659215537706268,0.0,0.0
0.0,0.1,0.005,always_capacity_aware,0.5192307692307693,0.053497942386831275,0.10971651749366705,0.0,0.5769230769230769,0.29825939989352906,0.17713073005093383,0.75
0.0,0.1,0.005,always_increase_B,0.926510989010989,0.7860082304526749,0.03030491681099994,0.0,0.09789473684210548,0.08903908917356868,0.0,0.5704761904761906
0.0,0.1,0.005,always_increase_C,0.9697802197802198,0.9156378600823045,0.0014376982737764595,0.0,0.0,0.0036898944169105443,0.0,0.030000000000000027
0.0,0.1,0.005,always_smooth,0.9223901098901099,0.7736625514403292,0.03415931650270868,0.0,0.13809523809523805,0.10058642652156854,0.0,0.6024390243902438
0.0,0.1,0.005,oracle_resource_aware,1.0,1.0,0.0,0.0,0.0,0.0,0.0,0.0
0.0,0.1,0.005,random,0.8337912087912088,0.5967078189300411,0.04732728134273251,0.0,0.26923076923076916,0.13249792449917103,0.0,0.6621621621621621
0.0,0.1,0.005,regime_aware,0.9773351648351648,0.9382716049382716,0.0011441018466086716,0.0,0.0,0.002810313351156843,0.0,0.023287671232876672
0.0,0.1,0.01,always_capacity_aware,0.5192307692307693,0.053497942386831275,0.10927693724694909,0.0,0.5769230769230769,0.296942468125584,0.17312526183493926,0.75
0.0,0.1,0.01,always_increase_B,0.9162087912087912,0.7551440329218106,0.03663731458626001,0.0,0.2039024390243902,0.10801022324924493,0.0,0.6504761904761904
0.0,0.1,0.01,always_increase_C,0.978021978021978,0.9403292181069959,0.0009981180270585048,0.0,0.0,0.0023729626489653968,0.0,0.003225806451613078
0.0,0.1,0.01,always_smooth,0.9237637362637363,0.7777777777777778,0.033719736255990736,0.0,0.13809523809523805,0.0992694947536234,0.0,0.6024390243902438
0.0,0.1,0.01,oracle_resource_aware,1.0,1.0,0.0,0.0,0.0,0.0,0.0,0.0
0.0,0.1,0.01,random,0.8337912087912088,0.5864197530864198,0.050251110552864,0.0,0.25,0.1445858045389677,0.0,0.7124999999999999
0.0,0.1,0.01,regime_aware,0.9690934065934066,0.9135802469135802,0.00336248863285775,0.0,0.0,0.00945634454617466,0.0,0.05068493150684916
0.0,0.1,0.02,always_capacity_aware,0.5192307692307693,0.053497942386831275,0.10920258400723382,0.0,0.5769230769230769,0.2967197143868485,0.17312526183493926,0.75
0.0,0.1,0.02,always_increase_B,0.9107142857142857,0.7386831275720165,0.05010691739050078,0.0,0.37806451612903236,0.14836360119775224,0.0,0.7504761904761903
0.0,0.1,0.02,always_increase_C,0.9787087912087912,0.9423868312757202,0.0009237647873432301,0.0,0.0,0.0021502089102299234,0.0,0.003225806451613078
0.0,0.1,0.02,always_smooth,0.9285714285714286,0.7921810699588477,0.033645383016275454,0.0,0.13809523809523805,0.09904674101488792,0.0,0.6024390243902438
0.0,0.1,0.02,oracle_resource_aware,1.0,1.0,0.0,0.0,0.0,0.0,0.0,0.0
0.0,0.1,0.02,random,0.8324175824175825,0.5761316872427984,0.05231108132235504,0.0,0.3063013698630137,0.15256393507282115,0.0,0.6947368421052631
0.0,0.1,0.02,regime_aware,0.9697802197802198,0.9156378600823045,0.008604069459076541,0.0,0.0,0.02515951673336511,0.0,0.17999999999999994
0.0,0.1,0.05,always_capacity_aware,0.5192307692307693,0.053497942386831275,0.10916761897226879,0.0,0.5769230769230769,0.2966149631709862,0.17312526183493926,0.75
0.0,0.1,0.05,always_increase_B,0.9100274725274725,0.7366255144032922,0.09070382048740387,0.0,0.794736842105263,0.2699872450436184,0.0,1.4580645161290324
0.0,0.1,0.05,always_increase_C,0.9787087912087912,0.9423868312757202,0.0008887997523781952,0.0,0.0,0.002045457694367597,0.0,0.003225806451613078
0.0,0.1,0.05,always_smooth,0.9292582417582418,0.7942386831275721,0.033610417981310425,0.0,0.13809523809523805,0.09894198979902559,0.0,0.6024390243902438
0.0,0.1,0.05,oracle_resource_aware,1.0,1.0,0.0,0.0,0.0,0.0,0.0,0.0
0.0,0.1,0.05,random,0.8440934065934066,0.6090534979423868,0.05751242605400453,0.0,0.3125,0.1656720353795948,0.0,0.8439024390243903
0.0,0.1,0.05,regime_aware,0.9690934065934066,0.9135802469135802,0.02451690662191371,0.0,0.0,0.07283254329528056,0.0,0.6000000000000001
0.0,0.2,0.0,always_capacity_aware,0.5192307692307693,0.053497942386831275,0.10427790316714457,0.0,0.46153846153846145,0.2819659380428774,0.18237250554323725,0.75
0.0,0.2,0.0,always_increase_B,0.9601648351648352,0.8868312757201646,0.018094324462499436,0.0,0.0,0.05245756147929557,0.0,0.29047619047619055
0.0,0.2,0.0,always_increase_C,0.945054945054945,0.8415637860082305,0.010078754276924302,0.0,0.14193548387096766,0.028960218574489265,0.0,0.19999999999999996
0.0,0.2,0.0,always_smooth,0.9100274725274725,0.7366255144032922,0.028720702176186205,0.0,0.15609756097560967,0.08429296467091683,0.0,0.4904761904761905
0.0,0.2,0.0,oracle_resource_aware,1.0,1.0,0.0,0.0,0.0,0.0,0.0,0.0
0.0,0.2,0.0,random,0.8228021978021978,0.551440329218107,0.04964402701150165,0.0,0.30000000000000004,0.1408441507212358,0.0,0.7105263157894737
0.0,0.2,0.0,regime_aware,0.9711538461538461,0.9197530864197531,0.003418399607998276,0.0,0.0,0.009006563434661503,0.0,0.08095238095238089
0.0,0.2,0.002,always_capacity_aware,0.5192307692307693,0.053497942386831275,0.10231767945360666,0.0,0.46153846153846145,0.27609333366651695,0.16883116883116878,0.75
0.0,0.2,0.002,always_increase_B,0.9581043956043956,0.8806584362139918,0.01884289195775275,0.0,0.0,0.05470018344038367,0.0,0.3224761904761906
0.0,0.2,0.002,always_increase_C,0.945054945054945,0.8415637860082305,0.008118530563386402,0.0,0.08193548387096761,0.02308761419812881,0.0,0.17199999999999993
0.0,0.2,0.002,always_smooth,0.9120879120879121,0.742798353909465,0.026760478462648306,0.0,0.12668493150684923,0.07842036029455637,0.0,0.4904761904761905
0.0,0.2,0.002,oracle_resource_aware,1.0,1.0,0.0,0.0,0.0,0.0,0.0,0.0
0.0,0.2,0.002,random,0.8434065934065934,0.6008230452674898,0.04186668419638363,0.0,0.24675324675324672,0.1189885159249744,0.0,0.6623376623376624
0.0,0.2,0.002,regime_aware,0.9718406593406593,0.9218106995884774,0.0025213627076471905,0.0,0.0,0.006319144243486233,0.0,0.06526315789473691
0.0,0.2,0.005,always_capacity_aware,0.5192307692307693,0.053497942386831275,0.10008521847964445,0.0,0.41894736842105273,0.2694051378268276,0.16883116883116878,0.75
0.0,0.2,0.005,always_increase_B,0.9402472527472527,0.8271604938271605,0.02067361779697734,0.0,0.03150684931506853,0.06018482710686721,0.0,0.3704761904761906
0.0,0.2,0.005,always_increase_C,0.9478021978021978,0.8497942386831275,0.005886069589424179,0.0,0.03414634146341444,0.016399418358439513,0.0,0.1315068493150684
0.0,0.2,0.005,always_smooth,0.9271978021978022,0.7880658436213992,0.02452801748868608,0.0,0.08090909090909082,0.07173216445486709,0.0,0.4904761904761905
0.0,0.2,0.005,oracle_resource_aware,1.0,1.0,0.0,0.0,0.0,0.0,0.0,0.0
0.0,0.2,0.005,random,0.8324175824175825,0.5679012345679012,0.04130955697721641,0.0,0.23750000000000004,0.11701899379334736,0.0,0.631578947368421
0.0,0.2,0.005,regime_aware,0.9711538461538461,0.9197530864197531,0.0018836819534651863,0.0,0.0,0.004408726181574715,0.0,0.04219178082191788
0.0,0.2,0.01,always_capacity_aware,0.5192307692307693,0.053497942386831275,0.098646342217641,0.0,0.3769230769230769,0.265094430342307,0.16216216216216206,0.75
0.0,0.2,0.01,always_increase_B,0.9230769230769231,0.7757201646090535,0.026006719556951902,0.0,0.1200000000000001,0.07616218546596797,0.0,0.4504761904761905
0.0,0.2,0.01,always_increase_C,0.9574175824175825,0.8786008230452675,0.004447193327420722,0.0,0.0,0.012088710873918869,0.0,0.1041095890410959
0.0,0.2,0.01,always_smooth,0.9347527472527473,0.8106995884773662,0.023089141226682628,0.0,0.03808219178082184,0.06742145697034643,0.0,0.4904761904761905
0.0,0.2,0.01,oracle_resource_aware,1.0,1.0,0.0,0.0,0.0,0.0,0.0,0.0
0.0,0.2,0.01,random,0.8372252747252747,0.5843621399176955,0.041817015047604135,0.0,0.24986301369862995,0.11897848571852877,0.0,0.6904761904761905
0.0,0.2,0.01,regime_aware,0.9684065934065934,0.911522633744856,0.0031027727244287632,0.0,0.0,0.008060981660017036,0.0,0.08000000000000007
0.0,0.2,0.02,always_capacity_aware,0.5192307692307693,0.053497942386831275,0.0983454941317481,0.0,0.3769230769230769,0.264193124142595,0.16216216216216206,0.75
0.0,0.2,0.02,always_increase_B,0.9107142857142857,0.7386831275720165,0.03924982751501506,0.0,0.3063013698630137,0.11583701095349874,0.0,0.5432258064516131
0.0,0.2,0.02,always_increase_C,0.959478021978022,0.8847736625514403,0.0041463452415278325,0.0,0.0,0.011187404674206841,0.0,0.10322580645161294
0.0,0.2,0.02,always_smooth,0.945054945054945,0.8415637860082305,0.022788293140789735,0.0,0.026315789473684292,0.0665201507706344,0.0,0.4904761904761905
0.0,0.2,0.02,oracle_resource_aware,1.0,1.0,0.0,0.0,0.0,0.0,0.0,0.0
0.0,0.2,0.02,random,0.8406593406593407,0.588477366255144,0.044702727054810515,0.0,0.28421052631578947,0.12668663676050637,0.0,0.6526315789473687
0.0,0.2,0.02,regime_aware,0.9642857142857143,0.8991769547325102,0.00811785870446994,0.0,0.0,0.023085601386230933,0.0,0.12821917808219174
0.0,0.2,0.05,always_capacity_aware,0.5192307692307693,0.053497942386831275,0.09831052909678308,0.0,0.3769230769230769,0.26408837292673265,0.16216216216216206,0.75
0.0,0.2,0.05,always_increase_B,0.9100274725274725,0.7366255144032922,0.07984673061191816,0.0,0.7390243902439024,0.23746065479936482,0.0,1.3193548387096778
0.0,0.2,0.05,always_increase_C,0.959478021978022,0.8847736625514403,0.004111380206562798,0.0,0.0,0.011082653458344513,0.0,0.10322580645161294
0.0,0.2,0.05,always_smooth,0.9457417582417582,0.8436213991769548,0.022753328105824703,0.0,0.019178082191780854,0.06641539955477208,0.0,0.4904761904761905
0.0,0.2,0.05,oracle_resource_aware,1.0,1.0,0.0,0.0,0.0,0.0,0.0,0.0
0.0,0.2,0.05,random,0.8399725274725275,0.5864197530864198,0.04483473421473772,0.0,0.23684210526315796,0.1289951622513869,0.0,0.6421052631578947
0.0,0.2,0.05,regime_aware,0.9635989010989011,0.897119341563786,0.024030695867307106,0.0,0.0,0.07075862794814639,0.0,0.5684210526315792
0.005,0.0,0.0,always_capacity_aware,0.5192307692307693,0.053497942386831275,0.12235848954956093,0.0,0.6621621621621621,0.33613329148484905,0.183568677792041,0.9390243902439024
0.005,0.0,0.0,always_increase_B,0.9471153846153846,0.8477366255144033,0.03627047838712968,0.0,0.1578947368421053,0.10691122426584211,0.0,0.7091463414634145
0.005,0.0,0.0,always_increase_C,1.0,1.0,0.0,0.0,0.0,0.0,0.0,0.0
0.005,0.0,0.0,always_smooth,0.9100274725274725,0.7366255144032922,0.04779058048756845,0.0,0.26923076923076916,0.1414241227395846,0.0,0.8790853658536586
0.005,0.0,0.0,oracle_resource_aware,1.0,1.0,0.0,0.0,0.0,0.0,0.0,0.0
0.005,0.0,0.0,random,0.8289835164835165,0.5720164609053497,0.06515370710414635,0.0,0.36986301369863006,0.1876113569125383,0.0,0.8792073170731709
0.005,0.0,0.0,regime_aware,0.989010989010989,0.9670781893004116,0.0007793361548330524,0.0,0.0,0.002334801319829062,0.0,0.0
0.005,0.0,0.002,always_capacity_aware,0.5192307692307693,0.053497942386831275,0.12235848954956093,0.0,0.6621621621621621,0.33613329148484905,0.183568677792041,0.9390243902439024
0.005,0.0,0.002,always_increase_B,0.9100274725274725,0.7366255144032922,0.038979269595920886,0.0,0.20589473684210535,0.11502645060329068,0.0,0.7491463414634145
0.005,0.0,0.002,always_increase_C,1.0,1.0,0.0,0.0,0.0,0.0,0.0,0.0
0.005,0.0,0.002,always_smooth,0.9100274725274725,0.7366255144032922,0.04779058048756845,0.0,0.26923076923076916,0.1414241227395846,0.0,0.8790853658536586
0.005,0.0,0.002,oracle_resource_aware,1.0,1.0,0.0,0.0,0.0,0.0,0.0,0.0
0.005,0.0,0.002,random,0.8207417582417582,0.551440329218107,0.0597872946756377,0.0,0.3421052631578947,0.1712228507569651,0.0,0.8382894736842104
0.005,0.0,0.002,regime_aware,0.9629120879120879,0.8888888888888888,0.0018425229680198666,0.0,0.0,0.00551998650501425,0.0,0.04800000000000004
0.005,0.0,0.005,always_capacity_aware,0.5192307692307693,0.053497942386831275,0.12235848954956093,0.0,0.6621621621621621,0.33613329148484905,0.183568677792041,0.9390243902439024
0.005,0.0,0.005,always_increase_B,0.9100274725274725,0.7366255144032922,0.0430424564091077,0.0,0.23809523809523814,0.12719929010946351,0.0,0.8091463414634146
0.005,0.0,0.005,always_increase_C,1.0,1.0,0.0,0.0,0.0,0.0,0.0,0.0
0.005,0.0,0.005,always_smooth,0.9100274725274725,0.7366255144032922,0.04779058048756845,0.0,0.26923076923076916,0.1414241227395846,0.0,0.8790853658536586
0.005,0.0,0.005,oracle_resource_aware,1.0,1.0,0.0,0.0,0.0,0.0,0.0,0.0
0.005,0.0,0.005,random,0.8248626373626373,0.5617283950617284,0.05837419213429261,0.0,0.32432432432432434,0.16956693433057832,0.0,0.8613095238095239
0.005,0.0,0.005,regime_aware,0.9629120879120879,0.8888888888888888,0.003437303187800086,0.0,0.0,0.010297764282792027,0.0,0.09787671232876716
0.005,0.0,0.01,always_capacity_aware,0.5192307692307693,0.053497942386831275,0.12235848954956093,0.0,0.6621621621621621,0.33613329148484905,0.183568677792041,0.9390243902439024
0.005,0.0,0.01,always_increase_B,0.9100274725274725,0.7366255144032922,0.04981443443108572,0.0,0.3092307692307692,0.1474873559530849,0.0,0.894736842105263
0.005,0.0,0.01,always_increase_C,1.0,1.0,0.0,0.0,0.0,0.0,0.0,0.0
0.005,0.0,0.01,always_smooth,0.9100274725274725,0.7366255144032922,0.04779058048756845,0.0,0.26923076923076916,0.1414241227395846,0.0,0.8790853658536586
0.005,0.0,0.01,oracle_resource_aware,1.0,1.0,0.0,0.0,0.0,0.0,0.0,0.0
0.005,0.0,0.01,random,0.8372252747252747,0.5905349794238683,0.056726904982623005,0.0,0.32432432432432434,0.16415501048840744,0.0,0.811547619047619
0.005,0.0,0.01,regime_aware,0.9629120879120879,0.8888888888888888,0.00609527022076712,0.0,0.0,0.01826072724575499,0.0,0.15623287671232866
0.005,0.0,0.02,always_capacity_aware,0.5192307692307693,0.053497942386831275,0.12235848954956093,0.0,0.6621621621621621,0.33613329148484905,0.183568677792041,0.9390243902439024
0.005,0.0,0.02,always_increase_B,0.9100274725274725,0.7366255144032922,0.06335839047504177,0.0,0.48,0.1880634876403277,0.0,0.9304761904761905
0.005,0.0,0.02,always_increase_C,1.0,1.0,0.0,0.0,0.0,0.0,0.0,0.0
0.005,0.0,0.02,always_smooth,0.9100274725274725,0.7366255144032922,0.04779058048756845,0.0,0.26923076923076916,0.1414241227395846,0.0,0.8790853658536586
0.005,0.0,0.02,oracle_resource_aware,1.0,1.0,0.0,0.0,0.0,0.0,0.0,0.0
0.005,0.0,0.02,random,0.8269230769230769,0.5617283950617284,0.06904905019456808,0.0,0.3999999999999999,0.19841080494782357,0.0,0.894736842105263
0.005,0.0,0.02,regime_aware,0.9629120879120879,0.8888888888888888,0.011411204286701185,0.0,0.0,0.03418665317168092,0.0,0.28
0.005,0.0,0.05,always_capacity_aware,0.5192307692307693,0.053497942386831275,0.12235848954956093,0.0,0.6621621621621621,0.33613329148484905,0.183568677792041,0.9390243902439024
0.005,0.0,0.05,always_increase_B,0.9100274725274725,0.7366255144032922,0.1039902586069099,0.0,0.894736842105263,0.3097918827020561,0.0,1.6
0.005,0.0,0.05,always_increase_C,1.0,1.0,0.0,0.0,0.0,0.0,0.0,0.0
0.005,0.0,0.05,always_smooth,0.9100274725274725,0.7366255144032922,0.04779058048756845,0.0,0.26923076923076916,0.1414241227395846,0.0,0.8790853658536586
0.005,0.0,0.05,oracle_resource_aware,1.0,1.0,0.0,0.0,0.0,0.0,0.0,0.0
0.005,0.0,0.05,random,0.8282967032967034,0.5576131687242798,0.07068216236169308,0.0,0.37315789473684213,0.2050523466883039,0.0,0.9390243902439024
0.005,0.0,0.05,regime_aware,0.9629120879120879,0.8888888888888888,0.027359006484503384,0.0,0.0,0.0819644309494587,0.0,0.7000000000000002
0.005,0.01,0.0,always_capacity_aware,0.5192307692307693,0.053497942386831275,0.1213420060330774,0.0,0.6621621621621621,0.3330880239951371,0.183568677792041,0.9090243902439024
0.005,0.01,0.0,always_increase_B,0.9471153846153846,0.8477366255144033,0.035253994870646156,0.0,0.1378947368421053,0.10386595677613018,0.0,0.6791463414634145
0.005,0.01,0.0,always_increase_C,0.9608516483516484,0.8888888888888888,0.00039148351648351685,0.0,0.0,0.0011111111111111122,0.0,0.010000000000000009
0.005,0.01,0.0,always_smooth,0.9100274725274725,0.7366255144032922,0.04677409697108493,0.0,0.25923076923076915,0.13837885524987265,0.0,0.8490853658536586
0.005,0.01,0.0,oracle_resource_aware,1.0,1.0,0.0,0.0,0.0,0.0,0.0,0.0
0.005,0.01,0.0,random,0.8427197802197802,0.6131687242798354,0.05757844943504223,0.0,0.3166891891891892,0.16552222470003408,0.0,0.874736842105263
0.005,0.01,0.0,regime_aware,0.9869505494505495,0.9670781893004116,0.000799940550437448,0.0,0.0,0.002334801319829062,0.0,0.0
0.005,0.01,0.002,always_capacity_aware,0.5192307692307693,0.053497942386831275,0.12098074229681367,0.0,0.6621621621621621,0.33200571946838814,0.18301435406698563,0.9090243902439024
0.005,0.01,0.002,always_increase_B,0.9134615384615384,0.7469135802469136,0.037601522343173634,0.0,0.18789473684210534,0.11089887858682977,0.0,0.7191463414634145
0.005,0.01,0.002,always_increase_C,0.9945054945054945,0.9897119341563786,3.0219780219780246e-05,0.0,0.0,2.8806584362139944e-05,0.0,0.0
0.005,0.01,0.002,always_smooth,0.9100274725274725,0.7366255144032922,0.046412833234821184,0.0,0.25923076923076915,0.1372965507231237,0.0,0.8490853658536586
0.005,0.01,0.002,oracle_resource_aware,1.0,1.0,0.0,0.0,0.0,0.0,0.0,0.0
0.005,0.01,0.002,random,0.8269230769230769,0.5411522633744856,0.059771860839390484,0.0,0.35375,0.17214498317702004,0.0,0.8490853658536586
0.005,0.01,0.002,regime_aware,0.9622252747252747,0.8930041152263375,0.0015018636273605257,0.0,0.0,0.004437681978265278,0.0,0.038000000000000034
0.005,0.01,0.005,always_capacity_aware,0.5192307692307693,0.053497942386831275,0.12097112691219829,0.0,0.6621621621621621,0.331976912884026,0.18301435406698563,0.9090243902439024
0.005,0.01,0.005,always_increase_B,0.9107142857142857,0.7386831275720165,0.04165509377174506,0.0,0.22809523809523813,0.12304291150864048,0.0,0.7791463414634145
0.005,0.01,0.005,always_increase_C,0.9979395604395604,1.0,2.060439560439562e-05,0.0,0.0,0.0,0.0,0.0
0.005,0.01,0.005,always_smooth,0.9100274725274725,0.7366255144032922,0.046403217850205805,0.0,0.25923076923076915,0.13726774413876155,0.0,0.8490853658536586
0.005,0.01,0.005,oracle_resource_aware,1.0,1.0,0.0,0.0,0.0,0.0,0.0,0.0
0.005,0.01,0.005,random,0.8276098901098901,0.5617283950617284,0.06085780769116101,0.0,0.3225,0.17447573473515524,0.0,0.831
0.005,0.01,0.005,regime_aware,0.9615384615384616,0.8909465020576132,0.003087028462525361,0.0,0.0,0.009186653171680915,0.0,0.08787671232876715
0.005,0.01,0.01,always_capacity_aware,0.5192307692307693,0.053497942386831275,0.12097112691219829,0.0,0.6621621621621621,0.331976912884026,0.18301435406698563,0.9090243902439024
0.005,0.01,0.01,always_increase_B,0.9100274725274725,0.7366255144032922,0.04842707179372308,0.0,0.2992307692307692,0.14333097735226188,0.0,0.874736842105263
0.005,0.01,0.01,always_increase_C,0.9979395604395604,1.0,2.060439560439562e-05,0.0,0.0,0.0,0.0,0.0
0.005,0.01,0.01,always_smooth,0.9100274725274725,0.7366255144032922,0.046403217850205805,0.0,0.25923076923076915,0.13726774413876155,0.0,0.8490853658536586
0.005,0.01,0.01,oracle_resource_aware,1.0,1.0,0.0,0.0,0.0,0.0,0.0,0.0
0.005,0.01,0.01,random,0.8447802197802198,0.6049382716049383,0.060018991138676626,0.0,0.35709677419354824,0.17198003452176125,0.0,0.874736842105263
0.005,0.01,0.01,regime_aware,0.9608516483516484,0.8888888888888888,0.005744995495492393,0.0,0.0,0.01714961613464388,0.0,0.14623287671232865
0.005,0.01,0.02,always_capacity_aware,0.5192307692307693,0.053497942386831275,0.12097112691219829,0.0,0.6621621621621621,0.331976912884026,0.18301435406698563,0.9090243902439024
0.005,0.01,0.02,always_increase_B,0.9100274725274725,0.7366255144032922,0.061971027837679125,0.0,0.47,0.18390710903950466,0.0,0.9104761904761904
0.005,0.01,0.02,always_increase_C,0.9979395604395604,1.0,2.060439560439562e-05,0.0,0.0,0.0,0.0,0.0
0.005,0.01,0.02,always_smooth,0.9100274725274725,0.7366255144032922,0.046403217850205805,0.0,0.25923076923076915,0.13726774413876155,0.0,0.8490853658536586
0.005,0.01,0.02,oracle_resource_aware,1.0,1.0,0.0,0.0,0.0,0.0,0.0,0.0
0.005,0.01,0.02,random,0.8255494505494505,0.5617283950617284,0.06638791568055163,0.0,0.40603658536585385,0.1902829905708018,0.0,0.8780645161290321
0.005,0.01,0.02,regime_aware,0.9608516483516484,0.8888888888888888,0.01106092956142646,0.0,0.0,0.033075542060569806,0.0,0.27
0.005,0.01,0.05,always_capacity_aware,0.5192307692307693,0.053497942386831275,0.12097112691219829,0.0,0.6621621621621621,0.331976912884026,0.18301435406698563,0.9090243902439024
0.005,0.01,0.05,always_increase_B,0.9100274725274725,0.7366255144032922,0.10260289596954726,0.0,0.884736842105263,0.3056355041012331,0.0,1.59
0.005,0.01,0.05,always_increase_C,0.9979395604395604,1.0,2.060439560439562e-05,0.0,0.0,0.0,0.0,0.0
0.005,0.01,0.05,always_smooth,0.9100274725274725,0.7366255144032922,0.046403217850205805,0.0,0.25923076923076915,0.13726774413876155,0.0,0.8490853658536586
0.005,0.01,0.05,oracle_resource_aware,1.0,1.0,0.0,0.0,0.0,0.0,0.0,0.0
0.005,0.01,0.05,random,0.8385989010989011,0.5946502057613169,0.06442010770723246,0.0,0.368421052631579,0.1861774684265218,0.0,0.9090243902439024
0.005,0.01,0.05,regime_aware,0.9608516483516484,0.8888888888888888,0.02700873175922866,0.0,0.0,0.08085331983834758,0.0,0.6900000000000002
0.005,0.03,0.0,always_capacity_aware,0.5192307692307693,0.053497942386831275,0.11930903900011039,0.0,0.6621621621621621,0.32699748901571324,0.183568677792041,0.8685714285714285
0.005,0.03,0.0,always_increase_B,0.9471153846153846,0.8477366255144033,0.03322102783767912,0.0,0.09789473684210526,0.0977754217967063,0.0,0.6304761904761904
0.005,0.03,0.0,always_increase_C,0.9608516483516484,0.8888888888888888,0.0011744505494505504,0.0,0.0,0.003333333333333336,0.0,0.030000000000000027
0.005,0.03,0.0,always_smooth,0.9100274725274725,0.7366255144032922,0.04474112993811789,0.0,0.2479452054794522,0.1322883202704488,0.0,0.8013095238095238
0.005,0.03,0.0,oracle_resource_aware,1.0,1.0,0.0,0.0,0.0,0.0,0.0,0.0
0.005,0.03,0.0,random,0.8214285714285714,0.5329218106995884,0.06277061340293605,0.0,0.3421052631578947,0.1833348171270352,0.0,0.8644375
0.005,0.03,0.0,regime_aware,0.9869505494505495,0.9670781893004116,0.0008411493416462392,0.0,0.0,0.002334801319829062,0.0,0.0
0.005,0.03,0.002,always_capacity_aware,0.5192307692307693,0.053497942386831275,0.11838729624882718,0.0,0.6621621621621621,0.3242360539419101,0.18181818181818188,0.8685714285714285
0.005,0.03,0.002,always_increase_B,0.9237637362637363,0.7777777777777778,0.03500807629518715,0.0,0.1578947368421053,0.10312921306035175,0.0,0.6671463414634144
0.005,0.03,0.002,always_increase_C,0.9828296703296703,0.9547325102880658,0.0002527077981673653,0.0,0.0,0.0005718982595302136,0.0,0.0
0.005,0.03,0.002,always_smooth,0.9114010989010989,0.7407407407407407,0.04381938718683471,0.0,0.23798780487804883,0.12952688519664568,0.0,0.8013095238095238
0.005,0.03,0.002,oracle_resource_aware,1.0,1.0,0.0,0.0,0.0,0.0,0.0,0.0
0.005,0.03,0.002,random,0.8296703296703297,0.5679012345679012,0.05522355421889122,0.0,0.32432432432432434,0.1598467410620809,0.0,0.7890853658536585
0.005,0.03,0.002,regime_aware,0.9711538461538461,0.9197530864197531,0.0009825934035498681,0.0,0.0,0.0027585514312111273,0.0,0.023815789473684124
0.005,0.03,0.005,always_capacity_aware,0.5192307692307693,0.053497942386831275,0.1182614000413761,0.0,0.6621621621621621,0.32385888341094554,0.18181818181818188,0.8685714285714285
0.005,0.03,0.005,always_increase_B,0.9141483516483516,0.7489711934156379,0.03894536690092288,0.0,0.2080952380952381,0.11492488203556002,0.0,0.7191463414634145
0.005,0.03,0.005,always_increase_C,0.992445054945055,0.9835390946502057,0.00012681159071627963,0.0,0.0,0.00019472772856564418,0.0,0.0
0.005,0.03,0.005,always_smooth,0.9120879120879121,0.742798353909465,0.04369349097938362,0.0,0.23798780487804883,0.1291497146656811,0.0,0.8013095238095238
0.005,0.03,0.005,oracle_resource_aware,1.0,1.0,0.0,0.0,0.0,0.0,0.0,0.0
0.005,0.03,0.005,random,0.8385989010989011,0.5925925925925926,0.05832596567365666,0.0,0.3356849315068493,0.16857427515451723,0.0,0.818815789473684
0.005,0.03,0.005,regime_aware,0.9649725274725275,0.9012345679012346,0.002451477415879002,0.0,0.0,0.007159158678024335,0.0,0.06787671232876713
0.005,0.03,0.01,always_capacity_aware,0.5192307692307693,0.053497942386831275,0.11822870585200382,0.0,0.6621621621621621,0.32376093538681794,0.18181818181818188,0.8685714285714285
0.005,0.03,0.01,always_increase_B,0.9107142857142857,0.7386831275720165,0.04568465073352863,0.0,0.27923076923076917,0.1351149998550538,0.0,0.8191463414634144
0.005,0.03,0.01,always_increase_C,0.9945054945054945,0.9897119341563786,9.411740134400803e-05,0.0,0.0,9.677970443801567e-05,0.0,0.0
0.005,0.03,0.01,always_smooth,0.9127747252747253,0.7448559670781894,0.04366079679001135,0.0,0.23798780487804883,0.12905176664155346,0.0,0.8013095238095238
0.005,0.03,0.01,oracle_resource_aware,1.0,1.0,0.0,0.0,0.0,0.0,0.0,0.0
0.005,0.03,0.01,random,0.8337912087912088,0.5843621399176955,0.05823295810552716,0.0,0.3176923076923077,0.16990163787948892,0.0,0.7589024390243901
0.005,0.03,0.01,regime_aware,0.9642857142857143,0.8991769547325102,0.005076750259473763,0.0,0.0,0.015024173616859671,0.0,0.12623287671232863
0.005,0.03,0.02,always_capacity_aware,0.5192307692307693,0.053497942386831275,0.1182218377201357,0.0,0.6621621621621621,0.32374035925513067,0.18181818181818188,0.8685714285714285
0.005,0.03,0.02,always_increase_B,0.9100274725274725,0.7366255144032922,0.05922173864561654,0.0,0.44999999999999996,0.17567055541060933,0.0,0.8704761904761904
0.005,0.03,0.02,always_increase_C,0.9951923076923077,0.9917695473251029,8.724926947587616e-05,0.0,0.0,7.620357275077285e-05,0.0,0.0
0.005,0.03,0.02,always_smooth,0.9127747252747253,0.7448559670781894,0.04365392865814322,0.0,0.23798780487804883,0.12903119050986622,0.0,0.8013095238095238
0.005,0.03,0.02,oracle_resource_aware,1.0,1.0,0.0,0.0,0.0,0.0,0.0,0.0
0.005,0.03,0.02,random,0.8214285714285714,0.5411522633744856,0.06555114345622558,0.0,0.40249999999999986,0.19167825425617502,0.0,0.864736842105263
0.005,0.03,0.02,regime_aware,0.9635989010989011,0.897119341563786,0.010385816193539697,0.0,0.0,0.030929523411098354,0.0,0.25
0.005,0.03,0.05,always_capacity_aware,0.5192307692307693,0.053497942386831275,0.1182218377201357,0.0,0.6621621621621621,0.32374035925513067,0.18181818181818188,0.8685714285714285
0.005,0.03,0.05,always_increase_B,0.9100274725274725,0.7366255144032922,0.09985360677748467,0.0,0.864736842105263,0.2973989504723377,0.0,1.57
0.005,0.03,0.05,always_increase_C,0.9951923076923077,0.9917695473251029,8.724926947587616e-05,0.0,0.0,7.620357275077285e-05,0.0,0.0
0.005,0.03,0.05,always_smooth,0.9127747252747253,0.7448559670781894,0.04365392865814322,0.0,0.23798780487804883,0.12903119050986622,0.0,0.8013095238095238
0.005,0.03,0.05,oracle_resource_aware,1.0,1.0,0.0,0.0,0.0,0.0,0.0,0.0
0.005,0.03,0.05,random,0.8365384615384616,0.5905349794238683,0.07129248968074889,0.0,0.3882317073170731,0.20649845421813015,0.0,1.0561842105263155
0.005,0.03,0.05,regime_aware,0.9635989010989011,0.897119341563786,0.0263336183913419,0.0,0.0,0.07870730118887613,0.0,0.6700000000000002
0.005,0.05,0.0,always_capacity_aware,0.5192307692307693,0.053497942386831275,0.11727607196714335,0.0,0.6368421052631579,0.3209069540362893,0.183568677792041,0.8285714285714285
0.005,0.05,0.0,always_increase_B,0.9471153846153846,0.8477366255144033,0.031188060804712096,0.0,0.05789473684210522,0.09168488681728244,0.0,0.5904761904761904
0.005,0.05,0.0,always_increase_C,0.9608516483516484,0.8888888888888888,0.001957417582417584,0.0,0.0,0.00555555555555556,0.0,0.050000000000000044
0.005,0.05,0.0,always_smooth,0.9100274725274725,0.7366255144032922,0.042708162905150865,0.0,0.2479452054794522,0.12619778529102493,0.0,0.7603658536585365
0.005,0.05,0.0,oracle_resource_aware,1.0,1.0,0.0,0.0,0.0,0.0,0.0,0.0
0.005,0.05,0.0,random,0.8248626373626373,0.5617283950617284,0.060959202908488955,0.0,0.36986301369863006,0.17617595272852737,0.0,0.7890243902439025
0.005,0.05,0.0,regime_aware,0.9869505494505495,0.9670781893004116,0.0008823581328550304,0.0,0.0,0.002334801319829062,0.0,0.0
0.005,0.05,0.002,always_capacity_aware,0.5192307692307693,0.053497942386831275,0.11604722402266626,0.0,0.6368421052631579,0.3172254671902839,0.18181818181818188,0.8285714285714285
0.005,0.05,0.002,always_increase_B,0.9347527472527473,0.8106995884773662,0.032668004069026216,0.0,0.11789473684210527,0.09611862630872557,0.0,0.6231463414634146
0.005,0.05,0.002,always_increase_C,0.9711538461538461,0.9197530864197531,0.0007285696379404958,0.0,0.0,0.001874068709550127,0.0,0.018000000000000016
0.005,0.05,0.002,always_smooth,0.9120879120879121,0.742798353909465,0.04147931496067377,0.0,0.21789473684210536,0.12251629844501949,0.0,0.7603658536585365
0.005,0.05,0.002,oracle_resource_aware,1.0,1.0,0.0,0.0,0.0,0.0,0.0,0.0
0.005,0.05,0.002,random,0.8207417582417582,0.5452674897119342,0.050834577850965755,0.0,0.2902439024390242,0.14573110917773202,0.0,0.7402597402597402
0.005,0.05,0.002,regime_aware,0.9773351648351648,0.9382716049382716,0.0007166970015647562,0.0,0.0,0.0018384996590088167,0.0,0.006000000000000005
0.005,0.05,0.005,always_capacity_aware,0.5192307692307693,0.053497942386831275,0.11566205113299328,0.0,0.6368421052631579,0.31607153359488505,0.18181818181818188,0.8285714285714285
0.005,0.05,0.005,always_increase_B,0.9175824175824175,0.7592592592592593,0.03634601799254005,0.0,0.1880952380952381,0.10713753221949955,0.0,0.6791463414634147
0.005,0.05,0.005,always_increase_C,0.9869505494505495,0.9670781893004116,0.0003433967482675222,0.0,0.0,0.0007201351141512596,0.0,0.0
0.005,0.05,0.005,always_smooth,0.9134615384615384,0.7469135802469136,0.0410941420710008,0.0,0.21789473684210536,0.12136236484962062,0.0,0.7603658536585365
0.005,0.05,0.005,oracle_resource_aware,1.0,1.0,0.0,0.0,0.0,0.0,0.0,0.0
0.005,0.05,0.005,random,0.820054945054945,0.5473251028806584,0.059743271815312915,0.0,0.31986301369863,0.17028412210238314,0.0,0.794736842105263
0.005,0.05,0.005,regime_aware,0.967032967032967,0.9074074074074074,0.0019263043316720024,0.0,0.0,0.005462343841387727,0.0,0.04787671232876711
0.005,0.05,0.01,always_capacity_aware,0.5192307692307693,0.053497942386831275,0.11556067562493968,0.0,0.6368421052631579,0.315767824253885,0.18181818181818188,0.8285714285714285
0.005,0.05,0.01,always_increase_B,0.9127747252747253,0.7448559670781894,0.04301662050646449,0.0,0.26249999999999996,0.12712188872212088,0.0,0.7591463414634145
0.005,0.05,0.01,always_increase_C,0.9910714285714286,0.9794238683127572,0.00024202124021393184,0.0,0.0,0.000416425773151203,0.0,0.0
0.005,0.05,0.01,always_smooth,0.9141483516483516,0.7489711934156379,0.04099276656294721,0.0,0.21789473684210536,0.12105865550862058,0.0,0.7603658536585365
0.005,0.05,0.01,oracle_resource_aware,1.0,1.0,0.0,0.0,0.0,0.0,0.0,0.0
0.005,0.05,0.01,random,0.8269230769230769,0.5473251028806584,0.06178251654333128,0.0,0.34726027397260273,0.1778434625855556,0.0,0.778815789473684
0.005,0.05,0.01,regime_aware,0.9656593406593407,0.9032921810699589,0.004482895856585445,0.0,0.0,0.013121597463350633,0.0,0.10623287671232862
0.005,0.05,0.02,always_capacity_aware,0.5192307692307693,0.053497942386831275,0.11553314933518248,0.0,0.6368421052631579,0.3156853586615259,0.18181818181818188,0.8285714285714285
0.005,0.05,0.02,always_increase_B,0.9107142857142857,0.7386831275720165,0.05653305026066332,0.0,0.42999999999999994,0.16761555481700463,0.0,0.844736842105263
0.005,0.05,0.02,always_increase_C,0.9917582417582418,0.9814814814814815,0.00021449495045672222,0.0,0.0,0.00033396018079215523,0.0,0.0
0.005,0.05,0.02,always_smooth,0.915521978021978,0.7530864197530864,0.04096524027319,0.0,0.21789473684210536,0.12097618991626152,0.0,0.7603658536585365
0.005,0.05,0.02,oracle_resource_aware,1.0,1.0,0.0,0.0,0.0,0.0,0.0,0.0
0.005,0.05,0.02,random,0.8282967032967034,0.5555555555555556,0.06299115608258297,0.0,0.36986301369863006,0.182971054560813,0.0,0.8004761904761903
0.005,0.05,0.02,regime_aware,0.9656593406593407,0.9032921810699589,0.009771303632762301,0.0,0.0,0.02896505779691751,0.0,0.22999999999999998
0.005,0.05,0.05,always_capacity_aware,0.5192307692307693,0.053497942386831275,0.11552628120331436,0.0,0.6368421052631579,0.3156647825298387,0.18181818181818188,0.8285714285714285
0.005,0.05,0.05,always_increase_B,0.9100274725274725,0.7366255144032922,0.09715805026066333,0.0,0.844736842105263,0.2893233737470458,0.0,1.55
0.005,0.05,0.05,always_increase_C,0.992445054945055,0.9835390946502057,0.00020762681858859037,0.0,0.0,0.0003133840491049124,0.0,0.0
0.005,0.05,0.05,always_smooth,0.915521978021978,0.7530864197530864,0.04095837214132187,0.0,0.21789473684210536,0.12095561378457428,0.0,0.7603658536585365
0.005,0.05,0.05,oracle_resource_aware,1.0,1.0,0.0,0.0,0.0,0.0,0.0,0.0
0.005,0.05,0.05,random,0.8365384615384616,0.6069958847736625,0.06011838815258687,0.0,0.34726027397260273,0.1720743299422835,0.0,0.8572368421052632
0.005,0.05,0.05,regime_aware,0.9649725274725275,0.9012345679012346,0.02571223769869637,0.0,0.0,0.07672225944300805,0.0,0.6500000000000001
0.005,0.1,0.0,always_capacity_aware,0.5192307692307693,0.053497942386831275,0.11230932818461008,0.0,0.5789473684210527,0.30602716196351487,0.183568677792041,0.75
0.005,0.1,0.0,always_increase_B,0.9498626373626373,0.8559670781893004,0.026221317022178833,0.0,0.0,0.07680509474450792,0.0,0.4904761904761905
0.005,0.1,0.0,always_increase_C,0.9581043956043956,0.8806584362139918,0.004030508964719495,0.0,0.0,0.011457656486896261,0.0,0.10000000000000009
0.005,0.1,0.0,always_smooth,0.9100274725274725,0.7366255144032922,0.0377414191226176,0.0,0.21059523809523806,0.11131799321825041,0.0,0.6144047619047617
0.005,0.1,0.0,oracle_resource_aware,1.0,1.0,0.0,0.0,0.0,0.0,0.0,0.0
0.005,0.1,0.0,random,0.8282967032967034,0.5699588477366255,0.05634299587208665,0.0,0.3166891891891892,0.16263024386100214,0.0,0.7978125
0.005,0.1,0.0,regime_aware,0.9842032967032966,0.9588477366255144,0.0011010539107613345,0.0,0.0,0.002681346695614203,0.0,0.0
0.005,0.1,0.002,always_capacity_aware,0.5192307692307693,0.053497942386831275,0.11086178446222669,0.0,0.5769230769230769,0.3016904877664156,0.18181818181818188,0.75
0.005,0.1,0.002,always_increase_B,0.945054945054945,0.8415637860082305,0.027482564508586656,0.0,0.02189473684210541,0.08058364688485727,0.0,0.5224761904761905
0.005,0.1,0.002,always_increase_C,0.9608516483516484,0.8888888888888888,0.0025829652423361017,0.0,0.0,0.007120982289797045,0.0,0.06800000000000006
0.005,0.1,0.002,always_smooth,0.9120879120879121,0.742798353909465,0.03629387540023422,0.0,0.1797894736842105,0.10698131902115118,0.0,0.6144047619047617
0.005,0.1,0.002,oracle_resource_aware,1.0,1.0,0.0,0.0,0.0,0.0,0.0,0.0
0.005,0.1,0.002,random,0.8179945054945055,0.5452674897119342,0.05237201617429742,0.0,0.28210526315789464,0.1488571006622587,0.0,0.7119047619047618
0.005,0.1,0.002,regime_aware,0.9876373626373627,0.9691358024691358,0.0007166970015647562,0.0,0.0,0.0015298576837001745,0.0,0.0
0.005,0.1,0.005,always_capacity_aware,0.5192307692307693,0.053497942386831275,0.10967136672650078,0.0,0.5769230769230769,0.2981241333976565,0.176687181663837,0.75
0.005,0.1,0.005,always_increase_B,0.926510989010989,0.7860082304526749,0.030355333586047552,0.0,0.10195121951219521,0.08919013202227098,0.0,0.5704761904761906
0.005,0.1,0.005,always_increase_C,0.9732142857142857,0.9259259259259259,0.0013925475066101846,0.0,0.0,0.0035546279210379185,0.0,0.030000000000000027
0.005,0.1,0.005,always_smooth,0.9189560439560439,0.7633744855967078,0.03510345766450829,0.0,0.1644736842105261,0.10341496465239206,0.0,0.6144047619047617
0.005,0.1,0.005,oracle_resource_aware,1.0,1.0,0.0,0.0,0.0,0.0,0.0,0.0
0.005,0.1,0.005,random,0.8289835164835165,0.5761316872427984,0.05476875223635544,0.0,0.2734210526315788,0.15653242036214815,0.0,0.760909090909091
0.005,0.1,0.005,regime_aware,0.9773351648351648,0.9382716049382716,0.0011210594856190586,0.0,0.0,0.002741281092718825,0.0,0.02676829268292691
0.005,0.1,0.01,always_capacity_aware,0.5192307692307693,0.053497942386831275,0.10923110313284859,0.0,0.5769230769230769,0.2968051544010359,0.17268171344784244,0.75
0.005,0.1,0.01,always_increase_B,0.9162087912087912,0.7551440329218106,0.03668704801437337,0.0,0.2092307692307691,0.10815921886927178,0.0,0.6504761904761904
0.005,0.1,0.01,always_increase_C,0.9814560439560439,0.9506172839506173,0.0009522839129579822,0.0,0.0,0.0022356489244173285,0.0,0.0
0.005,0.1,0.01,always_smooth,0.9203296703296703,0.7674897119341564,0.03466319407085609,0.0,0.1644736842105261,0.10209598565577148,0.0,0.6144047619047617
0.005,0.1,0.01,oracle_resource_aware,1.0,1.0,0.0,0.0,0.0,0.0,0.0,0.0
0.005,0.1,0.01,random,0.8358516483516484,0.5802469135802469,0.051620549576855586,0.0,0.30763157894736826,0.1489813882762311,0.0,0.75
0.005,0.1,0.01,regime_aware,0.9690934065934066,0.9135802469135802,0.0033387629249338894,0.0,0.0,0.009385265059061199,0.0,0.05623287671232857
0.005,0.1,0.02,always_capacity_aware,0.5192307692307693,0.053497942386831275,0.10914687219337058,0.0,0.5769230769230769,0.29655280821198243,0.17268171344784244,0.75
0.005,0.1,0.02,always_increase_B,0.9107142857142857,0.7386831275720165,0.05014677311885141,0.0,0.37809523809523804,0.14848300436746115,0.0,0.7504761904761903
0.005,0.1,0.02,always_increase_C,0.9821428571428571,0.9526748971193416,0.0008680529734799781,0.0,0.0,0.0019833027353638845,0.0,0.0
0.005,0.1,0.02,always_smooth,0.9251373626373627,0.7818930041152263,0.034578963131378086,0.0,0.1644736842105261,0.10184363946671803,0.0,0.6144047619047617
0.005,0.1,0.02,oracle_resource_aware,1.0,1.0,0.0,0.0,0.0,0.0,0.0,0.0
0.005,0.1,0.02,random,0.8262362637362637,0.5493827160493827,0.05721640250838023,0.0,0.3604761904761904,0.16451283134266045,0.0,0.7285714285714286
0.005,0.1,0.02,regime_aware,0.9697802197802198,0.9156378600823045,0.00857046605138995,0.0,0.0,0.025058844795933684,0.0,0.17999999999999994
0.005,0.1,0.05,always_capacity_aware,0.5192307692307693,0.053497942386831275,0.10911112668887506,0.0,0.5769230769230769,0.2964457187993375,0.17268171344784244,0.75
0.005,0.1,0.05,always_increase_B,0.9100274725274725,0.7366255144032922,0.09074289574622403,0.0,0.794736842105263,0.2701043100165446,0.0,1.4619512195121953
0.005,0.1,0.05,always_increase_C,0.9821428571428571,0.9526748971193416,0.0008323074689844736,0.0,0.0,0.0018762133227189163,0.0,0.0
0.005,0.1,0.05,always_smooth,0.9258241758241759,0.7839506172839507,0.03454321762688258,0.0,0.1644736842105261,0.10173655005407305,0.0,0.6144047619047617
0.005,0.1,0.05,oracle_resource_aware,1.0,1.0,0.0,0.0,0.0,0.0,0.0,0.0
0.005,0.1,0.05,random,0.8337912087912088,0.5905349794238683,0.0646571872142705,0.0,0.4078947368421053,0.18629165513908708,0.0,0.9239473684210526
0.005,0.1,0.05,regime_aware,0.9690934065934066,0.9135802469135802,0.024482522744696648,0.0,0.0,0.07272953316106649,0.0,0.6000000000000001
0.005,0.2,0.0,always_capacity_aware,0.5192307692307693,0.053497942386831275,0.10418462916023224,0.0,0.4588461538461537,0.2816864998657903,0.18237250554323725,0.75
0.005,0.2,0.0,always_increase_B,0.9601648351648352,0.8868312757201646,0.018096617997801004,0.0,0.0,0.052464432646783375,0.0,0.29047619047619055
0.005,0.2,0.0,always_increase_C,0.945054945054945,0.8415637860082305,0.009985480270011983,0.0,0.13804878048780478,0.028680780397402156,0.0,0.19999999999999996
0.005,0.2,0.0,always_smooth,0.9100274725274725,0.7366255144032922,0.029616720098239773,0.0,0.16539473684210537,0.08697733112052586,0.0,0.4904761904761905
0.005,0.2,0.0,oracle_resource_aware,1.0,1.0,0.0,0.0,0.0,0.0,0.0,0.0
0.005,0.2,0.0,random,0.8434065934065934,0.6090534979423868,0.044010465076754886,0.0,0.26972602739726037,0.12515345211657408,0.0,0.6032894736842107
0.005,0.2,0.0,regime_aware,0.9711538461538461,0.9197530864197531,0.0033472340072626195,0.0,0.0,0.008793359495009001,0.0,0.07904761904761903
0.005,0.2,0.002,always_capacity_aware,0.5192307692307693,0.053497942386831275,0.10222363835861231,0.0,0.4588461538461537,0.2758115973819248,0.16883116883116878,0.75
0.005,0.2,0.002,always_increase_B,0.9581043956043956,0.8806584362139918,0.01884441840497227,0.0,0.0,0.05470475650036642,0.0,0.3224761904761906
0.005,0.2,0.002,always_increase_C,0.945054945054945,0.8415637860082305,0.008024489468392036,0.0,0.07804878048780473,0.022805877913536637,0.0,0.17199999999999993
0.005,0.2,0.002,always_smooth,0.9120879120879121,0.742798353909465,0.027655729296619826,0.0,0.13545205479452038,0.08110242863666035,0.0,0.4904761904761905
0.005,0.2,0.002,oracle_resource_aware,1.0,1.0,0.0,0.0,0.0,0.0,0.0,0.0
0.005,0.2,0.002,random,0.8372252747252747,0.5843621399176955,0.04103796434879214,0.0,0.22077922077922074,0.11481559435544342,0.0,0.5285714285714287
0.005,0.2,0.002,regime_aware,0.9718406593406593,0.9218106995884774,0.0024494300188294877,0.0,0.0,0.0061036421963286715,0.0,0.06605263157894736
0.005,0.2,0.005,always_capacity_aware,0.5212912087912088,0.059670781893004114,0.0998460831700353,0.0,0.41894736842105273,0.26868871599392447,0.16883116883116878,0.75
0.005,0.2,0.005,always_increase_B,0.9423076923076923,0.8333333333333334,0.02053005002958207,0.0,0.03047945205479463,0.059754714618539005,0.0,0.3704761904761906
0.005,0.2,0.005,always_increase_C,0.9478021978021978,0.8497942386831275,0.005646934279815026,0.0,0.009756097560975618,0.015682996525536376,0.0,0.1299999999999999
0.005,0.2,0.005,always_smooth,0.9217032967032966,0.7716049382716049,0.02527817410804281,0.0,0.09578947368421042,0.07397954724866009,0.0,0.4904761904761905
0.005,0.2,0.005,oracle_resource_aware,1.0,1.0,0.0,0.0,0.0,0.0,0.0,0.0
0.005,0.2,0.005,random,0.8083791208791209,0.5267489711934157,0.04943432957020465,0.0,0.30285714285714294,0.1380281839353421,0.0,0.7273376623376624
0.005,0.2,0.005,regime_aware,0.9711538461538461,0.9197530864197531,0.0016666550500326967,0.0,0.0,0.0037585385861061862,0.0,0.035479452054794525
0.005,0.2,0.01,always_capacity_aware,0.521978021978022,0.06172839506172839,0.09835277539377392,0.0,0.3769230769230769,0.2642149379646312,0.16216216216216206,0.75
0.005,0.2,0.01,always_increase_B,0.9230769230769231,0.7757201646090535,0.025808720275298725,0.0,0.11809523809523825,0.0755690024328671,0.0,0.4504761904761905
0.005,0.2,0.01,always_increase_C,0.9574175824175825,0.8786008230452675,0.004153626503553661,0.0,0.0,0.01120921849624307,0.0,0.0979878048780487
0.005,0.2,0.01,always_smooth,0.929945054945055,0.7962962962962963,0.02378486633178145,0.0,0.052560975609756255,0.06950576921936677,0.0,0.4904761904761905
0.005,0.2,0.01,oracle_resource_aware,1.0,1.0,0.0,0.0,0.0,0.0,0.0,0.0
0.005,0.2,0.01,random,0.8365384615384616,0.5946502057613169,0.040423381030519484,0.0,0.21621621621621623,0.11403121853800798,0.0,0.6593421052631583
0.005,0.2,0.01,regime_aware,0.9684065934065934,0.911522633744856,0.002831314306738365,0.0,0.0,0.007247723519775842,0.0,0.0508536585365853
0.005,0.2,0.02,always_capacity_aware,0.521978021978022,0.06172839506172839,0.097995242819017,0.0,0.3769230769230769,0.26314381156782857,0.16216216216216206,0.75
0.005,0.2,0.02,always_increase_B,0.9107142857142857,0.7386831275720165,0.03899514374449784,0.0,0.30370967741935484,0.11507400772330724,0.0,0.5316129032258066
0.005,0.2,0.02,always_increase_C,0.9608516483516484,0.8888888888888888,0.003796093928796734,0.0,0.0,0.01013809209944042,0.0,0.09443548387096778
0.005,0.2,0.02,always_smooth,0.9388736263736264,0.823045267489712,0.023427333757024525,0.0,0.03809523809523818,0.06843464282256413,0.0,0.4904761904761905
0.005,0.2,0.02,oracle_resource_aware,1.0,1.0,0.0,0.0,0.0,0.0,0.0,0.0
0.005,0.2,0.02,random,0.8365384615384616,0.5823045267489712,0.0437217345955926,0.0,0.24273972602739713,0.1257469297268784,0.0,0.6422619047619049
0.005,0.2,0.02,regime_aware,0.9642857142857143,0.8991769547325102,0.007789715797915503,0.0,0.0,0.02210252304889912,0.0,0.1200000000000001
0.005,0.2,0.05,always_capacity_aware,0.521978021978022,0.06172839506172839,0.09795949731452148,0.0,0.3769230769230769,0.2630367221551836,0.16216216216216206,0.75
0.005,0.2,0.05,always_increase_B,0.9100274725274725,0.7366255144032922,0.07959126637187047,0.0,0.7380952380952384,0.2366953133723907,0.0,1.3129032258064521
0.005,0.2,0.05,always_increase_C,0.9608516483516484,0.8888888888888888,0.0037603484243012293,0.0,0.0,0.010031002686795453,0.0,0.09443548387096778
0.005,0.2,0.05,always_smooth,0.9395604395604396,0.8251028806584362,0.02339158825252902,0.0,0.03809523809523818,0.06832755340991915,0.0,0.4904761904761905
0.005,0.2,0.05,oracle_resource_aware,1.0,1.0,0.0,0.0,0.0,0.0,0.0,0.0
0.005,0.2,0.05,random,0.8221153846153846,0.5617283950617284,0.05608097860733249,0.0,0.32432432432432434,0.15911552137414262,0.0,0.8409210526315789
0.005,0.2,0.05,regime_aware,0.9635989010989011,0.897119341563786,0.0237017724912222,0.0,0.0,0.06977321141403194,0.0,0.5632894736842107
0.01,0.0,0.0,always_capacity_aware,0.5192307692307693,0.053497942386831275,0.12235848954956093,0.0,0.6621621621621621,0.33613329148484905,0.183568677792041,0.9390243902439024
0.01,0.0,0.0,always_increase_B,0.9471153846153846,0.8477366255144033,0.03636604592934356,0.0,0.1578947368421053,0.10719753361041705,0.0,0.7109756097560975
0.01,0.0,0.0,always_increase_C,1.0,1.0,0.0,0.0,0.0,0.0,0.0,0.0
0.01,0.0,0.0,always_smooth,0.9100274725274725,0.7366255144032922,0.04877987241653433,0.0,0.26923076923076916,0.14438792736628073,0.0,0.894736842105263
0.01,0.0,0.0,oracle_resource_aware,1.0,1.0,0.0,0.0,0.0,0.0,0.0,0.0
0.01,0.0,0.0,random,0.8365384615384616,0.5720164609053497,0.061868031693610805,0.0,0.36986301369863006,0.18030723066614754,0.0,0.8682926829268294
0.01,0.0,0.0,regime_aware,0.989010989010989,0.9670781893004116,0.0008014445610097135,0.0,0.0,0.0024010355572636685,0.0,0.0
0.01,0.0,0.002,always_capacity_aware,0.5192307692307693,0.053497942386831275,0.12235848954956093,0.0,0.6621621621621621,0.33613329148484905,0.183568677792041,0.9390243902439024
0.01,0.0,0.002,always_increase_B,0.9100274725274725,0.7366255144032922,0.03907483713813477,0.0,0.20589473684210535,0.1153127599478656,0.0,0.7509756097560976
0.01,0.0,0.002,always_increase_C,1.0,1.0,0.0,0.0,0.0,0.0,0.0,0.0
0.01,0.0,0.002,always_smooth,0.9100274725274725,0.7366255144032922,0.04877987241653433,0.0,0.26923076923076916,0.14438792736628073,0.0,0.894736842105263
0.01,0.0,0.002,oracle_resource_aware,1.0,1.0,0.0,0.0,0.0,0.0,0.0,0.0
0.01,0.0,0.002,random,0.8434065934065934,0.602880658436214,0.06471456393565383,0.0,0.3421052631578947,0.18627574934200145,0.0,0.9222077922077923
0.01,0.0,0.002,regime_aware,0.9629120879120879,0.8888888888888888,0.0018646313741965278,0.0,0.0,0.005586220742448857,0.0,0.04800000000000004
0.01,0.0,0.005,always_capacity_aware,0.5192307692307693,0.053497942386831275,0.12235848954956093,0.0,0.6621621621621621,0.33613329148484905,0.183568677792041,0.9390243902439024
0.01,0.0,0.005,always_increase_B,0.9100274725274725,0.7366255144032922,0.04313802395132159,0.0,0.23809523809523814,0.12748559945403845,0.0,0.8109756097560976
0.01,0.0,0.005,always_increase_C,1.0,1.0,0.0,0.0,0.0,0.0,0.0,0.0
0.01,0.0,0.005,always_smooth,0.9100274725274725,0.7366255144032922,0.04877987241653433,0.0,0.26923076923076916,0.14438792736628073,0.0,0.894736842105263
0.01,0.0,0.005,oracle_resource_aware,1.0,1.0,0.0,0.0,0.0,0.0,0.0,0.0
0.01,0.0,0.005,random,0.8214285714285714,0.5390946502057613,0.06748388405388575,0.0,0.36986301369863006,0.19475154321661636,0.0,0.894736842105263
0.01,0.0,0.005,regime_aware,0.9629120879120879,0.8888888888888888,0.003459411593976747,0.0,0.0,0.010363998520226634,0.0,0.09986301369863004
0.01,0.0,0.01,always_capacity_aware,0.5192307692307693,0.053497942386831275,0.12235848954956093,0.0,0.6621621621621621,0.33613329148484905,0.183568677792041,0.9390243902439024
0.01,0.0,0.01,always_increase_B,0.9100274725274725,0.7366255144032922,0.04991000197329961,0.0,0.3092307692307692,0.14777366529765984,0.0,0.894736842105263
0.01,0.0,0.01,always_increase_C,1.0,1.0,0.0,0.0,0.0,0.0,0.0,0.0
0.01,0.0,0.01,always_smooth,0.9100274725274725,0.7366255144032922,0.04877987241653433,0.0,0.26923076923076916,0.14438792736628073,0.0,0.894736842105263
0.01,0.0,0.01,oracle_resource_aware,1.0,1.0,0.0,0.0,0.0,0.0,0.0,0.0
0.01,0.0,0.01,random,0.8296703296703297,0.5679012345679012,0.06536793026461253,0.0,0.375,0.18971621382836965,0.0,0.8699999999999999
0.01,0.0,0.01,regime_aware,0.9629120879120879,0.8888888888888888,0.0061173786269437804,0.0,0.0,0.0183269614831896,0.0,0.15999999999999992
0.01,0.0,0.02,always_capacity_aware,0.5192307692307693,0.053497942386831275,0.12235848954956093,0.0,0.6621621621621621,0.33613329148484905,0.183568677792041,0.9390243902439024
0.01,0.0,0.02,always_increase_B,0.9100274725274725,0.7366255144032922,0.06345395801725565,0.0,0.48,0.18834979698490265,0.0,0.9304761904761905
0.01,0.0,0.02,always_increase_C,1.0,1.0,0.0,0.0,0.0,0.0,0.0,0.0
0.01,0.0,0.02,always_smooth,0.9100274725274725,0.7366255144032922,0.04877987241653433,0.0,0.26923076923076916,0.14438792736628073,0.0,0.894736842105263
0.01,0.0,0.02,oracle_resource_aware,1.0,1.0,0.0,0.0,0.0,0.0,0.0,0.0
0.01,0.0,0.02,random,0.8379120879120879,0.602880658436214,0.06473501643138571,0.0,0.36986301369863006,0.18661284988923807,0.0,0.9134210526315789
0.01,0.0,0.02,regime_aware,0.9629120879120879,0.8888888888888888,0.011433312692877846,0.0,0.0,0.03425288740911552,0.0,0.28
0.01,0.0,0.05,always_capacity_aware,0.5192307692307693,0.053497942386831275,0.12235848954956093,0.0,0.6621621621621621,0.33613329148484905,0.183568677792041,0.9390243902439024
0.01,0.0,0.05,always_increase_B,0.9100274725274725,0.7366255144032922,0.10408582614912378,0.0,0.894736842105263,0.31007819204663106,0.0,1.6
0.01,0.0,0.05,always_increase_C,1.0,1.0,0.0,0.0,0.0,0.0,0.0,0.0
0.01,0.0,0.05,always_smooth,0.9100274725274725,0.7366255144032922,0.04877987241653433,0.0,0.26923076923076916,0.14438792736628073,0.0,0.894736842105263
0.01,0.0,0.05,oracle_resource_aware,1.0,1.0,0.0,0.0,0.0,0.0,0.0,0.0
0.01,0.0,0.05,random,0.8248626373626373,0.5576131687242798,0.07559131353198915,0.0,0.4326923076923077,0.21902442264639604,0.0,1.094736842105263
0.01,0.0,0.05,regime_aware,0.9629120879120879,0.8888888888888888,0.027381114890680045,0.0,0.0,0.0820306651868933,0.0,0.7000000000000002
0.01,0.01,0.0,always_capacity_aware,0.5192307692307693,0.053497942386831275,0.1213420060330774,0.0,0.6621621621621621,0.3330880239951371,0.183568677792041,0.9090243902439024
0.01,0.01,0.0,always_increase_B,0.9471153846153846,0.8477366255144033,0.03534956241286004,0.0,0.1378947368421053,0.10415226612070512,0.0,0.6809756097560975
0.01,0.01,0.0,always_increase_C,0.9608516483516484,0.8888888888888888,0.00039148351648351685,0.0,0.0,0.0011111111111111122,0.0,0.010000000000000009
0.01,0.01,0.0,always_smooth,0.9100274725274725,0.7366255144032922,0.047763388900050815,0.0,0.2689041095890412,0.1413426598765688,0.0,0.8745121951219512
0.01,0.01,0.0,oracle_resource_aware,1.0,1.0,0.0,0.0,0.0,0.0,0.0,0.0
0.01,0.01,0.0,random,0.823489010989011,0.565843621399177,0.06229047277513004,0.0,0.3734146341463416,0.17884133626166243,0.0,0.8594805194805195
0.01,0.01,0.0,regime_aware,0.9869505494505495,0.9670781893004116,0.0008220489566141091,0.0,0.0,0.0024010355572636685,0.0,0.0
0.01,0.01,0.002,always_capacity_aware,0.5192307692307693,0.053497942386831275,0.12098074229681367,0.0,0.6621621621621621,0.33200571946838814,0.18301435406698563,0.9090243902439024
0.01,0.01,0.002,always_increase_B,0.9134615384615384,0.7469135802469136,0.037697089885387516,0.0,0.18789473684210534,0.11118518793140471,0.0,0.7209756097560975
0.01,0.01,0.002,always_increase_C,0.9945054945054945,0.9897119341563786,3.0219780219780246e-05,0.0,0.0,2.8806584362139944e-05,0.0,0.0
0.01,0.01,0.002,always_smooth,0.9100274725274725,0.7366255144032922,0.04740212516378708,0.0,0.25923076923076915,0.14026035534981984,0.0,0.8745121951219512
0.01,0.01,0.002,oracle_resource_aware,1.0,1.0,0.0,0.0,0.0,0.0,0.0,0.0
0.01,0.01,0.002,random,0.8125,0.5308641975308642,0.06757845921505552,0.0,0.37187499999999996,0.1950181531938009,0.0,0.9090243902439024
0.01,0.01,0.002,regime_aware,0.9622252747252747,0.8930041152263375,0.0015239720335371869,0.0,0.0,0.004503916215699884,0.0,0.038000000000000034
0.01,0.01,0.005,always_capacity_aware,0.5192307692307693,0.053497942386831275,0.12097112691219829,0.0,0.6621621621621621,0.331976912884026,0.18301435406698563,0.9090243902439024
0.01,0.01,0.005,always_increase_B,0.9107142857142857,0.7386831275720165,0.041750661313958944,0.0,0.22809523809523813,0.1233292208532154,0.0,0.7809756097560976
0.01,0.01,0.005,always_increase_C,0.9979395604395604,1.0,2.060439560439562e-05,0.0,0.0,0.0,0.0,0.0
0.01,0.01,0.005,always_smooth,0.9100274725274725,0.7366255144032922,0.047392509779171685,0.0,0.25923076923076915,0.1402315487654577,0.0,0.8745121951219512
0.01,0.01,0.005,oracle_resource_aware,1.0,1.0,0.0,0.0,0.0,0.0,0.0,0.0
0.01,0.01,0.005,random,0.8296703296703297,0.5534979423868313,0.0667735875754018,0.0,0.35986301369863005,0.19487195412165284,0.0,0.9185714285714286
0.01,0.01,0.005,regime_aware,0.9615384615384616,0.8909465020576132,0.003109136868702022,0.0,0.0,0.009252887409115522,0.0,0.08986301369863003
0.01,0.01,0.01,always_capacity_aware,0.5192307692307693,0.053497942386831275,0.12097112691219829,0.0,0.6621621621621621,0.331976912884026,0.18301435406698563,0.9090243902439024
0.01,0.01,0.01,always_increase_B,0.9100274725274725,0.7366255144032922,0.048522639335936965,0.0,0.2992307692307692,0.1436172866968368,0.0,0.874736842105263
0.01,0.01,0.01,always_increase_C,0.9979395604395604,1.0,2.060439560439562e-05,0.0,0.0,0.0,0.0,0.0
0.01,0.01,0.01,always_smooth,0.9100274725274725,0.7366255144032922,0.047392509779171685,0.0,0.25923076923076915,0.1402315487654577,0.0,0.8745121951219512
0.01,0.01,0.01,oracle_resource_aware,1.0,1.0,0.0,0.0,0.0,0.0,0.0,0.0
0.01,0.01,0.01,random,0.8303571428571429,0.5823045267489712,0.06512272092918817,0.0,0.36986301369863006,0.1865644282213472,0.0,0.8747560975609756
0.01,0.01,0.01,regime_aware,0.9608516483516484,0.8888888888888888,0.0057671039016690545,0.0,0.0,0.017215850372078484,0.0,0.1499999999999999
0.01,0.01,0.02,always_capacity_aware,0.5192307692307693,0.053497942386831275,0.12097112691219829,0.0,0.6621621621621621,0.331976912884026,0.18301435406698563,0.9090243902439024
0.01,0.01,0.02,always_increase_B,0.9100274725274725,0.7366255144032922,0.06206659537989301,0.0,0.47,0.1841934183840796,0.0,0.9104761904761904
0.01,0.01,0.02,always_increase_C,0.9979395604395604,1.0,2.060439560439562e-05,0.0,0.0,0.0,0.0,0.0
0.01,0.01,0.02,always_smooth,0.9100274725274725,0.7366255144032922,0.047392509779171685,0.0,0.25923076923076915,0.1402315487654577,0.0,0.8745121951219512
0.01,0.01,0.02,oracle_resource_aware,1.0,1.0,0.0,0.0,0.0,0.0,0.0,0.0
0.01,0.01,0.02,random,0.8214285714285714,0.5411522633744856,0.07072829710549547,0.0,0.41934210526315785,0.20726785755795732,0.0,0.8999999999999999
0.01,0.01,0.02,regime_aware,0.9608516483516484,0.8888888888888888,0.01108303796760312,0.0,0.0,0.03314177629800442,0.0,0.27
0.01,0.01,0.05,always_capacity_aware,0.5192307692307693,0.053497942386831275,0.12097112691219829,0.0,0.6621621621621621,0.331976912884026,0.18301435406698563,0.9090243902439024
0.01,0.01,0.05,always_increase_B,0.9100274725274725,0.7366255144032922,0.10269846351176114,0.0,0.884736842105263,0.305921813445808,0.0,1.59
0.01,0.01,0.05,always_increase_C,0.9979395604395604,1.0,2.060439560439562e-05,0.0,0.0,0.0,0.0,0.0
0.01,0.01,0.05,always_smooth,0.9100274725274725,0.7366255144032922,0.047392509779171685,0.0,0.25923076923076915,0.1402315487654577,0.0,0.8745121951219512
0.01,0.01,0.05,oracle_resource_aware,1.0,1.0,0.0,0.0,0.0,0.0,0.0,0.0
0.01,0.01,0.05,random,0.8131868131868132,0.522633744855967,0.07876803426348403,0.0,0.41934210526315785,0.22924357636384268,0.0,1.1900000000000002
0.01,0.01,0.05,regime_aware,0.9608516483516484,0.8888888888888888,0.02703084016540532,0.0,0.0,0.08091955407578219,0.0,0.6900000000000002
0.01,0.03,0.0,always_capacity_aware,0.5192307692307693,0.053497942386831275,0.11930903900011039,0.0,0.6621621621621621,0.32699748901571324,0.183568677792041,0.8685714285714285
0.01,0.03,0.0,always_increase_B,0.9471153846153846,0.8477366255144033,0.03331659537989301,0.0,0.09789473684210526,0.09806173114128124,0.0,0.6304761904761904
0.01,0.03,0.0,always_increase_C,0.9608516483516484,0.8888888888888888,0.0011744505494505504,0.0,0.0,0.003333333333333336,0.0,0.030000000000000027
0.01,0.03,0.0,always_smooth,0.9100274725274725,0.7366255144032922,0.04573042186708377,0.0,0.2676829268292682,0.13525212489714494,0.0,0.8145121951219512
0.01,0.03,0.0,oracle_resource_aware,1.0,1.0,0.0,0.0,0.0,0.0,0.0,0.0
0.01,0.03,0.0,random,0.8303571428571429,0.5699588477366255,0.057956894622610895,0.0,0.3182926829268291,0.16760575624620191,0.0,0.8526829268292682
0.01,0.03,0.0,regime_aware,0.9869505494505495,0.9670781893004116,0.0008632577478229005,0.0,0.0,0.0024010355572636685,0.0,0.0
0.01,0.03,0.002,always_capacity_aware,0.5192307692307693,0.053497942386831275,0.11838713843050765,0.0,0.6621621621621621,0.32423558113640955,0.18181818181818188,0.8685714285714285
0.01,0.03,0.002,always_increase_B,0.9237637362637363,0.7777777777777778,0.03510348601908148,0.0,0.1578947368421053,0.10341504959942613,0.0,0.6689756097560975
0.01,0.03,0.002,always_increase_C,0.9828296703296703,0.9547325102880658,0.0002525499798478149,0.0,0.0,0.0005714254540296675,0.0,0.0
0.01,0.03,0.002,always_smooth,0.9114010989010989,0.7407407407407407,0.044808521297481044,0.0,0.23923076923076914,0.13249021701784128,0.0,0.8145121951219512
0.01,0.03,0.002,oracle_resource_aware,1.0,1.0,0.0,0.0,0.0,0.0,0.0,0.0
0.01,0.03,0.002,random,0.8296703296703297,0.5843621399176955,0.063248047976016,0.0,0.33986301369863003,0.18097298422843988,0.0,0.8594805194805195
0.01,0.03,0.002,regime_aware,0.9711538461538461,0.9197530864197531,0.001004543991406979,0.0,0.0,0.002824312863145188,0.0,0.02499999999999991
0.01,0.03,0.005,always_capacity_aware,0.5192307692307693,0.053497942386831275,0.11826061404026375,0.0,0.6621621621621621,0.3238565286421809,0.18181818181818188,0.8685714285714285
0.01,0.03,0.005,always_increase_B,0.9141483516483516,0.7489711934156379,0.03904014844202439,0.0,0.2080952380952381,0.11520883661137032,0.0,0.7209756097560975
0.01,0.03,0.005,always_increase_C,0.992445054945055,0.9835390946502057,0.0001260255896039124,0.0,0.0,0.00019237295980102133,0.0,0.0
0.01,0.03,0.005,always_smooth,0.9120879120879121,0.742798353909465,0.044681996907237134,0.0,0.23923076923076914,0.13211116452361263,0.0,0.8145121951219512
0.01,0.03,0.005,oracle_resource_aware,1.0,1.0,0.0,0.0,0.0,0.0,0.0,0.0
0.01,0.03,0.005,random,0.823489010989011,0.5617283950617284,0.0636460638778663,0.0,0.33766233766233755,0.1835995669920823,0.0,0.8685714285714285
0.01,0.03,0.005,regime_aware,0.9649725274725275,0.9012345679012346,0.0024727998209432963,0.0,0.0,0.007223038146694319,0.0,0.06986301369863002
0.01,0.03,0.01,always_capacity_aware,0.5192307692307693,0.053497942386831275,0.11822777872489416,0.0,0.6621621621621621,0.32375815782082684,0.18181818181818188,0.8685714285714285
0.01,0.03,0.01,always_increase_B,0.9107142857142857,0.7386831275720165,0.04577929114863285,0.0,0.27923076923076917,0.13539853163363766,0.0,0.8209756097560974
0.01,0.03,0.01,always_increase_C,0.9945054945054945,0.9897119341563786,9.31902742343503e-05,0.0,0.0,9.400213844694228e-05,0.0,0.0
0.01,0.03,0.01,always_smooth,0.9127747252747253,0.7448559670781894,0.044649161591867575,0.0,0.23923076923076914,0.13201279370225855,0.0,0.8145121951219512
0.01,0.03,0.01,oracle_resource_aware,1.0,1.0,0.0,0.0,0.0,0.0,0.0,0.0
0.01,0.03,0.01,random,0.8324175824175825,0.5864197530864198,0.06458477073510076,0.0,0.36726027397260275,0.18514551491666037,0.0,0.8926829268292682
0.01,0.03,0.01,regime_aware,0.9642857142857143,0.8991769547325102,0.005097931538540767,0.0,0.0,0.015087630288303204,0.0,0.1299999999999999
0.01,0.03,0.02,always_capacity_aware,0.5192307692307693,0.053497942386831275,0.11822091059302604,0.0,0.6621621621621621,0.32373758168913963,0.18181818181818188,0.8685714285714285
0.01,0.03,0.02,always_increase_B,0.9100274725274725,0.7366255144032922,0.05931637906072077,0.0,0.44999999999999996,0.1759540871891932,0.0,0.8704761904761904
0.01,0.03,0.02,always_increase_C,0.9951923076923077,0.9917695473251029,8.632214236621841e-05,0.0,0.0,7.342600675969946e-05,0.0,0.0
0.01,0.03,0.02,always_smooth,0.9127747252747253,0.7448559670781894,0.04464229345999945,0.0,0.23923076923076914,0.1319922175705713,0.0,0.8145121951219512
0.01,0.03,0.02,oracle_resource_aware,1.0,1.0,0.0,0.0,0.0,0.0,0.0,0.0
0.01,0.03,0.02,random,0.8303571428571429,0.588477366255144,0.06758280770962159,0.0,0.3726027397260274,0.19238574471218953,0.0,0.864736842105263
0.01,0.03,0.02,regime_aware,0.9635989010989011,0.897119341563786,0.010406997472606701,0.0,0.0,0.030992980082541886,0.0,0.25
0.01,0.03,0.05,always_capacity_aware,0.5192307692307693,0.053497942386831275,0.11822091059302604,0.0,0.6621621621621621,0.32373758168913963,0.18181818181818188,0.8685714285714285
0.01,0.03,0.05,always_increase_B,0.9100274725274725,0.7366255144032922,0.09994824719258891,0.0,0.864736842105263,0.2976824822509216,0.0,1.57
0.01,0.03,0.05,always_increase_C,0.9951923076923077,0.9917695473251029,8.632214236621841e-05,0.0,0.0,7.342600675969946e-05,0.0,0.0
0.01,0.03,0.05,always_smooth,0.9127747252747253,0.7448559670781894,0.04464229345999945,0.0,0.23923076923076914,0.1319922175705713,0.0,0.8145121951219512
0.01,0.03,0.05,oracle_resource_aware,1.0,1.0,0.0,0.0,0.0,0.0,0.0,0.0
0.01,0.03,0.05,random,0.8193681318681318,0.5473251028806584,0.07381306470531307,0.0,0.42031249999999987,0.21527183079145318,0.0,1.176842105263158
0.01,0.03,0.05,regime_aware,0.9635989010989011,0.897119341563786,0.026354799670408904,0.0,0.0,0.07877075786031967,0.0,0.6700000000000002
0.01,0.05,0.0,always_capacity_aware,0.5192307692307693,0.053497942386831275,0.11727607196714335,0.0,0.6368421052631579,0.3209069540362893,0.183568677792041,0.8285714285714285
0.01,0.05,0.0,always_increase_B,0.9471153846153846,0.8477366255144033,0.03128362834692598,0.0,0.05789473684210522,0.09197119616185738,0.0,0.5904761904761904
0.01,0.05,0.0,always_increase_C,0.9608516483516484,0.8888888888888888,0.001957417582417584,0.0,0.0,0.00555555555555556,0.0,0.050000000000000044
0.01,0.05,0.0,always_smooth,0.9100274725274725,0.7366255144032922,0.043697454834116745,0.0,0.2610526315789474,0.12916158991772106,0.0,0.7654761904761904
0.01,0.05,0.0,oracle_resource_aware,1.0,1.0,0.0,0.0,0.0,0.0,0.0,0.0
0.01,0.05,0.0,random,0.8296703296703297,0.5596707818930041,0.05953827598289513,0.0,0.33789473684210525,0.17166707302771012,0.0,0.8319512195121952
0.01,0.05,0.0,regime_aware,0.9869505494505495,0.9670781893004116,0.0009044665390316917,0.0,0.0,0.0024010355572636685,0.0,0.0
0.01,0.05,0.002,always_capacity_aware,0.5192307692307693,0.053497942386831275,0.11604645693458421,0.0,0.6368421052631579,0.31722316908277887,0.18181818181818188,0.8285714285714285
0.01,0.05,0.002,always_increase_B,0.9347527472527473,0.8106995884773662,0.03276280452315805,0.0,0.11789473684210527,0.09640263754579545,0.0,0.6249756097560977
0.01,0.05,0.002,always_increase_C,0.9711538461538461,0.9197530864197531,0.0007278025498584499,0.0,0.0,0.0018717706020450677,0.0,0.018000000000000016
0.01,0.05,0.002,always_smooth,0.9120879120879121,0.742798353909465,0.04246783980155761,0.0,0.22238356164383566,0.12547780496421057,0.0,0.7654761904761904
0.01,0.05,0.002,oracle_resource_aware,1.0,1.0,0.0,0.0,0.0,0.0,0.0,0.0
0.01,0.05,0.002,random,0.8186813186813187,0.5473251028806584,0.06765660405542306,0.0,0.3906493506493507,0.1943497439309612,0.0,0.844736842105263
0.01,0.05,0.002,regime_aware,0.9773351648351648,0.9382716049382716,0.0007380383196593716,0.0,0.0,0.001902435788938364,0.0,0.006000000000000005
0.01,0.05,0.005,always_capacity_aware,0.5192307692307693,0.053497942386831275,0.11566037361012384,0.0,0.6368421052631579,0.316066507929663,0.18181818181818188,0.8285714285714285
0.01,0.05,0.005,always_increase_B,0.9175824175824175,0.7592592592592593,0.03643990801188449,0.0,0.1880952380952381,0.10741881589885245,0.0,0.6804761904761905
0.01,0.05,0.005,always_increase_C,0.9869505494505495,0.9670781893004116,0.0003417192253980788,0.0,0.0,0.0007151094489292235,0.0,0.0
0.01,0.05,0.005,always_smooth,0.9134615384615384,0.7469135802469136,0.042081756477097235,0.0,0.21923076923076912,0.12432114381109473,0.0,0.7654761904761904
0.01,0.05,0.005,oracle_resource_aware,1.0,1.0,0.0,0.0,0.0,0.0,0.0,0.0
0.01,0.05,0.005,random,0.8337912087912088,0.5740740740740741,0.05581485793109498,0.0,0.31067567567567567,0.15990954003748317,0.0,0.794736842105263
0.01,0.05,0.005,regime_aware,0.967032967032967,0.9074074074074074,0.0019467352149792202,0.0,0.0,0.005523552413600297,0.0,0.04986301369863
0.01,0.05,0.01,always_capacity_aware,0.5192307692307693,0.053497942386831275,0.11555885697607296,0.0,0.6368421052631579,0.3157623757914365,0.18181818181818188,0.8285714285714285
0.01,0.05,0.01,always_increase_B,0.9127747252747253,0.7448559670781894,0.04311036939981164,0.0,0.26249999999999996,0.12740274960424733,0.0,0.7609756097560976
0.01,0.05,0.01,always_increase_C,0.9910714285714286,0.9794238683127572,0.00024020259134719795,0.0,0.0,0.00041097731070271625,0.0,0.0
0.01,0.05,0.01,always_smooth,0.9141483516483516,0.7489711934156379,0.04198023984304636,0.0,0.21923076923076912,0.12401701167286823,0.0,0.7654761904761904
0.01,0.05,0.01,oracle_resource_aware,1.0,1.0,0.0,0.0,0.0,0.0,0.0,0.0
0.01,0.05,0.01,random,0.8262362637362637,0.5617283950617284,0.06289676808728499,0.0,0.36945945945945957,0.17891974610219027,0.0,0.854736842105263
0.01,0.05,0.01,regime_aware,0.9656593406593407,0.9032921810699589,0.004503185613895372,0.0,0.0,0.013182383238336754,0.0,0.10999999999999988
0.01,0.05,0.02,always_capacity_aware,0.5192307692307693,0.053497942386831275,0.11553039432652419,0.0,0.6368421052631579,0.3156771049730353,0.18181818181818188,0.8285714285714285
0.01,0.05,0.02,always_increase_B,0.9107142857142857,0.7386831275720165,0.056625862794218926,0.0,0.42999999999999994,0.1678936104730889,0.0,0.844736842105263
0.01,0.05,0.02,always_increase_C,0.9917582417582418,0.9814814814814815,0.00021173994179844282,0.0,0.0,0.00032570649230150744,0.0,0.0
0.01,0.05,0.02,always_smooth,0.915521978021978,0.7530864197530864,0.0419517771934976,0.0,0.21923076923076912,0.12393174085446701,0.0,0.7654761904761904
0.01,0.05,0.02,oracle_resource_aware,1.0,1.0,0.0,0.0,0.0,0.0,0.0,0.0
0.01,0.05,0.02,random,0.8262362637362637,0.5432098765432098,0.062568775831109,0.0,0.375,0.18283519632604672,0.0,0.794736842105263
0.01,0.05,0.02,regime_aware,0.9656593406593407,0.9032921810699589,0.009790657030280684,0.0,0.0,0.02902303834586147,0.0,0.22999999999999998
0.01,0.05,0.05,always_capacity_aware,0.5192307692307693,0.053497942386831275,0.11552352619465607,0.0,0.6368421052631579,0.31565652884134804,0.18181818181818188,0.8285714285714285
0.01,0.05,0.05,always_increase_B,0.9100274725274725,0.7366255144032922,0.09725086279421892,0.0,0.844736842105263,0.2896014294031301,0.0,1.55
0.01,0.05,0.05,always_increase_C,0.992445054945055,0.9835390946502057,0.00020487180993031094,0.0,0.0,0.0003051303606142646,0.0,0.0
0.01,0.05,0.05,always_smooth,0.915521978021978,0.7530864197530864,0.04194490906162947,0.0,0.21923076923076912,0.12391116472277977,0.0,0.7654761904761904
0.01,0.05,0.05,oracle_resource_aware,1.0,1.0,0.0,0.0,0.0,0.0,0.0,0.0
0.01,0.05,0.05,random,0.8131868131868132,0.5493827160493827,0.08063218911064408,0.0,0.5129032258064514,0.23275965044337055,0.0,1.1368421052631579
0.01,0.05,0.05,regime_aware,0.9649725274725275,0.9012345679012346,0.02573159109621475,0.0,0.0,0.07678023999195202,0.0,0.6500000000000001
0.01,0.1,0.0,always_capacity_aware,0.5192307692307693,0.053497942386831275,0.11230932818461008,0.0,0.5789473684210527,0.30602716196351487,0.183568677792041,0.75
0.01,0.1,0.0,always_increase_B,0.9498626373626373,0.8559670781893004,0.02631688456439272,0.0,0.0,0.07709140408908285,0.0,0.4904761904761905
0.01,0.1,0.0,always_increase_C,0.9581043956043956,0.8806584362139918,0.004030508964719495,0.0,0.0,0.011457656486896261,0.0,0.10000000000000009
0.01,0.1,0.0,always_smooth,0.9100274725274725,0.7366255144032922,0.03873071105158349,0.0,0.218082191780822,0.11428179784494655,0.0,0.6426829268292682
0.01,0.1,0.0,oracle_resource_aware,1.0,1.0,0.0,0.0,0.0,0.0,0.0,0.0
0.01,0.1,0.0,random,0.8392857142857143,0.5864197530864198,0.053706104872234386,0.0,0.3125,0.1544945783269828,0.0,0.75
0.01,0.1,0.0,regime_aware,0.9842032967032966,0.9588477366255144,0.0011231623169379956,0.0,0.0,0.0027475809330488096,0.0,0.0
0.01,0.1,0.002,always_capacity_aware,0.5192307692307693,0.053497942386831275,0.11086101737414465,0.0,0.5769230769230769,0.30168818965891053,0.18181818181818188,0.75
0.01,0.1,0.002,always_increase_B,0.945054945054945,0.8415637860082305,0.027577364962718495,0.0,0.02189473684210541,0.08086765812192714,0.0,0.5224761904761905
0.01,0.1,0.002,always_increase_C,0.9608516483516484,0.8888888888888888,0.002582198154254056,0.0,0.0,0.007118684182291986,0.0,0.06800000000000006
0.01,0.1,0.002,always_smooth,0.9120879120879121,0.742798353909465,0.03728240024111805,0.0,0.20490410958904115,0.10994282554034226,0.0,0.6426829268292682
0.01,0.1,0.002,oracle_resource_aware,1.0,1.0,0.0,0.0,0.0,0.0,0.0,0.0
0.01,0.1,0.002,random,0.8241758241758241,0.5679012345679012,0.06168036343312984,0.0,0.34586301369863004,0.1745466269298928,0.0,0.75
0.01,0.1,0.002,regime_aware,0.9876373626373627,0.9691358024691358,0.0007380383196593716,0.0,0.0,0.0015937938136297216,0.0,0.0
0.01,0.1,0.005,always_capacity_aware,0.5192307692307693,0.053497942386831275,0.10964404824506607,0.0,0.5769230769230769,0.2980422903750867,0.1762436332767403,0.75
0.01,0.1,0.005,always_increase_B,0.926510989010989,0.7860082304526749,0.03042358264682674,0.0,0.10789473684210527,0.08939459834427611,0.0,0.5709756097560974
0.01,0.1,0.005,always_increase_C,0.9732142857142857,0.9259259259259259,0.0013652290251754881,0.0,0.0,0.003472784898468129,0.0,0.030000000000000027
0.01,0.1,0.005,always_smooth,0.9189560439560439,0.7633744855967078,0.03606543111203948,0.0,0.16923076923076907,0.10629692625651842,0.0,0.6426829268292682
0.01,0.1,0.005,oracle_resource_aware,1.0,1.0,0.0,0.0,0.0,0.0,0.0,0.0
0.01,0.1,0.005,random,0.820054945054945,0.5452674897119342,0.05849814613389319,0.0,0.33766233766233755,0.1676465690758924,0.0,0.7827419354838709
0.01,0.1,0.005,regime_aware,0.9773351648351648,0.9382716049382716,0.0011158494103610235,0.0,0.0,0.002725672307583642,0.0,0.022317073170731838
0.01,0.1,0.01,always_capacity_aware,0.5192307692307693,0.053497942386831275,0.10920310130447963,0.0,0.5769230769230769,0.29672126414979066,0.17223816506074574,0.75
0.01,0.1,0.01,always_increase_B,0.9162087912087912,0.7551440329218106,0.036754613728218304,0.0,0.2092307692307691,0.10836163796260148,0.0,0.6509756097560975
0.01,0.1,0.01,always_increase_C,0.9814560439560439,0.9506172839506173,0.0009242820845890374,0.0,0.0,0.002151758673172095,0.0,0.0
0.01,0.1,0.01,always_smooth,0.9203296703296703,0.7674897119341564,0.03562448417145303,0.0,0.16923076923076907,0.10497590003122237,0.0,0.6426829268292682
0.01,0.1,0.01,oracle_resource_aware,1.0,1.0,0.0,0.0,0.0,0.0,0.0,0.0
0.01,0.1,0.01,random,0.8406593406593407,0.6049382716049383,0.058562857600218864,0.0,0.32986301369863,0.1683389289402401,0.0,0.8314634146341462
0.01,0.1,0.01,regime_aware,0.9690934065934066,0.9135802469135802,0.0033328695027416057,0.0,0.0,0.009367609045250571,0.0,0.05999999999999983
0.01,0.1,0.02,always_capacity_aware,0.5192307692307693,0.053497942386831275,0.10911353557829452,0.0,0.5769230769230769,0.2964529355544707,0.17223816506074574,0.75
0.01,0.1,0.02,always_increase_B,0.9107142857142857,0.7386831275720165,0.050209004045989256,0.0,0.37809523809523804,0.14866944105452432,0.0,0.7504761904761903
0.01,0.1,0.02,always_increase_C,0.9835164835164835,0.9567901234567902,0.0008347163584039375,0.0,0.0,0.0018834300778521249,0.0,0.0
0.01,0.1,0.02,always_smooth,0.9237637362637363,0.7777777777777778,0.03553491844526793,0.0,0.16923076923076907,0.10470757143590241,0.0,0.6426829268292682
0.01,0.1,0.02,oracle_resource_aware,1.0,1.0,0.0,0.0,0.0,0.0,0.0,0.0
0.01,0.1,0.02,random,0.8289835164835165,0.588477366255144,0.06190732499599513,0.0,0.3323170731707319,0.1769154752569832,0.0,0.8909756097560975
0.01,0.1,0.02,regime_aware,0.9690934065934066,0.9135802469135802,0.008559237842490573,0.0,0.0,0.025025206375856528,0.0,0.17999999999999994
0.01,0.1,0.05,always_capacity_aware,0.5192307692307693,0.053497942386831275,0.10907700960426857,0.0,0.5769230769230769,0.2963435079450431,0.17223816506074574,0.75
0.01,0.1,0.05,always_increase_B,0.9100274725274725,0.7366255144032922,0.09080434620383142,0.0,0.794736842105263,0.27028840850682506,0.0,1.4800000000000002
0.01,0.1,0.05,always_increase_C,0.9835164835164835,0.9567901234567902,0.0007981903843779635,0.0,0.0,0.0017740024684245158,0.0,0.0
0.01,0.1,0.05,always_smooth,0.9244505494505495,0.779835390946502,0.03549839247124196,0.0,0.16923076923076907,0.1045981438264748,0.0,0.6426829268292682
0.01,0.1,0.05,oracle_resource_aware,1.0,1.0,0.0,0.0,0.0,0.0,0.0,0.0
0.01,0.1,0.05,random,0.8289835164835165,0.5679012345679012,0.06434901848670867,0.0,0.3305263157894738,0.18671855932593417,0.0,0.934342105263158
0.01,0.1,0.05,regime_aware,0.9684065934065934,0.911522633744856,0.024470514066266796,0.0,0.0,0.0726935565442067,0.0,0.6000000000000001
0.01,0.2,0.0,always_capacity_aware,0.5192307692307693,0.053497942386831275,0.10409135515331994,0.0,0.45615384615384613,0.28140706168870316,0.18237250554323725,0.75
0.01,0.2,0.0,always_increase_B,0.9601648351648352,0.8868312757201646,0.01809891153310257,0.0,0.0,0.052471303814271196,0.0,0.29047619047619055
0.01,0.2,0.0,always_increase_C,0.945054945054945,0.8415637860082305,0.009892206263099664,0.0,0.11999999999999988,0.028401342220315047,0.0,0.19999999999999996
0.01,0.2,0.0,always_smooth,0.9100274725274725,0.7366255144032922,0.030512738020293338,0.0,0.18301369863013695,0.0896616975701349,0.0,0.4904761904761905
0.01,0.2,0.0,oracle_resource_aware,1.0,1.0,0.0,0.0,0.0,0.0,0.0,0.0
0.01,0.2,0.0,random,0.8241758241758241,0.5596707818930041,0.050348114402103336,0.0,0.28368421052631576,0.14364223811036825,0.0,0.6904761904761905
0.01,0.2,0.0,regime_aware,0.9711538461538461,0.9197530864197531,0.003276068406526963,0.0,0.0,0.008580155555356498,0.0,0.07714285714285718
0.01,0.2,0.002,always_capacity_aware,0.5192307692307693,0.053497942386831275,0.10212959726361795,0.0,0.45615384615384613,0.2755298610973326,0.16883116883116878,0.75
0.01,0.2,0.002,always_increase_B,0.9581043956043956,0.8806584362139918,0.01884594485219179,0.0,0.0,0.054709329560349185,0.0,0.3224761904761906
0.01,0.2,0.002,always_increase_C,0.945054945054945,0.8415637860082305,0.007930448373397672,0.0,0.06399999999999983,0.022524141628944467,0.0,0.17199999999999993
0.01,0.2,0.002,always_smooth,0.9120879120879121,0.742798353909465,0.028550980130591347,0.0,0.1512500000000001,0.08378449697876432,0.0,0.4904761904761905
0.01,0.2,0.002,oracle_resource_aware,1.0,1.0,0.0,0.0,0.0,0.0,0.0,0.0
0.01,0.2,0.002,random,0.8324175824175825,0.5843621399176955,0.048264065405186594,0.0,0.3023684210526316,0.13659816350713275,0.0,0.6660526315789475
0.01,0.2,0.002,regime_aware,0.9718406593406593,0.9218106995884774,0.002377497330011785,0.0,0.0,0.005888140149171109,0.0,0.05986301369863001
0.01,0.2,0.005,always_capacity_aware,0.521978021978022,0.06172839506172839,0.0997473257751943,0.0,0.41894736842105273,0.26839285021843384,0.16883116883116878,0.75
0.01,0.2,0.005,always_increase_B,0.9423076923076923,0.8333333333333334,0.020526860176954962,0.0,0.02945205479452051,0.05974515818762322,0.0,0.3704761904761906
0.01,0.2,0.005,always_increase_C,0.9478021978021978,0.8497942386831275,0.005548176884974034,0.0,0.009756097560975618,0.015387130750045667,0.0,0.1299999999999999
0.01,0.2,0.005,always_smooth,0.9203296703296703,0.7674897119341564,0.026168708642167707,0.0,0.11250000000000004,0.07664748609986552,0.0,0.4904761904761905
0.01,0.2,0.005,oracle_resource_aware,1.0,1.0,0.0,0.0,0.0,0.0,0.0,0.0
0.01,0.2,0.005,random,0.8131868131868132,0.551440329218107,0.04930104976983968,0.0,0.28917808219178087,0.13608996318447183,0.0,0.7347368421052631
0.01,0.2,0.005,regime_aware,0.9711538461538461,0.9197530864197531,0.0015900060613683656,0.0,0.0,0.0035289070480500825,0.0,0.02378048780487818
0.01,0.2,0.01,always_capacity_aware,0.5233516483516484,0.06584362139917696,0.09819976281668705,0.0,0.3769230769230769,0.2637565299147578,0.16216216216216206,0.75
0.01,0.2,0.01,always_increase_B,0.9237637362637363,0.7777777777777778,0.02575127524042573,0.0,0.11809523809523825,0.07539690372756856,0.0,0.4504761904761905
0.01,0.2,0.01,always_increase_C,0.9574175824175825,0.8786008230452675,0.004000613926466779,0.0,0.0,0.010750810446369611,0.0,0.09024390243902425
0.01,0.2,0.01,always_smooth,0.9271978021978022,0.7880658436213992,0.02462114568366045,0.0,0.0692307692307692,0.07201116579618946,0.0,0.4904761904761905
0.01,0.2,0.01,oracle_resource_aware,1.0,1.0,0.0,0.0,0.0,0.0,0.0,0.0
0.01,0.2,0.01,random,0.8385989010989011,0.5802469135802469,0.039915524679502,0.0,0.22523809523809524,0.11566366757491409,0.0,0.5145238095238094
0.01,0.2,0.01,regime_aware,0.9690934065934066,0.9135802469135802,0.0027004101358281433,0.0,0.0,0.00685554970733699,0.0,0.03875000000000006
0.01,0.2,0.02,always_capacity_aware,0.5233516483516484,0.06584362139917696,0.09779754641462514,0.0,0.3769230769230769,0.26255153592010316,0.16216216216216206,0.75
0.01,0.2,0.02,always_increase_B,0.9107142857142857,0.7386831275720165,0.03889301488231987,0.0,0.30013698630136987,0.11476804142015677,0.0,0.5304761904761905
0.01,0.2,0.02,always_increase_C,0.9615384615384616,0.8909465020576132,0.003598397524404874,0.0,0.0,0.009545816451715013,0.0,0.09024390243902425
0.01,0.2,0.02,always_smooth,0.9361263736263736,0.8148148148148148,0.024218929281598547,0.0,0.06301369863013706,0.07080617180153487,0.0,0.4904761904761905
0.01,0.2,0.02,oracle_resource_aware,1.0,1.0,0.0,0.0,0.0,0.0,0.0,0.0
0.01,0.2,0.02,random,0.8303571428571429,0.5802469135802469,0.04828736115796787,0.0,0.3025,0.13559259960847067,0.0,0.7402597402597402
0.01,0.2,0.02,regime_aware,0.9642857142857143,0.8991769547325102,0.007614127799700304,0.0,0.0,0.02157648163860832,0.0,0.1200000000000001
0.01,0.2,0.05,always_capacity_aware,0.5233516483516484,0.06584362139917696,0.09776102044059917,0.0,0.3769230769230769,0.26244210831067555,0.16216216216216206,0.75
0.01,0.2,0.05,always_increase_B,0.9100274725274725,0.7366255144032922,0.07948835704016202,0.0,0.7380952380952384,0.23638700887245756,0.0,1.3109756097560976
0.01,0.2,0.05,always_increase_C,0.9615384615384616,0.8909465020576132,0.0035618715503789,0.0,0.0,0.009436388842287403,0.0,0.09024390243902425
0.01,0.2,0.05,always_smooth,0.9368131868131868,0.8168724279835391,0.02418240330757257,0.0,0.06301369863013706,0.07069674419210725,0.0,0.4904761904761905
0.01,0.2,0.05,oracle_resource_aware,1.0,1.0,0.0,0.0,0.0,0.0,0.0,0.0
0.01,0.2,0.05,random,0.8406593406593407,0.5925925925925926,0.05672157287759337,0.0,0.3235365853658536,0.16334126536456298,0.0,0.9841935483870965
0.01,0.2,0.05,regime_aware,0.9635989010989011,0.897119341563786,0.023525404023476533,0.0,0.0,0.06924483180695849,0.0,0.5581578947368424
