workload,category,source,nq,cx,layers,static_remote,slack,cap0,cap1,regime,regime_class,code,d,n,p,ratio,rho,costs_clamped,e_remote,e_local,e_tel,s_mem,a_status,a_seconds,a_ebits_batches,c_status,c_seconds,c_bound_fail_sum,threshold_seconds,location_disagreement,decision_disagreement,remote_status_disagreement,static_remote_ops,static_teleports,static_ebit_pairs,static_run_rounds,static_fail_sum,static_fail_prob,static_fail_ops,static_fail_memory,A_remote_ops,A_teleports,A_ebit_pairs,A_run_rounds,A_fail_sum,A_fail_prob,A_fail_ops,A_fail_memory,C_remote_ops,C_teleports,C_ebit_pairs,C_run_rounds,C_fail_sum,C_fail_prob,C_fail_ops,C_fail_memory,B1_remote_ops,B1_teleports,B1_ebit_pairs,B1_run_rounds,B1_fail_sum,B1_fail_prob,B1_fail_ops,B1_fail_memory,B2_remote_ops,B2_teleports,B2_ebit_pairs,B2_run_rounds,B2_fail_sum,B2_fail_prob,B2_fail_ops,B2_fail_memory,B3_remote_ops,B3_teleports,B3_ebit_pairs,B3_run_rounds,B3_fail_sum,B3_fail_prob,B3_fail_ops,B3_fail_memory,B4_remote_ops,B4_teleports,B4_ebit_pairs,B4_run_rounds,B4_fail_sum,B4_fail_prob,B4_fail_ops,B4_fail_memory,B5_remote_ops,B5_teleports,B5_ebit_pairs,B5_run_rounds,B5_fail_sum,B5_fail_prob,B5_fail_ops,B5_fail_memory,B6_remote_ops,B6_teleports,B6_ebit_pairs,B6_run_rounds,B6_fail_sum,B6_fail_prob,B6_fail_ops,B6_fail_memory,B7_remote_ops,B7_teleports,B7_ebit_pairs,B7_run_rounds,B7_fail_sum,B7_fail_prob,B7_fail_ops,B7_fail_memory,B8_remote_ops,B8_teleports,B8_ebit_pairs,B8_run_rounds,B8_fail_sum,B8_fail_prob,B8_fail_ops,B8_fail_memory,B9_remote_ops,B9_teleports,B9_ebit_pairs,B9_run_rounds,B9_fail_sum,B9_fail_prob,B9_fail_ops,B9_fail_memory,B10_remote_ops,B10_teleports,B10_ebit_pairs,B10_run_rounds,B10_fail_sum,B10_fail_prob,B10_fail_ops,B10_fail_memory,B11_remote_ops,B11_teleports,B11_ebit_pairs,B11_run_rounds,B11_fail_sum,B11_fail_prob,B11_fail_ops,B11_fail_memory,B12_remote_ops,B12_teleports,B12_ebit_pairs,B12_run_rounds,B12_fail_sum,B12_fail_prob,B12_fail_ops,B12_fail_memory,B13_remote_ops,B13_teleports,B13_ebit_pairs,B13_run_rounds,B13_fail_sum,B13_fail_prob,B13_fail_ops,B13_fail_memory,B14_remote_ops,B14_teleports,B14_ebit_pairs,B14_run_rounds,B14_fail_sum,B14_fail_prob,B14_fail_ops,B14_fail_memory,B15_remote_ops,B15_teleports,B15_ebit_pairs,B15_run_rounds,B15_fail_sum,B15_fail_prob,B15_fail_ops,B15_fail_memory,B16_remote_ops,B16_teleports,B16_ebit_pairs,B16_run_rounds,B16_fail_sum,B16_fail_prob,B16_fail_ops,B16_fail_memory,B17_remote_ops,B17_teleports,B17_ebit_pairs,B17_run_rounds,B17_fail_sum,B17_fail_prob,B17_fail_ops,B17_fail_memory,B18_remote_ops,B18_teleports,B18_ebit_pairs,B18_run_rounds,B18_fail_sum,B18_fail_prob,B18_fail_ops,B18_fail_memory,B19_remote_ops,B19_teleports,B19_ebit_pairs,B19_run_rounds,B19_fail_sum,B19_fail_prob,B19_fail_ops,B19_fail_memory,B20_remote_ops,B20_teleports,B20_ebit_pairs,B20_run_rounds,B20_fail_sum,B20_fail_prob,B20_fail_ops,B20_fail_memory,B21_remote_ops,B21_teleports,B21_ebit_pairs,B21_run_rounds,B21_fail_sum,B21_fail_prob,B21_fail_ops,B21_fail_memory,B22_remote_ops,B22_teleports,B22_ebit_pairs,B22_run_rounds,B22_fail_sum,B22_fail_prob,B22_fail_ops,B22_fail_memory,B23_remote_ops,B23_teleports,B23_ebit_pairs,B23_run_rounds,B23_fail_sum,B23_fail_prob,B23_fail_ops,B23_fail_memory,B24_remote_ops,B24_teleports,B24_ebit_pairs,B24_run_rounds,B24_fail_sum,B24_fail_prob,B24_fail_ops,B24_fail_memory,B25_remote_ops,B25_teleports,B25_ebit_pairs,B25_run_rounds,B25_fail_sum,B25_fail_prob,B25_fail_ops,B25_fail_memory,B26_remote_ops,B26_teleports,B26_ebit_pairs,B26_run_rounds,B26_fail_sum,B26_fail_prob,B26_fail_ops,B26_fail_memory,B27_remote_ops,B27_teleports,B27_ebit_pairs,B27_run_rounds,B27_fail_sum,B27_fail_prob,B27_fail_ops,B27_fail_memory,B28_remote_ops,B28_teleports,B28_ebit_pairs,B28_run_rounds,B28_fail_sum,B28_fail_prob,B28_fail_ops,B28_fail_memory,B29_remote_ops,B29_teleports,B29_ebit_pairs,B29_run_rounds,B29_fail_sum,B29_fail_prob,B29_fail_ops,B29_fail_memory,B30_remote_ops,B30_teleports,B30_ebit_pairs,B30_run_rounds,B30_fail_sum,B30_fail_prob,B30_fail_ops,B30_fail_memory
adder_n28,arithmetic,QASMBench (via DQC-NAC examples),28,195,97,11,4,18,18,SC5|p=0.001|r=10|rho=10,realistic,SC5,5,25,0.001,10.0,10,0,0.0003825200145869967,5.810310143125109e-05,0.0009810966318486132,2.8691623476531386e-05,OPTIMAL/OPTIMAL,13.0,2,OPTIMAL,0.8,0.2518913963215417,0.004,0.010309278350515464,0.06598984771573604,0.05641025641025641,11,0,275,295,0.2518915007399564,0.22267092687703785,0.014898690823807164,0.23699280991614927,0,2,50,301,0.2551053007029977,0.22516509699484039,0.013292298042791188,0.24181300266020653,11,0,275,295,0.2518915007399564,0.22267092687703785,0.014898690823807164,0.23699280991614927,0,2,50,301,0.2551053007029977,0.22516509699484039,0.013292298042791188,0.24181300266020653,0,2,50,301,0.2551053007029977,0.22516509699484039,0.013292298042791188,0.24181300266020653,0,2,50,301,0.2551053007029977,0.22516509699484039,0.013292298042791188,0.24181300266020653,0,2,50,301,0.2551053007029977,0.22516509699484039,0.013292298042791188,0.24181300266020653,0,2,50,301,0.2551053007029977,0.22516509699484039,0.013292298042791188,0.24181300266020653,5,1,150,298,0.25333619226489923,0.22379311679675704,0.013933285976721305,0.2394029062881779,5,1,150,298,0.25333619226489923,0.22379311679675704,0.013933285976721305,0.2394029062881779,5,1,150,298,0.25333619226489923,0.22379311679675704,0.013933285976721305,0.2394029062881779,5,1,150,298,0.25333619226489923,0.22379311679675704,0.013933285976721305,0.2394029062881779,5,1,150,298,0.25333619226489923,0.22379311679675704,0.013933285976721305,0.2394029062881779,5,1,150,298,0.25333619226489923,0.22379311679675704,0.013933285976721305,0.2394029062881779,11,0,275,295,0.2518915007399564,0.22267092687703785,0.014898690823807164,0.23699280991614927,11,0,275,295,0.2518915007399564,0.22267092687703785,0.014898690823807164,0.23699280991614927,11,0,275,295,0.2518915007399564,0.22267092687703785,0.014898690823807164,0.23699280991614927,11,0,275,295,0.2518915007399564,0.22267092687703785,0.014898690823807164,0.23699280991614927,11,0,275,295,0.2518915007399564,0.22267092687703785,0.014898690823807164,0.23699280991614927,11,0,275,295,0.2518915007399564,0.22267092687703785,0.014898690823807164,0.23699280991614927,11,0,275,295,0.2518915007399564,0.22267092687703785,0.014898690823807164,0.23699280991614927,11,0,275,295,0.2518915007399564,0.22267092687703785,0.014898690823807164,0.23699280991614927,11,0,275,295,0.2518915007399564,0.22267092687703785,0.014898690823807164,0.23699280991614927,11,0,275,295,0.2518915007399564,0.22267092687703785,0.014898690823807164,0.23699280991614927,11,0,275,295,0.2518915007399564,0.22267092687703785,0.014898690823807164,0.23699280991614927,11,0,275,295,0.2518915007399564,0.22267092687703785,0.014898690823807164,0.23699280991614927,11,0,275,295,0.2518915007399564,0.22267092687703785,0.014898690823807164,0.23699280991614927,11,0,275,295,0.2518915007399564,0.22267092687703785,0.014898690823807164,0.23699280991614927,11,0,275,295,0.2518915007399564,0.22267092687703785,0.014898690823807164,0.23699280991614927,11,0,275,295,0.2518915007399564,0.22267092687703785,0.014898690823807164,0.23699280991614927,11,0,275,295,0.2518915007399564,0.22267092687703785,0.014898690823807164,0.23699280991614927,11,0,275,295,0.2518915007399564,0.22267092687703785,0.014898690823807164,0.23699280991614927,11,0,275,295,0.2518915007399564,0.22267092687703785,0.014898690823807164,0.23699280991614927
adder_n28,arithmetic,QASMBench (via DQC-NAC examples),28,195,97,11,4,18,18,SC5|p=0.001|r=10|rho=100,realistic,SC5,5,25,0.001,10.0,100,0,0.0003825200145869967,5.810310143125109e-05,0.0009810966318486132,2.8691623476531386e-05,OPTIMAL/OPTIMAL,13.04,2,OPTIMAL,3.85,0.25510519025603434,0.004,0.0,0.0,0.0,11,0,275,1100.0,0.8986006939009739,0.5928610266257227,0.014898690823807164,0.8837020030771667,0,2,50,301,0.2551053007029977,0.22516509699484039,0.013292298042791188,0.24181300266020653,0,2,50,301,0.2551053007029977,0.22516509699484039,0.013292298042791188,0.24181300266020653,0,2,50,301,0.2551053007029977,0.22516509699484039,0.013292298042791188,0.24181300266020653,0,2,50,301,0.2551053007029977,0.22516509699484039,0.013292298042791188,0.24181300266020653,0,2,50,301,0.2551053007029977,0.22516509699484039,0.013292298042791188,0.24181300266020653,0,2,50,301,0.2551053007029977,0.22516509699484039,0.013292298042791188,0.24181300266020653,0,2,50,301,0.2551053007029977,0.22516509699484039,0.013292298042791188,0.24181300266020653,5,1,150,600.0,0.4959525603824486,0.391009469334497,0.013933285976721305,0.4820192744057273,5,1,150,600.0,0.4959525603824486,0.391009469334497,0.013933285976721305,0.4820192744057273,5,1,150,600.0,0.4959525603824486,0.391009469334497,0.013933285976721305,0.4820192744057273,5,1,150,600.0,0.4959525603824486,0.391009469334497,0.013933285976721305,0.4820192744057273,5,1,150,600.0,0.4959525603824486,0.391009469334497,0.013933285976721305,0.4820192744057273,5,1,150,600.0,0.4959525603824486,0.391009469334497,0.013933285976721305,0.4820192744057273,11,0,275,1100.0,0.8986006939009739,0.5928610266257227,0.014898690823807164,0.8837020030771667,11,0,275,1100.0,0.8986006939009739,0.5928610266257227,0.014898690823807164,0.8837020030771667,11,0,275,1100.0,0.8986006939009739,0.5928610266257227,0.014898690823807164,0.8837020030771667,11,0,275,1100.0,0.8986006939009739,0.5928610266257227,0.014898690823807164,0.8837020030771667,11,0,275,1100.0,0.8986006939009739,0.5928610266257227,0.014898690823807164,0.8837020030771667,11,0,275,1100.0,0.8986006939009739,0.5928610266257227,0.014898690823807164,0.8837020030771667,11,0,275,1100.0,0.8986006939009739,0.5928610266257227,0.014898690823807164,0.8837020030771667,11,0,275,1100.0,0.8986006939009739,0.5928610266257227,0.014898690823807164,0.8837020030771667,11,0,275,1100.0,0.8986006939009739,0.5928610266257227,0.014898690823807164,0.8837020030771667,11,0,275,1100.0,0.8986006939009739,0.5928610266257227,0.014898690823807164,0.8837020030771667,11,0,275,1100.0,0.8986006939009739,0.5928610266257227,0.014898690823807164,0.8837020030771667,11,0,275,1100.0,0.8986006939009739,0.5928610266257227,0.014898690823807164,0.8837020030771667,11,0,275,1100.0,0.8986006939009739,0.5928610266257227,0.014898690823807164,0.8837020030771667,11,0,275,1100.0,0.8986006939009739,0.5928610266257227,0.014898690823807164,0.8837020030771667,11,0,275,1100.0,0.8986006939009739,0.5928610266257227,0.014898690823807164,0.8837020030771667,11,0,275,1100.0,0.8986006939009739,0.5928610266257227,0.014898690823807164,0.8837020030771667,11,0,275,1100.0,0.8986006939009739,0.5928610266257227,0.014898690823807164,0.8837020030771667,11,0,275,1100.0,0.8986006939009739,0.5928610266257227,0.014898690823807164,0.8837020030771667,11,0,275,1100.0,0.8986006939009739,0.5928610266257227,0.014898690823807164,0.8837020030771667
adder_n28,arithmetic,QASMBench (via DQC-NAC examples),28,195,97,11,4,18,18,SC5|p=0.001|r=30|rho=10,realistic,SC5,5,25,0.001,30.0,10,1,0.0031526304869580694,0.0,0.005366132781095331,2.868275147901941e-05,OPTIMAL/OPTIMAL,13.33,2,OPTIMAL,1.71,0.25247045142369595,0.004,0.0,0.0,0.0,11,0,275,295,0.2715984625732391,0.23783976448461697,0.034678935356538765,0.23691952721670034,0,2,50,301,0.25247049502736624,0.2231208657012396,0.010732265562190662,0.2417382294651756,0,2,50,301,0.25247049502736624,0.2231208657012396,0.010732265562190662,0.2417382294651756,0,2,50,301,0.25247049502736624,0.2231208657012396,0.010732265562190662,0.2417382294651756,0,2,50,301,0.25247049502736624,0.2231208657012396,0.010732265562190662,0.2417382294651756,0,2,50,301,0.25247049502736624,0.2231208657012396,0.010732265562190662,0.2417382294651756,0,2,50,301,0.25247049502736624,0.2231208657012396,0.010732265562190662,0.2417382294651756,0,2,50,301,0.25247049502736624,0.2231208657012396,0.010732265562190662,0.2417382294651756,5,1,150,298,0.26045816355682366,0.22930160101863642,0.021129285215885675,0.23932887834093797,5,1,150,298,0.26045816355682366,0.22930160101863642,0.021129285215885675,0.23932887834093797,5,1,150,298,0.26045816355682366,0.22930160101863642,0.021129285215885675,0.23932887834093797,5,1,150,298,0.26045816355682366,0.22930160101863642,0.021129285215885675,0.23932887834093797,5,1,150,298,0.26045816355682366,0.22930160101863642,0.021129285215885675,0.23932887834093797,5,1,150,298,0.26045816355682366,0.22930160101863642,0.021129285215885675,0.23932887834093797,11,0,275,295,0.2715984625732391,0.23783976448461697,0.034678935356538765,0.23691952721670034,11,0,275,295,0.2715984625732391,0.23783976448461697,0.034678935356538765,0.23691952721670034,11,0,275,295,0.2715984625732391,0.23783976448461697,0.034678935356538765,0.23691952721670034,11,0,275,295,0.2715984625732391,0.23783976448461697,0.034678935356538765,0.23691952721670034,11,0,275,295,0.2715984625732391,0.23783976448461697,0.034678935356538765,0.23691952721670034,11,0,275,295,0.2715984625732391,0.23783976448461697,0.034678935356538765,0.23691952721670034,11,0,275,295,0.2715984625732391,0.23783976448461697,0.034678935356538765,0.23691952721670034,11,0,275,295,0.2715984625732391,0.23783976448461697,0.034678935356538765,0.23691952721670034,11,0,275,295,0.2715984625732391,0.23783976448461697,0.034678935356538765,0.23691952721670034,11,0,275,295,0.2715984625732391,0.23783976448461697,0.034678935356538765,0.23691952721670034,11,0,275,295,0.2715984625732391,0.23783976448461697,0.034678935356538765,0.23691952721670034,11,0,275,295,0.2715984625732391,0.23783976448461697,0.034678935356538765,0.23691952721670034,11,0,275,295,0.2715984625732391,0.23783976448461697,0.034678935356538765,0.23691952721670034,11,0,275,295,0.2715984625732391,0.23783976448461697,0.034678935356538765,0.23691952721670034,11,0,275,295,0.2715984625732391,0.23783976448461697,0.034678935356538765,0.23691952721670034,11,0,275,295,0.2715984625732391,0.23783976448461697,0.034678935356538765,0.23691952721670034,11,0,275,295,0.2715984625732391,0.23783976448461697,0.034678935356538765,0.23691952721670034,11,0,275,295,0.2715984625732391,0.23783976448461697,0.034678935356538765,0.23691952721670034,11,0,275,295,0.2715984625732391,0.23783976448461697,0.034678935356538765,0.23691952721670034
adder_n28,arithmetic,QASMBench (via DQC-NAC examples),28,195,97,11,4,18,18,SC5|p=0.001|r=30|rho=100,realistic,SC5,5,25,0.001,30.0,100,1,0.0031526304869580694,0.0,0.005366132781095331,2.868275147901941e-05,OPTIMAL/OPTIMAL,13.41,2,OPTIMAL,2.12,0.25247045142369595,0.004,0.0,0.0,0.0,11,0,275,1100.0,0.9181076809103367,0.6007261197534177,0.034678935356538765,0.8834287455537979,0,2,50,301,0.25247049502736624,0.2231208657012396,0.010732265562190662,0.2417382294651756,0,2,50,301,0.25247049502736624,0.2231208657012396,0.010732265562190662,0.2417382294651756,0,2,50,301,0.25247049502736624,0.2231208657012396,0.010732265562190662,0.2417382294651756,0,2,50,301,0.25247049502736624,0.2231208657012396,0.010732265562190662,0.2417382294651756,0,2,50,301,0.25247049502736624,0.2231208657012396,0.010732265562190662,0.2417382294651756,0,2,50,301,0.25247049502736624,0.2231208657012396,0.010732265562190662,0.2417382294651756,0,2,50,301,0.25247049502736624,0.2231208657012396,0.010732265562190662,0.2417382294651756,5,1,150,600.0,0.5029995100634118,0.3952859093343921,0.021129285215885675,0.4818702248475261,5,1,150,600.0,0.5029995100634118,0.3952859093343921,0.021129285215885675,0.4818702248475261,5,1,150,600.0,0.5029995100634118,0.3952859093343921,0.021129285215885675,0.4818702248475261,5,1,150,600.0,0.5029995100634118,0.3952859093343921,0.021129285215885675,0.4818702248475261,5,1,150,600.0,0.5029995100634118,0.3952859093343921,0.021129285215885675,0.4818702248475261,5,1,150,600.0,0.5029995100634118,0.3952859093343921,0.021129285215885675,0.4818702248475261,11,0,275,1100.0,0.9181076809103367,0.6007261197534177,0.034678935356538765,0.8834287455537979,11,0,275,1100.0,0.9181076809103367,0.6007261197534177,0.034678935356538765,0.8834287455537979,11,0,275,1100.0,0.9181076809103367,0.6007261197534177,0.034678935356538765,0.8834287455537979,11,0,275,1100.0,0.9181076809103367,0.6007261197534177,0.034678935356538765,0.8834287455537979,11,0,275,1100.0,0.9181076809103367,0.6007261197534177,0.034678935356538765,0.8834287455537979,11,0,275,1100.0,0.9181076809103367,0.6007261197534177,0.034678935356538765,0.8834287455537979,11,0,275,1100.0,0.9181076809103367,0.6007261197534177,0.034678935356538765,0.8834287455537979,11,0,275,1100.0,0.9181076809103367,0.6007261197534177,0.034678935356538765,0.8834287455537979,11,0,275,1100.0,0.9181076809103367,0.6007261197534177,0.034678935356538765,0.8834287455537979,11,0,275,1100.0,0.9181076809103367,0.6007261197534177,0.034678935356538765,0.8834287455537979,11,0,275,1100.0,0.9181076809103367,0.6007261197534177,0.034678935356538765,0.8834287455537979,11,0,275,1100.0,0.9181076809103367,0.6007261197534177,0.034678935356538765,0.8834287455537979,11,0,275,1100.0,0.9181076809103367,0.6007261197534177,0.034678935356538765,0.8834287455537979,11,0,275,1100.0,0.9181076809103367,0.6007261197534177,0.034678935356538765,0.8834287455537979,11,0,275,1100.0,0.9181076809103367,0.6007261197534177,0.034678935356538765,0.8834287455537979,11,0,275,1100.0,0.9181076809103367,0.6007261197534177,0.034678935356538765,0.8834287455537979,11,0,275,1100.0,0.9181076809103367,0.6007261197534177,0.034678935356538765,0.8834287455537979,11,0,275,1100.0,0.9181076809103367,0.6007261197534177,0.034678935356538765,0.8834287455537979,11,0,275,1100.0,0.9181076809103367,0.6007261197534177,0.034678935356538765,0.8834287455537979
adder_n28,arithmetic,QASMBench (via DQC-NAC examples),28,195,97,11,4,18,18,SC5|p=0.002|r=10|rho=10,realistic,SC5,5,25,0.002,10.0,10,1,0.0032480946242971235,0.0,0.0089771927017271,0.0002379015985281741,OPTIMAL/OPTIMAL,13.52,2,OPTIMAL,0.78,2.0007970391463874,0.004,0.010309278350515464,0.06598984771573604,0.05641025641025641,11,0,275,295,2.0007962447099867,0.8647724338764572,0.03572904086726836,1.9650672038427182,0,2,50,301,2.0229890577989056,0.8677404577594379,0.0179543854034542,2.0050346723954515,11,0,275,295,2.0007962447099867,0.8647724338764572,0.03572904086726836,1.9650672038427182,0,2,50,301,2.0229890577989056,0.8677404577594379,0.0179543854034542,2.0050346723954515,0,2,50,301,2.0229890577989056,0.8677404577594379,0.0179543854034542,2.0050346723954515,0,2,50,301,2.0229890577989056,0.8677404577594379,0.0179543854034542,2.0050346723954515,0,2,50,301,2.0229890577989056,0.8677404577594379,0.0179543854034542,2.0050346723954515,0,2,50,301,2.0229890577989056,0.8677404577594379,0.0179543854034542,2.0050346723954515,5,1,150,298,2.0102686039422974,0.8660473103843543,0.02521766582321272,1.9850509381190846,5,1,150,298,2.0102686039422974,0.8660473103843543,0.02521766582321272,1.9850509381190846,5,1,150,298,2.0102686039422974,0.8660473103843543,0.02521766582321272,1.9850509381190846,5,1,150,298,2.0102686039422974,0.8660473103843543,0.02521766582321272,1.9850509381190846,5,1,150,298,2.0102686039422974,0.8660473103843543,0.02521766582321272,1.9850509381190846,5,1,150,298,2.0102686039422974,0.8660473103843543,0.02521766582321272,1.9850509381190846,11,0,275,295,2.0007962447099867,0.8647724338764572,0.03572904086726836,1.9650672038427182,11,0,275,295,2.0007962447099867,0.8647724338764572,0.03572904086726836,1.9650672038427182,11,0,275,295,2.0007962447099867,0.8647724338764572,0.03572904086726836,1.9650672038427182,11,0,275,295,2.0007962447099867,0.8647724338764572,0.03572904086726836,1.9650672038427182,11,0,275,295,2.0007962447099867,0.8647724338764572,0.03572904086726836,1.9650672038427182,11,0,275,295,2.0007962447099867,0.8647724338764572,0.03572904086726836,1.9650672038427182,11,0,275,295,2.0007962447099867,0.8647724338764572,0.03572904086726836,1.9650672038427182,11,0,275,295,2.0007962447099867,0.8647724338764572,0.03572904086726836,1.9650672038427182,11,0,275,295,2.0007962447099867,0.8647724338764572,0.03572904086726836,1.9650672038427182,11,0,275,295,2.0007962447099867,0.8647724338764572,0.03572904086726836,1.9650672038427182,11,0,275,295,2.0007962447099867,0.8647724338764572,0.03572904086726836,1.9650672038427182,11,0,275,295,2.0007962447099867,0.8647724338764572,0.03572904086726836,1.9650672038427182,11,0,275,295,2.0007962447099867,0.8647724338764572,0.03572904086726836,1.9650672038427182,11,0,275,295,2.0007962447099867,0.8647724338764572,0.03572904086726836,1.9650672038427182,11,0,275,295,2.0007962447099867,0.8647724338764572,0.03572904086726836,1.9650672038427182,11,0,275,295,2.0007962447099867,0.8647724338764572,0.03572904086726836,1.9650672038427182,11,0,275,295,2.0007962447099867,0.8647724338764572,0.03572904086726836,1.9650672038427182,11,0,275,295,2.0007962447099867,0.8647724338764572,0.03572904086726836,1.9650672038427182,11,0,275,295,2.0007962447099867,0.8647724338764572,0.03572904086726836,1.9650672038427182
adder_n28,arithmetic,QASMBench (via DQC-NAC examples),28,195,97,11,4,18,18,SC5|p=0.002|r=10|rho=100,realistic,SC5,5,25,0.002,10.0,100,1,0.0032480946242971235,0.0,0.0089771927017271,0.0002379015985281741,OPTIMAL/OPTIMAL,13.57,2,OPTIMAL,4.66,2.0229898983576495,0.004,0.0,0.0,0.0,11,0,275,1100.0,7.363098275535031,0.9993657696082017,0.03572904086726836,7.327369234667763,0,2,50,301,2.0229890577989056,0.8677404577594379,0.0179543854034542,2.0050346723954515,0,2,50,301,2.0229890577989056,0.8677404577594379,0.0179543854034542,2.0050346723954515,0,2,50,301,2.0229890577989056,0.8677404577594379,0.0179543854034542,2.0050346723954515,0,2,50,301,2.0229890577989056,0.8677404577594379,0.0179543854034542,2.0050346723954515,0,2,50,301,2.0229890577989056,0.8677404577594379,0.0179543854034542,2.0050346723954515,0,2,50,301,2.0229890577989056,0.8677404577594379,0.0179543854034542,2.0050346723954515,0,2,50,301,2.0229890577989056,0.8677404577594379,0.0179543854034542,2.0050346723954515,5,1,150,600.0,4.021964521096538,0.9820822694182149,0.02521766582321272,3.996746855273325,5,1,150,600.0,4.021964521096538,0.9820822694182149,0.02521766582321272,3.996746855273325,5,1,150,600.0,4.021964521096538,0.9820822694182149,0.02521766582321272,3.996746855273325,5,1,150,600.0,4.021964521096538,0.9820822694182149,0.02521766582321272,3.996746855273325,5,1,150,600.0,4.021964521096538,0.9820822694182149,0.02521766582321272,3.996746855273325,5,1,150,600.0,4.021964521096538,0.9820822694182149,0.02521766582321272,3.996746855273325,11,0,275,1100.0,7.363098275535031,0.9993657696082017,0.03572904086726836,7.327369234667763,11,0,275,1100.0,7.363098275535031,0.9993657696082017,0.03572904086726836,7.327369234667763,11,0,275,1100.0,7.363098275535031,0.9993657696082017,0.03572904086726836,7.327369234667763,11,0,275,1100.0,7.363098275535031,0.9993657696082017,0.03572904086726836,7.327369234667763,11,0,275,1100.0,7.363098275535031,0.9993657696082017,0.03572904086726836,7.327369234667763,11,0,275,1100.0,7.363098275535031,0.9993657696082017,0.03572904086726836,7.327369234667763,11,0,275,1100.0,7.363098275535031,0.9993657696082017,0.03572904086726836,7.327369234667763,11,0,275,1100.0,7.363098275535031,0.9993657696082017,0.03572904086726836,7.327369234667763,11,0,275,1100.0,7.363098275535031,0.9993657696082017,0.03572904086726836,7.327369234667763,11,0,275,1100.0,7.363098275535031,0.9993657696082017,0.03572904086726836,7.327369234667763,11,0,275,1100.0,7.363098275535031,0.9993657696082017,0.03572904086726836,7.327369234667763,11,0,275,1100.0,7.363098275535031,0.9993657696082017,0.03572904086726836,7.327369234667763,11,0,275,1100.0,7.363098275535031,0.9993657696082017,0.03572904086726836,7.327369234667763,11,0,275,1100.0,7.363098275535031,0.9993657696082017,0.03572904086726836,7.327369234667763,11,0,275,1100.0,7.363098275535031,0.9993657696082017,0.03572904086726836,7.327369234667763,11,0,275,1100.0,7.363098275535031,0.9993657696082017,0.03572904086726836,7.327369234667763,11,0,275,1100.0,7.363098275535031,0.9993657696082017,0.03572904086726836,7.327369234667763,11,0,275,1100.0,7.363098275535031,0.9993657696082017,0.03572904086726836,7.327369234667763,11,0,275,1100.0,7.363098275535031,0.9993657696082017,0.03572904086726836,7.327369234667763
adder_n28,arithmetic,QASMBench (via DQC-NAC examples),28,195,97,11,4,18,18,SC5|p=0.002|r=30|rho=10,realistic,SC5,5,25,0.002,30.0,10,1,0.017467932906043773,0.0,0.031064157235436735,0.0001993039102874015,OPTIMAL/OPTIMAL,13.92,2,OPTIMAL,2.11,1.741864992965443,0.004,0.0,0.0,0.0,11,0,275,295,1.838397560940418,0.8409278746306216,0.19214726196648152,1.6462502989739365,0,2,50,301,1.7418616703730936,0.8248060565406095,0.06212831447087347,1.67973335590222,0,2,50,301,1.7418616703730936,0.8248060565406095,0.06212831447087347,1.67973335590222,0,2,50,301,1.7418616703730936,0.8248060565406095,0.06212831447087347,1.67973335590222,0,2,50,301,1.7418616703730936,0.8248060565406095,0.06212831447087347,1.67973335590222,0,2,50,301,1.7418616703730936,0.8248060565406095,0.06212831447087347,1.67973335590222,0,2,50,301,1.7418616703730936,0.8248060565406095,0.06212831447087347,1.67973335590222,0,2,50,301,1.7418616703730936,0.8248060565406095,0.06212831447087347,1.67973335590222,5,1,150,298,1.7813956492037337,0.8315970482639533,0.1184038217656556,1.6629918274380782,5,1,150,298,1.7813956492037337,0.8315970482639533,0.1184038217656556,1.6629918274380782,5,1,150,298,1.7813956492037337,0.8315970482639533,0.1184038217656556,1.6629918274380782,5,1,150,298,1.7813956492037337,0.8315970482639533,0.1184038217656556,1.6629918274380782,5,1,150,298,1.7813956492037337,0.8315970482639533,0.1184038217656556,1.6629918274380782,5,1,150,298,1.7813956492037337,0.8315970482639533,0.1184038217656556,1.6629918274380782,11,0,275,295,1.838397560940418,0.8409278746306216,0.19214726196648152,1.6462502989739365,11,0,275,295,1.838397560940418,0.8409278746306216,0.19214726196648152,1.6462502989739365,11,0,275,295,1.838397560940418,0.8409278746306216,0.19214726196648152,1.6462502989739365,11,0,275,295,1.838397560940418,0.8409278746306216,0.19214726196648152,1.6462502989739365,11,0,275,295,1.838397560940418,0.8409278746306216,0.19214726196648152,1.6462502989739365,11,0,275,295,1.838397560940418,0.8409278746306216,0.19214726196648152,1.6462502989739365,11,0,275,295,1.838397560940418,0.8409278746306216,0.19214726196648152,1.6462502989739365,11,0,275,295,1.838397560940418,0.8409278746306216,0.19214726196648152,1.6462502989739365,11,0,275,295,1.838397560940418,0.8409278746306216,0.19214726196648152,1.6462502989739365,11,0,275,295,1.838397560940418,0.8409278746306216,0.19214726196648152,1.6462502989739365,11,0,275,295,1.838397560940418,0.8409278746306216,0.19214726196648152,1.6462502989739365,11,0,275,295,1.838397560940418,0.8409278746306216,0.19214726196648152,1.6462502989739365,11,0,275,295,1.838397560940418,0.8409278746306216,0.19214726196648152,1.6462502989739365,11,0,275,295,1.838397560940418,0.8409278746306216,0.19214726196648152,1.6462502989739365,11,0,275,295,1.838397560940418,0.8409278746306216,0.19214726196648152,1.6462502989739365,11,0,275,295,1.838397560940418,0.8409278746306216,0.19214726196648152,1.6462502989739365,11,0,275,295,1.838397560940418,0.8409278746306216,0.19214726196648152,1.6462502989739365,11,0,275,295,1.838397560940418,0.8409278746306216,0.19214726196648152,1.6462502989739365,11,0,275,295,1.838397560940418,0.8409278746306216,0.19214726196648152,1.6462502989739365
adder_n28,arithmetic,QASMBench (via DQC-NAC examples),28,195,97,11,4,18,18,SC5|p=0.002|r=30|rho=100,realistic,SC5,5,25,0.002,30.0,100,1,0.017467932906043773,0.0,0.031064157235436735,0.0001993039102874015,OPTIMAL/OPTIMAL,13.92,2,OPTIMAL,2.78,1.741864992965443,0.004,0.0,0.0,0.0,11,0,275,1100.0,6.330707698818448,0.9982192269279418,0.19214726196648152,6.138560436851966,0,2,50,301,1.7418616703730936,0.8248060565406095,0.06212831447087347,1.67973335590222,0,2,50,301,1.7418616703730936,0.8248060565406095,0.06212831447087347,1.67973335590222,0,2,50,301,1.7418616703730936,0.8248060565406095,0.06212831447087347,1.67973335590222,0,2,50,301,1.7418616703730936,0.8248060565406095,0.06212831447087347,1.67973335590222,0,2,50,301,1.7418616703730936,0.8248060565406095,0.06212831447087347,1.67973335590222,0,2,50,301,1.7418616703730936,0.8248060565406095,0.06212831447087347,1.67973335590222,0,2,50,301,1.7418616703730936,0.8248060565406095,0.06212831447087347,1.67973335590222,5,1,150,600.0,3.466709514594001,0.9687804105621278,0.1184038217656556,3.3483056928283452,5,1,150,600.0,3.466709514594001,0.9687804105621278,0.1184038217656556,3.3483056928283452,5,1,150,600.0,3.466709514594001,0.9687804105621278,0.1184038217656556,3.3483056928283452,5,1,150,600.0,3.466709514594001,0.9687804105621278,0.1184038217656556,3.3483056928283452,5,1,150,600.0,3.466709514594001,0.9687804105621278,0.1184038217656556,3.3483056928283452,5,1,150,600.0,3.466709514594001,0.9687804105621278,0.1184038217656556,3.3483056928283452,11,0,275,1100.0,6.330707698818448,0.9982192269279418,0.19214726196648152,6.138560436851966,11,0,275,1100.0,6.330707698818448,0.9982192269279418,0.19214726196648152,6.138560436851966,11,0,275,1100.0,6.330707698818448,0.9982192269279418,0.19214726196648152,6.138560436851966,11,0,275,1100.0,6.330707698818448,0.9982192269279418,0.19214726196648152,6.138560436851966,11,0,275,1100.0,6.330707698818448,0.9982192269279418,0.19214726196648152,6.138560436851966,11,0,275,1100.0,6.330707698818448,0.9982192269279418,0.19214726196648152,6.138560436851966,11,0,275,1100.0,6.330707698818448,0.9982192269279418,0.19214726196648152,6.138560436851966,11,0,275,1100.0,6.330707698818448,0.9982192269279418,0.19214726196648152,6.138560436851966,11,0,275,1100.0,6.330707698818448,0.9982192269279418,0.19214726196648152,6.138560436851966,11,0,275,1100.0,6.330707698818448,0.9982192269279418,0.19214726196648152,6.138560436851966,11,0,275,1100.0,6.330707698818448,0.9982192269279418,0.19214726196648152,6.138560436851966,11,0,275,1100.0,6.330707698818448,0.9982192269279418,0.19214726196648152,6.138560436851966,11,0,275,1100.0,6.330707698818448,0.9982192269279418,0.19214726196648152,6.138560436851966,11,0,275,1100.0,6.330707698818448,0.9982192269279418,0.19214726196648152,6.138560436851966,11,0,275,1100.0,6.330707698818448,0.9982192269279418,0.19214726196648152,6.138560436851966,11,0,275,1100.0,6.330707698818448,0.9982192269279418,0.19214726196648152,6.138560436851966,11,0,275,1100.0,6.330707698818448,0.9982192269279418,0.19214726196648152,6.138560436851966,11,0,275,1100.0,6.330707698818448,0.9982192269279418,0.19214726196648152,6.138560436851966,11,0,275,1100.0,6.330707698818448,0.9982192269279418,0.19214726196648152,6.138560436851966
adder_n28,arithmetic,QASMBench (via DQC-NAC examples),28,195,97,11,4,18,18,SC7|p=0.001|r=10|rho=10,realistic,SC7,7,49,0.001,10.0,10,0,0.00013916666666666662,0.00010250000000000045,0.00027916666666666584,1.805555555555555e-06,OPTIMAL/OPTIMAL,13.73,2,OPTIMAL,0.39,0.03530476027500004,0.004,0.010309278350515464,0.06598984771573604,0.05641025641025641,11,0,539,295,0.0353047222222223,0.03468878034426779,0.020390833333333414,0.014913888888888886,0,2,98,301,0.03576305555555563,0.0351311132775694,0.020545833333333416,0.015217222222222219,11,0,539,295,0.0353047222222223,0.03468878034426779,0.020390833333333414,0.014913888888888886,0,2,98,301,0.03576305555555563,0.0351311132775694,0.020545833333333416,0.015217222222222219,0,2,98,301,0.03576305555555563,0.0351311132775694,0.020545833333333416,0.015217222222222219,0,2,98,301,0.03576305555555563,0.0351311132775694,0.020545833333333416,0.015217222222222219,0,2,98,301,0.03576305555555563,0.0351311132775694,0.020545833333333416,0.015217222222222219,0,2,98,301,0.03576305555555563,0.0351311132775694,0.020545833333333416,0.015217222222222219,5,1,294,298,0.03551555555555564,0.03489227867354253,0.020450000000000086,0.015065555555555553,5,1,294,298,0.03551555555555564,0.03489227867354253,0.020450000000000086,0.015065555555555553,5,1,294,298,0.03551555555555564,0.03489227867354253,0.020450000000000086,0.015065555555555553,5,1,294,298,0.03551555555555564,0.03489227867354253,0.020450000000000086,0.015065555555555553,5,1,294,298,0.03551555555555564,0.03489227867354253,0.020450000000000086,0.015065555555555553,5,1,294,298,0.03551555555555564,0.03489227867354253,0.020450000000000086,0.015065555555555553,11,0,539,295,0.0353047222222223,0.03468878034426779,0.020390833333333414,0.014913888888888886,11,0,539,295,0.0353047222222223,0.03468878034426779,0.020390833333333414,0.014913888888888886,11,0,539,295,0.0353047222222223,0.03468878034426779,0.020390833333333414,0.014913888888888886,11,0,539,295,0.0353047222222223,0.03468878034426779,0.020390833333333414,0.014913888888888886,11,0,539,295,0.0353047222222223,0.03468878034426779,0.020390833333333414,0.014913888888888886,11,0,539,295,0.0353047222222223,0.03468878034426779,0.020390833333333414,0.014913888888888886,11,0,539,295,0.0353047222222223,0.03468878034426779,0.020390833333333414,0.014913888888888886,11,0,539,295,0.0353047222222223,0.03468878034426779,0.020390833333333414,0.014913888888888886,11,0,539,295,0.0353047222222223,0.03468878034426779,0.020390833333333414,0.014913888888888886,11,0,539,295,0.0353047222222223,0.03468878034426779,0.020390833333333414,0.014913888888888886,11,0,539,295,0.0353047222222223,0.03468878034426779,0.020390833333333414,0.014913888888888886,11,0,539,295,0.0353047222222223,0.03468878034426779,0.020390833333333414,0.014913888888888886,11,0,539,295,0.0353047222222223,0.03468878034426779,0.020390833333333414,0.014913888888888886,11,0,539,295,0.0353047222222223,0.03468878034426779,0.020390833333333414,0.014913888888888886,11,0,539,295,0.0353047222222223,0.03468878034426779,0.020390833333333414,0.014913888888888886,11,0,539,295,0.0353047222222223,0.03468878034426779,0.020390833333333414,0.014913888888888886,11,0,539,295,0.0353047222222223,0.03468878034426779,0.020390833333333414,0.014913888888888886,11,0,539,295,0.0353047222222223,0.03468878034426779,0.020390833333333414,0.014913888888888886,11,0,539,295,0.0353047222222223,0.03468878034426779,0.020390833333333414,0.014913888888888886
adder_n28,arithmetic,QASMBench (via DQC-NAC examples),28,195,97,11,4,18,18,SC7|p=0.001|r=10|rho=100,realistic,SC7,7,49,0.001,10.0,100,0,0.00013916666666666662,0.00010250000000000045,0.00027916666666666584,1.805555555555555e-06,OPTIMAL/OPTIMAL,13.59,2,OPTIMAL,1.84,0.03576309527083337,0.004,0.0,0.0,0.0,11,0,539,1100.0,0.07600194444444451,0.07318559558148961,0.020390833333333414,0.0556111111111111,0,2,98,301,0.03576305555555563,0.0351311132775694,0.020545833333333416,0.015217222222222219,0,2,98,301,0.03576305555555563,0.0351311132775694,0.020545833333333416,0.015217222222222219,0,2,98,301,0.03576305555555563,0.0351311132775694,0.020545833333333416,0.015217222222222219,0,2,98,301,0.03576305555555563,0.0351311132775694,0.020545833333333416,0.015217222222222219,0,2,98,301,0.03576305555555563,0.0351311132775694,0.020545833333333416,0.015217222222222219,0,2,98,301,0.03576305555555563,0.0351311132775694,0.020545833333333416,0.015217222222222219,0,2,98,301,0.03576305555555563,0.0351311132775694,0.020545833333333416,0.015217222222222219,5,1,294,600.0,0.050783333333333416,0.04951541344886131,0.020450000000000086,0.030333333333333327,5,1,294,600.0,0.050783333333333416,0.04951541344886131,0.020450000000000086,0.030333333333333327,5,1,294,600.0,0.050783333333333416,0.04951541344886131,0.020450000000000086,0.030333333333333327,5,1,294,600.0,0.050783333333333416,0.04951541344886131,0.020450000000000086,0.030333333333333327,5,1,294,600.0,0.050783333333333416,0.04951541344886131,0.020450000000000086,0.030333333333333327,5,1,294,600.0,0.050783333333333416,0.04951541344886131,0.020450000000000086,0.030333333333333327,11,0,539,1100.0,0.07600194444444451,0.07318559558148961,0.020390833333333414,0.0556111111111111,11,0,539,1100.0,0.07600194444444451,0.07318559558148961,0.020390833333333414,0.0556111111111111,11,0,539,1100.0,0.07600194444444451,0.07318559558148961,0.020390833333333414,0.0556111111111111,11,0,539,1100.0,0.07600194444444451,0.07318559558148961,0.020390833333333414,0.0556111111111111,11,0,539,1100.0,0.07600194444444451,0.07318559558148961,0.020390833333333414,0.0556111111111111,11,0,539,1100.0,0.07600194444444451,0.07318559558148961,0.020390833333333414,0.0556111111111111,11,0,539,1100.0,0.07600194444444451,0.07318559558148961,0.020390833333333414,0.0556111111111111,11,0,539,1100.0,0.07600194444444451,0.07318559558148961,0.020390833333333414,0.0556111111111111,11,0,539,1100.0,0.07600194444444451,0.07318559558148961,0.020390833333333414,0.0556111111111111,11,0,539,1100.0,0.07600194444444451,0.07318559558148961,0.020390833333333414,0.0556111111111111,11,0,539,1100.0,0.07600194444444451,0.07318559558148961,0.020390833333333414,0.0556111111111111,11,0,539,1100.0,0.07600194444444451,0.07318559558148961,0.020390833333333414,0.0556111111111111,11,0,539,1100.0,0.07600194444444451,0.07318559558148961,0.020390833333333414,0.0556111111111111,11,0,539,1100.0,0.07600194444444451,0.07318559558148961,0.020390833333333414,0.0556111111111111,11,0,539,1100.0,0.07600194444444451,0.07318559558148961,0.020390833333333414,0.0556111111111111,11,0,539,1100.0,0.07600194444444451,0.07318559558148961,0.020390833333333414,0.0556111111111111,11,0,539,1100.0,0.07600194444444451,0.07318559558148961,0.020390833333333414,0.0556111111111111,11,0,539,1100.0,0.07600194444444451,0.07318559558148961,0.020390833333333414,0.0556111111111111,11,0,539,1100.0,0.07600194444444451,0.07318559558148961,0.020390833333333414,0.0556111111111111
ae_n24,qft,MQT Bench 2.3.0,24,585,135,288,3,15,15,SC5|p=0.001|r=10|rho=10,realistic,SC5,5,25,0.001,10.0,10,0,0.0003825200145869967,5.810310143125109e-05,0.0009810966318486132,2.8691623476531386e-05,FEASIBLE/FEASIBLE,70.18,45,FEASIBLE,30.09,0.31631604771661503,0.02,0.0,0.0,0.0,288,0,7200,2880.0,2.1105874000239857,0.8788332278392035,0.12742238532613664,1.9831650146978492,0,45,1125,520,0.4362111237575812,0.3535187760186687,0.07813966277046949,0.3580714609871117,0,45,1125,520,0.4362111237575812,0.3535187760186687,0.07813966277046949,0.3580714609871117,0,45,1125,520,0.4362111237575812,0.3535187760186687,0.07813966277046949,0.3580714609871117,0,45,1125,520,0.4362111237575812,0.3535187760186687,0.07813966277046949,0.3580714609871117,83,33,2900,1160.0,0.8920679045668467,0.5901925667300064,0.09329310698021301,0.7987747975866337,83,33,2900,1160.0,0.8920679045668467,0.5901925667300064,0.09329310698021301,0.7987747975866337,104,25,3225,1290.0,0.9805497519351064,0.6248951724472431,0.09225708910169476,0.8882926628334117,104,25,3225,1290.0,0.9805497519351064,0.6248951724472431,0.09225708910169476,0.8882926628334117,258,3,6525,2610.0,1.917876462396936,0.8530813816829947,0.1206331678270101,1.797243294569926,258,3,6525,2610.0,1.917876462396936,0.8530813816829947,0.1206331678270101,1.797243294569926,288,0,7200,2880.0,2.1105874000239857,0.8788332278392035,0.12742238532613664,1.9831650146978492,288,0,7200,2880.0,2.1105874000239857,0.8788332278392035,0.12742238532613664,1.9831650146978492,288,0,7200,2880.0,2.1105874000239857,0.8788332278392035,0.12742238532613664,1.9831650146978492,288,0,7200,2880.0,2.1105874000239857,0.8788332278392035,0.12742238532613664,1.9831650146978492,288,0,7200,2880.0,2.1105874000239857,0.8788332278392035,0.12742238532613664,1.9831650146978492,288,0,7200,2880.0,2.1105874000239857,0.8788332278392035,0.12742238532613664,1.9831650146978492,288,0,7200,2880.0,2.1105874000239857,0.8788332278392035,0.12742238532613664,1.9831650146978492,288,0,7200,2880.0,2.1105874000239857,0.8788332278392035,0.12742238532613664,1.9831650146978492,288,0,7200,2880.0,2.1105874000239857,0.8788332278392035,0.12742238532613664,1.9831650146978492,288,0,7200,2880.0,2.1105874000239857,0.8788332278392035,0.12742238532613664,1.9831650146978492,288,0,7200,2880.0,2.1105874000239857,0.8788332278392035,0.12742238532613664,1.9831650146978492,288,0,7200,2880.0,2.1105874000239857,0.8788332278392035,0.12742238532613664,1.9831650146978492,288,0,7200,2880.0,2.1105874000239857,0.8788332278392035,0.12742238532613664,1.9831650146978492,288,0,7200,2880.0,2.1105874000239857,0.8788332278392035,0.12742238532613664,1.9831650146978492,288,0,7200,2880.0,2.1105874000239857,0.8788332278392035,0.12742238532613664,1.9831650146978492,288,0,7200,2880.0,2.1105874000239857,0.8788332278392035,0.12742238532613664,1.9831650146978492,288,0,7200,2880.0,2.1105874000239857,0.8788332278392035,0.12742238532613664,1.9831650146978492,288,0,7200,2880.0,2.1105874000239857,0.8788332278392035,0.12742238532613664,1.9831650146978492,288,0,7200,2880.0,2.1105874000239857,0.8788332278392035,0.12742238532613664,1.9831650146978492,288,0,7200,2880.0,2.1105874000239857,0.8788332278392035,0.12742238532613664,1.9831650146978492,288,0,7200,2880.0,2.1105874000239857,0.8788332278392035,0.12742238532613664,1.9831650146978492,288,0,7200,2880.0,2.1105874000239857,0.8788332278392035,0.12742238532613664,1.9831650146978492
ae_n24,qft,MQT Bench 2.3.0,24,585,135,288,3,15,15,SC5|p=0.001|r=10|rho=100,realistic,SC5,5,25,0.001,10.0,100,0,0.0003825200145869967,5.810310143125109e-05,0.0009810966318486132,2.8691623476531386e-05,FEASIBLE/FEASIBLE,70.2,45,FEASIBLE,30.09,0.31631604771661503,0.02,0.0,0.0,0.0,288,0,7200,28800.0,19.95907253230463,0.9999999978527385,0.12742238532613664,19.831650146978493,0,45,1125,4500.0,3.176834998235859,0.9582825177004246,0.07813966277046949,3.0986953354653894,0,45,1125,4500.0,3.176834998235859,0.9582825177004246,0.07813966277046949,3.0986953354653894,0,45,1125,4500.0,3.176834998235859,0.9582825177004246,0.07813966277046949,3.0986953354653894,0,45,1125,4500.0,3.176834998235859,0.9582825177004246,0.07813966277046949,3.0986953354653894,83,33,2900,11600.0,8.08104108284655,0.9996906511900236,0.09329310698021301,7.987747975866338,83,33,2900,11600.0,8.08104108284655,0.9996906511900236,0.09329310698021301,7.987747975866338,104,25,3225,12900.0,8.975183717435812,0.9998734893062043,0.09225708910169476,8.882926628334117,104,25,3225,12900.0,8.975183717435812,0.9998734893062043,0.09225708910169476,8.882926628334117,258,3,6525,26100.0,18.09306611352627,0.9999999861234589,0.1206331678270101,17.97243294569926,258,3,6525,26100.0,18.09306611352627,0.9999999861234589,0.1206331678270101,17.97243294569926,288,0,7200,28800.0,19.95907253230463,0.9999999978527385,0.12742238532613664,19.831650146978493,288,0,7200,28800.0,19.95907253230463,0.9999999978527385,0.12742238532613664,19.831650146978493,288,0,7200,28800.0,19.95907253230463,0.9999999978527385,0.12742238532613664,19.831650146978493,288,0,7200,28800.0,19.95907253230463,0.9999999978527385,0.12742238532613664,19.831650146978493,288,0,7200,28800.0,19.95907253230463,0.9999999978527385,0.12742238532613664,19.831650146978493,288,0,7200,28800.0,19.95907253230463,0.9999999978527385,0.12742238532613664,19.831650146978493,288,0,7200,28800.0,19.95907253230463,0.9999999978527385,0.12742238532613664,19.831650146978493,288,0,7200,28800.0,19.95907253230463,0.9999999978527385,0.12742238532613664,19.831650146978493,288,0,7200,28800.0,19.95907253230463,0.9999999978527385,0.12742238532613664,19.831650146978493,288,0,7200,28800.0,19.95907253230463,0.9999999978527385,0.12742238532613664,19.831650146978493,288,0,7200,28800.0,19.95907253230463,0.9999999978527385,0.12742238532613664,19.831650146978493,288,0,7200,28800.0,19.95907253230463,0.9999999978527385,0.12742238532613664,19.831650146978493,288,0,7200,28800.0,19.95907253230463,0.9999999978527385,0.12742238532613664,19.831650146978493,288,0,7200,28800.0,19.95907253230463,0.9999999978527385,0.12742238532613664,19.831650146978493,288,0,7200,28800.0,19.95907253230463,0.9999999978527385,0.12742238532613664,19.831650146978493,288,0,7200,28800.0,19.95907253230463,0.9999999978527385,0.12742238532613664,19.831650146978493,288,0,7200,28800.0,19.95907253230463,0.9999999978527385,0.12742238532613664,19.831650146978493,288,0,7200,28800.0,19.95907253230463,0.9999999978527385,0.12742238532613664,19.831650146978493,288,0,7200,28800.0,19.95907253230463,0.9999999978527385,0.12742238532613664,19.831650146978493,288,0,7200,28800.0,19.95907253230463,0.9999999978527385,0.12742238532613664,19.831650146978493,288,0,7200,28800.0,19.95907253230463,0.9999999978527385,0.12742238532613664,19.831650146978493,288,0,7200,28800.0,19.95907253230463,0.9999999978527385,0.12742238532613664,19.831650146978493
ae_n24,qft,MQT Bench 2.3.0,24,585,135,288,3,15,15,SC5|p=0.001|r=30|rho=10,realistic,SC5,5,25,0.001,30.0,10,1,0.0031526304869580694,0.0,0.005366132781095331,2.868275147901941e-05,FEASIBLE/FEASIBLE,70.2,45,FEASIBLE,30.13,0.28223728073847343,0.02,0.0,0.0,0.0,288,0,7200,2880.0,2.8905093624737455,0.9444520886172503,0.9079575802439239,1.9825517822298215,0,45,1125,520,0.5994367136074521,0.45087913869628965,0.2414759751492899,0.35796073845816223,0,45,1125,520,0.5994367136074521,0.45087913869628965,0.2414759751492899,0.35796073845816223,0,45,1125,520,0.5994367136074521,0.45087913869628965,0.2414759751492899,0.35796073845816223,0,45,1125,520,0.5994367136074521,0.45087913869628965,0.2414759751492899,0.35796073845816223,83,33,2900,1160.0,1.237278513369566,0.709827154147355,0.4387507121936657,0.7985278011759004,83,33,2900,1160.0,1.237278513369566,0.709827154147355,0.4387507121936657,0.7985278011759004,104,25,3225,1290.0,1.3500448759614634,0.7407713727490232,0.4620268901710225,0.8880179857904409,104,25,3225,1290.0,1.3500448759614634,0.7407713727490232,0.4620268901710225,0.8880179857904409,258,3,6525,2610.0,2.6261646166242434,0.9276445584039363,0.8294770639784679,1.7966875526457757,258,3,6525,2610.0,2.6261646166242434,0.9276445584039363,0.8294770639784679,1.7966875526457757,288,0,7200,2880.0,2.8905093624737455,0.9444520886172503,0.9079575802439239,1.9825517822298215,288,0,7200,2880.0,2.8905093624737455,0.9444520886172503,0.9079575802439239,1.9825517822298215,288,0,7200,2880.0,2.8905093624737455,0.9444520886172503,0.9079575802439239,1.9825517822298215,288,0,7200,2880.0,2.8905093624737455,0.9444520886172503,0.9079575802439239,1.9825517822298215,288,0,7200,2880.0,2.8905093624737455,0.9444520886172503,0.9079575802439239,1.9825517822298215,288,0,7200,2880.0,2.8905093624737455,0.9444520886172503,0.9079575802439239,1.9825517822298215,288,0,7200,2880.0,2.8905093624737455,0.9444520886172503,0.9079575802439239,1.9825517822298215,288,0,7200,2880.0,2.8905093624737455,0.9444520886172503,0.9079575802439239,1.9825517822298215,288,0,7200,2880.0,2.8905093624737455,0.9444520886172503,0.9079575802439239,1.9825517822298215,288,0,7200,2880.0,2.8905093624737455,0.9444520886172503,0.9079575802439239,1.9825517822298215,288,0,7200,2880.0,2.8905093624737455,0.9444520886172503,0.9079575802439239,1.9825517822298215,288,0,7200,2880.0,2.8905093624737455,0.9444520886172503,0.9079575802439239,1.9825517822298215,288,0,7200,2880.0,2.8905093624737455,0.9444520886172503,0.9079575802439239,1.9825517822298215,288,0,7200,2880.0,2.8905093624737455,0.9444520886172503,0.9079575802439239,1.9825517822298215,288,0,7200,2880.0,2.8905093624737455,0.9444520886172503,0.9079575802439239,1.9825517822298215,288,0,7200,2880.0,2.8905093624737455,0.9444520886172503,0.9079575802439239,1.9825517822298215,288,0,7200,2880.0,2.8905093624737455,0.9444520886172503,0.9079575802439239,1.9825517822298215,288,0,7200,2880.0,2.8905093624737455,0.9444520886172503,0.9079575802439239,1.9825517822298215,288,0,7200,2880.0,2.8905093624737455,0.9444520886172503,0.9079575802439239,1.9825517822298215,288,0,7200,2880.0,2.8905093624737455,0.9444520886172503,0.9079575802439239,1.9825517822298215,288,0,7200,2880.0,2.8905093624737455,0.9444520886172503,0.9079575802439239,1.9825517822298215,288,0,7200,2880.0,2.8905093624737455,0.9444520886172503,0.9079575802439239,1.9825517822298215
ae_n24,qft,MQT Bench 2.3.0,24,585,135,288,3,15,15,SC5|p=0.001|r=30|rho=100,realistic,SC5,5,25,0.001,30.0,100,1,0.0031526304869580694,0.0,0.005366132781095331,2.868275147901941e-05,FEASIBLE/FEASIBLE,70.19,45,FEASIBLE,30.1,0.28223728073847343,0.02,0.0,0.0,0.0,288,0,7200,28800.0,20.73347540254214,0.9999999990101576,0.9079575802439239,19.825517822298217,0,45,1125,4500.0,3.3392131348833862,0.9645351471991382,0.2414759751492899,3.097737159734096,0,45,1125,4500.0,3.3392131348833862,0.9645351471991382,0.2414759751492899,3.097737159734096,0,45,1125,4500.0,3.3392131348833862,0.9645351471991382,0.2414759751492899,3.097737159734096,0,45,1125,4500.0,3.3392131348833862,0.9645351471991382,0.2414759751492899,3.097737159734096,83,33,2900,11600.0,8.42402872395267,0.999780471550628,0.4387507121936657,7.985278011759004,83,33,2900,11600.0,8.42402872395267,0.999780471550628,0.4387507121936657,7.985278011759004,104,25,3225,12900.0,9.342206748075432,0.9999123541896995,0.4620268901710225,8.880179857904409,104,25,3225,12900.0,9.342206748075432,0.9999123541896995,0.4620268901710225,8.880179857904409,258,3,6525,26100.0,18.79635259043623,0.9999999931317232,0.8294770639784679,17.96687552645776,258,3,6525,26100.0,18.79635259043623,0.9999999931317232,0.8294770639784679,17.96687552645776,288,0,7200,28800.0,20.73347540254214,0.9999999990101576,0.9079575802439239,19.825517822298217,288,0,7200,28800.0,20.73347540254214,0.9999999990101576,0.9079575802439239,19.825517822298217,288,0,7200,28800.0,20.73347540254214,0.9999999990101576,0.9079575802439239,19.825517822298217,288,0,7200,28800.0,20.73347540254214,0.9999999990101576,0.9079575802439239,19.825517822298217,288,0,7200,28800.0,20.73347540254214,0.9999999990101576,0.9079575802439239,19.825517822298217,288,0,7200,28800.0,20.73347540254214,0.9999999990101576,0.9079575802439239,19.825517822298217,288,0,7200,28800.0,20.73347540254214,0.9999999990101576,0.9079575802439239,19.825517822298217,288,0,7200,28800.0,20.73347540254214,0.9999999990101576,0.9079575802439239,19.825517822298217,288,0,7200,28800.0,20.73347540254214,0.9999999990101576,0.9079575802439239,19.825517822298217,288,0,7200,28800.0,20.73347540254214,0.9999999990101576,0.9079575802439239,19.825517822298217,288,0,7200,28800.0,20.73347540254214,0.9999999990101576,0.9079575802439239,19.825517822298217,288,0,7200,28800.0,20.73347540254214,0.9999999990101576,0.9079575802439239,19.825517822298217,288,0,7200,28800.0,20.73347540254214,0.9999999990101576,0.9079575802439239,19.825517822298217,288,0,7200,28800.0,20.73347540254214,0.9999999990101576,0.9079575802439239,19.825517822298217,288,0,7200,28800.0,20.73347540254214,0.9999999990101576,0.9079575802439239,19.825517822298217,288,0,7200,28800.0,20.73347540254214,0.9999999990101576,0.9079575802439239,19.825517822298217,288,0,7200,28800.0,20.73347540254214,0.9999999990101576,0.9079575802439239,19.825517822298217,288,0,7200,28800.0,20.73347540254214,0.9999999990101576,0.9079575802439239,19.825517822298217,288,0,7200,28800.0,20.73347540254214,0.9999999990101576,0.9079575802439239,19.825517822298217,288,0,7200,28800.0,20.73347540254214,0.9999999990101576,0.9079575802439239,19.825517822298217,288,0,7200,28800.0,20.73347540254214,0.9999999990101576,0.9079575802439239,19.825517822298217,288,0,7200,28800.0,20.73347540254214,0.9999999990101576,0.9079575802439239,19.825517822298217
ae_n24,qft,MQT Bench 2.3.0,24,585,135,288,3,15,15,SC5|p=0.002|r=10|rho=10,realistic,SC5,5,25,0.002,10.0,10,1,0.0032480946242971235,0.0,0.0089771927017271,0.0002379015985281741,FEASIBLE/FEASIBLE,70.19,45,FEASIBLE,30.09,2.340951659286482,0.02,0.0,0.0,0.0,288,0,7200,2880.0,17.379209742064965,0.9999999716661814,0.9354512517975716,16.443758490267395,0,45,1125,520,3.3729856212093323,0.9657128839661074,0.4039736715777195,2.969011949631613,0,45,1125,520,3.3729856212093323,0.9657128839661074,0.4039736715777195,2.969011949631613,0,45,1125,520,3.3729856212093323,0.9657128839661074,0.4039736715777195,2.969011949631613,0,45,1125,520,3.3729856212093323,0.9657128839661074,0.4039736715777195,2.969011949631613,83,33,2900,1160.0,7.189019715998022,0.9992451712955637,0.5658392129736556,6.623180503024367,83,33,2900,1160.0,7.189019715998022,0.9992451712955637,0.5658392129736556,6.623180503024367,104,25,3225,1290.0,7.927665148902348,0.9996393725579115,0.5622316584700784,7.36543349043227,104,25,3225,1290.0,7.927665148902348,0.9996393725579115,0.5622316584700784,7.36543349043227,258,3,6525,2610.0,15.767096122978666,0.9999998579513345,0.8649399911738392,14.902156131804826,258,3,6525,2610.0,15.767096122978666,0.9999998579513345,0.8649399911738392,14.902156131804826,288,0,7200,2880.0,17.379209742064965,0.9999999716661814,0.9354512517975716,16.443758490267395,288,0,7200,2880.0,17.379209742064965,0.9999999716661814,0.9354512517975716,16.443758490267395,288,0,7200,2880.0,17.379209742064965,0.9999999716661814,0.9354512517975716,16.443758490267395,288,0,7200,2880.0,17.379209742064965,0.9999999716661814,0.9354512517975716,16.443758490267395,288,0,7200,2880.0,17.379209742064965,0.9999999716661814,0.9354512517975716,16.443758490267395,288,0,7200,2880.0,17.379209742064965,0.9999999716661814,0.9354512517975716,16.443758490267395,288,0,7200,2880.0,17.379209742064965,0.9999999716661814,0.9354512517975716,16.443758490267395,288,0,7200,2880.0,17.379209742064965,0.9999999716661814,0.9354512517975716,16.443758490267395,288,0,7200,2880.0,17.379209742064965,0.9999999716661814,0.9354512517975716,16.443758490267395,288,0,7200,2880.0,17.379209742064965,0.9999999716661814,0.9354512517975716,16.443758490267395,288,0,7200,2880.0,17.379209742064965,0.9999999716661814,0.9354512517975716,16.443758490267395,288,0,7200,2880.0,17.379209742064965,0.9999999716661814,0.9354512517975716,16.443758490267395,288,0,7200,2880.0,17.379209742064965,0.9999999716661814,0.9354512517975716,16.443758490267395,288,0,7200,2880.0,17.379209742064965,0.9999999716661814,0.9354512517975716,16.443758490267395,288,0,7200,2880.0,17.379209742064965,0.9999999716661814,0.9354512517975716,16.443758490267395,288,0,7200,2880.0,17.379209742064965,0.9999999716661814,0.9354512517975716,16.443758490267395,288,0,7200,2880.0,17.379209742064965,0.9999999716661814,0.9354512517975716,16.443758490267395,288,0,7200,2880.0,17.379209742064965,0.9999999716661814,0.9354512517975716,16.443758490267395,288,0,7200,2880.0,17.379209742064965,0.9999999716661814,0.9354512517975716,16.443758490267395,288,0,7200,2880.0,17.379209742064965,0.9999999716661814,0.9354512517975716,16.443758490267395,288,0,7200,2880.0,17.379209742064965,0.9999999716661814,0.9354512517975716,16.443758490267395,288,0,7200,2880.0,17.379209742064965,0.9999999716661814,0.9354512517975716,16.443758490267395
ae_n24,qft,MQT Bench 2.3.0,24,585,135,288,3,15,15,SC5|p=0.002|r=10|rho=100,realistic,SC5,5,25,0.002,10.0,100,1,0.0032480946242971235,0.0,0.0089771927017271,0.0002379015985281741,FEASIBLE/FEASIBLE,70.2,45,FEASIBLE,30.09,2.340951659286482,0.02,0.0,0.0,0.0,288,0,7200,28800.0,165.3730361544715,1.0,0.9354512517975716,164.43758490267393,0,45,1125,4500.0,26.097346312620523,0.9999999999953648,0.4039736715777195,25.693372641042803,0,45,1125,4500.0,26.097346312620523,0.9999999999953648,0.4039736715777195,25.693372641042803,0,45,1125,4500.0,26.097346312620523,0.9999999999953648,0.4039736715777195,25.693372641042803,0,45,1125,4500.0,26.097346312620523,0.9999999999953648,0.4039736715777195,25.693372641042803,83,33,2900,11600.0,66.79764424321733,1.0,0.5658392129736556,66.23180503024368,83,33,2900,11600.0,66.79764424321733,1.0,0.5658392129736556,66.23180503024368,104,25,3225,12900.0,74.21656656279279,1.0,0.5622316584700784,73.65433490432271,104,25,3225,12900.0,74.21656656279279,1.0,0.5622316584700784,73.65433490432271,258,3,6525,26100.0,149.8865013092221,1.0,0.8649399911738392,149.02156131804827,258,3,6525,26100.0,149.8865013092221,1.0,0.8649399911738392,149.02156131804827,288,0,7200,28800.0,165.3730361544715,1.0,0.9354512517975716,164.43758490267393,288,0,7200,28800.0,165.3730361544715,1.0,0.9354512517975716,164.43758490267393,288,0,7200,28800.0,165.3730361544715,1.0,0.9354512517975716,164.43758490267393,288,0,7200,28800.0,165.3730361544715,1.0,0.9354512517975716,164.43758490267393,288,0,7200,28800.0,165.3730361544715,1.0,0.9354512517975716,164.43758490267393,288,0,7200,28800.0,165.3730361544715,1.0,0.9354512517975716,164.43758490267393,288,0,7200,28800.0,165.3730361544715,1.0,0.9354512517975716,164.43758490267393,288,0,7200,28800.0,165.3730361544715,1.0,0.9354512517975716,164.43758490267393,288,0,7200,28800.0,165.3730361544715,1.0,0.9354512517975716,164.43758490267393,288,0,7200,28800.0,165.3730361544715,1.0,0.9354512517975716,164.43758490267393,288,0,7200,28800.0,165.3730361544715,1.0,0.9354512517975716,164.43758490267393,288,0,7200,28800.0,165.3730361544715,1.0,0.9354512517975716,164.43758490267393,288,0,7200,28800.0,165.3730361544715,1.0,0.9354512517975716,164.43758490267393,288,0,7200,28800.0,165.3730361544715,1.0,0.9354512517975716,164.43758490267393,288,0,7200,28800.0,165.3730361544715,1.0,0.9354512517975716,164.43758490267393,288,0,7200,28800.0,165.3730361544715,1.0,0.9354512517975716,164.43758490267393,288,0,7200,28800.0,165.3730361544715,1.0,0.9354512517975716,164.43758490267393,288,0,7200,28800.0,165.3730361544715,1.0,0.9354512517975716,164.43758490267393,288,0,7200,28800.0,165.3730361544715,1.0,0.9354512517975716,164.43758490267393,288,0,7200,28800.0,165.3730361544715,1.0,0.9354512517975716,164.43758490267393,288,0,7200,28800.0,165.3730361544715,1.0,0.9354512517975716,164.43758490267393,288,0,7200,28800.0,165.3730361544715,1.0,0.9354512517975716,164.43758490267393
ae_n24,qft,MQT Bench 2.3.0,24,585,135,288,3,15,15,SC5|p=0.002|r=30|rho=10,realistic,SC5,5,25,0.002,30.0,10,1,0.017467932906043773,0.0,0.031064157235436735,0.0001993039102874015,FEASIBLE/FEASIBLE,70.19,45,FEASIBLE,30.1,1.961148898060611,0.02,0.0,0.0,0.0,288,0,7200,2880.0,18.806650956005797,0.9999999932020922,5.030764676940606,13.775886279065192,0,45,1125,520,3.885199875981424,0.9794562778455896,1.397887075594653,2.487312800386771,0,45,1125,520,3.885199875981424,0.9794562778455896,1.397887075594653,2.487312800386771,0,45,1125,520,3.885199875981424,0.9794562778455896,1.397887075594653,2.487312800386771,0,45,1125,520,3.885199875981424,0.9794562778455896,1.397887075594653,2.487312800386771,83,33,2900,1160.0,8.023576482372304,0.9996723538957004,2.4749556199710456,5.5486208624012585,83,33,2900,1160.0,8.023576482372304,0.9996723538957004,2.4749556199710456,5.5486208624012585,104,25,3225,1290.0,8.76371801561242,0.999843697607822,2.5932689531144706,6.17044906249795,104,25,3225,1290.0,8.76371801561242,0.999843697607822,2.5932689531144706,6.17044906249795,258,3,6525,2610.0,17.084316101868435,0.9999999619481488,4.599919161465604,12.484396940402831,258,3,6525,2610.0,17.084316101868435,0.9999999619481488,4.599919161465604,12.484396940402831,288,0,7200,2880.0,18.806650956005797,0.9999999932020922,5.030764676940606,13.775886279065192,288,0,7200,2880.0,18.806650956005797,0.9999999932020922,5.030764676940606,13.775886279065192,288,0,7200,2880.0,18.806650956005797,0.9999999932020922,5.030764676940606,13.775886279065192,288,0,7200,2880.0,18.806650956005797,0.9999999932020922,5.030764676940606,13.775886279065192,288,0,7200,2880.0,18.806650956005797,0.9999999932020922,5.030764676940606,13.775886279065192,288,0,7200,2880.0,18.806650956005797,0.9999999932020922,5.030764676940606,13.775886279065192,288,0,7200,2880.0,18.806650956005797,0.9999999932020922,5.030764676940606,13.775886279065192,288,0,7200,2880.0,18.806650956005797,0.9999999932020922,5.030764676940606,13.775886279065192,288,0,7200,2880.0,18.806650956005797,0.9999999932020922,5.030764676940606,13.775886279065192,288,0,7200,2880.0,18.806650956005797,0.9999999932020922,5.030764676940606,13.775886279065192,288,0,7200,2880.0,18.806650956005797,0.9999999932020922,5.030764676940606,13.775886279065192,288,0,7200,2880.0,18.806650956005797,0.9999999932020922,5.030764676940606,13.775886279065192,288,0,7200,2880.0,18.806650956005797,0.9999999932020922,5.030764676940606,13.775886279065192,288,0,7200,2880.0,18.806650956005797,0.9999999932020922,5.030764676940606,13.775886279065192,288,0,7200,2880.0,18.806650956005797,0.9999999932020922,5.030764676940606,13.775886279065192,288,0,7200,2880.0,18.806650956005797,0.9999999932020922,5.030764676940606,13.775886279065192,288,0,7200,2880.0,18.806650956005797,0.9999999932020922,5.030764676940606,13.775886279065192,288,0,7200,2880.0,18.806650956005797,0.9999999932020922,5.030764676940606,13.775886279065192,288,0,7200,2880.0,18.806650956005797,0.9999999932020922,5.030764676940606,13.775886279065192,288,0,7200,2880.0,18.806650956005797,0.9999999932020922,5.030764676940606,13.775886279065192,288,0,7200,2880.0,18.806650956005797,0.9999999932020922,5.030764676940606,13.775886279065192,288,0,7200,2880.0,18.806650956005797,0.9999999932020922,5.030764676940606,13.775886279065192
ae_n24,qft,MQT Bench 2.3.0,24,585,135,288,3,15,15,SC5|p=0.002|r=30|rho=100,realistic,SC5,5,25,0.002,30.0,100,1,0.017467932906043773,0.0,0.031064157235436735,0.0001993039102874015,FEASIBLE/FEASIBLE,70.19,45,FEASIBLE,30.09,1.961148898060611,0.02,0.0,0.0,0.0,288,0,7200,28800.0,142.78962746759254,1.0,5.030764676940606,137.75886279065193,0,45,1125,4500.0,22.922709386634015,0.9999999998891351,1.397887075594653,21.52482231103936,0,45,1125,4500.0,22.922709386634015,0.9999999998891351,1.397887075594653,21.52482231103936,0,45,1125,4500.0,22.922709386634015,0.9999999998891351,1.397887075594653,21.52482231103936,0,45,1125,4500.0,22.922709386634015,0.9999999998891351,1.397887075594653,21.52482231103936,83,33,2900,11600.0,57.96116424398363,1.0,2.4749556199710456,55.48620862401258,83,33,2900,11600.0,57.96116424398363,1.0,2.4749556199710456,55.48620862401258,104,25,3225,12900.0,64.29775957809397,1.0,2.5932689531144706,61.704490624979506,104,25,3225,12900.0,64.29775957809397,1.0,2.5932689531144706,61.704490624979506,258,3,6525,26100.0,129.44388856549392,1.0,4.599919161465604,124.84396940402831,258,3,6525,26100.0,129.44388856549392,1.0,4.599919161465604,124.84396940402831,288,0,7200,28800.0,142.78962746759254,1.0,5.030764676940606,137.75886279065193,288,0,7200,28800.0,142.78962746759254,1.0,5.030764676940606,137.75886279065193,288,0,7200,28800.0,142.78962746759254,1.0,5.030764676940606,137.75886279065193,288,0,7200,28800.0,142.78962746759254,1.0,5.030764676940606,137.75886279065193,288,0,7200,28800.0,142.78962746759254,1.0,5.030764676940606,137.75886279065193,288,0,7200,28800.0,142.78962746759254,1.0,5.030764676940606,137.75886279065193,288,0,7200,28800.0,142.78962746759254,1.0,5.030764676940606,137.75886279065193,288,0,7200,28800.0,142.78962746759254,1.0,5.030764676940606,137.75886279065193,288,0,7200,28800.0,142.78962746759254,1.0,5.030764676940606,137.75886279065193,288,0,7200,28800.0,142.78962746759254,1.0,5.030764676940606,137.75886279065193,288,0,7200,28800.0,142.78962746759254,1.0,5.030764676940606,137.75886279065193,288,0,7200,28800.0,142.78962746759254,1.0,5.030764676940606,137.75886279065193,288,0,7200,28800.0,142.78962746759254,1.0,5.030764676940606,137.75886279065193,288,0,7200,28800.0,142.78962746759254,1.0,5.030764676940606,137.75886279065193,288,0,7200,28800.0,142.78962746759254,1.0,5.030764676940606,137.75886279065193,288,0,7200,28800.0,142.78962746759254,1.0,5.030764676940606,137.75886279065193,288,0,7200,28800.0,142.78962746759254,1.0,5.030764676940606,137.75886279065193,288,0,7200,28800.0,142.78962746759254,1.0,5.030764676940606,137.75886279065193,288,0,7200,28800.0,142.78962746759254,1.0,5.030764676940606,137.75886279065193,288,0,7200,28800.0,142.78962746759254,1.0,5.030764676940606,137.75886279065193,288,0,7200,28800.0,142.78962746759254,1.0,5.030764676940606,137.75886279065193,288,0,7200,28800.0,142.78962746759254,1.0,5.030764676940606,137.75886279065193
ae_n24,qft,MQT Bench 2.3.0,24,585,135,288,3,15,15,SC7|p=0.001|r=10|rho=10,realistic,SC7,7,49,0.001,10.0,10,0,0.00013916666666666662,0.00010250000000000045,0.00027916666666666584,1.805555555555555e-06,FEASIBLE/FEASIBLE,70.21,45,FEASIBLE,30.09,0.07772918033333354,0.02,0.0,0.0,0.0,288,0,14112,2880.0,0.19532250000000007,0.1774306633358307,0.07052250000000011,0.12479999999999997,0,45,2205,520,0.09505833333333355,0.0906801107391125,0.07252500000000023,0.022533333333333325,0,45,2205,520,0.09505833333333355,0.0906801107391125,0.07252500000000023,0.022533333333333325,0,45,2205,520,0.09505833333333355,0.0906801107391125,0.07252500000000023,0.022533333333333325,0,45,2205,520,0.09505833333333355,0.0906801107391125,0.07252500000000023,0.022533333333333325,83,33,5684,1160.0,0.12248500000000018,0.11528082436841253,0.07221833333333352,0.050266666666666654,83,33,5684,1160.0,0.12248500000000018,0.11528082436841253,0.07221833333333352,0.050266666666666654,104,25,6321,1290.0,0.12665500000000018,0.1189624218651063,0.07075500000000019,0.055899999999999984,104,25,6321,1290.0,0.12665500000000018,0.1189624218651063,0.07075500000000019,0.055899999999999984,258,3,12789,2610.0,0.18336000000000008,0.167531586842073,0.07026000000000013,0.11309999999999996,258,3,12789,2610.0,0.18336000000000008,0.167531586842073,0.07026000000000013,0.11309999999999996,288,0,14112,2880.0,0.19532250000000007,0.1774306633358307,0.07052250000000011,0.12479999999999997,288,0,14112,2880.0,0.19532250000000007,0.1774306633358307,0.07052250000000011,0.12479999999999997,288,0,14112,2880.0,0.19532250000000007,0.1774306633358307,0.07052250000000011,0.12479999999999997,288,0,14112,2880.0,0.19532250000000007,0.1774306633358307,0.07052250000000011,0.12479999999999997,288,0,14112,2880.0,0.19532250000000007,0.1774306633358307,0.07052250000000011,0.12479999999999997,288,0,14112,2880.0,0.19532250000000007,0.1774306633358307,0.07052250000000011,0.12479999999999997,288,0,14112,2880.0,0.19532250000000007,0.1774306633358307,0.07052250000000011,0.12479999999999997,288,0,14112,2880.0,0.19532250000000007,0.1774306633358307,0.07052250000000011,0.12479999999999997,288,0,14112,2880.0,0.19532250000000007,0.1774306633358307,0.07052250000000011,0.12479999999999997,288,0,14112,2880.0,0.19532250000000007,0.1774306633358307,0.07052250000000011,0.12479999999999997,288,0,14112,2880.0,0.19532250000000007,0.1774306633358307,0.07052250000000011,0.12479999999999997,288,0,14112,2880.0,0.19532250000000007,0.1774306633358307,0.07052250000000011,0.12479999999999997,288,0,14112,2880.0,0.19532250000000007,0.1774306633358307,0.07052250000000011,0.12479999999999997,288,0,14112,2880.0,0.19532250000000007,0.1774306633358307,0.07052250000000011,0.12479999999999997,288,0,14112,2880.0,0.19532250000000007,0.1774306633358307,0.07052250000000011,0.12479999999999997,288,0,14112,2880.0,0.19532250000000007,0.1774306633358307,0.07052250000000011,0.12479999999999997,288,0,14112,2880.0,0.19532250000000007,0.1774306633358307,0.07052250000000011,0.12479999999999997,288,0,14112,2880.0,0.19532250000000007,0.1774306633358307,0.07052250000000011,0.12479999999999997,288,0,14112,2880.0,0.19532250000000007,0.1774306633358307,0.07052250000000011,0.12479999999999997,288,0,14112,2880.0,0.19532250000000007,0.1774306633358307,0.07052250000000011,0.12479999999999997,288,0,14112,2880.0,0.19532250000000007,0.1774306633358307,0.07052250000000011,0.12479999999999997,288,0,14112,2880.0,0.19532250000000007,0.1774306633358307,0.07052250000000011,0.12479999999999997
ae_n24,qft,MQT Bench 2.3.0,24,585,135,288,3,15,15,SC7|p=0.001|r=10|rho=100,realistic,SC7,7,49,0.001,10.0,100,0,0.00013916666666666662,0.00010250000000000045,0.00027916666666666584,1.805555555555555e-06,FEASIBLE/FEASIBLE,70.19,45,FEASIBLE,30.09,0.07772918033333354,0.02,0.0,0.0,0.0,288,0,14112,28800.0,1.3185224999999996,0.7324697139028223,0.07052250000000011,1.2479999999999996,0,45,2205,4500.0,0.2675250000000002,0.23472880139628882,0.07252500000000023,0.19499999999999995,0,45,2205,4500.0,0.2675250000000002,0.23472880139628882,0.07252500000000023,0.19499999999999995,0,45,2205,4500.0,0.2675250000000002,0.23472880139628882,0.07252500000000023,0.19499999999999995,0,45,2205,4500.0,0.2675250000000002,0.23472880139628882,0.07252500000000023,0.19499999999999995,83,33,5684,11600.0,0.574885,0.4372304164121029,0.07221833333333352,0.5026666666666665,83,33,5684,11600.0,0.574885,0.4372304164121029,0.07221833333333352,0.5026666666666665,104,25,6321,12900.0,0.6297550000000001,0.4672776980161393,0.07075500000000019,0.5589999999999998,104,25,6321,12900.0,0.6297550000000001,0.4672776980161393,0.07075500000000019,0.5589999999999998,258,3,12789,26100.0,1.2012599999999998,0.6991850538072271,0.07026000000000013,1.1309999999999996,258,3,12789,26100.0,1.2012599999999998,0.6991850538072271,0.07026000000000013,1.1309999999999996,288,0,14112,28800.0,1.3185224999999996,0.7324697139028223,0.07052250000000011,1.2479999999999996,288,0,14112,28800.0,1.3185224999999996,0.7324697139028223,0.07052250000000011,1.2479999999999996,288,0,14112,28800.0,1.3185224999999996,0.7324697139028223,0.07052250000000011,1.2479999999999996,288,0,14112,28800.0,1.3185224999999996,0.7324697139028223,0.07052250000000011,1.2479999999999996,288,0,14112,28800.0,1.3185224999999996,0.7324697139028223,0.07052250000000011,1.2479999999999996,288,0,14112,28800.0,1.3185224999999996,0.7324697139028223,0.07052250000000011,1.2479999999999996,288,0,14112,28800.0,1.3185224999999996,0.7324697139028223,0.07052250000000011,1.2479999999999996,288,0,14112,28800.0,1.3185224999999996,0.7324697139028223,0.07052250000000011,1.2479999999999996,288,0,14112,28800.0,1.3185224999999996,0.7324697139028223,0.07052250000000011,1.2479999999999996,288,0,14112,28800.0,1.3185224999999996,0.7324697139028223,0.07052250000000011,1.2479999999999996,288,0,14112,28800.0,1.3185224999999996,0.7324697139028223,0.07052250000000011,1.2479999999999996,288,0,14112,28800.0,1.3185224999999996,0.7324697139028223,0.07052250000000011,1.2479999999999996,288,0,14112,28800.0,1.3185224999999996,0.7324697139028223,0.07052250000000011,1.2479999999999996,288,0,14112,28800.0,1.3185224999999996,0.7324697139028223,0.07052250000000011,1.2479999999999996,288,0,14112,28800.0,1.3185224999999996,0.7324697139028223,0.07052250000000011,1.2479999999999996,288,0,14112,28800.0,1.3185224999999996,0.7324697139028223,0.07052250000000011,1.2479999999999996,288,0,14112,28800.0,1.3185224999999996,0.7324697139028223,0.07052250000000011,1.2479999999999996,288,0,14112,28800.0,1.3185224999999996,0.7324697139028223,0.07052250000000011,1.2479999999999996,288,0,14112,28800.0,1.3185224999999996,0.7324697139028223,0.07052250000000011,1.2479999999999996,288,0,14112,28800.0,1.3185224999999996,0.7324697139028223,0.07052250000000011,1.2479999999999996,288,0,14112,28800.0,1.3185224999999996,0.7324697139028223,0.07052250000000011,1.2479999999999996,288,0,14112,28800.0,1.3185224999999996,0.7324697139028223,0.07052250000000011,1.2479999999999996
bigadder_n18,arithmetic,QASMBench 357b942,18,130,88,2,3,12,12,SC5|p=0.001|r=10|rho=10,realistic,SC5,5,25,0.001,10.0,10,0,0.0003825200145869967,5.810310143125109e-05,0.0009810966318486132,2.8691623476531386e-05,OPTIMAL/OPTIMAL,1.95,2,OPTIMAL,0.18,0.14661064126555234,0.003,0.0,0.0,0.0,2,0,50,268,0.14661062866316155,0.1363698152030985,0.008202237012374132,0.13840839165078742,2,0,50,268,0.14661062866316155,0.1363698152030985,0.008202237012374132,0.13840839165078742,2,0,50,268,0.14661062866316155,0.1363698152030985,0.008202237012374132,0.13840839165078742,0,4,100,280,0.15608357203517528,0.14451230746408233,0.011477789713457094,0.1446057823217182,2,0,50,268,0.14661062866316155,0.1363698152030985,0.008202237012374132,0.13840839165078742,2,0,50,268,0.14661062866316155,0.1363698152030985,0.008202237012374132,0.13840839165078742,2,0,50,268,0.14661062866316155,0.1363698152030985,0.008202237012374132,0.13840839165078742,2,0,50,268,0.14661062866316155,0.1363698152030985,0.008202237012374132,0.13840839165078742,2,0,50,268,0.14661062866316155,0.1363698152030985,0.008202237012374132,0.13840839165078742,2,0,50,268,0.14661062866316155,0.1363698152030985,0.008202237012374132,0.13840839165078742,2,0,50,268,0.14661062866316155,0.1363698152030985,0.008202237012374132,0.13840839165078742,2,0,50,268,0.14661062866316155,0.1363698152030985,0.008202237012374132,0.13840839165078742,2,0,50,268,0.14661062866316155,0.1363698152030985,0.008202237012374132,0.13840839165078742,2,0,50,268,0.14661062866316155,0.1363698152030985,0.008202237012374132,0.13840839165078742,2,0,50,268,0.14661062866316155,0.1363698152030985,0.008202237012374132,0.13840839165078742,2,0,50,268,0.14661062866316155,0.1363698152030985,0.008202237012374132,0.13840839165078742,2,0,50,268,0.14661062866316155,0.1363698152030985,0.008202237012374132,0.13840839165078742,2,0,50,268,0.14661062866316155,0.1363698152030985,0.008202237012374132,0.13840839165078742,2,0,50,268,0.14661062866316155,0.1363698152030985,0.008202237012374132,0.13840839165078742,2,0,50,268,0.14661062866316155,0.1363698152030985,0.008202237012374132,0.13840839165078742,2,0,50,268,0.14661062866316155,0.1363698152030985,0.008202237012374132,0.13840839165078742,2,0,50,268,0.14661062866316155,0.1363698152030985,0.008202237012374132,0.13840839165078742,2,0,50,268,0.14661062866316155,0.1363698152030985,0.008202237012374132,0.13840839165078742,2,0,50,268,0.14661062866316155,0.1363698152030985,0.008202237012374132,0.13840839165078742,2,0,50,268,0.14661062866316155,0.1363698152030985,0.008202237012374132,0.13840839165078742,2,0,50,268,0.14661062866316155,0.1363698152030985,0.008202237012374132,0.13840839165078742,2,0,50,268,0.14661062866316155,0.1363698152030985,0.008202237012374132,0.13840839165078742,2,0,50,268,0.14661062866316155,0.1363698152030985,0.008202237012374132,0.13840839165078742,2,0,50,268,0.14661062866316155,0.1363698152030985,0.008202237012374132,0.13840839165078742,2,0,50,268,0.14661062866316155,0.1363698152030985,0.008202237012374132,0.13840839165078742,2,0,50,268,0.14661062866316155,0.1363698152030985,0.008202237012374132,0.13840839165078742,2,0,50,268,0.14661062866316155,0.1363698152030985,0.008202237012374132,0.13840839165078742,2,0,50,268,0.14661062866316155,0.1363698152030985,0.008202237012374132,0.13840839165078742
bigadder_n18,arithmetic,QASMBench 357b942,18,130,88,2,3,12,12,SC5|p=0.001|r=10|rho=100,realistic,SC5,5,25,0.001,10.0,100,0,0.0003825200145869967,5.810310143125109e-05,0.0009810966318486132,2.8691623476531386e-05,OPTIMAL/OPTIMAL,1.94,2,OPTIMAL,0.18,0.14661064126555234,0.003,0.0,0.0,0.0,2,0,50,268,0.14661062866316155,0.1363698152030985,0.008202237012374132,0.13840839165078742,2,0,50,268,0.14661062866316155,0.1363698152030985,0.008202237012374132,0.13840839165078742,2,0,50,268,0.14661062866316155,0.1363698152030985,0.008202237012374132,0.13840839165078742,0,4,100,400.0,0.21805747874448309,0.19592077712592243,0.011477789713457094,0.206579689031026,2,0,50,268,0.14661062866316155,0.1363698152030985,0.008202237012374132,0.13840839165078742,2,0,50,268,0.14661062866316155,0.1363698152030985,0.008202237012374132,0.13840839165078742,2,0,50,268,0.14661062866316155,0.1363698152030985,0.008202237012374132,0.13840839165078742,2,0,50,268,0.14661062866316155,0.1363698152030985,0.008202237012374132,0.13840839165078742,2,0,50,268,0.14661062866316155,0.1363698152030985,0.008202237012374132,0.13840839165078742,2,0,50,268,0.14661062866316155,0.1363698152030985,0.008202237012374132,0.13840839165078742,2,0,50,268,0.14661062866316155,0.1363698152030985,0.008202237012374132,0.13840839165078742,2,0,50,268,0.14661062866316155,0.1363698152030985,0.008202237012374132,0.13840839165078742,2,0,50,268,0.14661062866316155,0.1363698152030985,0.008202237012374132,0.13840839165078742,2,0,50,268,0.14661062866316155,0.1363698152030985,0.008202237012374132,0.13840839165078742,2,0,50,268,0.14661062866316155,0.1363698152030985,0.008202237012374132,0.13840839165078742,2,0,50,268,0.14661062866316155,0.1363698152030985,0.008202237012374132,0.13840839165078742,2,0,50,268,0.14661062866316155,0.1363698152030985,0.008202237012374132,0.13840839165078742,2,0,50,268,0.14661062866316155,0.1363698152030985,0.008202237012374132,0.13840839165078742,2,0,50,268,0.14661062866316155,0.1363698152030985,0.008202237012374132,0.13840839165078742,2,0,50,268,0.14661062866316155,0.1363698152030985,0.008202237012374132,0.13840839165078742,2,0,50,268,0.14661062866316155,0.1363698152030985,0.008202237012374132,0.13840839165078742,2,0,50,268,0.14661062866316155,0.1363698152030985,0.008202237012374132,0.13840839165078742,2,0,50,268,0.14661062866316155,0.1363698152030985,0.008202237012374132,0.13840839165078742,2,0,50,268,0.14661062866316155,0.1363698152030985,0.008202237012374132,0.13840839165078742,2,0,50,268,0.14661062866316155,0.1363698152030985,0.008202237012374132,0.13840839165078742,2,0,50,268,0.14661062866316155,0.1363698152030985,0.008202237012374132,0.13840839165078742,2,0,50,268,0.14661062866316155,0.1363698152030985,0.008202237012374132,0.13840839165078742,2,0,50,268,0.14661062866316155,0.1363698152030985,0.008202237012374132,0.13840839165078742,2,0,50,268,0.14661062866316155,0.1363698152030985,0.008202237012374132,0.13840839165078742,2,0,50,268,0.14661062866316155,0.1363698152030985,0.008202237012374132,0.13840839165078742,2,0,50,268,0.14661062866316155,0.1363698152030985,0.008202237012374132,0.13840839165078742,2,0,50,268,0.14661062866316155,0.1363698152030985,0.008202237012374132,0.13840839165078742,2,0,50,268,0.14661062866316155,0.1363698152030985,0.008202237012374132,0.13840839165078742
bigadder_n18,arithmetic,QASMBench 357b942,18,130,88,2,3,12,12,SC5|p=0.001|r=30|rho=10,realistic,SC5,5,25,0.001,30.0,10,1,0.0031526304869580694,0.0,0.005366132781095331,2.868275147901941e-05,OPTIMAL/OPTIMAL,1.94,2,OPTIMAL,0.2,0.14467144419481154,0.003,0.0,0.0,0.0,2,0,50,268,0.14467085410870578,0.13469294149349428,0.006305260973916139,0.13836559313478963,2,0,50,268,0.14467085410870578,0.13469294149349428,0.006305260973916139,0.13836559313478963,2,0,50,268,0.14467085410870578,0.13469294149349428,0.006305260973916139,0.13836559313478963,0,4,100,280,0.16602559857863916,0.15297544871271032,0.021464531124381323,0.14456106745425784,2,0,50,268,0.14467085410870578,0.13469294149349428,0.006305260973916139,0.13836559313478963,2,0,50,268,0.14467085410870578,0.13469294149349428,0.006305260973916139,0.13836559313478963,2,0,50,268,0.14467085410870578,0.13469294149349428,0.006305260973916139,0.13836559313478963,2,0,50,268,0.14467085410870578,0.13469294149349428,0.006305260973916139,0.13836559313478963,2,0,50,268,0.14467085410870578,0.13469294149349428,0.006305260973916139,0.13836559313478963,2,0,50,268,0.14467085410870578,0.13469294149349428,0.006305260973916139,0.13836559313478963,2,0,50,268,0.14467085410870578,0.13469294149349428,0.006305260973916139,0.13836559313478963,2,0,50,268,0.14467085410870578,0.13469294149349428,0.006305260973916139,0.13836559313478963,2,0,50,268,0.14467085410870578,0.13469294149349428,0.006305260973916139,0.13836559313478963,2,0,50,268,0.14467085410870578,0.13469294149349428,0.006305260973916139,0.13836559313478963,2,0,50,268,0.14467085410870578,0.13469294149349428,0.006305260973916139,0.13836559313478963,2,0,50,268,0.14467085410870578,0.13469294149349428,0.006305260973916139,0.13836559313478963,2,0,50,268,0.14467085410870578,0.13469294149349428,0.006305260973916139,0.13836559313478963,2,0,50,268,0.14467085410870578,0.13469294149349428,0.006305260973916139,0.13836559313478963,2,0,50,268,0.14467085410870578,0.13469294149349428,0.006305260973916139,0.13836559313478963,2,0,50,268,0.14467085410870578,0.13469294149349428,0.006305260973916139,0.13836559313478963,2,0,50,268,0.14467085410870578,0.13469294149349428,0.006305260973916139,0.13836559313478963,2,0,50,268,0.14467085410870578,0.13469294149349428,0.006305260973916139,0.13836559313478963,2,0,50,268,0.14467085410870578,0.13469294149349428,0.006305260973916139,0.13836559313478963,2,0,50,268,0.14467085410870578,0.13469294149349428,0.006305260973916139,0.13836559313478963,2,0,50,268,0.14467085410870578,0.13469294149349428,0.006305260973916139,0.13836559313478963,2,0,50,268,0.14467085410870578,0.13469294149349428,0.006305260973916139,0.13836559313478963,2,0,50,268,0.14467085410870578,0.13469294149349428,0.006305260973916139,0.13836559313478963,2,0,50,268,0.14467085410870578,0.13469294149349428,0.006305260973916139,0.13836559313478963,2,0,50,268,0.14467085410870578,0.13469294149349428,0.006305260973916139,0.13836559313478963,2,0,50,268,0.14467085410870578,0.13469294149349428,0.006305260973916139,0.13836559313478963,2,0,50,268,0.14467085410870578,0.13469294149349428,0.006305260973916139,0.13836559313478963,2,0,50,268,0.14467085410870578,0.13469294149349428,0.006305260973916139,0.13836559313478963,2,0,50,268,0.14467085410870578,0.13469294149349428,0.006305260973916139,0.13836559313478963
bigadder_n18,arithmetic,QASMBench 357b942,18,130,88,2,3,12,12,SC5|p=0.001|r=30|rho=100,realistic,SC5,5,25,0.001,30.0,100,1,0.0031526304869580694,0.0,0.005366132781095331,2.868275147901941e-05,OPTIMAL/OPTIMAL,1.99,2,OPTIMAL,0.2,0.14467144419481154,0.003,0.0,0.0,0.0,2,0,50,268,0.14467085410870578,0.13469294149349428,0.006305260973916139,0.13836559313478963,2,0,50,268,0.14467085410870578,0.13469294149349428,0.006305260973916139,0.13836559313478963,2,0,50,268,0.14467085410870578,0.13469294149349428,0.006305260973916139,0.13836559313478963,0,4,100,400.0,0.22798034177332108,0.20386008961955138,0.021464531124381323,0.20651581064893976,2,0,50,268,0.14467085410870578,0.13469294149349428,0.006305260973916139,0.13836559313478963,2,0,50,268,0.14467085410870578,0.13469294149349428,0.006305260973916139,0.13836559313478963,2,0,50,268,0.14467085410870578,0.13469294149349428,0.006305260973916139,0.13836559313478963,2,0,50,268,0.14467085410870578,0.13469294149349428,0.006305260973916139,0.13836559313478963,2,0,50,268,0.14467085410870578,0.13469294149349428,0.006305260973916139,0.13836559313478963,2,0,50,268,0.14467085410870578,0.13469294149349428,0.006305260973916139,0.13836559313478963,2,0,50,268,0.14467085410870578,0.13469294149349428,0.006305260973916139,0.13836559313478963,2,0,50,268,0.14467085410870578,0.13469294149349428,0.006305260973916139,0.13836559313478963,2,0,50,268,0.14467085410870578,0.13469294149349428,0.006305260973916139,0.13836559313478963,2,0,50,268,0.14467085410870578,0.13469294149349428,0.006305260973916139,0.13836559313478963,2,0,50,268,0.14467085410870578,0.13469294149349428,0.006305260973916139,0.13836559313478963,2,0,50,268,0.14467085410870578,0.13469294149349428,0.006305260973916139,0.13836559313478963,2,0,50,268,0.14467085410870578,0.13469294149349428,0.006305260973916139,0.13836559313478963,2,0,50,268,0.14467085410870578,0.13469294149349428,0.006305260973916139,0.13836559313478963,2,0,50,268,0.14467085410870578,0.13469294149349428,0.006305260973916139,0.13836559313478963,2,0,50,268,0.14467085410870578,0.13469294149349428,0.006305260973916139,0.13836559313478963,2,0,50,268,0.14467085410870578,0.13469294149349428,0.006305260973916139,0.13836559313478963,2,0,50,268,0.14467085410870578,0.13469294149349428,0.006305260973916139,0.13836559313478963,2,0,50,268,0.14467085410870578,0.13469294149349428,0.006305260973916139,0.13836559313478963,2,0,50,268,0.14467085410870578,0.13469294149349428,0.006305260973916139,0.13836559313478963,2,0,50,268,0.14467085410870578,0.13469294149349428,0.006305260973916139,0.13836559313478963,2,0,50,268,0.14467085410870578,0.13469294149349428,0.006305260973916139,0.13836559313478963,2,0,50,268,0.14467085410870578,0.13469294149349428,0.006305260973916139,0.13836559313478963,2,0,50,268,0.14467085410870578,0.13469294149349428,0.006305260973916139,0.13836559313478963,2,0,50,268,0.14467085410870578,0.13469294149349428,0.006305260973916139,0.13836559313478963,2,0,50,268,0.14467085410870578,0.13469294149349428,0.006305260973916139,0.13836559313478963,2,0,50,268,0.14467085410870578,0.13469294149349428,0.006305260973916139,0.13836559313478963,2,0,50,268,0.14467085410870578,0.13469294149349428,0.006305260973916139,0.13836559313478963,2,0,50,268,0.14467085410870578,0.13469294149349428,0.006305260973916139,0.13836559313478963
bigadder_n18,arithmetic,QASMBench 357b942,18,130,88,2,3,12,12,SC5|p=0.002|r=10|rho=10,realistic,SC5,5,25,0.002,10.0,10,1,0.0032480946242971235,0.0,0.0089771927017271,0.0002379015985281741,OPTIMAL/OPTIMAL,1.94,2,OPTIMAL,0.22,1.1541334607788505,0.003,0.0,0.0,0.0,2,0,50,268,1.154133500548506,0.6846693476035468,0.006496189248594247,1.1476373112999119,2,0,50,268,1.154133500548506,0.6846693476035468,0.006496189248594247,1.1476373112999119,2,0,50,268,1.154133500548506,0.6846693476035468,0.006496189248594247,1.1476373112999119,0,4,100,280,1.234932827388906,0.7091457008456021,0.0359087708069084,1.1990240565819976,2,0,50,268,1.154133500548506,0.6846693476035468,0.006496189248594247,1.1476373112999119,2,0,50,268,1.154133500548506,0.6846693476035468,0.006496189248594247,1.1476373112999119,2,0,50,268,1.154133500548506,0.6846693476035468,0.006496189248594247,1.1476373112999119,2,0,50,268,1.154133500548506,0.6846693476035468,0.006496189248594247,1.1476373112999119,2,0,50,268,1.154133500548506,0.6846693476035468,0.006496189248594247,1.1476373112999119,2,0,50,268,1.154133500548506,0.6846693476035468,0.006496189248594247,1.1476373112999119,2,0,50,268,1.154133500548506,0.6846693476035468,0.006496189248594247,1.1476373112999119,2,0,50,268,1.154133500548506,0.6846693476035468,0.006496189248594247,1.1476373112999119,2,0,50,268,1.154133500548506,0.6846693476035468,0.006496189248594247,1.1476373112999119,2,0,50,268,1.154133500548506,0.6846693476035468,0.006496189248594247,1.1476373112999119,2,0,50,268,1.154133500548506,0.6846693476035468,0.006496189248594247,1.1476373112999119,2,0,50,268,1.154133500548506,0.6846693476035468,0.006496189248594247,1.1476373112999119,2,0,50,268,1.154133500548506,0.6846693476035468,0.006496189248594247,1.1476373112999119,2,0,50,268,1.154133500548506,0.6846693476035468,0.006496189248594247,1.1476373112999119,2,0,50,268,1.154133500548506,0.6846693476035468,0.006496189248594247,1.1476373112999119,2,0,50,268,1.154133500548506,0.6846693476035468,0.006496189248594247,1.1476373112999119,2,0,50,268,1.154133500548506,0.6846693476035468,0.006496189248594247,1.1476373112999119,2,0,50,268,1.154133500548506,0.6846693476035468,0.006496189248594247,1.1476373112999119,2,0,50,268,1.154133500548506,0.6846693476035468,0.006496189248594247,1.1476373112999119,2,0,50,268,1.154133500548506,0.6846693476035468,0.006496189248594247,1.1476373112999119,2,0,50,268,1.154133500548506,0.6846693476035468,0.006496189248594247,1.1476373112999119,2,0,50,268,1.154133500548506,0.6846693476035468,0.006496189248594247,1.1476373112999119,2,0,50,268,1.154133500548506,0.6846693476035468,0.006496189248594247,1.1476373112999119,2,0,50,268,1.154133500548506,0.6846693476035468,0.006496189248594247,1.1476373112999119,2,0,50,268,1.154133500548506,0.6846693476035468,0.006496189248594247,1.1476373112999119,2,0,50,268,1.154133500548506,0.6846693476035468,0.006496189248594247,1.1476373112999119,2,0,50,268,1.154133500548506,0.6846693476035468,0.006496189248594247,1.1476373112999119,2,0,50,268,1.154133500548506,0.6846693476035468,0.006496189248594247,1.1476373112999119,2,0,50,268,1.154133500548506,0.6846693476035468,0.006496189248594247,1.1476373112999119
bigadder_n18,arithmetic,QASMBench 357b942,18,130,88,2,3,12,12,SC5|p=0.002|r=10|rho=100,realistic,SC5,5,25,0.002,10.0,100,1,0.0032480946242971235,0.0,0.0089771927017271,0.0002379015985281741,OPTIMAL/OPTIMAL,1.96,2,OPTIMAL,0.22,1.1541334607788505,0.003,0.0,0.0,0.0,2,0,50,268,1.154133500548506,0.6846693476035468,0.006496189248594247,1.1476373112999119,2,0,50,268,1.154133500548506,0.6846693476035468,0.006496189248594247,1.1476373112999119,2,0,50,268,1.154133500548506,0.6846693476035468,0.006496189248594247,1.1476373112999119,0,4,100,400.0,1.748800280209762,0.8260174514017284,0.0359087708069084,1.7128915094028536,2,0,50,268,1.154133500548506,0.6846693476035468,0.006496189248594247,1.1476373112999119,2,0,50,268,1.154133500548506,0.6846693476035468,0.006496189248594247,1.1476373112999119,2,0,50,268,1.154133500548506,0.6846693476035468,0.006496189248594247,1.1476373112999119,2,0,50,268,1.154133500548506,0.6846693476035468,0.006496189248594247,1.1476373112999119,2,0,50,268,1.154133500548506,0.6846693476035468,0.006496189248594247,1.1476373112999119,2,0,50,268,1.154133500548506,0.6846693476035468,0.006496189248594247,1.1476373112999119,2,0,50,268,1.154133500548506,0.6846693476035468,0.006496189248594247,1.1476373112999119,2,0,50,268,1.154133500548506,0.6846693476035468,0.006496189248594247,1.1476373112999119,2,0,50,268,1.154133500548506,0.6846693476035468,0.006496189248594247,1.1476373112999119,2,0,50,268,1.154133500548506,0.6846693476035468,0.006496189248594247,1.1476373112999119,2,0,50,268,1.154133500548506,0.6846693476035468,0.006496189248594247,1.1476373112999119,2,0,50,268,1.154133500548506,0.6846693476035468,0.006496189248594247,1.1476373112999119,2,0,50,268,1.154133500548506,0.6846693476035468,0.006496189248594247,1.1476373112999119,2,0,50,268,1.154133500548506,0.6846693476035468,0.006496189248594247,1.1476373112999119,2,0,50,268,1.154133500548506,0.6846693476035468,0.006496189248594247,1.1476373112999119,2,0,50,268,1.154133500548506,0.6846693476035468,0.006496189248594247,1.1476373112999119,2,0,50,268,1.154133500548506,0.6846693476035468,0.006496189248594247,1.1476373112999119,2,0,50,268,1.154133500548506,0.6846693476035468,0.006496189248594247,1.1476373112999119,2,0,50,268,1.154133500548506,0.6846693476035468,0.006496189248594247,1.1476373112999119,2,0,50,268,1.154133500548506,0.6846693476035468,0.006496189248594247,1.1476373112999119,2,0,50,268,1.154133500548506,0.6846693476035468,0.006496189248594247,1.1476373112999119,2,0,50,268,1.154133500548506,0.6846693476035468,0.006496189248594247,1.1476373112999119,2,0,50,268,1.154133500548506,0.6846693476035468,0.006496189248594247,1.1476373112999119,2,0,50,268,1.154133500548506,0.6846693476035468,0.006496189248594247,1.1476373112999119,2,0,50,268,1.154133500548506,0.6846693476035468,0.006496189248594247,1.1476373112999119,2,0,50,268,1.154133500548506,0.6846693476035468,0.006496189248594247,1.1476373112999119,2,0,50,268,1.154133500548506,0.6846693476035468,0.006496189248594247,1.1476373112999119,2,0,50,268,1.154133500548506,0.6846693476035468,0.006496189248594247,1.1476373112999119,2,0,50,268,1.154133500548506,0.6846693476035468,0.006496189248594247,1.1476373112999119
bigadder_n18,arithmetic,QASMBench 357b942,18,130,88,2,3,12,12,SC5|p=0.002|r=30|rho=10,realistic,SC5,5,25,0.002,30.0,10,1,0.017467932906043773,0.0,0.031064157235436735,0.0001993039102874015,OPTIMAL/OPTIMAL,1.95,2,OPTIMAL,0.21,0.9963792398843938,0.003,0.0,0.0,0.0,2,0,50,268,0.9963779290385124,0.6307856572927427,0.034935865812087546,0.9614420632264249,2,0,50,268,0.9963779290385124,0.6307856572927427,0.034935865812087546,0.9614420632264249,2,0,50,268,0.9963779290385124,0.6307856572927427,0.034935865812087546,0.9614420632264249,0,4,100,280,1.1287483367902507,0.6765621615877819,0.12425662894174694,1.0044917078485036,2,0,50,268,0.9963779290385124,0.6307856572927427,0.034935865812087546,0.9614420632264249,2,0,50,268,0.9963779290385124,0.6307856572927427,0.034935865812087546,0.9614420632264249,2,0,50,268,0.9963779290385124,0.6307856572927427,0.034935865812087546,0.9614420632264249,2,0,50,268,0.9963779290385124,0.6307856572927427,0.034935865812087546,0.9614420632264249,2,0,50,268,0.9963779290385124,0.6307856572927427,0.034935865812087546,0.9614420632264249,2,0,50,268,0.9963779290385124,0.6307856572927427,0.034935865812087546,0.9614420632264249,2,0,50,268,0.9963779290385124,0.6307856572927427,0.034935865812087546,0.9614420632264249,2,0,50,268,0.9963779290385124,0.6307856572927427,0.034935865812087546,0.9614420632264249,2,0,50,268,0.9963779290385124,0.6307856572927427,0.034935865812087546,0.9614420632264249,2,0,50,268,0.9963779290385124,0.6307856572927427,0.034935865812087546,0.9614420632264249,2,0,50,268,0.9963779290385124,0.6307856572927427,0.034935865812087546,0.9614420632264249,2,0,50,268,0.9963779290385124,0.6307856572927427,0.034935865812087546,0.9614420632264249,2,0,50,268,0.9963779290385124,0.6307856572927427,0.034935865812087546,0.9614420632264249,2,0,50,268,0.9963779290385124,0.6307856572927427,0.034935865812087546,0.9614420632264249,2,0,50,268,0.9963779290385124,0.6307856572927427,0.034935865812087546,0.9614420632264249,2,0,50,268,0.9963779290385124,0.6307856572927427,0.034935865812087546,0.9614420632264249,2,0,50,268,0.9963779290385124,0.6307856572927427,0.034935865812087546,0.9614420632264249,2,0,50,268,0.9963779290385124,0.6307856572927427,0.034935865812087546,0.9614420632264249,2,0,50,268,0.9963779290385124,0.6307856572927427,0.034935865812087546,0.9614420632264249,2,0,50,268,0.9963779290385124,0.6307856572927427,0.034935865812087546,0.9614420632264249,2,0,50,268,0.9963779290385124,0.6307856572927427,0.034935865812087546,0.9614420632264249,2,0,50,268,0.9963779290385124,0.6307856572927427,0.034935865812087546,0.9614420632264249,2,0,50,268,0.9963779290385124,0.6307856572927427,0.034935865812087546,0.9614420632264249,2,0,50,268,0.9963779290385124,0.6307856572927427,0.034935865812087546,0.9614420632264249,2,0,50,268,0.9963779290385124,0.6307856572927427,0.034935865812087546,0.9614420632264249,2,0,50,268,0.9963779290385124,0.6307856572927427,0.034935865812087546,0.9614420632264249,2,0,50,268,0.9963779290385124,0.6307856572927427,0.034935865812087546,0.9614420632264249,2,0,50,268,0.9963779290385124,0.6307856572927427,0.034935865812087546,0.9614420632264249,2,0,50,268,0.9963779290385124,0.6307856572927427,0.034935865812087546,0.9614420632264249
bigadder_n18,arithmetic,QASMBench 357b942,18,130,88,2,3,12,12,SC5|p=0.002|r=30|rho=100,realistic,SC5,5,25,0.002,30.0,100,1,0.017467932906043773,0.0,0.031064157235436735,0.0001993039102874015,OPTIMAL/OPTIMAL,1.95,2,OPTIMAL,0.19,0.9963792398843938,0.003,0.0,0.0,0.0,2,0,50,268,0.9963779290385124,0.6307856572927427,0.034935865812087546,0.9614420632264249,2,0,50,268,0.9963779290385124,0.6307856572927427,0.034935865812087546,0.9614420632264249,2,0,50,268,0.9963779290385124,0.6307856572927427,0.034935865812087546,0.9614420632264249,0,4,100,400.0,1.5592447830110379,0.7897051705273443,0.12425662894174694,1.4349881540692908,2,0,50,268,0.9963779290385124,0.6307856572927427,0.034935865812087546,0.9614420632264249,2,0,50,268,0.9963779290385124,0.6307856572927427,0.034935865812087546,0.9614420632264249,2,0,50,268,0.9963779290385124,0.6307856572927427,0.034935865812087546,0.9614420632264249,2,0,50,268,0.9963779290385124,0.6307856572927427,0.034935865812087546,0.9614420632264249,2,0,50,268,0.9963779290385124,0.6307856572927427,0.034935865812087546,0.9614420632264249,2,0,50,268,0.9963779290385124,0.6307856572927427,0.034935865812087546,0.9614420632264249,2,0,50,268,0.9963779290385124,0.6307856572927427,0.034935865812087546,0.9614420632264249,2,0,50,268,0.9963779290385124,0.6307856572927427,0.034935865812087546,0.9614420632264249,2,0,50,268,0.9963779290385124,0.6307856572927427,0.034935865812087546,0.9614420632264249,2,0,50,268,0.9963779290385124,0.6307856572927427,0.034935865812087546,0.9614420632264249,2,0,50,268,0.9963779290385124,0.6307856572927427,0.034935865812087546,0.9614420632264249,2,0,50,268,0.9963779290385124,0.6307856572927427,0.034935865812087546,0.9614420632264249,2,0,50,268,0.9963779290385124,0.6307856572927427,0.034935865812087546,0.9614420632264249,2,0,50,268,0.9963779290385124,0.6307856572927427,0.034935865812087546,0.9614420632264249,2,0,50,268,0.9963779290385124,0.6307856572927427,0.034935865812087546,0.9614420632264249,2,0,50,268,0.9963779290385124,0.6307856572927427,0.034935865812087546,0.9614420632264249,2,0,50,268,0.9963779290385124,0.6307856572927427,0.034935865812087546,0.9614420632264249,2,0,50,268,0.9963779290385124,0.6307856572927427,0.034935865812087546,0.9614420632264249,2,0,50,268,0.9963779290385124,0.6307856572927427,0.034935865812087546,0.9614420632264249,2,0,50,268,0.9963779290385124,0.6307856572927427,0.034935865812087546,0.9614420632264249,2,0,50,268,0.9963779290385124,0.6307856572927427,0.034935865812087546,0.9614420632264249,2,0,50,268,0.9963779290385124,0.6307856572927427,0.034935865812087546,0.9614420632264249,2,0,50,268,0.9963779290385124,0.6307856572927427,0.034935865812087546,0.9614420632264249,2,0,50,268,0.9963779290385124,0.6307856572927427,0.034935865812087546,0.9614420632264249,2,0,50,268,0.9963779290385124,0.6307856572927427,0.034935865812087546,0.9614420632264249,2,0,50,268,0.9963779290385124,0.6307856572927427,0.034935865812087546,0.9614420632264249,2,0,50,268,0.9963779290385124,0.6307856572927427,0.034935865812087546,0.9614420632264249,2,0,50,268,0.9963779290385124,0.6307856572927427,0.034935865812087546,0.9614420632264249,2,0,50,268,0.9963779290385124,0.6307856572927427,0.034935865812087546,0.9614420632264249
bigadder_n18,arithmetic,QASMBench 357b942,18,130,88,2,3,12,12,SC7|p=0.001|r=10|rho=10,realistic,SC7,7,49,0.001,10.0,10,0,0.00013916666666666662,0.00010250000000000045,0.00027916666666666584,1.805555555555555e-06,OPTIMAL/OPTIMAL,1.94,2,OPTIMAL,0.18,0.022108339875000032,0.003,0.0,0.0,0.0,2,0,98,268,0.02210833333333339,0.02186573523409313,0.01339833333333339,0.008709999999999997,2,0,98,268,0.02210833333333339,0.02186573523409313,0.01339833333333339,0.008709999999999997,2,0,98,268,0.02210833333333339,0.02186573523409313,0.01339833333333339,0.008709999999999997,0,4,196,280,0.023541666666666718,0.023266723398885136,0.01444166666666672,0.009099999999999997,2,0,98,268,0.02210833333333339,0.02186573523409313,0.01339833333333339,0.008709999999999997,2,0,98,268,0.02210833333333339,0.02186573523409313,0.01339833333333339,0.008709999999999997,2,0,98,268,0.02210833333333339,0.02186573523409313,0.01339833333333339,0.008709999999999997,2,0,98,268,0.02210833333333339,0.02186573523409313,0.01339833333333339,0.008709999999999997,2,0,98,268,0.02210833333333339,0.02186573523409313,0.01339833333333339,0.008709999999999997,2,0,98,268,0.02210833333333339,0.02186573523409313,0.01339833333333339,0.008709999999999997,2,0,98,268,0.02210833333333339,0.02186573523409313,0.01339833333333339,0.008709999999999997,2,0,98,268,0.02210833333333339,0.02186573523409313,0.01339833333333339,0.008709999999999997,2,0,98,268,0.02210833333333339,0.02186573523409313,0.01339833333333339,0.008709999999999997,2,0,98,268,0.02210833333333339,0.02186573523409313,0.01339833333333339,0.008709999999999997,2,0,98,268,0.02210833333333339,0.02186573523409313,0.01339833333333339,0.008709999999999997,2,0,98,268,0.02210833333333339,0.02186573523409313,0.01339833333333339,0.008709999999999997,2,0,98,268,0.02210833333333339,0.02186573523409313,0.01339833333333339,0.008709999999999997,2,0,98,268,0.02210833333333339,0.02186573523409313,0.01339833333333339,0.008709999999999997,2,0,98,268,0.02210833333333339,0.02186573523409313,0.01339833333333339,0.008709999999999997,2,0,98,268,0.02210833333333339,0.02186573523409313,0.01339833333333339,0.008709999999999997,2,0,98,268,0.02210833333333339,0.02186573523409313,0.01339833333333339,0.008709999999999997,2,0,98,268,0.02210833333333339,0.02186573523409313,0.01339833333333339,0.008709999999999997,2,0,98,268,0.02210833333333339,0.02186573523409313,0.01339833333333339,0.008709999999999997,2,0,98,268,0.02210833333333339,0.02186573523409313,0.01339833333333339,0.008709999999999997,2,0,98,268,0.02210833333333339,0.02186573523409313,0.01339833333333339,0.008709999999999997,2,0,98,268,0.02210833333333339,0.02186573523409313,0.01339833333333339,0.008709999999999997,2,0,98,268,0.02210833333333339,0.02186573523409313,0.01339833333333339,0.008709999999999997,2,0,98,268,0.02210833333333339,0.02186573523409313,0.01339833333333339,0.008709999999999997,2,0,98,268,0.02210833333333339,0.02186573523409313,0.01339833333333339,0.008709999999999997,2,0,98,268,0.02210833333333339,0.02186573523409313,0.01339833333333339,0.008709999999999997,2,0,98,268,0.02210833333333339,0.02186573523409313,0.01339833333333339,0.008709999999999997,2,0,98,268,0.02210833333333339,0.02186573523409313,0.01339833333333339,0.008709999999999997,2,0,98,268,0.02210833333333339,0.02186573523409313,0.01339833333333339,0.008709999999999997
bigadder_n18,arithmetic,QASMBench 357b942,18,130,88,2,3,12,12,SC7|p=0.001|r=10|rho=100,realistic,SC7,7,49,0.001,10.0,100,0,0.00013916666666666662,0.00010250000000000045,0.00027916666666666584,1.805555555555555e-06,OPTIMAL/OPTIMAL,1.95,2,OPTIMAL,0.18,0.022108339875000032,0.003,0.0,0.0,0.0,2,0,98,268,0.02210833333333339,0.02186573523409313,0.01339833333333339,0.008709999999999997,2,0,98,268,0.02210833333333339,0.02186573523409313,0.01339833333333339,0.008709999999999997,2,0,98,268,0.02210833333333339,0.02186573523409313,0.01339833333333339,0.008709999999999997,0,4,196,400.0,0.02744166666666672,0.02706856476812675,0.01444166666666672,0.012999999999999996,2,0,98,268,0.02210833333333339,0.02186573523409313,0.01339833333333339,0.008709999999999997,2,0,98,268,0.02210833333333339,0.02186573523409313,0.01339833333333339,0.008709999999999997,2,0,98,268,0.02210833333333339,0.02186573523409313,0.01339833333333339,0.008709999999999997,2,0,98,268,0.02210833333333339,0.02186573523409313,0.01339833333333339,0.008709999999999997,2,0,98,268,0.02210833333333339,0.02186573523409313,0.01339833333333339,0.008709999999999997,2,0,98,268,0.02210833333333339,0.02186573523409313,0.01339833333333339,0.008709999999999997,2,0,98,268,0.02210833333333339,0.02186573523409313,0.01339833333333339,0.008709999999999997,2,0,98,268,0.02210833333333339,0.02186573523409313,0.01339833333333339,0.008709999999999997,2,0,98,268,0.02210833333333339,0.02186573523409313,0.01339833333333339,0.008709999999999997,2,0,98,268,0.02210833333333339,0.02186573523409313,0.01339833333333339,0.008709999999999997,2,0,98,268,0.02210833333333339,0.02186573523409313,0.01339833333333339,0.008709999999999997,2,0,98,268,0.02210833333333339,0.02186573523409313,0.01339833333333339,0.008709999999999997,2,0,98,268,0.02210833333333339,0.02186573523409313,0.01339833333333339,0.008709999999999997,2,0,98,268,0.02210833333333339,0.02186573523409313,0.01339833333333339,0.008709999999999997,2,0,98,268,0.02210833333333339,0.02186573523409313,0.01339833333333339,0.008709999999999997,2,0,98,268,0.02210833333333339,0.02186573523409313,0.01339833333333339,0.008709999999999997,2,0,98,268,0.02210833333333339,0.02186573523409313,0.01339833333333339,0.008709999999999997,2,0,98,268,0.02210833333333339,0.02186573523409313,0.01339833333333339,0.008709999999999997,2,0,98,268,0.02210833333333339,0.02186573523409313,0.01339833333333339,0.008709999999999997,2,0,98,268,0.02210833333333339,0.02186573523409313,0.01339833333333339,0.008709999999999997,2,0,98,268,0.02210833333333339,0.02186573523409313,0.01339833333333339,0.008709999999999997,2,0,98,268,0.02210833333333339,0.02186573523409313,0.01339833333333339,0.008709999999999997,2,0,98,268,0.02210833333333339,0.02186573523409313,0.01339833333333339,0.008709999999999997,2,0,98,268,0.02210833333333339,0.02186573523409313,0.01339833333333339,0.008709999999999997,2,0,98,268,0.02210833333333339,0.02186573523409313,0.01339833333333339,0.008709999999999997,2,0,98,268,0.02210833333333339,0.02186573523409313,0.01339833333333339,0.008709999999999997,2,0,98,268,0.02210833333333339,0.02186573523409313,0.01339833333333339,0.008709999999999997,2,0,98,268,0.02210833333333339,0.02186573523409313,0.01339833333333339,0.008709999999999997,2,0,98,268,0.02210833333333339,0.02186573523409313,0.01339833333333339,0.008709999999999997
cdkm_adder_n24,arithmetic,MQT Bench 2.3.0,24,177,146,11,3,15,15,SC5|p=0.001|r=10|rho=10,realistic,SC5,5,25,0.001,10.0,10,0,0.0003825200145869967,5.810310143125109e-05,0.0009810966318486132,2.8691623476531386e-05,FEASIBLE/FEASIBLE,70.18,3,OPTIMAL,1.18,0.318213751394908,0.006,0.02254566210045662,0.07777777777777778,0.062146892655367235,11,0,275,442,0.31821357683708956,0.27255259409396865,0.013852834998044645,0.30436074183904493,0,3,75,451,0.323785671358853,0.2765947277654235,0.013227538848877281,0.3105581325099757,11,0,275,442,0.31821357683708956,0.27255259409396865,0.013852834998044645,0.30436074183904493,0,3,75,451,0.323785671358853,0.2765947277654235,0.013227538848877281,0.3105581325099757,0,3,75,451,0.323785671358853,0.2765947277654235,0.013227538848877281,0.3105581325099757,0,3,75,451,0.323785671358853,0.2765947277654235,0.013227538848877281,0.3105581325099757,0,3,75,451,0.323785671358853,0.2765947277654235,0.013227538848877281,0.3105581325099757,0,3,75,451,0.323785671358853,0.2765947277654235,0.013227538848877281,0.3105581325099757,5,2,175,448,0.32236086240247286,0.27556327882009707,0.013868526782807398,0.30849233561966544,11,0,275,442,0.31821357683708956,0.27255259409396865,0.013852834998044645,0.30436074183904493,11,0,275,442,0.31821357683708956,0.27255259409396865,0.013852834998044645,0.30436074183904493,11,0,275,442,0.31821357683708956,0.27255259409396865,0.013852834998044645,0.30436074183904493,11,0,275,442,0.31821357683708956,0.27255259409396865,0.013852834998044645,0.30436074183904493,11,0,275,442,0.31821357683708956,0.27255259409396865,0.013852834998044645,0.30436074183904493,11,0,275,442,0.31821357683708956,0.27255259409396865,0.013852834998044645,0.30436074183904493,11,0,275,442,0.31821357683708956,0.27255259409396865,0.013852834998044645,0.30436074183904493,11,0,275,442,0.31821357683708956,0.27255259409396865,0.013852834998044645,0.30436074183904493,11,0,275,442,0.31821357683708956,0.27255259409396865,0.013852834998044645,0.30436074183904493,11,0,275,442,0.31821357683708956,0.27255259409396865,0.013852834998044645,0.30436074183904493,11,0,275,442,0.31821357683708956,0.27255259409396865,0.013852834998044645,0.30436074183904493,11,0,275,442,0.31821357683708956,0.27255259409396865,0.013852834998044645,0.30436074183904493,11,0,275,442,0.31821357683708956,0.27255259409396865,0.013852834998044645,0.30436074183904493,11,0,275,442,0.31821357683708956,0.27255259409396865,0.013852834998044645,0.30436074183904493,11,0,275,442,0.31821357683708956,0.27255259409396865,0.013852834998044645,0.30436074183904493,11,0,275,442,0.31821357683708956,0.27255259409396865,0.013852834998044645,0.30436074183904493,11,0,275,442,0.31821357683708956,0.27255259409396865,0.013852834998044645,0.30436074183904493,11,0,275,442,0.31821357683708956,0.27255259409396865,0.013852834998044645,0.30436074183904493,11,0,275,442,0.31821357683708956,0.27255259409396865,0.013852834998044645,0.30436074183904493,11,0,275,442,0.31821357683708956,0.27255259409396865,0.013852834998044645,0.30436074183904493,11,0,275,442,0.31821357683708956,0.27255259409396865,0.013852834998044645,0.30436074183904493,11,0,275,442,0.31821357683708956,0.27255259409396865,0.013852834998044645,0.30436074183904493,11,0,275,442,0.31821357683708956,0.27255259409396865,0.013852834998044645,0.30436074183904493,11,0,275,442,0.31821357683708956,0.27255259409396865,0.013852834998044645,0.30436074183904493
cdkm_adder_n24,arithmetic,MQT Bench 2.3.0,24,177,146,11,3,15,15,SC5|p=0.001|r=10|rho=100,realistic,SC5,5,25,0.001,10.0,100,0,0.0003825200145869967,5.810310143125109e-05,0.0009810966318486132,2.8691623476531386e-05,FEASIBLE/FEASIBLE,70.18,3,FEASIBLE,30.13,0.3156581781340125,0.006,0.0,0.0,0.0,11,0,275,1100.0,0.7713116947784733,0.5375938653699491,0.013852834998044645,0.7574588597804286,0,3,75,451,0.323785671358853,0.2765947277654235,0.013227538848877281,0.3105581325099757,0,3,75,451,0.323785671358853,0.2765947277654235,0.013227538848877281,0.3105581325099757,0,3,75,451,0.323785671358853,0.2765947277654235,0.013227538848877281,0.3105581325099757,0,3,75,451,0.323785671358853,0.2765947277654235,0.013227538848877281,0.3105581325099757,0,3,75,451,0.323785671358853,0.2765947277654235,0.013227538848877281,0.3105581325099757,0,3,75,451,0.323785671358853,0.2765947277654235,0.013227538848877281,0.3105581325099757,0,3,75,451,0.323785671358853,0.2765947277654235,0.013227538848877281,0.3105581325099757,5,2,175,700.0,0.4958878011885347,0.3909700303216243,0.013868526782807398,0.4820192744057273,11,0,275,1100.0,0.7713116947784733,0.5375938653699491,0.013852834998044645,0.7574588597804286,11,0,275,1100.0,0.7713116947784733,0.5375938653699491,0.013852834998044645,0.7574588597804286,11,0,275,1100.0,0.7713116947784733,0.5375938653699491,0.013852834998044645,0.7574588597804286,11,0,275,1100.0,0.7713116947784733,0.5375938653699491,0.013852834998044645,0.7574588597804286,11,0,275,1100.0,0.7713116947784733,0.5375938653699491,0.013852834998044645,0.7574588597804286,11,0,275,1100.0,0.7713116947784733,0.5375938653699491,0.013852834998044645,0.7574588597804286,11,0,275,1100.0,0.7713116947784733,0.5375938653699491,0.013852834998044645,0.7574588597804286,11,0,275,1100.0,0.7713116947784733,0.5375938653699491,0.013852834998044645,0.7574588597804286,11,0,275,1100.0,0.7713116947784733,0.5375938653699491,0.013852834998044645,0.7574588597804286,11,0,275,1100.0,0.7713116947784733,0.5375938653699491,0.013852834998044645,0.7574588597804286,11,0,275,1100.0,0.7713116947784733,0.5375938653699491,0.013852834998044645,0.7574588597804286,11,0,275,1100.0,0.7713116947784733,0.5375938653699491,0.013852834998044645,0.7574588597804286,11,0,275,1100.0,0.7713116947784733,0.5375938653699491,0.013852834998044645,0.7574588597804286,11,0,275,1100.0,0.7713116947784733,0.5375938653699491,0.013852834998044645,0.7574588597804286,11,0,275,1100.0,0.7713116947784733,0.5375938653699491,0.013852834998044645,0.7574588597804286,11,0,275,1100.0,0.7713116947784733,0.5375938653699491,0.013852834998044645,0.7574588597804286,11,0,275,1100.0,0.7713116947784733,0.5375938653699491,0.013852834998044645,0.7574588597804286,11,0,275,1100.0,0.7713116947784733,0.5375938653699491,0.013852834998044645,0.7574588597804286,11,0,275,1100.0,0.7713116947784733,0.5375938653699491,0.013852834998044645,0.7574588597804286,11,0,275,1100.0,0.7713116947784733,0.5375938653699491,0.013852834998044645,0.7574588597804286,11,0,275,1100.0,0.7713116947784733,0.5375938653699491,0.013852834998044645,0.7574588597804286,11,0,275,1100.0,0.7713116947784733,0.5375938653699491,0.013852834998044645,0.7574588597804286,11,0,275,1100.0,0.7713116947784733,0.5375938653699491,0.013852834998044645,0.7574588597804286,11,0,275,1100.0,0.7713116947784733,0.5375938653699491,0.013852834998044645,0.7574588597804286
cdkm_adder_n24,arithmetic,MQT Bench 2.3.0,24,177,146,11,3,15,15,SC5|p=0.001|r=30|rho=10,realistic,SC5,5,25,0.001,30.0,10,1,0.0031526304869580694,0.0,0.005366132781095331,2.868275147901941e-05,FEASIBLE/FEASIBLE,70.25,3,FEASIBLE,30.09,0.31154848781720645,0.006,0.0,0.0,0.0,11,0,275,442,0.33894556304597667,0.2874787644807868,0.034678935356538765,0.3042666276894379,0,3,75,451,0.32656050035219203,0.27859927126984263,0.016098398343285993,0.31046210200890606,0,3,75,451,0.32656050035219203,0.27859927126984263,0.016098398343285993,0.31046210200890606,0,3,75,451,0.32656050035219203,0.27859927126984263,0.016098398343285993,0.31046210200890606,0,3,75,451,0.32656050035219203,0.27859927126984263,0.016098398343285993,0.31046210200890606,0,3,75,451,0.32656050035219203,0.27859927126984263,0.016098398343285993,0.31046210200890606,0,3,75,451,0.32656050035219203,0.27859927126984263,0.016098398343285993,0.31046210200890606,0,3,75,451,0.32656050035219203,0.27859927126984263,0.016098398343285993,0.31046210200890606,5,2,175,448,0.3348923618993977,0.28458491187044843,0.026495417996981005,0.3083969439024167,11,0,275,442,0.33894556304597667,0.2874787644807868,0.034678935356538765,0.3042666276894379,11,0,275,442,0.33894556304597667,0.2874787644807868,0.034678935356538765,0.3042666276894379,11,0,275,442,0.33894556304597667,0.2874787644807868,0.034678935356538765,0.3042666276894379,11,0,275,442,0.33894556304597667,0.2874787644807868,0.034678935356538765,0.3042666276894379,11,0,275,442,0.33894556304597667,0.2874787644807868,0.034678935356538765,0.3042666276894379,11,0,275,442,0.33894556304597667,0.2874787644807868,0.034678935356538765,0.3042666276894379,11,0,275,442,0.33894556304597667,0.2874787644807868,0.034678935356538765,0.3042666276894379,11,0,275,442,0.33894556304597667,0.2874787644807868,0.034678935356538765,0.3042666276894379,11,0,275,442,0.33894556304597667,0.2874787644807868,0.034678935356538765,0.3042666276894379,11,0,275,442,0.33894556304597667,0.2874787644807868,0.034678935356538765,0.3042666276894379,11,0,275,442,0.33894556304597667,0.2874787644807868,0.034678935356538765,0.3042666276894379,11,0,275,442,0.33894556304597667,0.2874787644807868,0.034678935356538765,0.3042666276894379,11,0,275,442,0.33894556304597667,0.2874787644807868,0.034678935356538765,0.3042666276894379,11,0,275,442,0.33894556304597667,0.2874787644807868,0.034678935356538765,0.3042666276894379,11,0,275,442,0.33894556304597667,0.2874787644807868,0.034678935356538765,0.3042666276894379,11,0,275,442,0.33894556304597667,0.2874787644807868,0.034678935356538765,0.3042666276894379,11,0,275,442,0.33894556304597667,0.2874787644807868,0.034678935356538765,0.3042666276894379,11,0,275,442,0.33894556304597667,0.2874787644807868,0.034678935356538765,0.3042666276894379,11,0,275,442,0.33894556304597667,0.2874787644807868,0.034678935356538765,0.3042666276894379,11,0,275,442,0.33894556304597667,0.2874787644807868,0.034678935356538765,0.3042666276894379,11,0,275,442,0.33894556304597667,0.2874787644807868,0.034678935356538765,0.3042666276894379,11,0,275,442,0.33894556304597667,0.2874787644807868,0.034678935356538765,0.3042666276894379,11,0,275,442,0.33894556304597667,0.2874787644807868,0.034678935356538765,0.3042666276894379,11,0,275,442,0.33894556304597667,0.2874787644807868,0.034678935356538765,0.3042666276894379
cdkm_adder_n24,arithmetic,MQT Bench 2.3.0,24,177,146,11,3,15,15,SC5|p=0.001|r=30|rho=100,realistic,SC5,5,25,0.001,30.0,100,1,0.0031526304869580694,0.0,0.005366132781095331,2.868275147901941e-05,FEASIBLE/FEASIBLE,70.19,3,OPTIMAL,29.3,0.3265594071556068,0.006,0.0,0.0,0.0,11,0,275,1100.0,0.7919035744026511,0.5470183102992454,0.034678935356538765,0.7572246390461124,0,3,75,451,0.32656050035219203,0.27859927126984263,0.016098398343285993,0.31046210200890606,0,3,75,451,0.32656050035219203,0.27859927126984263,0.016098398343285993,0.31046210200890606,0,3,75,451,0.32656050035219203,0.27859927126984263,0.016098398343285993,0.31046210200890606,0,3,75,451,0.32656050035219203,0.27859927126984263,0.016098398343285993,0.31046210200890606,0,3,75,451,0.32656050035219203,0.27859927126984263,0.016098398343285993,0.31046210200890606,0,3,75,451,0.32656050035219203,0.27859927126984263,0.016098398343285993,0.31046210200890606,0,3,75,451,0.32656050035219203,0.27859927126984263,0.016098398343285993,0.31046210200890606,5,2,175,700.0,0.508365642844507,0.39852219450569465,0.026495417996981005,0.48187022484752606,11,0,275,1100.0,0.7919035744026511,0.5470183102992454,0.034678935356538765,0.7572246390461124,11,0,275,1100.0,0.7919035744026511,0.5470183102992454,0.034678935356538765,0.7572246390461124,11,0,275,1100.0,0.7919035744026511,0.5470183102992454,0.034678935356538765,0.7572246390461124,11,0,275,1100.0,0.7919035744026511,0.5470183102992454,0.034678935356538765,0.7572246390461124,11,0,275,1100.0,0.7919035744026511,0.5470183102992454,0.034678935356538765,0.7572246390461124,11,0,275,1100.0,0.7919035744026511,0.5470183102992454,0.034678935356538765,0.7572246390461124,11,0,275,1100.0,0.7919035744026511,0.5470183102992454,0.034678935356538765,0.7572246390461124,11,0,275,1100.0,0.7919035744026511,0.5470183102992454,0.034678935356538765,0.7572246390461124,11,0,275,1100.0,0.7919035744026511,0.5470183102992454,0.034678935356538765,0.7572246390461124,11,0,275,1100.0,0.7919035744026511,0.5470183102992454,0.034678935356538765,0.7572246390461124,11,0,275,1100.0,0.7919035744026511,0.5470183102992454,0.034678935356538765,0.7572246390461124,11,0,275,1100.0,0.7919035744026511,0.5470183102992454,0.034678935356538765,0.7572246390461124,11,0,275,1100.0,0.7919035744026511,0.5470183102992454,0.034678935356538765,0.7572246390461124,11,0,275,1100.0,0.7919035744026511,0.5470183102992454,0.034678935356538765,0.7572246390461124,11,0,275,1100.0,0.7919035744026511,0.5470183102992454,0.034678935356538765,0.7572246390461124,11,0,275,1100.0,0.7919035744026511,0.5470183102992454,0.034678935356538765,0.7572246390461124,11,0,275,1100.0,0.7919035744026511,0.5470183102992454,0.034678935356538765,0.7572246390461124,11,0,275,1100.0,0.7919035744026511,0.5470183102992454,0.034678935356538765,0.7572246390461124,11,0,275,1100.0,0.7919035744026511,0.5470183102992454,0.034678935356538765,0.7572246390461124,11,0,275,1100.0,0.7919035744026511,0.5470183102992454,0.034678935356538765,0.7572246390461124,11,0,275,1100.0,0.7919035744026511,0.5470183102992454,0.034678935356538765,0.7572246390461124,11,0,275,1100.0,0.7919035744026511,0.5470183102992454,0.034678935356538765,0.7572246390461124,11,0,275,1100.0,0.7919035744026511,0.5470183102992454,0.034678935356538765,0.7572246390461124,11,0,275,1100.0,0.7919035744026511,0.5470183102992454,0.034678935356538765,0.7572246390461124
cdkm_adder_n24,arithmetic,MQT Bench 2.3.0,24,177,146,11,3,15,15,SC5|p=0.002|r=10|rho=10,realistic,SC5,5,25,0.002,10.0,10,1,0.0032480946242971235,0.0,0.0089771927017271,0.0002379015985281741,FEASIBLE/FEASIBLE,70.18,3,OPTIMAL,0.92,2.559389092974944,0.006,0.02254566210045662,0.07777777777777778,0.062146892655367235,11,0,275,442,2.5593891980541397,0.9226480272474885,0.03572904086726836,2.523660157186871,0,3,75,451,2.6019784805741377,0.9258732253454521,0.0269315781051813,2.5750469024689564,11,0,275,442,2.5593891980541397,0.9226480272474885,0.03572904086726836,2.523660157186871,0,3,75,451,2.6019784805741377,0.9258732253454521,0.0269315781051813,2.5750469024689564,0,3,75,451,2.6019784805741377,0.9258732253454521,0.0269315781051813,2.5750469024689564,0,3,75,451,2.6019784805741377,0.9258732253454521,0.0269315781051813,2.5750469024689564,0,3,75,451,2.6019784805741377,0.9258732253454521,0.0269315781051813,2.5750469024689564,0,3,75,451,2.6019784805741377,0.9258732253454521,0.0269315781051813,2.5750469024689564,5,2,175,448,2.5921128458998677,0.9251382983674964,0.03419485852493982,2.557917987374928,11,0,275,442,2.5593891980541397,0.9226480272474885,0.03572904086726836,2.523660157186871,11,0,275,442,2.5593891980541397,0.9226480272474885,0.03572904086726836,2.523660157186871,11,0,275,442,2.5593891980541397,0.9226480272474885,0.03572904086726836,2.523660157186871,11,0,275,442,2.5593891980541397,0.9226480272474885,0.03572904086726836,2.523660157186871,11,0,275,442,2.5593891980541397,0.9226480272474885,0.03572904086726836,2.523660157186871,11,0,275,442,2.5593891980541397,0.9226480272474885,0.03572904086726836,2.523660157186871,11,0,275,442,2.5593891980541397,0.9226480272474885,0.03572904086726836,2.523660157186871,11,0,275,442,2.5593891980541397,0.9226480272474885,0.03572904086726836,2.523660157186871,11,0,275,442,2.5593891980541397,0.9226480272474885,0.03572904086726836,2.523660157186871,11,0,275,442,2.5593891980541397,0.9226480272474885,0.03572904086726836,2.523660157186871,11,0,275,442,2.5593891980541397,0.9226480272474885,0.03572904086726836,2.523660157186871,11,0,275,442,2.5593891980541397,0.9226480272474885,0.03572904086726836,2.523660157186871,11,0,275,442,2.5593891980541397,0.9226480272474885,0.03572904086726836,2.523660157186871,11,0,275,442,2.5593891980541397,0.9226480272474885,0.03572904086726836,2.523660157186871,11,0,275,442,2.5593891980541397,0.9226480272474885,0.03572904086726836,2.523660157186871,11,0,275,442,2.5593891980541397,0.9226480272474885,0.03572904086726836,2.523660157186871,11,0,275,442,2.5593891980541397,0.9226480272474885,0.03572904086726836,2.523660157186871,11,0,275,442,2.5593891980541397,0.9226480272474885,0.03572904086726836,2.523660157186871,11,0,275,442,2.5593891980541397,0.9226480272474885,0.03572904086726836,2.523660157186871,11,0,275,442,2.5593891980541397,0.9226480272474885,0.03572904086726836,2.523660157186871,11,0,275,442,2.5593891980541397,0.9226480272474885,0.03572904086726836,2.523660157186871,11,0,275,442,2.5593891980541397,0.9226480272474885,0.03572904086726836,2.523660157186871,11,0,275,442,2.5593891980541397,0.9226480272474885,0.03572904086726836,2.523660157186871,11,0,275,442,2.5593891980541397,0.9226480272474885,0.03572904086726836,2.523660157186871
cdkm_adder_n24,arithmetic,MQT Bench 2.3.0,24,177,146,11,3,15,15,SC5|p=0.002|r=10|rho=100,realistic,SC5,5,25,0.002,10.0,100,1,0.0032480946242971235,0.0,0.0089771927017271,0.0002379015985281741,FEASIBLE/FEASIBLE,70.23,3,FEASIBLE,30.1,2.532617811622645,0.006,0.0,0.0,0.0,11,0,275,1100.0,6.316331242011065,0.9981934408083974,0.03572904086726836,6.280602201143797,0,3,75,451,2.6019784805741377,0.9258732253454521,0.0269315781051813,2.5750469024689564,0,3,75,451,2.6019784805741377,0.9258732253454521,0.0269315781051813,2.5750469024689564,0,3,75,451,2.6019784805741377,0.9258732253454521,0.0269315781051813,2.5750469024689564,0,3,75,451,2.6019784805741377,0.9258732253454521,0.0269315781051813,2.5750469024689564,0,3,75,451,2.6019784805741377,0.9258732253454521,0.0269315781051813,2.5750469024689564,0,3,75,451,2.6019784805741377,0.9258732253454521,0.0269315781051813,2.5750469024689564,0,3,75,451,2.6019784805741377,0.9258732253454521,0.0269315781051813,2.5750469024689564,5,2,175,700.0,4.030941713798264,0.9822424004992273,0.03419485852493982,3.996746855273325,11,0,275,1100.0,6.316331242011065,0.9981934408083974,0.03572904086726836,6.280602201143797,11,0,275,1100.0,6.316331242011065,0.9981934408083974,0.03572904086726836,6.280602201143797,11,0,275,1100.0,6.316331242011065,0.9981934408083974,0.03572904086726836,6.280602201143797,11,0,275,1100.0,6.316331242011065,0.9981934408083974,0.03572904086726836,6.280602201143797,11,0,275,1100.0,6.316331242011065,0.9981934408083974,0.03572904086726836,6.280602201143797,11,0,275,1100.0,6.316331242011065,0.9981934408083974,0.03572904086726836,6.280602201143797,11,0,275,1100.0,6.316331242011065,0.9981934408083974,0.03572904086726836,6.280602201143797,11,0,275,1100.0,6.316331242011065,0.9981934408083974,0.03572904086726836,6.280602201143797,11,0,275,1100.0,6.316331242011065,0.9981934408083974,0.03572904086726836,6.280602201143797,11,0,275,1100.0,6.316331242011065,0.9981934408083974,0.03572904086726836,6.280602201143797,11,0,275,1100.0,6.316331242011065,0.9981934408083974,0.03572904086726836,6.280602201143797,11,0,275,1100.0,6.316331242011065,0.9981934408083974,0.03572904086726836,6.280602201143797,11,0,275,1100.0,6.316331242011065,0.9981934408083974,0.03572904086726836,6.280602201143797,11,0,275,1100.0,6.316331242011065,0.9981934408083974,0.03572904086726836,6.280602201143797,11,0,275,1100.0,6.316331242011065,0.9981934408083974,0.03572904086726836,6.280602201143797,11,0,275,1100.0,6.316331242011065,0.9981934408083974,0.03572904086726836,6.280602201143797,11,0,275,1100.0,6.316331242011065,0.9981934408083974,0.03572904086726836,6.280602201143797,11,0,275,1100.0,6.316331242011065,0.9981934408083974,0.03572904086726836,6.280602201143797,11,0,275,1100.0,6.316331242011065,0.9981934408083974,0.03572904086726836,6.280602201143797,11,0,275,1100.0,6.316331242011065,0.9981934408083974,0.03572904086726836,6.280602201143797,11,0,275,1100.0,6.316331242011065,0.9981934408083974,0.03572904086726836,6.280602201143797,11,0,275,1100.0,6.316331242011065,0.9981934408083974,0.03572904086726836,6.280602201143797,11,0,275,1100.0,6.316331242011065,0.9981934408083974,0.03572904086726836,6.280602201143797,11,0,275,1100.0,6.316331242011065,0.9981934408083974,0.03572904086726836,6.280602201143797
cdkm_adder_n24,arithmetic,MQT Bench 2.3.0,24,177,146,11,3,15,15,SC5|p=0.002|r=30|rho=10,realistic,SC5,5,25,0.002,30.0,10,1,0.017467932906043773,0.0,0.031064157235436735,0.0001993039102874015,FEASIBLE/FEASIBLE,70.21,3,FEASIBLE,30.1,2.1572637878666723,0.006,0.0,0.0,0.0,11,0,275,442,2.306363142295237,0.9003770921452211,0.19214726196648152,2.1142158803287554,0,3,75,451,2.2504579966571443,0.8946490368780179,0.0931924717063102,2.157265524950834,0,3,75,451,2.2504579966571443,0.8946490368780179,0.0931924717063102,2.157265524950834,0,3,75,451,2.2504579966571443,0.8946490368780179,0.0931924717063102,2.157265524950834,0,3,75,451,2.2504579966571443,0.8946490368780179,0.0931924717063102,2.157265524950834,0,3,75,451,2.2504579966571443,0.8946490368780179,0.0931924717063102,2.157265524950834,0,3,75,451,2.2504579966571443,0.8946490368780179,0.0931924717063102,2.157265524950834,0,3,75,451,2.2504579966571443,0.8946490368780179,0.0931924717063102,2.157265524950834,5,2,175,448,2.2923836224112333,0.8989746317019455,0.14946797900109232,2.142915643410141,11,0,275,442,2.306363142295237,0.9003770921452211,0.19214726196648152,2.1142158803287554,11,0,275,442,2.306363142295237,0.9003770921452211,0.19214726196648152,2.1142158803287554,11,0,275,442,2.306363142295237,0.9003770921452211,0.19214726196648152,2.1142158803287554,11,0,275,442,2.306363142295237,0.9003770921452211,0.19214726196648152,2.1142158803287554,11,0,275,442,2.306363142295237,0.9003770921452211,0.19214726196648152,2.1142158803287554,11,0,275,442,2.306363142295237,0.9003770921452211,0.19214726196648152,2.1142158803287554,11,0,275,442,2.306363142295237,0.9003770921452211,0.19214726196648152,2.1142158803287554,11,0,275,442,2.306363142295237,0.9003770921452211,0.19214726196648152,2.1142158803287554,11,0,275,442,2.306363142295237,0.9003770921452211,0.19214726196648152,2.1142158803287554,11,0,275,442,2.306363142295237,0.9003770921452211,0.19214726196648152,2.1142158803287554,11,0,275,442,2.306363142295237,0.9003770921452211,0.19214726196648152,2.1142158803287554,11,0,275,442,2.306363142295237,0.9003770921452211,0.19214726196648152,2.1142158803287554,11,0,275,442,2.306363142295237,0.9003770921452211,0.19214726196648152,2.1142158803287554,11,0,275,442,2.306363142295237,0.9003770921452211,0.19214726196648152,2.1142158803287554,11,0,275,442,2.306363142295237,0.9003770921452211,0.19214726196648152,2.1142158803287554,11,0,275,442,2.306363142295237,0.9003770921452211,0.19214726196648152,2.1142158803287554,11,0,275,442,2.306363142295237,0.9003770921452211,0.19214726196648152,2.1142158803287554,11,0,275,442,2.306363142295237,0.9003770921452211,0.19214726196648152,2.1142158803287554,11,0,275,442,2.306363142295237,0.9003770921452211,0.19214726196648152,2.1142158803287554,11,0,275,442,2.306363142295237,0.9003770921452211,0.19214726196648152,2.1142158803287554,11,0,275,442,2.306363142295237,0.9003770921452211,0.19214726196648152,2.1142158803287554,11,0,275,442,2.306363142295237,0.9003770921452211,0.19214726196648152,2.1142158803287554,11,0,275,442,2.306363142295237,0.9003770921452211,0.19214726196648152,2.1142158803287554,11,0,275,442,2.306363142295237,0.9003770921452211,0.19214726196648152,2.1142158803287554
cdkm_adder_n24,arithmetic,MQT Bench 2.3.0,24,177,146,11,3,15,15,SC5|p=0.002|r=30|rho=100,realistic,SC5,5,25,0.002,30.0,100,1,0.017467932906043773,0.0,0.031064157235436735,0.0001993039102874015,FEASIBLE/FEASIBLE,70.18,3,FEASIBLE,30.1,2.1603818526491794,0.006,0.0,0.0,0.0,11,0,275,1100.0,5.453770493553882,0.9957198639972673,0.19214726196648152,5.2616232315874,0,3,75,451,2.2504579966571443,0.8946490368780179,0.0931924717063102,2.157265524950834,0,3,75,451,2.2504579966571443,0.8946490368780179,0.0931924717063102,2.157265524950834,0,3,75,451,2.2504579966571443,0.8946490368780179,0.0931924717063102,2.157265524950834,0,3,75,451,2.2504579966571443,0.8946490368780179,0.0931924717063102,2.157265524950834,0,3,75,451,2.2504579966571443,0.8946490368780179,0.0931924717063102,2.157265524950834,0,3,75,451,2.2504579966571443,0.8946490368780179,0.0931924717063102,2.157265524950834,0,3,75,451,2.2504579966571443,0.8946490368780179,0.0931924717063102,2.157265524950834,5,2,175,700.0,3.4977736718294374,0.9697353123994968,0.14946797900109232,3.3483056928283452,11,0,275,1100.0,5.453770493553882,0.9957198639972673,0.19214726196648152,5.2616232315874,11,0,275,1100.0,5.453770493553882,0.9957198639972673,0.19214726196648152,5.2616232315874,11,0,275,1100.0,5.453770493553882,0.9957198639972673,0.19214726196648152,5.2616232315874,11,0,275,1100.0,5.453770493553882,0.9957198639972673,0.19214726196648152,5.2616232315874,11,0,275,1100.0,5.453770493553882,0.9957198639972673,0.19214726196648152,5.2616232315874,11,0,275,1100.0,5.453770493553882,0.9957198639972673,0.19214726196648152,5.2616232315874,11,0,275,1100.0,5.453770493553882,0.9957198639972673,0.19214726196648152,5.2616232315874,11,0,275,1100.0,5.453770493553882,0.9957198639972673,0.19214726196648152,5.2616232315874,11,0,275,1100.0,5.453770493553882,0.9957198639972673,0.19214726196648152,5.2616232315874,11,0,275,1100.0,5.453770493553882,0.9957198639972673,0.19214726196648152,5.2616232315874,11,0,275,1100.0,5.453770493553882,0.9957198639972673,0.19214726196648152,5.2616232315874,11,0,275,1100.0,5.453770493553882,0.9957198639972673,0.19214726196648152,5.2616232315874,11,0,275,1100.0,5.453770493553882,0.9957198639972673,0.19214726196648152,5.2616232315874,11,0,275,1100.0,5.453770493553882,0.9957198639972673,0.19214726196648152,5.2616232315874,11,0,275,1100.0,5.453770493553882,0.9957198639972673,0.19214726196648152,5.2616232315874,11,0,275,1100.0,5.453770493553882,0.9957198639972673,0.19214726196648152,5.2616232315874,11,0,275,1100.0,5.453770493553882,0.9957198639972673,0.19214726196648152,5.2616232315874,11,0,275,1100.0,5.453770493553882,0.9957198639972673,0.19214726196648152,5.2616232315874,11,0,275,1100.0,5.453770493553882,0.9957198639972673,0.19214726196648152,5.2616232315874,11,0,275,1100.0,5.453770493553882,0.9957198639972673,0.19214726196648152,5.2616232315874,11,0,275,1100.0,5.453770493553882,0.9957198639972673,0.19214726196648152,5.2616232315874,11,0,275,1100.0,5.453770493553882,0.9957198639972673,0.19214726196648152,5.2616232315874,11,0,275,1100.0,5.453770493553882,0.9957198639972673,0.19214726196648152,5.2616232315874,11,0,275,1100.0,5.453770493553882,0.9957198639972673,0.19214726196648152,5.2616232315874
cdkm_adder_n24,arithmetic,MQT Bench 2.3.0,24,177,146,11,3,15,15,SC7|p=0.001|r=10|rho=10,realistic,SC7,7,49,0.001,10.0,10,0,0.00013916666666666662,0.00010250000000000045,0.00027916666666666584,1.805555555555555e-06,FEASIBLE/FEASIBLE,70.18,3,OPTIMAL,0.48,0.03769918052916669,0.006,0.02254566210045662,0.07777777777777778,0.062146892655367235,11,0,539,442,0.037699166666666735,0.03699739939828551,0.018545833333333407,0.019153333333333328,0,3,147,451,0.03852333333333341,0.037790747071354325,0.018980000000000077,0.01954333333333333,11,0,539,442,0.037699166666666735,0.03699739939828551,0.018545833333333407,0.019153333333333328,0,3,147,451,0.03852333333333341,0.037790747071354325,0.018980000000000077,0.01954333333333333,0,3,147,451,0.03852333333333341,0.037790747071354325,0.018980000000000077,0.01954333333333333,0,3,147,451,0.03852333333333341,0.037790747071354325,0.018980000000000077,0.01954333333333333,0,3,147,451,0.03852333333333341,0.037790747071354325,0.018980000000000077,0.01954333333333333,0,3,147,451,0.03852333333333341,0.037790747071354325,0.018980000000000077,0.01954333333333333,5,2,343,448,0.03829750000000007,0.03757342360988405,0.01888416666666674,0.019413333333333328,11,0,539,442,0.037699166666666735,0.03699739939828551,0.018545833333333407,0.019153333333333328,11,0,539,442,0.037699166666666735,0.03699739939828551,0.018545833333333407,0.019153333333333328,11,0,539,442,0.037699166666666735,0.03699739939828551,0.018545833333333407,0.019153333333333328,11,0,539,442,0.037699166666666735,0.03699739939828551,0.018545833333333407,0.019153333333333328,11,0,539,442,0.037699166666666735,0.03699739939828551,0.018545833333333407,0.019153333333333328,11,0,539,442,0.037699166666666735,0.03699739939828551,0.018545833333333407,0.019153333333333328,11,0,539,442,0.037699166666666735,0.03699739939828551,0.018545833333333407,0.019153333333333328,11,0,539,442,0.037699166666666735,0.03699739939828551,0.018545833333333407,0.019153333333333328,11,0,539,442,0.037699166666666735,0.03699739939828551,0.018545833333333407,0.019153333333333328,11,0,539,442,0.037699166666666735,0.03699739939828551,0.018545833333333407,0.019153333333333328,11,0,539,442,0.037699166666666735,0.03699739939828551,0.018545833333333407,0.019153333333333328,11,0,539,442,0.037699166666666735,0.03699739939828551,0.018545833333333407,0.019153333333333328,11,0,539,442,0.037699166666666735,0.03699739939828551,0.018545833333333407,0.019153333333333328,11,0,539,442,0.037699166666666735,0.03699739939828551,0.018545833333333407,0.019153333333333328,11,0,539,442,0.037699166666666735,0.03699739939828551,0.018545833333333407,0.019153333333333328,11,0,539,442,0.037699166666666735,0.03699739939828551,0.018545833333333407,0.019153333333333328,11,0,539,442,0.037699166666666735,0.03699739939828551,0.018545833333333407,0.019153333333333328,11,0,539,442,0.037699166666666735,0.03699739939828551,0.018545833333333407,0.019153333333333328,11,0,539,442,0.037699166666666735,0.03699739939828551,0.018545833333333407,0.019153333333333328,11,0,539,442,0.037699166666666735,0.03699739939828551,0.018545833333333407,0.019153333333333328,11,0,539,442,0.037699166666666735,0.03699739939828551,0.018545833333333407,0.019153333333333328,11,0,539,442,0.037699166666666735,0.03699739939828551,0.018545833333333407,0.019153333333333328,11,0,539,442,0.037699166666666735,0.03699739939828551,0.018545833333333407,0.019153333333333328,11,0,539,442,0.037699166666666735,0.03699739939828551,0.018545833333333407,0.019153333333333328
cdkm_adder_n24,arithmetic,MQT Bench 2.3.0,24,177,146,11,3,15,15,SC7|p=0.001|r=10|rho=100,realistic,SC7,7,49,0.001,10.0,100,0,0.00013916666666666662,0.00010250000000000045,0.00027916666666666584,1.805555555555555e-06,FEASIBLE/FEASIBLE,70.19,3,FEASIBLE,30.1,0.03755584826666669,0.006,0.0,0.0,0.0,11,0,539,1100.0,0.06621250000000006,0.06406804238246057,0.018545833333333407,0.047666666666666656,0,3,147,451,0.03852333333333341,0.037790747071354325,0.018980000000000077,0.01954333333333333,0,3,147,451,0.03852333333333341,0.037790747071354325,0.018980000000000077,0.01954333333333333,0,3,147,451,0.03852333333333341,0.037790747071354325,0.018980000000000077,0.01954333333333333,0,3,147,451,0.03852333333333341,0.037790747071354325,0.018980000000000077,0.01954333333333333,0,3,147,451,0.03852333333333341,0.037790747071354325,0.018980000000000077,0.01954333333333333,0,3,147,451,0.03852333333333341,0.037790747071354325,0.018980000000000077,0.01954333333333333,0,3,147,451,0.03852333333333341,0.037790747071354325,0.018980000000000077,0.01954333333333333,5,2,343,700.0,0.04921750000000007,0.04802594717677811,0.01888416666666674,0.030333333333333323,11,0,539,1100.0,0.06621250000000006,0.06406804238246057,0.018545833333333407,0.047666666666666656,11,0,539,1100.0,0.06621250000000006,0.06406804238246057,0.018545833333333407,0.047666666666666656,11,0,539,1100.0,0.06621250000000006,0.06406804238246057,0.018545833333333407,0.047666666666666656,11,0,539,1100.0,0.06621250000000006,0.06406804238246057,0.018545833333333407,0.047666666666666656,11,0,539,1100.0,0.06621250000000006,0.06406804238246057,0.018545833333333407,0.047666666666666656,11,0,539,1100.0,0.06621250000000006,0.06406804238246057,0.018545833333333407,0.047666666666666656,11,0,539,1100.0,0.06621250000000006,0.06406804238246057,0.018545833333333407,0.047666666666666656,11,0,539,1100.0,0.06621250000000006,0.06406804238246057,0.018545833333333407,0.047666666666666656,11,0,539,1100.0,0.06621250000000006,0.06406804238246057,0.018545833333333407,0.047666666666666656,11,0,539,1100.0,0.06621250000000006,0.06406804238246057,0.018545833333333407,0.047666666666666656,11,0,539,1100.0,0.06621250000000006,0.06406804238246057,0.018545833333333407,0.047666666666666656,11,0,539,1100.0,0.06621250000000006,0.06406804238246057,0.018545833333333407,0.047666666666666656,11,0,539,1100.0,0.06621250000000006,0.06406804238246057,0.018545833333333407,0.047666666666666656,11,0,539,1100.0,0.06621250000000006,0.06406804238246057,0.018545833333333407,0.047666666666666656,11,0,539,1100.0,0.06621250000000006,0.06406804238246057,0.018545833333333407,0.047666666666666656,11,0,539,1100.0,0.06621250000000006,0.06406804238246057,0.018545833333333407,0.047666666666666656,11,0,539,1100.0,0.06621250000000006,0.06406804238246057,0.018545833333333407,0.047666666666666656,11,0,539,1100.0,0.06621250000000006,0.06406804238246057,0.018545833333333407,0.047666666666666656,11,0,539,1100.0,0.06621250000000006,0.06406804238246057,0.018545833333333407,0.047666666666666656,11,0,539,1100.0,0.06621250000000006,0.06406804238246057,0.018545833333333407,0.047666666666666656,11,0,539,1100.0,0.06621250000000006,0.06406804238246057,0.018545833333333407,0.047666666666666656,11,0,539,1100.0,0.06621250000000006,0.06406804238246057,0.018545833333333407,0.047666666666666656,11,0,539,1100.0,0.06621250000000006,0.06406804238246057,0.018545833333333407,0.047666666666666656,11,0,539,1100.0,0.06621250000000006,0.06406804238246057,0.018545833333333407,0.047666666666666656
draper_adder_n24,arithmetic,MQT Bench 2.3.0,24,420,110,156,3,15,15,SC5|p=0.001|r=10|rho=10,realistic,SC5,5,25,0.001,10.0,10,0,0.0003825200145869967,5.810310143125109e-05,0.0009810966318486132,2.8691623476531386e-05,FEASIBLE/FEASIBLE,70.18,33,FEASIBLE,30.08,0.2550840847525318,0.011,0.035606060606060606,0.01834862385321101,0.004761904761904762,156,0,3900,1560.0,1.149226724014757,0.6831182883193466,0.07501234105342178,1.074214382961335,20,13,825,370,0.298427513549871,0.2580159363083164,0.04364589707827234,0.2547816164715987,22,13,875,364,0.29494475359556205,0.25542727870465504,0.044294730904583836,0.2506500226909782,0,38,950,397,0.33505876309576377,0.28470394789286857,0.06168497461137276,0.27337378848439103,0,38,950,397,0.33505876309576377,0.28470394789286857,0.06168497461137276,0.27337378848439103,25,19,1100,440.0,0.35413810534731416,0.2982219586375907,0.05115456143514275,0.3029835439121714,25,19,1100,440.0,0.35413810534731416,0.2982219586375907,0.05115456143514275,0.3029835439121714,28,17,1125,450.0,0.3600351524574517,0.3023481985352836,0.05016561891091276,0.30986953354653896,28,17,1125,450.0,0.3600351524574517,0.3023481985352836,0.05016561891091276,0.30986953354653896,34,15,1225,490.0,0.3875634192101591,0.32129141027618463,0.050149927126150004,0.33741349208400906,34,15,1225,490.0,0.3875634192101591,0.32129141027618463,0.050149927126150004,0.33741349208400906,20,13,825,373,0.3004933104401813,0.25954714255466205,0.04364589707827234,0.25684741336190897,20,13,825,373,0.3004933104401813,0.25954714255466205,0.04364589707827234,0.25684741336190897,30,11,1025,410.0,0.3272534479552014,0.2790989910158292,0.04492787294613257,0.28232557500906885,30,11,1025,410.0,0.3272534479552014,0.2790989910158292,0.04492787294613257,0.28232557500906885,42,9,1275,510.0,0.39804415399304843,0.32836762824377236,0.046858682640304294,0.35118547135274414,42,9,1275,510.0,0.39804415399304843,0.32836762824377236,0.046858682640304294,0.35118547135274414,56,7,1575,630.0,0.4832556731259421,0.38322788884063486,0.049438326160787506,0.43381734696515456,56,7,1575,630.0,0.4832556731259421,0.38322788884063486,0.049438326160787506,0.43381734696515456,72,5,1925,770.0,0.5828880053538822,0.441716290223879,0.05266680350758221,0.5302212018463,72,5,1925,770.0,0.5828880053538822,0.441716290223879,0.05266680350758221,0.5302212018463,90,3,2325,930.0,0.6969411506768689,0.5018933910527699,0.05654411468068841,0.6403970359961805,90,3,2325,930.0,0.6969411506768689,0.5018933910527699,0.05654411468068841,0.6403970359961805,110,2,2800,1120.0,0.8332821953611184,0.5653795664535436,0.0620513563119547,0.7712308390491637,110,2,2800,1120.0,0.8332821953611184,0.5653795664535436,0.0620513563119547,0.7712308390491637,132,1,3325,1330.0,0.9840440531404143,0.626203614321913,0.0682074317695325,0.9158366213708818,132,1,3325,1330.0,0.9840440531404143,0.626203614321913,0.0682074317695325,0.9158366213708818,156,0,3900,1560.0,1.149226724014757,0.6831182883193466,0.07501234105342178,1.074214382961335,156,0,3900,1560.0,1.149226724014757,0.6831182883193466,0.07501234105342178,1.074214382961335,156,0,3900,1560.0,1.149226724014757,0.6831182883193466,0.07501234105342178,1.074214382961335,156,0,3900,1560.0,1.149226724014757,0.6831182883193466,0.07501234105342178,1.074214382961335,156,0,3900,1560.0,1.149226724014757,0.6831182883193466,0.07501234105342178,1.074214382961335,156,0,3900,1560.0,1.149226724014757,0.6831182883193466,0.07501234105342178,1.074214382961335
draper_adder_n24,arithmetic,MQT Bench 2.3.0,24,420,110,156,3,15,15,SC5|p=0.001|r=10|rho=100,realistic,SC5,5,25,0.001,10.0,100,0,0.0003825200145869967,5.810310143125109e-05,0.0009810966318486132,2.8691623476531386e-05,FEASIBLE/FEASIBLE,70.16,33,FEASIBLE,30.07,0.2554085020135919,0.011,0.04242424242424243,0.07207207207207207,0.04285714285714286,156,0,3900,15600.0,10.817156170666772,0.9999799474889102,0.07501234105342178,10.742143829613351,20,13,825,3300.0,2.316022476419558,0.901334750481702,0.04364589707827234,2.2723765793412856,4,21,625,2500.0,1.7678014081144524,0.8292921064673123,0.04630399952256932,1.721497408591883,0,38,950,3800.0,2.678361035671035,0.9313243811441401,0.06168497461137276,2.616676061059662,0,38,950,3800.0,2.678361035671035,0.9313243811441401,0.06168497461137276,2.616676061059662,25,19,1100,4400.0,3.080990000556857,0.9540862205257026,0.05115456143514275,3.0298354391217144,25,19,1100,4400.0,3.080990000556857,0.9540862205257026,0.05115456143514275,3.0298354391217144,28,17,1125,4500.0,3.1488609543763024,0.9570990347961192,0.05016561891091276,3.0986953354653894,28,17,1125,4500.0,3.1488609543763024,0.9570990347961192,0.05016561891091276,3.0986953354653894,34,15,1225,4900.0,3.424284847966241,0.9674274330008735,0.050149927126150004,3.374134920840091,34,15,1225,4900.0,3.424284847966241,0.9674274330008735,0.050149927126150004,3.374134920840091,20,13,825,3300.0,2.316022476419558,0.901334750481702,0.04364589707827234,2.2723765793412856,20,13,825,3300.0,2.316022476419558,0.901334750481702,0.04364589707827234,2.2723765793412856,30,11,1025,4100.0,2.868183623036821,0.9431979932081557,0.04492787294613257,2.8232557500906883,30,11,1025,4100.0,2.868183623036821,0.9431979932081557,0.04492787294613257,2.8232557500906883,42,9,1275,5100.0,3.5587133961677457,0.9715245622367594,0.046858682640304294,3.5118547135274416,42,9,1275,5100.0,3.5587133961677457,0.9715245622367594,0.046858682640304294,3.5118547135274416,56,7,1575,6300.0,4.387611795812333,0.9875696199140345,0.049438326160787506,4.3381734696515455,56,7,1575,6300.0,4.387611795812333,0.9875696199140345,0.049438326160787506,4.3381734696515455,72,5,1925,7700.0,5.3548788219705825,0.9952749579659019,0.05266680350758221,5.302212018463,72,5,1925,7700.0,5.3548788219705825,0.9952749579659019,0.05266680350758221,5.302212018463,90,3,2325,9300.0,6.460514474642494,0.9984360091302668,0.05654411468068841,6.403970359961805,90,3,2325,9300.0,6.460514474642494,0.9984360091302668,0.05654411468068841,6.403970359961805,110,2,2800,11200.0,7.774359746803591,0.9995796234693697,0.0620513563119547,7.7123083904916365,110,2,2800,11200.0,7.774359746803591,0.9995796234693697,0.0620513563119547,7.7123083904916365,132,1,3325,13300.0,9.226573645478352,0.9999016102223997,0.0682074317695325,9.158366213708819,132,1,3325,13300.0,9.226573645478352,0.9999016102223997,0.0682074317695325,9.158366213708819,156,0,3900,15600.0,10.817156170666772,0.9999799474889102,0.07501234105342178,10.742143829613351,156,0,3900,15600.0,10.817156170666772,0.9999799474889102,0.07501234105342178,10.742143829613351,156,0,3900,15600.0,10.817156170666772,0.9999799474889102,0.07501234105342178,10.742143829613351,156,0,3900,15600.0,10.817156170666772,0.9999799474889102,0.07501234105342178,10.742143829613351,156,0,3900,15600.0,10.817156170666772,0.9999799474889102,0.07501234105342178,10.742143829613351,156,0,3900,15600.0,10.817156170666772,0.9999799474889102,0.07501234105342178,10.742143829613351
draper_adder_n24,arithmetic,MQT Bench 2.3.0,24,420,110,156,3,15,15,SC5|p=0.001|r=30|rho=10,realistic,SC5,5,25,0.001,30.0,10,1,0.0031526304869580694,0.0,0.005366132781095331,2.868275147901941e-05,FEASIBLE/FEASIBLE,70.16,33,FEASIBLE,30.08,0.2340504279294658,0.011,0.013636363636363636,0.04100227790432802,0.02857142857142857,156,0,3900,1560.0,1.5656925713399454,0.7910567450586795,0.4918103559654588,1.0738822153744867,20,13,825,370,0.38751516902709304,0.3212586616724252,0.1328123358934007,0.25470283313369235,8,19,675,370,0.3818803998701682,0.3174233154161725,0.12717756673647584,0.25470283313369235,0,38,950,397,0.4772023017737195,0.37948301509173044,0.20391304568162258,0.2732892560920969,0,38,950,397,0.4772023017737195,0.37948301509173044,0.20391304568162258,0.2732892560920969,25,19,1100,440.0,0.483662140633208,0.3834785357198519,0.18077228501476303,0.30288985561844495,25,19,1100,440.0,0.483662140633208,0.3834785357198519,0.18077228501476303,0.30288985561844495,28,17,1125,450.0,0.4892716268868562,0.3869272226746536,0.17949791091344658,0.30977371597340964,28,17,1125,450.0,0.4892716268868562,0.3869272226746536,0.17949791091344658,0.30977371597340964,34,15,1225,490.0,0.5249905856662727,0.4084390665073518,0.18768142827300432,0.3373091573932683,34,15,1225,490.0,0.5249905856662727,0.4084390665073518,0.18768142827300432,0.3373091573932683,20,13,825,373,0.3895803271335824,0.3226589234708177,0.1328123358934007,0.25676799124018174,20,13,825,373,0.3895803271335824,0.3226589234708177,0.1328123358934007,0.25676799124018174,30,11,1025,410.0,0.43584464975434173,0.35328181403894654,0.15360637520079073,0.282238274553551,30,11,1025,410.0,0.43584464975434173,0.35328181403894654,0.15360637520079073,0.282238274553551,42,9,1275,510.0,0.5317825535852945,0.41244331563072206,0.18070567548209687,0.3510768781031976,42,9,1275,510.0,0.5317825535852945,0.41244331563072206,0.18070567548209687,0.3510768781031976,56,7,1575,630.0,0.6477934391000927,0.47680102560752097,0.21411023673731922,0.43368320236277347,56,7,1575,630.0,0.6477934391000927,0.47680102560752097,0.21411023673731922,0.43368320236277347,72,5,1925,770.0,0.7838773062987363,0.5433679279345185,0.25382005896645765,0.5300572473322787,72,5,1925,770.0,0.7838773062987363,0.5433679279345185,0.25382005896645765,0.5300572473322787,90,3,2325,930.0,0.9400341551812255,0.6093855063781413,0.29983514216951224,0.6401990130117132,90,3,2325,930.0,0.9400341551812255,0.6093855063781413,0.29983514216951224,0.6401990130117132,110,2,2800,1120.0,1.12851397888362,0.6764863524901628,0.3575216191275783,0.7709923597560417,110,2,2800,1120.0,1.12851397888362,0.6764863524901628,0.3575216191275783,0.7709923597560417,132,1,3325,1330.0,1.33706678426986,0.7373851540556378,0.4215133570595605,0.9155534272102995,132,1,3325,1330.0,1.33706678426986,0.7373851540556378,0.4215133570595605,0.9155534272102995,156,0,3900,1560.0,1.5656925713399454,0.7910567450586795,0.4918103559654588,1.0738822153744867,156,0,3900,1560.0,1.5656925713399454,0.7910567450586795,0.4918103559654588,1.0738822153744867,156,0,3900,1560.0,1.5656925713399454,0.7910567450586795,0.4918103559654588,1.0738822153744867,156,0,3900,1560.0,1.5656925713399454,0.7910567450586795,0.4918103559654588,1.0738822153744867,156,0,3900,1560.0,1.5656925713399454,0.7910567450586795,0.4918103559654588,1.0738822153744867,156,0,3900,1560.0,1.5656925713399454,0.7910567450586795,0.4918103559654588,1.0738822153744867
draper_adder_n24,arithmetic,MQT Bench 2.3.0,24,420,110,156,3,15,15,SC5|p=0.001|r=30|rho=100,realistic,SC5,5,25,0.001,30.0,100,1,0.0031526304869580694,0.0,0.005366132781095331,2.868275147901941e-05,FEASIBLE/FEASIBLE,70.16,33,FEASIBLE,30.08,0.23198527709479402,0.011,0.0,0.0,0.0,156,0,3900,15600.0,11.230632509710325,0.9999867383282927,0.4918103559654588,10.738822153744866,20,13,825,3300.0,2.4044862530317377,0.9096881188513127,0.1328123358934007,2.271673917138337,20,13,825,3300.0,2.4044862530317377,0.9096881188513127,0.1328123358934007,2.271673917138337,0,38,950,3800.0,2.8197799805681925,0.940380941382589,0.20391304568162258,2.61586693488657,0,38,950,3800.0,2.8197799805681925,0.940380941382589,0.20391304568162258,2.61586693488657,25,19,1100,4400.0,3.2096708411992125,0.9596301008070715,0.18077228501476303,3.0288985561844495,25,19,1100,4400.0,3.2096708411992125,0.9596301008070715,0.18077228501476303,3.0288985561844495,28,17,1125,4500.0,3.2772350706475426,0.9622675597575487,0.17949791091344658,3.097737159734096,28,17,1125,4500.0,3.2772350706475426,0.9622675597575487,0.17949791091344658,3.097737159734096,34,15,1225,4900.0,3.5607730022056865,0.9715831500656759,0.18768142827300432,3.3730915739326823,34,15,1225,4900.0,3.5607730022056865,0.9715831500656759,0.18768142827300432,3.3730915739326823,20,13,825,3300.0,2.4044862530317377,0.9096881188513127,0.1328123358934007,2.271673917138337,20,13,825,3300.0,2.4044862530317377,0.9096881188513127,0.1328123358934007,2.271673917138337,30,11,1025,4100.0,2.9759891207363007,0.9490030331082058,0.15360637520079073,2.82238274553551,30,11,1025,4100.0,2.9759891207363007,0.9490030331082058,0.15360637520079073,2.82238274553551,42,9,1275,5100.0,3.6914744565140727,0.9750647909572998,0.18070567548209687,3.5107687810319756,42,9,1275,5100.0,3.6914744565140727,0.9750647909572998,0.18070567548209687,3.5107687810319756,56,7,1575,6300.0,4.550942260365054,0.9894427479844102,0.21411023673731922,4.336832023627735,56,7,1575,6300.0,4.550942260365054,0.9894427479844102,0.21411023673731922,4.336832023627735,72,5,1925,7700.0,5.554392532289245,0.9961295810898789,0.25382005896645765,5.300572473322787,72,5,1925,7700.0,5.554392532289245,0.9961295810898789,0.25382005896645765,5.300572473322787,90,3,2325,9300.0,6.701825272286644,0.9987713327974921,0.29983514216951224,6.401990130117132,90,3,2325,9300.0,6.701825272286644,0.9987713327974921,0.29983514216951224,6.401990130117132,110,2,2800,11200.0,8.067445216687995,0.9996864166038023,0.3575216191275783,7.709923597560417,110,2,2800,11200.0,8.067445216687995,0.9996864166038023,0.3575216191275783,7.709923597560417,132,1,3325,13300.0,9.577047629162555,0.9999306987510221,0.4215133570595605,9.155534272102996,132,1,3325,13300.0,9.577047629162555,0.9999306987510221,0.4215133570595605,9.155534272102996,156,0,3900,15600.0,11.230632509710325,0.9999867383282927,0.4918103559654588,10.738822153744866,156,0,3900,15600.0,11.230632509710325,0.9999867383282927,0.4918103559654588,10.738822153744866,156,0,3900,15600.0,11.230632509710325,0.9999867383282927,0.4918103559654588,10.738822153744866,156,0,3900,15600.0,11.230632509710325,0.9999867383282927,0.4918103559654588,10.738822153744866,156,0,3900,15600.0,11.230632509710325,0.9999867383282927,0.4918103559654588,10.738822153744866,156,0,3900,15600.0,11.230632509710325,0.9999867383282927,0.4918103559654588,10.738822153744866
draper_adder_n24,arithmetic,MQT Bench 2.3.0,24,420,110,156,3,15,15,SC5|p=0.002|r=10|rho=10,realistic,SC5,5,25,0.002,10.0,10,1,0.0032480946242971235,0.0,0.0089771927017271,0.0002379015985281741,FEASIBLE/FEASIBLE,70.17,33,FEASIBLE,30.08,1.9127287947828573,0.011,0.0007575757575757576,0.009216589861751152,0.004761904761904762,156,0,3900,1560.0,9.41373861028519,0.9999184046767121,0.5067027613903513,8.90703584889484,20,13,825,370,2.2942315925385808,0.8991611511703814,0.18166539760839479,2.112566194930186,22,13,875,367,2.283598866693146,0.8980832389187272,0.18816158685698903,2.0954372798361574,0,38,950,397,2.6078597534420727,0.926307905644349,0.3411333226656298,2.2667264307764428,0,38,950,397,2.6078597534420727,0.926307905644349,0.3411333226656298,2.2667264307764428,25,19,1100,440.0,2.7640099073977615,0.9369615176045017,0.251769026940243,2.5122408804575187,25,19,1100,440.0,2.7640099073977615,0.9369615176045017,0.251769026940243,2.5122408804575187,28,17,1125,450.0,2.8128961895139604,0.9399691204217245,0.24355892540968016,2.56933726410428,28,17,1125,450.0,2.8128961895139604,0.9399691204217245,0.24355892540968016,2.56933726410428,34,15,1225,490.0,3.0428159064433364,0.9522996196079404,0.2450931077520087,2.7977227986913276,34,15,1225,490.0,3.0428159064433364,0.9522996196079404,0.2450931077520087,2.7977227986913276,20,13,825,373,2.3113605076326094,0.9008737023070243,0.18166539760839479,2.1296951100242145,20,13,825,373,2.3113605076326094,0.9008737023070243,0.18166539760839479,2.1296951100242145,30,11,1025,410.0,2.5371436879651452,0.9209080111394423,0.19619195844791182,2.3409517295172333,30,11,1025,410.0,2.5371436879651452,0.9209080111394423,0.19619195844791182,2.3409517295172333,42,9,1275,510.0,3.129130274520874,0.9562441637257317,0.2172147085360231,2.911915565984851,42,9,1275,510.0,3.129130274520874,0.9562441637257317,0.2172147085360231,2.911915565984851,56,7,1575,630.0,3.841805817618721,0.9785451771549215,0.2447336478727286,3.5970721697459926,56,7,1575,630.0,3.841805817618721,0.9785451771549215,0.2447336478727286,3.5970721697459926,72,5,1925,770.0,4.6751703172586865,0.9906760630248993,0.2787487764580284,4.396421540800658,72,5,1925,770.0,4.6751703172586865,0.9906760630248993,0.2787487764580284,4.396421540800658,90,3,2325,930.0,5.629223773440769,0.9964086380438014,0.3192600942919224,5.309963679148846,90,3,2325,930.0,5.629223773440769,0.9964086380438014,0.3192600942919224,5.309963679148846,110,2,2800,1120.0,6.770039762513457,0.9988523509834153,0.37524479407613776,6.39479496843732,110,2,2800,1120.0,6.770039762513457,0.9988523509834153,0.37524479407613776,6.39479496843732,132,1,3325,1330.0,8.031544708128264,0.9996749542798449,0.4377256831089474,7.593819025019317,132,1,3325,1330.0,8.031544708128264,0.9996749542798449,0.4377256831089474,7.593819025019317,156,0,3900,1560.0,9.41373861028519,0.9999184046767121,0.5067027613903513,8.90703584889484,156,0,3900,1560.0,9.41373861028519,0.9999184046767121,0.5067027613903513,8.90703584889484,156,0,3900,1560.0,9.41373861028519,0.9999184046767121,0.5067027613903513,8.90703584889484,156,0,3900,1560.0,9.41373861028519,0.9999184046767121,0.5067027613903513,8.90703584889484,156,0,3900,1560.0,9.41373861028519,0.9999184046767121,0.5067027613903513,8.90703584889484,156,0,3900,1560.0,9.41373861028519,0.9999184046767121,0.5067027613903513,8.90703584889484
draper_adder_n24,arithmetic,MQT Bench 2.3.0,24,420,110,156,3,15,15,SC5|p=0.002|r=10|rho=100,realistic,SC5,5,25,0.002,10.0,100,1,0.0032480946242971235,0.0,0.0089771927017271,0.0002379015985281741,FEASIBLE/FEASIBLE,70.15,33,FEASIBLE,30.09,1.9159768867374254,0.011,0.0,0.0,0.0,156,0,3900,15600.0,89.57706125033874,1.0,0.5067027613903513,89.07035848894839,20,13,825,3300.0,19.023472001039785,0.999999994527181,0.18166539760839479,18.84180660343139,20,13,825,3300.0,19.023472001039785,0.999999994527181,0.18166539760839479,18.84180660343139,0,38,950,3800.0,22.037759108435107,0.9999999997313896,0.3411333226656298,21.696625785769477,0,38,950,3800.0,22.037759108435107,0.9999999997313896,0.3411333226656298,21.696625785769477,25,19,1100,4400.0,25.37417783151543,0.9999999999904471,0.251769026940243,25.122408804575187,25,19,1100,4400.0,25.37417783151543,0.9999999999904471,0.251769026940243,25.122408804575187,28,17,1125,4500.0,25.936931566452483,0.9999999999945584,0.24355892540968016,25.693372641042803,28,17,1125,4500.0,25.936931566452483,0.9999999999945584,0.24355892540968016,25.693372641042803,34,15,1225,4900.0,28.222321094665283,0.9999999999994464,0.2450931077520087,27.977227986913274,34,15,1225,4900.0,28.222321094665283,0.9999999999994464,0.2450931077520087,27.977227986913274,20,13,825,3300.0,19.023472001039785,0.999999994527181,0.18166539760839479,18.84180660343139,20,13,825,3300.0,19.023472001039785,0.999999994527181,0.18166539760839479,18.84180660343139,30,11,1025,4100.0,23.605709253620244,0.9999999999440022,0.19619195844791182,23.409517295172332,30,11,1025,4100.0,23.605709253620244,0.9999999999440022,0.19619195844791182,23.409517295172332,42,9,1275,5100.0,29.336370368384532,0.9999999999998183,0.2172147085360231,29.11915565984851,42,9,1275,5100.0,29.336370368384532,0.9999999999998183,0.2172147085360231,29.11915565984851,56,7,1575,6300.0,36.21545534533265,0.9999999999999998,0.2447336478727286,35.97072169745992,56,7,1575,6300.0,36.21545534533265,0.9999999999999998,0.2447336478727286,35.97072169745992,72,5,1925,7700.0,44.242964184464604,1.0,0.2787487764580284,43.964215408006574,72,5,1925,7700.0,44.242964184464604,1.0,0.2787487764580284,43.964215408006574,90,3,2325,9300.0,53.41889688578038,1.0,0.3192600942919224,53.09963679148846,90,3,2325,9300.0,53.41889688578038,1.0,0.3192600942919224,53.09963679148846,110,2,2800,11200.0,64.32319447844934,1.0,0.37524479407613776,63.9479496843732,110,2,2800,11200.0,64.32319447844934,1.0,0.37524479407613776,63.9479496843732,132,1,3325,13300.0,76.37591593330212,1.0,0.4377256831089474,75.93819025019317,132,1,3325,13300.0,76.37591593330212,1.0,0.4377256831089474,75.93819025019317,156,0,3900,15600.0,89.57706125033874,1.0,0.5067027613903513,89.07035848894839,156,0,3900,15600.0,89.57706125033874,1.0,0.5067027613903513,89.07035848894839,156,0,3900,15600.0,89.57706125033874,1.0,0.5067027613903513,89.07035848894839,156,0,3900,15600.0,89.57706125033874,1.0,0.5067027613903513,89.07035848894839,156,0,3900,15600.0,89.57706125033874,1.0,0.5067027613903513,89.07035848894839,156,0,3900,15600.0,89.57706125033874,1.0,0.5067027613903513,89.07035848894839
draper_adder_n24,arithmetic,MQT Bench 2.3.0,24,420,110,156,3,15,15,SC5|p=0.002|r=30|rho=10,realistic,SC5,5,25,0.002,30.0,10,1,0.017467932906043773,0.0,0.031064157235436735,0.0001993039102874015,FEASIBLE/FEASIBLE,70.17,33,FEASIBLE,30.07,1.6215353083964565,0.011,0.0,0.0,0.0,156,0,3900,1560.0,10.186935934503142,0.9999623409000545,2.7249975333428287,7.461938401160313,20,13,825,370,2.5230114255336784,0.9197823268992442,0.753192702181553,1.7698187233521254,20,13,825,370,2.5230114255336784,0.9197823268992442,0.753192702181553,1.7698187233521254,0,38,950,397,3.079405632164957,0.9540134185273874,1.1804379749465959,1.8989676572183616,0,38,950,397,3.079405632164957,0.9540134185273874,1.1804379749465959,1.8989676572183616,25,19,1100,440.0,3.131566602759352,0.9563506375499863,1.0269173101243922,2.10464929263496,25,19,1100,440.0,3.131566602759352,0.9563506375499863,1.0269173101243922,2.10464929263496,28,17,1125,450.0,3.1696750254755868,0.9579827497790946,1.01719279437165,2.1524822311039364,28,17,1125,450.0,3.1696750254755868,0.9579827497790946,1.01719279437165,2.1524822311039364,34,15,1225,490.0,3.403686062316881,0.966749519548546,1.0598720773370394,2.3438139849798416,34,15,1225,490.0,3.403686062316881,0.966749519548546,1.0598720773370394,2.3438139849798416,20,13,825,373,2.537361307074371,0.9209252211949187,0.753192702181553,1.7841686048928183,20,13,825,373,2.537361307074371,0.9209252211949187,0.753192702181553,1.7841686048928183,30,11,1025,410.0,2.826894193999148,0.9408035789407058,0.8657437167711173,1.9611504772280308,30,11,1025,410.0,2.826894193999148,0.9408035789407058,0.8657437167711173,1.9611504772280308,42,9,1275,510.0,3.4527104590905635,0.9683402923648606,1.013230597172769,2.4394798619177944,42,9,1275,510.0,3.4527104590905635,0.9683402923648606,1.013230597172769,2.4394798619177944,56,7,1575,630.0,4.209128466932019,0.9851406869209015,1.1956533433865084,3.013475123545511,56,7,1575,630.0,4.209128466932019,0.9851406869209015,1.1956533433865084,3.013475123545511,72,5,1925,770.0,5.096148217523515,0.9938797248084146,1.4130119554123353,3.68313626211118,72,5,1925,770.0,5.096148217523515,0.9938797248084146,1.4130119554123353,3.68313626211118,90,3,2325,930.0,6.113769710865052,0.9977878042637215,1.6653064332502499,4.448463277614802,90,3,2325,930.0,6.113769710865052,0.9977878042637215,1.6653064332502499,4.448463277614802,110,2,2800,1120.0,7.340890042661042,0.9993515269047039,1.9836009341356886,5.357289108525353,110,2,2800,1120.0,7.340890042661042,0.9993515269047039,1.9836009341356886,5.357289108525353,132,1,3325,1330.0,8.698612117207071,0.9998331828269171,2.336831300833215,6.361780816373856,132,1,3325,1330.0,8.698612117207071,0.9998331828269171,2.336831300833215,6.361780816373856,156,0,3900,1560.0,10.186935934503142,0.9999623409000545,2.7249975333428287,7.461938401160313,156,0,3900,1560.0,10.186935934503142,0.9999623409000545,2.7249975333428287,7.461938401160313,156,0,3900,1560.0,10.186935934503142,0.9999623409000545,2.7249975333428287,7.461938401160313,156,0,3900,1560.0,10.186935934503142,0.9999623409000545,2.7249975333428287,7.461938401160313,156,0,3900,1560.0,10.186935934503142,0.9999623409000545,2.7249975333428287,7.461938401160313,156,0,3900,1560.0,10.186935934503142,0.9999623409000545,2.7249975333428287,7.461938401160313
draper_adder_n24,arithmetic,MQT Bench 2.3.0,24,420,110,156,3,15,15,SC5|p=0.002|r=30|rho=100,realistic,SC5,5,25,0.002,30.0,100,1,0.017467932906043773,0.0,0.031064157235436735,0.0001993039102874015,FEASIBLE/FEASIBLE,70.15,33,FEASIBLE,30.07,1.611968728405917,0.011,0.0,0.0,0.0,156,0,3900,15600.0,77.34438154494596,1.0,2.7249975333428287,74.61938401160313,20,13,825,3300.0,16.538062396943754,0.999999934293133,0.753192702181553,15.7848696947622,20,13,825,3300.0,16.538062396943754,0.999999934293133,0.753192702181553,15.7848696947622,0,38,950,3800.0,19.356954593157614,0.9999999960791391,1.1804379749465959,18.176516618211018,0,38,950,3800.0,19.356954593157614,0.9999999960791391,1.1804379749465959,18.176516618211018,25,19,1100,4400.0,22.073410236473993,0.9999999997407971,1.0269173101243922,21.0464929263496,25,19,1100,4400.0,22.073410236473993,0.9999999997407971,1.0269173101243922,21.0464929263496,28,17,1125,4500.0,22.54201510541101,0.9999999998377714,1.01719279437165,21.52482231103936,28,17,1125,4500.0,22.54201510541101,0.9999999998377714,1.01719279437165,21.52482231103936,34,15,1225,4900.0,24.498011927135458,0.9999999999770571,1.0598720773370394,23.438139849798418,34,15,1225,4900.0,24.498011927135458,0.9999999999770571,1.0598720773370394,23.438139849798418,20,13,825,3300.0,16.538062396943754,0.999999934293133,0.753192702181553,15.7848696947622,20,13,825,3300.0,16.538062396943754,0.999999934293133,0.753192702181553,15.7848696947622,30,11,1025,4100.0,20.477248489051426,0.9999999987210783,0.8657437167711173,19.61150477228031,30,11,1025,4100.0,20.477248489051426,0.9999999987210783,0.8657437167711173,19.61150477228031,42,9,1275,5100.0,25.408029216350712,0.999999999990765,1.013230597172769,24.394798619177944,42,9,1275,5100.0,25.408029216350712,0.999999999990765,1.013230597172769,24.394798619177944,56,7,1575,6300.0,31.330404578841616,0.9999999999999752,1.1956533433865084,30.13475123545511,56,7,1575,6300.0,31.330404578841616,0.9999999999999752,1.1956533433865084,30.13475123545511,72,5,1925,7700.0,38.24437457652414,1.0,1.4130119554123353,36.8313626211118,72,5,1925,7700.0,38.24437457652414,1.0,1.4130119554123353,36.8313626211118,90,3,2325,9300.0,46.14993920939827,1.0,1.6653064332502499,44.48463277614802,90,3,2325,9300.0,46.14993920939827,1.0,1.6653064332502499,44.48463277614802,110,2,2800,11200.0,55.55649201938921,1.0,1.9836009341356886,53.572891085253524,110,2,2800,11200.0,55.55649201938921,1.0,1.9836009341356886,53.572891085253524,132,1,3325,13300.0,65.95463946457178,1.0,2.336831300833215,63.617808163738566,132,1,3325,13300.0,65.95463946457178,1.0,2.336831300833215,63.617808163738566,156,0,3900,15600.0,77.34438154494596,1.0,2.7249975333428287,74.61938401160313,156,0,3900,15600.0,77.34438154494596,1.0,2.7249975333428287,74.61938401160313,156,0,3900,15600.0,77.34438154494596,1.0,2.7249975333428287,74.61938401160313,156,0,3900,15600.0,77.34438154494596,1.0,2.7249975333428287,74.61938401160313,156,0,3900,15600.0,77.34438154494596,1.0,2.7249975333428287,74.61938401160313,156,0,3900,15600.0,77.34438154494596,1.0,2.7249975333428287,74.61938401160313
draper_adder_n24,arithmetic,MQT Bench 2.3.0,24,420,110,156,3,15,15,SC7|p=0.001|r=10|rho=10,realistic,SC7,7,49,0.001,10.0,10,0,0.00013916666666666662,0.00010250000000000045,0.00027916666666666584,1.805555555555555e-06,FEASIBLE/FEASIBLE,70.17,33,FEASIBLE,30.07,0.057740011300000144,0.011,0.0007575757575757576,0.009216589861751152,0.004761904761904762,156,0,7644,1560.0,0.11637000000000008,0.10985419158963536,0.04877000000000011,0.06759999999999998,20,13,1617,370,0.06344583333333349,0.06147504530776127,0.04741250000000016,0.01603333333333333,22,13,1715,367,0.06338916666666683,0.06142186072011296,0.0474858333333335,0.01590333333333333,0,38,1862,397,0.07086166666666682,0.06840924673130695,0.05365833333333349,0.017203333333333327,0,38,1862,397,0.07086166666666682,0.06840924673130695,0.05365833333333349,0.017203333333333327,25,19,2156,440.0,0.06833750000000016,0.0660547861295509,0.04927083333333349,0.019066666666666662,25,19,2156,440.0,0.06833750000000016,0.0660547861295509,0.04927083333333349,0.019066666666666662,28,17,2205,450.0,0.06832250000000015,0.06604077684627346,0.04882250000000016,0.019499999999999993,28,17,2205,450.0,0.06832250000000015,0.06604077684627346,0.04882250000000016,0.019499999999999993,34,15,2401,490.0,0.06971750000000015,0.06734274163099759,0.04848416666666682,0.021233333333333326,34,15,2401,490.0,0.06971750000000015,0.06734274163099759,0.04848416666666682,0.021233333333333326,20,13,1617,373,0.0635758333333335,0.06159704562167904,0.04741250000000016,0.016163333333333328,20,13,1617,373,0.0635758333333335,0.06159704562167904,0.04741250000000016,0.016163333333333328,30,11,2009,410.0,0.06498750000000014,0.06292082320609578,0.04722083333333349,0.01776666666666666,30,11,2009,410.0,0.06498750000000014,0.06292082320609578,0.04722083333333349,0.01776666666666666,42,9,2499,510.0,0.06920250000000015,0.06686229943969206,0.04710250000000016,0.022099999999999995,42,9,2499,510.0,0.06920250000000015,0.06686229943969206,0.04710250000000016,0.022099999999999995,56,7,3087,630.0,0.07435750000000015,0.0716602469513092,0.047057500000000155,0.02729999999999999,56,7,3087,630.0,0.07435750000000015,0.0716602469513092,0.047057500000000155,0.02729999999999999,72,5,3773,770.0,0.08045250000000014,0.07730126926743677,0.04708583333333348,0.033366666666666656,72,5,3773,770.0,0.08045250000000014,0.07730126926743677,0.04708583333333348,0.033366666666666656,90,3,4557,930.0,0.08748750000000013,0.08376967554164697,0.04718750000000014,0.04029999999999999,90,3,4557,930.0,0.08748750000000013,0.08376967554164697,0.04718750000000014,0.04029999999999999,110,2,5488,1120.0,0.09617500000000012,0.09169495122406217,0.0476416666666668,0.04853333333333332,110,2,5488,1120.0,0.09617500000000012,0.09169495122406217,0.0476416666666668,0.04853333333333332,132,1,6517,1330.0,0.1058025000000001,0.10039769801333483,0.04816916666666679,0.057633333333333314,132,1,6517,1330.0,0.1058025000000001,0.10039769801333483,0.04816916666666679,0.057633333333333314,156,0,7644,1560.0,0.11637000000000008,0.10985419158963536,0.04877000000000011,0.06759999999999998,156,0,7644,1560.0,0.11637000000000008,0.10985419158963536,0.04877000000000011,0.06759999999999998,156,0,7644,1560.0,0.11637000000000008,0.10985419158963536,0.04877000000000011,0.06759999999999998,156,0,7644,1560.0,0.11637000000000008,0.10985419158963536,0.04877000000000011,0.06759999999999998,156,0,7644,1560.0,0.11637000000000008,0.10985419158963536,0.04877000000000011,0.06759999999999998,156,0,7644,1560.0,0.11637000000000008,0.10985419158963536,0.04877000000000011,0.06759999999999998
draper_adder_n24,arithmetic,MQT Bench 2.3.0,24,420,110,156,3,15,15,SC7|p=0.001|r=10|rho=100,realistic,SC7,7,49,0.001,10.0,100,0,0.00013916666666666662,0.00010250000000000045,0.00027916666666666584,1.805555555555555e-06,FEASIBLE/FEASIBLE,70.16,33,FEASIBLE,30.08,0.05760334442083348,0.011,0.0428030303030303,0.07432432432432433,0.04523809523809524,156,0,7644,15600.0,0.7247699999999999,0.5155640235824107,0.04877000000000011,0.6759999999999998,20,13,1617,3300.0,0.19041250000000012,0.17338191635292982,0.04741250000000016,0.14299999999999996,3,21,1176,2400.0,0.15302250000000012,0.1418895858901346,0.04902250000000016,0.10399999999999997,0,38,1862,3800.0,0.2183250000000001,0.19613585663870747,0.05365833333333349,0.16466666666666663,0,38,1862,3800.0,0.2183250000000001,0.19613585663870747,0.05365833333333349,0.16466666666666663,25,19,2156,4400.0,0.2399375000000001,0.21332297315571547,0.04927083333333349,0.19066666666666662,25,19,2156,4400.0,0.2399375000000001,0.21332297315571547,0.04927083333333349,0.19066666666666662,28,17,2205,4500.0,0.2438225000000001,0.21637328433894695,0.04882250000000016,0.19499999999999995,28,17,2205,4500.0,0.2438225000000001,0.21637328433894695,0.04882250000000016,0.19499999999999995,34,15,2401,4900.0,0.2608175000000001,0.22957849128872634,0.04848416666666682,0.21233333333333326,34,15,2401,4900.0,0.2608175000000001,0.22957849128872634,0.04848416666666682,0.21233333333333326,20,13,1617,3300.0,0.19041250000000012,0.17338191635292982,0.04741250000000016,0.14299999999999996,20,13,1617,3300.0,0.19041250000000012,0.17338191635292982,0.04741250000000016,0.14299999999999996,30,11,2009,4100.0,0.2248875000000001,0.20139394311271266,0.04722083333333349,0.1776666666666666,30,11,2009,4100.0,0.2248875000000001,0.20139394311271266,0.04722083333333349,0.1776666666666666,42,9,2499,5100.0,0.26810250000000013,0.23517061792668023,0.04710250000000016,0.22099999999999995,42,9,2499,5100.0,0.26810250000000013,0.23517061792668023,0.04710250000000016,0.22099999999999995,56,7,3087,6300.0,0.32005750000000005,0.2738927152955487,0.047057500000000155,0.2729999999999999,56,7,3087,6300.0,0.32005750000000005,0.2738927152955487,0.047057500000000155,0.2729999999999999,72,5,3773,7700.0,0.38075250000000005,0.3166530029262352,0.04708583333333348,0.33366666666666656,72,5,3773,7700.0,0.38075250000000005,0.3166530029262352,0.04708583333333348,0.33366666666666656,90,3,4557,9300.0,0.4501875,0.36249139244904893,0.04718750000000014,0.40299999999999986,90,3,4557,9300.0,0.4501875,0.36249139244904893,0.04718750000000014,0.40299999999999986,110,2,5488,11200.0,0.532975,0.4131435279266426,0.0476416666666668,0.4853333333333332,110,2,5488,11200.0,0.532975,0.4131435279266426,0.0476416666666668,0.4853333333333332,132,1,6517,13300.0,0.6245025,0.46447221266906086,0.04816916666666679,0.5763333333333331,132,1,6517,13300.0,0.6245025,0.46447221266906086,0.04816916666666679,0.5763333333333331,156,0,7644,15600.0,0.7247699999999999,0.5155640235824107,0.04877000000000011,0.6759999999999998,156,0,7644,15600.0,0.7247699999999999,0.5155640235824107,0.04877000000000011,0.6759999999999998,156,0,7644,15600.0,0.7247699999999999,0.5155640235824107,0.04877000000000011,0.6759999999999998,156,0,7644,15600.0,0.7247699999999999,0.5155640235824107,0.04877000000000011,0.6759999999999998,156,0,7644,15600.0,0.7247699999999999,0.5155640235824107,0.04877000000000011,0.6759999999999998,156,0,7644,15600.0,0.7247699999999999,0.5155640235824107,0.04877000000000011,0.6759999999999998
ising_n26,pauli-rotations,QASMBench 357b942,26,50,4,2,4,17,17,SC5|p=0.001|r=10|rho=10,realistic,SC5,5,25,0.001,10.0,10,0,0.0003825200145869967,5.810310143125109e-05,0.0009810966318486132,2.8691623476531386e-05,OPTIMAL/OPTIMAL,0.03,2,OPTIMAL,0.02,0.018473624183867835,0.001,0.0,0.0,0.0,2,0,50,20.0,0.018473633105670365,0.018304041475847237,0.0035539888978740456,0.01491964420779632,2,0,50,20.0,0.018473633105670365,0.018304041475847237,0.0035539888978740456,0.01491964420779632,2,0,50,20.0,0.018473633105670365,0.018304041475847237,0.0035539888978740456,0.01491964420779632,0,2,50,22,0.021278956963835735,0.021054157283434533,0.0048673483352597805,0.016411608628575953,0,2,50,22,0.021278956963835735,0.021054157283434533,0.0048673483352597805,0.016411608628575953,2,0,50,20.0,0.018473633105670365,0.018304041475847237,0.0035539888978740456,0.01491964420779632,2,0,50,20.0,0.018473633105670365,0.018304041475847237,0.0035539888978740456,0.01491964420779632,2,0,50,20.0,0.018473633105670365,0.018304041475847237,0.0035539888978740456,0.01491964420779632,2,0,50,20.0,0.018473633105670365,0.018304041475847237,0.0035539888978740456,0.01491964420779632,2,0,50,20.0,0.018473633105670365,0.018304041475847237,0.0035539888978740456,0.01491964420779632,2,0,50,20.0,0.018473633105670365,0.018304041475847237,0.0035539888978740456,0.01491964420779632,2,0,50,20.0,0.018473633105670365,0.018304041475847237,0.0035539888978740456,0.01491964420779632,2,0,50,20.0,0.018473633105670365,0.018304041475847237,0.0035539888978740456,0.01491964420779632,2,0,50,20.0,0.018473633105670365,0.018304041475847237,0.0035539888978740456,0.01491964420779632,2,0,50,20.0,0.018473633105670365,0.018304041475847237,0.0035539888978740456,0.01491964420779632,2,0,50,20.0,0.018473633105670365,0.018304041475847237,0.0035539888978740456,0.01491964420779632,2,0,50,20.0,0.018473633105670365,0.018304041475847237,0.0035539888978740456,0.01491964420779632,2,0,50,20.0,0.018473633105670365,0.018304041475847237,0.0035539888978740456,0.01491964420779632,2,0,50,20.0,0.018473633105670365,0.018304041475847237,0.0035539888978740456,0.01491964420779632,2,0,50,20.0,0.018473633105670365,0.018304041475847237,0.0035539888978740456,0.01491964420779632,2,0,50,20.0,0.018473633105670365,0.018304041475847237,0.0035539888978740456,0.01491964420779632,2,0,50,20.0,0.018473633105670365,0.018304041475847237,0.0035539888978740456,0.01491964420779632,2,0,50,20.0,0.018473633105670365,0.018304041475847237,0.0035539888978740456,0.01491964420779632,2,0,50,20.0,0.018473633105670365,0.018304041475847237,0.0035539888978740456,0.01491964420779632,2,0,50,20.0,0.018473633105670365,0.018304041475847237,0.0035539888978740456,0.01491964420779632,2,0,50,20.0,0.018473633105670365,0.018304041475847237,0.0035539888978740456,0.01491964420779632,2,0,50,20.0,0.018473633105670365,0.018304041475847237,0.0035539888978740456,0.01491964420779632,2,0,50,20.0,0.018473633105670365,0.018304041475847237,0.0035539888978740456,0.01491964420779632,2,0,50,20.0,0.018473633105670365,0.018304041475847237,0.0035539888978740456,0.01491964420779632,2,0,50,20.0,0.018473633105670365,0.018304041475847237,0.0035539888978740456,0.01491964420779632,2,0,50,20.0,0.018473633105670365,0.018304041475847237,0.0035539888978740456,0.01491964420779632,2,0,50,20.0,0.018473633105670365,0.018304041475847237,0.0035539888978740456,0.01491964420779632,2,0,50,20.0,0.018473633105670365,0.018304041475847237,0.0035539888978740456,0.01491964420779632
ising_n26,pauli-rotations,QASMBench 357b942,26,50,4,2,4,17,17,SC5|p=0.001|r=10|rho=100,realistic,SC5,5,25,0.001,10.0,100,0,0.0003825200145869967,5.810310143125109e-05,0.0009810966318486132,2.8691623476531386e-05,OPTIMAL/OPTIMAL,0.03,2,OPTIMAL,0.02,0.15275033549553324,0.001,0.0,0.0,0.0,2,0,50,200.0,0.15275043097583724,0.14165608886493014,0.0035539888978740456,0.1491964420779632,2,0,50,200.0,0.15275043097583724,0.14165608886493014,0.0035539888978740456,0.1491964420779632,2,0,50,200.0,0.15275043097583724,0.14165608886493014,0.0035539888978740456,0.1491964420779632,0,2,50,200.0,0.154063790413223,0.14278266298083162,0.0048673483352597805,0.1491964420779632,0,2,50,200.0,0.154063790413223,0.14278266298083162,0.0048673483352597805,0.1491964420779632,2,0,50,200.0,0.15275043097583724,0.14165608886493014,0.0035539888978740456,0.1491964420779632,2,0,50,200.0,0.15275043097583724,0.14165608886493014,0.0035539888978740456,0.1491964420779632,2,0,50,200.0,0.15275043097583724,0.14165608886493014,0.0035539888978740456,0.1491964420779632,2,0,50,200.0,0.15275043097583724,0.14165608886493014,0.0035539888978740456,0.1491964420779632,2,0,50,200.0,0.15275043097583724,0.14165608886493014,0.0035539888978740456,0.1491964420779632,2,0,50,200.0,0.15275043097583724,0.14165608886493014,0.0035539888978740456,0.1491964420779632,2,0,50,200.0,0.15275043097583724,0.14165608886493014,0.0035539888978740456,0.1491964420779632,2,0,50,200.0,0.15275043097583724,0.14165608886493014,0.0035539888978740456,0.1491964420779632,2,0,50,200.0,0.15275043097583724,0.14165608886493014,0.0035539888978740456,0.1491964420779632,2,0,50,200.0,0.15275043097583724,0.14165608886493014,0.0035539888978740456,0.1491964420779632,2,0,50,200.0,0.15275043097583724,0.14165608886493014,0.0035539888978740456,0.1491964420779632,2,0,50,200.0,0.15275043097583724,0.14165608886493014,0.0035539888978740456,0.1491964420779632,2,0,50,200.0,0.15275043097583724,0.14165608886493014,0.0035539888978740456,0.1491964420779632,2,0,50,200.0,0.15275043097583724,0.14165608886493014,0.0035539888978740456,0.1491964420779632,2,0,50,200.0,0.15275043097583724,0.14165608886493014,0.0035539888978740456,0.1491964420779632,2,0,50,200.0,0.15275043097583724,0.14165608886493014,0.0035539888978740456,0.1491964420779632,2,0,50,200.0,0.15275043097583724,0.14165608886493014,0.0035539888978740456,0.1491964420779632,2,0,50,200.0,0.15275043097583724,0.14165608886493014,0.0035539888978740456,0.1491964420779632,2,0,50,200.0,0.15275043097583724,0.14165608886493014,0.0035539888978740456,0.1491964420779632,2,0,50,200.0,0.15275043097583724,0.14165608886493014,0.0035539888978740456,0.1491964420779632,2,0,50,200.0,0.15275043097583724,0.14165608886493014,0.0035539888978740456,0.1491964420779632,2,0,50,200.0,0.15275043097583724,0.14165608886493014,0.0035539888978740456,0.1491964420779632,2,0,50,200.0,0.15275043097583724,0.14165608886493014,0.0035539888978740456,0.1491964420779632,2,0,50,200.0,0.15275043097583724,0.14165608886493014,0.0035539888978740456,0.1491964420779632,2,0,50,200.0,0.15275043097583724,0.14165608886493014,0.0035539888978740456,0.1491964420779632,2,0,50,200.0,0.15275043097583724,0.14165608886493014,0.0035539888978740456,0.1491964420779632,2,0,50,200.0,0.15275043097583724,0.14165608886493014,0.0035539888978740456,0.1491964420779632,2,0,50,200.0,0.15275043097583724,0.14165608886493014,0.0035539888978740456,0.1491964420779632
ising_n26,pauli-rotations,QASMBench 357b942,26,50,4,2,4,17,17,SC5|p=0.001|r=30|rho=10,realistic,SC5,5,25,0.001,30.0,10,1,0.0031526304869580694,0.0,0.005366132781095331,2.868275147901941e-05,OPTIMAL/OPTIMAL,0.03,2,OPTIMAL,0.02,0.021220318421513673,0.001,0.0,0.0,0.0,2,0,50,20.0,0.02122029174300623,0.020996725524784512,0.006305260973916139,0.014915030769090093,2,0,50,20.0,0.02122029174300623,0.020996725524784512,0.006305260973916139,0.014915030769090093,2,0,50,20.0,0.02122029174300623,0.020996725524784512,0.006305260973916139,0.014915030769090093,0,2,50,22,0.027138799408189765,0.02677385106433908,0.010732265562190662,0.0164065338459991,0,2,50,22,0.027138799408189765,0.02677385106433908,0.010732265562190662,0.0164065338459991,2,0,50,20.0,0.02122029174300623,0.020996725524784512,0.006305260973916139,0.014915030769090093,2,0,50,20.0,0.02122029174300623,0.020996725524784512,0.006305260973916139,0.014915030769090093,2,0,50,20.0,0.02122029174300623,0.020996725524784512,0.006305260973916139,0.014915030769090093,2,0,50,20.0,0.02122029174300623,0.020996725524784512,0.006305260973916139,0.014915030769090093,2,0,50,20.0,0.02122029174300623,0.020996725524784512,0.006305260973916139,0.014915030769090093,2,0,50,20.0,0.02122029174300623,0.020996725524784512,0.006305260973916139,0.014915030769090093,2,0,50,20.0,0.02122029174300623,0.020996725524784512,0.006305260973916139,0.014915030769090093,2,0,50,20.0,0.02122029174300623,0.020996725524784512,0.006305260973916139,0.014915030769090093,2,0,50,20.0,0.02122029174300623,0.020996725524784512,0.006305260973916139,0.014915030769090093,2,0,50,20.0,0.02122029174300623,0.020996725524784512,0.006305260973916139,0.014915030769090093,2,0,50,20.0,0.02122029174300623,0.020996725524784512,0.006305260973916139,0.014915030769090093,2,0,50,20.0,0.02122029174300623,0.020996725524784512,0.006305260973916139,0.014915030769090093,2,0,50,20.0,0.02122029174300623,0.020996725524784512,0.006305260973916139,0.014915030769090093,2,0,50,20.0,0.02122029174300623,0.020996725524784512,0.006305260973916139,0.014915030769090093,2,0,50,20.0,0.02122029174300623,0.020996725524784512,0.006305260973916139,0.014915030769090093,2,0,50,20.0,0.02122029174300623,0.020996725524784512,0.006305260973916139,0.014915030769090093,2,0,50,20.0,0.02122029174300623,0.020996725524784512,0.006305260973916139,0.014915030769090093,2,0,50,20.0,0.02122029174300623,0.020996725524784512,0.006305260973916139,0.014915030769090093,2,0,50,20.0,0.02122029174300623,0.020996725524784512,0.006305260973916139,0.014915030769090093,2,0,50,20.0,0.02122029174300623,0.020996725524784512,0.006305260973916139,0.014915030769090093,2,0,50,20.0,0.02122029174300623,0.020996725524784512,0.006305260973916139,0.014915030769090093,2,0,50,20.0,0.02122029174300623,0.020996725524784512,0.006305260973916139,0.014915030769090093,2,0,50,20.0,0.02122029174300623,0.020996725524784512,0.006305260973916139,0.014915030769090093,2,0,50,20.0,0.02122029174300623,0.020996725524784512,0.006305260973916139,0.014915030769090093,2,0,50,20.0,0.02122029174300623,0.020996725524784512,0.006305260973916139,0.014915030769090093,2,0,50,20.0,0.02122029174300623,0.020996725524784512,0.006305260973916139,0.014915030769090093,2,0,50,20.0,0.02122029174300623,0.020996725524784512,0.006305260973916139,0.014915030769090093,2,0,50,20.0,0.02122029174300623,0.020996725524784512,0.006305260973916139,0.014915030769090093
ising_n26,pauli-rotations,QASMBench 357b942,26,50,4,2,4,17,17,SC5|p=0.001|r=30|rho=100,realistic,SC5,5,25,0.001,30.0,100,1,0.0031526304869580694,0.0,0.005366132781095331,2.868275147901941e-05,OPTIMAL/OPTIMAL,0.03,2,OPTIMAL,0.02,0.1554558471031033,0.001,0.0,0.0,0.0,2,0,50,200.0,0.15545556866481708,0.14397488957741036,0.006305260973916139,0.14915030769090093,2,0,50,200.0,0.15545556866481708,0.14397488957741036,0.006305260973916139,0.14915030769090093,2,0,50,200.0,0.15545556866481708,0.14397488957741036,0.006305260973916139,0.14915030769090093,0,2,50,200.0,0.1598825732530916,0.1477561406853994,0.010732265562190662,0.14915030769090093,0,2,50,200.0,0.1598825732530916,0.1477561406853994,0.010732265562190662,0.14915030769090093,2,0,50,200.0,0.15545556866481708,0.14397488957741036,0.006305260973916139,0.14915030769090093,2,0,50,200.0,0.15545556866481708,0.14397488957741036,0.006305260973916139,0.14915030769090093,2,0,50,200.0,0.15545556866481708,0.14397488957741036,0.006305260973916139,0.14915030769090093,2,0,50,200.0,0.15545556866481708,0.14397488957741036,0.006305260973916139,0.14915030769090093,2,0,50,200.0,0.15545556866481708,0.14397488957741036,0.006305260973916139,0.14915030769090093,2,0,50,200.0,0.15545556866481708,0.14397488957741036,0.006305260973916139,0.14915030769090093,2,0,50,200.0,0.15545556866481708,0.14397488957741036,0.006305260973916139,0.14915030769090093,2,0,50,200.0,0.15545556866481708,0.14397488957741036,0.006305260973916139,0.14915030769090093,2,0,50,200.0,0.15545556866481708,0.14397488957741036,0.006305260973916139,0.14915030769090093,2,0,50,200.0,0.15545556866481708,0.14397488957741036,0.006305260973916139,0.14915030769090093,2,0,50,200.0,0.15545556866481708,0.14397488957741036,0.006305260973916139,0.14915030769090093,2,0,50,200.0,0.15545556866481708,0.14397488957741036,0.006305260973916139,0.14915030769090093,2,0,50,200.0,0.15545556866481708,0.14397488957741036,0.006305260973916139,0.14915030769090093,2,0,50,200.0,0.15545556866481708,0.14397488957741036,0.006305260973916139,0.14915030769090093,2,0,50,200.0,0.15545556866481708,0.14397488957741036,0.006305260973916139,0.14915030769090093,2,0,50,200.0,0.15545556866481708,0.14397488957741036,0.006305260973916139,0.14915030769090093,2,0,50,200.0,0.15545556866481708,0.14397488957741036,0.006305260973916139,0.14915030769090093,2,0,50,200.0,0.15545556866481708,0.14397488957741036,0.006305260973916139,0.14915030769090093,2,0,50,200.0,0.15545556866481708,0.14397488957741036,0.006305260973916139,0.14915030769090093,2,0,50,200.0,0.15545556866481708,0.14397488957741036,0.006305260973916139,0.14915030769090093,2,0,50,200.0,0.15545556866481708,0.14397488957741036,0.006305260973916139,0.14915030769090093,2,0,50,200.0,0.15545556866481708,0.14397488957741036,0.006305260973916139,0.14915030769090093,2,0,50,200.0,0.15545556866481708,0.14397488957741036,0.006305260973916139,0.14915030769090093,2,0,50,200.0,0.15545556866481708,0.14397488957741036,0.006305260973916139,0.14915030769090093,2,0,50,200.0,0.15545556866481708,0.14397488957741036,0.006305260973916139,0.14915030769090093,2,0,50,200.0,0.15545556866481708,0.14397488957741036,0.006305260973916139,0.14915030769090093,2,0,50,200.0,0.15545556866481708,0.14397488957741036,0.006305260973916139,0.14915030769090093,2,0,50,200.0,0.15545556866481708,0.14397488957741036,0.006305260973916139,0.14915030769090093
ising_n26,pauli-rotations,QASMBench 357b942,26,50,4,2,4,17,17,SC5|p=0.002|r=10|rho=10,realistic,SC5,5,25,0.002,10.0,10,1,0.0032480946242971235,0.0,0.0089771927017271,0.0002379015985281741,OPTIMAL/OPTIMAL,0.03,2,OPTIMAL,0.02,0.13020495158445422,0.001,0.0,0.0,0.0,2,0,50,20.0,0.13020502048324478,0.12208457817561456,0.006496189248594247,0.12370883123465054,2,0,50,20.0,0.13020502048324478,0.12208457817561456,0.006496189248594247,0.12370883123465054,2,0,50,20.0,0.13020502048324478,0.12208457817561456,0.006496189248594247,0.12370883123465054,0,2,50,22,0.1540340997615698,0.1427572112616499,0.0179543854034542,0.13607971435811558,0,2,50,22,0.1540340997615698,0.1427572112616499,0.0179543854034542,0.13607971435811558,2,0,50,20.0,0.13020502048324478,0.12208457817561456,0.006496189248594247,0.12370883123465054,2,0,50,20.0,0.13020502048324478,0.12208457817561456,0.006496189248594247,0.12370883123465054,2,0,50,20.0,0.13020502048324478,0.12208457817561456,0.006496189248594247,0.12370883123465054,2,0,50,20.0,0.13020502048324478,0.12208457817561456,0.006496189248594247,0.12370883123465054,2,0,50,20.0,0.13020502048324478,0.12208457817561456,0.006496189248594247,0.12370883123465054,2,0,50,20.0,0.13020502048324478,0.12208457817561456,0.006496189248594247,0.12370883123465054,2,0,50,20.0,0.13020502048324478,0.12208457817561456,0.006496189248594247,0.12370883123465054,2,0,50,20.0,0.13020502048324478,0.12208457817561456,0.006496189248594247,0.12370883123465054,2,0,50,20.0,0.13020502048324478,0.12208457817561456,0.006496189248594247,0.12370883123465054,2,0,50,20.0,0.13020502048324478,0.12208457817561456,0.006496189248594247,0.12370883123465054,2,0,50,20.0,0.13020502048324478,0.12208457817561456,0.006496189248594247,0.12370883123465054,2,0,50,20.0,0.13020502048324478,0.12208457817561456,0.006496189248594247,0.12370883123465054,2,0,50,20.0,0.13020502048324478,0.12208457817561456,0.006496189248594247,0.12370883123465054,2,0,50,20.0,0.13020502048324478,0.12208457817561456,0.006496189248594247,0.12370883123465054,2,0,50,20.0,0.13020502048324478,0.12208457817561456,0.006496189248594247,0.12370883123465054,2,0,50,20.0,0.13020502048324478,0.12208457817561456,0.006496189248594247,0.12370883123465054,2,0,50,20.0,0.13020502048324478,0.12208457817561456,0.006496189248594247,0.12370883123465054,2,0,50,20.0,0.13020502048324478,0.12208457817561456,0.006496189248594247,0.12370883123465054,2,0,50,20.0,0.13020502048324478,0.12208457817561456,0.006496189248594247,0.12370883123465054,2,0,50,20.0,0.13020502048324478,0.12208457817561456,0.006496189248594247,0.12370883123465054,2,0,50,20.0,0.13020502048324478,0.12208457817561456,0.006496189248594247,0.12370883123465054,2,0,50,20.0,0.13020502048324478,0.12208457817561456,0.006496189248594247,0.12370883123465054,2,0,50,20.0,0.13020502048324478,0.12208457817561456,0.006496189248594247,0.12370883123465054,2,0,50,20.0,0.13020502048324478,0.12208457817561456,0.006496189248594247,0.12370883123465054,2,0,50,20.0,0.13020502048324478,0.12208457817561456,0.006496189248594247,0.12370883123465054,2,0,50,20.0,0.13020502048324478,0.12208457817561456,0.006496189248594247,0.12370883123465054,2,0,50,20.0,0.13020502048324478,0.12208457817561456,0.006496189248594247,0.12370883123465054,2,0,50,20.0,0.13020502048324478,0.12208457817561456,0.006496189248594247,0.12370883123465054
ising_n26,pauli-rotations,QASMBench 357b942,26,50,4,2,4,17,17,SC5|p=0.002|r=10|rho=100,realistic,SC5,5,25,0.002,10.0,100,1,0.0032480946242971235,0.0,0.0089771927017271,0.0002379015985281741,OPTIMAL/OPTIMAL,0.03,2,OPTIMAL,0.02,1.2435838606623164,0.001,0.0,0.0,0.0,2,0,50,200.0,1.2435845015950995,0.7116512233725635,0.006496189248594247,1.2370883123465053,2,0,50,200.0,1.2435845015950995,0.7116512233725635,0.006496189248594247,1.2370883123465053,2,0,50,200.0,1.2435845015950995,0.7116512233725635,0.006496189248594247,1.2370883123465053,0,2,50,200.0,1.2550426977499596,0.7149363236129765,0.0179543854034542,1.2370883123465053,0,2,50,200.0,1.2550426977499596,0.7149363236129765,0.0179543854034542,1.2370883123465053,2,0,50,200.0,1.2435845015950995,0.7116512233725635,0.006496189248594247,1.2370883123465053,2,0,50,200.0,1.2435845015950995,0.7116512233725635,0.006496189248594247,1.2370883123465053,2,0,50,200.0,1.2435845015950995,0.7116512233725635,0.006496189248594247,1.2370883123465053,2,0,50,200.0,1.2435845015950995,0.7116512233725635,0.006496189248594247,1.2370883123465053,2,0,50,200.0,1.2435845015950995,0.7116512233725635,0.006496189248594247,1.2370883123465053,2,0,50,200.0,1.2435845015950995,0.7116512233725635,0.006496189248594247,1.2370883123465053,2,0,50,200.0,1.2435845015950995,0.7116512233725635,0.006496189248594247,1.2370883123465053,2,0,50,200.0,1.2435845015950995,0.7116512233725635,0.006496189248594247,1.2370883123465053,2,0,50,200.0,1.2435845015950995,0.7116512233725635,0.006496189248594247,1.2370883123465053,2,0,50,200.0,1.2435845015950995,0.7116512233725635,0.006496189248594247,1.2370883123465053,2,0,50,200.0,1.2435845015950995,0.7116512233725635,0.006496189248594247,1.2370883123465053,2,0,50,200.0,1.2435845015950995,0.7116512233725635,0.006496189248594247,1.2370883123465053,2,0,50,200.0,1.2435845015950995,0.7116512233725635,0.006496189248594247,1.2370883123465053,2,0,50,200.0,1.2435845015950995,0.7116512233725635,0.006496189248594247,1.2370883123465053,2,0,50,200.0,1.2435845015950995,0.7116512233725635,0.006496189248594247,1.2370883123465053,2,0,50,200.0,1.2435845015950995,0.7116512233725635,0.006496189248594247,1.2370883123465053,2,0,50,200.0,1.2435845015950995,0.7116512233725635,0.006496189248594247,1.2370883123465053,2,0,50,200.0,1.2435845015950995,0.7116512233725635,0.006496189248594247,1.2370883123465053,2,0,50,200.0,1.2435845015950995,0.7116512233725635,0.006496189248594247,1.2370883123465053,2,0,50,200.0,1.2435845015950995,0.7116512233725635,0.006496189248594247,1.2370883123465053,2,0,50,200.0,1.2435845015950995,0.7116512233725635,0.006496189248594247,1.2370883123465053,2,0,50,200.0,1.2435845015950995,0.7116512233725635,0.006496189248594247,1.2370883123465053,2,0,50,200.0,1.2435845015950995,0.7116512233725635,0.006496189248594247,1.2370883123465053,2,0,50,200.0,1.2435845015950995,0.7116512233725635,0.006496189248594247,1.2370883123465053,2,0,50,200.0,1.2435845015950995,0.7116512233725635,0.006496189248594247,1.2370883123465053,2,0,50,200.0,1.2435845015950995,0.7116512233725635,0.006496189248594247,1.2370883123465053,2,0,50,200.0,1.2435845015950995,0.7116512233725635,0.006496189248594247,1.2370883123465053,2,0,50,200.0,1.2435845015950995,0.7116512233725635,0.006496189248594247,1.2370883123465053
ising_n26,pauli-rotations,QASMBench 357b942,26,50,4,2,4,17,17,SC5|p=0.002|r=30|rho=10,realistic,SC5,5,25,0.002,30.0,10,1,0.017467932906043773,0.0,0.031064157235436735,0.0001993039102874015,OPTIMAL/OPTIMAL,0.03,2,OPTIMAL,0.02,0.13857397475493077,0.001,0.0,0.0,0.0,2,0,50,20.0,0.13857389916153634,0.12940108763780808,0.034935865812087546,0.1036380333494488,2,0,50,20.0,0.13857389916153634,0.12940108763780808,0.034935865812087546,0.1036380333494488,2,0,50,20.0,0.13857389916153634,0.12940108763780808,0.034935865812087546,0.1036380333494488,0,2,50,22,0.17613015115526715,0.16149115665978273,0.06212831447087347,0.11400183668439366,0,2,50,22,0.17613015115526715,0.16149115665978273,0.06212831447087347,0.11400183668439366,2,0,50,20.0,0.13857389916153634,0.12940108763780808,0.034935865812087546,0.1036380333494488,2,0,50,20.0,0.13857389916153634,0.12940108763780808,0.034935865812087546,0.1036380333494488,2,0,50,20.0,0.13857389916153634,0.12940108763780808,0.034935865812087546,0.1036380333494488,2,0,50,20.0,0.13857389916153634,0.12940108763780808,0.034935865812087546,0.1036380333494488,2,0,50,20.0,0.13857389916153634,0.12940108763780808,0.034935865812087546,0.1036380333494488,2,0,50,20.0,0.13857389916153634,0.12940108763780808,0.034935865812087546,0.1036380333494488,2,0,50,20.0,0.13857389916153634,0.12940108763780808,0.034935865812087546,0.1036380333494488,2,0,50,20.0,0.13857389916153634,0.12940108763780808,0.034935865812087546,0.1036380333494488,2,0,50,20.0,0.13857389916153634,0.12940108763780808,0.034935865812087546,0.1036380333494488,2,0,50,20.0,0.13857389916153634,0.12940108763780808,0.034935865812087546,0.1036380333494488,2,0,50,20.0,0.13857389916153634,0.12940108763780808,0.034935865812087546,0.1036380333494488,2,0,50,20.0,0.13857389916153634,0.12940108763780808,0.034935865812087546,0.1036380333494488,2,0,50,20.0,0.13857389916153634,0.12940108763780808,0.034935865812087546,0.1036380333494488,2,0,50,20.0,0.13857389916153634,0.12940108763780808,0.034935865812087546,0.1036380333494488,2,0,50,20.0,0.13857389916153634,0.12940108763780808,0.034935865812087546,0.1036380333494488,2,0,50,20.0,0.13857389916153634,0.12940108763780808,0.034935865812087546,0.1036380333494488,2,0,50,20.0,0.13857389916153634,0.12940108763780808,0.034935865812087546,0.1036380333494488,2,0,50,20.0,0.13857389916153634,0.12940108763780808,0.034935865812087546,0.1036380333494488,2,0,50,20.0,0.13857389916153634,0.12940108763780808,0.034935865812087546,0.1036380333494488,2,0,50,20.0,0.13857389916153634,0.12940108763780808,0.034935865812087546,0.1036380333494488,2,0,50,20.0,0.13857389916153634,0.12940108763780808,0.034935865812087546,0.1036380333494488,2,0,50,20.0,0.13857389916153634,0.12940108763780808,0.034935865812087546,0.1036380333494488,2,0,50,20.0,0.13857389916153634,0.12940108763780808,0.034935865812087546,0.1036380333494488,2,0,50,20.0,0.13857389916153634,0.12940108763780808,0.034935865812087546,0.1036380333494488,2,0,50,20.0,0.13857389916153634,0.12940108763780808,0.034935865812087546,0.1036380333494488,2,0,50,20.0,0.13857389916153634,0.12940108763780808,0.034935865812087546,0.1036380333494488,2,0,50,20.0,0.13857389916153634,0.12940108763780808,0.034935865812087546,0.1036380333494488,2,0,50,20.0,0.13857389916153634,0.12940108763780808,0.034935865812087546,0.1036380333494488
ising_n26,pauli-rotations,QASMBench 357b942,26,50,4,2,4,17,17,SC5|p=0.002|r=30|rho=100,realistic,SC5,5,25,0.002,30.0,100,1,0.017467932906043773,0.0,0.031064157235436735,0.0001993039102874015,OPTIMAL/OPTIMAL,0.04,2,OPTIMAL,0.03,1.0713169217196141,0.001,0.0,0.0,0.0,2,0,50,200.0,1.0713161993065754,0.6574426531737256,0.034935865812087546,1.0363803334944879,2,0,50,200.0,1.0713161993065754,0.6574426531737256,0.034935865812087546,1.0363803334944879,2,0,50,200.0,1.0713161993065754,0.6574426531737256,0.034935865812087546,1.0363803334944879,0,2,50,200.0,1.0985086479653614,0.6666321179754562,0.06212831447087347,1.0363803334944879,0,2,50,200.0,1.0985086479653614,0.6666321179754562,0.06212831447087347,1.0363803334944879,2,0,50,200.0,1.0713161993065754,0.6574426531737256,0.034935865812087546,1.0363803334944879,2,0,50,200.0,1.0713161993065754,0.6574426531737256,0.034935865812087546,1.0363803334944879,2,0,50,200.0,1.0713161993065754,0.6574426531737256,0.034935865812087546,1.0363803334944879,2,0,50,200.0,1.0713161993065754,0.6574426531737256,0.034935865812087546,1.0363803334944879,2,0,50,200.0,1.0713161993065754,0.6574426531737256,0.034935865812087546,1.0363803334944879,2,0,50,200.0,1.0713161993065754,0.6574426531737256,0.034935865812087546,1.0363803334944879,2,0,50,200.0,1.0713161993065754,0.6574426531737256,0.034935865812087546,1.0363803334944879,2,0,50,200.0,1.0713161993065754,0.6574426531737256,0.034935865812087546,1.0363803334944879,2,0,50,200.0,1.0713161993065754,0.6574426531737256,0.034935865812087546,1.0363803334944879,2,0,50,200.0,1.0713161993065754,0.6574426531737256,0.034935865812087546,1.0363803334944879,2,0,50,200.0,1.0713161993065754,0.6574426531737256,0.034935865812087546,1.0363803334944879,2,0,50,200.0,1.0713161993065754,0.6574426531737256,0.034935865812087546,1.0363803334944879,2,0,50,200.0,1.0713161993065754,0.6574426531737256,0.034935865812087546,1.0363803334944879,2,0,50,200.0,1.0713161993065754,0.6574426531737256,0.034935865812087546,1.0363803334944879,2,0,50,200.0,1.0713161993065754,0.6574426531737256,0.034935865812087546,1.0363803334944879,2,0,50,200.0,1.0713161993065754,0.6574426531737256,0.034935865812087546,1.0363803334944879,2,0,50,200.0,1.0713161993065754,0.6574426531737256,0.034935865812087546,1.0363803334944879,2,0,50,200.0,1.0713161993065754,0.6574426531737256,0.034935865812087546,1.0363803334944879,2,0,50,200.0,1.0713161993065754,0.6574426531737256,0.034935865812087546,1.0363803334944879,2,0,50,200.0,1.0713161993065754,0.6574426531737256,0.034935865812087546,1.0363803334944879,2,0,50,200.0,1.0713161993065754,0.6574426531737256,0.034935865812087546,1.0363803334944879,2,0,50,200.0,1.0713161993065754,0.6574426531737256,0.034935865812087546,1.0363803334944879,2,0,50,200.0,1.0713161993065754,0.6574426531737256,0.034935865812087546,1.0363803334944879,2,0,50,200.0,1.0713161993065754,0.6574426531737256,0.034935865812087546,1.0363803334944879,2,0,50,200.0,1.0713161993065754,0.6574426531737256,0.034935865812087546,1.0363803334944879,2,0,50,200.0,1.0713161993065754,0.6574426531737256,0.034935865812087546,1.0363803334944879,2,0,50,200.0,1.0713161993065754,0.6574426531737256,0.034935865812087546,1.0363803334944879,2,0,50,200.0,1.0713161993065754,0.6574426531737256,0.034935865812087546,1.0363803334944879
ising_n26,pauli-rotations,QASMBench 357b942,26,50,4,2,4,17,17,SC7|p=0.001|r=10|rho=10,realistic,SC7,7,49,0.001,10.0,10,0,0.00013916666666666662,0.00010250000000000045,0.00027916666666666584,1.805555555555555e-06,OPTIMAL/OPTIMAL,0.03,2,OPTIMAL,0.09,0.006137220925000019,0.001,0.0,0.0,0.0,2,0,98,20.0,0.0061372222222222435,0.006118427941800651,0.005198333333333355,0.0009388888888888886,2,0,98,20.0,0.0061372222222222435,0.006118427941800651,0.005198333333333355,0.0009388888888888886,2,0,98,20.0,0.0061372222222222435,0.006118427941800651,0.005198333333333355,0.0009388888888888886,0,2,98,22,0.006716111111111131,0.006693608441873757,0.005683333333333354,0.0010327777777777774,0,2,98,22,0.006716111111111131,0.006693608441873757,0.005683333333333354,0.0010327777777777774,2,0,98,20.0,0.0061372222222222435,0.006118427941800651,0.005198333333333355,0.0009388888888888886,2,0,98,20.0,0.0061372222222222435,0.006118427941800651,0.005198333333333355,0.0009388888888888886,2,0,98,20.0,0.0061372222222222435,0.006118427941800651,0.005198333333333355,0.0009388888888888886,2,0,98,20.0,0.0061372222222222435,0.006118427941800651,0.005198333333333355,0.0009388888888888886,2,0,98,20.0,0.0061372222222222435,0.006118427941800651,0.005198333333333355,0.0009388888888888886,2,0,98,20.0,0.0061372222222222435,0.006118427941800651,0.005198333333333355,0.0009388888888888886,2,0,98,20.0,0.0061372222222222435,0.006118427941800651,0.005198333333333355,0.0009388888888888886,2,0,98,20.0,0.0061372222222222435,0.006118427941800651,0.005198333333333355,0.0009388888888888886,2,0,98,20.0,0.0061372222222222435,0.006118427941800651,0.005198333333333355,0.0009388888888888886,2,0,98,20.0,0.0061372222222222435,0.006118427941800651,0.005198333333333355,0.0009388888888888886,2,0,98,20.0,0.0061372222222222435,0.006118427941800651,0.005198333333333355,0.0009388888888888886,2,0,98,20.0,0.0061372222222222435,0.006118427941800651,0.005198333333333355,0.0009388888888888886,2,0,98,20.0,0.0061372222222222435,0.006118427941800651,0.005198333333333355,0.0009388888888888886,2,0,98,20.0,0.0061372222222222435,0.006118427941800651,0.005198333333333355,0.0009388888888888886,2,0,98,20.0,0.0061372222222222435,0.006118427941800651,0.005198333333333355,0.0009388888888888886,2,0,98,20.0,0.0061372222222222435,0.006118427941800651,0.005198333333333355,0.0009388888888888886,2,0,98,20.0,0.0061372222222222435,0.006118427941800651,0.005198333333333355,0.0009388888888888886,2,0,98,20.0,0.0061372222222222435,0.006118427941800651,0.005198333333333355,0.0009388888888888886,2,0,98,20.0,0.0061372222222222435,0.006118427941800651,0.005198333333333355,0.0009388888888888886,2,0,98,20.0,0.0061372222222222435,0.006118427941800651,0.005198333333333355,0.0009388888888888886,2,0,98,20.0,0.0061372222222222435,0.006118427941800651,0.005198333333333355,0.0009388888888888886,2,0,98,20.0,0.0061372222222222435,0.006118427941800651,0.005198333333333355,0.0009388888888888886,2,0,98,20.0,0.0061372222222222435,0.006118427941800651,0.005198333333333355,0.0009388888888888886,2,0,98,20.0,0.0061372222222222435,0.006118427941800651,0.005198333333333355,0.0009388888888888886,2,0,98,20.0,0.0061372222222222435,0.006118427941800651,0.005198333333333355,0.0009388888888888886,2,0,98,20.0,0.0061372222222222435,0.006118427941800651,0.005198333333333355,0.0009388888888888886,2,0,98,20.0,0.0061372222222222435,0.006118427941800651,0.005198333333333355,0.0009388888888888886,2,0,98,20.0,0.0061372222222222435,0.006118427941800651,0.005198333333333355,0.0009388888888888886
ising_n26,pauli-rotations,QASMBench 357b942,26,50,4,2,4,17,17,SC7|p=0.001|r=10|rho=100,realistic,SC7,7,49,0.001,10.0,100,0,0.00013916666666666662,0.00010250000000000045,0.00027916666666666584,1.805555555555555e-06,OPTIMAL/OPTIMAL,0.03,2,OPTIMAL,0.02,0.014587210674999995,0.001,0.0,0.0,0.0,2,0,98,200.0,0.014587222222222241,0.01448134414370493,0.005198333333333355,0.009388888888888886,2,0,98,200.0,0.014587222222222241,0.01448134414370493,0.005198333333333355,0.009388888888888886,2,0,98,200.0,0.014587222222222241,0.01448134414370493,0.005198333333333355,0.009388888888888886,0,2,98,200.0,0.01507222222222224,0.01495920480121872,0.005683333333333354,0.009388888888888886,0,2,98,200.0,0.01507222222222224,0.01495920480121872,0.005683333333333354,0.009388888888888886,2,0,98,200.0,0.014587222222222241,0.01448134414370493,0.005198333333333355,0.009388888888888886,2,0,98,200.0,0.014587222222222241,0.01448134414370493,0.005198333333333355,0.009388888888888886,2,0,98,200.0,0.014587222222222241,0.01448134414370493,0.005198333333333355,0.009388888888888886,2,0,98,200.0,0.014587222222222241,0.01448134414370493,0.005198333333333355,0.009388888888888886,2,0,98,200.0,0.014587222222222241,0.01448134414370493,0.005198333333333355,0.009388888888888886,2,0,98,200.0,0.014587222222222241,0.01448134414370493,0.005198333333333355,0.009388888888888886,2,0,98,200.0,0.014587222222222241,0.01448134414370493,0.005198333333333355,0.009388888888888886,2,0,98,200.0,0.014587222222222241,0.01448134414370493,0.005198333333333355,0.009388888888888886,2,0,98,200.0,0.014587222222222241,0.01448134414370493,0.005198333333333355,0.009388888888888886,2,0,98,200.0,0.014587222222222241,0.01448134414370493,0.005198333333333355,0.009388888888888886,2,0,98,200.0,0.014587222222222241,0.01448134414370493,0.005198333333333355,0.009388888888888886,2,0,98,200.0,0.014587222222222241,0.01448134414370493,0.005198333333333355,0.009388888888888886,2,0,98,200.0,0.014587222222222241,0.01448134414370493,0.005198333333333355,0.009388888888888886,2,0,98,200.0,0.014587222222222241,0.01448134414370493,0.005198333333333355,0.009388888888888886,2,0,98,200.0,0.014587222222222241,0.01448134414370493,0.005198333333333355,0.009388888888888886,2,0,98,200.0,0.014587222222222241,0.01448134414370493,0.005198333333333355,0.009388888888888886,2,0,98,200.0,0.014587222222222241,0.01448134414370493,0.005198333333333355,0.009388888888888886,2,0,98,200.0,0.014587222222222241,0.01448134414370493,0.005198333333333355,0.009388888888888886,2,0,98,200.0,0.014587222222222241,0.01448134414370493,0.005198333333333355,0.009388888888888886,2,0,98,200.0,0.014587222222222241,0.01448134414370493,0.005198333333333355,0.009388888888888886,2,0,98,200.0,0.014587222222222241,0.01448134414370493,0.005198333333333355,0.009388888888888886,2,0,98,200.0,0.014587222222222241,0.01448134414370493,0.005198333333333355,0.009388888888888886,2,0,98,200.0,0.014587222222222241,0.01448134414370493,0.005198333333333355,0.009388888888888886,2,0,98,200.0,0.014587222222222241,0.01448134414370493,0.005198333333333355,0.009388888888888886,2,0,98,200.0,0.014587222222222241,0.01448134414370493,0.005198333333333355,0.009388888888888886,2,0,98,200.0,0.014587222222222241,0.01448134414370493,0.005198333333333355,0.009388888888888886,2,0,98,200.0,0.014587222222222241,0.01448134414370493,0.005198333333333355,0.009388888888888886,2,0,98,200.0,0.014587222222222241,0.01448134414370493,0.005198333333333355,0.009388888888888886
ising_n34,pauli-rotations,QASMBench (via DQC-NAC examples),34,66,4,2,5,22,22,SC5|p=0.001|r=10|rho=10,realistic,SC5,5,25,0.001,10.0,10,0,0.0003825200145869967,5.810310143125109e-05,0.0009810966318486132,2.8691623476531386e-05,OPTIMAL/OPTIMAL,0.05,2,OPTIMAL,0.02,0.023993942678783332,0.001,0.0,0.0,0.0,2,0,50,20.0,0.023993942484815407,0.023708376358667627,0.0044836385207740635,0.019510303964041343,2,0,50,20.0,0.023993942484815407,0.023708376358667627,0.0044836385207740635,0.019510303964041343,2,0,50,20.0,0.023993942484815407,0.023708376358667627,0.0044836385207740635,0.019510303964041343,0,2,50,22,0.027258332318605277,0.026890176665906478,0.005796997958159798,0.021461334360445478,0,2,50,22,0.027258332318605277,0.026890176665906478,0.005796997958159798,0.021461334360445478,2,0,50,20.0,0.023993942484815407,0.023708376358667627,0.0044836385207740635,0.019510303964041343,2,0,50,20.0,0.023993942484815407,0.023708376358667627,0.0044836385207740635,0.019510303964041343,2,0,50,20.0,0.023993942484815407,0.023708376358667627,0.0044836385207740635,0.019510303964041343,2,0,50,20.0,0.023993942484815407,0.023708376358667627,0.0044836385207740635,0.019510303964041343,2,0,50,20.0,0.023993942484815407,0.023708376358667627,0.0044836385207740635,0.019510303964041343,2,0,50,20.0,0.023993942484815407,0.023708376358667627,0.0044836385207740635,0.019510303964041343,2,0,50,20.0,0.023993942484815407,0.023708376358667627,0.0044836385207740635,0.019510303964041343,2,0,50,20.0,0.023993942484815407,0.023708376358667627,0.0044836385207740635,0.019510303964041343,2,0,50,20.0,0.023993942484815407,0.023708376358667627,0.0044836385207740635,0.019510303964041343,2,0,50,20.0,0.023993942484815407,0.023708376358667627,0.0044836385207740635,0.019510303964041343,2,0,50,20.0,0.023993942484815407,0.023708376358667627,0.0044836385207740635,0.019510303964041343,2,0,50,20.0,0.023993942484815407,0.023708376358667627,0.0044836385207740635,0.019510303964041343,2,0,50,20.0,0.023993942484815407,0.023708376358667627,0.0044836385207740635,0.019510303964041343,2,0,50,20.0,0.023993942484815407,0.023708376358667627,0.0044836385207740635,0.019510303964041343,2,0,50,20.0,0.023993942484815407,0.023708376358667627,0.0044836385207740635,0.019510303964041343,2,0,50,20.0,0.023993942484815407,0.023708376358667627,0.0044836385207740635,0.019510303964041343,2,0,50,20.0,0.023993942484815407,0.023708376358667627,0.0044836385207740635,0.019510303964041343,2,0,50,20.0,0.023993942484815407,0.023708376358667627,0.0044836385207740635,0.019510303964041343,2,0,50,20.0,0.023993942484815407,0.023708376358667627,0.0044836385207740635,0.019510303964041343,2,0,50,20.0,0.023993942484815407,0.023708376358667627,0.0044836385207740635,0.019510303964041343,2,0,50,20.0,0.023993942484815407,0.023708376358667627,0.0044836385207740635,0.019510303964041343,2,0,50,20.0,0.023993942484815407,0.023708376358667627,0.0044836385207740635,0.019510303964041343,2,0,50,20.0,0.023993942484815407,0.023708376358667627,0.0044836385207740635,0.019510303964041343,2,0,50,20.0,0.023993942484815407,0.023708376358667627,0.0044836385207740635,0.019510303964041343,2,0,50,20.0,0.023993942484815407,0.023708376358667627,0.0044836385207740635,0.019510303964041343,2,0,50,20.0,0.023993942484815407,0.023708376358667627,0.0044836385207740635,0.019510303964041343,2,0,50,20.0,0.023993942484815407,0.023708376358667627,0.0044836385207740635,0.019510303964041343,2,0,50,20.0,0.023993942484815407,0.023708376358667627,0.0044836385207740635,0.019510303964041343
ising_n34,pauli-rotations,QASMBench (via DQC-NAC examples),34,66,4,2,5,22,22,SC5|p=0.001|r=10|rho=100,realistic,SC5,5,25,0.001,10.0,100,0,0.0003825200145869967,5.810310143125109e-05,0.0009810966318486132,2.8691623476531386e-05,OPTIMAL/OPTIMAL,0.04,2,OPTIMAL,0.03,0.19958667383858808,0.001,0.0,0.0,0.0,2,0,50,200.0,0.1995866781611875,0.180930777678117,0.0044836385207740635,0.19510303964041342,2,0,50,200.0,0.1995866781611875,0.180930777678117,0.0044836385207740635,0.19510303964041342,2,0,50,200.0,0.1995866781611875,0.180930777678117,0.0044836385207740635,0.19510303964041342,0,2,50,200.0,0.20090003759857322,0.182005803868702,0.005796997958159798,0.19510303964041342,0,2,50,200.0,0.20090003759857322,0.182005803868702,0.005796997958159798,0.19510303964041342,2,0,50,200.0,0.1995866781611875,0.180930777678117,0.0044836385207740635,0.19510303964041342,2,0,50,200.0,0.1995866781611875,0.180930777678117,0.0044836385207740635,0.19510303964041342,2,0,50,200.0,0.1995866781611875,0.180930777678117,0.0044836385207740635,0.19510303964041342,2,0,50,200.0,0.1995866781611875,0.180930777678117,0.0044836385207740635,0.19510303964041342,2,0,50,200.0,0.1995866781611875,0.180930777678117,0.0044836385207740635,0.19510303964041342,2,0,50,200.0,0.1995866781611875,0.180930777678117,0.0044836385207740635,0.19510303964041342,2,0,50,200.0,0.1995866781611875,0.180930777678117,0.0044836385207740635,0.19510303964041342,2,0,50,200.0,0.1995866781611875,0.180930777678117,0.0044836385207740635,0.19510303964041342,2,0,50,200.0,0.1995866781611875,0.180930777678117,0.0044836385207740635,0.19510303964041342,2,0,50,200.0,0.1995866781611875,0.180930777678117,0.0044836385207740635,0.19510303964041342,2,0,50,200.0,0.1995866781611875,0.180930777678117,0.0044836385207740635,0.19510303964041342,2,0,50,200.0,0.1995866781611875,0.180930777678117,0.0044836385207740635,0.19510303964041342,2,0,50,200.0,0.1995866781611875,0.180930777678117,0.0044836385207740635,0.19510303964041342,2,0,50,200.0,0.1995866781611875,0.180930777678117,0.0044836385207740635,0.19510303964041342,2,0,50,200.0,0.1995866781611875,0.180930777678117,0.0044836385207740635,0.19510303964041342,2,0,50,200.0,0.1995866781611875,0.180930777678117,0.0044836385207740635,0.19510303964041342,2,0,50,200.0,0.1995866781611875,0.180930777678117,0.0044836385207740635,0.19510303964041342,2,0,50,200.0,0.1995866781611875,0.180930777678117,0.0044836385207740635,0.19510303964041342,2,0,50,200.0,0.1995866781611875,0.180930777678117,0.0044836385207740635,0.19510303964041342,2,0,50,200.0,0.1995866781611875,0.180930777678117,0.0044836385207740635,0.19510303964041342,2,0,50,200.0,0.1995866781611875,0.180930777678117,0.0044836385207740635,0.19510303964041342,2,0,50,200.0,0.1995866781611875,0.180930777678117,0.0044836385207740635,0.19510303964041342,2,0,50,200.0,0.1995866781611875,0.180930777678117,0.0044836385207740635,0.19510303964041342,2,0,50,200.0,0.1995866781611875,0.180930777678117,0.0044836385207740635,0.19510303964041342,2,0,50,200.0,0.1995866781611875,0.180930777678117,0.0044836385207740635,0.19510303964041342,2,0,50,200.0,0.1995866781611875,0.180930777678117,0.0044836385207740635,0.19510303964041342,2,0,50,200.0,0.1995866781611875,0.180930777678117,0.0044836385207740635,0.19510303964041342,2,0,50,200.0,0.1995866781611875,0.180930777678117,0.0044836385207740635,0.19510303964041342
ising_n34,pauli-rotations,QASMBench (via DQC-NAC examples),34,66,4,2,5,22,22,SC5|p=0.001|r=30|rho=10,realistic,SC5,5,25,0.001,30.0,10,1,0.0031526304869580694,0.0,0.005366132781095331,2.868275147901941e-05,OPTIMAL/OPTIMAL,0.05,2,OPTIMAL,0.03,0.025809542498562023,0.001,0.0,0.0,0.0,2,0,50,20.0,0.025809531979649337,0.025479313040955853,0.006305260973916139,0.0195042710057332,2,0,50,20.0,0.025809531979649337,0.025479313040955853,0.006305260973916139,0.0195042710057332,2,0,50,20.0,0.025809531979649337,0.025479313040955853,0.006305260973916139,0.0195042710057332,0,2,50,22,0.03218696366849718,0.03167447653813254,0.010732265562190662,0.02145469810630652,0,2,50,22,0.03218696366849718,0.03167447653813254,0.010732265562190662,0.02145469810630652,2,0,50,20.0,0.025809531979649337,0.025479313040955853,0.006305260973916139,0.0195042710057332,2,0,50,20.0,0.025809531979649337,0.025479313040955853,0.006305260973916139,0.0195042710057332,2,0,50,20.0,0.025809531979649337,0.025479313040955853,0.006305260973916139,0.0195042710057332,2,0,50,20.0,0.025809531979649337,0.025479313040955853,0.006305260973916139,0.0195042710057332,2,0,50,20.0,0.025809531979649337,0.025479313040955853,0.006305260973916139,0.0195042710057332,2,0,50,20.0,0.025809531979649337,0.025479313040955853,0.006305260973916139,0.0195042710057332,2,0,50,20.0,0.025809531979649337,0.025479313040955853,0.006305260973916139,0.0195042710057332,2,0,50,20.0,0.025809531979649337,0.025479313040955853,0.006305260973916139,0.0195042710057332,2,0,50,20.0,0.025809531979649337,0.025479313040955853,0.006305260973916139,0.0195042710057332,2,0,50,20.0,0.025809531979649337,0.025479313040955853,0.006305260973916139,0.0195042710057332,2,0,50,20.0,0.025809531979649337,0.025479313040955853,0.006305260973916139,0.0195042710057332,2,0,50,20.0,0.025809531979649337,0.025479313040955853,0.006305260973916139,0.0195042710057332,2,0,50,20.0,0.025809531979649337,0.025479313040955853,0.006305260973916139,0.0195042710057332,2,0,50,20.0,0.025809531979649337,0.025479313040955853,0.006305260973916139,0.0195042710057332,2,0,50,20.0,0.025809531979649337,0.025479313040955853,0.006305260973916139,0.0195042710057332,2,0,50,20.0,0.025809531979649337,0.025479313040955853,0.006305260973916139,0.0195042710057332,2,0,50,20.0,0.025809531979649337,0.025479313040955853,0.006305260973916139,0.0195042710057332,2,0,50,20.0,0.025809531979649337,0.025479313040955853,0.006305260973916139,0.0195042710057332,2,0,50,20.0,0.025809531979649337,0.025479313040955853,0.006305260973916139,0.0195042710057332,2,0,50,20.0,0.025809531979649337,0.025479313040955853,0.006305260973916139,0.0195042710057332,2,0,50,20.0,0.025809531979649337,0.025479313040955853,0.006305260973916139,0.0195042710057332,2,0,50,20.0,0.025809531979649337,0.025479313040955853,0.006305260973916139,0.0195042710057332,2,0,50,20.0,0.025809531979649337,0.025479313040955853,0.006305260973916139,0.0195042710057332,2,0,50,20.0,0.025809531979649337,0.025479313040955853,0.006305260973916139,0.0195042710057332,2,0,50,20.0,0.025809531979649337,0.025479313040955853,0.006305260973916139,0.0195042710057332,2,0,50,20.0,0.025809531979649337,0.025479313040955853,0.006305260973916139,0.0195042710057332,2,0,50,20.0,0.025809531979649337,0.025479313040955853,0.006305260973916139,0.0195042710057332,2,0,50,20.0,0.025809531979649337,0.025479313040955853,0.006305260973916139,0.0195042710057332
ising_n34,pauli-rotations,QASMBench (via DQC-NAC examples),34,66,4,2,5,22,22,SC5|p=0.001|r=30|rho=100,realistic,SC5,5,25,0.001,30.0,100,1,0.0031526304869580694,0.0,0.005366132781095331,2.868275147901941e-05,OPTIMAL/OPTIMAL,0.06,2,OPTIMAL,0.03,0.2013480878735868,0.001,0.0,0.0,0.0,2,0,50,200.0,0.20134797103124813,0.18237212876617376,0.006305260973916139,0.19504271005733198,2,0,50,200.0,0.20134797103124813,0.18237212876617376,0.006305260973916139,0.19504271005733198,2,0,50,200.0,0.20134797103124813,0.18237212876617376,0.006305260973916139,0.19504271005733198,0,2,50,200.0,0.20577497561952265,0.18598377082711678,0.010732265562190662,0.19504271005733198,0,2,50,200.0,0.20577497561952265,0.18598377082711678,0.010732265562190662,0.19504271005733198,2,0,50,200.0,0.20134797103124813,0.18237212876617376,0.006305260973916139,0.19504271005733198,2,0,50,200.0,0.20134797103124813,0.18237212876617376,0.006305260973916139,0.19504271005733198,2,0,50,200.0,0.20134797103124813,0.18237212876617376,0.006305260973916139,0.19504271005733198,2,0,50,200.0,0.20134797103124813,0.18237212876617376,0.006305260973916139,0.19504271005733198,2,0,50,200.0,0.20134797103124813,0.18237212876617376,0.006305260973916139,0.19504271005733198,2,0,50,200.0,0.20134797103124813,0.18237212876617376,0.006305260973916139,0.19504271005733198,2,0,50,200.0,0.20134797103124813,0.18237212876617376,0.006305260973916139,0.19504271005733198,2,0,50,200.0,0.20134797103124813,0.18237212876617376,0.006305260973916139,0.19504271005733198,2,0,50,200.0,0.20134797103124813,0.18237212876617376,0.006305260973916139,0.19504271005733198,2,0,50,200.0,0.20134797103124813,0.18237212876617376,0.006305260973916139,0.19504271005733198,2,0,50,200.0,0.20134797103124813,0.18237212876617376,0.006305260973916139,0.19504271005733198,2,0,50,200.0,0.20134797103124813,0.18237212876617376,0.006305260973916139,0.19504271005733198,2,0,50,200.0,0.20134797103124813,0.18237212876617376,0.006305260973916139,0.19504271005733198,2,0,50,200.0,0.20134797103124813,0.18237212876617376,0.006305260973916139,0.19504271005733198,2,0,50,200.0,0.20134797103124813,0.18237212876617376,0.006305260973916139,0.19504271005733198,2,0,50,200.0,0.20134797103124813,0.18237212876617376,0.006305260973916139,0.19504271005733198,2,0,50,200.0,0.20134797103124813,0.18237212876617376,0.006305260973916139,0.19504271005733198,2,0,50,200.0,0.20134797103124813,0.18237212876617376,0.006305260973916139,0.19504271005733198,2,0,50,200.0,0.20134797103124813,0.18237212876617376,0.006305260973916139,0.19504271005733198,2,0,50,200.0,0.20134797103124813,0.18237212876617376,0.006305260973916139,0.19504271005733198,2,0,50,200.0,0.20134797103124813,0.18237212876617376,0.006305260973916139,0.19504271005733198,2,0,50,200.0,0.20134797103124813,0.18237212876617376,0.006305260973916139,0.19504271005733198,2,0,50,200.0,0.20134797103124813,0.18237212876617376,0.006305260973916139,0.19504271005733198,2,0,50,200.0,0.20134797103124813,0.18237212876617376,0.006305260973916139,0.19504271005733198,2,0,50,200.0,0.20134797103124813,0.18237212876617376,0.006305260973916139,0.19504271005733198,2,0,50,200.0,0.20134797103124813,0.18237212876617376,0.006305260973916139,0.19504271005733198,2,0,50,200.0,0.20134797103124813,0.18237212876617376,0.006305260973916139,0.19504271005733198,2,0,50,200.0,0.20134797103124813,0.18237212876617376,0.006305260973916139,0.19504271005733198
ising_n34,pauli-rotations,QASMBench (via DQC-NAC examples),34,66,4,2,5,22,22,SC5|p=0.002|r=10|rho=10,realistic,SC5,5,25,0.002,10.0,10,1,0.0032480946242971235,0.0,0.0089771927017271,0.0002379015985281741,OPTIMAL/OPTIMAL,0.05,2,OPTIMAL,0.03,0.16826932590290133,0.001,0.0,0.0,0.0,2,0,50,20.0,0.16826927624775262,0.15487376837854375,0.006496189248594247,0.16177308699915838,2,0,50,20.0,0.16826927624775262,0.15487376837854375,0.006496189248594247,0.16177308699915838,2,0,50,20.0,0.16826927624775262,0.15487376837854375,0.006496189248594247,0.16177308699915838,0,2,50,22,0.19590478110252843,0.1779094904965571,0.0179543854034542,0.17795039569907423,0,2,50,22,0.19590478110252843,0.1779094904965571,0.0179543854034542,0.17795039569907423,2,0,50,20.0,0.16826927624775262,0.15487376837854375,0.006496189248594247,0.16177308699915838,2,0,50,20.0,0.16826927624775262,0.15487376837854375,0.006496189248594247,0.16177308699915838,2,0,50,20.0,0.16826927624775262,0.15487376837854375,0.006496189248594247,0.16177308699915838,2,0,50,20.0,0.16826927624775262,0.15487376837854375,0.006496189248594247,0.16177308699915838,2,0,50,20.0,0.16826927624775262,0.15487376837854375,0.006496189248594247,0.16177308699915838,2,0,50,20.0,0.16826927624775262,0.15487376837854375,0.006496189248594247,0.16177308699915838,2,0,50,20.0,0.16826927624775262,0.15487376837854375,0.006496189248594247,0.16177308699915838,2,0,50,20.0,0.16826927624775262,0.15487376837854375,0.006496189248594247,0.16177308699915838,2,0,50,20.0,0.16826927624775262,0.15487376837854375,0.006496189248594247,0.16177308699915838,2,0,50,20.0,0.16826927624775262,0.15487376837854375,0.006496189248594247,0.16177308699915838,2,0,50,20.0,0.16826927624775262,0.15487376837854375,0.006496189248594247,0.16177308699915838,2,0,50,20.0,0.16826927624775262,0.15487376837854375,0.006496189248594247,0.16177308699915838,2,0,50,20.0,0.16826927624775262,0.15487376837854375,0.006496189248594247,0.16177308699915838,2,0,50,20.0,0.16826927624775262,0.15487376837854375,0.006496189248594247,0.16177308699915838,2,0,50,20.0,0.16826927624775262,0.15487376837854375,0.006496189248594247,0.16177308699915838,2,0,50,20.0,0.16826927624775262,0.15487376837854375,0.006496189248594247,0.16177308699915838,2,0,50,20.0,0.16826927624775262,0.15487376837854375,0.006496189248594247,0.16177308699915838,2,0,50,20.0,0.16826927624775262,0.15487376837854375,0.006496189248594247,0.16177308699915838,2,0,50,20.0,0.16826927624775262,0.15487376837854375,0.006496189248594247,0.16177308699915838,2,0,50,20.0,0.16826927624775262,0.15487376837854375,0.006496189248594247,0.16177308699915838,2,0,50,20.0,0.16826927624775262,0.15487376837854375,0.006496189248594247,0.16177308699915838,2,0,50,20.0,0.16826927624775262,0.15487376837854375,0.006496189248594247,0.16177308699915838,2,0,50,20.0,0.16826927624775262,0.15487376837854375,0.006496189248594247,0.16177308699915838,2,0,50,20.0,0.16826927624775262,0.15487376837854375,0.006496189248594247,0.16177308699915838,2,0,50,20.0,0.16826927624775262,0.15487376837854375,0.006496189248594247,0.16177308699915838,2,0,50,20.0,0.16826927624775262,0.15487376837854375,0.006496189248594247,0.16177308699915838,2,0,50,20.0,0.16826927624775262,0.15487376837854375,0.006496189248594247,0.16177308699915838,2,0,50,20.0,0.16826927624775262,0.15487376837854375,0.006496189248594247,0.16177308699915838
ising_n34,pauli-rotations,QASMBench (via DQC-NAC examples),34,66,4,2,5,22,22,SC5|p=0.002|r=10|rho=100,realistic,SC5,5,25,0.002,10.0,100,1,0.0032480946242971235,0.0,0.0089771927017271,0.0002379015985281741,OPTIMAL/OPTIMAL,0.05,2,OPTIMAL,0.03,1.6242276038467875,0.001,0.0,0.0,0.0,2,0,50,200.0,1.624227059240178,0.8029360648995963,0.006496189248594247,1.6177308699915838,2,0,50,200.0,1.624227059240178,0.8029360648995963,0.006496189248594247,1.6177308699915838,2,0,50,200.0,1.624227059240178,0.8029360648995963,0.006496189248594247,1.6177308699915838,0,2,50,200.0,1.635685255395038,0.8051811751031035,0.0179543854034542,1.6177308699915838,0,2,50,200.0,1.635685255395038,0.8051811751031035,0.0179543854034542,1.6177308699915838,2,0,50,200.0,1.624227059240178,0.8029360648995963,0.006496189248594247,1.6177308699915838,2,0,50,200.0,1.624227059240178,0.8029360648995963,0.006496189248594247,1.6177308699915838,2,0,50,200.0,1.624227059240178,0.8029360648995963,0.006496189248594247,1.6177308699915838,2,0,50,200.0,1.624227059240178,0.8029360648995963,0.006496189248594247,1.6177308699915838,2,0,50,200.0,1.624227059240178,0.8029360648995963,0.006496189248594247,1.6177308699915838,2,0,50,200.0,1.624227059240178,0.8029360648995963,0.006496189248594247,1.6177308699915838,2,0,50,200.0,1.624227059240178,0.8029360648995963,0.006496189248594247,1.6177308699915838,2,0,50,200.0,1.624227059240178,0.8029360648995963,0.006496189248594247,1.6177308699915838,2,0,50,200.0,1.624227059240178,0.8029360648995963,0.006496189248594247,1.6177308699915838,2,0,50,200.0,1.624227059240178,0.8029360648995963,0.006496189248594247,1.6177308699915838,2,0,50,200.0,1.624227059240178,0.8029360648995963,0.006496189248594247,1.6177308699915838,2,0,50,200.0,1.624227059240178,0.8029360648995963,0.006496189248594247,1.6177308699915838,2,0,50,200.0,1.624227059240178,0.8029360648995963,0.006496189248594247,1.6177308699915838,2,0,50,200.0,1.624227059240178,0.8029360648995963,0.006496189248594247,1.6177308699915838,2,0,50,200.0,1.624227059240178,0.8029360648995963,0.006496189248594247,1.6177308699915838,2,0,50,200.0,1.624227059240178,0.8029360648995963,0.006496189248594247,1.6177308699915838,2,0,50,200.0,1.624227059240178,0.8029360648995963,0.006496189248594247,1.6177308699915838,2,0,50,200.0,1.624227059240178,0.8029360648995963,0.006496189248594247,1.6177308699915838,2,0,50,200.0,1.624227059240178,0.8029360648995963,0.006496189248594247,1.6177308699915838,2,0,50,200.0,1.624227059240178,0.8029360648995963,0.006496189248594247,1.6177308699915838,2,0,50,200.0,1.624227059240178,0.8029360648995963,0.006496189248594247,1.6177308699915838,2,0,50,200.0,1.624227059240178,0.8029360648995963,0.006496189248594247,1.6177308699915838,2,0,50,200.0,1.624227059240178,0.8029360648995963,0.006496189248594247,1.6177308699915838,2,0,50,200.0,1.624227059240178,0.8029360648995963,0.006496189248594247,1.6177308699915838,2,0,50,200.0,1.624227059240178,0.8029360648995963,0.006496189248594247,1.6177308699915838,2,0,50,200.0,1.624227059240178,0.8029360648995963,0.006496189248594247,1.6177308699915838,2,0,50,200.0,1.624227059240178,0.8029360648995963,0.006496189248594247,1.6177308699915838,2,0,50,200.0,1.624227059240178,0.8029360648995963,0.006496189248594247,1.6177308699915838
ising_n34,pauli-rotations,QASMBench (via DQC-NAC examples),34,66,4,2,5,22,22,SC5|p=0.002|r=30|rho=10,realistic,SC5,5,25,0.002,30.0,10,1,0.017467932906043773,0.0,0.031064157235436735,0.0001993039102874015,OPTIMAL/OPTIMAL,0.05,2,OPTIMAL,0.02,0.170462574723396,0.001,0.0,0.0,0.0,2,0,50,20.0,0.17046252480752058,0.1567253090821673,0.034935865812087546,0.13552665899543304,2,0,50,20.0,0.17046252480752058,0.1567253090821673,0.034935865812087546,0.13552665899543304,2,0,50,20.0,0.17046252480752058,0.1567253090821673,0.034935865812087546,0.13552665899543304,0,2,50,22,0.2112076393658498,0.19039405663731812,0.06212831447087347,0.14907932489497633,0,2,50,22,0.2112076393658498,0.19039405663731812,0.06212831447087347,0.14907932489497633,2,0,50,20.0,0.17046252480752058,0.1567253090821673,0.034935865812087546,0.13552665899543304,2,0,50,20.0,0.17046252480752058,0.1567253090821673,0.034935865812087546,0.13552665899543304,2,0,50,20.0,0.17046252480752058,0.1567253090821673,0.034935865812087546,0.13552665899543304,2,0,50,20.0,0.17046252480752058,0.1567253090821673,0.034935865812087546,0.13552665899543304,2,0,50,20.0,0.17046252480752058,0.1567253090821673,0.034935865812087546,0.13552665899543304,2,0,50,20.0,0.17046252480752058,0.1567253090821673,0.034935865812087546,0.13552665899543304,2,0,50,20.0,0.17046252480752058,0.1567253090821673,0.034935865812087546,0.13552665899543304,2,0,50,20.0,0.17046252480752058,0.1567253090821673,0.034935865812087546,0.13552665899543304,2,0,50,20.0,0.17046252480752058,0.1567253090821673,0.034935865812087546,0.13552665899543304,2,0,50,20.0,0.17046252480752058,0.1567253090821673,0.034935865812087546,0.13552665899543304,2,0,50,20.0,0.17046252480752058,0.1567253090821673,0.034935865812087546,0.13552665899543304,2,0,50,20.0,0.17046252480752058,0.1567253090821673,0.034935865812087546,0.13552665899543304,2,0,50,20.0,0.17046252480752058,0.1567253090821673,0.034935865812087546,0.13552665899543304,2,0,50,20.0,0.17046252480752058,0.1567253090821673,0.034935865812087546,0.13552665899543304,2,0,50,20.0,0.17046252480752058,0.1567253090821673,0.034935865812087546,0.13552665899543304,2,0,50,20.0,0.17046252480752058,0.1567253090821673,0.034935865812087546,0.13552665899543304,2,0,50,20.0,0.17046252480752058,0.1567253090821673,0.034935865812087546,0.13552665899543304,2,0,50,20.0,0.17046252480752058,0.1567253090821673,0.034935865812087546,0.13552665899543304,2,0,50,20.0,0.17046252480752058,0.1567253090821673,0.034935865812087546,0.13552665899543304,2,0,50,20.0,0.17046252480752058,0.1567253090821673,0.034935865812087546,0.13552665899543304,2,0,50,20.0,0.17046252480752058,0.1567253090821673,0.034935865812087546,0.13552665899543304,2,0,50,20.0,0.17046252480752058,0.1567253090821673,0.034935865812087546,0.13552665899543304,2,0,50,20.0,0.17046252480752058,0.1567253090821673,0.034935865812087546,0.13552665899543304,2,0,50,20.0,0.17046252480752058,0.1567253090821673,0.034935865812087546,0.13552665899543304,2,0,50,20.0,0.17046252480752058,0.1567253090821673,0.034935865812087546,0.13552665899543304,2,0,50,20.0,0.17046252480752058,0.1567253090821673,0.034935865812087546,0.13552665899543304,2,0,50,20.0,0.17046252480752058,0.1567253090821673,0.034935865812087546,0.13552665899543304,2,0,50,20.0,0.17046252480752058,0.1567253090821673,0.034935865812087546,0.13552665899543304
ising_n34,pauli-rotations,QASMBench (via DQC-NAC examples),34,66,4,2,5,22,22,SC5|p=0.002|r=30|rho=100,realistic,SC5,5,25,0.002,30.0,100,1,0.017467932906043773,0.0,0.031064157235436735,0.0001993039102874015,OPTIMAL/OPTIMAL,0.05,2,OPTIMAL,0.02,1.3902029214042664,0.001,0.0,0.0,0.0,2,0,50,200.0,1.3902024557664179,0.7509751169957799,0.034935865812087546,1.3552665899543304,2,0,50,200.0,1.3902024557664179,0.7509751169957799,0.034935865812087546,1.3552665899543304,2,0,50,200.0,1.3902024557664179,0.7509751169957799,0.034935865812087546,1.3552665899543304,0,2,50,200.0,1.4173949044252039,0.7576554740756207,0.06212831447087347,1.3552665899543304,0,2,50,200.0,1.4173949044252039,0.7576554740756207,0.06212831447087347,1.3552665899543304,2,0,50,200.0,1.3902024557664179,0.7509751169957799,0.034935865812087546,1.3552665899543304,2,0,50,200.0,1.3902024557664179,0.7509751169957799,0.034935865812087546,1.3552665899543304,2,0,50,200.0,1.3902024557664179,0.7509751169957799,0.034935865812087546,1.3552665899543304,2,0,50,200.0,1.3902024557664179,0.7509751169957799,0.034935865812087546,1.3552665899543304,2,0,50,200.0,1.3902024557664179,0.7509751169957799,0.034935865812087546,1.3552665899543304,2,0,50,200.0,1.3902024557664179,0.7509751169957799,0.034935865812087546,1.3552665899543304,2,0,50,200.0,1.3902024557664179,0.7509751169957799,0.034935865812087546,1.3552665899543304,2,0,50,200.0,1.3902024557664179,0.7509751169957799,0.034935865812087546,1.3552665899543304,2,0,50,200.0,1.3902024557664179,0.7509751169957799,0.034935865812087546,1.3552665899543304,2,0,50,200.0,1.3902024557664179,0.7509751169957799,0.034935865812087546,1.3552665899543304,2,0,50,200.0,1.3902024557664179,0.7509751169957799,0.034935865812087546,1.3552665899543304,2,0,50,200.0,1.3902024557664179,0.7509751169957799,0.034935865812087546,1.3552665899543304,2,0,50,200.0,1.3902024557664179,0.7509751169957799,0.034935865812087546,1.3552665899543304,2,0,50,200.0,1.3902024557664179,0.7509751169957799,0.034935865812087546,1.3552665899543304,2,0,50,200.0,1.3902024557664179,0.7509751169957799,0.034935865812087546,1.3552665899543304,2,0,50,200.0,1.3902024557664179,0.7509751169957799,0.034935865812087546,1.3552665899543304,2,0,50,200.0,1.3902024557664179,0.7509751169957799,0.034935865812087546,1.3552665899543304,2,0,50,200.0,1.3902024557664179,0.7509751169957799,0.034935865812087546,1.3552665899543304,2,0,50,200.0,1.3902024557664179,0.7509751169957799,0.034935865812087546,1.3552665899543304,2,0,50,200.0,1.3902024557664179,0.7509751169957799,0.034935865812087546,1.3552665899543304,2,0,50,200.0,1.3902024557664179,0.7509751169957799,0.034935865812087546,1.3552665899543304,2,0,50,200.0,1.3902024557664179,0.7509751169957799,0.034935865812087546,1.3552665899543304,2,0,50,200.0,1.3902024557664179,0.7509751169957799,0.034935865812087546,1.3552665899543304,2,0,50,200.0,1.3902024557664179,0.7509751169957799,0.034935865812087546,1.3552665899543304,2,0,50,200.0,1.3902024557664179,0.7509751169957799,0.034935865812087546,1.3552665899543304,2,0,50,200.0,1.3902024557664179,0.7509751169957799,0.034935865812087546,1.3552665899543304,2,0,50,200.0,1.3902024557664179,0.7509751169957799,0.034935865812087546,1.3552665899543304,2,0,50,200.0,1.3902024557664179,0.7509751169957799,0.034935865812087546,1.3552665899543304
ising_n34,pauli-rotations,QASMBench (via DQC-NAC examples),34,66,4,2,5,22,22,SC7|p=0.001|r=10|rho=10,realistic,SC7,7,49,0.001,10.0,10,0,0.00013916666666666662,0.00010250000000000045,0.00027916666666666584,1.805555555555555e-06,OPTIMAL/OPTIMAL,0.05,2,OPTIMAL,0.02,0.008066108175000026,0.001,0.0,0.0,0.0,2,0,98,20.0,0.00806611111111114,0.0080336673272082,0.006838333333333362,0.0012277777777777775,2,0,98,20.0,0.00806611111111114,0.0080336673272082,0.006838333333333362,0.0012277777777777775,2,0,98,20.0,0.00806611111111114,0.0080336673272082,0.006838333333333362,0.0012277777777777775,0,2,98,22,0.008673888888888917,0.0086363792445024,0.007323333333333361,0.0013505555555555554,0,2,98,22,0.008673888888888917,0.0086363792445024,0.007323333333333361,0.0013505555555555554,2,0,98,20.0,0.00806611111111114,0.0080336673272082,0.006838333333333362,0.0012277777777777775,2,0,98,20.0,0.00806611111111114,0.0080336673272082,0.006838333333333362,0.0012277777777777775,2,0,98,20.0,0.00806611111111114,0.0080336673272082,0.006838333333333362,0.0012277777777777775,2,0,98,20.0,0.00806611111111114,0.0080336673272082,0.006838333333333362,0.0012277777777777775,2,0,98,20.0,0.00806611111111114,0.0080336673272082,0.006838333333333362,0.0012277777777777775,2,0,98,20.0,0.00806611111111114,0.0080336673272082,0.006838333333333362,0.0012277777777777775,2,0,98,20.0,0.00806611111111114,0.0080336673272082,0.006838333333333362,0.0012277777777777775,2,0,98,20.0,0.00806611111111114,0.0080336673272082,0.006838333333333362,0.0012277777777777775,2,0,98,20.0,0.00806611111111114,0.0080336673272082,0.006838333333333362,0.0012277777777777775,2,0,98,20.0,0.00806611111111114,0.0080336673272082,0.006838333333333362,0.0012277777777777775,2,0,98,20.0,0.00806611111111114,0.0080336673272082,0.006838333333333362,0.0012277777777777775,2,0,98,20.0,0.00806611111111114,0.0080336673272082,0.006838333333333362,0.0012277777777777775,2,0,98,20.0,0.00806611111111114,0.0080336673272082,0.006838333333333362,0.0012277777777777775,2,0,98,20.0,0.00806611111111114,0.0080336673272082,0.006838333333333362,0.0012277777777777775,2,0,98,20.0,0.00806611111111114,0.0080336673272082,0.006838333333333362,0.0012277777777777775,2,0,98,20.0,0.00806611111111114,0.0080336673272082,0.006838333333333362,0.0012277777777777775,2,0,98,20.0,0.00806611111111114,0.0080336673272082,0.006838333333333362,0.0012277777777777775,2,0,98,20.0,0.00806611111111114,0.0080336673272082,0.006838333333333362,0.0012277777777777775,2,0,98,20.0,0.00806611111111114,0.0080336673272082,0.006838333333333362,0.0012277777777777775,2,0,98,20.0,0.00806611111111114,0.0080336673272082,0.006838333333333362,0.0012277777777777775,2,0,98,20.0,0.00806611111111114,0.0080336673272082,0.006838333333333362,0.0012277777777777775,2,0,98,20.0,0.00806611111111114,0.0080336673272082,0.006838333333333362,0.0012277777777777775,2,0,98,20.0,0.00806611111111114,0.0080336673272082,0.006838333333333362,0.0012277777777777775,2,0,98,20.0,0.00806611111111114,0.0080336673272082,0.006838333333333362,0.0012277777777777775,2,0,98,20.0,0.00806611111111114,0.0080336673272082,0.006838333333333362,0.0012277777777777775,2,0,98,20.0,0.00806611111111114,0.0080336673272082,0.006838333333333362,0.0012277777777777775,2,0,98,20.0,0.00806611111111114,0.0080336673272082,0.006838333333333362,0.0012277777777777775,2,0,98,20.0,0.00806611111111114,0.0080336673272082,0.006838333333333362,0.0012277777777777775
ising_n34,pauli-rotations,QASMBench (via DQC-NAC examples),34,66,4,2,5,22,22,SC7|p=0.001|r=10|rho=100,realistic,SC7,7,49,0.001,10.0,100,0,0.00013916666666666662,0.00010250000000000045,0.00027916666666666584,1.805555555555555e-06,OPTIMAL/OPTIMAL,0.05,2,OPTIMAL,0.02,0.019116083174999993,0.001,0.0,0.0,0.0,2,0,98,200.0,0.019116111111111136,0.018934556969372185,0.006838333333333362,0.012277777777777775,2,0,98,200.0,0.019116111111111136,0.018934556969372185,0.006838333333333362,0.012277777777777775,2,0,98,200.0,0.019116111111111136,0.018934556969372185,0.006838333333333362,0.012277777777777775,0,2,98,200.0,0.019601111111111135,0.019410258342334355,0.007323333333333361,0.012277777777777775,0,2,98,200.0,0.019601111111111135,0.019410258342334355,0.007323333333333361,0.012277777777777775,2,0,98,200.0,0.019116111111111136,0.018934556969372185,0.006838333333333362,0.012277777777777775,2,0,98,200.0,0.019116111111111136,0.018934556969372185,0.006838333333333362,0.012277777777777775,2,0,98,200.0,0.019116111111111136,0.018934556969372185,0.006838333333333362,0.012277777777777775,2,0,98,200.0,0.019116111111111136,0.018934556969372185,0.006838333333333362,0.012277777777777775,2,0,98,200.0,0.019116111111111136,0.018934556969372185,0.006838333333333362,0.012277777777777775,2,0,98,200.0,0.019116111111111136,0.018934556969372185,0.006838333333333362,0.012277777777777775,2,0,98,200.0,0.019116111111111136,0.018934556969372185,0.006838333333333362,0.012277777777777775,2,0,98,200.0,0.019116111111111136,0.018934556969372185,0.006838333333333362,0.012277777777777775,2,0,98,200.0,0.019116111111111136,0.018934556969372185,0.006838333333333362,0.012277777777777775,2,0,98,200.0,0.019116111111111136,0.018934556969372185,0.006838333333333362,0.012277777777777775,2,0,98,200.0,0.019116111111111136,0.018934556969372185,0.006838333333333362,0.012277777777777775,2,0,98,200.0,0.019116111111111136,0.018934556969372185,0.006838333333333362,0.012277777777777775,2,0,98,200.0,0.019116111111111136,0.018934556969372185,0.006838333333333362,0.012277777777777775,2,0,98,200.0,0.019116111111111136,0.018934556969372185,0.006838333333333362,0.012277777777777775,2,0,98,200.0,0.019116111111111136,0.018934556969372185,0.006838333333333362,0.012277777777777775,2,0,98,200.0,0.019116111111111136,0.018934556969372185,0.006838333333333362,0.012277777777777775,2,0,98,200.0,0.019116111111111136,0.018934556969372185,0.006838333333333362,0.012277777777777775,2,0,98,200.0,0.019116111111111136,0.018934556969372185,0.006838333333333362,0.012277777777777775,2,0,98,200.0,0.019116111111111136,0.018934556969372185,0.006838333333333362,0.012277777777777775,2,0,98,200.0,0.019116111111111136,0.018934556969372185,0.006838333333333362,0.012277777777777775,2,0,98,200.0,0.019116111111111136,0.018934556969372185,0.006838333333333362,0.012277777777777775,2,0,98,200.0,0.019116111111111136,0.018934556969372185,0.006838333333333362,0.012277777777777775,2,0,98,200.0,0.019116111111111136,0.018934556969372185,0.006838333333333362,0.012277777777777775,2,0,98,200.0,0.019116111111111136,0.018934556969372185,0.006838333333333362,0.012277777777777775,2,0,98,200.0,0.019116111111111136,0.018934556969372185,0.006838333333333362,0.012277777777777775,2,0,98,200.0,0.019116111111111136,0.018934556969372185,0.006838333333333362,0.012277777777777775,2,0,98,200.0,0.019116111111111136,0.018934556969372185,0.006838333333333362,0.012277777777777775,2,0,98,200.0,0.019116111111111136,0.018934556969372185,0.006838333333333362,0.012277777777777775
knn_n25,other,QASMBench 357b942,25,96,63,24,4,17,16,SC5|p=0.001|r=10|rho=10,realistic,SC5,5,25,0.001,10.0,10,0,0.0003825200145869967,5.810310143125109e-05,0.0009810966318486132,2.8691623476531386e-05,FEASIBLE/FEASIBLE,70.14,6,OPTIMAL,8.02,0.15104094726503453,0.003,0.07809523809523809,0.16666666666666666,0.125,24,0,600,240.0,0.18551364451232633,0.1693224986858084,0.013363903653138,0.17214974085918833,0,6,150,208,0.16066091960645498,0.1484192234979528,0.011464477528491784,0.1491964420779632,12,1,325,196,0.15104095236212145,0.1401875134141056,0.010451997327117664,0.1405889550350038,0,6,150,211,0.16281279136719484,0.1502497458918124,0.011464477528491784,0.15134831383870306,0,6,150,211,0.16281279136719484,0.1502497458918124,0.011464477528491784,0.15134831383870306,0,6,150,211,0.16281279136719484,0.1502497458918124,0.011464477528491784,0.15134831383870306,0,6,150,211,0.16281279136719484,0.1502497458918124,0.011464477528491784,0.15134831383870306,12,1,325,196,0.15104095236212145,0.1401875134141056,0.010451997327117664,0.1405889550350038,12,1,325,196,0.15104095236212145,0.1401875134141056,0.010451997327117664,0.1405889550350038,12,1,325,196,0.15104095236212145,0.1401875134141056,0.010451997327117664,0.1405889550350038,12,1,325,196,0.15104095236212145,0.1401875134141056,0.010451997327117664,0.1405889550350038,12,1,325,196,0.15104095236212145,0.1401875134141056,0.010451997327117664,0.1405889550350038,12,1,325,196,0.15104095236212145,0.1401875134141056,0.010451997327117664,0.1405889550350038,12,1,325,196,0.15104095236212145,0.1401875134141056,0.010451997327117664,0.1405889550350038,12,1,325,196,0.15104095236212145,0.1401875134141056,0.010451997327117664,0.1405889550350038,24,0,600,240.0,0.18551364451232633,0.1693224986858084,0.013363903653138,0.17214974085918833,24,0,600,240.0,0.18551364451232633,0.1693224986858084,0.013363903653138,0.17214974085918833,24,0,600,240.0,0.18551364451232633,0.1693224986858084,0.013363903653138,0.17214974085918833,24,0,600,240.0,0.18551364451232633,0.1693224986858084,0.013363903653138,0.17214974085918833,24,0,600,240.0,0.18551364451232633,0.1693224986858084,0.013363903653138,0.17214974085918833,24,0,600,240.0,0.18551364451232633,0.1693224986858084,0.013363903653138,0.17214974085918833,24,0,600,240.0,0.18551364451232633,0.1693224986858084,0.013363903653138,0.17214974085918833,24,0,600,240.0,0.18551364451232633,0.1693224986858084,0.013363903653138,0.17214974085918833,24,0,600,240.0,0.18551364451232633,0.1693224986858084,0.013363903653138,0.17214974085918833,24,0,600,240.0,0.18551364451232633,0.1693224986858084,0.013363903653138,0.17214974085918833,24,0,600,240.0,0.18551364451232633,0.1693224986858084,0.013363903653138,0.17214974085918833,24,0,600,240.0,0.18551364451232633,0.1693224986858084,0.013363903653138,0.17214974085918833,24,0,600,240.0,0.18551364451232633,0.1693224986858084,0.013363903653138,0.17214974085918833,24,0,600,240.0,0.18551364451232633,0.1693224986858084,0.013363903653138,0.17214974085918833,24,0,600,240.0,0.18551364451232633,0.1693224986858084,0.013363903653138,0.17214974085918833,24,0,600,240.0,0.18551364451232633,0.1693224986858084,0.013363903653138,0.17214974085918833,24,0,600,240.0,0.18551364451232633,0.1693224986858084,0.013363903653138,0.17214974085918833,24,0,600,240.0,0.18551364451232633,0.1693224986858084,0.013363903653138,0.17214974085918833
knn_n25,other,QASMBench 357b942,25,96,63,24,4,17,16,SC5|p=0.001|r=10|rho=100,realistic,SC5,5,25,0.001,10.0,100,0,0.0003825200145869967,5.810310143125109e-05,0.0009810966318486132,2.8691623476531386e-05,FEASIBLE/FEASIBLE,70.14,6,FEASIBLE,30.04,0.14473226242124956,0.003,0.0,0.0,0.0,24,0,600,2400.0,1.7348613122450214,0.8235753334693594,0.013363903653138,1.7214974085918833,0,6,150,600.0,0.4418388296764626,0.3571467640293289,0.011464477528491784,0.4303743521479708,0,6,150,600.0,0.4418388296764626,0.3571467640293289,0.011464477528491784,0.4303743521479708,0,6,150,600.0,0.4418388296764626,0.3571467640293289,0.011464477528491784,0.4303743521479708,0,6,150,600.0,0.4418388296764626,0.3571467640293289,0.011464477528491784,0.4303743521479708,0,6,150,600.0,0.4418388296764626,0.3571467640293289,0.011464477528491784,0.4303743521479708,0,6,150,600.0,0.4418388296764626,0.3571467640293289,0.011464477528491784,0.4303743521479708,12,1,325,1300.0,0.9429297603143877,0.6105149357310999,0.010451997327117664,0.93247776298727,12,1,325,1300.0,0.9429297603143877,0.6105149357310999,0.010451997327117664,0.93247776298727,12,1,325,1300.0,0.9429297603143877,0.6105149357310999,0.010451997327117664,0.93247776298727,12,1,325,1300.0,0.9429297603143877,0.6105149357310999,0.010451997327117664,0.93247776298727,12,1,325,1300.0,0.9429297603143877,0.6105149357310999,0.010451997327117664,0.93247776298727,12,1,325,1300.0,0.9429297603143877,0.6105149357310999,0.010451997327117664,0.93247776298727,12,1,325,1300.0,0.9429297603143877,0.6105149357310999,0.010451997327117664,0.93247776298727,12,1,325,1300.0,0.9429297603143877,0.6105149357310999,0.010451997327117664,0.93247776298727,24,0,600,2400.0,1.7348613122450214,0.8235753334693594,0.013363903653138,1.7214974085918833,24,0,600,2400.0,1.7348613122450214,0.8235753334693594,0.013363903653138,1.7214974085918833,24,0,600,2400.0,1.7348613122450214,0.8235753334693594,0.013363903653138,1.7214974085918833,24,0,600,2400.0,1.7348613122450214,0.8235753334693594,0.013363903653138,1.7214974085918833,24,0,600,2400.0,1.7348613122450214,0.8235753334693594,0.013363903653138,1.7214974085918833,24,0,600,2400.0,1.7348613122450214,0.8235753334693594,0.013363903653138,1.7214974085918833,24,0,600,2400.0,1.7348613122450214,0.8235753334693594,0.013363903653138,1.7214974085918833,24,0,600,2400.0,1.7348613122450214,0.8235753334693594,0.013363903653138,1.7214974085918833,24,0,600,2400.0,1.7348613122450214,0.8235753334693594,0.013363903653138,1.7214974085918833,24,0,600,2400.0,1.7348613122450214,0.8235753334693594,0.013363903653138,1.7214974085918833,24,0,600,2400.0,1.7348613122450214,0.8235753334693594,0.013363903653138,1.7214974085918833,24,0,600,2400.0,1.7348613122450214,0.8235753334693594,0.013363903653138,1.7214974085918833,24,0,600,2400.0,1.7348613122450214,0.8235753334693594,0.013363903653138,1.7214974085918833,24,0,600,2400.0,1.7348613122450214,0.8235753334693594,0.013363903653138,1.7214974085918833,24,0,600,2400.0,1.7348613122450214,0.8235753334693594,0.013363903653138,1.7214974085918833,24,0,600,2400.0,1.7348613122450214,0.8235753334693594,0.013363903653138,1.7214974085918833,24,0,600,2400.0,1.7348613122450214,0.8235753334693594,0.013363903653138,1.7214974085918833,24,0,600,2400.0,1.7348613122450214,0.8235753334693594,0.013363903653138,1.7214974085918833
knn_n25,other,QASMBench 357b942,25,96,63,24,4,17,16,SC5|p=0.001|r=30|rho=10,realistic,SC5,5,25,0.001,30.0,10,1,0.0031526304869580694,0.0,0.005366132781095331,2.868275147901941e-05,FEASIBLE/FEASIBLE,70.14,6,FEASIBLE,30.18,0.1426971205235926,0.003,0.12,0.09615384615384616,0.041666666666666664,24,0,600,240.0,0.2477596405611101,0.21945246730032633,0.07566313168699366,0.17209650887411646,0,6,150,208,0.18134710437747292,0.16585422720875692,0.032196796686571987,0.14915030769090093,4,4,200,199,0.17677174168033516,0.16202896344453835,0.034075053072213604,0.14269668860812157,0,6,150,211,0.1834983107383994,0.1676467182008558,0.032196796686571987,0.1513015140518274,0,6,150,211,0.1834983107383994,0.1676467182008558,0.032196796686571987,0.1513015140518274,0,6,150,211,0.1834983107383994,0.1676467182008558,0.032196796686571987,0.1513015140518274,0,6,150,211,0.1834983107383994,0.1676467182008558,0.032196796686571987,0.1513015140518274,12,1,325,196,0.1837431808717873,0.16785051170750592,0.04319769862459216,0.14054548224719512,12,1,325,196,0.1837431808717873,0.16785051170750592,0.04319769862459216,0.14054548224719512,12,1,325,196,0.1837431808717873,0.16785051170750592,0.04319769862459216,0.14054548224719512,12,1,325,196,0.1837431808717873,0.16785051170750592,0.04319769862459216,0.14054548224719512,12,1,325,196,0.1837431808717873,0.16785051170750592,0.04319769862459216,0.14054548224719512,12,1,325,196,0.1837431808717873,0.16785051170750592,0.04319769862459216,0.14054548224719512,12,1,325,196,0.1837431808717873,0.16785051170750592,0.04319769862459216,0.14054548224719512,12,1,325,196,0.1837431808717873,0.16785051170750592,0.04319769862459216,0.14054548224719512,24,0,600,240.0,0.2477596405611101,0.21945246730032633,0.07566313168699366,0.17209650887411646,24,0,600,240.0,0.2477596405611101,0.21945246730032633,0.07566313168699366,0.17209650887411646,24,0,600,240.0,0.2477596405611101,0.21945246730032633,0.07566313168699366,0.17209650887411646,24,0,600,240.0,0.2477596405611101,0.21945246730032633,0.07566313168699366,0.17209650887411646,24,0,600,240.0,0.2477596405611101,0.21945246730032633,0.07566313168699366,0.17209650887411646,24,0,600,240.0,0.2477596405611101,0.21945246730032633,0.07566313168699366,0.17209650887411646,24,0,600,240.0,0.2477596405611101,0.21945246730032633,0.07566313168699366,0.17209650887411646,24,0,600,240.0,0.2477596405611101,0.21945246730032633,0.07566313168699366,0.17209650887411646,24,0,600,240.0,0.2477596405611101,0.21945246730032633,0.07566313168699366,0.17209650887411646,24,0,600,240.0,0.2477596405611101,0.21945246730032633,0.07566313168699366,0.17209650887411646,24,0,600,240.0,0.2477596405611101,0.21945246730032633,0.07566313168699366,0.17209650887411646,24,0,600,240.0,0.2477596405611101,0.21945246730032633,0.07566313168699366,0.17209650887411646,24,0,600,240.0,0.2477596405611101,0.21945246730032633,0.07566313168699366,0.17209650887411646,24,0,600,240.0,0.2477596405611101,0.21945246730032633,0.07566313168699366,0.17209650887411646,24,0,600,240.0,0.2477596405611101,0.21945246730032633,0.07566313168699366,0.17209650887411646,24,0,600,240.0,0.2477596405611101,0.21945246730032633,0.07566313168699366,0.17209650887411646,24,0,600,240.0,0.2477596405611101,0.21945246730032633,0.07566313168699366,0.17209650887411646,24,0,600,240.0,0.2477596405611101,0.21945246730032633,0.07566313168699366,0.17209650887411646
knn_n25,other,QASMBench 357b942,25,96,63,24,4,17,16,SC5|p=0.001|r=30|rho=100,realistic,SC5,5,25,0.001,30.0,100,1,0.0031526304869580694,0.0,0.005366132781095331,2.868275147901941e-05,FEASIBLE/FEASIBLE,70.14,6,FEASIBLE,30.04,0.13911176573656767,0.003,0.0,0.0,0.0,24,0,600,2400.0,1.7966282204281583,0.8341428196738334,0.07566313168699366,1.7209650887411647,0,6,150,600.0,0.4624380688718632,0.37025359279061154,0.032196796686571987,0.4302412721852912,0,6,150,600.0,0.4624380688718632,0.37025359279061154,0.032196796686571987,0.4302412721852912,0,6,150,600.0,0.4624380688718632,0.37025359279061154,0.032196796686571987,0.4302412721852912,0,6,150,600.0,0.4624380688718632,0.37025359279061154,0.032196796686571987,0.4302412721852912,0,6,150,600.0,0.4624380688718632,0.37025359279061154,0.032196796686571987,0.4302412721852912,0,6,150,600.0,0.4624380688718632,0.37025359279061154,0.032196796686571987,0.4302412721852912,12,1,325,1300.0,0.975387121692723,0.6229536375192559,0.04319769862459216,0.9321894230681309,12,1,325,1300.0,0.975387121692723,0.6229536375192559,0.04319769862459216,0.9321894230681309,12,1,325,1300.0,0.975387121692723,0.6229536375192559,0.04319769862459216,0.9321894230681309,12,1,325,1300.0,0.975387121692723,0.6229536375192559,0.04319769862459216,0.9321894230681309,12,1,325,1300.0,0.975387121692723,0.6229536375192559,0.04319769862459216,0.9321894230681309,12,1,325,1300.0,0.975387121692723,0.6229536375192559,0.04319769862459216,0.9321894230681309,12,1,325,1300.0,0.975387121692723,0.6229536375192559,0.04319769862459216,0.9321894230681309,12,1,325,1300.0,0.975387121692723,0.6229536375192559,0.04319769862459216,0.9321894230681309,24,0,600,2400.0,1.7966282204281583,0.8341428196738334,0.07566313168699366,1.7209650887411647,24,0,600,2400.0,1.7966282204281583,0.8341428196738334,0.07566313168699366,1.7209650887411647,24,0,600,2400.0,1.7966282204281583,0.8341428196738334,0.07566313168699366,1.7209650887411647,24,0,600,2400.0,1.7966282204281583,0.8341428196738334,0.07566313168699366,1.7209650887411647,24,0,600,2400.0,1.7966282204281583,0.8341428196738334,0.07566313168699366,1.7209650887411647,24,0,600,2400.0,1.7966282204281583,0.8341428196738334,0.07566313168699366,1.7209650887411647,24,0,600,2400.0,1.7966282204281583,0.8341428196738334,0.07566313168699366,1.7209650887411647,24,0,600,2400.0,1.7966282204281583,0.8341428196738334,0.07566313168699366,1.7209650887411647,24,0,600,2400.0,1.7966282204281583,0.8341428196738334,0.07566313168699366,1.7209650887411647,24,0,600,2400.0,1.7966282204281583,0.8341428196738334,0.07566313168699366,1.7209650887411647,24,0,600,2400.0,1.7966282204281583,0.8341428196738334,0.07566313168699366,1.7209650887411647,24,0,600,2400.0,1.7966282204281583,0.8341428196738334,0.07566313168699366,1.7209650887411647,24,0,600,2400.0,1.7966282204281583,0.8341428196738334,0.07566313168699366,1.7209650887411647,24,0,600,2400.0,1.7966282204281583,0.8341428196738334,0.07566313168699366,1.7209650887411647,24,0,600,2400.0,1.7966282204281583,0.8341428196738334,0.07566313168699366,1.7209650887411647,24,0,600,2400.0,1.7966282204281583,0.8341428196738334,0.07566313168699366,1.7209650887411647,24,0,600,2400.0,1.7966282204281583,0.8341428196738334,0.07566313168699366,1.7209650887411647,24,0,600,2400.0,1.7966282204281583,0.8341428196738334,0.07566313168699366,1.7209650887411647
knn_n25,other,QASMBench 357b942,25,96,63,24,4,17,16,SC5|p=0.002|r=10|rho=10,realistic,SC5,5,25,0.002,10.0,10,1,0.0032480946242971235,0.0,0.0089771927017271,0.0002379015985281741,FEASIBLE/FEASIBLE,70.14,6,OPTIMAL,15.45,1.2136726804818903,0.003,0.010158730158730159,0.16666666666666666,0.125,24,0,600,240.0,1.5053638621521754,0.7780634751631231,0.07795427098313096,1.4274095911690445,0,6,150,211,1.308794088446481,0.7298543682238396,0.0538631562103626,1.2549309322361184,12,1,325,196,1.2136721609813457,0.7028957408828463,0.04795432819329258,1.165717832788053,0,6,150,211,1.308794088446481,0.7298543682238396,0.0538631562103626,1.2549309322361184,0,6,150,211,1.308794088446481,0.7298543682238396,0.0538631562103626,1.2549309322361184,0,6,150,211,1.308794088446481,0.7298543682238396,0.0538631562103626,1.2549309322361184,0,6,150,211,1.308794088446481,0.7298543682238396,0.0538631562103626,1.2549309322361184,12,1,325,196,1.2136721609813457,0.7028957408828463,0.04795432819329258,1.165717832788053,12,1,325,196,1.2136721609813457,0.7028957408828463,0.04795432819329258,1.165717832788053,12,1,325,196,1.2136721609813457,0.7028957408828463,0.04795432819329258,1.165717832788053,12,1,325,196,1.2136721609813457,0.7028957408828463,0.04795432819329258,1.165717832788053,12,1,325,196,1.2136721609813457,0.7028957408828463,0.04795432819329258,1.165717832788053,12,1,325,196,1.2136721609813457,0.7028957408828463,0.04795432819329258,1.165717832788053,12,1,325,196,1.2136721609813457,0.7028957408828463,0.04795432819329258,1.165717832788053,12,1,325,196,1.2136721609813457,0.7028957408828463,0.04795432819329258,1.165717832788053,24,0,600,240.0,1.5053638621521754,0.7780634751631231,0.07795427098313096,1.4274095911690445,24,0,600,240.0,1.5053638621521754,0.7780634751631231,0.07795427098313096,1.4274095911690445,24,0,600,240.0,1.5053638621521754,0.7780634751631231,0.07795427098313096,1.4274095911690445,24,0,600,240.0,1.5053638621521754,0.7780634751631231,0.07795427098313096,1.4274095911690445,24,0,600,240.0,1.5053638621521754,0.7780634751631231,0.07795427098313096,1.4274095911690445,24,0,600,240.0,1.5053638621521754,0.7780634751631231,0.07795427098313096,1.4274095911690445,24,0,600,240.0,1.5053638621521754,0.7780634751631231,0.07795427098313096,1.4274095911690445,24,0,600,240.0,1.5053638621521754,0.7780634751631231,0.07795427098313096,1.4274095911690445,24,0,600,240.0,1.5053638621521754,0.7780634751631231,0.07795427098313096,1.4274095911690445,24,0,600,240.0,1.5053638621521754,0.7780634751631231,0.07795427098313096,1.4274095911690445,24,0,600,240.0,1.5053638621521754,0.7780634751631231,0.07795427098313096,1.4274095911690445,24,0,600,240.0,1.5053638621521754,0.7780634751631231,0.07795427098313096,1.4274095911690445,24,0,600,240.0,1.5053638621521754,0.7780634751631231,0.07795427098313096,1.4274095911690445,24,0,600,240.0,1.5053638621521754,0.7780634751631231,0.07795427098313096,1.4274095911690445,24,0,600,240.0,1.5053638621521754,0.7780634751631231,0.07795427098313096,1.4274095911690445,24,0,600,240.0,1.5053638621521754,0.7780634751631231,0.07795427098313096,1.4274095911690445,24,0,600,240.0,1.5053638621521754,0.7780634751631231,0.07795427098313096,1.4274095911690445,24,0,600,240.0,1.5053638621521754,0.7780634751631231,0.07795427098313096,1.4274095911690445
knn_n25,other,QASMBench 357b942,25,96,63,24,4,17,16,SC5|p=0.002|r=10|rho=100,realistic,SC5,5,25,0.002,10.0,100,1,0.0032480946242971235,0.0,0.0089771927017271,0.0002379015985281741,FEASIBLE/FEASIBLE,70.14,6,FEASIBLE,30.04,1.1538232987710058,0.003,0.0,0.0,0.0,24,0,600,2400.0,14.352050182673576,0.999999415231727,0.07795427098313096,14.274095911690445,0,6,150,600.0,3.622387134132974,0.9732811810999464,0.0538631562103626,3.5685239779226112,0,6,150,600.0,3.622387134132974,0.9732811810999464,0.0538631562103626,3.5685239779226112,0,6,150,600.0,3.622387134132974,0.9732811810999464,0.0538631562103626,3.5685239779226112,0,6,150,600.0,3.622387134132974,0.9732811810999464,0.0538631562103626,3.5685239779226112,0,6,150,600.0,3.622387134132974,0.9732811810999464,0.0538631562103626,3.5685239779226112,0,6,150,600.0,3.622387134132974,0.9732811810999464,0.0538631562103626,3.5685239779226112,12,1,325,1300.0,7.779756280358951,0.999581885935196,0.04795432819329258,7.731801952165658,12,1,325,1300.0,7.779756280358951,0.999581885935196,0.04795432819329258,7.731801952165658,12,1,325,1300.0,7.779756280358951,0.999581885935196,0.04795432819329258,7.731801952165658,12,1,325,1300.0,7.779756280358951,0.999581885935196,0.04795432819329258,7.731801952165658,12,1,325,1300.0,7.779756280358951,0.999581885935196,0.04795432819329258,7.731801952165658,12,1,325,1300.0,7.779756280358951,0.999581885935196,0.04795432819329258,7.731801952165658,12,1,325,1300.0,7.779756280358951,0.999581885935196,0.04795432819329258,7.731801952165658,12,1,325,1300.0,7.779756280358951,0.999581885935196,0.04795432819329258,7.731801952165658,24,0,600,2400.0,14.352050182673576,0.999999415231727,0.07795427098313096,14.274095911690445,24,0,600,2400.0,14.352050182673576,0.999999415231727,0.07795427098313096,14.274095911690445,24,0,600,2400.0,14.352050182673576,0.999999415231727,0.07795427098313096,14.274095911690445,24,0,600,2400.0,14.352050182673576,0.999999415231727,0.07795427098313096,14.274095911690445,24,0,600,2400.0,14.352050182673576,0.999999415231727,0.07795427098313096,14.274095911690445,24,0,600,2400.0,14.352050182673576,0.999999415231727,0.07795427098313096,14.274095911690445,24,0,600,2400.0,14.352050182673576,0.999999415231727,0.07795427098313096,14.274095911690445,24,0,600,2400.0,14.352050182673576,0.999999415231727,0.07795427098313096,14.274095911690445,24,0,600,2400.0,14.352050182673576,0.999999415231727,0.07795427098313096,14.274095911690445,24,0,600,2400.0,14.352050182673576,0.999999415231727,0.07795427098313096,14.274095911690445,24,0,600,2400.0,14.352050182673576,0.999999415231727,0.07795427098313096,14.274095911690445,24,0,600,2400.0,14.352050182673576,0.999999415231727,0.07795427098313096,14.274095911690445,24,0,600,2400.0,14.352050182673576,0.999999415231727,0.07795427098313096,14.274095911690445,24,0,600,2400.0,14.352050182673576,0.999999415231727,0.07795427098313096,14.274095911690445,24,0,600,2400.0,14.352050182673576,0.999999415231727,0.07795427098313096,14.274095911690445,24,0,600,2400.0,14.352050182673576,0.999999415231727,0.07795427098313096,14.274095911690445,24,0,600,2400.0,14.352050182673576,0.999999415231727,0.07795427098313096,14.274095911690445,24,0,600,2400.0,14.352050182673576,0.999999415231727,0.07795427098313096,14.274095911690445
knn_n25,other,QASMBench 357b942,25,96,63,24,4,17,16,SC5|p=0.002|r=30|rho=10,realistic,SC5,5,25,0.002,30.0,10,1,0.017467932906043773,0.0,0.031064157235436735,0.0001993039102874015,FEASIBLE/FEASIBLE,70.14,6,FEASIBLE,30.05,0.9915369279903767,0.003,0.05206349206349206,0.09615384615384616,0.041666666666666664,24,0,600,240.0,1.6150538514694595,0.801120039825661,0.41923038974505056,1.195823461724409,0,6,150,211,1.2377130701786634,0.7099532233392387,0.1863849434126204,1.051328126766043,4,4,200,199,1.1856653142457445,0.694457170136885,0.19412836056592203,0.9915369536798225,0,6,150,211,1.2377130701786634,0.7099532233392387,0.1863849434126204,1.051328126766043,0,6,150,211,1.2377130701786634,0.7099532233392387,0.1863849434126204,1.051328126766043,0,6,150,211,1.2377130701786634,0.7099532233392387,0.1863849434126204,1.051328126766043,0,6,150,211,1.2377130701786634,0.7099532233392387,0.1863849434126204,1.051328126766043,12,1,325,196,1.2172685125162295,0.7039623132070709,0.240679352107962,0.9765891604082674,12,1,325,196,1.2172685125162295,0.7039623132070709,0.240679352107962,0.9765891604082674,12,1,325,196,1.2172685125162295,0.7039623132070709,0.240679352107962,0.9765891604082674,12,1,325,196,1.2172685125162295,0.7039623132070709,0.240679352107962,0.9765891604082674,12,1,325,196,1.2172685125162295,0.7039623132070709,0.240679352107962,0.9765891604082674,12,1,325,196,1.2172685125162295,0.7039623132070709,0.240679352107962,0.9765891604082674,12,1,325,196,1.2172685125162295,0.7039623132070709,0.240679352107962,0.9765891604082674,12,1,325,196,1.2172685125162295,0.7039623132070709,0.240679352107962,0.9765891604082674,24,0,600,240.0,1.6150538514694595,0.801120039825661,0.41923038974505056,1.195823461724409,24,0,600,240.0,1.6150538514694595,0.801120039825661,0.41923038974505056,1.195823461724409,24,0,600,240.0,1.6150538514694595,0.801120039825661,0.41923038974505056,1.195823461724409,24,0,600,240.0,1.6150538514694595,0.801120039825661,0.41923038974505056,1.195823461724409,24,0,600,240.0,1.6150538514694595,0.801120039825661,0.41923038974505056,1.195823461724409,24,0,600,240.0,1.6150538514694595,0.801120039825661,0.41923038974505056,1.195823461724409,24,0,600,240.0,1.6150538514694595,0.801120039825661,0.41923038974505056,1.195823461724409,24,0,600,240.0,1.6150538514694595,0.801120039825661,0.41923038974505056,1.195823461724409,24,0,600,240.0,1.6150538514694595,0.801120039825661,0.41923038974505056,1.195823461724409,24,0,600,240.0,1.6150538514694595,0.801120039825661,0.41923038974505056,1.195823461724409,24,0,600,240.0,1.6150538514694595,0.801120039825661,0.41923038974505056,1.195823461724409,24,0,600,240.0,1.6150538514694595,0.801120039825661,0.41923038974505056,1.195823461724409,24,0,600,240.0,1.6150538514694595,0.801120039825661,0.41923038974505056,1.195823461724409,24,0,600,240.0,1.6150538514694595,0.801120039825661,0.41923038974505056,1.195823461724409,24,0,600,240.0,1.6150538514694595,0.801120039825661,0.41923038974505056,1.195823461724409,24,0,600,240.0,1.6150538514694595,0.801120039825661,0.41923038974505056,1.195823461724409,24,0,600,240.0,1.6150538514694595,0.801120039825661,0.41923038974505056,1.195823461724409,24,0,600,240.0,1.6150538514694595,0.801120039825661,0.41923038974505056,1.195823461724409
knn_n25,other,QASMBench 357b942,25,96,63,24,4,17,16,SC5|p=0.002|r=30|rho=100,realistic,SC5,5,25,0.002,30.0,100,1,0.017467932906043773,0.0,0.031064157235436735,0.0001993039102874015,FEASIBLE/FEASIBLE,70.17,6,FEASIBLE,30.04,0.966623939849915,0.003,0.0,0.0,0.0,24,0,600,2400.0,12.377465006989143,0.9999957875452619,0.41923038974505056,11.958234617244091,0,6,150,600.0,3.175943597723643,0.9582453141361598,0.1863849434126204,2.989558654311023,0,6,150,600.0,3.175943597723643,0.9582453141361598,0.1863849434126204,2.989558654311023,0,6,150,600.0,3.175943597723643,0.9582453141361598,0.1863849434126204,2.989558654311023,0,6,150,600.0,3.175943597723643,0.9582453141361598,0.1863849434126204,2.989558654311023,0,6,150,600.0,3.175943597723643,0.9582453141361598,0.1863849434126204,2.989558654311023,0,6,150,600.0,3.175943597723643,0.9582453141361598,0.1863849434126204,2.989558654311023,12,1,325,1300.0,6.718056436448512,0.9987911145220564,0.240679352107962,6.477377084340549,12,1,325,1300.0,6.718056436448512,0.9987911145220564,0.240679352107962,6.477377084340549,12,1,325,1300.0,6.718056436448512,0.9987911145220564,0.240679352107962,6.477377084340549,12,1,325,1300.0,6.718056436448512,0.9987911145220564,0.240679352107962,6.477377084340549,12,1,325,1300.0,6.718056436448512,0.9987911145220564,0.240679352107962,6.477377084340549,12,1,325,1300.0,6.718056436448512,0.9987911145220564,0.240679352107962,6.477377084340549,12,1,325,1300.0,6.718056436448512,0.9987911145220564,0.240679352107962,6.477377084340549,12,1,325,1300.0,6.718056436448512,0.9987911145220564,0.240679352107962,6.477377084340549,24,0,600,2400.0,12.377465006989143,0.9999957875452619,0.41923038974505056,11.958234617244091,24,0,600,2400.0,12.377465006989143,0.9999957875452619,0.41923038974505056,11.958234617244091,24,0,600,2400.0,12.377465006989143,0.9999957875452619,0.41923038974505056,11.958234617244091,24,0,600,2400.0,12.377465006989143,0.9999957875452619,0.41923038974505056,11.958234617244091,24,0,600,2400.0,12.377465006989143,0.9999957875452619,0.41923038974505056,11.958234617244091,24,0,600,2400.0,12.377465006989143,0.9999957875452619,0.41923038974505056,11.958234617244091,24,0,600,2400.0,12.377465006989143,0.9999957875452619,0.41923038974505056,11.958234617244091,24,0,600,2400.0,12.377465006989143,0.9999957875452619,0.41923038974505056,11.958234617244091,24,0,600,2400.0,12.377465006989143,0.9999957875452619,0.41923038974505056,11.958234617244091,24,0,600,2400.0,12.377465006989143,0.9999957875452619,0.41923038974505056,11.958234617244091,24,0,600,2400.0,12.377465006989143,0.9999957875452619,0.41923038974505056,11.958234617244091,24,0,600,2400.0,12.377465006989143,0.9999957875452619,0.41923038974505056,11.958234617244091,24,0,600,2400.0,12.377465006989143,0.9999957875452619,0.41923038974505056,11.958234617244091,24,0,600,2400.0,12.377465006989143,0.9999957875452619,0.41923038974505056,11.958234617244091,24,0,600,2400.0,12.377465006989143,0.9999957875452619,0.41923038974505056,11.958234617244091,24,0,600,2400.0,12.377465006989143,0.9999957875452619,0.41923038974505056,11.958234617244091,24,0,600,2400.0,12.377465006989143,0.9999957875452619,0.41923038974505056,11.958234617244091,24,0,600,2400.0,12.377465006989143,0.9999957875452619,0.41923038974505056,11.958234617244091
knn_n25,other,QASMBench 357b942,25,96,63,24,4,17,16,SC7|p=0.001|r=10|rho=10,realistic,SC7,7,49,0.001,10.0,10,0,0.00013916666666666662,0.00010250000000000045,0.00027916666666666584,1.805555555555555e-06,FEASIBLE/FEASIBLE,70.14,6,OPTIMAL,3.31,0.01940641298333335,0.003,0.052698412698412696,0.16666666666666666,0.125,24,0,1176,240.0,0.021553333333333362,0.0213227200443714,0.010720000000000032,0.010833333333333332,0,6,294,205,0.020768472222222258,0.0205542927921191,0.011515000000000039,0.00925347222222222,12,1,637,196,0.019406388888888924,0.019219297137158742,0.010559166666666703,0.00884722222222222,0,6,294,211,0.021039305555555592,0.020819523419552535,0.011515000000000039,0.009524305555555553,0,6,294,211,0.021039305555555592,0.020819523419552535,0.011515000000000039,0.009524305555555553,0,6,294,211,0.021039305555555592,0.020819523419552535,0.011515000000000039,0.009524305555555553,0,6,294,211,0.021039305555555592,0.020819523419552535,0.011515000000000039,0.009524305555555553,12,1,637,196,0.019406388888888924,0.019219297137158742,0.010559166666666703,0.00884722222222222,12,1,637,196,0.019406388888888924,0.019219297137158742,0.010559166666666703,0.00884722222222222,12,1,637,196,0.019406388888888924,0.019219297137158742,0.010559166666666703,0.00884722222222222,12,1,637,196,0.019406388888888924,0.019219297137158742,0.010559166666666703,0.00884722222222222,12,1,637,196,0.019406388888888924,0.019219297137158742,0.010559166666666703,0.00884722222222222,12,1,637,196,0.019406388888888924,0.019219297137158742,0.010559166666666703,0.00884722222222222,12,1,637,196,0.019406388888888924,0.019219297137158742,0.010559166666666703,0.00884722222222222,12,1,637,196,0.019406388888888924,0.019219297137158742,0.010559166666666703,0.00884722222222222,24,0,1176,240.0,0.021553333333333362,0.0213227200443714,0.010720000000000032,0.010833333333333332,24,0,1176,240.0,0.021553333333333362,0.0213227200443714,0.010720000000000032,0.010833333333333332,24,0,1176,240.0,0.021553333333333362,0.0213227200443714,0.010720000000000032,0.010833333333333332,24,0,1176,240.0,0.021553333333333362,0.0213227200443714,0.010720000000000032,0.010833333333333332,24,0,1176,240.0,0.021553333333333362,0.0213227200443714,0.010720000000000032,0.010833333333333332,24,0,1176,240.0,0.021553333333333362,0.0213227200443714,0.010720000000000032,0.010833333333333332,24,0,1176,240.0,0.021553333333333362,0.0213227200443714,0.010720000000000032,0.010833333333333332,24,0,1176,240.0,0.021553333333333362,0.0213227200443714,0.010720000000000032,0.010833333333333332,24,0,1176,240.0,0.021553333333333362,0.0213227200443714,0.010720000000000032,0.010833333333333332,24,0,1176,240.0,0.021553333333333362,0.0213227200443714,0.010720000000000032,0.010833333333333332,24,0,1176,240.0,0.021553333333333362,0.0213227200443714,0.010720000000000032,0.010833333333333332,24,0,1176,240.0,0.021553333333333362,0.0213227200443714,0.010720000000000032,0.010833333333333332,24,0,1176,240.0,0.021553333333333362,0.0213227200443714,0.010720000000000032,0.010833333333333332,24,0,1176,240.0,0.021553333333333362,0.0213227200443714,0.010720000000000032,0.010833333333333332,24,0,1176,240.0,0.021553333333333362,0.0213227200443714,0.010720000000000032,0.010833333333333332,24,0,1176,240.0,0.021553333333333362,0.0213227200443714,0.010720000000000032,0.010833333333333332,24,0,1176,240.0,0.021553333333333362,0.0213227200443714,0.010720000000000032,0.010833333333333332,24,0,1176,240.0,0.021553333333333362,0.0213227200443714,0.010720000000000032,0.010833333333333332
knn_n25,other,QASMBench 357b942,25,96,63,24,4,17,16,SC7|p=0.001|r=10|rho=100,realistic,SC7,7,49,0.001,10.0,100,0,0.00013916666666666662,0.00010250000000000045,0.00027916666666666584,1.805555555555555e-06,FEASIBLE/FEASIBLE,70.14,6,FEASIBLE,30.04,0.01859696923333335,0.003,0.0,0.0,0.0,24,0,1176,2400.0,0.11905333333333334,0.11223954772478638,0.010720000000000032,0.10833333333333331,0,6,294,600.0,0.038598333333333366,0.037862910059178065,0.011515000000000039,0.027083333333333327,0,6,294,600.0,0.038598333333333366,0.037862910059178065,0.011515000000000039,0.027083333333333327,0,6,294,600.0,0.038598333333333366,0.037862910059178065,0.011515000000000039,0.027083333333333327,0,6,294,600.0,0.038598333333333366,0.037862910059178065,0.011515000000000039,0.027083333333333327,0,6,294,600.0,0.038598333333333366,0.037862910059178065,0.011515000000000039,0.027083333333333327,0,6,294,600.0,0.038598333333333366,0.037862910059178065,0.011515000000000039,0.027083333333333327,12,1,637,1300.0,0.06923972222222224,0.06689703225212588,0.010559166666666703,0.05868055555555554,12,1,637,1300.0,0.06923972222222224,0.06689703225212588,0.010559166666666703,0.05868055555555554,12,1,637,1300.0,0.06923972222222224,0.06689703225212588,0.010559166666666703,0.05868055555555554,12,1,637,1300.0,0.06923972222222224,0.06689703225212588,0.010559166666666703,0.05868055555555554,12,1,637,1300.0,0.06923972222222224,0.06689703225212588,0.010559166666666703,0.05868055555555554,12,1,637,1300.0,0.06923972222222224,0.06689703225212588,0.010559166666666703,0.05868055555555554,12,1,637,1300.0,0.06923972222222224,0.06689703225212588,0.010559166666666703,0.05868055555555554,12,1,637,1300.0,0.06923972222222224,0.06689703225212588,0.010559166666666703,0.05868055555555554,24,0,1176,2400.0,0.11905333333333334,0.11223954772478638,0.010720000000000032,0.10833333333333331,24,0,1176,2400.0,0.11905333333333334,0.11223954772478638,0.010720000000000032,0.10833333333333331,24,0,1176,2400.0,0.11905333333333334,0.11223954772478638,0.010720000000000032,0.10833333333333331,24,0,1176,2400.0,0.11905333333333334,0.11223954772478638,0.010720000000000032,0.10833333333333331,24,0,1176,2400.0,0.11905333333333334,0.11223954772478638,0.010720000000000032,0.10833333333333331,24,0,1176,2400.0,0.11905333333333334,0.11223954772478638,0.010720000000000032,0.10833333333333331,24,0,1176,2400.0,0.11905333333333334,0.11223954772478638,0.010720000000000032,0.10833333333333331,24,0,1176,2400.0,0.11905333333333334,0.11223954772478638,0.010720000000000032,0.10833333333333331,24,0,1176,2400.0,0.11905333333333334,0.11223954772478638,0.010720000000000032,0.10833333333333331,24,0,1176,2400.0,0.11905333333333334,0.11223954772478638,0.010720000000000032,0.10833333333333331,24,0,1176,2400.0,0.11905333333333334,0.11223954772478638,0.010720000000000032,0.10833333333333331,24,0,1176,2400.0,0.11905333333333334,0.11223954772478638,0.010720000000000032,0.10833333333333331,24,0,1176,2400.0,0.11905333333333334,0.11223954772478638,0.010720000000000032,0.10833333333333331,24,0,1176,2400.0,0.11905333333333334,0.11223954772478638,0.010720000000000032,0.10833333333333331,24,0,1176,2400.0,0.11905333333333334,0.11223954772478638,0.010720000000000032,0.10833333333333331,24,0,1176,2400.0,0.11905333333333334,0.11223954772478638,0.010720000000000032,0.10833333333333331,24,0,1176,2400.0,0.11905333333333334,0.11223954772478638,0.010720000000000032,0.10833333333333331,24,0,1176,2400.0,0.11905333333333334,0.11223954772478638,0.010720000000000032,0.10833333333333331
modular_adder_n16,modular-arithmetic,MQT Bench 2.3.0,16,113,107,43,2,10,10,SC5|p=0.001|r=10|rho=10,realistic,SC5,5,25,0.001,10.0,10,0,0.0003825200145869967,5.810310143125109e-05,0.0009810966318486132,2.8691623476531386e-05,FEASIBLE/FEASIBLE,70.14,16,FEASIBLE,30.05,0.15622113585193415,0.011,0.14018691588785046,0.19083969465648856,0.12389380530973451,43,0,1075,430.0,0.21791394724596436,0.1958053581472042,0.020515577727428437,0.19739836951853593,0,16,400,367,0.19074040962550148,0.1736529279430883,0.022263196571309186,0.1684772130541923,14,9,575,352,0.1815285803523741,0.16600559089123257,0.01993735693254933,0.16159122341982476,0,16,400,373,0.1934948054792485,0.17592588314590638,0.022263196571309186,0.17123160890793931,14,9,575,352,0.1815285803523741,0.16600559089123257,0.01993735693254933,0.16159122341982476,14,9,575,352,0.1815285803523741,0.16600559089123257,0.01993735693254933,0.16159122341982476,14,9,575,352,0.1815285803523741,0.16600559089123257,0.01993735693254933,0.16159122341982476,42,6,1200,480.0,0.24642940890512544,0.21841346736123432,0.026077740605364372,0.22035166829976105,47,4,1275,510.0,0.25986127947594195,0.2288414460972114,0.02573763190744587,0.2341236475684961,47,4,1275,510.0,0.25986127947594195,0.2288414460972114,0.02573763190744587,0.2341236475684961,35,1,900,360.0,0.18416509027885186,0.16820152935067068,0.018901339054031085,0.1652637512248208,43,0,1075,430.0,0.21791394724596436,0.1958053581472042,0.020515577727428437,0.19739836951853593,43,0,1075,430.0,0.21791394724596436,0.1958053581472042,0.020515577727428437,0.19739836951853593,43,0,1075,430.0,0.21791394724596436,0.1958053581472042,0.020515577727428437,0.19739836951853593,43,0,1075,430.0,0.21791394724596436,0.1958053581472042,0.020515577727428437,0.19739836951853593,43,0,1075,430.0,0.21791394724596436,0.1958053581472042,0.020515577727428437,0.19739836951853593,43,0,1075,430.0,0.21791394724596436,0.1958053581472042,0.020515577727428437,0.19739836951853593,43,0,1075,430.0,0.21791394724596436,0.1958053581472042,0.020515577727428437,0.19739836951853593,43,0,1075,430.0,0.21791394724596436,0.1958053581472042,0.020515577727428437,0.19739836951853593,43,0,1075,430.0,0.21791394724596436,0.1958053581472042,0.020515577727428437,0.19739836951853593,43,0,1075,430.0,0.21791394724596436,0.1958053581472042,0.020515577727428437,0.19739836951853593,43,0,1075,430.0,0.21791394724596436,0.1958053581472042,0.020515577727428437,0.19739836951853593,43,0,1075,430.0,0.21791394724596436,0.1958053581472042,0.020515577727428437,0.19739836951853593,43,0,1075,430.0,0.21791394724596436,0.1958053581472042,0.020515577727428437,0.19739836951853593,43,0,1075,430.0,0.21791394724596436,0.1958053581472042,0.020515577727428437,0.19739836951853593,43,0,1075,430.0,0.21791394724596436,0.1958053581472042,0.020515577727428437,0.19739836951853593,43,0,1075,430.0,0.21791394724596436,0.1958053581472042,0.020515577727428437,0.19739836951853593,43,0,1075,430.0,0.21791394724596436,0.1958053581472042,0.020515577727428437,0.19739836951853593,43,0,1075,430.0,0.21791394724596436,0.1958053581472042,0.020515577727428437,0.19739836951853593,43,0,1075,430.0,0.21791394724596436,0.1958053581472042,0.020515577727428437,0.19739836951853593,43,0,1075,430.0,0.21791394724596436,0.1958053581472042,0.020515577727428437,0.19739836951853593,43,0,1075,430.0,0.21791394724596436,0.1958053581472042,0.020515577727428437,0.19739836951853593,43,0,1075,430.0,0.21791394724596436,0.1958053581472042,0.020515577727428437,0.19739836951853593
modular_adder_n16,modular-arithmetic,MQT Bench 2.3.0,16,113,107,43,2,10,10,SC5|p=0.001|r=10|rho=100,realistic,SC5,5,25,0.001,10.0,100,0,0.0003825200145869967,5.810310143125109e-05,0.0009810966318486132,2.8691623476531386e-05,FEASIBLE/FEASIBLE,70.13,16,FEASIBLE,30.05,0.15668020175803907,0.011,0.0,0.0,0.0,43,0,1075,4300.0,1.9944992729127877,0.8639182230582428,0.020515577727428437,1.9739836951853593,0,16,400,1600.0,0.7567687575705127,0.5308199853208789,0.022263196571309186,0.7345055609992035,0,16,400,1600.0,0.7567687575705127,0.5308199853208789,0.022263196571309186,0.7345055609992035,0,16,400,1600.0,0.7567687575705127,0.5308199853208789,0.022263196571309186,0.7345055609992035,14,9,575,2300.0,1.0757891008689044,0.6589714568225398,0.01993735693254933,1.055851743936355,14,9,575,2300.0,1.0757891008689044,0.6589714568225398,0.01993735693254933,1.055851743936355,14,9,575,2300.0,1.0757891008689044,0.6589714568225398,0.01993735693254933,1.055851743936355,42,6,1200,4800.0,2.229594423602975,0.8924279500259423,0.026077740605364372,2.2035166829976105,47,4,1275,5100.0,2.366974107592407,0.9062359827141372,0.02573763190744587,2.341236475684961,47,4,1275,5100.0,2.366974107592407,0.9062359827141372,0.02573763190744587,2.341236475684961,35,1,900,3600.0,1.671538851302239,0.8120423958271552,0.018901339054031085,1.6526375122482078,43,0,1075,4300.0,1.9944992729127877,0.8639182230582428,0.020515577727428437,1.9739836951853593,43,0,1075,4300.0,1.9944992729127877,0.8639182230582428,0.020515577727428437,1.9739836951853593,43,0,1075,4300.0,1.9944992729127877,0.8639182230582428,0.020515577727428437,1.9739836951853593,43,0,1075,4300.0,1.9944992729127877,0.8639182230582428,0.020515577727428437,1.9739836951853593,43,0,1075,4300.0,1.9944992729127877,0.8639182230582428,0.020515577727428437,1.9739836951853593,43,0,1075,4300.0,1.9944992729127877,0.8639182230582428,0.020515577727428437,1.9739836951853593,43,0,1075,4300.0,1.9944992729127877,0.8639182230582428,0.020515577727428437,1.9739836951853593,43,0,1075,4300.0,1.9944992729127877,0.8639182230582428,0.020515577727428437,1.9739836951853593,43,0,1075,4300.0,1.9944992729127877,0.8639182230582428,0.020515577727428437,1.9739836951853593,43,0,1075,4300.0,1.9944992729127877,0.8639182230582428,0.020515577727428437,1.9739836951853593,43,0,1075,4300.0,1.9944992729127877,0.8639182230582428,0.020515577727428437,1.9739836951853593,43,0,1075,4300.0,1.9944992729127877,0.8639182230582428,0.020515577727428437,1.9739836951853593,43,0,1075,4300.0,1.9944992729127877,0.8639182230582428,0.020515577727428437,1.9739836951853593,43,0,1075,4300.0,1.9944992729127877,0.8639182230582428,0.020515577727428437,1.9739836951853593,43,0,1075,4300.0,1.9944992729127877,0.8639182230582428,0.020515577727428437,1.9739836951853593,43,0,1075,4300.0,1.9944992729127877,0.8639182230582428,0.020515577727428437,1.9739836951853593,43,0,1075,4300.0,1.9944992729127877,0.8639182230582428,0.020515577727428437,1.9739836951853593,43,0,1075,4300.0,1.9944992729127877,0.8639182230582428,0.020515577727428437,1.9739836951853593,43,0,1075,4300.0,1.9944992729127877,0.8639182230582428,0.020515577727428437,1.9739836951853593,43,0,1075,4300.0,1.9944992729127877,0.8639182230582428,0.020515577727428437,1.9739836951853593,43,0,1075,4300.0,1.9944992729127877,0.8639182230582428,0.020515577727428437,1.9739836951853593,43,0,1075,4300.0,1.9944992729127877,0.8639182230582428,0.020515577727428437,1.9739836951853593
modular_adder_n16,modular-arithmetic,MQT Bench 2.3.0,16,113,107,43,2,10,10,SC5|p=0.001|r=30|rho=10,realistic,SC5,5,25,0.001,30.0,10,1,0.0031526304869580694,0.0,0.005366132781095331,2.868275147901941e-05,FEASIBLE/FEASIBLE,70.13,16,FEASIBLE,30.05,0.15190331695030035,0.011,0.0,0.0,0.0,43,0,1075,430.0,0.3329004411148505,0.2831584414504417,0.13556311093919698,0.19733733017565355,0,16,400,352,0.24739938082736262,0.21917121679544457,0.08585812449752529,0.16154125632983732,0,16,400,352,0.24739938082736262,0.21917121679544457,0.08585812449752529,0.16154125632983732,0,16,400,373,0.2570367853243131,0.22666023431186866,0.08585812449752529,0.17117866082678784,14,9,575,352,0.25397327817710824,0.224287469777625,0.09243202184727095,0.16154125632983732,14,9,575,352,0.25397327817710824,0.224287469777625,0.09243202184727095,0.16154125632983732,14,9,575,352,0.25397327817710824,0.224287469777625,0.09243202184727095,0.16154125632983732,42,6,1200,480.0,0.38489080849768,0.3194750603116099,0.1646072771388109,0.22028353135886908,47,4,1275,510.0,0.403689416080209,0.33214848699826044,0.16963816401141057,0.2340512520687984,47,4,1275,510.0,0.403689416080209,0.33214848699826044,0.16963816401141057,0.2340512520687984,35,1,900,360.0,0.28092084834377956,0.24491190041136252,0.11570819982462777,0.1652126485191518,43,0,1075,430.0,0.3329004411148505,0.2831584414504417,0.13556311093919698,0.19733733017565355,43,0,1075,430.0,0.3329004411148505,0.2831584414504417,0.13556311093919698,0.19733733017565355,43,0,1075,430.0,0.3329004411148505,0.2831584414504417,0.13556311093919698,0.19733733017565355,43,0,1075,430.0,0.3329004411148505,0.2831584414504417,0.13556311093919698,0.19733733017565355,43,0,1075,430.0,0.3329004411148505,0.2831584414504417,0.13556311093919698,0.19733733017565355,43,0,1075,430.0,0.3329004411148505,0.2831584414504417,0.13556311093919698,0.19733733017565355,43,0,1075,430.0,0.3329004411148505,0.2831584414504417,0.13556311093919698,0.19733733017565355,43,0,1075,430.0,0.3329004411148505,0.2831584414504417,0.13556311093919698,0.19733733017565355,43,0,1075,430.0,0.3329004411148505,0.2831584414504417,0.13556311093919698,0.19733733017565355,43,0,1075,430.0,0.3329004411148505,0.2831584414504417,0.13556311093919698,0.19733733017565355,43,0,1075,430.0,0.3329004411148505,0.2831584414504417,0.13556311093919698,0.19733733017565355,43,0,1075,430.0,0.3329004411148505,0.2831584414504417,0.13556311093919698,0.19733733017565355,43,0,1075,430.0,0.3329004411148505,0.2831584414504417,0.13556311093919698,0.19733733017565355,43,0,1075,430.0,0.3329004411148505,0.2831584414504417,0.13556311093919698,0.19733733017565355,43,0,1075,430.0,0.3329004411148505,0.2831584414504417,0.13556311093919698,0.19733733017565355,43,0,1075,430.0,0.3329004411148505,0.2831584414504417,0.13556311093919698,0.19733733017565355,43,0,1075,430.0,0.3329004411148505,0.2831584414504417,0.13556311093919698,0.19733733017565355,43,0,1075,430.0,0.3329004411148505,0.2831584414504417,0.13556311093919698,0.19733733017565355,43,0,1075,430.0,0.3329004411148505,0.2831584414504417,0.13556311093919698,0.19733733017565355,43,0,1075,430.0,0.3329004411148505,0.2831584414504417,0.13556311093919698,0.19733733017565355,43,0,1075,430.0,0.3329004411148505,0.2831584414504417,0.13556311093919698,0.19733733017565355,43,0,1075,430.0,0.3329004411148505,0.2831584414504417,0.13556311093919698,0.19733733017565355
modular_adder_n16,modular-arithmetic,MQT Bench 2.3.0,16,113,107,43,2,10,10,SC5|p=0.001|r=30|rho=100,realistic,SC5,5,25,0.001,30.0,100,1,0.0031526304869580694,0.0,0.005366132781095331,2.868275147901941e-05,FEASIBLE/FEASIBLE,70.14,16,FEASIBLE,30.05,0.14960870491177616,0.011,0.0,0.0,0.0,43,0,1075,4300.0,2.108936412695732,0.8786330178071247,0.13556311093919698,1.9733733017565354,0,16,400,1600.0,0.8201365623604222,0.5596284877736655,0.08585812449752529,0.7342784378628969,0,16,400,1600.0,0.8201365623604222,0.5596284877736655,0.08585812449752529,0.7342784378628969,0,16,400,1600.0,0.8201365623604222,0.5596284877736655,0.08585812449752529,0.7342784378628969,14,9,575,2300.0,1.1479572762751853,0.6827157681116132,0.09243202184727095,1.0555252544279143,14,9,575,2300.0,1.1479572762751853,0.6827157681116132,0.09243202184727095,1.0555252544279143,14,9,575,2300.0,1.1479572762751853,0.6827157681116132,0.09243202184727095,1.0555252544279143,42,6,1200,4800.0,2.3674425907275016,0.9062798992870242,0.1646072771388109,2.202835313588691,47,4,1275,5100.0,2.5101506846993944,0.9187440057167215,0.16963816401141057,2.3405125206879838,47,4,1275,5100.0,2.5101506846993944,0.9187440057167215,0.16963816401141057,2.3405125206879838,35,1,900,3600.0,1.7678346850161457,0.8292977870025879,0.11570819982462777,1.652126485191518,43,0,1075,4300.0,2.108936412695732,0.8786330178071247,0.13556311093919698,1.9733733017565354,43,0,1075,4300.0,2.108936412695732,0.8786330178071247,0.13556311093919698,1.9733733017565354,43,0,1075,4300.0,2.108936412695732,0.8786330178071247,0.13556311093919698,1.9733733017565354,43,0,1075,4300.0,2.108936412695732,0.8786330178071247,0.13556311093919698,1.9733733017565354,43,0,1075,4300.0,2.108936412695732,0.8786330178071247,0.13556311093919698,1.9733733017565354,43,0,1075,4300.0,2.108936412695732,0.8786330178071247,0.13556311093919698,1.9733733017565354,43,0,1075,4300.0,2.108936412695732,0.8786330178071247,0.13556311093919698,1.9733733017565354,43,0,1075,4300.0,2.108936412695732,0.8786330178071247,0.13556311093919698,1.9733733017565354,43,0,1075,4300.0,2.108936412695732,0.8786330178071247,0.13556311093919698,1.9733733017565354,43,0,1075,4300.0,2.108936412695732,0.8786330178071247,0.13556311093919698,1.9733733017565354,43,0,1075,4300.0,2.108936412695732,0.8786330178071247,0.13556311093919698,1.9733733017565354,43,0,1075,4300.0,2.108936412695732,0.8786330178071247,0.13556311093919698,1.9733733017565354,43,0,1075,4300.0,2.108936412695732,0.8786330178071247,0.13556311093919698,1.9733733017565354,43,0,1075,4300.0,2.108936412695732,0.8786330178071247,0.13556311093919698,1.9733733017565354,43,0,1075,4300.0,2.108936412695732,0.8786330178071247,0.13556311093919698,1.9733733017565354,43,0,1075,4300.0,2.108936412695732,0.8786330178071247,0.13556311093919698,1.9733733017565354,43,0,1075,4300.0,2.108936412695732,0.8786330178071247,0.13556311093919698,1.9733733017565354,43,0,1075,4300.0,2.108936412695732,0.8786330178071247,0.13556311093919698,1.9733733017565354,43,0,1075,4300.0,2.108936412695732,0.8786330178071247,0.13556311093919698,1.9733733017565354,43,0,1075,4300.0,2.108936412695732,0.8786330178071247,0.13556311093919698,1.9733733017565354,43,0,1075,4300.0,2.108936412695732,0.8786330178071247,0.13556311093919698,1.9733733017565354,43,0,1075,4300.0,2.108936412695732,0.8786330178071247,0.13556311093919698,1.9733733017565354
modular_adder_n16,modular-arithmetic,MQT Bench 2.3.0,16,113,107,43,2,10,10,SC5|p=0.002|r=10|rho=10,realistic,SC5,5,25,0.002,10.0,10,1,0.0032480946242971235,0.0,0.0089771927017271,0.0002379015985281741,FEASIBLE/FEASIBLE,70.13,16,FEASIBLE,30.06,1.2523149615805111,0.011,0.13726635514018692,0.17692307692307693,0.12389380530973451,43,0,1075,430.0,1.776431066718614,0.8307589191602399,0.1396680688447763,1.6367629978738378,0,16,400,367,1.540593269785072,0.785746046682694,0.1436350832276336,1.3969581865574383,14,9,575,352,1.4661298619663803,0.7691829473163391,0.12626805905570362,1.3398618029106766,0,16,400,373,1.5634318232437767,0.7905838426376559,0.1436350832276336,1.419796740016143,14,9,575,352,1.4661298619663803,0.7691829473163391,0.12626805905570362,1.3398618029106766,14,9,575,352,1.4661298619663803,0.7691829473163391,0.12626805905570362,1.3398618029106766,14,9,575,352,1.4661298619663803,0.7691829473163391,0.12626805905570362,1.3398618029106766,42,6,1200,480.0,2.0173674071272187,0.8669948469969667,0.19028313043084177,1.827084276696377,47,4,1275,510.0,2.129846262138774,0.8811444349517483,0.1885692181488732,1.9412770439899005,47,4,1275,510.0,2.129846262138774,0.8811444349517483,0.1885692181488732,1.9412770439899005,35,1,900,360.0,1.4929737120744093,0.7752965423535124,0.12266050455212643,1.3703132075222828,43,0,1075,430.0,1.776431066718614,0.8307589191602399,0.1396680688447763,1.6367629978738378,43,0,1075,430.0,1.776431066718614,0.8307589191602399,0.1396680688447763,1.6367629978738378,43,0,1075,430.0,1.776431066718614,0.8307589191602399,0.1396680688447763,1.6367629978738378,43,0,1075,430.0,1.776431066718614,0.8307589191602399,0.1396680688447763,1.6367629978738378,43,0,1075,430.0,1.776431066718614,0.8307589191602399,0.1396680688447763,1.6367629978738378,43,0,1075,430.0,1.776431066718614,0.8307589191602399,0.1396680688447763,1.6367629978738378,43,0,1075,430.0,1.776431066718614,0.8307589191602399,0.1396680688447763,1.6367629978738378,43,0,1075,430.0,1.776431066718614,0.8307589191602399,0.1396680688447763,1.6367629978738378,43,0,1075,430.0,1.776431066718614,0.8307589191602399,0.1396680688447763,1.6367629978738378,43,0,1075,430.0,1.776431066718614,0.8307589191602399,0.1396680688447763,1.6367629978738378,43,0,1075,430.0,1.776431066718614,0.8307589191602399,0.1396680688447763,1.6367629978738378,43,0,1075,430.0,1.776431066718614,0.8307589191602399,0.1396680688447763,1.6367629978738378,43,0,1075,430.0,1.776431066718614,0.8307589191602399,0.1396680688447763,1.6367629978738378,43,0,1075,430.0,1.776431066718614,0.8307589191602399,0.1396680688447763,1.6367629978738378,43,0,1075,430.0,1.776431066718614,0.8307589191602399,0.1396680688447763,1.6367629978738378,43,0,1075,430.0,1.776431066718614,0.8307589191602399,0.1396680688447763,1.6367629978738378,43,0,1075,430.0,1.776431066718614,0.8307589191602399,0.1396680688447763,1.6367629978738378,43,0,1075,430.0,1.776431066718614,0.8307589191602399,0.1396680688447763,1.6367629978738378,43,0,1075,430.0,1.776431066718614,0.8307589191602399,0.1396680688447763,1.6367629978738378,43,0,1075,430.0,1.776431066718614,0.8307589191602399,0.1396680688447763,1.6367629978738378,43,0,1075,430.0,1.776431066718614,0.8307589191602399,0.1396680688447763,1.6367629978738378,43,0,1075,430.0,1.776431066718614,0.8307589191602399,0.1396680688447763,1.6367629978738378
modular_adder_n16,modular-arithmetic,MQT Bench 2.3.0,16,113,107,43,2,10,10,SC5|p=0.002|r=10|rho=100,realistic,SC5,5,25,0.002,10.0,100,1,0.0032480946242971235,0.0,0.0089771927017271,0.0002379015985281741,FEASIBLE/FEASIBLE,70.13,16,FEASIBLE,30.05,1.244702104671207,0.011,0.0,0.0,0.0,43,0,1075,4300.0,16.507298047583156,0.9999999322402887,0.1396680688447763,16.36762997873838,0,16,400,1600.0,6.23391600554889,0.9980382454067379,0.1436350832276336,6.090280922321257,0,16,400,1600.0,6.23391600554889,0.9980382454067379,0.1436350832276336,6.090280922321257,0,16,400,1600.0,6.23391600554889,0.9980382454067379,0.1436350832276336,6.090280922321257,14,9,575,2300.0,8.88104688489251,0.9998610014261409,0.12626805905570362,8.754778825836807,14,9,575,2300.0,8.88104688489251,0.9998610014261409,0.12626805905570362,8.754778825836807,14,9,575,2300.0,8.88104688489251,0.9998610014261409,0.12626805905570362,8.754778825836807,42,6,1200,4800.0,18.461125897394613,0.9999999903963817,0.19028313043084177,18.27084276696377,47,4,1275,5100.0,19.60133965804788,0.9999999969292367,0.1885692181488732,19.412770439899006,47,4,1275,5100.0,19.60133965804788,0.9999999969292367,0.1885692181488732,19.412770439899006,35,1,900,3600.0,13.825792579774953,0.9999990102293426,0.12266050455212643,13.703132075222827,43,0,1075,4300.0,16.507298047583156,0.9999999322402887,0.1396680688447763,16.36762997873838,43,0,1075,4300.0,16.507298047583156,0.9999999322402887,0.1396680688447763,16.36762997873838,43,0,1075,4300.0,16.507298047583156,0.9999999322402887,0.1396680688447763,16.36762997873838,43,0,1075,4300.0,16.507298047583156,0.9999999322402887,0.1396680688447763,16.36762997873838,43,0,1075,4300.0,16.507298047583156,0.9999999322402887,0.1396680688447763,16.36762997873838,43,0,1075,4300.0,16.507298047583156,0.9999999322402887,0.1396680688447763,16.36762997873838,43,0,1075,4300.0,16.507298047583156,0.9999999322402887,0.1396680688447763,16.36762997873838,43,0,1075,4300.0,16.507298047583156,0.9999999322402887,0.1396680688447763,16.36762997873838,43,0,1075,4300.0,16.507298047583156,0.9999999322402887,0.1396680688447763,16.36762997873838,43,0,1075,4300.0,16.507298047583156,0.9999999322402887,0.1396680688447763,16.36762997873838,43,0,1075,4300.0,16.507298047583156,0.9999999322402887,0.1396680688447763,16.36762997873838,43,0,1075,4300.0,16.507298047583156,0.9999999322402887,0.1396680688447763,16.36762997873838,43,0,1075,4300.0,16.507298047583156,0.9999999322402887,0.1396680688447763,16.36762997873838,43,0,1075,4300.0,16.507298047583156,0.9999999322402887,0.1396680688447763,16.36762997873838,43,0,1075,4300.0,16.507298047583156,0.9999999322402887,0.1396680688447763,16.36762997873838,43,0,1075,4300.0,16.507298047583156,0.9999999322402887,0.1396680688447763,16.36762997873838,43,0,1075,4300.0,16.507298047583156,0.9999999322402887,0.1396680688447763,16.36762997873838,43,0,1075,4300.0,16.507298047583156,0.9999999322402887,0.1396680688447763,16.36762997873838,43,0,1075,4300.0,16.507298047583156,0.9999999322402887,0.1396680688447763,16.36762997873838,43,0,1075,4300.0,16.507298047583156,0.9999999322402887,0.1396680688447763,16.36762997873838,43,0,1075,4300.0,16.507298047583156,0.9999999322402887,0.1396680688447763,16.36762997873838,43,0,1075,4300.0,16.507298047583156,0.9999999322402887,0.1396680688447763,16.36762997873838
modular_adder_n16,modular-arithmetic,MQT Bench 2.3.0,16,113,107,43,2,10,10,SC5|p=0.002|r=30|rho=10,realistic,SC5,5,25,0.002,30.0,10,1,0.017467932906043773,0.0,0.031064157235436735,0.0001993039102874015,FEASIBLE/FEASIBLE,70.13,16,FEASIBLE,30.05,1.0491349389625058,0.011,0.13726635514018692,0.17692307692307693,0.12389380530973451,43,0,1075,430.0,2.1223320177372047,0.8802479612444147,0.7511211149598822,1.3712109027773225,0,16,400,367,1.6673390769746095,0.8112513563755797,0.49702651576698775,1.1703125612076217,14,9,575,352,1.6466080985421887,0.807297570997409,0.5241284758035435,1.1224796227386453,0,16,400,373,1.6864722523622,0.8148283881677186,0.49702651576698775,1.1894457365952122,14,9,575,352,1.6466080985421887,0.807297570997409,0.5241284758035435,1.1224796227386453,14,9,575,352,1.6466080985421887,0.807297570997409,0.5241284758035435,1.1224796227386453,14,9,575,352,1.6466080985421887,0.807297570997409,0.5241284758035435,1.1224796227386453,42,6,1200,480.0,2.4506921564737025,0.9137661214991415,0.9200381254664589,1.5306540310072436,47,4,1275,510.0,2.571569383471001,0.9235844739931425,0.9452494755258043,1.6263199079451964,47,4,1275,510.0,2.571569383471001,0.9235844739931425,0.9452494755258043,1.6263199079451964,35,1,900,360.0,1.7904323322024016,0.8331119969897159,0.6424418089469688,1.1479905232554328,43,0,1075,430.0,2.1223320177372047,0.8802479612444147,0.7511211149598822,1.3712109027773225,43,0,1075,430.0,2.1223320177372047,0.8802479612444147,0.7511211149598822,1.3712109027773225,43,0,1075,430.0,2.1223320177372047,0.8802479612444147,0.7511211149598822,1.3712109027773225,43,0,1075,430.0,2.1223320177372047,0.8802479612444147,0.7511211149598822,1.3712109027773225,43,0,1075,430.0,2.1223320177372047,0.8802479612444147,0.7511211149598822,1.3712109027773225,43,0,1075,430.0,2.1223320177372047,0.8802479612444147,0.7511211149598822,1.3712109027773225,43,0,1075,430.0,2.1223320177372047,0.8802479612444147,0.7511211149598822,1.3712109027773225,43,0,1075,430.0,2.1223320177372047,0.8802479612444147,0.7511211149598822,1.3712109027773225,43,0,1075,430.0,2.1223320177372047,0.8802479612444147,0.7511211149598822,1.3712109027773225,43,0,1075,430.0,2.1223320177372047,0.8802479612444147,0.7511211149598822,1.3712109027773225,43,0,1075,430.0,2.1223320177372047,0.8802479612444147,0.7511211149598822,1.3712109027773225,43,0,1075,430.0,2.1223320177372047,0.8802479612444147,0.7511211149598822,1.3712109027773225,43,0,1075,430.0,2.1223320177372047,0.8802479612444147,0.7511211149598822,1.3712109027773225,43,0,1075,430.0,2.1223320177372047,0.8802479612444147,0.7511211149598822,1.3712109027773225,43,0,1075,430.0,2.1223320177372047,0.8802479612444147,0.7511211149598822,1.3712109027773225,43,0,1075,430.0,2.1223320177372047,0.8802479612444147,0.7511211149598822,1.3712109027773225,43,0,1075,430.0,2.1223320177372047,0.8802479612444147,0.7511211149598822,1.3712109027773225,43,0,1075,430.0,2.1223320177372047,0.8802479612444147,0.7511211149598822,1.3712109027773225,43,0,1075,430.0,2.1223320177372047,0.8802479612444147,0.7511211149598822,1.3712109027773225,43,0,1075,430.0,2.1223320177372047,0.8802479612444147,0.7511211149598822,1.3712109027773225,43,0,1075,430.0,2.1223320177372047,0.8802479612444147,0.7511211149598822,1.3712109027773225,43,0,1075,430.0,2.1223320177372047,0.8802479612444147,0.7511211149598822,1.3712109027773225
modular_adder_n16,modular-arithmetic,MQT Bench 2.3.0,16,113,107,43,2,10,10,SC5|p=0.002|r=30|rho=100,realistic,SC5,5,25,0.002,30.0,100,1,0.017467932906043773,0.0,0.031064157235436735,0.0001993039102874015,FEASIBLE/FEASIBLE,70.13,16,FEASIBLE,30.05,1.0395683589719662,0.011,0.0,0.0,0.0,43,0,1075,4300.0,14.463230142733106,0.9999994767623837,0.7511211149598822,13.712109027773224,0,16,400,1600.0,5.599206619124466,0.9962992013050401,0.49702651576698775,5.102180103357479,0,16,400,1600.0,5.599206619124466,0.9962992013050401,0.49702651576698775,5.102180103357479,0,16,400,1600.0,5.599206619124466,0.9962992013050401,0.49702651576698775,5.102180103357479,14,9,575,2300.0,7.858512374379919,0.9996135516655837,0.5241284758035435,7.334383898576376,14,9,575,2300.0,7.858512374379919,0.9996135516655837,0.5241284758035435,7.334383898576376,14,9,575,2300.0,7.858512374379919,0.9996135516655837,0.5241284758035435,7.334383898576376,42,6,1200,4800.0,16.226578435538894,0.999999910280566,0.9200381254664589,15.306540310072435,47,4,1275,5100.0,17.20844855497777,0.9999999663902137,0.9452494755258043,16.263199079451965,47,4,1275,5100.0,17.20844855497777,0.9999999663902137,0.9452494755258043,16.263199079451965,35,1,900,3600.0,12.122347041501296,0.9999945633475312,0.6424418089469688,11.479905232554326,43,0,1075,4300.0,14.463230142733106,0.9999994767623837,0.7511211149598822,13.712109027773224,43,0,1075,4300.0,14.463230142733106,0.9999994767623837,0.7511211149598822,13.712109027773224,43,0,1075,4300.0,14.463230142733106,0.9999994767623837,0.7511211149598822,13.712109027773224,43,0,1075,4300.0,14.463230142733106,0.9999994767623837,0.7511211149598822,13.712109027773224,43,0,1075,4300.0,14.463230142733106,0.9999994767623837,0.7511211149598822,13.712109027773224,43,0,1075,4300.0,14.463230142733106,0.9999994767623837,0.7511211149598822,13.712109027773224,43,0,1075,4300.0,14.463230142733106,0.9999994767623837,0.7511211149598822,13.712109027773224,43,0,1075,4300.0,14.463230142733106,0.9999994767623837,0.7511211149598822,13.712109027773224,43,0,1075,4300.0,14.463230142733106,0.9999994767623837,0.7511211149598822,13.712109027773224,43,0,1075,4300.0,14.463230142733106,0.9999994767623837,0.7511211149598822,13.712109027773224,43,0,1075,4300.0,14.463230142733106,0.9999994767623837,0.7511211149598822,13.712109027773224,43,0,1075,4300.0,14.463230142733106,0.9999994767623837,0.7511211149598822,13.712109027773224,43,0,1075,4300.0,14.463230142733106,0.9999994767623837,0.7511211149598822,13.712109027773224,43,0,1075,4300.0,14.463230142733106,0.9999994767623837,0.7511211149598822,13.712109027773224,43,0,1075,4300.0,14.463230142733106,0.9999994767623837,0.7511211149598822,13.712109027773224,43,0,1075,4300.0,14.463230142733106,0.9999994767623837,0.7511211149598822,13.712109027773224,43,0,1075,4300.0,14.463230142733106,0.9999994767623837,0.7511211149598822,13.712109027773224,43,0,1075,4300.0,14.463230142733106,0.9999994767623837,0.7511211149598822,13.712109027773224,43,0,1075,4300.0,14.463230142733106,0.9999994767623837,0.7511211149598822,13.712109027773224,43,0,1075,4300.0,14.463230142733106,0.9999994767623837,0.7511211149598822,13.712109027773224,43,0,1075,4300.0,14.463230142733106,0.9999994767623837,0.7511211149598822,13.712109027773224,43,0,1075,4300.0,14.463230142733106,0.9999994767623837,0.7511211149598822,13.712109027773224
modular_adder_n16,modular-arithmetic,MQT Bench 2.3.0,16,113,107,43,2,10,10,SC7|p=0.001|r=10|rho=10,realistic,SC7,7,49,0.001,10.0,10,0,0.00013916666666666662,0.00010250000000000045,0.00027916666666666584,1.805555555555555e-06,FEASIBLE/FEASIBLE,70.13,16,FEASIBLE,30.05,0.021000315358333355,0.011,0.3557242990654206,0.4,0.30973451327433627,43,0,2107,430.0,0.025581388888888914,0.025256957515949138,0.013159166666666696,0.012422222222222218,0,16,784,364,0.026564722222222257,0.026214983734304597,0.016049166666666705,0.010515555555555552,35,1,1764,360.0,0.02354500000000003,0.0232699791710475,0.013145000000000032,0.010399999999999998,0,16,784,373,0.026824722222222257,0.026468134927452484,0.016049166666666705,0.010775555555555552,14,9,1127,352,0.024777222222222256,0.024472786392738345,0.014608333333333369,0.010168888888888887,14,9,1127,352,0.024777222222222256,0.024472786392738345,0.014608333333333369,0.010168888888888887,14,9,1127,352,0.024777222222222256,0.024472786392738345,0.014608333333333369,0.010168888888888887,42,6,2352,480.0,0.02866416666666669,0.028257246717814894,0.014797500000000026,0.013866666666666663,47,4,2499,510.0,0.029155833333333353,0.028734902804768363,0.014422500000000024,0.01473333333333333,47,4,2499,510.0,0.029155833333333353,0.028734902804768363,0.014422500000000024,0.01473333333333333,35,1,1764,360.0,0.02354500000000003,0.0232699791710475,0.013145000000000032,0.010399999999999998,43,0,2107,430.0,0.025581388888888914,0.025256957515949138,0.013159166666666696,0.012422222222222218,43,0,2107,430.0,0.025581388888888914,0.025256957515949138,0.013159166666666696,0.012422222222222218,43,0,2107,430.0,0.025581388888888914,0.025256957515949138,0.013159166666666696,0.012422222222222218,43,0,2107,430.0,0.025581388888888914,0.025256957515949138,0.013159166666666696,0.012422222222222218,43,0,2107,430.0,0.025581388888888914,0.025256957515949138,0.013159166666666696,0.012422222222222218,43,0,2107,430.0,0.025581388888888914,0.025256957515949138,0.013159166666666696,0.012422222222222218,43,0,2107,430.0,0.025581388888888914,0.025256957515949138,0.013159166666666696,0.012422222222222218,43,0,2107,430.0,0.025581388888888914,0.025256957515949138,0.013159166666666696,0.012422222222222218,43,0,2107,430.0,0.025581388888888914,0.025256957515949138,0.013159166666666696,0.012422222222222218,43,0,2107,430.0,0.025581388888888914,0.025256957515949138,0.013159166666666696,0.012422222222222218,43,0,2107,430.0,0.025581388888888914,0.025256957515949138,0.013159166666666696,0.012422222222222218,43,0,2107,430.0,0.025581388888888914,0.025256957515949138,0.013159166666666696,0.012422222222222218,43,0,2107,430.0,0.025581388888888914,0.025256957515949138,0.013159166666666696,0.012422222222222218,43,0,2107,430.0,0.025581388888888914,0.025256957515949138,0.013159166666666696,0.012422222222222218,43,0,2107,430.0,0.025581388888888914,0.025256957515949138,0.013159166666666696,0.012422222222222218,43,0,2107,430.0,0.025581388888888914,0.025256957515949138,0.013159166666666696,0.012422222222222218,43,0,2107,430.0,0.025581388888888914,0.025256957515949138,0.013159166666666696,0.012422222222222218,43,0,2107,430.0,0.025581388888888914,0.025256957515949138,0.013159166666666696,0.012422222222222218,43,0,2107,430.0,0.025581388888888914,0.025256957515949138,0.013159166666666696,0.012422222222222218,43,0,2107,430.0,0.025581388888888914,0.025256957515949138,0.013159166666666696,0.012422222222222218,43,0,2107,430.0,0.025581388888888914,0.025256957515949138,0.013159166666666696,0.012422222222222218,43,0,2107,430.0,0.025581388888888914,0.025256957515949138,0.013159166666666696,0.012422222222222218
modular_adder_n16,modular-arithmetic,MQT Bench 2.3.0,16,113,107,43,2,10,10,SC7|p=0.001|r=10|rho=100,realistic,SC7,7,49,0.001,10.0,100,0,0.00013916666666666662,0.00010250000000000045,0.00027916666666666584,1.805555555555555e-06,FEASIBLE/FEASIBLE,70.13,16,FEASIBLE,30.04,0.021000315358333355,0.011,0.0,0.0,0.0,43,0,2107,4300.0,0.1373813888888889,0.12836227021434288,0.013159166666666696,0.12422222222222219,0,16,784,1600.0,0.06227138888888892,0.06037215237228009,0.016049166666666705,0.04622222222222221,0,16,784,1600.0,0.06227138888888892,0.06037215237228009,0.016049166666666705,0.04622222222222221,0,16,784,1600.0,0.06227138888888892,0.06037215237228009,0.016049166666666705,0.04622222222222221,14,9,1127,2300.0,0.0810527777777778,0.07785497860474727,0.014608333333333369,0.06644444444444443,14,9,1127,2300.0,0.0810527777777778,0.07785497860474727,0.014608333333333369,0.06644444444444443,14,9,1127,2300.0,0.0810527777777778,0.07785497860474727,0.014608333333333369,0.06644444444444443,42,6,2352,4800.0,0.15346416666666665,0.14226850097312596,0.014797500000000026,0.13866666666666663,47,4,2499,5100.0,0.16175583333333332,0.14935112071306483,0.014422500000000024,0.1473333333333333,47,4,2499,5100.0,0.16175583333333332,0.14935112071306483,0.014422500000000024,0.1473333333333333,35,1,1764,3600.0,0.117145,0.110543787338285,0.013145000000000032,0.10399999999999997,43,0,2107,4300.0,0.1373813888888889,0.12836227021434288,0.013159166666666696,0.12422222222222219,43,0,2107,4300.0,0.1373813888888889,0.12836227021434288,0.013159166666666696,0.12422222222222219,43,0,2107,4300.0,0.1373813888888889,0.12836227021434288,0.013159166666666696,0.12422222222222219,43,0,2107,4300.0,0.1373813888888889,0.12836227021434288,0.013159166666666696,0.12422222222222219,43,0,2107,4300.0,0.1373813888888889,0.12836227021434288,0.013159166666666696,0.12422222222222219,43,0,2107,4300.0,0.1373813888888889,0.12836227021434288,0.013159166666666696,0.12422222222222219,43,0,2107,4300.0,0.1373813888888889,0.12836227021434288,0.013159166666666696,0.12422222222222219,43,0,2107,4300.0,0.1373813888888889,0.12836227021434288,0.013159166666666696,0.12422222222222219,43,0,2107,4300.0,0.1373813888888889,0.12836227021434288,0.013159166666666696,0.12422222222222219,43,0,2107,4300.0,0.1373813888888889,0.12836227021434288,0.013159166666666696,0.12422222222222219,43,0,2107,4300.0,0.1373813888888889,0.12836227021434288,0.013159166666666696,0.12422222222222219,43,0,2107,4300.0,0.1373813888888889,0.12836227021434288,0.013159166666666696,0.12422222222222219,43,0,2107,4300.0,0.1373813888888889,0.12836227021434288,0.013159166666666696,0.12422222222222219,43,0,2107,4300.0,0.1373813888888889,0.12836227021434288,0.013159166666666696,0.12422222222222219,43,0,2107,4300.0,0.1373813888888889,0.12836227021434288,0.013159166666666696,0.12422222222222219,43,0,2107,4300.0,0.1373813888888889,0.12836227021434288,0.013159166666666696,0.12422222222222219,43,0,2107,4300.0,0.1373813888888889,0.12836227021434288,0.013159166666666696,0.12422222222222219,43,0,2107,4300.0,0.1373813888888889,0.12836227021434288,0.013159166666666696,0.12422222222222219,43,0,2107,4300.0,0.1373813888888889,0.12836227021434288,0.013159166666666696,0.12422222222222219,43,0,2107,4300.0,0.1373813888888889,0.12836227021434288,0.013159166666666696,0.12422222222222219,43,0,2107,4300.0,0.1373813888888889,0.12836227021434288,0.013159166666666696,0.12422222222222219,43,0,2107,4300.0,0.1373813888888889,0.12836227021434288,0.013159166666666696,0.12422222222222219
multiplier_n15,arithmetic,QASMBench 357b942,15,222,133,27,2,10,9,SC5|p=0.001|r=10|rho=10,realistic,SC5,5,25,0.001,10.0,10,0,0.0003825200145869967,5.810310143125109e-05,0.0009810966318486132,2.8691623476531386e-05,FEASIBLE/FEASIBLE,70.12,13,FEASIBLE,30.08,0.18741910838592474,0.011,0.02355889724310777,0.14655172413793102,0.10810810810810811,27,0,675,403,0.1950990090885751,0.1772468060206152,0.021658145172942872,0.17344086391563224,3,10,325,430,0.20874407699931857,0.18839708307906977,0.02368310557569111,0.18506097142362746,27,0,675,403,0.1950990090885751,0.1772468060206152,0.021658145172942872,0.17344086391563224,0,16,400,448,0.22140414438960648,0.1986072635437472,0.028596434627315554,0.19280770976229092,3,10,325,430,0.20874407699931857,0.18839708307906977,0.02368310557569111,0.18506097142362746,3,10,325,430,0.20874407699931857,0.18839708307906977,0.02368310557569111,0.18506097142362746,3,10,325,430,0.20874407699931857,0.18839708307906977,0.02368310557569111,0.18506097142362746,19,2,525,409,0.1970481131599142,0.17884887581314063,0.021025003131394132,0.17602311002852006,19,2,525,409,0.1970481131599142,0.17884887581314063,0.021025003131394132,0.17602311002852006,19,2,525,409,0.1970481131599142,0.17884887581314063,0.021025003131394132,0.17602311002852006,29,1,750,406,0.19802006260317911,0.17964660545189096,0.023288075631102977,0.17473198697207615,27,0,675,403,0.1950990090885751,0.1772468060206152,0.021658145172942872,0.17344086391563224,27,0,675,403,0.1950990090885751,0.1772468060206152,0.021658145172942872,0.17344086391563224,27,0,675,403,0.1950990090885751,0.1772468060206152,0.021658145172942872,0.17344086391563224,27,0,675,403,0.1950990090885751,0.1772468060206152,0.021658145172942872,0.17344086391563224,27,0,675,403,0.1950990090885751,0.1772468060206152,0.021658145172942872,0.17344086391563224,27,0,675,403,0.1950990090885751,0.1772468060206152,0.021658145172942872,0.17344086391563224,27,0,675,403,0.1950990090885751,0.1772468060206152,0.021658145172942872,0.17344086391563224,27,0,675,403,0.1950990090885751,0.1772468060206152,0.021658145172942872,0.17344086391563224,27,0,675,403,0.1950990090885751,0.1772468060206152,0.021658145172942872,0.17344086391563224,27,0,675,403,0.1950990090885751,0.1772468060206152,0.021658145172942872,0.17344086391563224,27,0,675,403,0.1950990090885751,0.1772468060206152,0.021658145172942872,0.17344086391563224,27,0,675,403,0.1950990090885751,0.1772468060206152,0.021658145172942872,0.17344086391563224,27,0,675,403,0.1950990090885751,0.1772468060206152,0.021658145172942872,0.17344086391563224,27,0,675,403,0.1950990090885751,0.1772468060206152,0.021658145172942872,0.17344086391563224,27,0,675,403,0.1950990090885751,0.1772468060206152,0.021658145172942872,0.17344086391563224,27,0,675,403,0.1950990090885751,0.1772468060206152,0.021658145172942872,0.17344086391563224,27,0,675,403,0.1950990090885751,0.1772468060206152,0.021658145172942872,0.17344086391563224,27,0,675,403,0.1950990090885751,0.1772468060206152,0.021658145172942872,0.17344086391563224,27,0,675,403,0.1950990090885751,0.1772468060206152,0.021658145172942872,0.17344086391563224,27,0,675,403,0.1950990090885751,0.1772468060206152,0.021658145172942872,0.17344086391563224,27,0,675,403,0.1950990090885751,0.1772468060206152,0.021658145172942872,0.17344086391563224,27,0,675,403,0.1950990090885751,0.1772468060206152,0.021658145172942872,0.17344086391563224
multiplier_n15,arithmetic,QASMBench 357b942,15,222,133,27,2,10,9,SC5|p=0.001|r=10|rho=100,realistic,SC5,5,25,0.001,10.0,100,0,0.0003825200145869967,5.810310143125109e-05,0.0009810966318486132,2.8691623476531386e-05,FEASIBLE/FEASIBLE,70.11,13,FEASIBLE,30.06,0.18677027386380451,0.011,0.0,0.0,0.0,27,0,675,2700.0,1.1836688959724642,0.6938465695437908,0.021658145172942872,1.1620107507995212,3,10,325,1300.0,0.5831697633680532,0.44187356897497476,0.02368310557569111,0.5594866577923621,3,10,325,1300.0,0.5831697633680532,0.44187356897497476,0.02368310557569111,0.5594866577923621,0,16,400,1600.0,0.7171953980640688,0.511880681583724,0.028596434627315554,0.6885989634367533,3,10,325,1300.0,0.5831697633680532,0.44187356897497476,0.02368310557569111,0.5594866577923621,3,10,325,1300.0,0.5831697633680532,0.44187356897497476,0.02368310557569111,0.5594866577923621,3,10,325,1300.0,0.5831697633680532,0.44187356897497476,0.02368310557569111,0.5594866577923621,19,2,525,2100.0,0.9248111426421328,0.6033936859768809,0.021025003131394132,0.9037861395107387,19,2,525,2100.0,0.9248111426421328,0.6033936859768809,0.021025003131394132,0.9037861395107387,19,2,525,2100.0,0.9248111426421328,0.6033936859768809,0.021025003131394132,0.9037861395107387,29,1,750,3000.0,1.3144111320750154,0.73136753428518,0.023288075631102977,1.2911230564439125,27,0,675,2700.0,1.1836688959724642,0.6938465695437908,0.021658145172942872,1.1620107507995212,27,0,675,2700.0,1.1836688959724642,0.6938465695437908,0.021658145172942872,1.1620107507995212,27,0,675,2700.0,1.1836688959724642,0.6938465695437908,0.021658145172942872,1.1620107507995212,27,0,675,2700.0,1.1836688959724642,0.6938465695437908,0.021658145172942872,1.1620107507995212,27,0,675,2700.0,1.1836688959724642,0.6938465695437908,0.021658145172942872,1.1620107507995212,27,0,675,2700.0,1.1836688959724642,0.6938465695437908,0.021658145172942872,1.1620107507995212,27,0,675,2700.0,1.1836688959724642,0.6938465695437908,0.021658145172942872,1.1620107507995212,27,0,675,2700.0,1.1836688959724642,0.6938465695437908,0.021658145172942872,1.1620107507995212,27,0,675,2700.0,1.1836688959724642,0.6938465695437908,0.021658145172942872,1.1620107507995212,27,0,675,2700.0,1.1836688959724642,0.6938465695437908,0.021658145172942872,1.1620107507995212,27,0,675,2700.0,1.1836688959724642,0.6938465695437908,0.021658145172942872,1.1620107507995212,27,0,675,2700.0,1.1836688959724642,0.6938465695437908,0.021658145172942872,1.1620107507995212,27,0,675,2700.0,1.1836688959724642,0.6938465695437908,0.021658145172942872,1.1620107507995212,27,0,675,2700.0,1.1836688959724642,0.6938465695437908,0.021658145172942872,1.1620107507995212,27,0,675,2700.0,1.1836688959724642,0.6938465695437908,0.021658145172942872,1.1620107507995212,27,0,675,2700.0,1.1836688959724642,0.6938465695437908,0.021658145172942872,1.1620107507995212,27,0,675,2700.0,1.1836688959724642,0.6938465695437908,0.021658145172942872,1.1620107507995212,27,0,675,2700.0,1.1836688959724642,0.6938465695437908,0.021658145172942872,1.1620107507995212,27,0,675,2700.0,1.1836688959724642,0.6938465695437908,0.021658145172942872,1.1620107507995212,27,0,675,2700.0,1.1836688959724642,0.6938465695437908,0.021658145172942872,1.1620107507995212,27,0,675,2700.0,1.1836688959724642,0.6938465695437908,0.021658145172942872,1.1620107507995212,27,0,675,2700.0,1.1836688959724642,0.6938465695437908,0.021658145172942872,1.1620107507995212
multiplier_n15,arithmetic,QASMBench 357b942,15,222,133,27,2,10,9,SC5|p=0.001|r=30|rho=10,realistic,SC5,5,25,0.001,30.0,10,1,0.0031526304869580694,0.0,0.005366132781095331,2.868275147901941e-05,FEASIBLE/FEASIBLE,70.12,13,FEASIBLE,30.06,0.17381713290791165,0.011,0.010526315789473684,0.10344827586206896,0.07207207207207207,27,0,675,403,0.2585082558385402,0.22779734415757838,0.08512102314786787,0.17338723269067233,3,10,325,430,0.2481229663115027,0.21973600880627725,0.06311921927182751,0.1850037470396752,19,2,525,409,0.24660092513817808,0.21854751064348918,0.07063224481439398,0.1759686803237841,0,16,400,448,0.2786062144365357,0.2431621236279686,0.08585812449752529,0.19274808993901044,3,10,325,430,0.2481229663115027,0.21973600880627725,0.06311921927182751,0.1850037470396752,3,10,325,430,0.2481229663115027,0.21973600880627725,0.06311921927182751,0.1850037470396752,3,10,325,430,0.2481229663115027,0.21973600880627725,0.06311921927182751,0.1850037470396752,19,2,525,409,0.24660092513817808,0.21854751064348918,0.07063224481439398,0.1759686803237841,19,2,525,409,0.24660092513817808,0.21854751064348918,0.07063224481439398,0.1759686803237841,19,2,525,409,0.24660092513817808,0.21854751064348918,0.07063224481439398,0.1759686803237841,29,1,750,406,0.2714703734101076,0.2377421337652926,0.09679241690287935,0.17467795650722823,27,0,675,403,0.2585082558385402,0.22779734415757838,0.08512102314786787,0.17338723269067233,27,0,675,403,0.2585082558385402,0.22779734415757838,0.08512102314786787,0.17338723269067233,27,0,675,403,0.2585082558385402,0.22779734415757838,0.08512102314786787,0.17338723269067233,27,0,675,403,0.2585082558385402,0.22779734415757838,0.08512102314786787,0.17338723269067233,27,0,675,403,0.2585082558385402,0.22779734415757838,0.08512102314786787,0.17338723269067233,27,0,675,403,0.2585082558385402,0.22779734415757838,0.08512102314786787,0.17338723269067233,27,0,675,403,0.2585082558385402,0.22779734415757838,0.08512102314786787,0.17338723269067233,27,0,675,403,0.2585082558385402,0.22779734415757838,0.08512102314786787,0.17338723269067233,27,0,675,403,0.2585082558385402,0.22779734415757838,0.08512102314786787,0.17338723269067233,27,0,675,403,0.2585082558385402,0.22779734415757838,0.08512102314786787,0.17338723269067233,27,0,675,403,0.2585082558385402,0.22779734415757838,0.08512102314786787,0.17338723269067233,27,0,675,403,0.2585082558385402,0.22779734415757838,0.08512102314786787,0.17338723269067233,27,0,675,403,0.2585082558385402,0.22779734415757838,0.08512102314786787,0.17338723269067233,27,0,675,403,0.2585082558385402,0.22779734415757838,0.08512102314786787,0.17338723269067233,27,0,675,403,0.2585082558385402,0.22779734415757838,0.08512102314786787,0.17338723269067233,27,0,675,403,0.2585082558385402,0.22779734415757838,0.08512102314786787,0.17338723269067233,27,0,675,403,0.2585082558385402,0.22779734415757838,0.08512102314786787,0.17338723269067233,27,0,675,403,0.2585082558385402,0.22779734415757838,0.08512102314786787,0.17338723269067233,27,0,675,403,0.2585082558385402,0.22779734415757838,0.08512102314786787,0.17338723269067233,27,0,675,403,0.2585082558385402,0.22779734415757838,0.08512102314786787,0.17338723269067233,27,0,675,403,0.2585082558385402,0.22779734415757838,0.08512102314786787,0.17338723269067233,27,0,675,403,0.2585082558385402,0.22779734415757838,0.08512102314786787,0.17338723269067233
multiplier_n15,arithmetic,QASMBench 357b942,15,222,133,27,2,10,9,SC5|p=0.001|r=30|rho=100,realistic,SC5,5,25,0.001,30.0,100,1,0.0031526304869580694,0.0,0.005366132781095331,2.868275147901941e-05,FEASIBLE/FEASIBLE,70.12,13,FEASIBLE,30.06,0.17381713290791165,0.011,0.0,0.0,0.0,27,0,675,2700.0,1.246772458048154,0.7125690030176843,0.08512102314786787,1.1616514349002862,3,10,325,1300.0,0.622432873112706,0.4633627222419266,0.06311921927182751,0.5593136538408785,3,10,325,1300.0,0.622432873112706,0.4633627222419266,0.06311921927182751,0.5593136538408785,0,16,400,1600.0,0.7742441599939911,0.5389478690205941,0.08585812449752529,0.6883860354964658,3,10,325,1300.0,0.622432873112706,0.4633627222419266,0.06311921927182751,0.5593136538408785,3,10,325,1300.0,0.622432873112706,0.4633627222419266,0.06311921927182751,0.5593136538408785,3,10,325,1300.0,0.622432873112706,0.4633627222419266,0.06311921927182751,0.5593136538408785,19,2,525,2100.0,0.9741389164035055,0.6224827124108641,0.07063224481439398,0.9035066715891115,19,2,525,2100.0,0.9741389164035055,0.6224827124108641,0.07063224481439398,0.9035066715891115,19,2,525,2100.0,0.9741389164035055,0.6224827124108641,0.07063224481439398,0.9035066715891115,29,1,750,3000.0,1.3875162334587527,0.7503052815392,0.09679241690287935,1.2907238165558734,27,0,675,2700.0,1.246772458048154,0.7125690030176843,0.08512102314786787,1.1616514349002862,27,0,675,2700.0,1.246772458048154,0.7125690030176843,0.08512102314786787,1.1616514349002862,27,0,675,2700.0,1.246772458048154,0.7125690030176843,0.08512102314786787,1.1616514349002862,27,0,675,2700.0,1.246772458048154,0.7125690030176843,0.08512102314786787,1.1616514349002862,27,0,675,2700.0,1.246772458048154,0.7125690030176843,0.08512102314786787,1.1616514349002862,27,0,675,2700.0,1.246772458048154,0.7125690030176843,0.08512102314786787,1.1616514349002862,27,0,675,2700.0,1.246772458048154,0.7125690030176843,0.08512102314786787,1.1616514349002862,27,0,675,2700.0,1.246772458048154,0.7125690030176843,0.08512102314786787,1.1616514349002862,27,0,675,2700.0,1.246772458048154,0.7125690030176843,0.08512102314786787,1.1616514349002862,27,0,675,2700.0,1.246772458048154,0.7125690030176843,0.08512102314786787,1.1616514349002862,27,0,675,2700.0,1.246772458048154,0.7125690030176843,0.08512102314786787,1.1616514349002862,27,0,675,2700.0,1.246772458048154,0.7125690030176843,0.08512102314786787,1.1616514349002862,27,0,675,2700.0,1.246772458048154,0.7125690030176843,0.08512102314786787,1.1616514349002862,27,0,675,2700.0,1.246772458048154,0.7125690030176843,0.08512102314786787,1.1616514349002862,27,0,675,2700.0,1.246772458048154,0.7125690030176843,0.08512102314786787,1.1616514349002862,27,0,675,2700.0,1.246772458048154,0.7125690030176843,0.08512102314786787,1.1616514349002862,27,0,675,2700.0,1.246772458048154,0.7125690030176843,0.08512102314786787,1.1616514349002862,27,0,675,2700.0,1.246772458048154,0.7125690030176843,0.08512102314786787,1.1616514349002862,27,0,675,2700.0,1.246772458048154,0.7125690030176843,0.08512102314786787,1.1616514349002862,27,0,675,2700.0,1.246772458048154,0.7125690030176843,0.08512102314786787,1.1616514349002862,27,0,675,2700.0,1.246772458048154,0.7125690030176843,0.08512102314786787,1.1616514349002862,27,0,675,2700.0,1.246772458048154,0.7125690030176843,0.08512102314786787,1.1616514349002862
multiplier_n15,arithmetic,QASMBench 357b942,15,222,133,27,2,10,9,SC5|p=0.002|r=10|rho=10,realistic,SC5,5,25,0.002,10.0,10,1,0.0032480946242971235,0.0,0.0089771927017271,0.0002379015985281741,FEASIBLE/FEASIBLE,70.16,13,FEASIBLE,30.06,1.4481798277380062,0.011,0.02355889724310777,0.14655172413793102,0.10810810810810811,27,0,675,403,1.5258137179588347,0.7825559532690293,0.08769855485602233,1.4381151631028124,3,10,325,430,1.6339815213968854,0.80484897273577,0.09951621089016238,1.534465310506723,27,0,675,403,1.5258137179588347,0.7825559532690293,0.08769855485602233,1.4381151631028124,0,16,400,448,1.7423338253369636,0.8248887557057067,0.1436350832276336,1.59869874210933,3,10,325,430,1.6339815213968854,0.80484897273577,0.09951621089016238,1.534465310506723,3,10,325,430,1.6339815213968854,0.80484897273577,0.09951621089016238,1.534465310506723,3,10,325,430,1.6339815213968854,0.80484897273577,0.09951621089016238,1.534465310506723,19,2,525,409,1.5391944902354477,0.785446142933651,0.07966818326509954,1.4595263069703481,19,2,525,409,1.5391944902354477,0.785446142933651,0.07966818326509954,1.4595263069703481,19,2,525,409,1.5391944902354477,0.785446142933651,0.07966818326509954,1.4595263069703481,29,1,750,406,1.551992671842924,0.788174545623304,0.10317193680634368,1.4488207350365803,27,0,675,403,1.5258137179588347,0.7825559532690293,0.08769855485602233,1.4381151631028124,27,0,675,403,1.5258137179588347,0.7825559532690293,0.08769855485602233,1.4381151631028124,27,0,675,403,1.5258137179588347,0.7825559532690293,0.08769855485602233,1.4381151631028124,27,0,675,403,1.5258137179588347,0.7825559532690293,0.08769855485602233,1.4381151631028124,27,0,675,403,1.5258137179588347,0.7825559532690293,0.08769855485602233,1.4381151631028124,27,0,675,403,1.5258137179588347,0.7825559532690293,0.08769855485602233,1.4381151631028124,27,0,675,403,1.5258137179588347,0.7825559532690293,0.08769855485602233,1.4381151631028124,27,0,675,403,1.5258137179588347,0.7825559532690293,0.08769855485602233,1.4381151631028124,27,0,675,403,1.5258137179588347,0.7825559532690293,0.08769855485602233,1.4381151631028124,27,0,675,403,1.5258137179588347,0.7825559532690293,0.08769855485602233,1.4381151631028124,27,0,675,403,1.5258137179588347,0.7825559532690293,0.08769855485602233,1.4381151631028124,27,0,675,403,1.5258137179588347,0.7825559532690293,0.08769855485602233,1.4381151631028124,27,0,675,403,1.5258137179588347,0.7825559532690293,0.08769855485602233,1.4381151631028124,27,0,675,403,1.5258137179588347,0.7825559532690293,0.08769855485602233,1.4381151631028124,27,0,675,403,1.5258137179588347,0.7825559532690293,0.08769855485602233,1.4381151631028124,27,0,675,403,1.5258137179588347,0.7825559532690293,0.08769855485602233,1.4381151631028124,27,0,675,403,1.5258137179588347,0.7825559532690293,0.08769855485602233,1.4381151631028124,27,0,675,403,1.5258137179588347,0.7825559532690293,0.08769855485602233,1.4381151631028124,27,0,675,403,1.5258137179588347,0.7825559532690293,0.08769855485602233,1.4381151631028124,27,0,675,403,1.5258137179588347,0.7825559532690293,0.08769855485602233,1.4381151631028124,27,0,675,403,1.5258137179588347,0.7825559532690293,0.08769855485602233,1.4381151631028124,27,0,675,403,1.5258137179588347,0.7825559532690293,0.08769855485602233,1.4381151631028124
multiplier_n15,arithmetic,QASMBench 357b942,15,222,133,27,2,10,9,SC5|p=0.002|r=10|rho=100,realistic,SC5,5,25,0.002,10.0,100,1,0.0032480946242971235,0.0,0.0089771927017271,0.0002379015985281741,FEASIBLE/FEASIBLE,70.12,13,FEASIBLE,30.06,1.44168364382887,0.011,0.0,0.0,0.0,27,0,675,2700.0,9.722713295247074,0.9999400927661832,0.08769855485602233,9.635014740391052,3,10,325,1300.0,4.738597382189558,0.9912490882337976,0.09951621089016238,4.639081171299395,3,10,325,1300.0,4.738597382189558,0.9912490882337976,0.09951621089016238,4.639081171299395,0,16,400,1600.0,5.8532734479038115,0.9971295126288725,0.1436350832276336,5.709638364676178,3,10,325,1300.0,4.738597382189558,0.9912490882337976,0.09951621089016238,4.639081171299395,3,10,325,1300.0,4.738597382189558,0.9912490882337976,0.09951621089016238,4.639081171299395,3,10,325,1300.0,4.738597382189558,0.9912490882337976,0.09951621089016238,4.639081171299395,19,2,525,2100.0,7.573568536902584,0.9994861445392919,0.07966818326509954,7.493900353637484,19,2,525,2100.0,7.573568536902584,0.9994861445392919,0.07966818326509954,7.493900353637484,19,2,525,2100.0,7.573568536902584,0.9994861445392919,0.07966818326509954,7.493900353637484,29,1,750,3000.0,10.808743870574178,0.9999797780896496,0.10317193680634368,10.705571933767834,27,0,675,2700.0,9.722713295247074,0.9999400927661832,0.08769855485602233,9.635014740391052,27,0,675,2700.0,9.722713295247074,0.9999400927661832,0.08769855485602233,9.635014740391052,27,0,675,2700.0,9.722713295247074,0.9999400927661832,0.08769855485602233,9.635014740391052,27,0,675,2700.0,9.722713295247074,0.9999400927661832,0.08769855485602233,9.635014740391052,27,0,675,2700.0,9.722713295247074,0.9999400927661832,0.08769855485602233,9.635014740391052,27,0,675,2700.0,9.722713295247074,0.9999400927661832,0.08769855485602233,9.635014740391052,27,0,675,2700.0,9.722713295247074,0.9999400927661832,0.08769855485602233,9.635014740391052,27,0,675,2700.0,9.722713295247074,0.9999400927661832,0.08769855485602233,9.635014740391052,27,0,675,2700.0,9.722713295247074,0.9999400927661832,0.08769855485602233,9.635014740391052,27,0,675,2700.0,9.722713295247074,0.9999400927661832,0.08769855485602233,9.635014740391052,27,0,675,2700.0,9.722713295247074,0.9999400927661832,0.08769855485602233,9.635014740391052,27,0,675,2700.0,9.722713295247074,0.9999400927661832,0.08769855485602233,9.635014740391052,27,0,675,2700.0,9.722713295247074,0.9999400927661832,0.08769855485602233,9.635014740391052,27,0,675,2700.0,9.722713295247074,0.9999400927661832,0.08769855485602233,9.635014740391052,27,0,675,2700.0,9.722713295247074,0.9999400927661832,0.08769855485602233,9.635014740391052,27,0,675,2700.0,9.722713295247074,0.9999400927661832,0.08769855485602233,9.635014740391052,27,0,675,2700.0,9.722713295247074,0.9999400927661832,0.08769855485602233,9.635014740391052,27,0,675,2700.0,9.722713295247074,0.9999400927661832,0.08769855485602233,9.635014740391052,27,0,675,2700.0,9.722713295247074,0.9999400927661832,0.08769855485602233,9.635014740391052,27,0,675,2700.0,9.722713295247074,0.9999400927661832,0.08769855485602233,9.635014740391052,27,0,675,2700.0,9.722713295247074,0.9999400927661832,0.08769855485602233,9.635014740391052,27,0,675,2700.0,9.722713295247074,0.9999400927661832,0.08769855485602233,9.635014740391052
multiplier_n15,arithmetic,QASMBench 357b942,15,222,133,27,2,10,9,SC5|p=0.002|r=30|rho=10,realistic,SC5,5,25,0.002,30.0,10,1,0.017467932906043773,0.0,0.031064157235436735,0.0001993039102874015,FEASIBLE/FEASIBLE,70.16,13,FEASIBLE,30.05,1.2137582597937278,0.011,0.010526315789473684,0.10344827586206896,0.07207207207207207,27,0,675,403,1.676426326150524,0.81295879263273,0.4716341884631819,1.204792137687342,3,10,325,430,1.6485555924262383,0.8076724926020689,0.3630453710724987,1.2855102213537397,19,2,525,409,1.6167485292989134,0.8014567918611928,0.3940190396857052,1.2227294896132084,0,16,400,448,1.836348792898326,0.8406016386669822,0.49702651576698775,1.3393222771313382,3,10,325,430,1.6485555924262383,0.8076724926020689,0.3630453710724987,1.2855102213537397,3,10,325,430,1.6485555924262383,0.8076724926020689,0.3630453710724987,1.2855102213537397,3,10,325,430,1.6485555924262383,0.8076724926020689,0.3630453710724987,1.2855102213537397,19,2,525,409,1.6167485292989134,0.8014567918611928,0.3940190396857052,1.2227294896132084,19,2,525,409,1.6167485292989134,0.8014567918611928,0.3940190396857052,1.2227294896132084,19,2,525,409,1.6167485292989134,0.8014567918611928,0.3940190396857052,1.2227294896132084,29,1,750,406,1.7513950251609813,0.8264683065612736,0.5376342115107062,1.213760813650275,27,0,675,403,1.676426326150524,0.81295879263273,0.4716341884631819,1.204792137687342,27,0,675,403,1.676426326150524,0.81295879263273,0.4716341884631819,1.204792137687342,27,0,675,403,1.676426326150524,0.81295879263273,0.4716341884631819,1.204792137687342,27,0,675,403,1.676426326150524,0.81295879263273,0.4716341884631819,1.204792137687342,27,0,675,403,1.676426326150524,0.81295879263273,0.4716341884631819,1.204792137687342,27,0,675,403,1.676426326150524,0.81295879263273,0.4716341884631819,1.204792137687342,27,0,675,403,1.676426326150524,0.81295879263273,0.4716341884631819,1.204792137687342,27,0,675,403,1.676426326150524,0.81295879263273,0.4716341884631819,1.204792137687342,27,0,675,403,1.676426326150524,0.81295879263273,0.4716341884631819,1.204792137687342,27,0,675,403,1.676426326150524,0.81295879263273,0.4716341884631819,1.204792137687342,27,0,675,403,1.676426326150524,0.81295879263273,0.4716341884631819,1.204792137687342,27,0,675,403,1.676426326150524,0.81295879263273,0.4716341884631819,1.204792137687342,27,0,675,403,1.676426326150524,0.81295879263273,0.4716341884631819,1.204792137687342,27,0,675,403,1.676426326150524,0.81295879263273,0.4716341884631819,1.204792137687342,27,0,675,403,1.676426326150524,0.81295879263273,0.4716341884631819,1.204792137687342,27,0,675,403,1.676426326150524,0.81295879263273,0.4716341884631819,1.204792137687342,27,0,675,403,1.676426326150524,0.81295879263273,0.4716341884631819,1.204792137687342,27,0,675,403,1.676426326150524,0.81295879263273,0.4716341884631819,1.204792137687342,27,0,675,403,1.676426326150524,0.81295879263273,0.4716341884631819,1.204792137687342,27,0,675,403,1.676426326150524,0.81295879263273,0.4716341884631819,1.204792137687342,27,0,675,403,1.676426326150524,0.81295879263273,0.4716341884631819,1.204792137687342,27,0,675,403,1.676426326150524,0.81295879263273,0.4716341884631819,1.204792137687342
multiplier_n15,arithmetic,QASMBench 357b942,15,222,133,27,2,10,9,SC5|p=0.002|r=30|rho=100,realistic,SC5,5,25,0.002,30.0,100,1,0.017467932906043773,0.0,0.031064157235436735,0.0001993039102874015,FEASIBLE/FEASIBLE,70.11,13,FEASIBLE,30.06,1.20777915506568,0.011,0.0,0.0,0.0,27,0,675,2700.0,8.543442555102944,0.9998051815687782,0.4716341884631819,8.071808366639761,3,10,325,1300.0,4.249471621676828,0.9857282271874853,0.3630453710724987,3.8864262506043294,3,10,325,1300.0,4.249471621676828,0.9857282271874853,0.3630453710724987,3.8864262506043294,0,16,400,1600.0,5.280320362664623,0.9949092003707031,0.49702651576698775,4.783293846897636,3,10,325,1300.0,4.249471621676828,0.9857282271874853,0.3630453710724987,3.8864262506043294,3,10,325,1300.0,4.249471621676828,0.9857282271874853,0.3630453710724987,3.8864262506043294,3,10,325,1300.0,4.249471621676828,0.9857282271874853,0.3630453710724987,3.8864262506043294,19,2,525,2100.0,6.672092213738853,0.9987342522361031,0.3940190396857052,6.278073174053148,19,2,525,2100.0,6.672092213738853,0.9987342522361031,0.3940190396857052,6.278073174053148,19,2,525,2100.0,6.672092213738853,0.9987342522361031,0.3940190396857052,6.278073174053148,29,1,750,3000.0,9.506310174443774,0.9999256190111095,0.5376342115107062,8.968675962933068,27,0,675,2700.0,8.543442555102944,0.9998051815687782,0.4716341884631819,8.071808366639761,27,0,675,2700.0,8.543442555102944,0.9998051815687782,0.4716341884631819,8.071808366639761,27,0,675,2700.0,8.543442555102944,0.9998051815687782,0.4716341884631819,8.071808366639761,27,0,675,2700.0,8.543442555102944,0.9998051815687782,0.4716341884631819,8.071808366639761,27,0,675,2700.0,8.543442555102944,0.9998051815687782,0.4716341884631819,8.071808366639761,27,0,675,2700.0,8.543442555102944,0.9998051815687782,0.4716341884631819,8.071808366639761,27,0,675,2700.0,8.543442555102944,0.9998051815687782,0.4716341884631819,8.071808366639761,27,0,675,2700.0,8.543442555102944,0.9998051815687782,0.4716341884631819,8.071808366639761,27,0,675,2700.0,8.543442555102944,0.9998051815687782,0.4716341884631819,8.071808366639761,27,0,675,2700.0,8.543442555102944,0.9998051815687782,0.4716341884631819,8.071808366639761,27,0,675,2700.0,8.543442555102944,0.9998051815687782,0.4716341884631819,8.071808366639761,27,0,675,2700.0,8.543442555102944,0.9998051815687782,0.4716341884631819,8.071808366639761,27,0,675,2700.0,8.543442555102944,0.9998051815687782,0.4716341884631819,8.071808366639761,27,0,675,2700.0,8.543442555102944,0.9998051815687782,0.4716341884631819,8.071808366639761,27,0,675,2700.0,8.543442555102944,0.9998051815687782,0.4716341884631819,8.071808366639761,27,0,675,2700.0,8.543442555102944,0.9998051815687782,0.4716341884631819,8.071808366639761,27,0,675,2700.0,8.543442555102944,0.9998051815687782,0.4716341884631819,8.071808366639761,27,0,675,2700.0,8.543442555102944,0.9998051815687782,0.4716341884631819,8.071808366639761,27,0,675,2700.0,8.543442555102944,0.9998051815687782,0.4716341884631819,8.071808366639761,27,0,675,2700.0,8.543442555102944,0.9998051815687782,0.4716341884631819,8.071808366639761,27,0,675,2700.0,8.543442555102944,0.9998051815687782,0.4716341884631819,8.071808366639761,27,0,675,2700.0,8.543442555102944,0.9998051815687782,0.4716341884631819,8.071808366639761
multiplier_n15,arithmetic,QASMBench 357b942,15,222,133,27,2,10,9,SC7|p=0.001|r=10|rho=10,realistic,SC7,7,49,0.001,10.0,10,0,0.00013916666666666662,0.00010250000000000045,0.00027916666666666584,1.805555555555555e-06,FEASIBLE/FEASIBLE,70.11,13,OPTIMAL,14.34,0.034659589591666734,0.011,0.02355889724310777,0.14655172413793102,0.10810810810810811,27,0,1323,403,0.03465958333333342,0.03406581961009576,0.023745000000000085,0.01091458333333333,3,10,637,430,0.037302500000000086,0.03661533259514056,0.025656666666666755,0.01164583333333333,27,0,1323,403,0.03465958333333342,0.03406581961009576,0.023745000000000085,0.01091458333333333,0,16,784,448,0.039355000000000084,0.03859065176023439,0.02722166666666675,0.01213333333333333,3,10,637,430,0.037302500000000086,0.03661533259514056,0.025656666666666755,0.01164583333333333,3,10,637,430,0.037302500000000086,0.03661533259514056,0.025656666666666755,0.01164583333333333,3,10,637,430,0.037302500000000086,0.03661533259514056,0.025656666666666755,0.01164583333333333,19,2,1029,409,0.035087083333333415,0.03447866821953462,0.024010000000000087,0.01107708333333333,19,2,1029,409,0.035087083333333415,0.03447866821953462,0.024010000000000087,0.01107708333333333,19,2,1029,409,0.035087083333333415,0.03447866821953462,0.024010000000000087,0.01107708333333333,29,1,1470,406,0.035093333333333414,0.03448470270900045,0.024097500000000084,0.01099583333333333,27,0,1323,403,0.03465958333333342,0.03406581961009576,0.023745000000000085,0.01091458333333333,27,0,1323,403,0.03465958333333342,0.03406581961009576,0.023745000000000085,0.01091458333333333,27,0,1323,403,0.03465958333333342,0.03406581961009576,0.023745000000000085,0.01091458333333333,27,0,1323,403,0.03465958333333342,0.03406581961009576,0.023745000000000085,0.01091458333333333,27,0,1323,403,0.03465958333333342,0.03406581961009576,0.023745000000000085,0.01091458333333333,27,0,1323,403,0.03465958333333342,0.03406581961009576,0.023745000000000085,0.01091458333333333,27,0,1323,403,0.03465958333333342,0.03406581961009576,0.023745000000000085,0.01091458333333333,27,0,1323,403,0.03465958333333342,0.03406581961009576,0.023745000000000085,0.01091458333333333,27,0,1323,403,0.03465958333333342,0.03406581961009576,0.023745000000000085,0.01091458333333333,27,0,1323,403,0.03465958333333342,0.03406581961009576,0.023745000000000085,0.01091458333333333,27,0,1323,403,0.03465958333333342,0.03406581961009576,0.023745000000000085,0.01091458333333333,27,0,1323,403,0.03465958333333342,0.03406581961009576,0.023745000000000085,0.01091458333333333,27,0,1323,403,0.03465958333333342,0.03406581961009576,0.023745000000000085,0.01091458333333333,27,0,1323,403,0.03465958333333342,0.03406581961009576,0.023745000000000085,0.01091458333333333,27,0,1323,403,0.03465958333333342,0.03406581961009576,0.023745000000000085,0.01091458333333333,27,0,1323,403,0.03465958333333342,0.03406581961009576,0.023745000000000085,0.01091458333333333,27,0,1323,403,0.03465958333333342,0.03406581961009576,0.023745000000000085,0.01091458333333333,27,0,1323,403,0.03465958333333342,0.03406581961009576,0.023745000000000085,0.01091458333333333,27,0,1323,403,0.03465958333333342,0.03406581961009576,0.023745000000000085,0.01091458333333333,27,0,1323,403,0.03465958333333342,0.03406581961009576,0.023745000000000085,0.01091458333333333,27,0,1323,403,0.03465958333333342,0.03406581961009576,0.023745000000000085,0.01091458333333333,27,0,1323,403,0.03465958333333342,0.03406581961009576,0.023745000000000085,0.01091458333333333
multiplier_n15,arithmetic,QASMBench 357b942,15,222,133,27,2,10,9,SC7|p=0.001|r=10|rho=100,realistic,SC7,7,49,0.001,10.0,100,0,0.00013916666666666662,0.00010250000000000045,0.00027916666666666584,1.805555555555555e-06,FEASIBLE/FEASIBLE,70.12,13,FEASIBLE,30.06,0.0336966750833334,0.011,0.0,0.0,0.0,27,0,1323,2700.0,0.09687000000000007,0.0923260039167495,0.023745000000000085,0.07312499999999998,3,10,637,1300.0,0.06086500000000007,0.05904974051298299,0.025656666666666755,0.03520833333333332,3,10,637,1300.0,0.06086500000000007,0.05904974051298299,0.025656666666666755,0.03520833333333332,0,16,784,1600.0,0.07055500000000008,0.06812351509035883,0.02722166666666675,0.04333333333333332,3,10,637,1300.0,0.06086500000000007,0.05904974051298299,0.025656666666666755,0.03520833333333332,3,10,637,1300.0,0.06086500000000007,0.05904974051298299,0.025656666666666755,0.03520833333333332,3,10,637,1300.0,0.06086500000000007,0.05904974051298299,0.025656666666666755,0.03520833333333332,19,2,1029,2100.0,0.08088500000000007,0.07770025018263631,0.024010000000000087,0.05687499999999998,19,2,1029,2100.0,0.08088500000000007,0.07770025018263631,0.024010000000000087,0.05687499999999998,19,2,1029,2100.0,0.08088500000000007,0.07770025018263631,0.024010000000000087,0.05687499999999998,29,1,1470,3000.0,0.10534750000000007,0.09998828583172276,0.024097500000000084,0.08124999999999998,27,0,1323,2700.0,0.09687000000000007,0.0923260039167495,0.023745000000000085,0.07312499999999998,27,0,1323,2700.0,0.09687000000000007,0.0923260039167495,0.023745000000000085,0.07312499999999998,27,0,1323,2700.0,0.09687000000000007,0.0923260039167495,0.023745000000000085,0.07312499999999998,27,0,1323,2700.0,0.09687000000000007,0.0923260039167495,0.023745000000000085,0.07312499999999998,27,0,1323,2700.0,0.09687000000000007,0.0923260039167495,0.023745000000000085,0.07312499999999998,27,0,1323,2700.0,0.09687000000000007,0.0923260039167495,0.023745000000000085,0.07312499999999998,27,0,1323,2700.0,0.09687000000000007,0.0923260039167495,0.023745000000000085,0.07312499999999998,27,0,1323,2700.0,0.09687000000000007,0.0923260039167495,0.023745000000000085,0.07312499999999998,27,0,1323,2700.0,0.09687000000000007,0.0923260039167495,0.023745000000000085,0.07312499999999998,27,0,1323,2700.0,0.09687000000000007,0.0923260039167495,0.023745000000000085,0.07312499999999998,27,0,1323,2700.0,0.09687000000000007,0.0923260039167495,0.023745000000000085,0.07312499999999998,27,0,1323,2700.0,0.09687000000000007,0.0923260039167495,0.023745000000000085,0.07312499999999998,27,0,1323,2700.0,0.09687000000000007,0.0923260039167495,0.023745000000000085,0.07312499999999998,27,0,1323,2700.0,0.09687000000000007,0.0923260039167495,0.023745000000000085,0.07312499999999998,27,0,1323,2700.0,0.09687000000000007,0.0923260039167495,0.023745000000000085,0.07312499999999998,27,0,1323,2700.0,0.09687000000000007,0.0923260039167495,0.023745000000000085,0.07312499999999998,27,0,1323,2700.0,0.09687000000000007,0.0923260039167495,0.023745000000000085,0.07312499999999998,27,0,1323,2700.0,0.09687000000000007,0.0923260039167495,0.023745000000000085,0.07312499999999998,27,0,1323,2700.0,0.09687000000000007,0.0923260039167495,0.023745000000000085,0.07312499999999998,27,0,1323,2700.0,0.09687000000000007,0.0923260039167495,0.023745000000000085,0.07312499999999998,27,0,1323,2700.0,0.09687000000000007,0.0923260039167495,0.023745000000000085,0.07312499999999998,27,0,1323,2700.0,0.09687000000000007,0.0923260039167495,0.023745000000000085,0.07312499999999998
qaoa_n24,qaoa,MQT Bench 2.3.0,24,532,116,204,3,15,15,SC5|p=0.001|r=10|rho=10,realistic,SC5,5,25,0.001,10.0,10,0,0.0003825200145869967,5.810310143125109e-05,0.0009810966318486132,2.8691623476531386e-05,FEASIBLE/FEASIBLE,70.2,82,FEASIBLE,30.09,0.27398642040753435,0.016,0.0,0.0,0.0,204,0,5100,2040.0,1.5018337856561743,0.7772786378002452,0.09709190024519769,1.4047418854109766,0,82,2050,820.0,0.6760119237911496,0.491358546290309,0.11136077377301187,0.5646511500181377,0,82,2050,820.0,0.6760119237911496,0.491358546290309,0.11136077377301187,0.5646511500181377,0,82,2050,820.0,0.6760119237911496,0.491358546290309,0.11136077377301187,0.5646511500181377,0,82,2050,820.0,0.6760119237911496,0.491358546290309,0.11136077377301187,0.5646511500181377,50,43,2325,930.0,0.7297158867848837,0.5179540737454638,0.08931885078870323,0.6403970359961805,50,43,2325,930.0,0.7297158867848837,0.5179540737454638,0.08931885078870323,0.6403970359961805,127,26,3825,1530.0,1.1511767244185018,0.6837356057048752,0.09762031036026922,1.0535564140582325,127,26,3825,1530.0,1.1511767244185018,0.6837356057048752,0.09762031036026922,1.0535564140582325,192,4,4900,1960.0,1.4467772521507594,0.7646725315694474,0.0971232838147232,1.3496539683360362,192,4,4900,1960.0,1.4467772521507594,0.7646725315694474,0.0971232838147232,1.3496539683360362,204,0,5100,2040.0,1.5018337856561743,0.7772786378002452,0.09709190024519769,1.4047418854109766,204,0,5100,2040.0,1.5018337856561743,0.7772786378002452,0.09709190024519769,1.4047418854109766,204,0,5100,2040.0,1.5018337856561743,0.7772786378002452,0.09709190024519769,1.4047418854109766,204,0,5100,2040.0,1.5018337856561743,0.7772786378002452,0.09709190024519769,1.4047418854109766,204,0,5100,2040.0,1.5018337856561743,0.7772786378002452,0.09709190024519769,1.4047418854109766,204,0,5100,2040.0,1.5018337856561743,0.7772786378002452,0.09709190024519769,1.4047418854109766,204,0,5100,2040.0,1.5018337856561743,0.7772786378002452,0.09709190024519769,1.4047418854109766,204,0,5100,2040.0,1.5018337856561743,0.7772786378002452,0.09709190024519769,1.4047418854109766,204,0,5100,2040.0,1.5018337856561743,0.7772786378002452,0.09709190024519769,1.4047418854109766,204,0,5100,2040.0,1.5018337856561743,0.7772786378002452,0.09709190024519769,1.4047418854109766,204,0,5100,2040.0,1.5018337856561743,0.7772786378002452,0.09709190024519769,1.4047418854109766,204,0,5100,2040.0,1.5018337856561743,0.7772786378002452,0.09709190024519769,1.4047418854109766,204,0,5100,2040.0,1.5018337856561743,0.7772786378002452,0.09709190024519769,1.4047418854109766,204,0,5100,2040.0,1.5018337856561743,0.7772786378002452,0.09709190024519769,1.4047418854109766,204,0,5100,2040.0,1.5018337856561743,0.7772786378002452,0.09709190024519769,1.4047418854109766,204,0,5100,2040.0,1.5018337856561743,0.7772786378002452,0.09709190024519769,1.4047418854109766,204,0,5100,2040.0,1.5018337856561743,0.7772786378002452,0.09709190024519769,1.4047418854109766,204,0,5100,2040.0,1.5018337856561743,0.7772786378002452,0.09709190024519769,1.4047418854109766,204,0,5100,2040.0,1.5018337856561743,0.7772786378002452,0.09709190024519769,1.4047418854109766,204,0,5100,2040.0,1.5018337856561743,0.7772786378002452,0.09709190024519769,1.4047418854109766,204,0,5100,2040.0,1.5018337856561743,0.7772786378002452,0.09709190024519769,1.4047418854109766,204,0,5100,2040.0,1.5018337856561743,0.7772786378002452,0.09709190024519769,1.4047418854109766
qaoa_n24,qaoa,MQT Bench 2.3.0,24,532,116,204,3,15,15,SC5|p=0.001|r=10|rho=100,realistic,SC5,5,25,0.001,10.0,100,0,0.0003825200145869967,5.810310143125109e-05,0.0009810966318486132,2.8691623476531386e-05,FEASIBLE/FEASIBLE,70.18,82,FEASIBLE,30.23,0.27398642040753435,0.016,0.0,0.0,0.0,204,0,5100,20400.0,14.144510754354965,0.9999992803571246,0.09709190024519769,14.047418854109766,0,82,2050,8200.0,5.757872273954389,0.9968421765613885,0.11136077377301187,5.646511500181377,0,82,2050,8200.0,5.757872273954389,0.9968421765613885,0.11136077377301187,5.646511500181377,0,82,2050,8200.0,5.757872273954389,0.9968421765613885,0.11136077377301187,5.646511500181377,0,82,2050,8200.0,5.757872273954389,0.9968421765613885,0.11136077377301187,5.646511500181377,50,43,2325,9300.0,6.4932892107505085,0.9984864376141331,0.08931885078870323,6.403970359961805,50,43,2325,9300.0,6.4932892107505085,0.9984864376141331,0.08931885078870323,6.403970359961805,127,26,3825,15300.0,10.633184450942595,0.9999758972460194,0.09762031036026922,10.535564140582325,127,26,3825,15300.0,10.633184450942595,0.9999758972460194,0.09762031036026922,10.535564140582325,192,4,4900,19600.0,13.593662967175087,0.9999987516189014,0.0971232838147232,13.496539683360364,192,4,4900,19600.0,13.593662967175087,0.9999987516189014,0.0971232838147232,13.496539683360364,204,0,5100,20400.0,14.144510754354965,0.9999992803571246,0.09709190024519769,14.047418854109766,204,0,5100,20400.0,14.144510754354965,0.9999992803571246,0.09709190024519769,14.047418854109766,204,0,5100,20400.0,14.144510754354965,0.9999992803571246,0.09709190024519769,14.047418854109766,204,0,5100,20400.0,14.144510754354965,0.9999992803571246,0.09709190024519769,14.047418854109766,204,0,5100,20400.0,14.144510754354965,0.9999992803571246,0.09709190024519769,14.047418854109766,204,0,5100,20400.0,14.144510754354965,0.9999992803571246,0.09709190024519769,14.047418854109766,204,0,5100,20400.0,14.144510754354965,0.9999992803571246,0.09709190024519769,14.047418854109766,204,0,5100,20400.0,14.144510754354965,0.9999992803571246,0.09709190024519769,14.047418854109766,204,0,5100,20400.0,14.144510754354965,0.9999992803571246,0.09709190024519769,14.047418854109766,204,0,5100,20400.0,14.144510754354965,0.9999992803571246,0.09709190024519769,14.047418854109766,204,0,5100,20400.0,14.144510754354965,0.9999992803571246,0.09709190024519769,14.047418854109766,204,0,5100,20400.0,14.144510754354965,0.9999992803571246,0.09709190024519769,14.047418854109766,204,0,5100,20400.0,14.144510754354965,0.9999992803571246,0.09709190024519769,14.047418854109766,204,0,5100,20400.0,14.144510754354965,0.9999992803571246,0.09709190024519769,14.047418854109766,204,0,5100,20400.0,14.144510754354965,0.9999992803571246,0.09709190024519769,14.047418854109766,204,0,5100,20400.0,14.144510754354965,0.9999992803571246,0.09709190024519769,14.047418854109766,204,0,5100,20400.0,14.144510754354965,0.9999992803571246,0.09709190024519769,14.047418854109766,204,0,5100,20400.0,14.144510754354965,0.9999992803571246,0.09709190024519769,14.047418854109766,204,0,5100,20400.0,14.144510754354965,0.9999992803571246,0.09709190024519769,14.047418854109766,204,0,5100,20400.0,14.144510754354965,0.9999992803571246,0.09709190024519769,14.047418854109766,204,0,5100,20400.0,14.144510754354965,0.9999992803571246,0.09709190024519769,14.047418854109766,204,0,5100,20400.0,14.144510754354965,0.9999992803571246,0.09709190024519769,14.047418854109766
qaoa_n24,qaoa,MQT Bench 2.3.0,24,532,116,204,3,15,15,SC5|p=0.001|r=30|rho=10,realistic,SC5,5,25,0.001,30.0,10,1,0.0031526304869580694,0.0,0.005366132781095331,2.868275147901941e-05,FEASIBLE/FEASIBLE,70.18,82,FEASIBLE,30.08,0.24299941487971005,0.016,0.0,0.0,0.0,204,0,5100,2040.0,2.0474441317522363,0.870935646123314,0.6431366193394461,1.4043075124127904,0,82,2050,820.0,1.0044994371569191,0.6337720909865898,0.44002288804981715,0.564476549107102,0,82,2050,820.0,1.0044994371569191,0.6337720909865898,0.44002288804981715,0.564476549107102,0,82,2050,820.0,1.0044994371569191,0.6337720909865898,0.44002288804981715,0.564476549107102,0,82,2050,820.0,1.0044994371569191,0.6337720909865898,0.44002288804981715,0.564476549107102,50,43,2325,930.0,1.0285742469467158,0.6424836726374326,0.38837523393500273,0.6401990130117132,50,43,2325,930.0,1.0285742469467158,0.6424836726374326,0.38837523393500273,0.6401990130117132,127,26,3825,1530.0,1.593134158461746,0.7967125229174473,0.5399035241521534,1.0532306343095927,127,26,3825,1530.0,1.593134158461746,0.7967125229174473,0.5399035241521534,1.0532306343095927,192,4,4900,1960.0,1.9760062141934038,0.8613782411368488,0.6267695846203306,1.349236629573073,192,4,4900,1960.0,1.9760062141934038,0.8613782411368488,0.6267695846203306,1.349236629573073,204,0,5100,2040.0,2.0474441317522363,0.870935646123314,0.6431366193394461,1.4043075124127904,204,0,5100,2040.0,2.0474441317522363,0.870935646123314,0.6431366193394461,1.4043075124127904,204,0,5100,2040.0,2.0474441317522363,0.870935646123314,0.6431366193394461,1.4043075124127904,204,0,5100,2040.0,2.0474441317522363,0.870935646123314,0.6431366193394461,1.4043075124127904,204,0,5100,2040.0,2.0474441317522363,0.870935646123314,0.6431366193394461,1.4043075124127904,204,0,5100,2040.0,2.0474441317522363,0.870935646123314,0.6431366193394461,1.4043075124127904,204,0,5100,2040.0,2.0474441317522363,0.870935646123314,0.6431366193394461,1.4043075124127904,204,0,5100,2040.0,2.0474441317522363,0.870935646123314,0.6431366193394461,1.4043075124127904,204,0,5100,2040.0,2.0474441317522363,0.870935646123314,0.6431366193394461,1.4043075124127904,204,0,5100,2040.0,2.0474441317522363,0.870935646123314,0.6431366193394461,1.4043075124127904,204,0,5100,2040.0,2.0474441317522363,0.870935646123314,0.6431366193394461,1.4043075124127904,204,0,5100,2040.0,2.0474441317522363,0.870935646123314,0.6431366193394461,1.4043075124127904,204,0,5100,2040.0,2.0474441317522363,0.870935646123314,0.6431366193394461,1.4043075124127904,204,0,5100,2040.0,2.0474441317522363,0.870935646123314,0.6431366193394461,1.4043075124127904,204,0,5100,2040.0,2.0474441317522363,0.870935646123314,0.6431366193394461,1.4043075124127904,204,0,5100,2040.0,2.0474441317522363,0.870935646123314,0.6431366193394461,1.4043075124127904,204,0,5100,2040.0,2.0474441317522363,0.870935646123314,0.6431366193394461,1.4043075124127904,204,0,5100,2040.0,2.0474441317522363,0.870935646123314,0.6431366193394461,1.4043075124127904,204,0,5100,2040.0,2.0474441317522363,0.870935646123314,0.6431366193394461,1.4043075124127904,204,0,5100,2040.0,2.0474441317522363,0.870935646123314,0.6431366193394461,1.4043075124127904,204,0,5100,2040.0,2.0474441317522363,0.870935646123314,0.6431366193394461,1.4043075124127904,204,0,5100,2040.0,2.0474441317522363,0.870935646123314,0.6431366193394461,1.4043075124127904
qaoa_n24,qaoa,MQT Bench 2.3.0,24,532,116,204,3,15,15,SC5|p=0.001|r=30|rho=100,realistic,SC5,5,25,0.001,30.0,100,1,0.0031526304869580694,0.0,0.005366132781095331,2.868275147901941e-05,FEASIBLE/FEASIBLE,70.18,82,FEASIBLE,30.08,0.24299941487971005,0.016,0.0,0.0,0.0,204,0,5100,20400.0,14.686211743467348,0.9999995813421105,0.6431366193394461,14.043075124127903,0,82,2050,8200.0,6.0847883791208375,0.997722753813893,0.44002288804981715,5.64476549107102,0,82,2050,8200.0,6.0847883791208375,0.997722753813893,0.44002288804981715,5.64476549107102,0,82,2050,8200.0,6.0847883791208375,0.997722753813893,0.44002288804981715,5.64476549107102,0,82,2050,8200.0,6.0847883791208375,0.997722753813893,0.44002288804981715,5.64476549107102,50,43,2325,9300.0,6.790365364052135,0.9988754421738977,0.38837523393500273,6.401990130117132,50,43,2325,9300.0,6.790365364052135,0.9988754421738977,0.38837523393500273,6.401990130117132,127,26,3825,15300.0,11.07220986724808,0.999984461812701,0.5399035241521534,10.532306343095927,127,26,3825,15300.0,11.07220986724808,0.999984461812701,0.5399035241521534,10.532306343095927,192,4,4900,19600.0,14.11913588035106,0.9999992618626218,0.6267695846203306,13.49236629573073,192,4,4900,19600.0,14.11913588035106,0.9999992618626218,0.6267695846203306,13.49236629573073,204,0,5100,20400.0,14.686211743467348,0.9999995813421105,0.6431366193394461,14.043075124127903,204,0,5100,20400.0,14.686211743467348,0.9999995813421105,0.6431366193394461,14.043075124127903,204,0,5100,20400.0,14.686211743467348,0.9999995813421105,0.6431366193394461,14.043075124127903,204,0,5100,20400.0,14.686211743467348,0.9999995813421105,0.6431366193394461,14.043075124127903,204,0,5100,20400.0,14.686211743467348,0.9999995813421105,0.6431366193394461,14.043075124127903,204,0,5100,20400.0,14.686211743467348,0.9999995813421105,0.6431366193394461,14.043075124127903,204,0,5100,20400.0,14.686211743467348,0.9999995813421105,0.6431366193394461,14.043075124127903,204,0,5100,20400.0,14.686211743467348,0.9999995813421105,0.6431366193394461,14.043075124127903,204,0,5100,20400.0,14.686211743467348,0.9999995813421105,0.6431366193394461,14.043075124127903,204,0,5100,20400.0,14.686211743467348,0.9999995813421105,0.6431366193394461,14.043075124127903,204,0,5100,20400.0,14.686211743467348,0.9999995813421105,0.6431366193394461,14.043075124127903,204,0,5100,20400.0,14.686211743467348,0.9999995813421105,0.6431366193394461,14.043075124127903,204,0,5100,20400.0,14.686211743467348,0.9999995813421105,0.6431366193394461,14.043075124127903,204,0,5100,20400.0,14.686211743467348,0.9999995813421105,0.6431366193394461,14.043075124127903,204,0,5100,20400.0,14.686211743467348,0.9999995813421105,0.6431366193394461,14.043075124127903,204,0,5100,20400.0,14.686211743467348,0.9999995813421105,0.6431366193394461,14.043075124127903,204,0,5100,20400.0,14.686211743467348,0.9999995813421105,0.6431366193394461,14.043075124127903,204,0,5100,20400.0,14.686211743467348,0.9999995813421105,0.6431366193394461,14.043075124127903,204,0,5100,20400.0,14.686211743467348,0.9999995813421105,0.6431366193394461,14.043075124127903,204,0,5100,20400.0,14.686211743467348,0.9999995813421105,0.6431366193394461,14.043075124127903,204,0,5100,20400.0,14.686211743467348,0.9999995813421105,0.6431366193394461,14.043075124127903,204,0,5100,20400.0,14.686211743467348,0.9999995813421105,0.6431366193394461,14.043075124127903
qaoa_n24,qaoa,MQT Bench 2.3.0,24,532,116,204,3,15,15,SC5|p=0.002|r=10|rho=10,realistic,SC5,5,25,0.002,10.0,10,1,0.0032480946242971235,0.0,0.0089771927017271,0.0002379015985281741,FEASIBLE/FEASIBLE,70.17,82,FEASIBLE,30.09,2.015502282263727,0.016,0.0,0.0,0.0,204,0,5100,2040.0,12.310273567296017,0.9999954947788008,0.6626113033566132,11.647662263939404,0,82,2050,820.0,5.418033260576089,0.9955641377404616,0.7361298015416222,4.681903459034467,0,82,2050,820.0,5.418033260576089,0.9955641377404616,0.7361298015416222,4.681903459034467,0,82,2050,820.0,5.418033260576089,0.9955641377404616,0.7361298015416222,4.681903459034467,0,82,2050,820.0,5.418033260576089,0.9955641377404616,0.7361298015416222,4.681903459034467,50,43,2325,930.0,5.858387696537967,0.9971441555393312,0.5484240173891215,5.309963679148846,50,43,2325,930.0,5.858387696537967,0.9971441555393312,0.5484240173891215,5.309963679148846,127,26,3825,1530.0,9.381661725485193,0.9999157449226684,0.6459150275306392,8.735746697954553,127,26,3825,1530.0,9.381661725485193,0.9999157449226684,0.6459150275306392,8.735746697954553,192,4,4900,1960.0,11.850434133437266,0.9999928645421067,0.659542938671956,11.19089119476531,192,4,4900,1960.0,11.850434133437266,0.9999928645421067,0.659542938671956,11.19089119476531,204,0,5100,2040.0,12.310273567296017,0.9999954947788008,0.6626113033566132,11.647662263939404,204,0,5100,2040.0,12.310273567296017,0.9999954947788008,0.6626113033566132,11.647662263939404,204,0,5100,2040.0,12.310273567296017,0.9999954947788008,0.6626113033566132,11.647662263939404,204,0,5100,2040.0,12.310273567296017,0.9999954947788008,0.6626113033566132,11.647662263939404,204,0,5100,2040.0,12.310273567296017,0.9999954947788008,0.6626113033566132,11.647662263939404,204,0,5100,2040.0,12.310273567296017,0.9999954947788008,0.6626113033566132,11.647662263939404,204,0,5100,2040.0,12.310273567296017,0.9999954947788008,0.6626113033566132,11.647662263939404,204,0,5100,2040.0,12.310273567296017,0.9999954947788008,0.6626113033566132,11.647662263939404,204,0,5100,2040.0,12.310273567296017,0.9999954947788008,0.6626113033566132,11.647662263939404,204,0,5100,2040.0,12.310273567296017,0.9999954947788008,0.6626113033566132,11.647662263939404,204,0,5100,2040.0,12.310273567296017,0.9999954947788008,0.6626113033566132,11.647662263939404,204,0,5100,2040.0,12.310273567296017,0.9999954947788008,0.6626113033566132,11.647662263939404,204,0,5100,2040.0,12.310273567296017,0.9999954947788008,0.6626113033566132,11.647662263939404,204,0,5100,2040.0,12.310273567296017,0.9999954947788008,0.6626113033566132,11.647662263939404,204,0,5100,2040.0,12.310273567296017,0.9999954947788008,0.6626113033566132,11.647662263939404,204,0,5100,2040.0,12.310273567296017,0.9999954947788008,0.6626113033566132,11.647662263939404,204,0,5100,2040.0,12.310273567296017,0.9999954947788008,0.6626113033566132,11.647662263939404,204,0,5100,2040.0,12.310273567296017,0.9999954947788008,0.6626113033566132,11.647662263939404,204,0,5100,2040.0,12.310273567296017,0.9999954947788008,0.6626113033566132,11.647662263939404,204,0,5100,2040.0,12.310273567296017,0.9999954947788008,0.6626113033566132,11.647662263939404,204,0,5100,2040.0,12.310273567296017,0.9999954947788008,0.6626113033566132,11.647662263939404,204,0,5100,2040.0,12.310273567296017,0.9999954947788008,0.6626113033566132,11.647662263939404
qaoa_n24,qaoa,MQT Bench 2.3.0,24,532,116,204,3,15,15,SC5|p=0.002|r=10|rho=100,realistic,SC5,5,25,0.002,10.0,100,1,0.0032480946242971235,0.0,0.0089771927017271,0.0002379015985281741,FEASIBLE/FEASIBLE,70.18,82,FEASIBLE,30.09,2.015502282263727,0.016,0.0,0.0,0.0,204,0,5100,20400.0,117.13923394275065,1.0,0.6626113033566132,116.47662263939404,0,82,2050,8200.0,47.55516439188629,1.0,0.7361298015416222,46.819034590344664,0,82,2050,8200.0,47.55516439188629,1.0,0.7361298015416222,46.819034590344664,0,82,2050,8200.0,47.55516439188629,1.0,0.7361298015416222,46.819034590344664,0,82,2050,8200.0,47.55516439188629,1.0,0.7361298015416222,46.819034590344664,50,43,2325,9300.0,53.64806080887758,1.0,0.5484240173891215,53.09963679148846,50,43,2325,9300.0,53.64806080887758,1.0,0.5484240173891215,53.09963679148846,127,26,3825,15300.0,88.00338200707617,1.0,0.6459150275306392,87.35746697954553,127,26,3825,15300.0,88.00338200707617,1.0,0.6459150275306392,87.35746697954553,192,4,4900,19600.0,112.56845488632506,1.0,0.659542938671956,111.9089119476531,192,4,4900,19600.0,112.56845488632506,1.0,0.659542938671956,111.9089119476531,204,0,5100,20400.0,117.13923394275065,1.0,0.6626113033566132,116.47662263939404,204,0,5100,20400.0,117.13923394275065,1.0,0.6626113033566132,116.47662263939404,204,0,5100,20400.0,117.13923394275065,1.0,0.6626113033566132,116.47662263939404,204,0,5100,20400.0,117.13923394275065,1.0,0.6626113033566132,116.47662263939404,204,0,5100,20400.0,117.13923394275065,1.0,0.6626113033566132,116.47662263939404,204,0,5100,20400.0,117.13923394275065,1.0,0.6626113033566132,116.47662263939404,204,0,5100,20400.0,117.13923394275065,1.0,0.6626113033566132,116.47662263939404,204,0,5100,20400.0,117.13923394275065,1.0,0.6626113033566132,116.47662263939404,204,0,5100,20400.0,117.13923394275065,1.0,0.6626113033566132,116.47662263939404,204,0,5100,20400.0,117.13923394275065,1.0,0.6626113033566132,116.47662263939404,204,0,5100,20400.0,117.13923394275065,1.0,0.6626113033566132,116.47662263939404,204,0,5100,20400.0,117.13923394275065,1.0,0.6626113033566132,116.47662263939404,204,0,5100,20400.0,117.13923394275065,1.0,0.6626113033566132,116.47662263939404,204,0,5100,20400.0,117.13923394275065,1.0,0.6626113033566132,116.47662263939404,204,0,5100,20400.0,117.13923394275065,1.0,0.6626113033566132,116.47662263939404,204,0,5100,20400.0,117.13923394275065,1.0,0.6626113033566132,116.47662263939404,204,0,5100,20400.0,117.13923394275065,1.0,0.6626113033566132,116.47662263939404,204,0,5100,20400.0,117.13923394275065,1.0,0.6626113033566132,116.47662263939404,204,0,5100,20400.0,117.13923394275065,1.0,0.6626113033566132,116.47662263939404,204,0,5100,20400.0,117.13923394275065,1.0,0.6626113033566132,116.47662263939404,204,0,5100,20400.0,117.13923394275065,1.0,0.6626113033566132,116.47662263939404,204,0,5100,20400.0,117.13923394275065,1.0,0.6626113033566132,116.47662263939404
qaoa_n24,qaoa,MQT Bench 2.3.0,24,532,116,204,3,15,15,SC5|p=0.002|r=30|rho=10,realistic,SC5,5,25,0.002,30.0,10,1,0.017467932906043773,0.0,0.031064157235436735,0.0001993039102874015,FEASIBLE/FEASIBLE,70.19,82,FEASIBLE,30.07,1.6885013683302335,0.016,0.0,0.0,0.0,204,0,5100,2040.0,13.321377760504108,0.9999983609237885,3.5634583128329296,9.757919447671178,0,82,2050,820.0,6.469561847761874,0.9984500953216208,2.547260893305812,3.9223009544560616,0,82,2050,820.0,6.469561847761874,0.9984500953216208,2.547260893305812,3.9223009544560616,0,82,2050,820.0,6.469561847761874,0.9984500953216208,2.547260893305812,3.9223009544560616,0,82,2050,820.0,6.469561847761874,0.9984500953216208,2.547260893305812,3.9223009544560616,50,43,2325,930.0,6.65761868404077,0.9987157991799565,2.2091554064259684,4.448463277614802,50,43,2325,930.0,6.65761868404077,0.9987157991799565,2.2091554064259684,4.448463277614802,127,26,3825,1530.0,10.344535152942298,0.9999678318959226,3.0260955671889143,7.318439585753383,127,26,3825,1530.0,10.344535152942298,0.9999678318959226,3.0260955671889143,7.318439585753383,192,4,4900,1960.0,12.853355686821518,0.9999973826695892,3.4780997469021515,9.375255939919366,192,4,4900,1960.0,12.853355686821518,0.9999973826695892,3.4780997469021515,9.375255939919366,204,0,5100,2040.0,13.321377760504108,0.9999983609237885,3.5634583128329296,9.757919447671178,204,0,5100,2040.0,13.321377760504108,0.9999983609237885,3.5634583128329296,9.757919447671178,204,0,5100,2040.0,13.321377760504108,0.9999983609237885,3.5634583128329296,9.757919447671178,204,0,5100,2040.0,13.321377760504108,0.9999983609237885,3.5634583128329296,9.757919447671178,204,0,5100,2040.0,13.321377760504108,0.9999983609237885,3.5634583128329296,9.757919447671178,204,0,5100,2040.0,13.321377760504108,0.9999983609237885,3.5634583128329296,9.757919447671178,204,0,5100,2040.0,13.321377760504108,0.9999983609237885,3.5634583128329296,9.757919447671178,204,0,5100,2040.0,13.321377760504108,0.9999983609237885,3.5634583128329296,9.757919447671178,204,0,5100,2040.0,13.321377760504108,0.9999983609237885,3.5634583128329296,9.757919447671178,204,0,5100,2040.0,13.321377760504108,0.9999983609237885,3.5634583128329296,9.757919447671178,204,0,5100,2040.0,13.321377760504108,0.9999983609237885,3.5634583128329296,9.757919447671178,204,0,5100,2040.0,13.321377760504108,0.9999983609237885,3.5634583128329296,9.757919447671178,204,0,5100,2040.0,13.321377760504108,0.9999983609237885,3.5634583128329296,9.757919447671178,204,0,5100,2040.0,13.321377760504108,0.9999983609237885,3.5634583128329296,9.757919447671178,204,0,5100,2040.0,13.321377760504108,0.9999983609237885,3.5634583128329296,9.757919447671178,204,0,5100,2040.0,13.321377760504108,0.9999983609237885,3.5634583128329296,9.757919447671178,204,0,5100,2040.0,13.321377760504108,0.9999983609237885,3.5634583128329296,9.757919447671178,204,0,5100,2040.0,13.321377760504108,0.9999983609237885,3.5634583128329296,9.757919447671178,204,0,5100,2040.0,13.321377760504108,0.9999983609237885,3.5634583128329296,9.757919447671178,204,0,5100,2040.0,13.321377760504108,0.9999983609237885,3.5634583128329296,9.757919447671178,204,0,5100,2040.0,13.321377760504108,0.9999983609237885,3.5634583128329296,9.757919447671178,204,0,5100,2040.0,13.321377760504108,0.9999983609237885,3.5634583128329296,9.757919447671178
qaoa_n24,qaoa,MQT Bench 2.3.0,24,532,116,204,3,15,15,SC5|p=0.002|r=30|rho=100,realistic,SC5,5,25,0.002,30.0,100,1,0.017467932906043773,0.0,0.031064157235436735,0.0001993039102874015,FEASIBLE/FEASIBLE,70.16,82,FEASIBLE,30.08,1.6885013683302335,0.016,0.0,0.0,0.0,204,0,5100,20400.0,101.14265278954471,1.0,3.5634583128329296,97.57919447671178,0,82,2050,8200.0,41.77027043786643,1.0,2.547260893305812,39.22300954456062,0,82,2050,8200.0,41.77027043786643,1.0,2.547260893305812,39.22300954456062,0,82,2050,8200.0,41.77027043786643,1.0,2.547260893305812,39.22300954456062,0,82,2050,8200.0,41.77027043786643,1.0,2.547260893305812,39.22300954456062,50,43,2325,9300.0,46.69378818257399,1.0,2.2091554064259684,44.48463277614802,50,43,2325,9300.0,46.69378818257399,1.0,2.2091554064259684,44.48463277614802,127,26,3825,15300.0,76.21049142472275,1.0,3.0260955671889143,73.18439585753383,127,26,3825,15300.0,76.21049142472275,1.0,3.0260955671889143,73.18439585753383,192,4,4900,19600.0,97.23065914609582,1.0,3.4780997469021515,93.75255939919367,192,4,4900,19600.0,97.23065914609582,1.0,3.4780997469021515,93.75255939919367,204,0,5100,20400.0,101.14265278954471,1.0,3.5634583128329296,97.57919447671178,204,0,5100,20400.0,101.14265278954471,1.0,3.5634583128329296,97.57919447671178,204,0,5100,20400.0,101.14265278954471,1.0,3.5634583128329296,97.57919447671178,204,0,5100,20400.0,101.14265278954471,1.0,3.5634583128329296,97.57919447671178,204,0,5100,20400.0,101.14265278954471,1.0,3.5634583128329296,97.57919447671178,204,0,5100,20400.0,101.14265278954471,1.0,3.5634583128329296,97.57919447671178,204,0,5100,20400.0,101.14265278954471,1.0,3.5634583128329296,97.57919447671178,204,0,5100,20400.0,101.14265278954471,1.0,3.5634583128329296,97.57919447671178,204,0,5100,20400.0,101.14265278954471,1.0,3.5634583128329296,97.57919447671178,204,0,5100,20400.0,101.14265278954471,1.0,3.5634583128329296,97.57919447671178,204,0,5100,20400.0,101.14265278954471,1.0,3.5634583128329296,97.57919447671178,204,0,5100,20400.0,101.14265278954471,1.0,3.5634583128329296,97.57919447671178,204,0,5100,20400.0,101.14265278954471,1.0,3.5634583128329296,97.57919447671178,204,0,5100,20400.0,101.14265278954471,1.0,3.5634583128329296,97.57919447671178,204,0,5100,20400.0,101.14265278954471,1.0,3.5634583128329296,97.57919447671178,204,0,5100,20400.0,101.14265278954471,1.0,3.5634583128329296,97.57919447671178,204,0,5100,20400.0,101.14265278954471,1.0,3.5634583128329296,97.57919447671178,204,0,5100,20400.0,101.14265278954471,1.0,3.5634583128329296,97.57919447671178,204,0,5100,20400.0,101.14265278954471,1.0,3.5634583128329296,97.57919447671178,204,0,5100,20400.0,101.14265278954471,1.0,3.5634583128329296,97.57919447671178,204,0,5100,20400.0,101.14265278954471,1.0,3.5634583128329296,97.57919447671178,204,0,5100,20400.0,101.14265278954471,1.0,3.5634583128329296,97.57919447671178
qaoa_n24,qaoa,MQT Bench 2.3.0,24,532,116,204,3,15,15,SC7|p=0.001|r=10|rho=10,realistic,SC7,7,49,0.001,10.0,10,0,0.00013916666666666662,0.00010250000000000045,0.00027916666666666584,1.805555555555555e-06,FEASIBLE/FEASIBLE,70.17,82,FEASIBLE,30.09,0.06982667843333352,0.016,0.28735632183908044,0.2286158631415241,0.09398496240601503,204,0,9996,2040.0,0.1504100000000001,0.13964484151265694,0.062010000000000134,0.08839999999999998,0,82,4018,820.0,0.11295500000000015,0.10680914719995079,0.07742166666666683,0.03553333333333332,50,43,4557,930.0,0.10866750000000017,0.102971370062876,0.06836750000000018,0.04029999999999999,0,82,4018,820.0,0.11295500000000015,0.10680914719995079,0.07742166666666683,0.03553333333333332,0,82,4018,820.0,0.11295500000000015,0.10680914719995079,0.07742166666666683,0.03553333333333332,50,43,4557,930.0,0.10866750000000017,0.102971370062876,0.06836750000000018,0.04029999999999999,50,43,4557,930.0,0.10866750000000017,0.102971370062876,0.06836750000000018,0.04029999999999999,127,26,7497,1530.0,0.13274500000000014,0.12431163582676288,0.06644500000000016,0.06629999999999998,127,26,7497,1530.0,0.13274500000000014,0.12431163582676288,0.06644500000000016,0.06629999999999998,192,4,9604,1960.0,0.1476200000000001,0.13724109895886222,0.06268666666666681,0.0849333333333333,192,4,9604,1960.0,0.1476200000000001,0.13724109895886222,0.06268666666666681,0.0849333333333333,204,0,9996,2040.0,0.1504100000000001,0.13964484151265694,0.062010000000000134,0.08839999999999998,204,0,9996,2040.0,0.1504100000000001,0.13964484151265694,0.062010000000000134,0.08839999999999998,204,0,9996,2040.0,0.1504100000000001,0.13964484151265694,0.062010000000000134,0.08839999999999998,204,0,9996,2040.0,0.1504100000000001,0.13964484151265694,0.062010000000000134,0.08839999999999998,204,0,9996,2040.0,0.1504100000000001,0.13964484151265694,0.062010000000000134,0.08839999999999998,204,0,9996,2040.0,0.1504100000000001,0.13964484151265694,0.062010000000000134,0.08839999999999998,204,0,9996,2040.0,0.1504100000000001,0.13964484151265694,0.062010000000000134,0.08839999999999998,204,0,9996,2040.0,0.1504100000000001,0.13964484151265694,0.062010000000000134,0.08839999999999998,204,0,9996,2040.0,0.1504100000000001,0.13964484151265694,0.062010000000000134,0.08839999999999998,204,0,9996,2040.0,0.1504100000000001,0.13964484151265694,0.062010000000000134,0.08839999999999998,204,0,9996,2040.0,0.1504100000000001,0.13964484151265694,0.062010000000000134,0.08839999999999998,204,0,9996,2040.0,0.1504100000000001,0.13964484151265694,0.062010000000000134,0.08839999999999998,204,0,9996,2040.0,0.1504100000000001,0.13964484151265694,0.062010000000000134,0.08839999999999998,204,0,9996,2040.0,0.1504100000000001,0.13964484151265694,0.062010000000000134,0.08839999999999998,204,0,9996,2040.0,0.1504100000000001,0.13964484151265694,0.062010000000000134,0.08839999999999998,204,0,9996,2040.0,0.1504100000000001,0.13964484151265694,0.062010000000000134,0.08839999999999998,204,0,9996,2040.0,0.1504100000000001,0.13964484151265694,0.062010000000000134,0.08839999999999998,204,0,9996,2040.0,0.1504100000000001,0.13964484151265694,0.062010000000000134,0.08839999999999998,204,0,9996,2040.0,0.1504100000000001,0.13964484151265694,0.062010000000000134,0.08839999999999998,204,0,9996,2040.0,0.1504100000000001,0.13964484151265694,0.062010000000000134,0.08839999999999998,204,0,9996,2040.0,0.1504100000000001,0.13964484151265694,0.062010000000000134,0.08839999999999998,204,0,9996,2040.0,0.1504100000000001,0.13964484151265694,0.062010000000000134,0.08839999999999998
qaoa_n24,qaoa,MQT Bench 2.3.0,24,532,116,204,3,15,15,SC7|p=0.001|r=10|rho=100,realistic,SC7,7,49,0.001,10.0,100,0,0.00013916666666666662,0.00010250000000000045,0.00027916666666666584,1.805555555555555e-06,FEASIBLE/FEASIBLE,70.18,82,FEASIBLE,30.08,0.06982667843333352,0.016,0.0,0.0,0.0,204,0,9996,20400.0,0.9460099999999999,0.6117127972855686,0.062010000000000134,0.8839999999999998,0,82,4018,8200.0,0.43275500000000006,0.35128059140802026,0.07742166666666683,0.3553333333333332,0,82,4018,8200.0,0.43275500000000006,0.35128059140802026,0.07742166666666683,0.3553333333333332,0,82,4018,8200.0,0.43275500000000006,0.35128059140802026,0.07742166666666683,0.3553333333333332,0,82,4018,8200.0,0.43275500000000006,0.35128059140802026,0.07742166666666683,0.3553333333333332,50,43,4557,9300.0,0.47136750000000005,0.37585183819077234,0.06836750000000018,0.40299999999999986,50,43,4557,9300.0,0.47136750000000005,0.37585183819077234,0.06836750000000018,0.40299999999999986,127,26,7497,15300.0,0.729445,0.5178234761865566,0.06644500000000016,0.6629999999999998,127,26,7497,15300.0,0.729445,0.5178234761865566,0.06644500000000016,0.6629999999999998,192,4,9604,19600.0,0.9120199999999998,0.5982880542216724,0.06268666666666681,0.849333333333333,192,4,9604,19600.0,0.9120199999999998,0.5982880542216724,0.06268666666666681,0.849333333333333,204,0,9996,20400.0,0.9460099999999999,0.6117127972855686,0.062010000000000134,0.8839999999999998,204,0,9996,20400.0,0.9460099999999999,0.6117127972855686,0.062010000000000134,0.8839999999999998,204,0,9996,20400.0,0.9460099999999999,0.6117127972855686,0.062010000000000134,0.8839999999999998,204,0,9996,20400.0,0.9460099999999999,0.6117127972855686,0.062010000000000134,0.8839999999999998,204,0,9996,20400.0,0.9460099999999999,0.6117127972855686,0.062010000000000134,0.8839999999999998,204,0,9996,20400.0,0.9460099999999999,0.6117127972855686,0.062010000000000134,0.8839999999999998,204,0,9996,20400.0,0.9460099999999999,0.6117127972855686,0.062010000000000134,0.8839999999999998,204,0,9996,20400.0,0.9460099999999999,0.6117127972855686,0.062010000000000134,0.8839999999999998,204,0,9996,20400.0,0.9460099999999999,0.6117127972855686,0.062010000000000134,0.8839999999999998,204,0,9996,20400.0,0.9460099999999999,0.6117127972855686,0.062010000000000134,0.8839999999999998,204,0,9996,20400.0,0.9460099999999999,0.6117127972855686,0.062010000000000134,0.8839999999999998,204,0,9996,20400.0,0.9460099999999999,0.6117127972855686,0.062010000000000134,0.8839999999999998,204,0,9996,20400.0,0.9460099999999999,0.6117127972855686,0.062010000000000134,0.8839999999999998,204,0,9996,20400.0,0.9460099999999999,0.6117127972855686,0.062010000000000134,0.8839999999999998,204,0,9996,20400.0,0.9460099999999999,0.6117127972855686,0.062010000000000134,0.8839999999999998,204,0,9996,20400.0,0.9460099999999999,0.6117127972855686,0.062010000000000134,0.8839999999999998,204,0,9996,20400.0,0.9460099999999999,0.6117127972855686,0.062010000000000134,0.8839999999999998,204,0,9996,20400.0,0.9460099999999999,0.6117127972855686,0.062010000000000134,0.8839999999999998,204,0,9996,20400.0,0.9460099999999999,0.6117127972855686,0.062010000000000134,0.8839999999999998,204,0,9996,20400.0,0.9460099999999999,0.6117127972855686,0.062010000000000134,0.8839999999999998,204,0,9996,20400.0,0.9460099999999999,0.6117127972855686,0.062010000000000134,0.8839999999999998,204,0,9996,20400.0,0.9460099999999999,0.6117127972855686,0.062010000000000134,0.8839999999999998
qec9xz_n17,qec,QASMBench 357b942,17,32,12,6,3,12,11,SC5|p=0.001|r=10|rho=10,realistic,SC5,5,25,0.001,10.0,10,0,0.0003825200145869967,5.810310143125109e-05,0.0009810966318486132,2.8691623476531386e-05,OPTIMAL/OPTIMAL,18.22,5,OPTIMAL,1.33,0.02918264814784407,0.001,0.0,0.0,0.0,6,0,150,60.0,0.03307125667079652,0.03253038153130504,0.0038058007247345088,0.029265455946062013,3,2,125,50.0,0.029182623204016177,0.028760922522586968,0.004794743248964498,0.024387879955051678,3,2,125,50.0,0.029182623204016177,0.028760922522586968,0.004794743248964498,0.024387879955051678,0,8,200,80.0,0.04872868022867163,0.04756048968482229,0.00970807230058894,0.039020607928082686,4,2,150,60.0,0.034384616108182255,0.033800182849807514,0.005119160162120244,0.029265455946062013,6,0,150,60.0,0.03307125667079652,0.03253038153130504,0.0038058007247345088,0.029265455946062013,6,0,150,60.0,0.03307125667079652,0.03253038153130504,0.0038058007247345088,0.029265455946062013,6,0,150,60.0,0.03307125667079652,0.03253038153130504,0.0038058007247345088,0.029265455946062013,6,0,150,60.0,0.03307125667079652,0.03253038153130504,0.0038058007247345088,0.029265455946062013,6,0,150,60.0,0.03307125667079652,0.03253038153130504,0.0038058007247345088,0.029265455946062013,6,0,150,60.0,0.03307125667079652,0.03253038153130504,0.0038058007247345088,0.029265455946062013,6,0,150,60.0,0.03307125667079652,0.03253038153130504,0.0038058007247345088,0.029265455946062013,6,0,150,60.0,0.03307125667079652,0.03253038153130504,0.0038058007247345088,0.029265455946062013,6,0,150,60.0,0.03307125667079652,0.03253038153130504,0.0038058007247345088,0.029265455946062013,6,0,150,60.0,0.03307125667079652,0.03253038153130504,0.0038058007247345088,0.029265455946062013,6,0,150,60.0,0.03307125667079652,0.03253038153130504,0.0038058007247345088,0.029265455946062013,6,0,150,60.0,0.03307125667079652,0.03253038153130504,0.0038058007247345088,0.029265455946062013,6,0,150,60.0,0.03307125667079652,0.03253038153130504,0.0038058007247345088,0.029265455946062013,6,0,150,60.0,0.03307125667079652,0.03253038153130504,0.0038058007247345088,0.029265455946062013,6,0,150,60.0,0.03307125667079652,0.03253038153130504,0.0038058007247345088,0.029265455946062013,6,0,150,60.0,0.03307125667079652,0.03253038153130504,0.0038058007247345088,0.029265455946062013,6,0,150,60.0,0.03307125667079652,0.03253038153130504,0.0038058007247345088,0.029265455946062013,6,0,150,60.0,0.03307125667079652,0.03253038153130504,0.0038058007247345088,0.029265455946062013,6,0,150,60.0,0.03307125667079652,0.03253038153130504,0.0038058007247345088,0.029265455946062013,6,0,150,60.0,0.03307125667079652,0.03253038153130504,0.0038058007247345088,0.029265455946062013,6,0,150,60.0,0.03307125667079652,0.03253038153130504,0.0038058007247345088,0.029265455946062013,6,0,150,60.0,0.03307125667079652,0.03253038153130504,0.0038058007247345088,0.029265455946062013,6,0,150,60.0,0.03307125667079652,0.03253038153130504,0.0038058007247345088,0.029265455946062013,6,0,150,60.0,0.03307125667079652,0.03253038153130504,0.0038058007247345088,0.029265455946062013,6,0,150,60.0,0.03307125667079652,0.03253038153130504,0.0038058007247345088,0.029265455946062013,6,0,150,60.0,0.03307125667079652,0.03253038153130504,0.0038058007247345088,0.029265455946062013,6,0,150,60.0,0.03307125667079652,0.03253038153130504,0.0038058007247345088,0.029265455946062013,6,0,150,60.0,0.03307125667079652,0.03253038153130504,0.0038058007247345088,0.029265455946062013
qec9xz_n17,qec,QASMBench 357b942,17,32,12,6,3,12,11,SC5|p=0.001|r=10|rho=100,realistic,SC5,5,25,0.001,10.0,100,0,0.0003825200145869967,5.810310143125109e-05,0.0009810966318486132,2.8691623476531386e-05,OPTIMAL/OPTIMAL,18.32,5,OPTIMAL,0.82,0.24867378284434216,0.001,0.0,0.0,0.0,6,0,150,600.0,0.29646036018535465,0.25655490329414865,0.0038058007247345088,0.29265455946062013,3,2,125,500.0,0.24867354279948128,0.22016548557349064,0.004794743248964498,0.24387879955051678,3,2,125,500.0,0.24867354279948128,0.22016548557349064,0.004794743248964498,0.24387879955051678,0,8,200,800.0,0.3999141515814158,0.3296224055782796,0.00970807230058894,0.39020607928082685,4,2,150,600.0,0.29777371962274035,0.2575306730196368,0.005119160162120244,0.29265455946062013,6,0,150,600.0,0.29646036018535465,0.25655490329414865,0.0038058007247345088,0.29265455946062013,6,0,150,600.0,0.29646036018535465,0.25655490329414865,0.0038058007247345088,0.29265455946062013,6,0,150,600.0,0.29646036018535465,0.25655490329414865,0.0038058007247345088,0.29265455946062013,6,0,150,600.0,0.29646036018535465,0.25655490329414865,0.0038058007247345088,0.29265455946062013,6,0,150,600.0,0.29646036018535465,0.25655490329414865,0.0038058007247345088,0.29265455946062013,6,0,150,600.0,0.29646036018535465,0.25655490329414865,0.0038058007247345088,0.29265455946062013,6,0,150,600.0,0.29646036018535465,0.25655490329414865,0.0038058007247345088,0.29265455946062013,6,0,150,600.0,0.29646036018535465,0.25655490329414865,0.0038058007247345088,0.29265455946062013,6,0,150,600.0,0.29646036018535465,0.25655490329414865,0.0038058007247345088,0.29265455946062013,6,0,150,600.0,0.29646036018535465,0.25655490329414865,0.0038058007247345088,0.29265455946062013,6,0,150,600.0,0.29646036018535465,0.25655490329414865,0.0038058007247345088,0.29265455946062013,6,0,150,600.0,0.29646036018535465,0.25655490329414865,0.0038058007247345088,0.29265455946062013,6,0,150,600.0,0.29646036018535465,0.25655490329414865,0.0038058007247345088,0.29265455946062013,6,0,150,600.0,0.29646036018535465,0.25655490329414865,0.0038058007247345088,0.29265455946062013,6,0,150,600.0,0.29646036018535465,0.25655490329414865,0.0038058007247345088,0.29265455946062013,6,0,150,600.0,0.29646036018535465,0.25655490329414865,0.0038058007247345088,0.29265455946062013,6,0,150,600.0,0.29646036018535465,0.25655490329414865,0.0038058007247345088,0.29265455946062013,6,0,150,600.0,0.29646036018535465,0.25655490329414865,0.0038058007247345088,0.29265455946062013,6,0,150,600.0,0.29646036018535465,0.25655490329414865,0.0038058007247345088,0.29265455946062013,6,0,150,600.0,0.29646036018535465,0.25655490329414865,0.0038058007247345088,0.29265455946062013,6,0,150,600.0,0.29646036018535465,0.25655490329414865,0.0038058007247345088,0.29265455946062013,6,0,150,600.0,0.29646036018535465,0.25655490329414865,0.0038058007247345088,0.29265455946062013,6,0,150,600.0,0.29646036018535465,0.25655490329414865,0.0038058007247345088,0.29265455946062013,6,0,150,600.0,0.29646036018535465,0.25655490329414865,0.0038058007247345088,0.29265455946062013,6,0,150,600.0,0.29646036018535465,0.25655490329414865,0.0038058007247345088,0.29265455946062013,6,0,150,600.0,0.29646036018535465,0.25655490329414865,0.0038058007247345088,0.29265455946062013,6,0,150,600.0,0.29646036018535465,0.25655490329414865,0.0038058007247345088,0.29265455946062013,6,0,150,600.0,0.29646036018535465,0.25655490329414865,0.0038058007247345088,0.29265455946062013
qec9xz_n17,qec,QASMBench 357b942,17,32,12,6,3,12,11,SC5|p=0.001|r=30|rho=10,realistic,SC5,5,25,0.001,30.0,10,1,0.0031526304869580694,0.0,0.005366132781095331,2.868275147901941e-05,OPTIMAL/OPTIMAL,18.34,5,OPTIMAL,1.19,0.04457037445185237,0.001,0.0,0.0,0.0,6,0,150,60.0,0.04817218943034822,0.04703031835732164,0.018915782921748416,0.0292564065085998,3,2,125,50.0,0.04457049578023137,0.043591825023459034,0.02019015702306487,0.024380338757166498,3,2,125,50.0,0.04457049578023137,0.043591825023459034,0.02019015702306487,0.024380338757166498,0,8,200,80.0,0.08193760426022904,0.0786705560648599,0.042929062248762646,0.0390085420114664,4,2,150,60.0,0.05259919401862274,0.05123979494944223,0.023342787510022937,0.0292564065085998,6,0,150,60.0,0.04817218943034822,0.04703031835732164,0.018915782921748416,0.0292564065085998,6,0,150,60.0,0.04817218943034822,0.04703031835732164,0.018915782921748416,0.0292564065085998,6,0,150,60.0,0.04817218943034822,0.04703031835732164,0.018915782921748416,0.0292564065085998,6,0,150,60.0,0.04817218943034822,0.04703031835732164,0.018915782921748416,0.0292564065085998,6,0,150,60.0,0.04817218943034822,0.04703031835732164,0.018915782921748416,0.0292564065085998,6,0,150,60.0,0.04817218943034822,0.04703031835732164,0.018915782921748416,0.0292564065085998,6,0,150,60.0,0.04817218943034822,0.04703031835732164,0.018915782921748416,0.0292564065085998,6,0,150,60.0,0.04817218943034822,0.04703031835732164,0.018915782921748416,0.0292564065085998,6,0,150,60.0,0.04817218943034822,0.04703031835732164,0.018915782921748416,0.0292564065085998,6,0,150,60.0,0.04817218943034822,0.04703031835732164,0.018915782921748416,0.0292564065085998,6,0,150,60.0,0.04817218943034822,0.04703031835732164,0.018915782921748416,0.0292564065085998,6,0,150,60.0,0.04817218943034822,0.04703031835732164,0.018915782921748416,0.0292564065085998,6,0,150,60.0,0.04817218943034822,0.04703031835732164,0.018915782921748416,0.0292564065085998,6,0,150,60.0,0.04817218943034822,0.04703031835732164,0.018915782921748416,0.0292564065085998,6,0,150,60.0,0.04817218943034822,0.04703031835732164,0.018915782921748416,0.0292564065085998,6,0,150,60.0,0.04817218943034822,0.04703031835732164,0.018915782921748416,0.0292564065085998,6,0,150,60.0,0.04817218943034822,0.04703031835732164,0.018915782921748416,0.0292564065085998,6,0,150,60.0,0.04817218943034822,0.04703031835732164,0.018915782921748416,0.0292564065085998,6,0,150,60.0,0.04817218943034822,0.04703031835732164,0.018915782921748416,0.0292564065085998,6,0,150,60.0,0.04817218943034822,0.04703031835732164,0.018915782921748416,0.0292564065085998,6,0,150,60.0,0.04817218943034822,0.04703031835732164,0.018915782921748416,0.0292564065085998,6,0,150,60.0,0.04817218943034822,0.04703031835732164,0.018915782921748416,0.0292564065085998,6,0,150,60.0,0.04817218943034822,0.04703031835732164,0.018915782921748416,0.0292564065085998,6,0,150,60.0,0.04817218943034822,0.04703031835732164,0.018915782921748416,0.0292564065085998,6,0,150,60.0,0.04817218943034822,0.04703031835732164,0.018915782921748416,0.0292564065085998,6,0,150,60.0,0.04817218943034822,0.04703031835732164,0.018915782921748416,0.0292564065085998,6,0,150,60.0,0.04817218943034822,0.04703031835732164,0.018915782921748416,0.0292564065085998,6,0,150,60.0,0.04817218943034822,0.04703031835732164,0.018915782921748416,0.0292564065085998
qec9xz_n17,qec,QASMBench 357b942,17,32,12,6,3,12,11,SC5|p=0.001|r=30|rho=100,realistic,SC5,5,25,0.001,30.0,100,1,0.0031526304869580694,0.0,0.005366132781095331,2.868275147901941e-05,OPTIMAL/OPTIMAL,18.26,5,OPTIMAL,1.62,0.2639923487907576,0.001,0.0,0.0,0.0,6,0,150,600.0,0.31147984800774636,0.26763763108255156,0.018915782921748416,0.29256406508599797,3,2,125,500.0,0.26399354459472985,0.23202150274685696,0.02019015702306487,0.24380338757166498,3,2,125,500.0,0.26399354459472985,0.23202150274685696,0.02019015702306487,0.24380338757166498,0,8,200,800.0,0.4330144823634266,0.3514489008157565,0.042929062248762646,0.39008542011466396,4,2,150,600.0,0.3159068525960209,0.2708726366743286,0.023342787510022937,0.29256406508599797,6,0,150,600.0,0.31147984800774636,0.26763763108255156,0.018915782921748416,0.29256406508599797,6,0,150,600.0,0.31147984800774636,0.26763763108255156,0.018915782921748416,0.29256406508599797,6,0,150,600.0,0.31147984800774636,0.26763763108255156,0.018915782921748416,0.29256406508599797,6,0,150,600.0,0.31147984800774636,0.26763763108255156,0.018915782921748416,0.29256406508599797,6,0,150,600.0,0.31147984800774636,0.26763763108255156,0.018915782921748416,0.29256406508599797,6,0,150,600.0,0.31147984800774636,0.26763763108255156,0.018915782921748416,0.29256406508599797,6,0,150,600.0,0.31147984800774636,0.26763763108255156,0.018915782921748416,0.29256406508599797,6,0,150,600.0,0.31147984800774636,0.26763763108255156,0.018915782921748416,0.29256406508599797,6,0,150,600.0,0.31147984800774636,0.26763763108255156,0.018915782921748416,0.29256406508599797,6,0,150,600.0,0.31147984800774636,0.26763763108255156,0.018915782921748416,0.29256406508599797,6,0,150,600.0,0.31147984800774636,0.26763763108255156,0.018915782921748416,0.29256406508599797,6,0,150,600.0,0.31147984800774636,0.26763763108255156,0.018915782921748416,0.29256406508599797,6,0,150,600.0,0.31147984800774636,0.26763763108255156,0.018915782921748416,0.29256406508599797,6,0,150,600.0,0.31147984800774636,0.26763763108255156,0.018915782921748416,0.29256406508599797,6,0,150,600.0,0.31147984800774636,0.26763763108255156,0.018915782921748416,0.29256406508599797,6,0,150,600.0,0.31147984800774636,0.26763763108255156,0.018915782921748416,0.29256406508599797,6,0,150,600.0,0.31147984800774636,0.26763763108255156,0.018915782921748416,0.29256406508599797,6,0,150,600.0,0.31147984800774636,0.26763763108255156,0.018915782921748416,0.29256406508599797,6,0,150,600.0,0.31147984800774636,0.26763763108255156,0.018915782921748416,0.29256406508599797,6,0,150,600.0,0.31147984800774636,0.26763763108255156,0.018915782921748416,0.29256406508599797,6,0,150,600.0,0.31147984800774636,0.26763763108255156,0.018915782921748416,0.29256406508599797,6,0,150,600.0,0.31147984800774636,0.26763763108255156,0.018915782921748416,0.29256406508599797,6,0,150,600.0,0.31147984800774636,0.26763763108255156,0.018915782921748416,0.29256406508599797,6,0,150,600.0,0.31147984800774636,0.26763763108255156,0.018915782921748416,0.29256406508599797,6,0,150,600.0,0.31147984800774636,0.26763763108255156,0.018915782921748416,0.29256406508599797,6,0,150,600.0,0.31147984800774636,0.26763763108255156,0.018915782921748416,0.29256406508599797,6,0,150,600.0,0.31147984800774636,0.26763763108255156,0.018915782921748416,0.29256406508599797,6,0,150,600.0,0.31147984800774636,0.26763763108255156,0.018915782921748416,0.29256406508599797
qec9xz_n17,qec,QASMBench 357b942,17,32,12,6,3,12,11,SC5|p=0.002|r=10|rho=10,realistic,SC5,5,25,0.002,10.0,10,1,0.0032480946242971235,0.0,0.0089771927017271,0.0002379015985281741,OPTIMAL/OPTIMAL,17.68,5,OPTIMAL,1.25,0.22991486432954736,0.001,0.0,0.0,0.0,6,0,150,60.0,0.2621481982445203,0.23060300802541664,0.01948856774578274,0.24265963049873757,3,2,125,50.0,0.22991502802529354,0.20539888153904914,0.02769866927634557,0.20221635874894797,3,2,125,50.0,0.22991502802529354,0.20539888153904914,0.02769866927634557,0.20221635874894797,0,8,200,80.0,0.39536371561213357,0.32656494414414683,0.0718175416138168,0.32354617399831676,4,2,150,60.0,0.2736063943993803,0.23936859487087264,0.030946763900642695,0.24265963049873757,6,0,150,60.0,0.2621481982445203,0.23060300802541664,0.01948856774578274,0.24265963049873757,6,0,150,60.0,0.2621481982445203,0.23060300802541664,0.01948856774578274,0.24265963049873757,6,0,150,60.0,0.2621481982445203,0.23060300802541664,0.01948856774578274,0.24265963049873757,6,0,150,60.0,0.2621481982445203,0.23060300802541664,0.01948856774578274,0.24265963049873757,6,0,150,60.0,0.2621481982445203,0.23060300802541664,0.01948856774578274,0.24265963049873757,6,0,150,60.0,0.2621481982445203,0.23060300802541664,0.01948856774578274,0.24265963049873757,6,0,150,60.0,0.2621481982445203,0.23060300802541664,0.01948856774578274,0.24265963049873757,6,0,150,60.0,0.2621481982445203,0.23060300802541664,0.01948856774578274,0.24265963049873757,6,0,150,60.0,0.2621481982445203,0.23060300802541664,0.01948856774578274,0.24265963049873757,6,0,150,60.0,0.2621481982445203,0.23060300802541664,0.01948856774578274,0.24265963049873757,6,0,150,60.0,0.2621481982445203,0.23060300802541664,0.01948856774578274,0.24265963049873757,6,0,150,60.0,0.2621481982445203,0.23060300802541664,0.01948856774578274,0.24265963049873757,6,0,150,60.0,0.2621481982445203,0.23060300802541664,0.01948856774578274,0.24265963049873757,6,0,150,60.0,0.2621481982445203,0.23060300802541664,0.01948856774578274,0.24265963049873757,6,0,150,60.0,0.2621481982445203,0.23060300802541664,0.01948856774578274,0.24265963049873757,6,0,150,60.0,0.2621481982445203,0.23060300802541664,0.01948856774578274,0.24265963049873757,6,0,150,60.0,0.2621481982445203,0.23060300802541664,0.01948856774578274,0.24265963049873757,6,0,150,60.0,0.2621481982445203,0.23060300802541664,0.01948856774578274,0.24265963049873757,6,0,150,60.0,0.2621481982445203,0.23060300802541664,0.01948856774578274,0.24265963049873757,6,0,150,60.0,0.2621481982445203,0.23060300802541664,0.01948856774578274,0.24265963049873757,6,0,150,60.0,0.2621481982445203,0.23060300802541664,0.01948856774578274,0.24265963049873757,6,0,150,60.0,0.2621481982445203,0.23060300802541664,0.01948856774578274,0.24265963049873757,6,0,150,60.0,0.2621481982445203,0.23060300802541664,0.01948856774578274,0.24265963049873757,6,0,150,60.0,0.2621481982445203,0.23060300802541664,0.01948856774578274,0.24265963049873757,6,0,150,60.0,0.2621481982445203,0.23060300802541664,0.01948856774578274,0.24265963049873757,6,0,150,60.0,0.2621481982445203,0.23060300802541664,0.01948856774578274,0.24265963049873757,6,0,150,60.0,0.2621481982445203,0.23060300802541664,0.01948856774578274,0.24265963049873757,6,0,150,60.0,0.2621481982445203,0.23060300802541664,0.01948856774578274,0.24265963049873757
qec9xz_n17,qec,QASMBench 357b942,17,32,12,6,3,12,11,SC5|p=0.002|r=10|rho=100,realistic,SC5,5,25,0.002,10.0,100,1,0.0032480946242971235,0.0,0.0089771927017271,0.0002379015985281741,OPTIMAL/OPTIMAL,18.6,5,OPTIMAL,0.56,2.0498606918910474,0.001,0.0,0.0,0.0,6,0,150,600.0,2.4460848727331586,0.9133679008996146,0.01948856774578274,2.4265963049873758,3,2,125,500.0,2.049862256765825,0.8712473628289119,0.02769866927634557,2.0221635874894797,3,2,125,500.0,2.049862256765825,0.8712473628289119,0.02769866927634557,2.0221635874894797,0,8,200,800.0,3.3072792815969843,0.9633843407456725,0.0718175416138168,3.2354617399831676,4,2,150,600.0,2.4575430688880187,0.9143548831677929,0.030946763900642695,2.4265963049873758,6,0,150,600.0,2.4460848727331586,0.9133679008996146,0.01948856774578274,2.4265963049873758,6,0,150,600.0,2.4460848727331586,0.9133679008996146,0.01948856774578274,2.4265963049873758,6,0,150,600.0,2.4460848727331586,0.9133679008996146,0.01948856774578274,2.4265963049873758,6,0,150,600.0,2.4460848727331586,0.9133679008996146,0.01948856774578274,2.4265963049873758,6,0,150,600.0,2.4460848727331586,0.9133679008996146,0.01948856774578274,2.4265963049873758,6,0,150,600.0,2.4460848727331586,0.9133679008996146,0.01948856774578274,2.4265963049873758,6,0,150,600.0,2.4460848727331586,0.9133679008996146,0.01948856774578274,2.4265963049873758,6,0,150,600.0,2.4460848727331586,0.9133679008996146,0.01948856774578274,2.4265963049873758,6,0,150,600.0,2.4460848727331586,0.9133679008996146,0.01948856774578274,2.4265963049873758,6,0,150,600.0,2.4460848727331586,0.9133679008996146,0.01948856774578274,2.4265963049873758,6,0,150,600.0,2.4460848727331586,0.9133679008996146,0.01948856774578274,2.4265963049873758,6,0,150,600.0,2.4460848727331586,0.9133679008996146,0.01948856774578274,2.4265963049873758,6,0,150,600.0,2.4460848727331586,0.9133679008996146,0.01948856774578274,2.4265963049873758,6,0,150,600.0,2.4460848727331586,0.9133679008996146,0.01948856774578274,2.4265963049873758,6,0,150,600.0,2.4460848727331586,0.9133679008996146,0.01948856774578274,2.4265963049873758,6,0,150,600.0,2.4460848727331586,0.9133679008996146,0.01948856774578274,2.4265963049873758,6,0,150,600.0,2.4460848727331586,0.9133679008996146,0.01948856774578274,2.4265963049873758,6,0,150,600.0,2.4460848727331586,0.9133679008996146,0.01948856774578274,2.4265963049873758,6,0,150,600.0,2.4460848727331586,0.9133679008996146,0.01948856774578274,2.4265963049873758,6,0,150,600.0,2.4460848727331586,0.9133679008996146,0.01948856774578274,2.4265963049873758,6,0,150,600.0,2.4460848727331586,0.9133679008996146,0.01948856774578274,2.4265963049873758,6,0,150,600.0,2.4460848727331586,0.9133679008996146,0.01948856774578274,2.4265963049873758,6,0,150,600.0,2.4460848727331586,0.9133679008996146,0.01948856774578274,2.4265963049873758,6,0,150,600.0,2.4460848727331586,0.9133679008996146,0.01948856774578274,2.4265963049873758,6,0,150,600.0,2.4460848727331586,0.9133679008996146,0.01948856774578274,2.4265963049873758,6,0,150,600.0,2.4460848727331586,0.9133679008996146,0.01948856774578274,2.4265963049873758,6,0,150,600.0,2.4460848727331586,0.9133679008996146,0.01948856774578274,2.4265963049873758,6,0,150,600.0,2.4460848727331586,0.9133679008996146,0.01948856774578274,2.4265963049873758
qec9xz_n17,qec,QASMBench 357b942,17,32,12,6,3,12,11,SC5|p=0.002|r=30|rho=10,realistic,SC5,5,25,0.002,30.0,10,1,0.017467932906043773,0.0,0.031064157235436735,0.0001993039102874015,OPTIMAL/OPTIMAL,17.8,5,OPTIMAL,1.33,0.28394050025927664,0.001,0.0,0.0,0.0,6,0,150,60.0,0.30809758592941217,0.26515639588608797,0.10480759743626264,0.20328998849314955,3,2,125,50.0,0.28394043693329607,0.24718851686858884,0.11453211318900479,0.1694083237442913,3,2,125,50.0,0.28394043693329607,0.24718851686858884,0.11453211318900479,0.1694083237442913,0,8,200,80.0,0.51956657587436,0.40522171663079143,0.24851325788349388,0.27105331799086607,4,2,150,60.0,0.3352900345881981,0.28486935635050414,0.13200004609504856,0.20328998849314955,6,0,150,60.0,0.30809758592941217,0.26515639588608797,0.10480759743626264,0.20328998849314955,6,0,150,60.0,0.30809758592941217,0.26515639588608797,0.10480759743626264,0.20328998849314955,6,0,150,60.0,0.30809758592941217,0.26515639588608797,0.10480759743626264,0.20328998849314955,6,0,150,60.0,0.30809758592941217,0.26515639588608797,0.10480759743626264,0.20328998849314955,6,0,150,60.0,0.30809758592941217,0.26515639588608797,0.10480759743626264,0.20328998849314955,6,0,150,60.0,0.30809758592941217,0.26515639588608797,0.10480759743626264,0.20328998849314955,6,0,150,60.0,0.30809758592941217,0.26515639588608797,0.10480759743626264,0.20328998849314955,6,0,150,60.0,0.30809758592941217,0.26515639588608797,0.10480759743626264,0.20328998849314955,6,0,150,60.0,0.30809758592941217,0.26515639588608797,0.10480759743626264,0.20328998849314955,6,0,150,60.0,0.30809758592941217,0.26515639588608797,0.10480759743626264,0.20328998849314955,6,0,150,60.0,0.30809758592941217,0.26515639588608797,0.10480759743626264,0.20328998849314955,6,0,150,60.0,0.30809758592941217,0.26515639588608797,0.10480759743626264,0.20328998849314955,6,0,150,60.0,0.30809758592941217,0.26515639588608797,0.10480759743626264,0.20328998849314955,6,0,150,60.0,0.30809758592941217,0.26515639588608797,0.10480759743626264,0.20328998849314955,6,0,150,60.0,0.30809758592941217,0.26515639588608797,0.10480759743626264,0.20328998849314955,6,0,150,60.0,0.30809758592941217,0.26515639588608797,0.10480759743626264,0.20328998849314955,6,0,150,60.0,0.30809758592941217,0.26515639588608797,0.10480759743626264,0.20328998849314955,6,0,150,60.0,0.30809758592941217,0.26515639588608797,0.10480759743626264,0.20328998849314955,6,0,150,60.0,0.30809758592941217,0.26515639588608797,0.10480759743626264,0.20328998849314955,6,0,150,60.0,0.30809758592941217,0.26515639588608797,0.10480759743626264,0.20328998849314955,6,0,150,60.0,0.30809758592941217,0.26515639588608797,0.10480759743626264,0.20328998849314955,6,0,150,60.0,0.30809758592941217,0.26515639588608797,0.10480759743626264,0.20328998849314955,6,0,150,60.0,0.30809758592941217,0.26515639588608797,0.10480759743626264,0.20328998849314955,6,0,150,60.0,0.30809758592941217,0.26515639588608797,0.10480759743626264,0.20328998849314955,6,0,150,60.0,0.30809758592941217,0.26515639588608797,0.10480759743626264,0.20328998849314955,6,0,150,60.0,0.30809758592941217,0.26515639588608797,0.10480759743626264,0.20328998849314955,6,0,150,60.0,0.30809758592941217,0.26515639588608797,0.10480759743626264,0.20328998849314955,6,0,150,60.0,0.30809758592941217,0.26515639588608797,0.10480759743626264,0.20328998849314955
qec9xz_n17,qec,QASMBench 357b942,17,32,12,6,3,12,11,SC5|p=0.002|r=30|rho=100,realistic,SC5,5,25,0.002,30.0,100,1,0.017467932906043773,0.0,0.031064157235436735,0.0001993039102874015,OPTIMAL/OPTIMAL,18.25,5,OPTIMAL,1.57,1.8086159336103647,0.001,0.0,0.0,0.0,6,0,150,600.0,2.1377074823677584,0.8820751217640972,0.10480759743626264,2.0328998849314956,3,2,125,500.0,1.8086153506319176,0.8361191026444897,0.11453211318900479,1.694083237442913,3,2,125,500.0,1.8086153506319176,0.8361191026444897,0.11453211318900479,1.694083237442913,0,8,200,800.0,2.9590464377921544,0.9481316466997413,0.24851325788349388,2.7105331799086607,4,2,150,600.0,2.164899931026544,0.8852385819200014,0.13200004609504856,2.0328998849314956,6,0,150,600.0,2.1377074823677584,0.8820751217640972,0.10480759743626264,2.0328998849314956,6,0,150,600.0,2.1377074823677584,0.8820751217640972,0.10480759743626264,2.0328998849314956,6,0,150,600.0,2.1377074823677584,0.8820751217640972,0.10480759743626264,2.0328998849314956,6,0,150,600.0,2.1377074823677584,0.8820751217640972,0.10480759743626264,2.0328998849314956,6,0,150,600.0,2.1377074823677584,0.8820751217640972,0.10480759743626264,2.0328998849314956,6,0,150,600.0,2.1377074823677584,0.8820751217640972,0.10480759743626264,2.0328998849314956,6,0,150,600.0,2.1377074823677584,0.8820751217640972,0.10480759743626264,2.0328998849314956,6,0,150,600.0,2.1377074823677584,0.8820751217640972,0.10480759743626264,2.0328998849314956,6,0,150,600.0,2.1377074823677584,0.8820751217640972,0.10480759743626264,2.0328998849314956,6,0,150,600.0,2.1377074823677584,0.8820751217640972,0.10480759743626264,2.0328998849314956,6,0,150,600.0,2.1377074823677584,0.8820751217640972,0.10480759743626264,2.0328998849314956,6,0,150,600.0,2.1377074823677584,0.8820751217640972,0.10480759743626264,2.0328998849314956,6,0,150,600.0,2.1377074823677584,0.8820751217640972,0.10480759743626264,2.0328998849314956,6,0,150,600.0,2.1377074823677584,0.8820751217640972,0.10480759743626264,2.0328998849314956,6,0,150,600.0,2.1377074823677584,0.8820751217640972,0.10480759743626264,2.0328998849314956,6,0,150,600.0,2.1377074823677584,0.8820751217640972,0.10480759743626264,2.0328998849314956,6,0,150,600.0,2.1377074823677584,0.8820751217640972,0.10480759743626264,2.0328998849314956,6,0,150,600.0,2.1377074823677584,0.8820751217640972,0.10480759743626264,2.0328998849314956,6,0,150,600.0,2.1377074823677584,0.8820751217640972,0.10480759743626264,2.0328998849314956,6,0,150,600.0,2.1377074823677584,0.8820751217640972,0.10480759743626264,2.0328998849314956,6,0,150,600.0,2.1377074823677584,0.8820751217640972,0.10480759743626264,2.0328998849314956,6,0,150,600.0,2.1377074823677584,0.8820751217640972,0.10480759743626264,2.0328998849314956,6,0,150,600.0,2.1377074823677584,0.8820751217640972,0.10480759743626264,2.0328998849314956,6,0,150,600.0,2.1377074823677584,0.8820751217640972,0.10480759743626264,2.0328998849314956,6,0,150,600.0,2.1377074823677584,0.8820751217640972,0.10480759743626264,2.0328998849314956,6,0,150,600.0,2.1377074823677584,0.8820751217640972,0.10480759743626264,2.0328998849314956,6,0,150,600.0,2.1377074823677584,0.8820751217640972,0.10480759743626264,2.0328998849314956,6,0,150,600.0,2.1377074823677584,0.8820751217640972,0.10480759743626264,2.0328998849314956
qec9xz_n17,qec,QASMBench 357b942,17,32,12,6,3,12,11,SC7|p=0.001|r=10|rho=10,realistic,SC7,7,49,0.001,10.0,10,0,0.00013916666666666662,0.00010250000000000045,0.00027916666666666584,1.805555555555555e-06,OPTIMAL/OPTIMAL,18.82,5,OPTIMAL,0.2,0.005341662025000008,0.001,0.04411764705882353,0.14705882352941177,0.09375,6,0,294,60.0,0.005341666666666678,0.005327425334045287,0.0035000000000000113,0.0018416666666666664,3,2,245,50.0,0.0054830555555555665,0.005468051042494954,0.0039483333333333445,0.0015347222222222218,6,0,294,60.0,0.005341666666666678,0.005327425334045287,0.0035000000000000113,0.0018416666666666664,0,8,392,80.0,0.007968888888888895,0.007937221467711676,0.0055133333333333406,0.002455555555555555,4,2,294,60.0,0.005826666666666676,0.005809724565740517,0.00398500000000001,0.0018416666666666664,6,0,294,60.0,0.005341666666666678,0.005327425334045287,0.0035000000000000113,0.0018416666666666664,6,0,294,60.0,0.005341666666666678,0.005327425334045287,0.0035000000000000113,0.0018416666666666664,6,0,294,60.0,0.005341666666666678,0.005327425334045287,0.0035000000000000113,0.0018416666666666664,6,0,294,60.0,0.005341666666666678,0.005327425334045287,0.0035000000000000113,0.0018416666666666664,6,0,294,60.0,0.005341666666666678,0.005327425334045287,0.0035000000000000113,0.0018416666666666664,6,0,294,60.0,0.005341666666666678,0.005327425334045287,0.0035000000000000113,0.0018416666666666664,6,0,294,60.0,0.005341666666666678,0.005327425334045287,0.0035000000000000113,0.0018416666666666664,6,0,294,60.0,0.005341666666666678,0.005327425334045287,0.0035000000000000113,0.0018416666666666664,6,0,294,60.0,0.005341666666666678,0.005327425334045287,0.0035000000000000113,0.0018416666666666664,6,0,294,60.0,0.005341666666666678,0.005327425334045287,0.0035000000000000113,0.0018416666666666664,6,0,294,60.0,0.005341666666666678,0.005327425334045287,0.0035000000000000113,0.0018416666666666664,6,0,294,60.0,0.005341666666666678,0.005327425334045287,0.0035000000000000113,0.0018416666666666664,6,0,294,60.0,0.005341666666666678,0.005327425334045287,0.0035000000000000113,0.0018416666666666664,6,0,294,60.0,0.005341666666666678,0.005327425334045287,0.0035000000000000113,0.0018416666666666664,6,0,294,60.0,0.005341666666666678,0.005327425334045287,0.0035000000000000113,0.0018416666666666664,6,0,294,60.0,0.005341666666666678,0.005327425334045287,0.0035000000000000113,0.0018416666666666664,6,0,294,60.0,0.005341666666666678,0.005327425334045287,0.0035000000000000113,0.0018416666666666664,6,0,294,60.0,0.005341666666666678,0.005327425334045287,0.0035000000000000113,0.0018416666666666664,6,0,294,60.0,0.005341666666666678,0.005327425334045287,0.0035000000000000113,0.0018416666666666664,6,0,294,60.0,0.005341666666666678,0.005327425334045287,0.0035000000000000113,0.0018416666666666664,6,0,294,60.0,0.005341666666666678,0.005327425334045287,0.0035000000000000113,0.0018416666666666664,6,0,294,60.0,0.005341666666666678,0.005327425334045287,0.0035000000000000113,0.0018416666666666664,6,0,294,60.0,0.005341666666666678,0.005327425334045287,0.0035000000000000113,0.0018416666666666664,6,0,294,60.0,0.005341666666666678,0.005327425334045287,0.0035000000000000113,0.0018416666666666664,6,0,294,60.0,0.005341666666666678,0.005327425334045287,0.0035000000000000113,0.0018416666666666664,6,0,294,60.0,0.005341666666666678,0.005327425334045287,0.0035000000000000113,0.0018416666666666664,6,0,294,60.0,0.005341666666666678,0.005327425334045287,0.0035000000000000113,0.0018416666666666664,6,0,294,60.0,0.005341666666666678,0.005327425334045287,0.0035000000000000113,0.0018416666666666664
qec9xz_n17,qec,QASMBench 357b942,17,32,12,6,3,12,11,SC7|p=0.001|r=10|rho=100,realistic,SC7,7,49,0.001,10.0,100,0,0.00013916666666666662,0.00010250000000000045,0.00027916666666666584,1.805555555555555e-06,OPTIMAL/OPTIMAL,18.2,5,OPTIMAL,0.84,0.019295520595833303,0.001,0.0,0.0,0.0,6,0,294,600.0,0.02191666666666667,0.021678241532440523,0.0035000000000000113,0.01841666666666666,3,2,245,500.0,0.019295555555555562,0.01911058791840016,0.0039483333333333445,0.015347222222222219,3,2,245,500.0,0.019295555555555562,0.01911058791840016,0.0039483333333333445,0.015347222222222219,0,8,392,800.0,0.030068888888888888,0.02962131706336654,0.0055133333333333406,0.02455555555555555,4,2,294,600.0,0.02240166666666667,0.022152612541029043,0.00398500000000001,0.01841666666666666,6,0,294,600.0,0.02191666666666667,0.021678241532440523,0.0035000000000000113,0.01841666666666666,6,0,294,600.0,0.02191666666666667,0.021678241532440523,0.0035000000000000113,0.01841666666666666,6,0,294,600.0,0.02191666666666667,0.021678241532440523,0.0035000000000000113,0.01841666666666666,6,0,294,600.0,0.02191666666666667,0.021678241532440523,0.0035000000000000113,0.01841666666666666,6,0,294,600.0,0.02191666666666667,0.021678241532440523,0.0035000000000000113,0.01841666666666666,6,0,294,600.0,0.02191666666666667,0.021678241532440523,0.0035000000000000113,0.01841666666666666,6,0,294,600.0,0.02191666666666667,0.021678241532440523,0.0035000000000000113,0.01841666666666666,6,0,294,600.0,0.02191666666666667,0.021678241532440523,0.0035000000000000113,0.01841666666666666,6,0,294,600.0,0.02191666666666667,0.021678241532440523,0.0035000000000000113,0.01841666666666666,6,0,294,600.0,0.02191666666666667,0.021678241532440523,0.0035000000000000113,0.01841666666666666,6,0,294,600.0,0.02191666666666667,0.021678241532440523,0.0035000000000000113,0.01841666666666666,6,0,294,600.0,0.02191666666666667,0.021678241532440523,0.0035000000000000113,0.01841666666666666,6,0,294,600.0,0.02191666666666667,0.021678241532440523,0.0035000000000000113,0.01841666666666666,6,0,294,600.0,0.02191666666666667,0.021678241532440523,0.0035000000000000113,0.01841666666666666,6,0,294,600.0,0.02191666666666667,0.021678241532440523,0.0035000000000000113,0.01841666666666666,6,0,294,600.0,0.02191666666666667,0.021678241532440523,0.0035000000000000113,0.01841666666666666,6,0,294,600.0,0.02191666666666667,0.021678241532440523,0.0035000000000000113,0.01841666666666666,6,0,294,600.0,0.02191666666666667,0.021678241532440523,0.0035000000000000113,0.01841666666666666,6,0,294,600.0,0.02191666666666667,0.021678241532440523,0.0035000000000000113,0.01841666666666666,6,0,294,600.0,0.02191666666666667,0.021678241532440523,0.0035000000000000113,0.01841666666666666,6,0,294,600.0,0.02191666666666667,0.021678241532440523,0.0035000000000000113,0.01841666666666666,6,0,294,600.0,0.02191666666666667,0.021678241532440523,0.0035000000000000113,0.01841666666666666,6,0,294,600.0,0.02191666666666667,0.021678241532440523,0.0035000000000000113,0.01841666666666666,6,0,294,600.0,0.02191666666666667,0.021678241532440523,0.0035000000000000113,0.01841666666666666,6,0,294,600.0,0.02191666666666667,0.021678241532440523,0.0035000000000000113,0.01841666666666666,6,0,294,600.0,0.02191666666666667,0.021678241532440523,0.0035000000000000113,0.01841666666666666,6,0,294,600.0,0.02191666666666667,0.021678241532440523,0.0035000000000000113,0.01841666666666666,6,0,294,600.0,0.02191666666666667,0.021678241532440523,0.0035000000000000113,0.01841666666666666
qft_n29,qft,QASMBench (via DQC-NAC examples),29,812,110,420,4,19,18,SC5|p=0.001|r=10|rho=10,realistic,SC5,5,25,0.001,10.0,10,0,0.0003825200145869967,5.810310143125109e-05,0.0009810966318486132,2.8691623476531386e-05,FEASIBLE/FEASIBLE,70.21,44,FEASIBLE,30.09,0.3259189009338085,0.026,0.0,0.0,0.0,420,0,10500,4200.0,3.6780745613291117,0.9747284130888632,0.18343482188758903,3.4946397394415225,0,44,1100,440.0,0.45645308572405535,0.3664732698558063,0.09034797016351487,0.3661051155605405,0,44,1100,440.0,0.45645308572405535,0.3664732698558063,0.09034797016351487,0.3661051155605405,0,44,1100,440.0,0.45645308572405535,0.3664732698558063,0.09034797016351487,0.3661051155605405,0,44,1100,440.0,0.45645308572405535,0.3664732698558063,0.09034797016351487,0.3661051155605405,41,40,2025,810.0,0.7736909125392282,0.5386927225295514,0.09972467707550597,0.6739662354637223,41,40,2025,810.0,0.7736909125392282,0.5386927225295514,0.09972467707550597,0.6739662354637223,157,26,4575,1830.0,1.6462861440552123,0.807235519597413,0.1236216861556919,1.5226644578995205,157,26,4575,1830.0,1.6462861440552123,0.807235519597413,0.1236216861556919,1.5226644578995205,340,7,8675,3470.0,3.051587215701423,0.9527161848142319,0.16434914525806968,2.8872380704433533,340,7,8675,3470.0,3.051587215701423,0.9527161848142319,0.16434914525806968,2.8872380704433533,364,4,9200,3680.0,3.231161918693691,0.9604884371168576,0.16919186127826175,3.0619700574154294,364,4,9200,3680.0,3.231161918693691,0.9604884371168576,0.16919186127826175,3.0619700574154294,420,0,10500,4200.0,3.6780745613291117,0.9747284130888632,0.18343482188758903,3.4946397394415225,420,0,10500,4200.0,3.6780745613291117,0.9747284130888632,0.18343482188758903,3.4946397394415225,420,0,10500,4200.0,3.6780745613291117,0.9747284130888632,0.18343482188758903,3.4946397394415225,420,0,10500,4200.0,3.6780745613291117,0.9747284130888632,0.18343482188758903,3.4946397394415225,420,0,10500,4200.0,3.6780745613291117,0.9747284130888632,0.18343482188758903,3.4946397394415225,420,0,10500,4200.0,3.6780745613291117,0.9747284130888632,0.18343482188758903,3.4946397394415225,420,0,10500,4200.0,3.6780745613291117,0.9747284130888632,0.18343482188758903,3.4946397394415225,420,0,10500,4200.0,3.6780745613291117,0.9747284130888632,0.18343482188758903,3.4946397394415225,420,0,10500,4200.0,3.6780745613291117,0.9747284130888632,0.18343482188758903,3.4946397394415225,420,0,10500,4200.0,3.6780745613291117,0.9747284130888632,0.18343482188758903,3.4946397394415225,420,0,10500,4200.0,3.6780745613291117,0.9747284130888632,0.18343482188758903,3.4946397394415225,420,0,10500,4200.0,3.6780745613291117,0.9747284130888632,0.18343482188758903,3.4946397394415225,420,0,10500,4200.0,3.6780745613291117,0.9747284130888632,0.18343482188758903,3.4946397394415225,420,0,10500,4200.0,3.6780745613291117,0.9747284130888632,0.18343482188758903,3.4946397394415225,420,0,10500,4200.0,3.6780745613291117,0.9747284130888632,0.18343482188758903,3.4946397394415225,420,0,10500,4200.0,3.6780745613291117,0.9747284130888632,0.18343482188758903,3.4946397394415225,420,0,10500,4200.0,3.6780745613291117,0.9747284130888632,0.18343482188758903,3.4946397394415225,420,0,10500,4200.0,3.6780745613291117,0.9747284130888632,0.18343482188758903,3.4946397394415225,420,0,10500,4200.0,3.6780745613291117,0.9747284130888632,0.18343482188758903,3.4946397394415225,420,0,10500,4200.0,3.6780745613291117,0.9747284130888632,0.18343482188758903,3.4946397394415225
qft_n29,qft,QASMBench (via DQC-NAC examples),29,812,110,420,4,19,18,SC5|p=0.001|r=10|rho=100,realistic,SC5,5,25,0.001,10.0,100,0,0.0003825200145869967,5.810310143125109e-05,0.0009810966318486132,2.8691623476531386e-05,FEASIBLE/FEASIBLE,70.21,44,FEASIBLE,30.08,0.32624331819486857,0.026,0.0,0.0,0.0,420,0,10500,42000.0,35.129832216302816,0.9999999999999994,0.18343482188758903,34.94639739441523,0,44,1100,4400.0,3.7513991257689194,0.9765151354203605,0.09034797016351487,3.6610511556054046,0,44,1100,4400.0,3.7513991257689194,0.9765151354203605,0.09034797016351487,3.6610511556054046,0,44,1100,4400.0,3.7513991257689194,0.9765151354203605,0.09034797016351487,3.6610511556054046,0,44,1100,4400.0,3.7513991257689194,0.9765151354203605,0.09034797016351487,3.6610511556054046,41,40,2025,8100.0,6.839387031712729,0.9989292404598362,0.09972467707550597,6.739662354637223,41,40,2025,8100.0,6.839387031712729,0.9989292404598362,0.09972467707550597,6.739662354637223,157,26,4575,18300.0,15.350266265150898,0.9999997844916682,0.1236216861556919,15.226644578995206,157,26,4575,18300.0,15.350266265150898,0.9999997844916682,0.1236216861556919,15.226644578995206,340,7,8675,34700.0,29.0367298496916,0.9999999999997548,0.16434914525806968,28.87238070443353,340,7,8675,34700.0,29.0367298496916,0.9999999999997548,0.16434914525806968,28.87238070443353,364,4,9200,36800.0,30.788892435432555,0.9999999999999575,0.16919186127826175,30.619700574154294,364,4,9200,36800.0,30.788892435432555,0.9999999999999575,0.16919186127826175,30.619700574154294,420,0,10500,42000.0,35.129832216302816,0.9999999999999994,0.18343482188758903,34.94639739441523,420,0,10500,42000.0,35.129832216302816,0.9999999999999994,0.18343482188758903,34.94639739441523,420,0,10500,42000.0,35.129832216302816,0.9999999999999994,0.18343482188758903,34.94639739441523,420,0,10500,42000.0,35.129832216302816,0.9999999999999994,0.18343482188758903,34.94639739441523,420,0,10500,42000.0,35.129832216302816,0.9999999999999994,0.18343482188758903,34.94639739441523,420,0,10500,42000.0,35.129832216302816,0.9999999999999994,0.18343482188758903,34.94639739441523,420,0,10500,42000.0,35.129832216302816,0.9999999999999994,0.18343482188758903,34.94639739441523,420,0,10500,42000.0,35.129832216302816,0.9999999999999994,0.18343482188758903,34.94639739441523,420,0,10500,42000.0,35.129832216302816,0.9999999999999994,0.18343482188758903,34.94639739441523,420,0,10500,42000.0,35.129832216302816,0.9999999999999994,0.18343482188758903,34.94639739441523,420,0,10500,42000.0,35.129832216302816,0.9999999999999994,0.18343482188758903,34.94639739441523,420,0,10500,42000.0,35.129832216302816,0.9999999999999994,0.18343482188758903,34.94639739441523,420,0,10500,42000.0,35.129832216302816,0.9999999999999994,0.18343482188758903,34.94639739441523,420,0,10500,42000.0,35.129832216302816,0.9999999999999994,0.18343482188758903,34.94639739441523,420,0,10500,42000.0,35.129832216302816,0.9999999999999994,0.18343482188758903,34.94639739441523,420,0,10500,42000.0,35.129832216302816,0.9999999999999994,0.18343482188758903,34.94639739441523,420,0,10500,42000.0,35.129832216302816,0.9999999999999994,0.18343482188758903,34.94639739441523,420,0,10500,42000.0,35.129832216302816,0.9999999999999994,0.18343482188758903,34.94639739441523,420,0,10500,42000.0,35.129832216302816,0.9999999999999994,0.18343482188758903,34.94639739441523,420,0,10500,42000.0,35.129832216302816,0.9999999999999994,0.18343482188758903,34.94639739441523
qft_n29,qft,QASMBench (via DQC-NAC examples),29,812,110,420,4,19,18,SC5|p=0.001|r=30|rho=10,realistic,SC5,5,25,0.001,30.0,10,1,0.0031526304869580694,0.0,0.005366132781095331,2.868275147901941e-05,FEASIBLE/FEASIBLE,70.22,44,FEASIBLE,30.1,0.27865262354871007,0.026,0.0,0.0,0.0,420,0,10500,4200.0,4.817663934666953,0.9919143462909256,1.324104804522389,3.4935591301445643,0,44,1100,440.0,0.6021017512404823,0.45234061814287946,0.23610984236819454,0.36599190887228766,0,44,1100,440.0,0.6021017512404823,0.45234061814287946,0.23610984236819454,0.36599190887228766,0,44,1100,440.0,0.6021017512404823,0.45234061814287946,0.23610984236819454,0.36599190887228766,0,44,1100,440.0,0.6021017512404823,0.45234061814287946,0.23610984236819454,0.36599190887228766,41,40,2025,810.0,1.01766099345126,0.6385606387321613,0.34390316120909403,0.6737578322421659,41,40,2025,810.0,1.01766099345126,0.6385606387321613,0.34390316120909403,0.6737578322421659,157,26,4575,1830.0,2.1566760597524555,0.8842909073547549,0.6344824387608955,1.52219362099156,157,26,4575,1830.0,2.1566760597524555,0.8842909073547549,0.6344824387608955,1.52219362099156,340,7,8675,3470.0,3.9958025763671343,0.9816073210439535,1.109457295033411,2.8863452813337234,340,7,8675,3470.0,3.9958025763671343,0.9816073210439535,1.109457295033411,2.8863452813337234,364,4,9200,3680.0,4.23004526621807,0.985448268168359,1.1690220283771184,3.0610232378409514,364,4,9200,3680.0,4.23004526621807,0.985448268168359,1.1690220283771184,3.0610232378409514,420,0,10500,4200.0,4.817663934666953,0.9919143462909256,1.324104804522389,3.4935591301445643,420,0,10500,4200.0,4.817663934666953,0.9919143462909256,1.324104804522389,3.4935591301445643,420,0,10500,4200.0,4.817663934666953,0.9919143462909256,1.324104804522389,3.4935591301445643,420,0,10500,4200.0,4.817663934666953,0.9919143462909256,1.324104804522389,3.4935591301445643,420,0,10500,4200.0,4.817663934666953,0.9919143462909256,1.324104804522389,3.4935591301445643,420,0,10500,4200.0,4.817663934666953,0.9919143462909256,1.324104804522389,3.4935591301445643,420,0,10500,4200.0,4.817663934666953,0.9919143462909256,1.324104804522389,3.4935591301445643,420,0,10500,4200.0,4.817663934666953,0.9919143462909256,1.324104804522389,3.4935591301445643,420,0,10500,4200.0,4.817663934666953,0.9919143462909256,1.324104804522389,3.4935591301445643,420,0,10500,4200.0,4.817663934666953,0.9919143462909256,1.324104804522389,3.4935591301445643,420,0,10500,4200.0,4.817663934666953,0.9919143462909256,1.324104804522389,3.4935591301445643,420,0,10500,4200.0,4.817663934666953,0.9919143462909256,1.324104804522389,3.4935591301445643,420,0,10500,4200.0,4.817663934666953,0.9919143462909256,1.324104804522389,3.4935591301445643,420,0,10500,4200.0,4.817663934666953,0.9919143462909256,1.324104804522389,3.4935591301445643,420,0,10500,4200.0,4.817663934666953,0.9919143462909256,1.324104804522389,3.4935591301445643,420,0,10500,4200.0,4.817663934666953,0.9919143462909256,1.324104804522389,3.4935591301445643,420,0,10500,4200.0,4.817663934666953,0.9919143462909256,1.324104804522389,3.4935591301445643,420,0,10500,4200.0,4.817663934666953,0.9919143462909256,1.324104804522389,3.4935591301445643,420,0,10500,4200.0,4.817663934666953,0.9919143462909256,1.324104804522389,3.4935591301445643,420,0,10500,4200.0,4.817663934666953,0.9919143462909256,1.324104804522389,3.4935591301445643
qft_n29,qft,QASMBench (via DQC-NAC examples),29,812,110,420,4,19,18,SC5|p=0.001|r=30|rho=100,realistic,SC5,5,25,0.001,30.0,100,1,0.0031526304869580694,0.0,0.005366132781095331,2.868275147901941e-05,FEASIBLE/FEASIBLE,70.22,44,FEASIBLE,30.1,0.2803162213012397,0.026,0.0,0.0,0.0,420,0,10500,42000.0,36.25969610596803,0.9999999999999998,1.324104804522389,34.93559130144564,0,44,1100,4400.0,3.896028931091071,0.9796775467162429,0.23610984236819454,3.6599190887228765,0,44,1100,4400.0,3.896028931091071,0.9796775467162429,0.23610984236819454,3.6599190887228765,0,44,1100,4400.0,3.896028931091071,0.9796775467162429,0.23610984236819454,3.6599190887228765,0,44,1100,4400.0,3.896028931091071,0.9796775467162429,0.23610984236819454,3.6599190887228765,41,40,2025,8100.0,7.081481483630753,0.9991594730014584,0.34390316120909403,6.737578322421659,41,40,2025,8100.0,7.081481483630753,0.9991594730014584,0.34390316120909403,6.737578322421659,157,26,4575,18300.0,15.856418648676497,0.9999998700893133,0.6344824387608955,15.2219362099156,157,26,4575,18300.0,15.856418648676497,0.9999998700893133,0.6344824387608955,15.2219362099156,340,7,8675,34700.0,29.972910108370645,0.9999999999999039,1.109457295033411,28.863452813337233,340,7,8675,34700.0,29.972910108370645,0.9999999999999039,1.109457295033411,28.863452813337233,364,4,9200,36800.0,31.77925440678663,0.9999999999999842,1.1690220283771184,30.610232378409513,364,4,9200,36800.0,31.77925440678663,0.9999999999999842,1.1690220283771184,30.610232378409513,420,0,10500,42000.0,36.25969610596803,0.9999999999999998,1.324104804522389,34.93559130144564,420,0,10500,42000.0,36.25969610596803,0.9999999999999998,1.324104804522389,34.93559130144564,420,0,10500,42000.0,36.25969610596803,0.9999999999999998,1.324104804522389,34.93559130144564,420,0,10500,42000.0,36.25969610596803,0.9999999999999998,1.324104804522389,34.93559130144564,420,0,10500,42000.0,36.25969610596803,0.9999999999999998,1.324104804522389,34.93559130144564,420,0,10500,42000.0,36.25969610596803,0.9999999999999998,1.324104804522389,34.93559130144564,420,0,10500,42000.0,36.25969610596803,0.9999999999999998,1.324104804522389,34.93559130144564,420,0,10500,42000.0,36.25969610596803,0.9999999999999998,1.324104804522389,34.93559130144564,420,0,10500,42000.0,36.25969610596803,0.9999999999999998,1.324104804522389,34.93559130144564,420,0,10500,42000.0,36.25969610596803,0.9999999999999998,1.324104804522389,34.93559130144564,420,0,10500,42000.0,36.25969610596803,0.9999999999999998,1.324104804522389,34.93559130144564,420,0,10500,42000.0,36.25969610596803,0.9999999999999998,1.324104804522389,34.93559130144564,420,0,10500,42000.0,36.25969610596803,0.9999999999999998,1.324104804522389,34.93559130144564,420,0,10500,42000.0,36.25969610596803,0.9999999999999998,1.324104804522389,34.93559130144564,420,0,10500,42000.0,36.25969610596803,0.9999999999999998,1.324104804522389,34.93559130144564,420,0,10500,42000.0,36.25969610596803,0.9999999999999998,1.324104804522389,34.93559130144564,420,0,10500,42000.0,36.25969610596803,0.9999999999999998,1.324104804522389,34.93559130144564,420,0,10500,42000.0,36.25969610596803,0.9999999999999998,1.324104804522389,34.93559130144564,420,0,10500,42000.0,36.25969610596803,0.9999999999999998,1.324104804522389,34.93559130144564,420,0,10500,42000.0,36.25969610596803,0.9999999999999998,1.324104804522389,34.93559130144564
qft_n29,qft,QASMBench (via DQC-NAC examples),29,812,110,420,4,19,18,SC5|p=0.002|r=10|rho=10,realistic,SC5,5,25,0.002,10.0,10,1,0.0032480946242971235,0.0,0.0089771927017271,0.0002379015985281741,FEASIBLE/FEASIBLE,70.23,44,FEASIBLE,30.09,2.3112129579094343,0.026,0.0,0.0,0.0,420,0,10500,4200.0,30.340614442936396,0.9999999999999334,1.3641997422047918,28.976414700731603,0,44,1100,440.0,3.4306208760954937,0.9676331612633424,0.39499647887599243,3.035624397219501,0,44,1100,440.0,3.4306208760954937,0.9676331612633424,0.39499647887599243,3.035624397219501,0,44,1100,440.0,3.4306208760954937,0.9676331612633424,0.39499647887599243,3.035624397219501,0,44,1100,440.0,3.4306208760954937,0.9676331612633424,0.39499647887599243,3.035624397219501,41,40,2025,810.0,6.080568137092076,0.997713122975889,0.4922595876652661,5.588308549426809,41,40,2025,810.0,6.080568137092076,0.997713122975889,0.4922595876652661,5.588308549426809,157,26,4575,1830.0,13.368795700149752,0.9999984368314896,0.743357866259553,12.6254378338902,157,26,4575,1830.0,13.368795700149752,0.9999984368314896,0.743357866259553,12.6254378338902,340,7,8675,3470.0,25.107230381063268,0.9999999999875242,1.1671925211731116,23.940037859890158,340,7,8675,3470.0,25.107230381063268,0.9999999999875242,1.1671925211731116,23.940037859890158,364,4,9200,3680.0,26.6070738089778,0.9999999999972158,1.2182152140510614,25.388858594926738,364,4,9200,3680.0,26.6070738089778,0.9999999999972158,1.2182152140510614,25.388858594926738,420,0,10500,4200.0,30.340614442936396,0.9999999999999334,1.3641997422047918,28.976414700731603,420,0,10500,4200.0,30.340614442936396,0.9999999999999334,1.3641997422047918,28.976414700731603,420,0,10500,4200.0,30.340614442936396,0.9999999999999334,1.3641997422047918,28.976414700731603,420,0,10500,4200.0,30.340614442936396,0.9999999999999334,1.3641997422047918,28.976414700731603,420,0,10500,4200.0,30.340614442936396,0.9999999999999334,1.3641997422047918,28.976414700731603,420,0,10500,4200.0,30.340614442936396,0.9999999999999334,1.3641997422047918,28.976414700731603,420,0,10500,4200.0,30.340614442936396,0.9999999999999334,1.3641997422047918,28.976414700731603,420,0,10500,4200.0,30.340614442936396,0.9999999999999334,1.3641997422047918,28.976414700731603,420,0,10500,4200.0,30.340614442936396,0.9999999999999334,1.3641997422047918,28.976414700731603,420,0,10500,4200.0,30.340614442936396,0.9999999999999334,1.3641997422047918,28.976414700731603,420,0,10500,4200.0,30.340614442936396,0.9999999999999334,1.3641997422047918,28.976414700731603,420,0,10500,4200.0,30.340614442936396,0.9999999999999334,1.3641997422047918,28.976414700731603,420,0,10500,4200.0,30.340614442936396,0.9999999999999334,1.3641997422047918,28.976414700731603,420,0,10500,4200.0,30.340614442936396,0.9999999999999334,1.3641997422047918,28.976414700731603,420,0,10500,4200.0,30.340614442936396,0.9999999999999334,1.3641997422047918,28.976414700731603,420,0,10500,4200.0,30.340614442936396,0.9999999999999334,1.3641997422047918,28.976414700731603,420,0,10500,4200.0,30.340614442936396,0.9999999999999334,1.3641997422047918,28.976414700731603,420,0,10500,4200.0,30.340614442936396,0.9999999999999334,1.3641997422047918,28.976414700731603,420,0,10500,4200.0,30.340614442936396,0.9999999999999334,1.3641997422047918,28.976414700731603,420,0,10500,4200.0,30.340614442936396,0.9999999999999334,1.3641997422047918,28.976414700731603
qft_n29,qft,QASMBench (via DQC-NAC examples),29,812,110,420,4,19,18,SC5|p=0.002|r=10|rho=100,realistic,SC5,5,25,0.002,10.0,100,1,0.0032480946242971235,0.0,0.0089771927017271,0.0002379015985281741,FEASIBLE/FEASIBLE,70.22,44,FEASIBLE,30.11,2.3144610498640024,0.026,0.0,0.0,0.0,420,0,10500,42000.0,291.1283467495208,1.0,1.3641997422047918,289.764147007316,0,44,1100,4400.0,30.751240451071006,0.9999999999999558,0.39499647887599243,30.356243972195013,0,44,1100,4400.0,30.751240451071006,0.9999999999999558,0.39499647887599243,30.356243972195013,0,44,1100,4400.0,30.751240451071006,0.9999999999999558,0.39499647887599243,30.356243972195013,0,44,1100,4400.0,30.751240451071006,0.9999999999999558,0.39499647887599243,30.356243972195013,41,40,2025,8100.0,56.37534508193336,1.0,0.4922595876652661,55.883085494268094,41,40,2025,8100.0,56.37534508193336,1.0,0.4922595876652661,55.883085494268094,157,26,4575,18300.0,126.99773620516154,1.0,0.743357866259553,126.25437833890199,157,26,4575,18300.0,126.99773620516154,1.0,0.743357866259553,126.25437833890199,340,7,8675,34700.0,240.5675711200747,1.0,1.1671925211731116,239.40037859890157,340,7,8675,34700.0,240.5675711200747,1.0,1.1671925211731116,239.40037859890157,364,4,9200,36800.0,255.10680116331847,1.0,1.2182152140510614,253.8885859492674,364,4,9200,36800.0,255.10680116331847,1.0,1.2182152140510614,253.8885859492674,420,0,10500,42000.0,291.1283467495208,1.0,1.3641997422047918,289.764147007316,420,0,10500,42000.0,291.1283467495208,1.0,1.3641997422047918,289.764147007316,420,0,10500,42000.0,291.1283467495208,1.0,1.3641997422047918,289.764147007316,420,0,10500,42000.0,291.1283467495208,1.0,1.3641997422047918,289.764147007316,420,0,10500,42000.0,291.1283467495208,1.0,1.3641997422047918,289.764147007316,420,0,10500,42000.0,291.1283467495208,1.0,1.3641997422047918,289.764147007316,420,0,10500,42000.0,291.1283467495208,1.0,1.3641997422047918,289.764147007316,420,0,10500,42000.0,291.1283467495208,1.0,1.3641997422047918,289.764147007316,420,0,10500,42000.0,291.1283467495208,1.0,1.3641997422047918,289.764147007316,420,0,10500,42000.0,291.1283467495208,1.0,1.3641997422047918,289.764147007316,420,0,10500,42000.0,291.1283467495208,1.0,1.3641997422047918,289.764147007316,420,0,10500,42000.0,291.1283467495208,1.0,1.3641997422047918,289.764147007316,420,0,10500,42000.0,291.1283467495208,1.0,1.3641997422047918,289.764147007316,420,0,10500,42000.0,291.1283467495208,1.0,1.3641997422047918,289.764147007316,420,0,10500,42000.0,291.1283467495208,1.0,1.3641997422047918,289.764147007316,420,0,10500,42000.0,291.1283467495208,1.0,1.3641997422047918,289.764147007316,420,0,10500,42000.0,291.1283467495208,1.0,1.3641997422047918,289.764147007316,420,0,10500,42000.0,291.1283467495208,1.0,1.3641997422047918,289.764147007316,420,0,10500,42000.0,291.1283467495208,1.0,1.3641997422047918,289.764147007316,420,0,10500,42000.0,291.1283467495208,1.0,1.3641997422047918,289.764147007316
qft_n29,qft,QASMBench (via DQC-NAC examples),29,812,110,420,4,19,18,SC5|p=0.002|r=30|rho=10,realistic,SC5,5,25,0.002,30.0,10,1,0.017467932906043773,0.0,0.031064157235436735,0.0001993039102874015,FEASIBLE/FEASIBLE,70.21,44,FEASIBLE,30.1,1.936242433393169,0.026,0.0,0.0,0.0,420,0,10500,4200.0,31.611748093543888,0.9999999999999813,7.336531820538385,24.275216273005505,0,44,1100,440.0,3.9099408136264597,0.9799583127786323,1.3668229183592162,2.5431178952672435,0,44,1100,440.0,3.9099408136264597,0.9799583127786323,1.3668229183592162,2.5431178952672435,0,44,1100,440.0,3.9099408136264597,0.9799583127786323,1.3668229183592162,2.5431178952672435,0,44,1100,440.0,3.9099408136264597,0.9799583127786323,1.3668229183592162,2.5431178952672435,41,40,2025,810.0,6.640400391216326,0.9986934959736388,1.958751538565264,4.681648852651062,41,40,2025,810.0,6.640400391216326,0.9986934959736388,1.958751538565264,4.681648852651062,157,26,4575,1830.0,14.127192073322625,0.9999992677853098,3.5501335543702277,10.577058518952398,157,26,4575,1830.0,14.127192073322625,0.9999992677853098,3.5501335543702277,10.577058518952398,340,7,8675,3470.0,26.212498780924154,0.999999999995869,6.15654628870294,20.055952492221213,340,7,8675,3470.0,26.212498780924154,0.999999999995869,6.15654628870294,20.055952492221213,364,4,9200,3680.0,27.752297512613172,0.9999999999991143,6.48258420674168,21.26971330587149,364,4,9200,3680.0,27.752297512613172,0.9999999999991143,6.48258420674168,21.26971330587149,420,0,10500,4200.0,31.611748093543888,0.9999999999999813,7.336531820538385,24.275216273005505,420,0,10500,4200.0,31.611748093543888,0.9999999999999813,7.336531820538385,24.275216273005505,420,0,10500,4200.0,31.611748093543888,0.9999999999999813,7.336531820538385,24.275216273005505,420,0,10500,4200.0,31.611748093543888,0.9999999999999813,7.336531820538385,24.275216273005505,420,0,10500,4200.0,31.611748093543888,0.9999999999999813,7.336531820538385,24.275216273005505,420,0,10500,4200.0,31.611748093543888,0.9999999999999813,7.336531820538385,24.275216273005505,420,0,10500,4200.0,31.611748093543888,0.9999999999999813,7.336531820538385,24.275216273005505,420,0,10500,4200.0,31.611748093543888,0.9999999999999813,7.336531820538385,24.275216273005505,420,0,10500,4200.0,31.611748093543888,0.9999999999999813,7.336531820538385,24.275216273005505,420,0,10500,4200.0,31.611748093543888,0.9999999999999813,7.336531820538385,24.275216273005505,420,0,10500,4200.0,31.611748093543888,0.9999999999999813,7.336531820538385,24.275216273005505,420,0,10500,4200.0,31.611748093543888,0.9999999999999813,7.336531820538385,24.275216273005505,420,0,10500,4200.0,31.611748093543888,0.9999999999999813,7.336531820538385,24.275216273005505,420,0,10500,4200.0,31.611748093543888,0.9999999999999813,7.336531820538385,24.275216273005505,420,0,10500,4200.0,31.611748093543888,0.9999999999999813,7.336531820538385,24.275216273005505,420,0,10500,4200.0,31.611748093543888,0.9999999999999813,7.336531820538385,24.275216273005505,420,0,10500,4200.0,31.611748093543888,0.9999999999999813,7.336531820538385,24.275216273005505,420,0,10500,4200.0,31.611748093543888,0.9999999999999813,7.336531820538385,24.275216273005505,420,0,10500,4200.0,31.611748093543888,0.9999999999999813,7.336531820538385,24.275216273005505,420,0,10500,4200.0,31.611748093543888,0.9999999999999813,7.336531820538385,24.275216273005505
qft_n29,qft,QASMBench (via DQC-NAC examples),29,812,110,420,4,19,18,SC5|p=0.002|r=30|rho=100,realistic,SC5,5,25,0.002,30.0,100,1,0.017467932906043773,0.0,0.031064157235436735,0.0001993039102874015,FEASIBLE/FEASIBLE,70.21,44,FEASIBLE,30.12,1.9478020897119341,0.026,0.0,0.0,0.0,420,0,10500,42000.0,250.08869455059343,1.0,7.336531820538385,242.75216273005503,0,44,1100,4400.0,26.798001871031648,0.9999999999976997,1.3668229183592162,25.431178952672433,0,44,1100,4400.0,26.798001871031648,0.9999999999976997,1.3668229183592162,25.431178952672433,0,44,1100,4400.0,26.798001871031648,0.9999999999976997,1.3668229183592162,25.431178952672433,0,44,1100,4400.0,26.798001871031648,0.9999999999976997,1.3668229183592162,25.431178952672433,41,40,2025,8100.0,48.775240065075884,1.0,1.958751538565264,46.81648852651062,41,40,2025,8100.0,48.775240065075884,1.0,1.958751538565264,46.81648852651062,157,26,4575,18300.0,109.32071874389422,1.0,3.5501335543702277,105.77058518952398,157,26,4575,18300.0,109.32071874389422,1.0,3.5501335543702277,105.77058518952398,340,7,8675,34700.0,206.7160712109151,1.0,6.15654628870294,200.55952492221215,340,7,8675,34700.0,206.7160712109151,1.0,6.15654628870294,200.55952492221215,364,4,9200,36800.0,219.17971726545656,1.0,6.48258420674168,212.69713305871488,364,4,9200,36800.0,219.17971726545656,1.0,6.48258420674168,212.69713305871488,420,0,10500,42000.0,250.08869455059343,1.0,7.336531820538385,242.75216273005503,420,0,10500,42000.0,250.08869455059343,1.0,7.336531820538385,242.75216273005503,420,0,10500,42000.0,250.08869455059343,1.0,7.336531820538385,242.75216273005503,420,0,10500,42000.0,250.08869455059343,1.0,7.336531820538385,242.75216273005503,420,0,10500,42000.0,250.08869455059343,1.0,7.336531820538385,242.75216273005503,420,0,10500,42000.0,250.08869455059343,1.0,7.336531820538385,242.75216273005503,420,0,10500,42000.0,250.08869455059343,1.0,7.336531820538385,242.75216273005503,420,0,10500,42000.0,250.08869455059343,1.0,7.336531820538385,242.75216273005503,420,0,10500,42000.0,250.08869455059343,1.0,7.336531820538385,242.75216273005503,420,0,10500,42000.0,250.08869455059343,1.0,7.336531820538385,242.75216273005503,420,0,10500,42000.0,250.08869455059343,1.0,7.336531820538385,242.75216273005503,420,0,10500,42000.0,250.08869455059343,1.0,7.336531820538385,242.75216273005503,420,0,10500,42000.0,250.08869455059343,1.0,7.336531820538385,242.75216273005503,420,0,10500,42000.0,250.08869455059343,1.0,7.336531820538385,242.75216273005503,420,0,10500,42000.0,250.08869455059343,1.0,7.336531820538385,242.75216273005503,420,0,10500,42000.0,250.08869455059343,1.0,7.336531820538385,242.75216273005503,420,0,10500,42000.0,250.08869455059343,1.0,7.336531820538385,242.75216273005503,420,0,10500,42000.0,250.08869455059343,1.0,7.336531820538385,242.75216273005503,420,0,10500,42000.0,250.08869455059343,1.0,7.336531820538385,242.75216273005503,420,0,10500,42000.0,250.08869455059343,1.0,7.336531820538385,242.75216273005503
qft_n29,qft,QASMBench (via DQC-NAC examples),29,812,110,420,4,19,18,SC7|p=0.001|r=10|rho=10,realistic,SC7,7,49,0.001,10.0,10,0,0.00013916666666666662,0.00010250000000000045,0.00027916666666666584,1.805555555555555e-06,FEASIBLE/FEASIBLE,70.22,44,FEASIBLE,30.09,0.10077095454166697,0.026,0.0,0.0,0.0,420,0,20580,4200.0,0.31854666666666676,0.27279485907618756,0.09863000000000016,0.21991666666666662,0,44,2156,440.0,0.11855222222222254,0.11179456961572082,0.09551333333333366,0.023038888888888883,0,44,2156,440.0,0.11855222222222254,0.11179456961572082,0.09551333333333366,0.023038888888888883,0,44,2156,440.0,0.11855222222222254,0.11179456961572082,0.09551333333333366,0.023038888888888883,0,44,2156,440.0,0.11855222222222254,0.11179456961572082,0.09551333333333366,0.023038888888888883,41,40,3969,810.0,0.13831250000000028,0.12917348406568693,0.0959000000000003,0.04241249999999999,41,40,3969,810.0,0.13831250000000028,0.12917348406568693,0.0959000000000003,0.04241249999999999,157,26,8967,1830.0,0.19206583333333357,0.1747474624220813,0.09624500000000026,0.09582083333333331,157,26,8967,1830.0,0.19206583333333357,0.1747474624220813,0.09624500000000026,0.09582083333333331,340,7,17003,3470.0,0.27934388888888906,0.24372021772275587,0.09765083333333352,0.1816930555555555,340,7,17003,3470.0,0.27934388888888906,0.24372021772275587,0.09765083333333352,0.1816930555555555,364,4,18032,3680.0,0.2903822222222224,0.2520223807336618,0.0976933333333335,0.19268888888888885,364,4,18032,3680.0,0.2903822222222224,0.2520223807336618,0.0976933333333335,0.19268888888888885,420,0,20580,4200.0,0.31854666666666676,0.27279485907618756,0.09863000000000016,0.21991666666666662,420,0,20580,4200.0,0.31854666666666676,0.27279485907618756,0.09863000000000016,0.21991666666666662,420,0,20580,4200.0,0.31854666666666676,0.27279485907618756,0.09863000000000016,0.21991666666666662,420,0,20580,4200.0,0.31854666666666676,0.27279485907618756,0.09863000000000016,0.21991666666666662,420,0,20580,4200.0,0.31854666666666676,0.27279485907618756,0.09863000000000016,0.21991666666666662,420,0,20580,4200.0,0.31854666666666676,0.27279485907618756,0.09863000000000016,0.21991666666666662,420,0,20580,4200.0,0.31854666666666676,0.27279485907618756,0.09863000000000016,0.21991666666666662,420,0,20580,4200.0,0.31854666666666676,0.27279485907618756,0.09863000000000016,0.21991666666666662,420,0,20580,4200.0,0.31854666666666676,0.27279485907618756,0.09863000000000016,0.21991666666666662,420,0,20580,4200.0,0.31854666666666676,0.27279485907618756,0.09863000000000016,0.21991666666666662,420,0,20580,4200.0,0.31854666666666676,0.27279485907618756,0.09863000000000016,0.21991666666666662,420,0,20580,4200.0,0.31854666666666676,0.27279485907618756,0.09863000000000016,0.21991666666666662,420,0,20580,4200.0,0.31854666666666676,0.27279485907618756,0.09863000000000016,0.21991666666666662,420,0,20580,4200.0,0.31854666666666676,0.27279485907618756,0.09863000000000016,0.21991666666666662,420,0,20580,4200.0,0.31854666666666676,0.27279485907618756,0.09863000000000016,0.21991666666666662,420,0,20580,4200.0,0.31854666666666676,0.27279485907618756,0.09863000000000016,0.21991666666666662,420,0,20580,4200.0,0.31854666666666676,0.27279485907618756,0.09863000000000016,0.21991666666666662,420,0,20580,4200.0,0.31854666666666676,0.27279485907618756,0.09863000000000016,0.21991666666666662,420,0,20580,4200.0,0.31854666666666676,0.27279485907618756,0.09863000000000016,0.21991666666666662,420,0,20580,4200.0,0.31854666666666676,0.27279485907618756,0.09863000000000016,0.21991666666666662
qft_n29,qft,QASMBench (via DQC-NAC examples),29,812,110,420,4,19,18,SC7|p=0.001|r=10|rho=100,realistic,SC7,7,49,0.001,10.0,100,0,0.00013916666666666662,0.00010250000000000045,0.00027916666666666584,1.805555555555555e-06,FEASIBLE/FEASIBLE,70.21,44,FEASIBLE,30.09,0.10080762112916697,0.026,0.0,0.0,0.0,420,0,20580,42000.0,2.2977966666666663,0.8995200090838354,0.09863000000000016,2.1991666666666663,0,44,2156,4400.0,0.3259022222222225,0.27812423261054936,0.09551333333333366,0.23038888888888884,0,44,2156,4400.0,0.3259022222222225,0.27812423261054936,0.09551333333333366,0.23038888888888884,0,44,2156,4400.0,0.3259022222222225,0.27812423261054936,0.09551333333333366,0.23038888888888884,0,44,2156,4400.0,0.3259022222222225,0.27812423261054936,0.09551333333333366,0.23038888888888884,41,40,3969,8100.0,0.5200250000000002,0.4054943148577189,0.0959000000000003,0.4241249999999999,41,40,3969,8100.0,0.5200250000000002,0.4054943148577189,0.0959000000000003,0.4241249999999999,157,26,8967,18300.0,1.0544533333333335,0.6516171754630403,0.09624500000000026,0.9582083333333331,157,26,8967,18300.0,1.0544533333333335,0.6516171754630403,0.09624500000000026,0.9582083333333331,340,7,17003,34700.0,1.9145813888888885,0.8525964755740421,0.09765083333333352,1.816930555555555,340,7,17003,34700.0,1.9145813888888885,0.8525964755740421,0.09765083333333352,1.816930555555555,364,4,18032,36800.0,2.024582222222222,0.8679510011970895,0.0976933333333335,1.9268888888888884,364,4,18032,36800.0,2.024582222222222,0.8679510011970895,0.0976933333333335,1.9268888888888884,420,0,20580,42000.0,2.2977966666666663,0.8995200090838354,0.09863000000000016,2.1991666666666663,420,0,20580,42000.0,2.2977966666666663,0.8995200090838354,0.09863000000000016,2.1991666666666663,420,0,20580,42000.0,2.2977966666666663,0.8995200090838354,0.09863000000000016,2.1991666666666663,420,0,20580,42000.0,2.2977966666666663,0.8995200090838354,0.09863000000000016,2.1991666666666663,420,0,20580,42000.0,2.2977966666666663,0.8995200090838354,0.09863000000000016,2.1991666666666663,420,0,20580,42000.0,2.2977966666666663,0.8995200090838354,0.09863000000000016,2.1991666666666663,420,0,20580,42000.0,2.2977966666666663,0.8995200090838354,0.09863000000000016,2.1991666666666663,420,0,20580,42000.0,2.2977966666666663,0.8995200090838354,0.09863000000000016,2.1991666666666663,420,0,20580,42000.0,2.2977966666666663,0.8995200090838354,0.09863000000000016,2.1991666666666663,420,0,20580,42000.0,2.2977966666666663,0.8995200090838354,0.09863000000000016,2.1991666666666663,420,0,20580,42000.0,2.2977966666666663,0.8995200090838354,0.09863000000000016,2.1991666666666663,420,0,20580,42000.0,2.2977966666666663,0.8995200090838354,0.09863000000000016,2.1991666666666663,420,0,20580,42000.0,2.2977966666666663,0.8995200090838354,0.09863000000000016,2.1991666666666663,420,0,20580,42000.0,2.2977966666666663,0.8995200090838354,0.09863000000000016,2.1991666666666663,420,0,20580,42000.0,2.2977966666666663,0.8995200090838354,0.09863000000000016,2.1991666666666663,420,0,20580,42000.0,2.2977966666666663,0.8995200090838354,0.09863000000000016,2.1991666666666663,420,0,20580,42000.0,2.2977966666666663,0.8995200090838354,0.09863000000000016,2.1991666666666663,420,0,20580,42000.0,2.2977966666666663,0.8995200090838354,0.09863000000000016,2.1991666666666663,420,0,20580,42000.0,2.2977966666666663,0.8995200090838354,0.09863000000000016,2.1991666666666663,420,0,20580,42000.0,2.2977966666666663,0.8995200090838354,0.09863000000000016,2.1991666666666663
qft_n32,qft,MQT Bench 2.3.0,32,860,122,380,4,20,20,SC5|p=0.001|r=10|rho=10,realistic,SC5,5,25,0.001,10.0,10,0,0.0003825200145869967,5.810310143125109e-05,0.0009810966318486132,2.8691623476531386e-05,FEASIBLE/FEASIBLE,70.25,28,FEASIBLE,30.11,0.39059556956072394,0.027,0.0005122950819672131,0.0044994375703037125,0.002325581395348837,380,0,9500,3800.0,3.662148508976276,0.9743227144589186,0.1732470942300593,3.4889014147462167,0,28,700,454,0.49427127878968513,0.38998472356340874,0.07743937292263711,0.416831905867048,2,28,750,451,0.4921657167622495,0.3886989453933728,0.07808820674894859,0.41407751001330095,0,28,700,454,0.49427127878968513,0.38998472356340874,0.07743937292263711,0.416831905867048,0,28,700,454,0.49427127878968513,0.38998472356340874,0.07743937292263711,0.416831905867048,40,26,1650,660.0,0.6944209440095126,0.5006364762786181,0.08845385618516971,0.6059670878243428,40,26,1650,660.0,0.6944209440095126,0.5006364762786181,0.08845385618516971,0.6059670878243428,78,24,2550,1020.0,1.0353140958953753,0.6448851767024124,0.09881950562139083,0.9364945902739844,78,24,2550,1020.0,1.0353140958953753,0.6448851767024124,0.09881950562139083,0.9364945902739844,114,22,3400,1360.0,1.3571957749299464,0.7426184783683725,0.10853632123130044,1.248659453698646,114,22,3400,1360.0,1.3571957749299464,0.7426184783683725,0.10853632123130044,1.248659453698646,148,20,4200,1680.0,1.660065981113226,0.8098735650661776,0.11760430301489855,1.5424616780983273,148,20,4200,1680.0,1.660065981113226,0.8098735650661776,0.11760430301489855,1.5424616780983273,180,18,4950,1980.0,1.9439247144452139,0.8568589418727919,0.12602345097218517,1.8179012634730287,180,18,4950,1980.0,1.9439247144452139,0.8568589418727919,0.12602345097218517,1.8179012634730287,210,16,5650,2260.0,2.2087719749259103,0.8901645535868086,0.13379376510316032,2.07497820982275,210,16,5650,2260.0,2.2087719749259103,0.8901645535868086,0.13379376510316032,2.07497820982275,238,14,6300,2520.0,2.454607762555315,0.9141031191925617,0.140915245407824,2.313692517147491,238,14,6300,2520.0,2.454607762555315,0.9141031191925617,0.140915245407824,2.313692517147491,264,12,6900,2760.0,2.681432077333428,0.9315349633120263,0.14738789188617615,2.534044185447252,264,12,6900,2760.0,2.681432077333428,0.9315349633120263,0.14738789188617615,2.534044185447252,162,12,4350,1740.0,1.7118469619175578,0.8194679513129919,0.11429736674429009,1.5975495951732677,162,12,4350,1740.0,1.7118469619175578,0.8194679513129919,0.11429736674429009,1.5975495951732677,158,12,4250,1700.0,1.6738240162149745,0.8124714195675976,0.1129996990916671,1.5608243171233074,158,12,4250,1700.0,1.6738240162149745,0.8124714195675976,0.1129996990916671,1.5608243171233074,284,4,7200,2880.0,2.7902474766916345,0.9385939845231086,0.14602745709450216,2.6442200195971326,284,4,7200,2880.0,2.7902474766916345,0.9385939845231086,0.14602745709450216,2.6442200195971326,380,0,9500,3800.0,3.662148508976276,0.9743227144589186,0.1732470942300593,3.4889014147462167,380,0,9500,3800.0,3.662148508976276,0.9743227144589186,0.1732470942300593,3.4889014147462167,380,0,9500,3800.0,3.662148508976276,0.9743227144589186,0.1732470942300593,3.4889014147462167,380,0,9500,3800.0,3.662148508976276,0.9743227144589186,0.1732470942300593,3.4889014147462167,380,0,9500,3800.0,3.662148508976276,0.9743227144589186,0.1732470942300593,3.4889014147462167,380,0,9500,3800.0,3.662148508976276,0.9743227144589186,0.1732470942300593,3.4889014147462167
qft_n32,qft,MQT Bench 2.3.0,32,860,122,380,4,20,20,SC5|p=0.001|r=10|rho=100,realistic,SC5,5,25,0.001,10.0,100,0,0.0003825200145869967,5.810310143125109e-05,0.0009810966318486132,2.8691623476531386e-05,FEASIBLE/FEASIBLE,70.32,28,FEASIBLE,30.12,0.39059556956072394,0.027,0.0,0.0,0.0,380,0,9500,38000.0,35.06226124169222,0.9999999999999994,0.1732470942300593,34.88901414746216,0,28,700,2800.0,2.6482088364198493,0.9292221256581695,0.07743937292263711,2.570769463497212,0,28,700,2800.0,2.6482088364198493,0.9292221256581695,0.07743937292263711,2.570769463497212,0,28,700,2800.0,2.6482088364198493,0.9292221256581695,0.07743937292263711,2.570769463497212,0,28,700,2800.0,2.6482088364198493,0.9292221256581695,0.07743937292263711,2.570769463497212,40,26,1650,6600.0,6.148124734428598,0.9978625136313823,0.08845385618516971,6.059670878243429,40,26,1650,6600.0,6.148124734428598,0.9978625136313823,0.08845385618516971,6.059670878243429,78,24,2550,10200.0,9.463765408361235,0.9999223862075151,0.09881950562139083,9.364945902739844,78,24,2550,10200.0,9.463765408361235,0.9999223862075151,0.09881950562139083,9.364945902739844,114,22,3400,13600.0,12.59513085821776,0.9999966115259079,0.10853632123130044,12.486594536986459,114,22,3400,13600.0,12.59513085821776,0.9999966115259079,0.10853632123130044,12.486594536986459,148,20,4200,16800.0,15.542221083998172,0.9999998221314573,0.11760430301489855,15.424616780983273,148,20,4200,16800.0,15.542221083998172,0.9999998221314573,0.11760430301489855,15.424616780983273,180,18,4950,19800.0,18.30503608570247,0.9999999887740311,0.12602345097218517,18.179012634730285,180,18,4950,19800.0,18.30503608570247,0.9999999887740311,0.12602345097218517,18.179012634730285,210,16,5650,22600.0,20.88357586333066,0.9999999991481203,0.13379376510316032,20.7497820982275,210,16,5650,22600.0,20.88357586333066,0.9999999991481203,0.13379376510316032,20.7497820982275,238,14,6300,25200.0,23.277840416882736,0.9999999999222747,0.140915245407824,23.13692517147491,238,14,6300,25200.0,23.277840416882736,0.9999999999222747,0.140915245407824,23.13692517147491,264,12,6900,27600.0,25.487829746358695,0.9999999999914734,0.14738789188617615,25.34044185447252,264,12,6900,27600.0,25.487829746358695,0.9999999999914734,0.14738789188617615,25.34044185447252,162,12,4350,17400.0,16.089793318476964,0.9999998971293351,0.11429736674429009,15.975495951732675,162,12,4350,17400.0,16.089793318476964,0.9999998971293351,0.11429736674429009,15.975495951732675,158,12,4250,17000.0,15.72124287032474,0.9999998512863021,0.1129996990916671,15.608243171233074,158,12,4250,17000.0,15.72124287032474,0.9999998512863021,0.1129996990916671,15.608243171233074,284,4,7200,28800.0,26.588227653065825,0.9999999999971628,0.14602745709450216,26.442200195971324,284,4,7200,28800.0,26.588227653065825,0.9999999999971628,0.14602745709450216,26.442200195971324,380,0,9500,38000.0,35.06226124169222,0.9999999999999994,0.1732470942300593,34.88901414746216,380,0,9500,38000.0,35.06226124169222,0.9999999999999994,0.1732470942300593,34.88901414746216,380,0,9500,38000.0,35.06226124169222,0.9999999999999994,0.1732470942300593,34.88901414746216,380,0,9500,38000.0,35.06226124169222,0.9999999999999994,0.1732470942300593,34.88901414746216,380,0,9500,38000.0,35.06226124169222,0.9999999999999994,0.1732470942300593,34.88901414746216,380,0,9500,38000.0,35.06226124169222,0.9999999999999994,0.1732470942300593,34.88901414746216
qft_n32,qft,MQT Bench 2.3.0,32,860,122,380,4,20,20,SC5|p=0.001|r=30|rho=10,realistic,SC5,5,25,0.001,30.0,10,1,0.0031526304869580694,0.0,0.005366132781095331,2.868275147901941e-05,FEASIBLE/FEASIBLE,70.26,28,FEASIBLE,30.11,0.3414402675337917,0.027,0.0,0.0,0.0,380,0,9500,3800.0,4.685822164892826,0.9907748530984293,1.1979995850440663,3.4878225798487605,0,28,700,454,0.5669547313578633,0.432749759506187,0.15025171787066927,0.416703013487194,0,28,700,454,0.5669547313578633,0.432749759506187,0.15025171787066927,0.416703013487194,0,28,700,454,0.5669547313578633,0.432749759506187,0.15025171787066927,0.416703013487194,0,28,700,454,0.5669547313578633,0.432749759506187,0.15025171787066927,0.416703013487194,40,26,1650,660.0,0.8714043830236913,0.5816364062418845,0.2656246717868014,0.6057797112368899,40,26,1650,660.0,0.8714043830236913,0.5816364062418845,0.2656246717868014,0.6057797112368899,78,24,2550,1020.0,1.3108973730042108,0.7304219642422777,0.37469236472901735,0.9362050082751936,78,24,2550,1020.0,1.3108973730042108,0.7304219642422777,0.37469236472901735,0.9362050082751936,114,22,3400,1360.0,1.7257281410642418,0.8219566361213682,0.47745479669731716,1.2482733443669247,114,22,3400,1360.0,1.7257281410642418,0.8219566361213682,0.47745479669731716,1.2482733443669247,148,20,4200,1680.0,2.1158966872037843,0.8794748322909528,0.5739119676917008,1.5419847195120835,148,20,4200,1680.0,2.1158966872037843,0.8794748322909528,0.5739119676917008,1.5419847195120835,180,18,4950,1980.0,2.4814030114228385,0.9163741847266264,0.6640638777121685,1.81733913371067,180,18,4950,1980.0,2.4814030114228385,0.9163741847266264,0.6640638777121685,1.81733913371067,210,16,5650,2260.0,2.822247113721404,0.9405278482447569,0.7479105267587198,2.074336586962684,210,16,5650,2260.0,2.822247113721404,0.9405278482447569,0.7479105267587198,2.074336586962684,238,14,6300,2520.0,3.1384289940994807,0.9566491511268966,0.8254519148313552,2.3129770792681255,238,14,6300,2520.0,3.1384289940994807,0.9566491511268966,0.8254519148313552,2.3129770792681255,264,12,6900,2760.0,3.4299486525570684,0.9676113961978041,0.8966880419300743,2.533260610626994,264,12,6900,2760.0,3.4299486525570684,0.9676113961978041,0.8966880419300743,2.533260610626994,162,12,4350,1740.0,2.172175334612152,0.886070487658097,0.5751197322603512,1.5970556023518008,162,12,4350,1740.0,2.172175334612152,0.886070487658097,0.5751197322603512,1.5970556023518008,158,12,4250,1700.0,2.1228508907711747,0.8803100812305014,0.5625092103125189,1.5603416804586558,158,12,4250,1700.0,2.1228508907711747,0.8803100812305014,0.5625092103125189,1.5603416804586558,284,4,7200,2880.0,3.5602139657269016,0.9715672595686805,0.916811589420473,2.6434023763064287,284,4,7200,2880.0,3.5602139657269016,0.9715672595686805,0.916811589420473,2.6434023763064287,380,0,9500,3800.0,4.685822164892826,0.9907748530984293,1.1979995850440663,3.4878225798487605,380,0,9500,3800.0,4.685822164892826,0.9907748530984293,1.1979995850440663,3.4878225798487605,380,0,9500,3800.0,4.685822164892826,0.9907748530984293,1.1979995850440663,3.4878225798487605,380,0,9500,3800.0,4.685822164892826,0.9907748530984293,1.1979995850440663,3.4878225798487605,380,0,9500,3800.0,4.685822164892826,0.9907748530984293,1.1979995850440663,3.4878225798487605,380,0,9500,3800.0,4.685822164892826,0.9907748530984293,1.1979995850440663,3.4878225798487605
qft_n32,qft,MQT Bench 2.3.0,32,860,122,380,4,20,20,SC5|p=0.001|r=30|rho=100,realistic,SC5,5,25,0.001,30.0,100,1,0.0031526304869580694,0.0,0.005366132781095331,2.868275147901941e-05,FEASIBLE/FEASIBLE,70.27,28,FEASIBLE,30.12,0.34052241735224925,0.027,0.0,0.0,0.0,380,0,9500,38000.0,36.07622538353167,0.9999999999999998,1.1979995850440663,34.878225798487605,0,28,700,2800.0,2.720226250390809,0.9341401480766183,0.15025171787066927,2.5699745325201393,0,28,700,2800.0,2.720226250390809,0.9341401480766183,0.15025171787066927,2.5699745325201393,0,28,700,2800.0,2.720226250390809,0.9341401480766183,0.15025171787066927,2.5699745325201393,0,28,700,2800.0,2.720226250390809,0.9341401480766183,0.15025171787066927,2.5699745325201393,40,26,1650,6600.0,6.323421784155701,0.9982062049865335,0.2656246717868014,6.0577971123689,40,26,1650,6600.0,6.323421784155701,0.9982062049865335,0.2656246717868014,6.0577971123689,78,24,2550,10200.0,9.736742447480953,0.9999409273459746,0.37469236472901735,9.362050082751935,78,24,2550,10200.0,9.736742447480953,0.9999409273459746,0.37469236472901735,9.362050082751935,114,22,3400,13600.0,12.960188240366564,0.9999976478676079,0.47745479669731716,12.482733443669247,114,22,3400,13600.0,12.960188240366564,0.9999976478676079,0.47745479669731716,12.482733443669247,148,20,4200,16800.0,15.993759162812538,0.9999998867603155,0.5739119676917008,15.419847195120836,148,20,4200,16800.0,15.993759162812538,0.9999998867603155,0.5739119676917008,15.419847195120836,180,18,4950,19800.0,18.837455214818867,0.9999999934083044,0.6640638777121685,18.173391337106697,180,18,4950,19800.0,18.837455214818867,0.9999999934083044,0.6640638777121685,18.173391337106697,210,16,5650,22600.0,21.491276396385558,0.9999999995360649,0.7479105267587198,20.74336586962684,210,16,5650,22600.0,21.491276396385558,0.9999999995360649,0.7479105267587198,20.74336586962684,238,14,6300,25200.0,23.955222707512608,0.9999999999605198,0.8254519148313552,23.129770792681253,238,14,6300,25200.0,23.955222707512608,0.9999999999605198,0.8254519148313552,23.129770792681253,264,12,6900,27600.0,26.229294148200015,0.9999999999959378,0.8966880419300743,25.332606106269942,264,12,6900,27600.0,26.229294148200015,0.9999999999959378,0.8966880419300743,25.332606106269942,162,12,4350,17400.0,16.54567575577836,0.9999999347914835,0.5751197322603512,15.970556023518007,162,12,4350,17400.0,16.54567575577836,0.9999999347914835,0.5751197322603512,15.970556023518007,158,12,4250,17000.0,16.165926014899078,0.9999999046704513,0.5625092103125189,15.603416804586558,158,12,4250,17000.0,16.165926014899078,0.9999999046704513,0.5625092103125189,15.603416804586558,284,4,7200,28800.0,27.35083535248476,0.9999999999986766,0.916811589420473,26.43402376306429,284,4,7200,28800.0,27.35083535248476,0.9999999999986766,0.916811589420473,26.43402376306429,380,0,9500,38000.0,36.07622538353167,0.9999999999999998,1.1979995850440663,34.878225798487605,380,0,9500,38000.0,36.07622538353167,0.9999999999999998,1.1979995850440663,34.878225798487605,380,0,9500,38000.0,36.07622538353167,0.9999999999999998,1.1979995850440663,34.878225798487605,380,0,9500,38000.0,36.07622538353167,0.9999999999999998,1.1979995850440663,34.878225798487605,380,0,9500,38000.0,36.07622538353167,0.9999999999999998,1.1979995850440663,34.878225798487605,380,0,9500,38000.0,36.07622538353167,0.9999999999999998,1.1979995850440663,34.878225798487605
qft_n32,qft,MQT Bench 2.3.0,32,860,122,380,4,20,20,SC5|p=0.002|r=10|rho=10,realistic,SC5,5,25,0.002,10.0,10,1,0.0032480946242971235,0.0,0.0089771927017271,0.0002379015985281741,FEASIBLE/FEASIBLE,70.27,28,FEASIBLE,30.11,2.824366582813299,0.027,0.0005122950819672131,0.0044994375703037125,0.002325581395348837,380,0,9500,3800.0,30.16311033825888,0.9999999999999205,1.234275957232907,28.928834381025972,0,28,700,454,3.707595819065672,0.9754635575357582,0.2513613956483588,3.4562344234173135,2,28,750,451,3.6912534548555618,0.9750592796257618,0.25785758489695304,3.4333958699586087,0,28,700,454,3.707595819065672,0.9754635575357582,0.2513613956483588,3.4562344234173135,0,28,700,454,3.707595819065672,0.9754635575357582,0.2513613956483588,3.4562344234173135,40,26,1650,660.0,5.387812556131826,0.9954280366813849,0.36333079521678957,5.0244817609150365,40,26,1650,660.0,5.387812556131826,0.9954280366813849,0.36333079521678957,5.0244817609150365,78,24,2550,1020.0,8.233912181496228,0.9997345043712128,0.46880400553662605,7.765108175959602,78,24,2550,1020.0,8.233912181496228,0.9997345043712128,0.46880400553662605,7.765108175959602,114,22,3400,1360.0,10.921258594554004,0.9999819300206214,0.5677810266078682,10.353477567946136,114,22,3400,1360.0,10.921258594554004,0.9999819300206214,0.5677810266078682,10.353477567946136,148,20,4200,1680.0,13.449851795305156,0.9999985585367224,0.6602618584305163,12.78958993687464,148,20,4200,1680.0,13.449851795305156,0.9999985585367224,0.6602618584305163,12.78958993687464,180,18,4950,1980.0,15.81969178374968,0.9999998652294028,0.74624650100457,15.07344528274511,180,18,4950,1980.0,15.81969178374968,0.9999998652294028,0.74624650100457,15.07344528274511,210,16,5650,2260.0,18.030778559887583,0.9999999852316367,0.8257349543300295,17.205043605557552,210,16,5650,2260.0,18.030778559887583,0.9999999852316367,0.8257349543300295,17.205043605557552,238,14,6300,2520.0,20.083112123718852,0.9999999981032276,0.8987272184068948,19.18438490531196,238,14,6300,2520.0,20.083112123718852,0.9999999981032276,0.8987272184068948,19.18438490531196,264,12,6900,2760.0,21.976692475243503,0.9999999997144753,0.9652232932351658,21.011469182008337,264,12,6900,2760.0,21.976692475243503,0.9999999997144753,0.9652232932351658,21.011469182008337,162,12,4350,1740.0,13.880278647605593,0.9999990627151958,0.6339176415568591,13.246361006048733,162,12,4350,1740.0,13.880278647605593,0.9999990627151958,0.6339176415568591,13.246361006048733,158,12,4250,1700.0,13.56277222299234,0.9999987124536731,0.6209252630596707,12.94184695993267,158,12,4250,1700.0,13.56277222299234,0.9999987124536731,0.6209252630596707,12.94184695993267,284,4,7200,2880.0,22.883378964463816,0.9999999998846879,0.9583676441072915,21.925011320356525,284,4,7200,2880.0,22.883378964463816,0.9999999998846879,0.9583676441072915,21.925011320356525,380,0,9500,3800.0,30.16311033825888,0.9999999999999205,1.234275957232907,28.928834381025972,380,0,9500,3800.0,30.16311033825888,0.9999999999999205,1.234275957232907,28.928834381025972,380,0,9500,3800.0,30.16311033825888,0.9999999999999205,1.234275957232907,28.928834381025972,380,0,9500,3800.0,30.16311033825888,0.9999999999999205,1.234275957232907,28.928834381025972,380,0,9500,3800.0,30.16311033825888,0.9999999999999205,1.234275957232907,28.928834381025972,380,0,9500,3800.0,30.16311033825888,0.9999999999999205,1.234275957232907,28.928834381025972
qft_n32,qft,MQT Bench 2.3.0,32,860,122,380,4,20,20,SC5|p=0.002|r=10|rho=100,realistic,SC5,5,25,0.002,10.0,100,1,0.0032480946242971235,0.0,0.0089771927017271,0.0002379015985281741,FEASIBLE/FEASIBLE,70.26,28,FEASIBLE,30.12,2.824366582813299,0.027,0.0,0.0,0.0,380,0,9500,38000.0,290.5226197674926,1.0,1.234275957232907,289.2883438102597,0,28,700,2800.0,21.567344623772758,0.9999999995700467,0.2513613956483588,21.3159832281244,0,28,700,2800.0,21.567344623772758,0.9999999995700467,0.2513613956483588,21.3159832281244,0,28,700,2800.0,21.567344623772758,0.9999999995700467,0.2513613956483588,21.3159832281244,0,28,700,2800.0,21.567344623772758,0.9999999995700467,0.2513613956483588,21.3159832281244,40,26,1650,6600.0,50.60814840436716,1.0,0.36333079521678957,50.24481760915037,40,26,1650,6600.0,50.60814840436716,1.0,0.36333079521678957,50.24481760915037,78,24,2550,10200.0,78.11988576513265,1.0,0.46880400553662605,77.65108175959602,78,24,2550,10200.0,78.11988576513265,1.0,0.46880400553662605,77.65108175959602,114,22,3400,13600.0,104.10255670606924,1.0,0.5677810266078682,103.53477567946136,114,22,3400,13600.0,104.10255670606924,1.0,0.5677810266078682,103.53477567946136,148,20,4200,16800.0,128.55616122717691,1.0,0.6602618584305163,127.8958993687464,148,20,4200,16800.0,128.55616122717691,1.0,0.6602618584305163,127.8958993687464,180,18,4950,19800.0,151.48069932845567,1.0,0.74624650100457,150.7344528274511,180,18,4950,19800.0,151.48069932845567,1.0,0.74624650100457,150.7344528274511,210,16,5650,22600.0,172.87617100990553,1.0,0.8257349543300295,172.05043605557552,210,16,5650,22600.0,172.87617100990553,1.0,0.8257349543300295,172.05043605557552,238,14,6300,25200.0,192.74257627152647,1.0,0.8987272184068948,191.84384905311958,238,14,6300,25200.0,192.74257627152647,1.0,0.8987272184068948,191.84384905311958,264,12,6900,27600.0,211.07991511331852,1.0,0.9652232932351658,210.11469182008335,264,12,6900,27600.0,211.07991511331852,1.0,0.9652232932351658,210.11469182008335,162,12,4350,17400.0,133.09752770204418,1.0,0.6339176415568591,132.46361006048733,162,12,4350,17400.0,133.09752770204418,1.0,0.6339176415568591,132.46361006048733,158,12,4250,17000.0,130.03939486238636,1.0,0.6209252630596707,129.4184695993267,158,12,4250,17000.0,130.03939486238636,1.0,0.6209252630596707,129.4184695993267,284,4,7200,28800.0,220.20848084767252,1.0,0.9583676441072915,219.25011320356523,284,4,7200,28800.0,220.20848084767252,1.0,0.9583676441072915,219.25011320356523,380,0,9500,38000.0,290.5226197674926,1.0,1.234275957232907,289.2883438102597,380,0,9500,38000.0,290.5226197674926,1.0,1.234275957232907,289.2883438102597,380,0,9500,38000.0,290.5226197674926,1.0,1.234275957232907,289.2883438102597,380,0,9500,38000.0,290.5226197674926,1.0,1.234275957232907,289.2883438102597,380,0,9500,38000.0,290.5226197674926,1.0,1.234275957232907,289.2883438102597,380,0,9500,38000.0,290.5226197674926,1.0,1.234275957232907,289.2883438102597
qft_n32,qft,MQT Bench 2.3.0,32,860,122,380,4,20,20,SC5|p=0.002|r=30|rho=10,realistic,SC5,5,25,0.002,30.0,10,1,0.017467932906043773,0.0,0.031064157235436735,0.0001993039102874015,FEASIBLE/FEASIBLE,70.26,28,FEASIBLE,30.12,2.3661341176601196,0.027,0.0,0.0,0.0,380,0,9500,3800.0,30.87316999524466,0.9999999999999609,6.6378145042966334,24.235355490948024,0,28,700,454,3.7652836112475976,0.9768389574284456,0.8697964025922286,2.895487208655369,0,28,700,454,3.7652836112475976,0.9768389574284456,0.8697964025922286,2.895487208655369,0,28,700,454,3.7652836112475976,0.9768389574284456,0.8697964025922286,2.895487208655369,0,28,700,454,3.7652836112475976,0.9768389574284456,0.8697964025922286,2.895487208655369,40,26,1650,660.0,5.7156839896330265,0.9967061032402685,1.506385404363106,4.20929858526992,40,26,1650,660.0,5.7156839896330265,0.9967061032402685,1.506385404363106,4.20929858526992,78,24,2550,1020.0,8.613318172102682,0.9998183299034585,2.108038540321896,6.505279631780786,78,24,2550,1020.0,8.613318172102682,0.9998183299034585,2.108038540321896,6.505279631780786,114,22,3400,1360.0,11.348461986176313,0.99998821239481,2.6747558104685982,8.673706175707714,114,22,3400,1360.0,11.348461986176313,0.99998821239481,2.6747558104685982,8.673706175707714,148,20,4200,1680.0,13.92111543185392,0.9999991002198956,3.2065372148032134,10.714578217050706,148,20,4200,1680.0,13.92111543185392,0.9999991002198956,3.2065372148032134,10.714578217050706,180,18,4950,1980.0,16.3312785091355,0.9999999191991628,3.703382753325741,12.62789575580976,180,18,4950,1980.0,16.3312785091355,0.9999999191991628,3.703382753325741,12.62789575580976,210,16,5650,2260.0,18.578951218021057,0.9999999914638114,4.16529242603618,14.413658791984878,210,16,5650,2260.0,18.578951218021057,0.9999999914638114,4.16529242603618,14.413658791984878,238,14,6300,2520.0,20.664133558510592,0.9999999989390844,4.5922662329345325,16.071867325576058,238,14,6300,2520.0,20.664133558510592,0.9999999989390844,4.5922662329345325,16.071867325576058,264,12,6900,2760.0,22.5868255306041,0.9999999998448805,4.984304174020797,17.602521356583303,264,12,6900,2760.0,22.5868255306041,0.9999999998448805,4.984304174020797,17.602521356583303,162,12,4350,1740.0,14.299816742406849,0.9999993838754747,3.202575017604332,11.097241724802517,162,12,4350,1740.0,14.299816742406849,0.9999993838754747,3.202575017604332,11.097241724802517,158,12,4250,1700.0,13.974836005614799,0.9999991472812015,3.1327032859801567,10.842132719634643,158,12,4250,1700.0,13.974836005614799,0.9999991472812015,3.1327032859801567,10.842132719634643,284,4,7200,2880.0,23.452997946345103,0.9999999999347632,5.085149574258178,18.367848372086925,284,4,7200,2880.0,23.452997946345103,0.9999999999347632,5.085149574258178,18.367848372086925,380,0,9500,3800.0,30.87316999524466,0.9999999999999609,6.6378145042966334,24.235355490948024,380,0,9500,3800.0,30.87316999524466,0.9999999999999609,6.6378145042966334,24.235355490948024,380,0,9500,3800.0,30.87316999524466,0.9999999999999609,6.6378145042966334,24.235355490948024,380,0,9500,3800.0,30.87316999524466,0.9999999999999609,6.6378145042966334,24.235355490948024,380,0,9500,3800.0,30.87316999524466,0.9999999999999609,6.6378145042966334,24.235355490948024,380,0,9500,3800.0,30.87316999524466,0.9999999999999609,6.6378145042966334,24.235355490948024
qft_n32,qft,MQT Bench 2.3.0,32,860,122,380,4,20,20,SC5|p=0.002|r=30|rho=100,realistic,SC5,5,25,0.002,30.0,100,1,0.017467932906043773,0.0,0.031064157235436735,0.0001993039102874015,FEASIBLE/FEASIBLE,70.27,28,FEASIBLE,30.12,2.3661341176601196,0.027,0.0,0.0,0.0,380,0,9500,38000.0,248.99136941377688,1.0,6.6378145042966334,242.35355490948024,0,28,700,2800.0,18.727426764343406,0.9999999926416253,0.8697964025922286,17.857630361751177,0,28,700,2800.0,18.727426764343406,0.9999999926416253,0.8697964025922286,17.857630361751177,0,28,700,2800.0,18.727426764343406,0.9999999926416253,0.8697964025922286,17.857630361751177,0,28,700,2800.0,18.727426764343406,0.9999999926416253,0.8697964025922286,17.857630361751177,40,26,1650,6600.0,43.59937125706231,1.0,1.506385404363106,42.0929858526992,40,26,1650,6600.0,43.59937125706231,1.0,1.506385404363106,42.0929858526992,78,24,2550,10200.0,67.16083485812976,1.0,2.108038540321896,65.05279631780786,78,24,2550,10200.0,67.16083485812976,1.0,2.108038540321896,65.05279631780786,114,22,3400,13600.0,89.41181756754574,1.0,2.6747558104685982,86.73706175707714,114,22,3400,13600.0,89.41181756754574,1.0,2.6747558104685982,86.73706175707714,148,20,4200,16800.0,110.35231938531027,1.0,3.2065372148032134,107.14578217050705,148,20,4200,16800.0,110.35231938531027,1.0,3.2065372148032134,107.14578217050705,180,18,4950,19800.0,129.98234031142334,1.0,3.703382753325741,126.2789575580976,180,18,4950,19800.0,129.98234031142334,1.0,3.703382753325741,126.2789575580976,210,16,5650,22600.0,148.30188034588497,1.0,4.16529242603618,144.13658791984878,210,16,5650,22600.0,148.30188034588497,1.0,4.16529242603618,144.13658791984878,238,14,6300,25200.0,165.3109394886951,1.0,4.5922662329345325,160.7186732557606,238,14,6300,25200.0,165.3109394886951,1.0,4.5922662329345325,160.7186732557606,264,12,6900,27600.0,181.0095177398538,1.0,4.984304174020797,176.025213565833,264,12,6900,27600.0,181.0095177398538,1.0,4.984304174020797,176.025213565833,162,12,4350,17400.0,114.1749922656295,1.0,3.202575017604332,110.97241724802517,162,12,4350,17400.0,114.1749922656295,1.0,3.202575017604332,110.97241724802517,158,12,4250,17000.0,111.55403048232658,1.0,3.1327032859801567,108.42132719634643,158,12,4250,17000.0,111.55403048232658,1.0,3.1327032859801567,108.42132719634643,284,4,7200,28800.0,188.7636332951274,1.0,5.085149574258178,183.67848372086922,284,4,7200,28800.0,188.7636332951274,1.0,5.085149574258178,183.67848372086922,380,0,9500,38000.0,248.99136941377688,1.0,6.6378145042966334,242.35355490948024,380,0,9500,38000.0,248.99136941377688,1.0,6.6378145042966334,242.35355490948024,380,0,9500,38000.0,248.99136941377688,1.0,6.6378145042966334,242.35355490948024,380,0,9500,38000.0,248.99136941377688,1.0,6.6378145042966334,242.35355490948024,380,0,9500,38000.0,248.99136941377688,1.0,6.6378145042966334,242.35355490948024,380,0,9500,38000.0,248.99136941377688,1.0,6.6378145042966334,242.35355490948024
qft_n32,qft,MQT Bench 2.3.0,32,860,122,380,4,20,20,SC7|p=0.001|r=10|rho=10,realistic,SC7,7,49,0.001,10.0,10,0,0.00013916666666666662,0.00010250000000000045,0.00027916666666666584,1.805555555555555e-06,FEASIBLE/FEASIBLE,70.27,28,FEASIBLE,30.12,0.10970109297916698,0.027,0.0010245901639344263,0.008988764044943821,0.004651162790697674,380,0,18620,3800.0,0.32163888888888903,0.27504006584490953,0.10208333333333353,0.2195555555555555,0,28,1372,454,0.12219777777777813,0.11502667686408688,0.09596666666666702,0.026231111111111104,4,28,1568,448,0.12199777777777812,0.1148496644988132,0.09611333333333369,0.02588444444444444,0,28,1372,454,0.12219777777777813,0.11502667686408688,0.09596666666666702,0.026231111111111104,0,28,1372,454,0.12219777777777813,0.11502667686408688,0.09596666666666702,0.026231111111111104,40,26,3234,660.0,0.13500833333333367,0.12629136924755932,0.09687500000000034,0.038133333333333325,40,26,3234,660.0,0.13500833333333367,0.12629136924755932,0.09687500000000034,0.038133333333333325,78,24,4998,1020.0,0.15664333333333363,0.14499104236427987,0.09771000000000032,0.05893333333333332,78,24,4998,1020.0,0.15664333333333363,0.14499104236427987,0.09771000000000032,0.05893333333333332,114,22,6664,1360.0,0.17704944444444473,0.1622616380089534,0.09847166666666697,0.07857777777777776,114,22,6664,1360.0,0.17704944444444473,0.1622616380089534,0.09847166666666697,0.07857777777777776,148,20,8232,1680.0,0.19622666666666694,0.1781740669800218,0.09916000000000029,0.09706666666666665,148,20,8232,1680.0,0.19622666666666694,0.1781740669800218,0.09916000000000029,0.09706666666666665,180,18,9702,1980.0,0.21417500000000025,0.19279288858289667,0.09977500000000028,0.11439999999999997,180,18,9702,1980.0,0.21417500000000025,0.19279288858289667,0.09977500000000028,0.11439999999999997,210,16,11074,2260.0,0.23089444444444468,0.20617674593238536,0.10031666666666694,0.13057777777777774,210,16,11074,2260.0,0.23089444444444468,0.20617674593238536,0.10031666666666694,0.13057777777777774,238,14,12348,2520.0,0.24638500000000021,0.21837875718834454,0.10078500000000026,0.14559999999999995,238,14,12348,2520.0,0.24638500000000021,0.21837875718834454,0.10078500000000026,0.14559999999999995,264,12,13524,2760.0,0.26064666666666686,0.22944686637168005,0.10118000000000024,0.15946666666666662,264,12,13524,2760.0,0.26064666666666686,0.22944686637168005,0.10118000000000024,0.15946666666666662,162,12,8526,1740.0,0.1979733333333336,0.17960827004106256,0.0974400000000003,0.10053333333333331,162,12,8526,1740.0,0.1979733333333336,0.17960827004106256,0.0974400000000003,0.10053333333333331,158,12,8330,1700.0,0.19551555555555583,0.1775894495883263,0.09729333333333362,0.0982222222222222,158,12,8330,1700.0,0.19551555555555583,0.1775894495883263,0.09729333333333362,0.0982222222222222,284,4,14112,2880.0,0.2660800000000002,0.2336221851766413,0.09968000000000025,0.16639999999999996,284,4,14112,2880.0,0.2660800000000002,0.2336221851766413,0.09968000000000025,0.16639999999999996,380,0,18620,3800.0,0.32163888888888903,0.27504006584490953,0.10208333333333353,0.2195555555555555,380,0,18620,3800.0,0.32163888888888903,0.27504006584490953,0.10208333333333353,0.2195555555555555,380,0,18620,3800.0,0.32163888888888903,0.27504006584490953,0.10208333333333353,0.2195555555555555,380,0,18620,3800.0,0.32163888888888903,0.27504006584490953,0.10208333333333353,0.2195555555555555,380,0,18620,3800.0,0.32163888888888903,0.27504006584490953,0.10208333333333353,0.2195555555555555,380,0,18620,3800.0,0.32163888888888903,0.27504006584490953,0.10208333333333353,0.2195555555555555
qft_n32,qft,MQT Bench 2.3.0,32,860,122,380,4,20,20,SC7|p=0.001|r=10|rho=100,realistic,SC7,7,49,0.001,10.0,100,0,0.00013916666666666662,0.00010250000000000045,0.00027916666666666584,1.805555555555555e-06,FEASIBLE/FEASIBLE,70.26,28,FEASIBLE,30.11,0.10958553752083365,0.027,0.0,0.0,0.0,380,0,18620,38000.0,2.297638888888889,0.8995041543234261,0.10208333333333353,2.195555555555555,0,28,1372,2800.0,0.2577444444444448,0.2272073016585896,0.09596666666666702,0.16177777777777774,0,28,1372,2800.0,0.2577444444444448,0.2272073016585896,0.09596666666666702,0.16177777777777774,0,28,1372,2800.0,0.2577444444444448,0.2272073016585896,0.09596666666666702,0.16177777777777774,0,28,1372,2800.0,0.2577444444444448,0.2272073016585896,0.09596666666666702,0.16177777777777774,40,26,3234,6600.0,0.47820833333333357,0.38010696085463563,0.09687500000000034,0.38133333333333325,40,26,3234,6600.0,0.47820833333333357,0.38010696085463563,0.09687500000000034,0.38133333333333325,78,24,4998,10200.0,0.6870433333333335,0.4969387431691042,0.09771000000000032,0.5893333333333332,78,24,4998,10200.0,0.6870433333333335,0.4969387431691042,0.09771000000000032,0.5893333333333332,114,22,6664,13600.0,0.8842494444444445,0.5869759455283612,0.09847166666666697,0.7857777777777776,114,22,6664,13600.0,0.8842494444444445,0.5869759455283612,0.09847166666666697,0.7857777777777776,148,20,8232,16800.0,1.0698266666666667,0.6569320226185595,0.09916000000000029,0.9706666666666665,148,20,8232,16800.0,1.0698266666666667,0.6569320226185595,0.09916000000000029,0.9706666666666665,180,18,9702,19800.0,1.2437749999999999,0.7117061481228613,0.09977500000000028,1.1439999999999997,180,18,9702,19800.0,1.2437749999999999,0.7117061481228613,0.09977500000000028,1.1439999999999997,210,16,11074,22600.0,1.4060944444444443,0.7549013372610632,0.10031666666666694,1.3057777777777775,210,16,11074,22600.0,1.4060944444444443,0.7549013372610632,0.10031666666666694,1.3057777777777775,238,14,12348,25200.0,1.5567849999999999,0.7891872541586951,0.10078500000000026,1.4559999999999995,238,14,12348,25200.0,1.5567849999999999,0.7891872541586951,0.10078500000000026,1.4559999999999995,264,12,13524,27600.0,1.6958466666666665,0.8165561525320499,0.10118000000000024,1.5946666666666662,264,12,13524,27600.0,1.6958466666666665,0.8165561525320499,0.10118000000000024,1.5946666666666662,162,12,8526,17400.0,1.1027733333333334,0.6680507998379936,0.0974400000000003,1.005333333333333,162,12,8526,17400.0,1.1027733333333334,0.6680507998379936,0.0974400000000003,1.005333333333333,158,12,8330,17000.0,1.0795155555555556,0.6602399193336392,0.09729333333333362,0.982222222222222,158,12,8330,17000.0,1.0795155555555556,0.6602399193336392,0.09729333333333362,0.982222222222222,284,4,14112,28800.0,1.7636799999999997,0.8285870977533282,0.09968000000000025,1.6639999999999995,284,4,14112,28800.0,1.7636799999999997,0.8285870977533282,0.09968000000000025,1.6639999999999995,380,0,18620,38000.0,2.297638888888889,0.8995041543234261,0.10208333333333353,2.195555555555555,380,0,18620,38000.0,2.297638888888889,0.8995041543234261,0.10208333333333353,2.195555555555555,380,0,18620,38000.0,2.297638888888889,0.8995041543234261,0.10208333333333353,2.195555555555555,380,0,18620,38000.0,2.297638888888889,0.8995041543234261,0.10208333333333353,2.195555555555555,380,0,18620,38000.0,2.297638888888889,0.8995041543234261,0.10208333333333353,2.195555555555555,380,0,18620,38000.0,2.297638888888889,0.8995041543234261,0.10208333333333353,2.195555555555555
qpeexact_n24,qft,MQT Bench 2.3.0,24,540,122,276,3,15,15,SC5|p=0.001|r=10|rho=10,realistic,SC5,5,25,0.001,10.0,10,0,0.0003825200145869967,5.810310143125109e-05,0.0009810966318486132,2.8691623476531386e-05,FEASIBLE/FEASIBLE,70.16,53,FEASIBLE,30.09,0.28684603351368676,0.017,0.0,0.0,0.0,276,0,6900,2760.0,2.0214478818893005,0.8675364653854323,0.12091474280386139,1.900533139085439,0,53,1325,530.0,0.4483312468823313,0.3613069161048986,0.08337379626085209,0.3649574506214792,0,53,1325,530.0,0.4483312468823313,0.3613069161048986,0.08337379626085209,0.3649574506214792,0,53,1325,530.0,0.4483312468823313,0.3613069161048986,0.08337379626085209,0.3649574506214792,0,53,1325,530.0,0.4483312468823313,0.3613069161048986,0.08337379626085209,0.3649574506214792,39,43,2050,820.0,0.6508662395735777,0.47840624414257077,0.08621508955544004,0.5646511500181377,39,43,2050,820.0,0.6508662395735777,0.47840624414257077,0.08621508955544004,0.5646511500181377,104,23,3175,1270.0,0.9622009398382678,0.6179489115187848,0.08768025627359124,0.8745206835646766,104,23,3175,1270.0,0.9622009398382678,0.6179489115187848,0.08768025627359124,0.8745206835646766,216,6,5550,2220.0,1.6360260066352006,0.8052475485502347,0.10733630780560834,1.5286896988295922,216,6,5550,2220.0,1.6360260066352006,0.8052475485502347,0.10733630780560834,1.5286896988295922,246,3,6225,2490.0,1.8287369442622503,0.8393836929390794,0.11412552530473484,1.7146114189575155,246,3,6225,2490.0,1.8287369442622503,0.8393836929390794,0.11412552530473484,1.7146114189575155,276,0,6900,2760.0,2.0214478818893005,0.8675364653854323,0.12091474280386139,1.900533139085439,276,0,6900,2760.0,2.0214478818893005,0.8675364653854323,0.12091474280386139,1.900533139085439,276,0,6900,2760.0,2.0214478818893005,0.8675364653854323,0.12091474280386139,1.900533139085439,276,0,6900,2760.0,2.0214478818893005,0.8675364653854323,0.12091474280386139,1.900533139085439,276,0,6900,2760.0,2.0214478818893005,0.8675364653854323,0.12091474280386139,1.900533139085439,276,0,6900,2760.0,2.0214478818893005,0.8675364653854323,0.12091474280386139,1.900533139085439,276,0,6900,2760.0,2.0214478818893005,0.8675364653854323,0.12091474280386139,1.900533139085439,276,0,6900,2760.0,2.0214478818893005,0.8675364653854323,0.12091474280386139,1.900533139085439,276,0,6900,2760.0,2.0214478818893005,0.8675364653854323,0.12091474280386139,1.900533139085439,276,0,6900,2760.0,2.0214478818893005,0.8675364653854323,0.12091474280386139,1.900533139085439,276,0,6900,2760.0,2.0214478818893005,0.8675364653854323,0.12091474280386139,1.900533139085439,276,0,6900,2760.0,2.0214478818893005,0.8675364653854323,0.12091474280386139,1.900533139085439,276,0,6900,2760.0,2.0214478818893005,0.8675364653854323,0.12091474280386139,1.900533139085439,276,0,6900,2760.0,2.0214478818893005,0.8675364653854323,0.12091474280386139,1.900533139085439,276,0,6900,2760.0,2.0214478818893005,0.8675364653854323,0.12091474280386139,1.900533139085439,276,0,6900,2760.0,2.0214478818893005,0.8675364653854323,0.12091474280386139,1.900533139085439,276,0,6900,2760.0,2.0214478818893005,0.8675364653854323,0.12091474280386139,1.900533139085439,276,0,6900,2760.0,2.0214478818893005,0.8675364653854323,0.12091474280386139,1.900533139085439,276,0,6900,2760.0,2.0214478818893005,0.8675364653854323,0.12091474280386139,1.900533139085439,276,0,6900,2760.0,2.0214478818893005,0.8675364653854323,0.12091474280386139,1.900533139085439
qpeexact_n24,qft,MQT Bench 2.3.0,24,540,122,276,3,15,15,SC5|p=0.001|r=10|rho=100,realistic,SC5,5,25,0.001,10.0,100,0,0.0003825200145869967,5.810310143125109e-05,0.0009810966318486132,2.8691623476531386e-05,FEASIBLE/FEASIBLE,70.18,53,FEASIBLE,30.13,0.28684603351368676,0.017,0.0,0.0,0.0,276,0,6900,27600.0,19.126246133658253,0.9999999950617071,0.12091474280386139,19.00533139085439,0,53,1325,5300.0,3.7329483024756445,0.9760777981242795,0.08337379626085209,3.649574506214792,0,53,1325,5300.0,3.7329483024756445,0.9760777981242795,0.08337379626085209,3.649574506214792,0,53,1325,5300.0,3.7329483024756445,0.9760777981242795,0.08337379626085209,3.649574506214792,0,53,1325,5300.0,3.7329483024756445,0.9760777981242795,0.08337379626085209,3.649574506214792,39,43,2050,8200.0,5.732726589736816,0.9967617641549521,0.08621508955544004,5.646511500181377,39,43,2050,8200.0,5.732726589736816,0.9967617641549521,0.08621508955544004,5.646511500181377,104,23,3175,12700.0,8.832887091920357,0.9998541434701886,0.08768025627359124,8.745206835646766,104,23,3175,12700.0,8.832887091920357,0.9998541434701886,0.08768025627359124,8.745206835646766,216,6,5550,22200.0,15.39423329610153,0.9999997937616496,0.10733630780560834,15.286896988295922,216,6,5550,22200.0,15.39423329610153,0.9999997937616496,0.10733630780560834,15.286896988295922,246,3,6225,24900.0,17.26023971487989,0.9999999680865956,0.11412552530473484,17.146114189575155,246,3,6225,24900.0,17.26023971487989,0.9999999680865956,0.11412552530473484,17.146114189575155,276,0,6900,27600.0,19.126246133658253,0.9999999950617071,0.12091474280386139,19.00533139085439,276,0,6900,27600.0,19.126246133658253,0.9999999950617071,0.12091474280386139,19.00533139085439,276,0,6900,27600.0,19.126246133658253,0.9999999950617071,0.12091474280386139,19.00533139085439,276,0,6900,27600.0,19.126246133658253,0.9999999950617071,0.12091474280386139,19.00533139085439,276,0,6900,27600.0,19.126246133658253,0.9999999950617071,0.12091474280386139,19.00533139085439,276,0,6900,27600.0,19.126246133658253,0.9999999950617071,0.12091474280386139,19.00533139085439,276,0,6900,27600.0,19.126246133658253,0.9999999950617071,0.12091474280386139,19.00533139085439,276,0,6900,27600.0,19.126246133658253,0.9999999950617071,0.12091474280386139,19.00533139085439,276,0,6900,27600.0,19.126246133658253,0.9999999950617071,0.12091474280386139,19.00533139085439,276,0,6900,27600.0,19.126246133658253,0.9999999950617071,0.12091474280386139,19.00533139085439,276,0,6900,27600.0,19.126246133658253,0.9999999950617071,0.12091474280386139,19.00533139085439,276,0,6900,27600.0,19.126246133658253,0.9999999950617071,0.12091474280386139,19.00533139085439,276,0,6900,27600.0,19.126246133658253,0.9999999950617071,0.12091474280386139,19.00533139085439,276,0,6900,27600.0,19.126246133658253,0.9999999950617071,0.12091474280386139,19.00533139085439,276,0,6900,27600.0,19.126246133658253,0.9999999950617071,0.12091474280386139,19.00533139085439,276,0,6900,27600.0,19.126246133658253,0.9999999950617071,0.12091474280386139,19.00533139085439,276,0,6900,27600.0,19.126246133658253,0.9999999950617071,0.12091474280386139,19.00533139085439,276,0,6900,27600.0,19.126246133658253,0.9999999950617071,0.12091474280386139,19.00533139085439,276,0,6900,27600.0,19.126246133658253,0.9999999950617071,0.12091474280386139,19.00533139085439,276,0,6900,27600.0,19.126246133658253,0.9999999950617071,0.12091474280386139,19.00533139085439
qpeexact_n24,qft,MQT Bench 2.3.0,24,540,122,276,3,15,15,SC5|p=0.001|r=30|rho=10,realistic,SC5,5,25,0.001,30.0,10,1,0.0031526304869580694,0.0,0.005366132781095331,2.868275147901941e-05,FEASIBLE/FEASIBLE,70.17,53,FEASIBLE,30.09,0.2553903198877406,0.017,0.0,0.0,0.0,276,0,6900,2760.0,2.770071472370673,0.9373424736998326,0.8701260144004271,1.8999454579702457,0,53,1325,530.0,0.6492496362111794,0.477562351987384,0.2844050373980525,0.36484459881312686,0,53,1325,530.0,0.6492496362111794,0.477562351987384,0.2844050373980525,0.36484459881312686,0,53,1325,530.0,0.6492496362111794,0.477562351987384,0.2844050373980525,0.36484459881312686,0,53,1325,530.0,0.6492496362111794,0.477562351987384,0.2844050373980525,0.36484459881312686,39,43,2050,820.0,0.918172847685566,0.6007521382968453,0.3536962985784639,0.564476549107102,39,43,2050,820.0,0.918172847685566,0.6007521382968453,0.3536962985784639,0.564476549107102,104,23,3175,1270.0,1.3255448896893434,0.7343418347509603,0.4512946246088318,0.8742502650805116,104,23,3175,1270.0,1.3255448896893434,0.7343418347509603,0.4512946246088318,0.8742502650805116,216,6,5550,2220.0,2.241381980671669,0.8936885176019664,0.7131649818695149,1.5282169988021541,216,6,5550,2220.0,2.241381980671669,0.8936885176019664,0.7131649818695149,1.5282169988021541,246,3,6225,2490.0,2.505726726521171,0.9183837362753932,0.791645498134971,1.7140812283862,246,3,6225,2490.0,2.505726726521171,0.9183837362753932,0.791645498134971,1.7140812283862,276,0,6900,2760.0,2.770071472370673,0.9373424736998326,0.8701260144004271,1.8999454579702457,276,0,6900,2760.0,2.770071472370673,0.9373424736998326,0.8701260144004271,1.8999454579702457,276,0,6900,2760.0,2.770071472370673,0.9373424736998326,0.8701260144004271,1.8999454579702457,276,0,6900,2760.0,2.770071472370673,0.9373424736998326,0.8701260144004271,1.8999454579702457,276,0,6900,2760.0,2.770071472370673,0.9373424736998326,0.8701260144004271,1.8999454579702457,276,0,6900,2760.0,2.770071472370673,0.9373424736998326,0.8701260144004271,1.8999454579702457,276,0,6900,2760.0,2.770071472370673,0.9373424736998326,0.8701260144004271,1.8999454579702457,276,0,6900,2760.0,2.770071472370673,0.9373424736998326,0.8701260144004271,1.8999454579702457,276,0,6900,2760.0,2.770071472370673,0.9373424736998326,0.8701260144004271,1.8999454579702457,276,0,6900,2760.0,2.770071472370673,0.9373424736998326,0.8701260144004271,1.8999454579702457,276,0,6900,2760.0,2.770071472370673,0.9373424736998326,0.8701260144004271,1.8999454579702457,276,0,6900,2760.0,2.770071472370673,0.9373424736998326,0.8701260144004271,1.8999454579702457,276,0,6900,2760.0,2.770071472370673,0.9373424736998326,0.8701260144004271,1.8999454579702457,276,0,6900,2760.0,2.770071472370673,0.9373424736998326,0.8701260144004271,1.8999454579702457,276,0,6900,2760.0,2.770071472370673,0.9373424736998326,0.8701260144004271,1.8999454579702457,276,0,6900,2760.0,2.770071472370673,0.9373424736998326,0.8701260144004271,1.8999454579702457,276,0,6900,2760.0,2.770071472370673,0.9373424736998326,0.8701260144004271,1.8999454579702457,276,0,6900,2760.0,2.770071472370673,0.9373424736998326,0.8701260144004271,1.8999454579702457,276,0,6900,2760.0,2.770071472370673,0.9373424736998326,0.8701260144004271,1.8999454579702457,276,0,6900,2760.0,2.770071472370673,0.9373424736998326,0.8701260144004271,1.8999454579702457
qpeexact_n24,qft,MQT Bench 2.3.0,24,540,122,276,3,15,15,SC5|p=0.001|r=30|rho=100,realistic,SC5,5,25,0.001,30.0,100,1,0.0031526304869580694,0.0,0.005366132781095331,2.868275147901941e-05,FEASIBLE/FEASIBLE,70.17,53,FEASIBLE,30.09,0.2553903198877406,0.017,0.0,0.0,0.0,276,0,6900,27600.0,19.869580594102885,0.9999999976517151,0.8701260144004271,18.99945457970246,0,53,1325,5300.0,3.9328510255293216,0.9804122522994007,0.2844050373980525,3.648445988131269,0,53,1325,5300.0,3.9328510255293216,0.9804122522994007,0.2844050373980525,3.648445988131269,0,53,1325,5300.0,3.9328510255293216,0.9804122522994007,0.2844050373980525,3.648445988131269,0,53,1325,5300.0,3.9328510255293216,0.9804122522994007,0.2844050373980525,3.648445988131269,39,43,2050,8200.0,5.998461789649483,0.9975174320470982,0.3536962985784639,5.64476549107102,39,43,2050,8200.0,5.998461789649483,0.9975174320470982,0.3536962985784639,5.64476549107102,104,23,3175,12700.0,9.193797275413948,0.9998983319308715,0.4512946246088318,8.742502650805116,104,23,3175,12700.0,9.193797275413948,0.9998983319308715,0.4512946246088318,8.742502650805116,216,6,5550,22200.0,15.995334969891056,0.9999998869386189,0.7131649818695149,15.282169988021542,216,6,5550,22200.0,15.995334969891056,0.9999998869386189,0.7131649818695149,15.282169988021542,246,3,6225,24900.0,17.93245778199697,0.9999999837058189,0.791645498134971,17.140812283861997,246,3,6225,24900.0,17.93245778199697,0.9999999837058189,0.791645498134971,17.140812283861997,276,0,6900,27600.0,19.869580594102885,0.9999999976517151,0.8701260144004271,18.99945457970246,276,0,6900,27600.0,19.869580594102885,0.9999999976517151,0.8701260144004271,18.99945457970246,276,0,6900,27600.0,19.869580594102885,0.9999999976517151,0.8701260144004271,18.99945457970246,276,0,6900,27600.0,19.869580594102885,0.9999999976517151,0.8701260144004271,18.99945457970246,276,0,6900,27600.0,19.869580594102885,0.9999999976517151,0.8701260144004271,18.99945457970246,276,0,6900,27600.0,19.869580594102885,0.9999999976517151,0.8701260144004271,18.99945457970246,276,0,6900,27600.0,19.869580594102885,0.9999999976517151,0.8701260144004271,18.99945457970246,276,0,6900,27600.0,19.869580594102885,0.9999999976517151,0.8701260144004271,18.99945457970246,276,0,6900,27600.0,19.869580594102885,0.9999999976517151,0.8701260144004271,18.99945457970246,276,0,6900,27600.0,19.869580594102885,0.9999999976517151,0.8701260144004271,18.99945457970246,276,0,6900,27600.0,19.869580594102885,0.9999999976517151,0.8701260144004271,18.99945457970246,276,0,6900,27600.0,19.869580594102885,0.9999999976517151,0.8701260144004271,18.99945457970246,276,0,6900,27600.0,19.869580594102885,0.9999999976517151,0.8701260144004271,18.99945457970246,276,0,6900,27600.0,19.869580594102885,0.9999999976517151,0.8701260144004271,18.99945457970246,276,0,6900,27600.0,19.869580594102885,0.9999999976517151,0.8701260144004271,18.99945457970246,276,0,6900,27600.0,19.869580594102885,0.9999999976517151,0.8701260144004271,18.99945457970246,276,0,6900,27600.0,19.869580594102885,0.9999999976517151,0.8701260144004271,18.99945457970246,276,0,6900,27600.0,19.869580594102885,0.9999999976517151,0.8701260144004271,18.99945457970246,276,0,6900,27600.0,19.869580594102885,0.9999999976517151,0.8701260144004271,18.99945457970246,276,0,6900,27600.0,19.869580594102885,0.9999999976517151,0.8701260144004271,18.99945457970246
qpeexact_n24,qft,MQT Bench 2.3.0,24,540,122,276,3,15,15,SC5|p=0.002|r=10|rho=10,realistic,SC5,5,25,0.002,10.0,10,1,0.0032480946242971235,0.0,0.0089771927017271,0.0002379015985281741,FEASIBLE/FEASIBLE,70.17,53,FEASIBLE,30.09,2.118275769744597,0.017,0.0,0.0,0.0,276,0,6900,2760.0,16.655076002812258,0.9999999415489393,0.896474116306006,15.758601886506252,0,53,1325,530.0,3.501899546469911,0.9698599234649826,0.47579121319153633,3.0261083332783745,0,53,1325,530.0,3.501899546469911,0.9698599234649826,0.47579121319153633,3.0261083332783745,0,53,1325,530.0,3.501899546469911,0.9698599234649826,0.47579121319153633,3.0261083332783745,0,53,1325,530.0,3.501899546469911,0.9698599234649826,0.47579121319153633,3.0261083332783745,39,43,2050,820.0,5.19459843555632,0.9944535568777944,0.5126949765218531,4.681903459034467,39,43,2050,820.0,5.19459843555632,0.9944535568777944,0.5126949765218531,4.681903459034467,104,23,3175,1270.0,7.795517996205371,0.9995884244656827,0.5442772730666241,7.251240723138746,104,23,3175,1270.0,7.795517996205371,0.9995884244656827,0.5442772730666241,7.251240723138746,216,6,5550,2220.0,13.430848764639657,0.9999985308826279,0.7554515950585413,12.675397169581116,216,6,5550,2220.0,13.430848764639657,0.9999985308826279,0.7554515950585413,12.675397169581116,246,3,6225,2490.0,15.042962383725959,0.9999997069616602,0.8259628556822737,14.216999528043685,246,3,6225,2490.0,15.042962383725959,0.9999997069616602,0.8259628556822737,14.216999528043685,276,0,6900,2760.0,16.655076002812258,0.9999999415489393,0.896474116306006,15.758601886506252,276,0,6900,2760.0,16.655076002812258,0.9999999415489393,0.896474116306006,15.758601886506252,276,0,6900,2760.0,16.655076002812258,0.9999999415489393,0.896474116306006,15.758601886506252,276,0,6900,2760.0,16.655076002812258,0.9999999415489393,0.896474116306006,15.758601886506252,276,0,6900,2760.0,16.655076002812258,0.9999999415489393,0.896474116306006,15.758601886506252,276,0,6900,2760.0,16.655076002812258,0.9999999415489393,0.896474116306006,15.758601886506252,276,0,6900,2760.0,16.655076002812258,0.9999999415489393,0.896474116306006,15.758601886506252,276,0,6900,2760.0,16.655076002812258,0.9999999415489393,0.896474116306006,15.758601886506252,276,0,6900,2760.0,16.655076002812258,0.9999999415489393,0.896474116306006,15.758601886506252,276,0,6900,2760.0,16.655076002812258,0.9999999415489393,0.896474116306006,15.758601886506252,276,0,6900,2760.0,16.655076002812258,0.9999999415489393,0.896474116306006,15.758601886506252,276,0,6900,2760.0,16.655076002812258,0.9999999415489393,0.896474116306006,15.758601886506252,276,0,6900,2760.0,16.655076002812258,0.9999999415489393,0.896474116306006,15.758601886506252,276,0,6900,2760.0,16.655076002812258,0.9999999415489393,0.896474116306006,15.758601886506252,276,0,6900,2760.0,16.655076002812258,0.9999999415489393,0.896474116306006,15.758601886506252,276,0,6900,2760.0,16.655076002812258,0.9999999415489393,0.896474116306006,15.758601886506252,276,0,6900,2760.0,16.655076002812258,0.9999999415489393,0.896474116306006,15.758601886506252,276,0,6900,2760.0,16.655076002812258,0.9999999415489393,0.896474116306006,15.758601886506252,276,0,6900,2760.0,16.655076002812258,0.9999999415489393,0.896474116306006,15.758601886506252,276,0,6900,2760.0,16.655076002812258,0.9999999415489393,0.896474116306006,15.758601886506252
qpeexact_n24,qft,MQT Bench 2.3.0,24,540,122,276,3,15,15,SC5|p=0.002|r=10|rho=100,realistic,SC5,5,25,0.002,10.0,100,1,0.0032480946242971235,0.0,0.0089771927017271,0.0002379015985281741,FEASIBLE/FEASIBLE,70.17,53,FEASIBLE,30.08,2.118275769744597,0.017,0.0,0.0,0.0,276,0,6900,27600.0,158.48249298136852,1.0,0.896474116306006,157.58601886506253,0,53,1325,5300.0,30.73687454597528,0.9999999999999553,0.47579121319153633,30.261083332783745,0,53,1325,5300.0,30.73687454597528,0.9999999999999553,0.47579121319153633,30.261083332783745,0,53,1325,5300.0,30.73687454597528,0.9999999999999553,0.47579121319153633,30.261083332783745,0,53,1325,5300.0,30.73687454597528,0.9999999999999553,0.47579121319153633,30.261083332783745,39,43,2050,8200.0,47.331729566866514,1.0,0.5126949765218531,46.819034590344664,39,43,2050,8200.0,47.331729566866514,1.0,0.5126949765218531,46.819034590344664,104,23,3175,12700.0,73.0566845044541,1.0,0.5442772730666241,72.51240723138747,104,23,3175,12700.0,73.0566845044541,1.0,0.5442772730666241,72.51240723138747,216,6,5550,22200.0,127.5094232908697,1.0,0.7554515950585413,126.75397169581116,216,6,5550,22200.0,127.5094232908697,1.0,0.7554515950585413,126.75397169581116,246,3,6225,24900.0,142.9959581361191,1.0,0.8259628556822737,142.16999528043684,246,3,6225,24900.0,142.9959581361191,1.0,0.8259628556822737,142.16999528043684,276,0,6900,27600.0,158.48249298136852,1.0,0.896474116306006,157.58601886506253,276,0,6900,27600.0,158.48249298136852,1.0,0.896474116306006,157.58601886506253,276,0,6900,27600.0,158.48249298136852,1.0,0.896474116306006,157.58601886506253,276,0,6900,27600.0,158.48249298136852,1.0,0.896474116306006,157.58601886506253,276,0,6900,27600.0,158.48249298136852,1.0,0.896474116306006,157.58601886506253,276,0,6900,27600.0,158.48249298136852,1.0,0.896474116306006,157.58601886506253,276,0,6900,27600.0,158.48249298136852,1.0,0.896474116306006,157.58601886506253,276,0,6900,27600.0,158.48249298136852,1.0,0.896474116306006,157.58601886506253,276,0,6900,27600.0,158.48249298136852,1.0,0.896474116306006,157.58601886506253,276,0,6900,27600.0,158.48249298136852,1.0,0.896474116306006,157.58601886506253,276,0,6900,27600.0,158.48249298136852,1.0,0.896474116306006,157.58601886506253,276,0,6900,27600.0,158.48249298136852,1.0,0.896474116306006,157.58601886506253,276,0,6900,27600.0,158.48249298136852,1.0,0.896474116306006,157.58601886506253,276,0,6900,27600.0,158.48249298136852,1.0,0.896474116306006,157.58601886506253,276,0,6900,27600.0,158.48249298136852,1.0,0.896474116306006,157.58601886506253,276,0,6900,27600.0,158.48249298136852,1.0,0.896474116306006,157.58601886506253,276,0,6900,27600.0,158.48249298136852,1.0,0.896474116306006,157.58601886506253,276,0,6900,27600.0,158.48249298136852,1.0,0.896474116306006,157.58601886506253,276,0,6900,27600.0,158.48249298136852,1.0,0.896474116306006,157.58601886506253,276,0,6900,27600.0,158.48249298136852,1.0,0.896474116306006,157.58601886506253
qpeexact_n24,qft,MQT Bench 2.3.0,24,540,122,276,3,15,15,SC5|p=0.002|r=30|rho=10,realistic,SC5,5,25,0.002,30.0,10,1,0.017467932906043773,0.0,0.031064157235436735,0.0001993039102874015,FEASIBLE/FEASIBLE,70.16,53,FEASIBLE,30.09,1.7746005882450897,0.017,0.0,0.0,0.0,276,0,6900,2760.0,18.02304049950556,0.9999999851169149,4.821149482068082,13.201891017437477,2,51,1325,530.0,4.154353623675108,0.9843040666688692,1.619207884819361,2.5351457388557472,2,51,1325,530.0,4.154353623675108,0.9843040666688692,1.619207884819361,2.5351457388557472,0,53,1325,530.0,4.181546072333894,0.9847251267576779,1.646400333478147,2.5351457388557472,0,53,1325,530.0,4.181546072333894,0.9847251267576779,1.646400333478147,2.5351457388557472,39,43,2050,820.0,5.939309098915548,0.9973661512485097,2.0170081444594867,3.9223009544560616,39,43,2050,820.0,5.939309098915548,0.9973661512485097,2.0170081444594867,3.9223009544560616,104,23,3175,1270.0,8.605923824203597,0.9998169815927661,2.5311406386435973,6.0747831855599985,104,23,3175,1270.0,8.605923824203597,0.9998169815927661,2.5311406386435973,6.0747831855599985,216,6,5550,2220.0,14.578370791230828,0.999999533669297,3.9594584511180755,10.618912340112752,216,6,5550,2220.0,14.578370791230828,0.999999533669297,3.9594584511180755,10.618912340112752,246,3,6225,2490.0,16.300705645368193,0.9999999166906997,4.390303966593079,11.910401678775115,246,3,6225,2490.0,16.300705645368193,0.9999999166906997,4.390303966593079,11.910401678775115,276,0,6900,2760.0,18.02304049950556,0.9999999851169149,4.821149482068082,13.201891017437477,276,0,6900,2760.0,18.02304049950556,0.9999999851169149,4.821149482068082,13.201891017437477,276,0,6900,2760.0,18.02304049950556,0.9999999851169149,4.821149482068082,13.201891017437477,276,0,6900,2760.0,18.02304049950556,0.9999999851169149,4.821149482068082,13.201891017437477,276,0,6900,2760.0,18.02304049950556,0.9999999851169149,4.821149482068082,13.201891017437477,276,0,6900,2760.0,18.02304049950556,0.9999999851169149,4.821149482068082,13.201891017437477,276,0,6900,2760.0,18.02304049950556,0.9999999851169149,4.821149482068082,13.201891017437477,276,0,6900,2760.0,18.02304049950556,0.9999999851169149,4.821149482068082,13.201891017437477,276,0,6900,2760.0,18.02304049950556,0.9999999851169149,4.821149482068082,13.201891017437477,276,0,6900,2760.0,18.02304049950556,0.9999999851169149,4.821149482068082,13.201891017437477,276,0,6900,2760.0,18.02304049950556,0.9999999851169149,4.821149482068082,13.201891017437477,276,0,6900,2760.0,18.02304049950556,0.9999999851169149,4.821149482068082,13.201891017437477,276,0,6900,2760.0,18.02304049950556,0.9999999851169149,4.821149482068082,13.201891017437477,276,0,6900,2760.0,18.02304049950556,0.9999999851169149,4.821149482068082,13.201891017437477,276,0,6900,2760.0,18.02304049950556,0.9999999851169149,4.821149482068082,13.201891017437477,276,0,6900,2760.0,18.02304049950556,0.9999999851169149,4.821149482068082,13.201891017437477,276,0,6900,2760.0,18.02304049950556,0.9999999851169149,4.821149482068082,13.201891017437477,276,0,6900,2760.0,18.02304049950556,0.9999999851169149,4.821149482068082,13.201891017437477,276,0,6900,2760.0,18.02304049950556,0.9999999851169149,4.821149482068082,13.201891017437477,276,0,6900,2760.0,18.02304049950556,0.9999999851169149,4.821149482068082,13.201891017437477
qpeexact_n24,qft,MQT Bench 2.3.0,24,540,122,276,3,15,15,SC5|p=0.002|r=30|rho=100,realistic,SC5,5,25,0.002,30.0,100,1,0.017467932906043773,0.0,0.031064157235436735,0.0001993039102874015,FEASIBLE/FEASIBLE,70.17,53,FEASIBLE,30.08,1.7746005882450897,0.017,0.0,0.0,0.0,276,0,6900,27600.0,136.84005965644283,1.0,4.821149482068082,132.01891017437475,0,53,1325,5300.0,26.997857722035622,0.9999999999981164,1.646400333478147,25.351457388557474,0,53,1325,5300.0,26.997857722035622,0.9999999999981164,1.646400333478147,25.351457388557474,0,53,1325,5300.0,26.997857722035622,0.9999999999981164,1.646400333478147,25.351457388557474,0,53,1325,5300.0,26.997857722035622,0.9999999999981164,1.646400333478147,25.351457388557474,39,43,2050,8200.0,41.24001768902011,1.0,2.0170081444594867,39.22300954456062,39,43,2050,8200.0,41.24001768902011,1.0,2.0170081444594867,39.22300954456062,104,23,3175,12700.0,63.27897249424358,1.0,2.5311406386435973,60.74783185559998,104,23,3175,12700.0,63.27897249424358,1.0,2.5311406386435973,60.74783185559998,216,6,5550,22200.0,110.14858185224561,1.0,3.9594584511180755,106.18912340112753,216,6,5550,22200.0,110.14858185224561,1.0,3.9594584511180755,106.18912340112753,246,3,6225,24900.0,123.49432075434423,1.0,4.390303966593079,119.10401678775115,246,3,6225,24900.0,123.49432075434423,1.0,4.390303966593079,119.10401678775115,276,0,6900,27600.0,136.84005965644283,1.0,4.821149482068082,132.01891017437475,276,0,6900,27600.0,136.84005965644283,1.0,4.821149482068082,132.01891017437475,276,0,6900,27600.0,136.84005965644283,1.0,4.821149482068082,132.01891017437475,276,0,6900,27600.0,136.84005965644283,1.0,4.821149482068082,132.01891017437475,276,0,6900,27600.0,136.84005965644283,1.0,4.821149482068082,132.01891017437475,276,0,6900,27600.0,136.84005965644283,1.0,4.821149482068082,132.01891017437475,276,0,6900,27600.0,136.84005965644283,1.0,4.821149482068082,132.01891017437475,276,0,6900,27600.0,136.84005965644283,1.0,4.821149482068082,132.01891017437475,276,0,6900,27600.0,136.84005965644283,1.0,4.821149482068082,132.01891017437475,276,0,6900,27600.0,136.84005965644283,1.0,4.821149482068082,132.01891017437475,276,0,6900,27600.0,136.84005965644283,1.0,4.821149482068082,132.01891017437475,276,0,6900,27600.0,136.84005965644283,1.0,4.821149482068082,132.01891017437475,276,0,6900,27600.0,136.84005965644283,1.0,4.821149482068082,132.01891017437475,276,0,6900,27600.0,136.84005965644283,1.0,4.821149482068082,132.01891017437475,276,0,6900,27600.0,136.84005965644283,1.0,4.821149482068082,132.01891017437475,276,0,6900,27600.0,136.84005965644283,1.0,4.821149482068082,132.01891017437475,276,0,6900,27600.0,136.84005965644283,1.0,4.821149482068082,132.01891017437475,276,0,6900,27600.0,136.84005965644283,1.0,4.821149482068082,132.01891017437475,276,0,6900,27600.0,136.84005965644283,1.0,4.821149482068082,132.01891017437475,276,0,6900,27600.0,136.84005965644283,1.0,4.821149482068082,132.01891017437475
qpeexact_n24,qft,MQT Bench 2.3.0,24,540,122,276,3,15,15,SC7|p=0.001|r=10|rho=10,realistic,SC7,7,49,0.001,10.0,10,0,0.00013916666666666662,0.00010250000000000045,0.00027916666666666584,1.805555555555555e-06,FEASIBLE/FEASIBLE,70.16,53,FEASIBLE,30.08,0.07142667903333352,0.017,0.0,0.0,0.0,276,0,13524,2760.0,0.18507000000000007,0.16895389141158607,0.06547000000000011,0.11959999999999997,0,53,2597,530.0,0.0931125000000002,0.08890900320671279,0.07014583333333353,0.02296666666666666,0,53,2597,530.0,0.0931125000000002,0.08890900320671279,0.07014583333333353,0.02296666666666666,0,53,2597,530.0,0.0931125000000002,0.08890900320671279,0.07014583333333353,0.02296666666666666,0,53,2597,530.0,0.0931125000000002,0.08890900320671279,0.07014583333333353,0.02296666666666666,39,43,4018,820.0,0.10431750000000017,0.09906079619096234,0.06878416666666685,0.03553333333333332,39,43,4018,820.0,0.10431750000000017,0.09906079619096234,0.06878416666666685,0.03553333333333332,104,23,6223,1270.0,0.12061750000000016,0.11362706759316242,0.06558416666666685,0.055033333333333316,104,23,6223,1270.0,0.12061750000000016,0.11362706759316242,0.06558416666666685,0.055033333333333316,216,6,10878,2220.0,0.1611450000000001,0.1488313572943841,0.06494500000000013,0.09619999999999997,216,6,10878,2220.0,0.1611450000000001,0.1488313572943841,0.06494500000000013,0.09619999999999997,246,3,12201,2490.0,0.17310750000000008,0.15895280258894853,0.06520750000000011,0.10789999999999997,246,3,12201,2490.0,0.17310750000000008,0.15895280258894853,0.06520750000000011,0.10789999999999997,276,0,13524,2760.0,0.18507000000000007,0.16895389141158607,0.06547000000000011,0.11959999999999997,276,0,13524,2760.0,0.18507000000000007,0.16895389141158607,0.06547000000000011,0.11959999999999997,276,0,13524,2760.0,0.18507000000000007,0.16895389141158607,0.06547000000000011,0.11959999999999997,276,0,13524,2760.0,0.18507000000000007,0.16895389141158607,0.06547000000000011,0.11959999999999997,276,0,13524,2760.0,0.18507000000000007,0.16895389141158607,0.06547000000000011,0.11959999999999997,276,0,13524,2760.0,0.18507000000000007,0.16895389141158607,0.06547000000000011,0.11959999999999997,276,0,13524,2760.0,0.18507000000000007,0.16895389141158607,0.06547000000000011,0.11959999999999997,276,0,13524,2760.0,0.18507000000000007,0.16895389141158607,0.06547000000000011,0.11959999999999997,276,0,13524,2760.0,0.18507000000000007,0.16895389141158607,0.06547000000000011,0.11959999999999997,276,0,13524,2760.0,0.18507000000000007,0.16895389141158607,0.06547000000000011,0.11959999999999997,276,0,13524,2760.0,0.18507000000000007,0.16895389141158607,0.06547000000000011,0.11959999999999997,276,0,13524,2760.0,0.18507000000000007,0.16895389141158607,0.06547000000000011,0.11959999999999997,276,0,13524,2760.0,0.18507000000000007,0.16895389141158607,0.06547000000000011,0.11959999999999997,276,0,13524,2760.0,0.18507000000000007,0.16895389141158607,0.06547000000000011,0.11959999999999997,276,0,13524,2760.0,0.18507000000000007,0.16895389141158607,0.06547000000000011,0.11959999999999997,276,0,13524,2760.0,0.18507000000000007,0.16895389141158607,0.06547000000000011,0.11959999999999997,276,0,13524,2760.0,0.18507000000000007,0.16895389141158607,0.06547000000000011,0.11959999999999997,276,0,13524,2760.0,0.18507000000000007,0.16895389141158607,0.06547000000000011,0.11959999999999997,276,0,13524,2760.0,0.18507000000000007,0.16895389141158607,0.06547000000000011,0.11959999999999997,276,0,13524,2760.0,0.18507000000000007,0.16895389141158607,0.06547000000000011,0.11959999999999997
qpeexact_n24,qft,MQT Bench 2.3.0,24,540,122,276,3,15,15,SC7|p=0.001|r=10|rho=100,realistic,SC7,7,49,0.001,10.0,100,0,0.00013916666666666662,0.00010250000000000045,0.00027916666666666584,1.805555555555555e-06,FEASIBLE/FEASIBLE,70.17,53,FEASIBLE,30.08,0.07142667903333352,0.017,0.0,0.0,0.0,276,0,13524,27600.0,1.2614699999999999,0.7167626385953084,0.06547000000000011,1.1959999999999997,0,53,2597,5300.0,0.29981250000000015,0.2590428628788952,0.07014583333333353,0.2296666666666666,0,53,2597,5300.0,0.29981250000000015,0.2590428628788952,0.07014583333333353,0.2296666666666666,0,53,2597,5300.0,0.29981250000000015,0.2590428628788952,0.07014583333333353,0.2296666666666666,0,53,2597,5300.0,0.29981250000000015,0.2590428628788952,0.07014583333333353,0.2296666666666666,39,43,4018,8200.0,0.4241175000000001,0.3456530083798729,0.06878416666666685,0.3553333333333332,39,43,4018,8200.0,0.4241175000000001,0.3456530083798729,0.06878416666666685,0.3553333333333332,104,23,6223,12700.0,0.6159175,0.4598549152242661,0.06558416666666685,0.5503333333333331,104,23,6223,12700.0,0.6159175,0.4598549152242661,0.06558416666666685,0.5503333333333331,216,6,10878,22200.0,1.0269449999999998,0.6419007154910529,0.06494500000000013,0.9619999999999997,216,6,10878,22200.0,1.0269449999999998,0.6419007154910529,0.06494500000000013,0.9619999999999997,246,3,12201,24900.0,1.1442074999999998,0.681523789797068,0.06520750000000011,1.0789999999999997,246,3,12201,24900.0,1.1442074999999998,0.681523789797068,0.06520750000000011,1.0789999999999997,276,0,13524,27600.0,1.2614699999999999,0.7167626385953084,0.06547000000000011,1.1959999999999997,276,0,13524,27600.0,1.2614699999999999,0.7167626385953084,0.06547000000000011,1.1959999999999997,276,0,13524,27600.0,1.2614699999999999,0.7167626385953084,0.06547000000000011,1.1959999999999997,276,0,13524,27600.0,1.2614699999999999,0.7167626385953084,0.06547000000000011,1.1959999999999997,276,0,13524,27600.0,1.2614699999999999,0.7167626385953084,0.06547000000000011,1.1959999999999997,276,0,13524,27600.0,1.2614699999999999,0.7167626385953084,0.06547000000000011,1.1959999999999997,276,0,13524,27600.0,1.2614699999999999,0.7167626385953084,0.06547000000000011,1.1959999999999997,276,0,13524,27600.0,1.2614699999999999,0.7167626385953084,0.06547000000000011,1.1959999999999997,276,0,13524,27600.0,1.2614699999999999,0.7167626385953084,0.06547000000000011,1.1959999999999997,276,0,13524,27600.0,1.2614699999999999,0.7167626385953084,0.06547000000000011,1.1959999999999997,276,0,13524,27600.0,1.2614699999999999,0.7167626385953084,0.06547000000000011,1.1959999999999997,276,0,13524,27600.0,1.2614699999999999,0.7167626385953084,0.06547000000000011,1.1959999999999997,276,0,13524,27600.0,1.2614699999999999,0.7167626385953084,0.06547000000000011,1.1959999999999997,276,0,13524,27600.0,1.2614699999999999,0.7167626385953084,0.06547000000000011,1.1959999999999997,276,0,13524,27600.0,1.2614699999999999,0.7167626385953084,0.06547000000000011,1.1959999999999997,276,0,13524,27600.0,1.2614699999999999,0.7167626385953084,0.06547000000000011,1.1959999999999997,276,0,13524,27600.0,1.2614699999999999,0.7167626385953084,0.06547000000000011,1.1959999999999997,276,0,13524,27600.0,1.2614699999999999,0.7167626385953084,0.06547000000000011,1.1959999999999997,276,0,13524,27600.0,1.2614699999999999,0.7167626385953084,0.06547000000000011,1.1959999999999997,276,0,13524,27600.0,1.2614699999999999,0.7167626385953084,0.06547000000000011,1.1959999999999997
rg_qft_multiplier_n16,modular-arithmetic,MQT Bench 2.3.0,16,840,632,424,2,10,10,SC5|p=0.001|r=10|rho=10,realistic,SC5,5,25,0.001,10.0,10,0,0.0003825200145869967,5.810310143125109e-05,0.0009810966318486132,2.8691623476531386e-05,FEASIBLE/FEASIBLE,70.54,88,FEASIBLE,30.3,0.921490892707697,0.041,0.0,0.0,0.0,424,0,10600,4240.0,2.132799113028176,0.8814948800520113,0.18635937638028705,1.9464397366478892,0,88,2200,2161,1.1271846821294782,0.6760560208927769,0.13514310880492889,0.9920415733245492,0,88,2200,2161,1.1271846821294782,0.6760560208927769,0.13514310880492889,0.9920415733245492,0,88,2200,2161,1.1271846821294782,0.6760560208927769,0.13514310880492889,0.9920415733245492,14,88,2550,2161,1.1317265189136585,0.677523985421987,0.13968494558910932,0.9920415733245492,216,46,6550,2620.0,1.366763959645124,0.7450694081366882,0.1640111035089282,1.2027528561361958,212,40,6300,2520.0,1.313673114638959,0.731169205665604,0.15682685606521352,1.1568462585737456,224,24,6200,2480.0,1.28350593246227,0.7229357727829475,0.14502231291350465,1.1384836195487653,248,22,6750,2700.0,1.3903242597517012,0.7510054473717467,0.15084612556554533,1.2394781341861558,260,14,6850,2740.0,1.4047311286797612,0.7545669625128557,0.14689035546862536,1.2578407732111359,264,16,7000,2800.0,1.4355349481335515,0.762011981290259,0.15015021638494558,1.285384731748606,300,10,7750,3100.0,1.5790471699034176,0.7938285489918256,0.15594264546746076,1.4231045244359568,312,6,7950,3180.0,1.6157410643838521,0.8012566657517793,0.15591126189793522,1.4598298024859169,356,2,8950,3580.0,1.8097174122851114,0.8362996100137619,0.1662612195493936,1.6434561927357179,356,2,8950,3580.0,1.8097174122851114,0.8362996100137619,0.1662612195493936,1.6434561927357179,356,2,8950,3580.0,1.8097174122851114,0.8362996100137619,0.1662612195493936,1.6434561927357179,356,2,8950,3580.0,1.8097174122851114,0.8362996100137619,0.1662612195493936,1.6434561927357179,424,0,10600,4240.0,2.132799113028176,0.8814948800520113,0.18635937638028705,1.9464397366478892,424,0,10600,4240.0,2.132799113028176,0.8814948800520113,0.18635937638028705,1.9464397366478892,424,0,10600,4240.0,2.132799113028176,0.8814948800520113,0.18635937638028705,1.9464397366478892,424,0,10600,4240.0,2.132799113028176,0.8814948800520113,0.18635937638028705,1.9464397366478892,424,0,10600,4240.0,2.132799113028176,0.8814948800520113,0.18635937638028705,1.9464397366478892,424,0,10600,4240.0,2.132799113028176,0.8814948800520113,0.18635937638028705,1.9464397366478892,424,0,10600,4240.0,2.132799113028176,0.8814948800520113,0.18635937638028705,1.9464397366478892,424,0,10600,4240.0,2.132799113028176,0.8814948800520113,0.18635937638028705,1.9464397366478892,424,0,10600,4240.0,2.132799113028176,0.8814948800520113,0.18635937638028705,1.9464397366478892,424,0,10600,4240.0,2.132799113028176,0.8814948800520113,0.18635937638028705,1.9464397366478892,424,0,10600,4240.0,2.132799113028176,0.8814948800520113,0.18635937638028705,1.9464397366478892,424,0,10600,4240.0,2.132799113028176,0.8814948800520113,0.18635937638028705,1.9464397366478892,424,0,10600,4240.0,2.132799113028176,0.8814948800520113,0.18635937638028705,1.9464397366478892,424,0,10600,4240.0,2.132799113028176,0.8814948800520113,0.18635937638028705,1.9464397366478892,424,0,10600,4240.0,2.132799113028176,0.8814948800520113,0.18635937638028705,1.9464397366478892,424,0,10600,4240.0,2.132799113028176,0.8814948800520113,0.18635937638028705,1.9464397366478892
rg_qft_multiplier_n16,modular-arithmetic,MQT Bench 2.3.0,16,840,632,424,2,10,10,SC5|p=0.001|r=10|rho=100,realistic,SC5,5,25,0.001,10.0,100,0,0.0003825200145869967,5.810310143125109e-05,0.0009810966318486132,2.8691623476531386e-05,FEASIBLE/FEASIBLE,70.58,88,FEASIBLE,30.28,0.921490892707697,0.041,0.0,0.0,0.0,424,0,10600,42400.0,19.65075674285918,0.9999999970772964,0.18635937638028705,19.46439736647889,0,88,2200,8800.0,4.174923694300548,0.9846236350854625,0.13514310880492889,4.0397805854956195,0,88,2200,8800.0,4.174923694300548,0.9846236350854625,0.13514310880492889,4.0397805854956195,0,88,2200,8800.0,4.174923694300548,0.9846236350854625,0.13514310880492889,4.0397805854956195,14,88,2550,10200.0,4.822157896959031,0.9919506013882643,0.13968494558910932,4.682472951369922,216,46,6550,26200.0,12.191539664870884,0.9999949268045106,0.1640111035089282,12.027528561361956,212,40,6300,25200.0,11.72528944180267,0.9999919132969326,0.15682685606521352,11.568462585737455,224,24,6200,24800.0,11.529858508401158,0.9999901679048523,0.14502231291350465,11.384836195487654,248,22,6750,27000.0,12.545627467427105,0.9999964395637106,0.15084612556554533,12.39478134186156,260,14,6850,27400.0,12.725298087579986,0.9999970250939152,0.14689035546862536,12.57840773211136,264,16,7000,28000.0,13.003997533871006,0.9999977486883,0.15015021638494558,12.85384731748606,300,10,7750,31000.0,14.386987889827028,0.9999994353094133,0.15594264546746076,14.231045244359567,312,6,7950,31800.0,14.754209286757105,0.999999608863521,0.15591126189793522,14.598298024859169,356,2,8950,35800.0,16.60082314690657,0.9999999382902038,0.1662612195493936,16.434561927357176,356,2,8950,35800.0,16.60082314690657,0.9999999382902038,0.1662612195493936,16.434561927357176,356,2,8950,35800.0,16.60082314690657,0.9999999382902038,0.1662612195493936,16.434561927357176,356,2,8950,35800.0,16.60082314690657,0.9999999382902038,0.1662612195493936,16.434561927357176,424,0,10600,42400.0,19.65075674285918,0.9999999970772964,0.18635937638028705,19.46439736647889,424,0,10600,42400.0,19.65075674285918,0.9999999970772964,0.18635937638028705,19.46439736647889,424,0,10600,42400.0,19.65075674285918,0.9999999970772964,0.18635937638028705,19.46439736647889,424,0,10600,42400.0,19.65075674285918,0.9999999970772964,0.18635937638028705,19.46439736647889,424,0,10600,42400.0,19.65075674285918,0.9999999970772964,0.18635937638028705,19.46439736647889,424,0,10600,42400.0,19.65075674285918,0.9999999970772964,0.18635937638028705,19.46439736647889,424,0,10600,42400.0,19.65075674285918,0.9999999970772964,0.18635937638028705,19.46439736647889,424,0,10600,42400.0,19.65075674285918,0.9999999970772964,0.18635937638028705,19.46439736647889,424,0,10600,42400.0,19.65075674285918,0.9999999970772964,0.18635937638028705,19.46439736647889,424,0,10600,42400.0,19.65075674285918,0.9999999970772964,0.18635937638028705,19.46439736647889,424,0,10600,42400.0,19.65075674285918,0.9999999970772964,0.18635937638028705,19.46439736647889,424,0,10600,42400.0,19.65075674285918,0.9999999970772964,0.18635937638028705,19.46439736647889,424,0,10600,42400.0,19.65075674285918,0.9999999970772964,0.18635937638028705,19.46439736647889,424,0,10600,42400.0,19.65075674285918,0.9999999970772964,0.18635937638028705,19.46439736647889,424,0,10600,42400.0,19.65075674285918,0.9999999970772964,0.18635937638028705,19.46439736647889,424,0,10600,42400.0,19.65075674285918,0.9999999970772964,0.18635937638028705,19.46439736647889
rg_qft_multiplier_n16,modular-arithmetic,MQT Bench 2.3.0,16,840,632,424,2,10,10,SC5|p=0.001|r=30|rho=10,realistic,SC5,5,25,0.001,30.0,10,1,0.0031526304869580694,0.0,0.005366132781095331,2.868275147901941e-05,FEASIBLE/FEASIBLE,70.57,88,FEASIBLE,30.32,0.872411497046891,0.041,0.0,0.0,0.0,424,0,10600,4240.0,3.282553186806898,0.9624676926211405,1.3367153264702214,1.9458378603366768,0,88,2200,2161,1.4639544998749643,0.7686802901173937,0.4722196847363891,0.9917348151385751,0,88,2200,2161,1.4639544998749643,0.7686802901173937,0.4722196847363891,0.9917348151385751,0,88,2200,2161,1.4639544998749643,0.7686802901173937,0.4722196847363891,0.9917348151385751,14,88,2550,2161,1.508091326692377,0.7786679744149121,0.516356511553802,0.9917348151385751,216,46,6550,2620.0,2.1301912351138217,0.8811854298381534,0.9278102931133282,1.2023809420004936,212,40,6300,2520.0,2.039491514112987,0.8699051545443612,0.883002974478924,1.1564885396340627,224,24,6200,2480.0,1.9731079945123857,0.8609759020752273,0.8349764158248956,1.1381315786874902,248,22,6750,2700.0,2.139002145843337,0.8822276960093485,0.8999072819496985,1.2390948638936385,260,14,6850,2740.0,2.1522616103846435,0.8837789863304883,0.8948097855444327,1.257451824840211,264,16,7000,2800.0,2.203139839314525,0.8895442001401525,0.9181525730544556,1.2849872662600696,300,10,7750,3100.0,2.422114947257737,0.9112662483384589,0.9994504738983742,1.4226644733593627,312,6,7950,3180.0,2.4751959038699973,0.9158534959832797,1.0158175086174897,1.4593783952525077,356,2,8950,3580.0,2.776016723637495,0.937713883281814,1.1330687189192634,1.6429480047182319,356,2,8950,3580.0,2.776016723637495,0.937713883281814,1.1330687189192634,1.6429480047182319,356,2,8950,3580.0,2.776016723637495,0.937713883281814,1.1330687189192634,1.6429480047182319,356,2,8950,3580.0,2.776016723637495,0.937713883281814,1.1330687189192634,1.6429480047182319,424,0,10600,4240.0,3.282553186806898,0.9624676926211405,1.3367153264702214,1.9458378603366768,424,0,10600,4240.0,3.282553186806898,0.9624676926211405,1.3367153264702214,1.9458378603366768,424,0,10600,4240.0,3.282553186806898,0.9624676926211405,1.3367153264702214,1.9458378603366768,424,0,10600,4240.0,3.282553186806898,0.9624676926211405,1.3367153264702214,1.9458378603366768,424,0,10600,4240.0,3.282553186806898,0.9624676926211405,1.3367153264702214,1.9458378603366768,424,0,10600,4240.0,3.282553186806898,0.9624676926211405,1.3367153264702214,1.9458378603366768,424,0,10600,4240.0,3.282553186806898,0.9624676926211405,1.3367153264702214,1.9458378603366768,424,0,10600,4240.0,3.282553186806898,0.9624676926211405,1.3367153264702214,1.9458378603366768,424,0,10600,4240.0,3.282553186806898,0.9624676926211405,1.3367153264702214,1.9458378603366768,424,0,10600,4240.0,3.282553186806898,0.9624676926211405,1.3367153264702214,1.9458378603366768,424,0,10600,4240.0,3.282553186806898,0.9624676926211405,1.3367153264702214,1.9458378603366768,424,0,10600,4240.0,3.282553186806898,0.9624676926211405,1.3367153264702214,1.9458378603366768,424,0,10600,4240.0,3.282553186806898,0.9624676926211405,1.3367153264702214,1.9458378603366768,424,0,10600,4240.0,3.282553186806898,0.9624676926211405,1.3367153264702214,1.9458378603366768,424,0,10600,4240.0,3.282553186806898,0.9624676926211405,1.3367153264702214,1.9458378603366768,424,0,10600,4240.0,3.282553186806898,0.9624676926211405,1.3367153264702214,1.9458378603366768
rg_qft_multiplier_n16,modular-arithmetic,MQT Bench 2.3.0,16,840,632,424,2,10,10,SC5|p=0.001|r=30|rho=100,realistic,SC5,5,25,0.001,30.0,100,1,0.0031526304869580694,0.0,0.005366132781095331,2.868275147901941e-05,FEASIBLE/FEASIBLE,70.56,88,FEASIBLE,30.3,0.872411497046891,0.041,0.0,0.0,0.0,424,0,10600,42400.0,20.795093929836987,0.9999999990693091,1.3367153264702214,19.458378603366768,0,88,2200,8800.0,4.510751092982322,0.9890097975888847,0.4722196847363891,4.038531408245933,0,88,2200,8800.0,4.510751092982322,0.9890097975888847,0.4722196847363891,4.038531408245933,0,88,2200,8800.0,4.510751092982322,0.9890097975888847,0.4722196847363891,4.038531408245933,14,88,2550,10200.0,5.1973815529297696,0.994468971819263,0.516356511553802,4.6810250413759675,216,46,6550,26200.0,12.951619713118266,0.9999976276267039,0.9278102931133282,12.023809420004937,212,40,6300,25200.0,12.44788837081955,0.9999960739957156,0.883002974478924,11.564885396340626,224,24,6200,24800.0,12.216292202699798,0.9999950508375747,0.8349764158248956,11.381315786874902,248,22,6750,27000.0,13.290855920886083,0.9999983101248726,0.8999072819496985,12.390948638936385,260,14,6850,27400.0,13.469328033946542,0.9999985863393808,0.8948097855444327,12.574518248402109,264,16,7000,28000.0,13.768025235655152,0.9999989513691905,0.9181525730544556,12.849872662600696,300,10,7750,31000.0,15.226095207492001,0.9999997559994134,0.9994504738983742,14.226644733593627,312,6,7950,31800.0,15.609601461142566,0.9999998337214531,1.0158175086174897,14.593783952525076,356,2,8950,35800.0,17.56254876610158,0.9999999764124963,1.1330687189192634,16.429480047182317,356,2,8950,35800.0,17.56254876610158,0.9999999764124963,1.1330687189192634,16.429480047182317,356,2,8950,35800.0,17.56254876610158,0.9999999764124963,1.1330687189192634,16.429480047182317,356,2,8950,35800.0,17.56254876610158,0.9999999764124963,1.1330687189192634,16.429480047182317,424,0,10600,42400.0,20.795093929836987,0.9999999990693091,1.3367153264702214,19.458378603366768,424,0,10600,42400.0,20.795093929836987,0.9999999990693091,1.3367153264702214,19.458378603366768,424,0,10600,42400.0,20.795093929836987,0.9999999990693091,1.3367153264702214,19.458378603366768,424,0,10600,42400.0,20.795093929836987,0.9999999990693091,1.3367153264702214,19.458378603366768,424,0,10600,42400.0,20.795093929836987,0.9999999990693091,1.3367153264702214,19.458378603366768,424,0,10600,42400.0,20.795093929836987,0.9999999990693091,1.3367153264702214,19.458378603366768,424,0,10600,42400.0,20.795093929836987,0.9999999990693091,1.3367153264702214,19.458378603366768,424,0,10600,42400.0,20.795093929836987,0.9999999990693091,1.3367153264702214,19.458378603366768,424,0,10600,42400.0,20.795093929836987,0.9999999990693091,1.3367153264702214,19.458378603366768,424,0,10600,42400.0,20.795093929836987,0.9999999990693091,1.3367153264702214,19.458378603366768,424,0,10600,42400.0,20.795093929836987,0.9999999990693091,1.3367153264702214,19.458378603366768,424,0,10600,42400.0,20.795093929836987,0.9999999990693091,1.3367153264702214,19.458378603366768,424,0,10600,42400.0,20.795093929836987,0.9999999990693091,1.3367153264702214,19.458378603366768,424,0,10600,42400.0,20.795093929836987,0.9999999990693091,1.3367153264702214,19.458378603366768,424,0,10600,42400.0,20.795093929836987,0.9999999990693091,1.3367153264702214,19.458378603366768,424,0,10600,42400.0,20.795093929836987,0.9999999990693091,1.3367153264702214,19.458378603366768
rg_qft_multiplier_n16,modular-arithmetic,MQT Bench 2.3.0,16,840,632,424,2,10,10,SC5|p=0.002|r=10|rho=10,realistic,SC5,5,25,0.002,10.0,10,1,0.0032480946242971235,0.0,0.0089771927017271,0.0002379015985281741,FEASIBLE/FEASIBLE,70.56,88,FEASIBLE,30.29,7.23602049229347,0.041,0.0,0.0,0.0,424,0,10600,4240.0,17.51643656485331,0.9999999752993571,1.3771921207019804,16.13924444415133,0,88,2200,2161,9.015678628462132,0.9998785100030816,0.7899929577519849,8.225685670710147,0,88,2200,2161,9.015678628462132,0.9998785100030816,0.7899929577519849,8.225685670710147,0,88,2200,2161,9.015678628462132,0.9998785100030816,0.7899929577519849,8.225685670710147,14,88,2550,2161,9.061151953202291,0.9998839108297605,0.8354662824921446,8.225685670710147,216,46,6550,2620.0,11.087374313428683,0.9999846956631185,1.1145393031276254,9.972835010301058,212,40,6300,2520.0,10.639876221076053,0.9999760579976523,1.0476837684200742,9.59219245265598,224,24,6200,2480.0,10.382961250281955,0.9999690445427692,0.9430258206840061,9.439935429597949,248,22,6750,2700.0,11.280374762680804,0.9999873818557838,1.003025706263683,10.27734905641712,260,14,6850,2740.0,11.399791379616584,0.9999888021793074,0.9701853001414316,10.429606079475152,264,16,7000,2800.0,11.659123678104274,0.9999913601356725,1.0011320640420742,10.6579916140622,300,10,7750,3100.0,12.864119601303843,0.999997410691228,1.064200314306408,11.799919286997435,312,6,7950,3180.0,13.171702012104562,0.9999980962825146,1.0672686789910653,12.104433333113498,356,2,8950,3580.0,14.801279635347042,0.9999996268478664,1.1742760716532303,13.627003563693812,356,2,8950,3580.0,14.801279635347042,0.9999996268478664,1.1742760716532303,13.627003563693812,356,2,8950,3580.0,14.801279635347042,0.9999996268478664,1.1742760716532303,13.627003563693812,356,2,8950,3580.0,14.801279635347042,0.9999996268478664,1.1742760716532303,13.627003563693812,424,0,10600,4240.0,17.51643656485331,0.9999999752993571,1.3771921207019804,16.13924444415133,424,0,10600,4240.0,17.51643656485331,0.9999999752993571,1.3771921207019804,16.13924444415133,424,0,10600,4240.0,17.51643656485331,0.9999999752993571,1.3771921207019804,16.13924444415133,424,0,10600,4240.0,17.51643656485331,0.9999999752993571,1.3771921207019804,16.13924444415133,424,0,10600,4240.0,17.51643656485331,0.9999999752993571,1.3771921207019804,16.13924444415133,424,0,10600,4240.0,17.51643656485331,0.9999999752993571,1.3771921207019804,16.13924444415133,424,0,10600,4240.0,17.51643656485331,0.9999999752993571,1.3771921207019804,16.13924444415133,424,0,10600,4240.0,17.51643656485331,0.9999999752993571,1.3771921207019804,16.13924444415133,424,0,10600,4240.0,17.51643656485331,0.9999999752993571,1.3771921207019804,16.13924444415133,424,0,10600,4240.0,17.51643656485331,0.9999999752993571,1.3771921207019804,16.13924444415133,424,0,10600,4240.0,17.51643656485331,0.9999999752993571,1.3771921207019804,16.13924444415133,424,0,10600,4240.0,17.51643656485331,0.9999999752993571,1.3771921207019804,16.13924444415133,424,0,10600,4240.0,17.51643656485331,0.9999999752993571,1.3771921207019804,16.13924444415133,424,0,10600,4240.0,17.51643656485331,0.9999999752993571,1.3771921207019804,16.13924444415133,424,0,10600,4240.0,17.51643656485331,0.9999999752993571,1.3771921207019804,16.13924444415133,424,0,10600,4240.0,17.51643656485331,0.9999999752993571,1.3771921207019804,16.13924444415133
rg_qft_multiplier_n16,modular-arithmetic,MQT Bench 2.3.0,16,840,632,424,2,10,10,SC5|p=0.002|r=10|rho=100,realistic,SC5,5,25,0.002,10.0,100,1,0.0032480946242971235,0.0,0.0089771927017271,0.0002379015985281741,FEASIBLE/FEASIBLE,70.55,88,FEASIBLE,30.28,7.239268584248038,0.041,0.0,0.0,0.0,424,0,10600,42400.0,162.76963656221528,1.0,1.3771921207019804,161.3924444415133,0,88,2200,8800.0,34.2865380305189,0.9999999999999987,0.7899929577519849,33.496545072766914,0,88,2200,8800.0,34.2865380305189,0.9999999999999987,0.7899929577519849,33.496545072766914,0,88,2200,8800.0,34.2865380305189,0.9999999999999987,0.7899929577519849,33.496545072766914,14,88,2550,10200.0,39.661007162290154,1.0,0.8354662824921446,38.82554087979801,216,46,6550,26200.0,100.84288940613821,1.0,1.1145393031276254,99.72835010301058,212,40,6300,25200.0,96.96960829497986,1.0,1.0476837684200742,95.92192452655979,224,24,6200,24800.0,95.34238011666348,1.0,0.9430258206840061,94.39935429597948,248,22,6750,27000.0,103.7765162704349,1.0,1.003025706263683,102.77349056417121,260,14,6850,27400.0,105.26624609489296,1.0,0.9701853001414316,104.29606079475153,264,16,7000,28000.0,107.58104820466406,1.0,1.0011320640420742,106.57991614062199,300,10,7750,31000.0,119.06339318428076,1.0,1.064200314306408,117.99919286997435,312,6,7950,31800.0,122.11160201012605,1.0,1.0672686789910653,121.04433333113498,356,2,8950,35800.0,137.44431170859136,1.0,1.1742760716532303,136.27003563693813,356,2,8950,35800.0,137.44431170859136,1.0,1.1742760716532303,136.27003563693813,356,2,8950,35800.0,137.44431170859136,1.0,1.1742760716532303,136.27003563693813,356,2,8950,35800.0,137.44431170859136,1.0,1.1742760716532303,136.27003563693813,424,0,10600,42400.0,162.76963656221528,1.0,1.3771921207019804,161.3924444415133,424,0,10600,42400.0,162.76963656221528,1.0,1.3771921207019804,161.3924444415133,424,0,10600,42400.0,162.76963656221528,1.0,1.3771921207019804,161.3924444415133,424,0,10600,42400.0,162.76963656221528,1.0,1.3771921207019804,161.3924444415133,424,0,10600,42400.0,162.76963656221528,1.0,1.3771921207019804,161.3924444415133,424,0,10600,42400.0,162.76963656221528,1.0,1.3771921207019804,161.3924444415133,424,0,10600,42400.0,162.76963656221528,1.0,1.3771921207019804,161.3924444415133,424,0,10600,42400.0,162.76963656221528,1.0,1.3771921207019804,161.3924444415133,424,0,10600,42400.0,162.76963656221528,1.0,1.3771921207019804,161.3924444415133,424,0,10600,42400.0,162.76963656221528,1.0,1.3771921207019804,161.3924444415133,424,0,10600,42400.0,162.76963656221528,1.0,1.3771921207019804,161.3924444415133,424,0,10600,42400.0,162.76963656221528,1.0,1.3771921207019804,161.3924444415133,424,0,10600,42400.0,162.76963656221528,1.0,1.3771921207019804,161.3924444415133,424,0,10600,42400.0,162.76963656221528,1.0,1.3771921207019804,161.3924444415133,424,0,10600,42400.0,162.76963656221528,1.0,1.3771921207019804,161.3924444415133,424,0,10600,42400.0,162.76963656221528,1.0,1.3771921207019804,161.3924444415133
rg_qft_multiplier_n16,modular-arithmetic,MQT Bench 2.3.0,16,840,632,424,2,10,10,SC5|p=0.002|r=30|rho=10,realistic,SC5,5,25,0.002,30.0,10,1,0.017467932906043773,0.0,0.031064157235436735,0.0001993039102874015,FEASIBLE/FEASIBLE,70.62,88,FEASIBLE,30.35,6.0684005739989315,0.041,0.0,0.0,0.0,424,0,10600,4240.0,20.927180826059878,0.9999999991844684,7.40640355216256,13.520777273897318,0,88,2200,2161,9.624777838815628,0.999933928815149,2.7336458367184324,6.891132002097195,0,88,2200,2161,9.624777838815628,0.999933928815149,2.7336458367184324,6.891132002097195,0,88,2200,2161,9.624777838815628,0.999933928815149,2.7336458367184324,6.891132002097195,14,88,2550,2161,9.86932889950024,0.9999482625620131,2.9781968974030453,6.891132002097195,216,46,6550,2620.0,13.556844659783415,0.9999987047989964,5.202024740535545,8.354819919247872,212,40,6300,2520.0,12.98170172828678,0.9999976979297434,4.94576806549875,8.035933662788029,224,24,6200,2480.0,12.566735904808379,0.999996513931304,4.658356744604287,7.908379160204092,248,22,6750,2700.0,13.62538774429421,0.9999987906018808,5.015458819878464,8.609928924415746,260,14,6850,2740.0,13.714044183867179,0.9999988932072992,4.976560756867496,8.737483426999683,264,16,7000,2800.0,14.037375983838132,0.999999198976846,5.108560802962543,8.928815180875588,300,10,7750,3100.0,15.436495394422614,0.9999998022961029,5.551021444167499,9.885473950255115,312,6,7950,3180.0,15.776962965521268,0.9999998593460144,5.636380010098278,10.140582955422989,356,2,8950,3580.0,17.696840410284814,0.9999999793766191,6.280712429022457,11.416127981262358,356,2,8950,3580.0,17.696840410284814,0.9999999793766191,6.280712429022457,11.416127981262358,356,2,8950,3580.0,17.696840410284814,0.9999999793766191,6.280712429022457,11.416127981262358,356,2,8950,3580.0,17.696840410284814,0.9999999793766191,6.280712429022457,11.416127981262358,424,0,10600,4240.0,20.927180826059878,0.9999999991844684,7.40640355216256,13.520777273897318,424,0,10600,4240.0,20.927180826059878,0.9999999991844684,7.40640355216256,13.520777273897318,424,0,10600,4240.0,20.927180826059878,0.9999999991844684,7.40640355216256,13.520777273897318,424,0,10600,4240.0,20.927180826059878,0.9999999991844684,7.40640355216256,13.520777273897318,424,0,10600,4240.0,20.927180826059878,0.9999999991844684,7.40640355216256,13.520777273897318,424,0,10600,4240.0,20.927180826059878,0.9999999991844684,7.40640355216256,13.520777273897318,424,0,10600,4240.0,20.927180826059878,0.9999999991844684,7.40640355216256,13.520777273897318,424,0,10600,4240.0,20.927180826059878,0.9999999991844684,7.40640355216256,13.520777273897318,424,0,10600,4240.0,20.927180826059878,0.9999999991844684,7.40640355216256,13.520777273897318,424,0,10600,4240.0,20.927180826059878,0.9999999991844684,7.40640355216256,13.520777273897318,424,0,10600,4240.0,20.927180826059878,0.9999999991844684,7.40640355216256,13.520777273897318,424,0,10600,4240.0,20.927180826059878,0.9999999991844684,7.40640355216256,13.520777273897318,424,0,10600,4240.0,20.927180826059878,0.9999999991844684,7.40640355216256,13.520777273897318,424,0,10600,4240.0,20.927180826059878,0.9999999991844684,7.40640355216256,13.520777273897318,424,0,10600,4240.0,20.927180826059878,0.9999999991844684,7.40640355216256,13.520777273897318,424,0,10600,4240.0,20.927180826059878,0.9999999991844684,7.40640355216256,13.520777273897318
rg_qft_multiplier_n16,modular-arithmetic,MQT Bench 2.3.0,16,840,632,424,2,10,10,SC5|p=0.002|r=30|rho=100,realistic,SC5,5,25,0.002,30.0,100,1,0.017467932906043773,0.0,0.031064157235436735,0.0001993039102874015,FEASIBLE/FEASIBLE,70.58,88,FEASIBLE,30.29,6.062022854005239,0.041,0.0,0.0,0.0,424,0,10600,42400.0,142.61417629113575,1.0,7.40640355216256,135.20777273897318,0,88,2200,8800.0,30.795636405184567,0.9999999999999578,2.7336458367184324,28.061990568466133,0,88,2200,8800.0,30.795636405184567,0.9999999999999578,2.7336458367184324,28.061990568466133,0,88,2200,8800.0,30.795636405184567,0.9999999999999578,2.7336458367184324,28.061990568466133,14,88,2550,10200.0,35.504595056306975,0.9999999999999997,2.9781968974030453,32.52639815890393,216,46,6550,26200.0,88.75022393301427,1.0,5.202024740535545,83.54819919247872,212,40,6300,25200.0,85.30510469337905,1.0,4.94576806549875,80.3593366278803,224,24,6200,24800.0,83.74214834664521,1.0,4.658356744604287,79.08379160204092,248,22,6750,27000.0,91.11474806403591,1.0,5.015458819878464,86.09928924415745,260,14,6850,27400.0,92.35139502686432,1.0,4.976560756867496,87.37483426999682,264,16,7000,28000.0,94.39671261171843,1.0,5.108560802962543,89.28815180875588,300,10,7750,31000.0,104.40576094671866,1.0,5.551021444167499,98.85473950255115,312,6,7950,31800.0,107.04220956432818,1.0,5.636380010098278,101.4058295542299,356,2,8950,35800.0,120.44199224164605,1.0,6.280712429022457,114.16127981262359,356,2,8950,35800.0,120.44199224164605,1.0,6.280712429022457,114.16127981262359,356,2,8950,35800.0,120.44199224164605,1.0,6.280712429022457,114.16127981262359,356,2,8950,35800.0,120.44199224164605,1.0,6.280712429022457,114.16127981262359,424,0,10600,42400.0,142.61417629113575,1.0,7.40640355216256,135.20777273897318,424,0,10600,42400.0,142.61417629113575,1.0,7.40640355216256,135.20777273897318,424,0,10600,42400.0,142.61417629113575,1.0,7.40640355216256,135.20777273897318,424,0,10600,42400.0,142.61417629113575,1.0,7.40640355216256,135.20777273897318,424,0,10600,42400.0,142.61417629113575,1.0,7.40640355216256,135.20777273897318,424,0,10600,42400.0,142.61417629113575,1.0,7.40640355216256,135.20777273897318,424,0,10600,42400.0,142.61417629113575,1.0,7.40640355216256,135.20777273897318,424,0,10600,42400.0,142.61417629113575,1.0,7.40640355216256,135.20777273897318,424,0,10600,42400.0,142.61417629113575,1.0,7.40640355216256,135.20777273897318,424,0,10600,42400.0,142.61417629113575,1.0,7.40640355216256,135.20777273897318,424,0,10600,42400.0,142.61417629113575,1.0,7.40640355216256,135.20777273897318,424,0,10600,42400.0,142.61417629113575,1.0,7.40640355216256,135.20777273897318,424,0,10600,42400.0,142.61417629113575,1.0,7.40640355216256,135.20777273897318,424,0,10600,42400.0,142.61417629113575,1.0,7.40640355216256,135.20777273897318,424,0,10600,42400.0,142.61417629113575,1.0,7.40640355216256,135.20777273897318,424,0,10600,42400.0,142.61417629113575,1.0,7.40640355216256,135.20777273897318
rg_qft_multiplier_n16,modular-arithmetic,MQT Bench 2.3.0,16,840,632,424,2,10,10,SC7|p=0.001|r=10|rho=10,realistic,SC7,7,49,0.001,10.0,10,0,0.00013916666666666662,0.00010250000000000045,0.00027916666666666584,1.805555555555555e-06,FEASIBLE/FEASIBLE,70.57,88,FEASIBLE,30.3,0.14101799692083355,0.041,0.47616693037974683,0.3372216330858961,0.26666666666666666,424,0,20776,4240.0,0.2241355555555557,0.20079320989423907,0.10164666666666683,0.12248888888888886,0,88,4312,2161,0.17309555555555584,0.15894275668742783,0.11066666666666697,0.062428888888888874,224,24,12152,2480.0,0.17265777777777802,0.1585744799106537,0.1010133333333336,0.07164444444444443,0,88,4312,2161,0.17309555555555584,0.15894275668742783,0.11066666666666697,0.062428888888888874,14,88,4998,2161,0.17360888888888917,0.15937438861065634,0.11118000000000029,0.062428888888888874,216,46,12838,2620.0,0.18255055555555577,0.1668574771194884,0.1068616666666669,0.07568888888888888,212,40,12348,2520.0,0.17784000000000022,0.16292365501003953,0.10504000000000023,0.07279999999999998,224,24,12152,2480.0,0.17265777777777802,0.1585744799106537,0.1010133333333336,0.07164444444444443,248,22,13230,2700.0,0.1793350000000002,0.1641741491685089,0.10133500000000022,0.07799999999999999,260,14,13426,2740.0,0.17869722222222242,0.16364090798814399,0.09954166666666689,0.07915555555555553,264,16,13720,2800.0,0.18113555555555577,0.16567774598667662,0.1002466666666669,0.08088888888888887,300,10,15190,3100.0,0.1894472222222224,0.17258361505681105,0.09989166666666688,0.08955555555555553,312,6,15582,3180.0,0.19108166666666687,0.17393487658865764,0.09921500000000022,0.09186666666666664,356,2,17542,3580.0,0.20313388888888906,0.18383104184508775,0.09971166666666686,0.1034222222222222,356,2,17542,3580.0,0.20313388888888906,0.18383104184508775,0.09971166666666686,0.1034222222222222,356,2,17542,3580.0,0.20313388888888906,0.18383104184508775,0.09971166666666686,0.1034222222222222,356,2,17542,3580.0,0.20313388888888906,0.18383104184508775,0.09971166666666686,0.1034222222222222,424,0,20776,4240.0,0.2241355555555557,0.20079320989423907,0.10164666666666683,0.12248888888888886,424,0,20776,4240.0,0.2241355555555557,0.20079320989423907,0.10164666666666683,0.12248888888888886,424,0,20776,4240.0,0.2241355555555557,0.20079320989423907,0.10164666666666683,0.12248888888888886,424,0,20776,4240.0,0.2241355555555557,0.20079320989423907,0.10164666666666683,0.12248888888888886,424,0,20776,4240.0,0.2241355555555557,0.20079320989423907,0.10164666666666683,0.12248888888888886,424,0,20776,4240.0,0.2241355555555557,0.20079320989423907,0.10164666666666683,0.12248888888888886,424,0,20776,4240.0,0.2241355555555557,0.20079320989423907,0.10164666666666683,0.12248888888888886,424,0,20776,4240.0,0.2241355555555557,0.20079320989423907,0.10164666666666683,0.12248888888888886,424,0,20776,4240.0,0.2241355555555557,0.20079320989423907,0.10164666666666683,0.12248888888888886,424,0,20776,4240.0,0.2241355555555557,0.20079320989423907,0.10164666666666683,0.12248888888888886,424,0,20776,4240.0,0.2241355555555557,0.20079320989423907,0.10164666666666683,0.12248888888888886,424,0,20776,4240.0,0.2241355555555557,0.20079320989423907,0.10164666666666683,0.12248888888888886,424,0,20776,4240.0,0.2241355555555557,0.20079320989423907,0.10164666666666683,0.12248888888888886,424,0,20776,4240.0,0.2241355555555557,0.20079320989423907,0.10164666666666683,0.12248888888888886,424,0,20776,4240.0,0.2241355555555557,0.20079320989423907,0.10164666666666683,0.12248888888888886,424,0,20776,4240.0,0.2241355555555557,0.20079320989423907,0.10164666666666683,0.12248888888888886
rg_qft_multiplier_n16,modular-arithmetic,MQT Bench 2.3.0,16,840,632,424,2,10,10,SC7|p=0.001|r=10|rho=100,realistic,SC7,7,49,0.001,10.0,100,0,0.00013916666666666662,0.00010250000000000045,0.00027916666666666584,1.805555555555555e-06,FEASIBLE/FEASIBLE,70.56,88,FEASIBLE,30.31,0.14110466393333354,0.041,0.0,0.0,0.0,424,0,20776,42400.0,1.3265355555555554,0.7346048829094236,0.10164666666666683,1.2248888888888885,0,88,4312,8800.0,0.36488888888888915,0.30572621187548943,0.11066666666666697,0.2542222222222222,0,88,4312,8800.0,0.36488888888888915,0.30572621187548943,0.11066666666666697,0.2542222222222222,0,88,4312,8800.0,0.36488888888888915,0.30572621187548943,0.11066666666666697,0.2542222222222222,14,88,4998,10200.0,0.40584666666666686,0.3335876571828621,0.11118000000000029,0.2946666666666666,216,46,12838,26200.0,0.8637505555555556,0.5784220380583092,0.1068616666666669,0.7568888888888887,212,40,12348,25200.0,0.83304,0.5652742906525506,0.10504000000000023,0.7279999999999998,224,24,12152,24800.0,0.8174577777777778,0.5584472459162111,0.1010133333333336,0.7164444444444442,248,22,13230,27000.0,0.881335,0.5857704540517014,0.10133500000000022,0.7799999999999998,260,14,13426,27400.0,0.8910972222222222,0.5897945807621084,0.09954166666666689,0.7915555555555553,264,16,13720,28000.0,0.9091355555555556,0.5971276656978275,0.1002466666666669,0.8088888888888887,300,10,15190,31000.0,0.9954472222222222,0.630441867028158,0.09989166666666688,0.8955555555555553,312,6,15582,31800.0,1.0178816666666666,0.6386403899183878,0.09921500000000022,0.9186666666666664,356,2,17542,35800.0,1.1339338888888888,0.6782350242427161,0.09971166666666686,1.034222222222222,356,2,17542,35800.0,1.1339338888888888,0.6782350242427161,0.09971166666666686,1.034222222222222,356,2,17542,35800.0,1.1339338888888888,0.6782350242427161,0.09971166666666686,1.034222222222222,356,2,17542,35800.0,1.1339338888888888,0.6782350242427161,0.09971166666666686,1.034222222222222,424,0,20776,42400.0,1.3265355555555554,0.7346048829094236,0.10164666666666683,1.2248888888888885,424,0,20776,42400.0,1.3265355555555554,0.7346048829094236,0.10164666666666683,1.2248888888888885,424,0,20776,42400.0,1.3265355555555554,0.7346048829094236,0.10164666666666683,1.2248888888888885,424,0,20776,42400.0,1.3265355555555554,0.7346048829094236,0.10164666666666683,1.2248888888888885,424,0,20776,42400.0,1.3265355555555554,0.7346048829094236,0.10164666666666683,1.2248888888888885,424,0,20776,42400.0,1.3265355555555554,0.7346048829094236,0.10164666666666683,1.2248888888888885,424,0,20776,42400.0,1.3265355555555554,0.7346048829094236,0.10164666666666683,1.2248888888888885,424,0,20776,42400.0,1.3265355555555554,0.7346048829094236,0.10164666666666683,1.2248888888888885,424,0,20776,42400.0,1.3265355555555554,0.7346048829094236,0.10164666666666683,1.2248888888888885,424,0,20776,42400.0,1.3265355555555554,0.7346048829094236,0.10164666666666683,1.2248888888888885,424,0,20776,42400.0,1.3265355555555554,0.7346048829094236,0.10164666666666683,1.2248888888888885,424,0,20776,42400.0,1.3265355555555554,0.7346048829094236,0.10164666666666683,1.2248888888888885,424,0,20776,42400.0,1.3265355555555554,0.7346048829094236,0.10164666666666683,1.2248888888888885,424,0,20776,42400.0,1.3265355555555554,0.7346048829094236,0.10164666666666683,1.2248888888888885,424,0,20776,42400.0,1.3265355555555554,0.7346048829094236,0.10164666666666683,1.2248888888888885,424,0,20776,42400.0,1.3265355555555554,0.7346048829094236,0.10164666666666683,1.2248888888888885
square_root_n18,arithmetic,QASMBench 357b942,18,898,644,130,3,12,12,SC5|p=0.001|r=10|rho=10,realistic,SC5,5,25,0.001,10.0,10,0,0.0003825200145869967,5.810310143125109e-05,0.0009810966318486132,2.8691623476531386e-05,FEASIBLE/FEASIBLE,70.65,55,FEASIBLE,30.33,1.0528632325352216,0.028,0.12413733609385784,0.18651211801896733,0.1403118040089087,130,0,3250,1936,1.0941964787056762,0.6651914753273245,0.0943507837955104,0.9998456949101658,4,51,1375,2089,1.1823726069266989,0.693449448869586,0.10351018096216574,1.0788624259645332,130,0,3250,1936,1.0941964787056762,0.6651914753273245,0.0943507837955104,0.9998456949101658,0,56,1400,2104,1.1937271607719826,0.6969105070381083,0.10711799646878582,1.0866091643031968,4,51,1375,2089,1.1823726069266989,0.693449448869586,0.10351018096216574,1.0788624259645332,49,23,1800,2005,1.126118927630431,0.6757105921011556,0.09063823636241312,1.035480691268018,50,21,1775,1999,1.121382455944424,0.6741709611717788,0.08900046001187163,1.0323819959325524,78,13,2275,1975,1.1102225751161343,0.6705143823863278,0.09023536052544362,1.0199872145906907,78,13,2275,1975,1.1102225751161343,0.6705143823863278,0.09023536052544362,1.0199872145906907,78,13,2275,1975,1.1102225751161343,0.6705143823863278,0.09023536052544362,1.0199872145906907,78,13,2275,1975,1.1102225751161343,0.6705143823863278,0.09023536052544362,1.0199872145906907,130,0,3250,1936,1.0941964787056762,0.6651914753273245,0.0943507837955104,0.9998456949101658,130,0,3250,1936,1.0941964787056762,0.6651914753273245,0.0943507837955104,0.9998456949101658,130,0,3250,1936,1.0941964787056762,0.6651914753273245,0.0943507837955104,0.9998456949101658,130,0,3250,1936,1.0941964787056762,0.6651914753273245,0.0943507837955104,0.9998456949101658,130,0,3250,1936,1.0941964787056762,0.6651914753273245,0.0943507837955104,0.9998456949101658,130,0,3250,1936,1.0941964787056762,0.6651914753273245,0.0943507837955104,0.9998456949101658,130,0,3250,1936,1.0941964787056762,0.6651914753273245,0.0943507837955104,0.9998456949101658,130,0,3250,1936,1.0941964787056762,0.6651914753273245,0.0943507837955104,0.9998456949101658,130,0,3250,1936,1.0941964787056762,0.6651914753273245,0.0943507837955104,0.9998456949101658,130,0,3250,1936,1.0941964787056762,0.6651914753273245,0.0943507837955104,0.9998456949101658,130,0,3250,1936,1.0941964787056762,0.6651914753273245,0.0943507837955104,0.9998456949101658,130,0,3250,1936,1.0941964787056762,0.6651914753273245,0.0943507837955104,0.9998456949101658,130,0,3250,1936,1.0941964787056762,0.6651914753273245,0.0943507837955104,0.9998456949101658,130,0,3250,1936,1.0941964787056762,0.6651914753273245,0.0943507837955104,0.9998456949101658,130,0,3250,1936,1.0941964787056762,0.6651914753273245,0.0943507837955104,0.9998456949101658,130,0,3250,1936,1.0941964787056762,0.6651914753273245,0.0943507837955104,0.9998456949101658,130,0,3250,1936,1.0941964787056762,0.6651914753273245,0.0943507837955104,0.9998456949101658,130,0,3250,1936,1.0941964787056762,0.6651914753273245,0.0943507837955104,0.9998456949101658,130,0,3250,1936,1.0941964787056762,0.6651914753273245,0.0943507837955104,0.9998456949101658,130,0,3250,1936,1.0941964787056762,0.6651914753273245,0.0943507837955104,0.9998456949101658,130,0,3250,1936,1.0941964787056762,0.6651914753273245,0.0943507837955104,0.9998456949101658,130,0,3250,1936,1.0941964787056762,0.6651914753273245,0.0943507837955104,0.9998456949101658
square_root_n18,arithmetic,QASMBench 357b942,18,898,644,130,3,12,12,SC5|p=0.001|r=10|rho=100,realistic,SC5,5,25,0.001,10.0,100,0,0.0003825200145869967,5.810310143125109e-05,0.0009810966318486132,2.8691623476531386e-05,FEASIBLE/FEASIBLE,70.63,55,FEASIBLE,30.32,1.0525388152741615,0.028,0.0,0.0,0.0,130,0,3250,13000.0,6.808190677303855,0.9988953101667479,0.0943507837955104,6.713839893508345,4,51,1375,5500.0,2.943980905138773,0.9473443063705476,0.10351018096216574,2.8404707241766074,4,51,1375,5500.0,2.943980905138773,0.9473443063705476,0.10351018096216574,2.8404707241766074,0,56,1400,5600.0,2.9992336429031496,0.9501747623351733,0.10711799646878582,2.892115646434364,4,51,1375,5500.0,2.943980905138773,0.9473443063705476,0.10351018096216574,2.8404707241766074,49,23,1800,7200.0,3.8090726389208807,0.9778312721571788,0.09063823636241312,3.7184344025584677,50,21,1775,7100.0,3.755789940312583,0.9766180270509726,0.08900046001187163,3.6667894803007113,78,13,2275,9100.0,4.789923285981286,0.9916869049116055,0.09023536052544362,4.699687925455842,78,13,2275,9100.0,4.789923285981286,0.9916869049116055,0.09023536052544362,4.699687925455842,78,13,2275,9100.0,4.789923285981286,0.9916869049116055,0.09023536052544362,4.699687925455842,78,13,2275,9100.0,4.789923285981286,0.9916869049116055,0.09023536052544362,4.699687925455842,130,0,3250,13000.0,6.808190677303855,0.9988953101667479,0.0943507837955104,6.713839893508345,130,0,3250,13000.0,6.808190677303855,0.9988953101667479,0.0943507837955104,6.713839893508345,130,0,3250,13000.0,6.808190677303855,0.9988953101667479,0.0943507837955104,6.713839893508345,130,0,3250,13000.0,6.808190677303855,0.9988953101667479,0.0943507837955104,6.713839893508345,130,0,3250,13000.0,6.808190677303855,0.9988953101667479,0.0943507837955104,6.713839893508345,130,0,3250,13000.0,6.808190677303855,0.9988953101667479,0.0943507837955104,6.713839893508345,130,0,3250,13000.0,6.808190677303855,0.9988953101667479,0.0943507837955104,6.713839893508345,130,0,3250,13000.0,6.808190677303855,0.9988953101667479,0.0943507837955104,6.713839893508345,130,0,3250,13000.0,6.808190677303855,0.9988953101667479,0.0943507837955104,6.713839893508345,130,0,3250,13000.0,6.808190677303855,0.9988953101667479,0.0943507837955104,6.713839893508345,130,0,3250,13000.0,6.808190677303855,0.9988953101667479,0.0943507837955104,6.713839893508345,130,0,3250,13000.0,6.808190677303855,0.9988953101667479,0.0943507837955104,6.713839893508345,130,0,3250,13000.0,6.808190677303855,0.9988953101667479,0.0943507837955104,6.713839893508345,130,0,3250,13000.0,6.808190677303855,0.9988953101667479,0.0943507837955104,6.713839893508345,130,0,3250,13000.0,6.808190677303855,0.9988953101667479,0.0943507837955104,6.713839893508345,130,0,3250,13000.0,6.808190677303855,0.9988953101667479,0.0943507837955104,6.713839893508345,130,0,3250,13000.0,6.808190677303855,0.9988953101667479,0.0943507837955104,6.713839893508345,130,0,3250,13000.0,6.808190677303855,0.9988953101667479,0.0943507837955104,6.713839893508345,130,0,3250,13000.0,6.808190677303855,0.9988953101667479,0.0943507837955104,6.713839893508345,130,0,3250,13000.0,6.808190677303855,0.9988953101667479,0.0943507837955104,6.713839893508345,130,0,3250,13000.0,6.808190677303855,0.9988953101667479,0.0943507837955104,6.713839893508345,130,0,3250,13000.0,6.808190677303855,0.9988953101667479,0.0943507837955104,6.713839893508345
square_root_n18,arithmetic,QASMBench 357b942,18,898,644,130,3,12,12,SC5|p=0.001|r=30|rho=10,realistic,SC5,5,25,0.001,30.0,10,1,0.0031526304869580694,0.0,0.005366132781095331,2.868275147901941e-05,FEASIBLE/FEASIBLE,70.63,55,FEASIBLE,30.35,1.001089670805731,0.028,0.049689440993788817,0.08008429926238145,0.051224944320712694,130,0,3250,1936,1.4093784868454176,0.7557049314210468,0.40984196330454903,0.9995365235408685,4,51,1375,2089,1.364812114897782,0.744571337279655,0.28628329378369416,1.078528821114088,50,21,1775,1999,1.302383076468982,0.7281168978220631,0.2703203127509054,1.0320627637180766,0,56,1400,2104,1.3867765997547616,0.7501205305941273,0.30050343574133853,1.086273164013423,4,51,1375,2089,1.364812114897782,0.744571337279655,0.28628329378369416,1.078528821114088,49,23,1800,2005,1.3130604487039488,0.7310044517312254,0.277899947826138,1.0351605008778106,50,21,1775,1999,1.302383076468982,0.7281168978220631,0.2703203127509054,1.0320627637180766,78,13,2275,1975,1.3353367192161087,0.7369304200417831,0.3156649041369687,1.0196718150791402,78,13,2275,1975,1.3353367192161087,0.7369304200417831,0.3156649041369687,1.0196718150791402,78,13,2275,1975,1.3353367192161087,0.7369304200417831,0.3156649041369687,1.0196718150791402,78,13,2275,1975,1.3353367192161087,0.7369304200417831,0.3156649041369687,1.0196718150791402,130,0,3250,1936,1.4093784868454176,0.7557049314210468,0.40984196330454903,0.9995365235408685,130,0,3250,1936,1.4093784868454176,0.7557049314210468,0.40984196330454903,0.9995365235408685,130,0,3250,1936,1.4093784868454176,0.7557049314210468,0.40984196330454903,0.9995365235408685,130,0,3250,1936,1.4093784868454176,0.7557049314210468,0.40984196330454903,0.9995365235408685,130,0,3250,1936,1.4093784868454176,0.7557049314210468,0.40984196330454903,0.9995365235408685,130,0,3250,1936,1.4093784868454176,0.7557049314210468,0.40984196330454903,0.9995365235408685,130,0,3250,1936,1.4093784868454176,0.7557049314210468,0.40984196330454903,0.9995365235408685,130,0,3250,1936,1.4093784868454176,0.7557049314210468,0.40984196330454903,0.9995365235408685,130,0,3250,1936,1.4093784868454176,0.7557049314210468,0.40984196330454903,0.9995365235408685,130,0,3250,1936,1.4093784868454176,0.7557049314210468,0.40984196330454903,0.9995365235408685,130,0,3250,1936,1.4093784868454176,0.7557049314210468,0.40984196330454903,0.9995365235408685,130,0,3250,1936,1.4093784868454176,0.7557049314210468,0.40984196330454903,0.9995365235408685,130,0,3250,1936,1.4093784868454176,0.7557049314210468,0.40984196330454903,0.9995365235408685,130,0,3250,1936,1.4093784868454176,0.7557049314210468,0.40984196330454903,0.9995365235408685,130,0,3250,1936,1.4093784868454176,0.7557049314210468,0.40984196330454903,0.9995365235408685,130,0,3250,1936,1.4093784868454176,0.7557049314210468,0.40984196330454903,0.9995365235408685,130,0,3250,1936,1.4093784868454176,0.7557049314210468,0.40984196330454903,0.9995365235408685,130,0,3250,1936,1.4093784868454176,0.7557049314210468,0.40984196330454903,0.9995365235408685,130,0,3250,1936,1.4093784868454176,0.7557049314210468,0.40984196330454903,0.9995365235408685,130,0,3250,1936,1.4093784868454176,0.7557049314210468,0.40984196330454903,0.9995365235408685,130,0,3250,1936,1.4093784868454176,0.7557049314210468,0.40984196330454903,0.9995365235408685,130,0,3250,1936,1.4093784868454176,0.7557049314210468,0.40984196330454903,0.9995365235408685
square_root_n18,arithmetic,QASMBench 357b942,18,898,644,130,3,12,12,SC5|p=0.001|r=30|rho=100,realistic,SC5,5,25,0.001,30.0,100,1,0.0031526304869580694,0.0,0.005366132781095331,2.868275147901941e-05,FEASIBLE/FEASIBLE,70.67,55,FEASIBLE,30.33,1.000057087339196,0.028,0.0,0.0,0.0,130,0,3250,13000.0,7.121605809395092,0.9991925309319286,0.40984196330454903,6.711763846090543,4,51,1375,5500.0,3.125875690206616,0.9561015246778388,0.28628329378369416,2.8395923964229217,4,51,1375,5500.0,3.125875690206616,0.9561015246778388,0.28628329378369416,2.8395923964229217,0,56,1400,5600.0,3.191724784826495,0.958899080473657,0.30050343574133853,2.8912213490851566,4,51,1375,5500.0,3.125875690206616,0.9561015246778388,0.28628329378369416,2.8395923964229217,49,23,1800,7200.0,3.9951845395070538,0.9815959501769576,0.277899947826138,3.7172845916809156,50,21,1775,7100.0,3.9359759517695863,0.9804733670269372,0.2703203127509054,3.6656556390186807,78,13,2275,9100.0,5.013899596400348,0.9933550598684121,0.3156649041369687,4.698234692263379,78,13,2275,9100.0,5.013899596400348,0.9933550598684121,0.3156649041369687,4.698234692263379,78,13,2275,9100.0,5.013899596400348,0.9933550598684121,0.3156649041369687,4.698234692263379,78,13,2275,9100.0,5.013899596400348,0.9933550598684121,0.3156649041369687,4.698234692263379,130,0,3250,13000.0,7.121605809395092,0.9991925309319286,0.40984196330454903,6.711763846090543,130,0,3250,13000.0,7.121605809395092,0.9991925309319286,0.40984196330454903,6.711763846090543,130,0,3250,13000.0,7.121605809395092,0.9991925309319286,0.40984196330454903,6.711763846090543,130,0,3250,13000.0,7.121605809395092,0.9991925309319286,0.40984196330454903,6.711763846090543,130,0,3250,13000.0,7.121605809395092,0.9991925309319286,0.40984196330454903,6.711763846090543,130,0,3250,13000.0,7.121605809395092,0.9991925309319286,0.40984196330454903,6.711763846090543,130,0,3250,13000.0,7.121605809395092,0.9991925309319286,0.40984196330454903,6.711763846090543,130,0,3250,13000.0,7.121605809395092,0.9991925309319286,0.40984196330454903,6.711763846090543,130,0,3250,13000.0,7.121605809395092,0.9991925309319286,0.40984196330454903,6.711763846090543,130,0,3250,13000.0,7.121605809395092,0.9991925309319286,0.40984196330454903,6.711763846090543,130,0,3250,13000.0,7.121605809395092,0.9991925309319286,0.40984196330454903,6.711763846090543,130,0,3250,13000.0,7.121605809395092,0.9991925309319286,0.40984196330454903,6.711763846090543,130,0,3250,13000.0,7.121605809395092,0.9991925309319286,0.40984196330454903,6.711763846090543,130,0,3250,13000.0,7.121605809395092,0.9991925309319286,0.40984196330454903,6.711763846090543,130,0,3250,13000.0,7.121605809395092,0.9991925309319286,0.40984196330454903,6.711763846090543,130,0,3250,13000.0,7.121605809395092,0.9991925309319286,0.40984196330454903,6.711763846090543,130,0,3250,13000.0,7.121605809395092,0.9991925309319286,0.40984196330454903,6.711763846090543,130,0,3250,13000.0,7.121605809395092,0.9991925309319286,0.40984196330454903,6.711763846090543,130,0,3250,13000.0,7.121605809395092,0.9991925309319286,0.40984196330454903,6.711763846090543,130,0,3250,13000.0,7.121605809395092,0.9991925309319286,0.40984196330454903,6.711763846090543,130,0,3250,13000.0,7.121605809395092,0.9991925309319286,0.40984196330454903,6.711763846090543,130,0,3250,13000.0,7.121605809395092,0.9991925309319286,0.40984196330454903,6.711763846090543
square_root_n18,arithmetic,QASMBench 357b942,18,898,644,130,3,12,12,SC5|p=0.002|r=10|rho=10,realistic,SC5,5,25,0.002,10.0,10,1,0.0032480946242971235,0.0,0.0089771927017271,0.0002379015985281741,FEASIBLE/FEASIBLE,70.64,55,FEASIBLE,30.35,8.29792497738978,0.028,0.12413733609385784,0.18651211801896733,0.1403118040089087,130,0,3250,1936,8.712647206668438,0.9998355077673272,0.42225230115862605,8.290394905509812,4,51,1375,2089,9.416405114141673,0.9999186219611327,0.4708292062852706,8.945575907856403,130,0,3250,1936,8.712647206668438,0.9998355077673272,0.42225230115862605,8.290394905509812,0,56,1400,2104,9.512532130755728,0.9999260803696083,0.5027227912967176,9.00980933945901,4,51,1375,2089,9.416405114141673,0.9999186219611327,0.4708292062852706,8.945575907856403,49,23,1800,2005,8.951500759612086,0.9998704573982151,0.36563206873028237,8.585868690881805,50,21,1775,1999,8.911101096191887,0.9998651167672223,0.3509257779511253,8.560175318240761,78,13,2275,1975,8.827456713494218,0.9998533492595555,0.37005488581762797,8.45740182767659,78,13,2275,1975,8.827456713494218,0.9998533492595555,0.37005488581762797,8.45740182767659,78,13,2275,1975,8.827456713494218,0.9998533492595555,0.37005488581762797,8.45740182767659,78,13,2275,1975,8.827456713494218,0.9998533492595555,0.37005488581762797,8.45740182767659,130,0,3250,1936,8.712647206668438,0.9998355077673272,0.42225230115862605,8.290394905509812,130,0,3250,1936,8.712647206668438,0.9998355077673272,0.42225230115862605,8.290394905509812,130,0,3250,1936,8.712647206668438,0.9998355077673272,0.42225230115862605,8.290394905509812,130,0,3250,1936,8.712647206668438,0.9998355077673272,0.42225230115862605,8.290394905509812,130,0,3250,1936,8.712647206668438,0.9998355077673272,0.42225230115862605,8.290394905509812,130,0,3250,1936,8.712647206668438,0.9998355077673272,0.42225230115862605,8.290394905509812,130,0,3250,1936,8.712647206668438,0.9998355077673272,0.42225230115862605,8.290394905509812,130,0,3250,1936,8.712647206668438,0.9998355077673272,0.42225230115862605,8.290394905509812,130,0,3250,1936,8.712647206668438,0.9998355077673272,0.42225230115862605,8.290394905509812,130,0,3250,1936,8.712647206668438,0.9998355077673272,0.42225230115862605,8.290394905509812,130,0,3250,1936,8.712647206668438,0.9998355077673272,0.42225230115862605,8.290394905509812,130,0,3250,1936,8.712647206668438,0.9998355077673272,0.42225230115862605,8.290394905509812,130,0,3250,1936,8.712647206668438,0.9998355077673272,0.42225230115862605,8.290394905509812,130,0,3250,1936,8.712647206668438,0.9998355077673272,0.42225230115862605,8.290394905509812,130,0,3250,1936,8.712647206668438,0.9998355077673272,0.42225230115862605,8.290394905509812,130,0,3250,1936,8.712647206668438,0.9998355077673272,0.42225230115862605,8.290394905509812,130,0,3250,1936,8.712647206668438,0.9998355077673272,0.42225230115862605,8.290394905509812,130,0,3250,1936,8.712647206668438,0.9998355077673272,0.42225230115862605,8.290394905509812,130,0,3250,1936,8.712647206668438,0.9998355077673272,0.42225230115862605,8.290394905509812,130,0,3250,1936,8.712647206668438,0.9998355077673272,0.42225230115862605,8.290394905509812,130,0,3250,1936,8.712647206668438,0.9998355077673272,0.42225230115862605,8.290394905509812,130,0,3250,1936,8.712647206668438,0.9998355077673272,0.42225230115862605,8.290394905509812
square_root_n18,arithmetic,QASMBench 357b942,18,898,644,130,3,12,12,SC5|p=0.002|r=10|rho=100,realistic,SC5,5,25,0.002,10.0,100,1,0.0032480946242971235,0.0,0.0089771927017271,0.0002379015985281741,FEASIBLE/FEASIBLE,70.63,55,FEASIBLE,30.31,8.294676885435212,0.028,0.0,0.0,0.0,130,0,3250,13000.0,56.09122635675137,1.0,0.42225230115862605,55.66897405559274,4,51,1375,5500.0,24.02308746057451,0.9999999999631103,0.4708292062852706,23.55225825428924,4,51,1375,5500.0,24.02308746057451,0.9999999999631103,0.4708292062852706,23.55225825428924,0,56,1400,5600.0,24.48320392293667,0.9999999999767148,0.5027227912967176,23.98048113163995,4,51,1375,5500.0,24.02308746057451,0.9999999999631103,0.4708292062852706,23.55225825428924,49,23,1800,7200.0,31.197679237981646,0.9999999999999718,0.36563206873028237,30.832047169251364,50,21,1775,7100.0,30.754750069851777,0.999999999999956,0.3509257779511253,30.40382429190065,78,13,2275,9100.0,39.33833672473255,1.0,0.37005488581762797,38.96828183891492,78,13,2275,9100.0,39.33833672473255,1.0,0.37005488581762797,38.96828183891492,78,13,2275,9100.0,39.33833672473255,1.0,0.37005488581762797,38.96828183891492,78,13,2275,9100.0,39.33833672473255,1.0,0.37005488581762797,38.96828183891492,130,0,3250,13000.0,56.09122635675137,1.0,0.42225230115862605,55.66897405559274,130,0,3250,13000.0,56.09122635675137,1.0,0.42225230115862605,55.66897405559274,130,0,3250,13000.0,56.09122635675137,1.0,0.42225230115862605,55.66897405559274,130,0,3250,13000.0,56.09122635675137,1.0,0.42225230115862605,55.66897405559274,130,0,3250,13000.0,56.09122635675137,1.0,0.42225230115862605,55.66897405559274,130,0,3250,13000.0,56.09122635675137,1.0,0.42225230115862605,55.66897405559274,130,0,3250,13000.0,56.09122635675137,1.0,0.42225230115862605,55.66897405559274,130,0,3250,13000.0,56.09122635675137,1.0,0.42225230115862605,55.66897405559274,130,0,3250,13000.0,56.09122635675137,1.0,0.42225230115862605,55.66897405559274,130,0,3250,13000.0,56.09122635675137,1.0,0.42225230115862605,55.66897405559274,130,0,3250,13000.0,56.09122635675137,1.0,0.42225230115862605,55.66897405559274,130,0,3250,13000.0,56.09122635675137,1.0,0.42225230115862605,55.66897405559274,130,0,3250,13000.0,56.09122635675137,1.0,0.42225230115862605,55.66897405559274,130,0,3250,13000.0,56.09122635675137,1.0,0.42225230115862605,55.66897405559274,130,0,3250,13000.0,56.09122635675137,1.0,0.42225230115862605,55.66897405559274,130,0,3250,13000.0,56.09122635675137,1.0,0.42225230115862605,55.66897405559274,130,0,3250,13000.0,56.09122635675137,1.0,0.42225230115862605,55.66897405559274,130,0,3250,13000.0,56.09122635675137,1.0,0.42225230115862605,55.66897405559274,130,0,3250,13000.0,56.09122635675137,1.0,0.42225230115862605,55.66897405559274,130,0,3250,13000.0,56.09122635675137,1.0,0.42225230115862605,55.66897405559274,130,0,3250,13000.0,56.09122635675137,1.0,0.42225230115862605,55.66897405559274,130,0,3250,13000.0,56.09122635675137,1.0,0.42225230115862605,55.66897405559274
square_root_n18,arithmetic,QASMBench 357b942,18,898,644,130,3,12,12,SC5|p=0.002|r=30|rho=10,realistic,SC5,5,25,0.002,30.0,10,1,0.017467932906043773,0.0,0.031064157235436735,0.0001993039102874015,FEASIBLE/FEASIBLE,70.65,55,FEASIBLE,30.33,6.948939583446319,0.028,0.049689440993788817,0.08008429926238145,0.051224944320712694,130,0,3250,1936,9.21617394348106,0.9999005816589265,2.2708312777856907,6.945342665695368,4,51,1375,2089,9.14836938525832,0.9998936068523864,1.6541437506314485,7.494225634626872,50,21,1775,1999,8.697097247207642,0.9998329299290809,1.52574394724636,7.1713532999612815,0,56,1400,2104,9.287630495588928,0.999907437872994,1.7395928051844571,7.54803769040447,4,51,1375,2089,9.14836938525832,0.9998936068523864,1.6541437506314485,7.494225634626872,49,23,1800,2005,8.76328245108351,0.9998436295132155,1.5704043288111897,7.192878122272321,50,21,1775,1999,8.697097247207642,0.9998329299290809,1.52574394724636,7.1713532999612815,78,13,2275,1975,8.851586821449215,0.9998568456045159,1.766332810732092,7.085254010717124,78,13,2275,1975,8.851586821449215,0.9998568456045159,1.766332810732092,7.085254010717124,78,13,2275,1975,8.851586821449215,0.9998568456045159,1.766332810732092,7.085254010717124,78,13,2275,1975,8.851586821449215,0.9998568456045159,1.766332810732092,7.085254010717124,130,0,3250,1936,9.21617394348106,0.9999005816589265,2.2708312777856907,6.945342665695368,130,0,3250,1936,9.21617394348106,0.9999005816589265,2.2708312777856907,6.945342665695368,130,0,3250,1936,9.21617394348106,0.9999005816589265,2.2708312777856907,6.945342665695368,130,0,3250,1936,9.21617394348106,0.9999005816589265,2.2708312777856907,6.945342665695368,130,0,3250,1936,9.21617394348106,0.9999005816589265,2.2708312777856907,6.945342665695368,130,0,3250,1936,9.21617394348106,0.9999005816589265,2.2708312777856907,6.945342665695368,130,0,3250,1936,9.21617394348106,0.9999005816589265,2.2708312777856907,6.945342665695368,130,0,3250,1936,9.21617394348106,0.9999005816589265,2.2708312777856907,6.945342665695368,130,0,3250,1936,9.21617394348106,0.9999005816589265,2.2708312777856907,6.945342665695368,130,0,3250,1936,9.21617394348106,0.9999005816589265,2.2708312777856907,6.945342665695368,130,0,3250,1936,9.21617394348106,0.9999005816589265,2.2708312777856907,6.945342665695368,130,0,3250,1936,9.21617394348106,0.9999005816589265,2.2708312777856907,6.945342665695368,130,0,3250,1936,9.21617394348106,0.9999005816589265,2.2708312777856907,6.945342665695368,130,0,3250,1936,9.21617394348106,0.9999005816589265,2.2708312777856907,6.945342665695368,130,0,3250,1936,9.21617394348106,0.9999005816589265,2.2708312777856907,6.945342665695368,130,0,3250,1936,9.21617394348106,0.9999005816589265,2.2708312777856907,6.945342665695368,130,0,3250,1936,9.21617394348106,0.9999005816589265,2.2708312777856907,6.945342665695368,130,0,3250,1936,9.21617394348106,0.9999005816589265,2.2708312777856907,6.945342665695368,130,0,3250,1936,9.21617394348106,0.9999005816589265,2.2708312777856907,6.945342665695368,130,0,3250,1936,9.21617394348106,0.9999005816589265,2.2708312777856907,6.945342665695368,130,0,3250,1936,9.21617394348106,0.9999005816589265,2.2708312777856907,6.945342665695368,130,0,3250,1936,9.21617394348106,0.9999005816589265,2.2708312777856907,6.945342665695368
square_root_n18,arithmetic,QASMBench 357b942,18,898,644,130,3,12,12,SC5|p=0.002|r=30|rho=100,realistic,SC5,5,25,0.002,30.0,100,1,0.017467932906043773,0.0,0.031064157235436735,0.0001993039102874015,FEASIBLE/FEASIBLE,70.62,55,FEASIBLE,30.34,6.948939583446319,0.028,0.0,0.0,0.0,130,0,3250,13000.0,48.907946285037646,1.0,2.2708312777856907,46.63711500725196,4,51,1375,5500.0,21.385230869084197,0.9999999994841633,1.6541437506314485,19.73108711845275,4,51,1375,5500.0,21.385230869084197,0.9999999994841633,1.6541437506314485,19.73108711845275,0,56,1400,5600.0,21.829426962154532,0.9999999996691735,1.7395928051844571,20.089834156970074,4,51,1375,5500.0,21.385230869084197,0.9999999994841633,1.6541437506314485,19.73108711845275,49,23,1800,7200.0,27.400191102058425,0.9999999999987403,1.5704043288111897,25.829786773247235,50,21,1775,7100.0,26.996783681976275,0.9999999999981144,1.52574394724636,25.471039734729914,78,13,2275,9100.0,34.41231331580846,0.9999999999999989,1.766332810732092,32.645980505076366,78,13,2275,9100.0,34.41231331580846,0.9999999999999989,1.766332810732092,32.645980505076366,78,13,2275,9100.0,34.41231331580846,0.9999999999999989,1.766332810732092,32.645980505076366,78,13,2275,9100.0,34.41231331580846,0.9999999999999989,1.766332810732092,32.645980505076366,130,0,3250,13000.0,48.907946285037646,1.0,2.2708312777856907,46.63711500725196,130,0,3250,13000.0,48.907946285037646,1.0,2.2708312777856907,46.63711500725196,130,0,3250,13000.0,48.907946285037646,1.0,2.2708312777856907,46.63711500725196,130,0,3250,13000.0,48.907946285037646,1.0,2.2708312777856907,46.63711500725196,130,0,3250,13000.0,48.907946285037646,1.0,2.2708312777856907,46.63711500725196,130,0,3250,13000.0,48.907946285037646,1.0,2.2708312777856907,46.63711500725196,130,0,3250,13000.0,48.907946285037646,1.0,2.2708312777856907,46.63711500725196,130,0,3250,13000.0,48.907946285037646,1.0,2.2708312777856907,46.63711500725196,130,0,3250,13000.0,48.907946285037646,1.0,2.2708312777856907,46.63711500725196,130,0,3250,13000.0,48.907946285037646,1.0,2.2708312777856907,46.63711500725196,130,0,3250,13000.0,48.907946285037646,1.0,2.2708312777856907,46.63711500725196,130,0,3250,13000.0,48.907946285037646,1.0,2.2708312777856907,46.63711500725196,130,0,3250,13000.0,48.907946285037646,1.0,2.2708312777856907,46.63711500725196,130,0,3250,13000.0,48.907946285037646,1.0,2.2708312777856907,46.63711500725196,130,0,3250,13000.0,48.907946285037646,1.0,2.2708312777856907,46.63711500725196,130,0,3250,13000.0,48.907946285037646,1.0,2.2708312777856907,46.63711500725196,130,0,3250,13000.0,48.907946285037646,1.0,2.2708312777856907,46.63711500725196,130,0,3250,13000.0,48.907946285037646,1.0,2.2708312777856907,46.63711500725196,130,0,3250,13000.0,48.907946285037646,1.0,2.2708312777856907,46.63711500725196,130,0,3250,13000.0,48.907946285037646,1.0,2.2708312777856907,46.63711500725196,130,0,3250,13000.0,48.907946285037646,1.0,2.2708312777856907,46.63711500725196,130,0,3250,13000.0,48.907946285037646,1.0,2.2708312777856907,46.63711500725196
square_root_n18,arithmetic,QASMBench 357b942,18,898,644,130,3,12,12,SC7|p=0.001|r=10|rho=10,realistic,SC7,7,49,0.001,10.0,10,0,0.00013916666666666662,0.00010250000000000045,0.00027916666666666584,1.805555555555555e-06,FEASIBLE/FEASIBLE,70.63,55,FEASIBLE,30.32,0.15499754842500024,0.028,0.12413733609385784,0.18651211801896733,0.1403118040089087,130,0,6370,1936,0.159731666666667,0.1476275217693122,0.096811666666667,0.06291999999999998,4,51,2695,2089,0.17432166666666699,0.15997335437578322,0.10642916666666702,0.06789249999999998,130,0,6370,1936,0.159731666666667,0.1476275217693122,0.096811666666667,0.06291999999999998,0,56,2744,2104,0.17605833333333368,0.16143093461850003,0.1076783333333337,0.06837999999999998,4,51,2695,2089,0.17432166666666699,0.15997335437578322,0.10642916666666702,0.06789249999999998,49,23,3528,2005,0.16542500000000035,0.1524665741717687,0.10026250000000037,0.06516249999999998,50,21,3479,1999,0.16470833333333368,0.15185895751329576,0.09974083333333368,0.06496749999999998,78,13,4459,1975,0.162721666666667,0.15017230912623586,0.098534166666667,0.06418749999999998,78,13,4459,1975,0.162721666666667,0.15017230912623586,0.098534166666667,0.06418749999999998,78,13,4459,1975,0.162721666666667,0.15017230912623586,0.098534166666667,0.06418749999999998,78,13,4459,1975,0.162721666666667,0.15017230912623586,0.098534166666667,0.06418749999999998,130,0,6370,1936,0.159731666666667,0.1476275217693122,0.096811666666667,0.06291999999999998,130,0,6370,1936,0.159731666666667,0.1476275217693122,0.096811666666667,0.06291999999999998,130,0,6370,1936,0.159731666666667,0.1476275217693122,0.096811666666667,0.06291999999999998,130,0,6370,1936,0.159731666666667,0.1476275217693122,0.096811666666667,0.06291999999999998,130,0,6370,1936,0.159731666666667,0.1476275217693122,0.096811666666667,0.06291999999999998,130,0,6370,1936,0.159731666666667,0.1476275217693122,0.096811666666667,0.06291999999999998,130,0,6370,1936,0.159731666666667,0.1476275217693122,0.096811666666667,0.06291999999999998,130,0,6370,1936,0.159731666666667,0.1476275217693122,0.096811666666667,0.06291999999999998,130,0,6370,1936,0.159731666666667,0.1476275217693122,0.096811666666667,0.06291999999999998,130,0,6370,1936,0.159731666666667,0.1476275217693122,0.096811666666667,0.06291999999999998,130,0,6370,1936,0.159731666666667,0.1476275217693122,0.096811666666667,0.06291999999999998,130,0,6370,1936,0.159731666666667,0.1476275217693122,0.096811666666667,0.06291999999999998,130,0,6370,1936,0.159731666666667,0.1476275217693122,0.096811666666667,0.06291999999999998,130,0,6370,1936,0.159731666666667,0.1476275217693122,0.096811666666667,0.06291999999999998,130,0,6370,1936,0.159731666666667,0.1476275217693122,0.096811666666667,0.06291999999999998,130,0,6370,1936,0.159731666666667,0.1476275217693122,0.096811666666667,0.06291999999999998,130,0,6370,1936,0.159731666666667,0.1476275217693122,0.096811666666667,0.06291999999999998,130,0,6370,1936,0.159731666666667,0.1476275217693122,0.096811666666667,0.06291999999999998,130,0,6370,1936,0.159731666666667,0.1476275217693122,0.096811666666667,0.06291999999999998,130,0,6370,1936,0.159731666666667,0.1476275217693122,0.096811666666667,0.06291999999999998,130,0,6370,1936,0.159731666666667,0.1476275217693122,0.096811666666667,0.06291999999999998,130,0,6370,1936,0.159731666666667,0.1476275217693122,0.096811666666667,0.06291999999999998
square_root_n18,arithmetic,QASMBench 357b942,18,898,644,130,3,12,12,SC7|p=0.001|r=10|rho=100,realistic,SC7,7,49,0.001,10.0,100,0,0.00013916666666666662,0.00010250000000000045,0.00027916666666666584,1.805555555555555e-06,FEASIBLE/FEASIBLE,70.7,55,FEASIBLE,30.35,0.15499754842500024,0.028,0.0,0.0,0.0,130,0,6370,13000.0,0.5193116666666668,0.4050700828442216,0.096811666666667,0.4224999999999999,4,51,2695,5500.0,0.285179166666667,0.24812046949848077,0.10642916666666702,0.17874999999999994,4,51,2695,5500.0,0.285179166666667,0.24812046949848077,0.10642916666666702,0.17874999999999994,0,56,2744,5600.0,0.28967833333333365,0.25149570225850504,0.1076783333333337,0.18199999999999994,4,51,2695,5500.0,0.285179166666667,0.24812046949848077,0.10642916666666702,0.17874999999999994,49,23,3528,7200.0,0.3342625000000003,0.2841341572224944,0.10026250000000037,0.23399999999999993,50,21,3479,7100.0,0.3304908333333336,0.28142905171412963,0.09974083333333368,0.23074999999999993,78,13,4459,9100.0,0.3942841666666669,0.32583754547917065,0.098534166666667,0.2957499999999999,78,13,4459,9100.0,0.3942841666666669,0.32583754547917065,0.098534166666667,0.2957499999999999,78,13,4459,9100.0,0.3942841666666669,0.32583754547917065,0.098534166666667,0.2957499999999999,78,13,4459,9100.0,0.3942841666666669,0.32583754547917065,0.098534166666667,0.2957499999999999,130,0,6370,13000.0,0.5193116666666668,0.4050700828442216,0.096811666666667,0.4224999999999999,130,0,6370,13000.0,0.5193116666666668,0.4050700828442216,0.096811666666667,0.4224999999999999,130,0,6370,13000.0,0.5193116666666668,0.4050700828442216,0.096811666666667,0.4224999999999999,130,0,6370,13000.0,0.5193116666666668,0.4050700828442216,0.096811666666667,0.4224999999999999,130,0,6370,13000.0,0.5193116666666668,0.4050700828442216,0.096811666666667,0.4224999999999999,130,0,6370,13000.0,0.5193116666666668,0.4050700828442216,0.096811666666667,0.4224999999999999,130,0,6370,13000.0,0.5193116666666668,0.4050700828442216,0.096811666666667,0.4224999999999999,130,0,6370,13000.0,0.5193116666666668,0.4050700828442216,0.096811666666667,0.4224999999999999,130,0,6370,13000.0,0.5193116666666668,0.4050700828442216,0.096811666666667,0.4224999999999999,130,0,6370,13000.0,0.5193116666666668,0.4050700828442216,0.096811666666667,0.4224999999999999,130,0,6370,13000.0,0.5193116666666668,0.4050700828442216,0.096811666666667,0.4224999999999999,130,0,6370,13000.0,0.5193116666666668,0.4050700828442216,0.096811666666667,0.4224999999999999,130,0,6370,13000.0,0.5193116666666668,0.4050700828442216,0.096811666666667,0.4224999999999999,130,0,6370,13000.0,0.5193116666666668,0.4050700828442216,0.096811666666667,0.4224999999999999,130,0,6370,13000.0,0.5193116666666668,0.4050700828442216,0.096811666666667,0.4224999999999999,130,0,6370,13000.0,0.5193116666666668,0.4050700828442216,0.096811666666667,0.4224999999999999,130,0,6370,13000.0,0.5193116666666668,0.4050700828442216,0.096811666666667,0.4224999999999999,130,0,6370,13000.0,0.5193116666666668,0.4050700828442216,0.096811666666667,0.4224999999999999,130,0,6370,13000.0,0.5193116666666668,0.4050700828442216,0.096811666666667,0.4224999999999999,130,0,6370,13000.0,0.5193116666666668,0.4050700828442216,0.096811666666667,0.4224999999999999,130,0,6370,13000.0,0.5193116666666668,0.4050700828442216,0.096811666666667,0.4224999999999999,130,0,6370,13000.0,0.5193116666666668,0.4050700828442216,0.096811666666667,0.4224999999999999
steane_code_n26,qec,MQT Bench 2.3.0,26,92,16,0,4,17,17,SC5|p=0.001|r=10|rho=10,realistic,SC5,5,25,0.001,10.0,10,0,0.0003825200145869967,5.810310143125109e-05,0.0009810966318486132,2.8691623476531386e-05,TRIVIAL,0.0,0,TRIVIAL,0.0,,0.001,0.0,0.0,0.0,0,0,0,52,0.044136560271945534,0.04317671549705396,0.0053454853316751,0.03879107494027043,0,0,0,52,0.044136560271945534,0.04317671549705396,0.0053454853316751,0.03879107494027043,0,0,0,52,0.044136560271945534,0.04317671549705396,0.0053454853316751,0.03879107494027043,0,0,0,52,0.044136560271945534,0.04317671549705396,0.0053454853316751,0.03879107494027043,0,0,0,52,0.044136560271945534,0.04317671549705396,0.0053454853316751,0.03879107494027043,0,0,0,52,0.044136560271945534,0.04317671549705396,0.0053454853316751,0.03879107494027043,0,0,0,52,0.044136560271945534,0.04317671549705396,0.0053454853316751,0.03879107494027043,0,0,0,52,0.044136560271945534,0.04317671549705396,0.0053454853316751,0.03879107494027043,0,0,0,52,0.044136560271945534,0.04317671549705396,0.0053454853316751,0.03879107494027043,0,0,0,52,0.044136560271945534,0.04317671549705396,0.0053454853316751,0.03879107494027043,0,0,0,52,0.044136560271945534,0.04317671549705396,0.0053454853316751,0.03879107494027043,0,0,0,52,0.044136560271945534,0.04317671549705396,0.0053454853316751,0.03879107494027043,0,0,0,52,0.044136560271945534,0.04317671549705396,0.0053454853316751,0.03879107494027043,0,0,0,52,0.044136560271945534,0.04317671549705396,0.0053454853316751,0.03879107494027043,0,0,0,52,0.044136560271945534,0.04317671549705396,0.0053454853316751,0.03879107494027043,0,0,0,52,0.044136560271945534,0.04317671549705396,0.0053454853316751,0.03879107494027043,0,0,0,52,0.044136560271945534,0.04317671549705396,0.0053454853316751,0.03879107494027043,0,0,0,52,0.044136560271945534,0.04317671549705396,0.0053454853316751,0.03879107494027043,0,0,0,52,0.044136560271945534,0.04317671549705396,0.0053454853316751,0.03879107494027043,0,0,0,52,0.044136560271945534,0.04317671549705396,0.0053454853316751,0.03879107494027043,0,0,0,52,0.044136560271945534,0.04317671549705396,0.0053454853316751,0.03879107494027043,0,0,0,52,0.044136560271945534,0.04317671549705396,0.0053454853316751,0.03879107494027043,0,0,0,52,0.044136560271945534,0.04317671549705396,0.0053454853316751,0.03879107494027043,0,0,0,52,0.044136560271945534,0.04317671549705396,0.0053454853316751,0.03879107494027043,0,0,0,52,0.044136560271945534,0.04317671549705396,0.0053454853316751,0.03879107494027043,0,0,0,52,0.044136560271945534,0.04317671549705396,0.0053454853316751,0.03879107494027043,0,0,0,52,0.044136560271945534,0.04317671549705396,0.0053454853316751,0.03879107494027043,0,0,0,52,0.044136560271945534,0.04317671549705396,0.0053454853316751,0.03879107494027043,0,0,0,52,0.044136560271945534,0.04317671549705396,0.0053454853316751,0.03879107494027043,0,0,0,52,0.044136560271945534,0.04317671549705396,0.0053454853316751,0.03879107494027043,0,0,0,52,0.044136560271945534,0.04317671549705396,0.0053454853316751,0.03879107494027043,0,0,0,52,0.044136560271945534,0.04317671549705396,0.0053454853316751,0.03879107494027043,0,0,0,52,0.044136560271945534,0.04317671549705396,0.0053454853316751,0.03879107494027043
steane_code_n26,qec,MQT Bench 2.3.0,26,92,16,0,4,17,17,SC5|p=0.001|r=10|rho=100,realistic,SC5,5,25,0.001,10.0,100,0,0.0003825200145869967,5.810310143125109e-05,0.0009810966318486132,2.8691623476531386e-05,TRIVIAL,0.0,0,TRIVIAL,0.0,,0.001,0.0,0.0,0.0,0,0,0,52,0.044136560271945534,0.04317671549705396,0.0053454853316751,0.03879107494027043,0,0,0,52,0.044136560271945534,0.04317671549705396,0.0053454853316751,0.03879107494027043,0,0,0,52,0.044136560271945534,0.04317671549705396,0.0053454853316751,0.03879107494027043,0,0,0,52,0.044136560271945534,0.04317671549705396,0.0053454853316751,0.03879107494027043,0,0,0,52,0.044136560271945534,0.04317671549705396,0.0053454853316751,0.03879107494027043,0,0,0,52,0.044136560271945534,0.04317671549705396,0.0053454853316751,0.03879107494027043,0,0,0,52,0.044136560271945534,0.04317671549705396,0.0053454853316751,0.03879107494027043,0,0,0,52,0.044136560271945534,0.04317671549705396,0.0053454853316751,0.03879107494027043,0,0,0,52,0.044136560271945534,0.04317671549705396,0.0053454853316751,0.03879107494027043,0,0,0,52,0.044136560271945534,0.04317671549705396,0.0053454853316751,0.03879107494027043,0,0,0,52,0.044136560271945534,0.04317671549705396,0.0053454853316751,0.03879107494027043,0,0,0,52,0.044136560271945534,0.04317671549705396,0.0053454853316751,0.03879107494027043,0,0,0,52,0.044136560271945534,0.04317671549705396,0.0053454853316751,0.03879107494027043,0,0,0,52,0.044136560271945534,0.04317671549705396,0.0053454853316751,0.03879107494027043,0,0,0,52,0.044136560271945534,0.04317671549705396,0.0053454853316751,0.03879107494027043,0,0,0,52,0.044136560271945534,0.04317671549705396,0.0053454853316751,0.03879107494027043,0,0,0,52,0.044136560271945534,0.04317671549705396,0.0053454853316751,0.03879107494027043,0,0,0,52,0.044136560271945534,0.04317671549705396,0.0053454853316751,0.03879107494027043,0,0,0,52,0.044136560271945534,0.04317671549705396,0.0053454853316751,0.03879107494027043,0,0,0,52,0.044136560271945534,0.04317671549705396,0.0053454853316751,0.03879107494027043,0,0,0,52,0.044136560271945534,0.04317671549705396,0.0053454853316751,0.03879107494027043,0,0,0,52,0.044136560271945534,0.04317671549705396,0.0053454853316751,0.03879107494027043,0,0,0,52,0.044136560271945534,0.04317671549705396,0.0053454853316751,0.03879107494027043,0,0,0,52,0.044136560271945534,0.04317671549705396,0.0053454853316751,0.03879107494027043,0,0,0,52,0.044136560271945534,0.04317671549705396,0.0053454853316751,0.03879107494027043,0,0,0,52,0.044136560271945534,0.04317671549705396,0.0053454853316751,0.03879107494027043,0,0,0,52,0.044136560271945534,0.04317671549705396,0.0053454853316751,0.03879107494027043,0,0,0,52,0.044136560271945534,0.04317671549705396,0.0053454853316751,0.03879107494027043,0,0,0,52,0.044136560271945534,0.04317671549705396,0.0053454853316751,0.03879107494027043,0,0,0,52,0.044136560271945534,0.04317671549705396,0.0053454853316751,0.03879107494027043,0,0,0,52,0.044136560271945534,0.04317671549705396,0.0053454853316751,0.03879107494027043,0,0,0,52,0.044136560271945534,0.04317671549705396,0.0053454853316751,0.03879107494027043,0,0,0,52,0.044136560271945534,0.04317671549705396,0.0053454853316751,0.03879107494027043
steane_code_n26,qec,MQT Bench 2.3.0,26,92,16,0,4,17,17,SC5|p=0.001|r=30|rho=10,realistic,SC5,5,25,0.001,30.0,10,1,0.0031526304869580694,0.0,0.005366132781095331,2.868275147901941e-05,TRIVIAL,0.0,0,TRIVIAL,0.0,,0.001,0.0,0.0,0.0,0,0,0,52,0.03877907999963424,0.03803679741545591,0.0,0.03877907999963424,0,0,0,52,0.03877907999963424,0.03803679741545591,0.0,0.03877907999963424,0,0,0,52,0.03877907999963424,0.03803679741545591,0.0,0.03877907999963424,0,0,0,52,0.03877907999963424,0.03803679741545591,0.0,0.03877907999963424,0,0,0,52,0.03877907999963424,0.03803679741545591,0.0,0.03877907999963424,0,0,0,52,0.03877907999963424,0.03803679741545591,0.0,0.03877907999963424,0,0,0,52,0.03877907999963424,0.03803679741545591,0.0,0.03877907999963424,0,0,0,52,0.03877907999963424,0.03803679741545591,0.0,0.03877907999963424,0,0,0,52,0.03877907999963424,0.03803679741545591,0.0,0.03877907999963424,0,0,0,52,0.03877907999963424,0.03803679741545591,0.0,0.03877907999963424,0,0,0,52,0.03877907999963424,0.03803679741545591,0.0,0.03877907999963424,0,0,0,52,0.03877907999963424,0.03803679741545591,0.0,0.03877907999963424,0,0,0,52,0.03877907999963424,0.03803679741545591,0.0,0.03877907999963424,0,0,0,52,0.03877907999963424,0.03803679741545591,0.0,0.03877907999963424,0,0,0,52,0.03877907999963424,0.03803679741545591,0.0,0.03877907999963424,0,0,0,52,0.03877907999963424,0.03803679741545591,0.0,0.03877907999963424,0,0,0,52,0.03877907999963424,0.03803679741545591,0.0,0.03877907999963424,0,0,0,52,0.03877907999963424,0.03803679741545591,0.0,0.03877907999963424,0,0,0,52,0.03877907999963424,0.03803679741545591,0.0,0.03877907999963424,0,0,0,52,0.03877907999963424,0.03803679741545591,0.0,0.03877907999963424,0,0,0,52,0.03877907999963424,0.03803679741545591,0.0,0.03877907999963424,0,0,0,52,0.03877907999963424,0.03803679741545591,0.0,0.03877907999963424,0,0,0,52,0.03877907999963424,0.03803679741545591,0.0,0.03877907999963424,0,0,0,52,0.03877907999963424,0.03803679741545591,0.0,0.03877907999963424,0,0,0,52,0.03877907999963424,0.03803679741545591,0.0,0.03877907999963424,0,0,0,52,0.03877907999963424,0.03803679741545591,0.0,0.03877907999963424,0,0,0,52,0.03877907999963424,0.03803679741545591,0.0,0.03877907999963424,0,0,0,52,0.03877907999963424,0.03803679741545591,0.0,0.03877907999963424,0,0,0,52,0.03877907999963424,0.03803679741545591,0.0,0.03877907999963424,0,0,0,52,0.03877907999963424,0.03803679741545591,0.0,0.03877907999963424,0,0,0,52,0.03877907999963424,0.03803679741545591,0.0,0.03877907999963424,0,0,0,52,0.03877907999963424,0.03803679741545591,0.0,0.03877907999963424,0,0,0,52,0.03877907999963424,0.03803679741545591,0.0,0.03877907999963424
steane_code_n26,qec,MQT Bench 2.3.0,26,92,16,0,4,17,17,SC5|p=0.001|r=30|rho=100,realistic,SC5,5,25,0.001,30.0,100,1,0.0031526304869580694,0.0,0.005366132781095331,2.868275147901941e-05,TRIVIAL,0.0,0,TRIVIAL,0.0,,0.001,0.0,0.0,0.0,0,0,0,52,0.03877907999963424,0.03803679741545591,0.0,0.03877907999963424,0,0,0,52,0.03877907999963424,0.03803679741545591,0.0,0.03877907999963424,0,0,0,52,0.03877907999963424,0.03803679741545591,0.0,0.03877907999963424,0,0,0,52,0.03877907999963424,0.03803679741545591,0.0,0.03877907999963424,0,0,0,52,0.03877907999963424,0.03803679741545591,0.0,0.03877907999963424,0,0,0,52,0.03877907999963424,0.03803679741545591,0.0,0.03877907999963424,0,0,0,52,0.03877907999963424,0.03803679741545591,0.0,0.03877907999963424,0,0,0,52,0.03877907999963424,0.03803679741545591,0.0,0.03877907999963424,0,0,0,52,0.03877907999963424,0.03803679741545591,0.0,0.03877907999963424,0,0,0,52,0.03877907999963424,0.03803679741545591,0.0,0.03877907999963424,0,0,0,52,0.03877907999963424,0.03803679741545591,0.0,0.03877907999963424,0,0,0,52,0.03877907999963424,0.03803679741545591,0.0,0.03877907999963424,0,0,0,52,0.03877907999963424,0.03803679741545591,0.0,0.03877907999963424,0,0,0,52,0.03877907999963424,0.03803679741545591,0.0,0.03877907999963424,0,0,0,52,0.03877907999963424,0.03803679741545591,0.0,0.03877907999963424,0,0,0,52,0.03877907999963424,0.03803679741545591,0.0,0.03877907999963424,0,0,0,52,0.03877907999963424,0.03803679741545591,0.0,0.03877907999963424,0,0,0,52,0.03877907999963424,0.03803679741545591,0.0,0.03877907999963424,0,0,0,52,0.03877907999963424,0.03803679741545591,0.0,0.03877907999963424,0,0,0,52,0.03877907999963424,0.03803679741545591,0.0,0.03877907999963424,0,0,0,52,0.03877907999963424,0.03803679741545591,0.0,0.03877907999963424,0,0,0,52,0.03877907999963424,0.03803679741545591,0.0,0.03877907999963424,0,0,0,52,0.03877907999963424,0.03803679741545591,0.0,0.03877907999963424,0,0,0,52,0.03877907999963424,0.03803679741545591,0.0,0.03877907999963424,0,0,0,52,0.03877907999963424,0.03803679741545591,0.0,0.03877907999963424,0,0,0,52,0.03877907999963424,0.03803679741545591,0.0,0.03877907999963424,0,0,0,52,0.03877907999963424,0.03803679741545591,0.0,0.03877907999963424,0,0,0,52,0.03877907999963424,0.03803679741545591,0.0,0.03877907999963424,0,0,0,52,0.03877907999963424,0.03803679741545591,0.0,0.03877907999963424,0,0,0,52,0.03877907999963424,0.03803679741545591,0.0,0.03877907999963424,0,0,0,52,0.03877907999963424,0.03803679741545591,0.0,0.03877907999963424,0,0,0,52,0.03877907999963424,0.03803679741545591,0.0,0.03877907999963424,0,0,0,52,0.03877907999963424,0.03803679741545591,0.0,0.03877907999963424
steane_code_n26,qec,MQT Bench 2.3.0,26,92,16,0,4,17,17,SC5|p=0.002|r=10|rho=10,realistic,SC5,5,25,0.002,10.0,10,1,0.0032480946242971235,0.0,0.0089771927017271,0.0002379015985281741,TRIVIAL,0.0,0,TRIVIAL,0.0,,0.001,0.0,0.0,0.0,0,0,0,52,0.3216429612100914,0.275043018108609,0.0,0.3216429612100914,0,0,0,52,0.3216429612100914,0.275043018108609,0.0,0.3216429612100914,0,0,0,52,0.3216429612100914,0.275043018108609,0.0,0.3216429612100914,0,0,0,52,0.3216429612100914,0.275043018108609,0.0,0.3216429612100914,0,0,0,52,0.3216429612100914,0.275043018108609,0.0,0.3216429612100914,0,0,0,52,0.3216429612100914,0.275043018108609,0.0,0.3216429612100914,0,0,0,52,0.3216429612100914,0.275043018108609,0.0,0.3216429612100914,0,0,0,52,0.3216429612100914,0.275043018108609,0.0,0.3216429612100914,0,0,0,52,0.3216429612100914,0.275043018108609,0.0,0.3216429612100914,0,0,0,52,0.3216429612100914,0.275043018108609,0.0,0.3216429612100914,0,0,0,52,0.3216429612100914,0.275043018108609,0.0,0.3216429612100914,0,0,0,52,0.3216429612100914,0.275043018108609,0.0,0.3216429612100914,0,0,0,52,0.3216429612100914,0.275043018108609,0.0,0.3216429612100914,0,0,0,52,0.3216429612100914,0.275043018108609,0.0,0.3216429612100914,0,0,0,52,0.3216429612100914,0.275043018108609,0.0,0.3216429612100914,0,0,0,52,0.3216429612100914,0.275043018108609,0.0,0.3216429612100914,0,0,0,52,0.3216429612100914,0.275043018108609,0.0,0.3216429612100914,0,0,0,52,0.3216429612100914,0.275043018108609,0.0,0.3216429612100914,0,0,0,52,0.3216429612100914,0.275043018108609,0.0,0.3216429612100914,0,0,0,52,0.3216429612100914,0.275043018108609,0.0,0.3216429612100914,0,0,0,52,0.3216429612100914,0.275043018108609,0.0,0.3216429612100914,0,0,0,52,0.3216429612100914,0.275043018108609,0.0,0.3216429612100914,0,0,0,52,0.3216429612100914,0.275043018108609,0.0,0.3216429612100914,0,0,0,52,0.3216429612100914,0.275043018108609,0.0,0.3216429612100914,0,0,0,52,0.3216429612100914,0.275043018108609,0.0,0.3216429612100914,0,0,0,52,0.3216429612100914,0.275043018108609,0.0,0.3216429612100914,0,0,0,52,0.3216429612100914,0.275043018108609,0.0,0.3216429612100914,0,0,0,52,0.3216429612100914,0.275043018108609,0.0,0.3216429612100914,0,0,0,52,0.3216429612100914,0.275043018108609,0.0,0.3216429612100914,0,0,0,52,0.3216429612100914,0.275043018108609,0.0,0.3216429612100914,0,0,0,52,0.3216429612100914,0.275043018108609,0.0,0.3216429612100914,0,0,0,52,0.3216429612100914,0.275043018108609,0.0,0.3216429612100914,0,0,0,52,0.3216429612100914,0.275043018108609,0.0,0.3216429612100914
steane_code_n26,qec,MQT Bench 2.3.0,26,92,16,0,4,17,17,SC5|p=0.002|r=10|rho=100,realistic,SC5,5,25,0.002,10.0,100,1,0.0032480946242971235,0.0,0.0089771927017271,0.0002379015985281741,TRIVIAL,0.0,0,TRIVIAL,0.0,,0.001,0.0,0.0,0.0,0,0,0,52,0.3216429612100914,0.275043018108609,0.0,0.3216429612100914,0,0,0,52,0.3216429612100914,0.275043018108609,0.0,0.3216429612100914,0,0,0,52,0.3216429612100914,0.275043018108609,0.0,0.3216429612100914,0,0,0,52,0.3216429612100914,0.275043018108609,0.0,0.3216429612100914,0,0,0,52,0.3216429612100914,0.275043018108609,0.0,0.3216429612100914,0,0,0,52,0.3216429612100914,0.275043018108609,0.0,0.3216429612100914,0,0,0,52,0.3216429612100914,0.275043018108609,0.0,0.3216429612100914,0,0,0,52,0.3216429612100914,0.275043018108609,0.0,0.3216429612100914,0,0,0,52,0.3216429612100914,0.275043018108609,0.0,0.3216429612100914,0,0,0,52,0.3216429612100914,0.275043018108609,0.0,0.3216429612100914,0,0,0,52,0.3216429612100914,0.275043018108609,0.0,0.3216429612100914,0,0,0,52,0.3216429612100914,0.275043018108609,0.0,0.3216429612100914,0,0,0,52,0.3216429612100914,0.275043018108609,0.0,0.3216429612100914,0,0,0,52,0.3216429612100914,0.275043018108609,0.0,0.3216429612100914,0,0,0,52,0.3216429612100914,0.275043018108609,0.0,0.3216429612100914,0,0,0,52,0.3216429612100914,0.275043018108609,0.0,0.3216429612100914,0,0,0,52,0.3216429612100914,0.275043018108609,0.0,0.3216429612100914,0,0,0,52,0.3216429612100914,0.275043018108609,0.0,0.3216429612100914,0,0,0,52,0.3216429612100914,0.275043018108609,0.0,0.3216429612100914,0,0,0,52,0.3216429612100914,0.275043018108609,0.0,0.3216429612100914,0,0,0,52,0.3216429612100914,0.275043018108609,0.0,0.3216429612100914,0,0,0,52,0.3216429612100914,0.275043018108609,0.0,0.3216429612100914,0,0,0,52,0.3216429612100914,0.275043018108609,0.0,0.3216429612100914,0,0,0,52,0.3216429612100914,0.275043018108609,0.0,0.3216429612100914,0,0,0,52,0.3216429612100914,0.275043018108609,0.0,0.3216429612100914,0,0,0,52,0.3216429612100914,0.275043018108609,0.0,0.3216429612100914,0,0,0,52,0.3216429612100914,0.275043018108609,0.0,0.3216429612100914,0,0,0,52,0.3216429612100914,0.275043018108609,0.0,0.3216429612100914,0,0,0,52,0.3216429612100914,0.275043018108609,0.0,0.3216429612100914,0,0,0,52,0.3216429612100914,0.275043018108609,0.0,0.3216429612100914,0,0,0,52,0.3216429612100914,0.275043018108609,0.0,0.3216429612100914,0,0,0,52,0.3216429612100914,0.275043018108609,0.0,0.3216429612100914,0,0,0,52,0.3216429612100914,0.275043018108609,0.0,0.3216429612100914
steane_code_n26,qec,MQT Bench 2.3.0,26,92,16,0,4,17,17,SC5|p=0.002|r=30|rho=10,realistic,SC5,5,25,0.002,30.0,10,1,0.017467932906043773,0.0,0.031064157235436735,0.0001993039102874015,TRIVIAL,0.0,0,TRIVIAL,0.0,,0.001,0.0,0.0,0.0,0,0,0,52,0.2694588867085668,0.23620731909206275,0.0,0.2694588867085668,0,0,0,52,0.2694588867085668,0.23620731909206275,0.0,0.2694588867085668,0,0,0,52,0.2694588867085668,0.23620731909206275,0.0,0.2694588867085668,0,0,0,52,0.2694588867085668,0.23620731909206275,0.0,0.2694588867085668,0,0,0,52,0.2694588867085668,0.23620731909206275,0.0,0.2694588867085668,0,0,0,52,0.2694588867085668,0.23620731909206275,0.0,0.2694588867085668,0,0,0,52,0.2694588867085668,0.23620731909206275,0.0,0.2694588867085668,0,0,0,52,0.2694588867085668,0.23620731909206275,0.0,0.2694588867085668,0,0,0,52,0.2694588867085668,0.23620731909206275,0.0,0.2694588867085668,0,0,0,52,0.2694588867085668,0.23620731909206275,0.0,0.2694588867085668,0,0,0,52,0.2694588867085668,0.23620731909206275,0.0,0.2694588867085668,0,0,0,52,0.2694588867085668,0.23620731909206275,0.0,0.2694588867085668,0,0,0,52,0.2694588867085668,0.23620731909206275,0.0,0.2694588867085668,0,0,0,52,0.2694588867085668,0.23620731909206275,0.0,0.2694588867085668,0,0,0,52,0.2694588867085668,0.23620731909206275,0.0,0.2694588867085668,0,0,0,52,0.2694588867085668,0.23620731909206275,0.0,0.2694588867085668,0,0,0,52,0.2694588867085668,0.23620731909206275,0.0,0.2694588867085668,0,0,0,52,0.2694588867085668,0.23620731909206275,0.0,0.2694588867085668,0,0,0,52,0.2694588867085668,0.23620731909206275,0.0,0.2694588867085668,0,0,0,52,0.2694588867085668,0.23620731909206275,0.0,0.2694588867085668,0,0,0,52,0.2694588867085668,0.23620731909206275,0.0,0.2694588867085668,0,0,0,52,0.2694588867085668,0.23620731909206275,0.0,0.2694588867085668,0,0,0,52,0.2694588867085668,0.23620731909206275,0.0,0.2694588867085668,0,0,0,52,0.2694588867085668,0.23620731909206275,0.0,0.2694588867085668,0,0,0,52,0.2694588867085668,0.23620731909206275,0.0,0.2694588867085668,0,0,0,52,0.2694588867085668,0.23620731909206275,0.0,0.2694588867085668,0,0,0,52,0.2694588867085668,0.23620731909206275,0.0,0.2694588867085668,0,0,0,52,0.2694588867085668,0.23620731909206275,0.0,0.2694588867085668,0,0,0,52,0.2694588867085668,0.23620731909206275,0.0,0.2694588867085668,0,0,0,52,0.2694588867085668,0.23620731909206275,0.0,0.2694588867085668,0,0,0,52,0.2694588867085668,0.23620731909206275,0.0,0.2694588867085668,0,0,0,52,0.2694588867085668,0.23620731909206275,0.0,0.2694588867085668,0,0,0,52,0.2694588867085668,0.23620731909206275,0.0,0.2694588867085668
steane_code_n26,qec,MQT Bench 2.3.0,26,92,16,0,4,17,17,SC5|p=0.002|r=30|rho=100,realistic,SC5,5,25,0.002,30.0,100,1,0.017467932906043773,0.0,0.031064157235436735,0.0001993039102874015,TRIVIAL,0.0,0,TRIVIAL,0.0,,0.001,0.0,0.0,0.0,0,0,0,52,0.2694588867085668,0.23620731909206275,0.0,0.2694588867085668,0,0,0,52,0.2694588867085668,0.23620731909206275,0.0,0.2694588867085668,0,0,0,52,0.2694588867085668,0.23620731909206275,0.0,0.2694588867085668,0,0,0,52,0.2694588867085668,0.23620731909206275,0.0,0.2694588867085668,0,0,0,52,0.2694588867085668,0.23620731909206275,0.0,0.2694588867085668,0,0,0,52,0.2694588867085668,0.23620731909206275,0.0,0.2694588867085668,0,0,0,52,0.2694588867085668,0.23620731909206275,0.0,0.2694588867085668,0,0,0,52,0.2694588867085668,0.23620731909206275,0.0,0.2694588867085668,0,0,0,52,0.2694588867085668,0.23620731909206275,0.0,0.2694588867085668,0,0,0,52,0.2694588867085668,0.23620731909206275,0.0,0.2694588867085668,0,0,0,52,0.2694588867085668,0.23620731909206275,0.0,0.2694588867085668,0,0,0,52,0.2694588867085668,0.23620731909206275,0.0,0.2694588867085668,0,0,0,52,0.2694588867085668,0.23620731909206275,0.0,0.2694588867085668,0,0,0,52,0.2694588867085668,0.23620731909206275,0.0,0.2694588867085668,0,0,0,52,0.2694588867085668,0.23620731909206275,0.0,0.2694588867085668,0,0,0,52,0.2694588867085668,0.23620731909206275,0.0,0.2694588867085668,0,0,0,52,0.2694588867085668,0.23620731909206275,0.0,0.2694588867085668,0,0,0,52,0.2694588867085668,0.23620731909206275,0.0,0.2694588867085668,0,0,0,52,0.2694588867085668,0.23620731909206275,0.0,0.2694588867085668,0,0,0,52,0.2694588867085668,0.23620731909206275,0.0,0.2694588867085668,0,0,0,52,0.2694588867085668,0.23620731909206275,0.0,0.2694588867085668,0,0,0,52,0.2694588867085668,0.23620731909206275,0.0,0.2694588867085668,0,0,0,52,0.2694588867085668,0.23620731909206275,0.0,0.2694588867085668,0,0,0,52,0.2694588867085668,0.23620731909206275,0.0,0.2694588867085668,0,0,0,52,0.2694588867085668,0.23620731909206275,0.0,0.2694588867085668,0,0,0,52,0.2694588867085668,0.23620731909206275,0.0,0.2694588867085668,0,0,0,52,0.2694588867085668,0.23620731909206275,0.0,0.2694588867085668,0,0,0,52,0.2694588867085668,0.23620731909206275,0.0,0.2694588867085668,0,0,0,52,0.2694588867085668,0.23620731909206275,0.0,0.2694588867085668,0,0,0,52,0.2694588867085668,0.23620731909206275,0.0,0.2694588867085668,0,0,0,52,0.2694588867085668,0.23620731909206275,0.0,0.2694588867085668,0,0,0,52,0.2694588867085668,0.23620731909206275,0.0,0.2694588867085668,0,0,0,52,0.2694588867085668,0.23620731909206275,0.0,0.2694588867085668
steane_code_n26,qec,MQT Bench 2.3.0,26,92,16,0,4,17,17,SC7|p=0.001|r=10|rho=10,realistic,SC7,7,49,0.001,10.0,10,0,0.00013916666666666662,0.00010250000000000045,0.00027916666666666584,1.805555555555555e-06,TRIVIAL,0.0,0,TRIVIAL,0.0,,0.001,0.0,0.0,0.0,0,0,0,52,0.011871111111111152,0.011800927465409148,0.00943000000000004,0.0024411111111111105,0,0,0,52,0.011871111111111152,0.011800927465409148,0.00943000000000004,0.0024411111111111105,0,0,0,52,0.011871111111111152,0.011800927465409148,0.00943000000000004,0.0024411111111111105,0,0,0,52,0.011871111111111152,0.011800927465409148,0.00943000000000004,0.0024411111111111105,0,0,0,52,0.011871111111111152,0.011800927465409148,0.00943000000000004,0.0024411111111111105,0,0,0,52,0.011871111111111152,0.011800927465409148,0.00943000000000004,0.0024411111111111105,0,0,0,52,0.011871111111111152,0.011800927465409148,0.00943000000000004,0.0024411111111111105,0,0,0,52,0.011871111111111152,0.011800927465409148,0.00943000000000004,0.0024411111111111105,0,0,0,52,0.011871111111111152,0.011800927465409148,0.00943000000000004,0.0024411111111111105,0,0,0,52,0.011871111111111152,0.011800927465409148,0.00943000000000004,0.0024411111111111105,0,0,0,52,0.011871111111111152,0.011800927465409148,0.00943000000000004,0.0024411111111111105,0,0,0,52,0.011871111111111152,0.011800927465409148,0.00943000000000004,0.0024411111111111105,0,0,0,52,0.011871111111111152,0.011800927465409148,0.00943000000000004,0.0024411111111111105,0,0,0,52,0.011871111111111152,0.011800927465409148,0.00943000000000004,0.0024411111111111105,0,0,0,52,0.011871111111111152,0.011800927465409148,0.00943000000000004,0.0024411111111111105,0,0,0,52,0.011871111111111152,0.011800927465409148,0.00943000000000004,0.0024411111111111105,0,0,0,52,0.011871111111111152,0.011800927465409148,0.00943000000000004,0.0024411111111111105,0,0,0,52,0.011871111111111152,0.011800927465409148,0.00943000000000004,0.0024411111111111105,0,0,0,52,0.011871111111111152,0.011800927465409148,0.00943000000000004,0.0024411111111111105,0,0,0,52,0.011871111111111152,0.011800927465409148,0.00943000000000004,0.0024411111111111105,0,0,0,52,0.011871111111111152,0.011800927465409148,0.00943000000000004,0.0024411111111111105,0,0,0,52,0.011871111111111152,0.011800927465409148,0.00943000000000004,0.0024411111111111105,0,0,0,52,0.011871111111111152,0.011800927465409148,0.00943000000000004,0.0024411111111111105,0,0,0,52,0.011871111111111152,0.011800927465409148,0.00943000000000004,0.0024411111111111105,0,0,0,52,0.011871111111111152,0.011800927465409148,0.00943000000000004,0.0024411111111111105,0,0,0,52,0.011871111111111152,0.011800927465409148,0.00943000000000004,0.0024411111111111105,0,0,0,52,0.011871111111111152,0.011800927465409148,0.00943000000000004,0.0024411111111111105,0,0,0,52,0.011871111111111152,0.011800927465409148,0.00943000000000004,0.0024411111111111105,0,0,0,52,0.011871111111111152,0.011800927465409148,0.00943000000000004,0.0024411111111111105,0,0,0,52,0.011871111111111152,0.011800927465409148,0.00943000000000004,0.0024411111111111105,0,0,0,52,0.011871111111111152,0.011800927465409148,0.00943000000000004,0.0024411111111111105,0,0,0,52,0.011871111111111152,0.011800927465409148,0.00943000000000004,0.0024411111111111105,0,0,0,52,0.011871111111111152,0.011800927465409148,0.00943000000000004,0.0024411111111111105
steane_code_n26,qec,MQT Bench 2.3.0,26,92,16,0,4,17,17,SC7|p=0.001|r=10|rho=100,realistic,SC7,7,49,0.001,10.0,100,0,0.00013916666666666662,0.00010250000000000045,0.00027916666666666584,1.805555555555555e-06,TRIVIAL,0.0,0,TRIVIAL,0.0,,0.001,0.0,0.0,0.0,0,0,0,52,0.011871111111111152,0.011800927465409148,0.00943000000000004,0.0024411111111111105,0,0,0,52,0.011871111111111152,0.011800927465409148,0.00943000000000004,0.0024411111111111105,0,0,0,52,0.011871111111111152,0.011800927465409148,0.00943000000000004,0.0024411111111111105,0,0,0,52,0.011871111111111152,0.011800927465409148,0.00943000000000004,0.0024411111111111105,0,0,0,52,0.011871111111111152,0.011800927465409148,0.00943000000000004,0.0024411111111111105,0,0,0,52,0.011871111111111152,0.011800927465409148,0.00943000000000004,0.0024411111111111105,0,0,0,52,0.011871111111111152,0.011800927465409148,0.00943000000000004,0.0024411111111111105,0,0,0,52,0.011871111111111152,0.011800927465409148,0.00943000000000004,0.0024411111111111105,0,0,0,52,0.011871111111111152,0.011800927465409148,0.00943000000000004,0.0024411111111111105,0,0,0,52,0.011871111111111152,0.011800927465409148,0.00943000000000004,0.0024411111111111105,0,0,0,52,0.011871111111111152,0.011800927465409148,0.00943000000000004,0.0024411111111111105,0,0,0,52,0.011871111111111152,0.011800927465409148,0.00943000000000004,0.0024411111111111105,0,0,0,52,0.011871111111111152,0.011800927465409148,0.00943000000000004,0.0024411111111111105,0,0,0,52,0.011871111111111152,0.011800927465409148,0.00943000000000004,0.0024411111111111105,0,0,0,52,0.011871111111111152,0.011800927465409148,0.00943000000000004,0.0024411111111111105,0,0,0,52,0.011871111111111152,0.011800927465409148,0.00943000000000004,0.0024411111111111105,0,0,0,52,0.011871111111111152,0.011800927465409148,0.00943000000000004,0.0024411111111111105,0,0,0,52,0.011871111111111152,0.011800927465409148,0.00943000000000004,0.0024411111111111105,0,0,0,52,0.011871111111111152,0.011800927465409148,0.00943000000000004,0.0024411111111111105,0,0,0,52,0.011871111111111152,0.011800927465409148,0.00943000000000004,0.0024411111111111105,0,0,0,52,0.011871111111111152,0.011800927465409148,0.00943000000000004,0.0024411111111111105,0,0,0,52,0.011871111111111152,0.011800927465409148,0.00943000000000004,0.0024411111111111105,0,0,0,52,0.011871111111111152,0.011800927465409148,0.00943000000000004,0.0024411111111111105,0,0,0,52,0.011871111111111152,0.011800927465409148,0.00943000000000004,0.0024411111111111105,0,0,0,52,0.011871111111111152,0.011800927465409148,0.00943000000000004,0.0024411111111111105,0,0,0,52,0.011871111111111152,0.011800927465409148,0.00943000000000004,0.0024411111111111105,0,0,0,52,0.011871111111111152,0.011800927465409148,0.00943000000000004,0.0024411111111111105,0,0,0,52,0.011871111111111152,0.011800927465409148,0.00943000000000004,0.0024411111111111105,0,0,0,52,0.011871111111111152,0.011800927465409148,0.00943000000000004,0.0024411111111111105,0,0,0,52,0.011871111111111152,0.011800927465409148,0.00943000000000004,0.0024411111111111105,0,0,0,52,0.011871111111111152,0.011800927465409148,0.00943000000000004,0.0024411111111111105,0,0,0,52,0.011871111111111152,0.011800927465409148,0.00943000000000004,0.0024411111111111105,0,0,0,52,0.011871111111111152,0.011800927465409148,0.00943000000000004,0.0024411111111111105
swap_test_n25,other,QASMBench (via DQC-NAC examples),25,96,63,24,4,17,16,SC5|p=0.001|r=10|rho=10,realistic,SC5,5,25,0.001,10.0,10,0,0.0003825200145869967,5.810310143125109e-05,0.0009810966318486132,2.8691623476531386e-05,FEASIBLE/FEASIBLE,70.12,6,OPTIMAL,8.58,0.15104094726503453,0.003,0.010158730158730159,0.16666666666666666,0.125,24,0,600,240.0,0.18551364451232633,0.1693224986858084,0.013363903653138,0.17214974085918833,0,6,150,211,0.16281279136719484,0.1502497458918124,0.011464477528491784,0.15134831383870306,12,1,325,196,0.15104095236212145,0.1401875134141056,0.010451997327117664,0.1405889550350038,0,6,150,211,0.16281279136719484,0.1502497458918124,0.011464477528491784,0.15134831383870306,0,6,150,211,0.16281279136719484,0.1502497458918124,0.011464477528491784,0.15134831383870306,0,6,150,211,0.16281279136719484,0.1502497458918124,0.011464477528491784,0.15134831383870306,0,6,150,211,0.16281279136719484,0.1502497458918124,0.011464477528491784,0.15134831383870306,12,1,325,196,0.15104095236212145,0.1401875134141056,0.010451997327117664,0.1405889550350038,12,1,325,196,0.15104095236212145,0.1401875134141056,0.010451997327117664,0.1405889550350038,12,1,325,196,0.15104095236212145,0.1401875134141056,0.010451997327117664,0.1405889550350038,12,1,325,196,0.15104095236212145,0.1401875134141056,0.010451997327117664,0.1405889550350038,12,1,325,196,0.15104095236212145,0.1401875134141056,0.010451997327117664,0.1405889550350038,12,1,325,196,0.15104095236212145,0.1401875134141056,0.010451997327117664,0.1405889550350038,12,1,325,196,0.15104095236212145,0.1401875134141056,0.010451997327117664,0.1405889550350038,12,1,325,196,0.15104095236212145,0.1401875134141056,0.010451997327117664,0.1405889550350038,24,0,600,240.0,0.18551364451232633,0.1693224986858084,0.013363903653138,0.17214974085918833,24,0,600,240.0,0.18551364451232633,0.1693224986858084,0.013363903653138,0.17214974085918833,24,0,600,240.0,0.18551364451232633,0.1693224986858084,0.013363903653138,0.17214974085918833,24,0,600,240.0,0.18551364451232633,0.1693224986858084,0.013363903653138,0.17214974085918833,24,0,600,240.0,0.18551364451232633,0.1693224986858084,0.013363903653138,0.17214974085918833,24,0,600,240.0,0.18551364451232633,0.1693224986858084,0.013363903653138,0.17214974085918833,24,0,600,240.0,0.18551364451232633,0.1693224986858084,0.013363903653138,0.17214974085918833,24,0,600,240.0,0.18551364451232633,0.1693224986858084,0.013363903653138,0.17214974085918833,24,0,600,240.0,0.18551364451232633,0.1693224986858084,0.013363903653138,0.17214974085918833,24,0,600,240.0,0.18551364451232633,0.1693224986858084,0.013363903653138,0.17214974085918833,24,0,600,240.0,0.18551364451232633,0.1693224986858084,0.013363903653138,0.17214974085918833,24,0,600,240.0,0.18551364451232633,0.1693224986858084,0.013363903653138,0.17214974085918833,24,0,600,240.0,0.18551364451232633,0.1693224986858084,0.013363903653138,0.17214974085918833,24,0,600,240.0,0.18551364451232633,0.1693224986858084,0.013363903653138,0.17214974085918833,24,0,600,240.0,0.18551364451232633,0.1693224986858084,0.013363903653138,0.17214974085918833,24,0,600,240.0,0.18551364451232633,0.1693224986858084,0.013363903653138,0.17214974085918833,24,0,600,240.0,0.18551364451232633,0.1693224986858084,0.013363903653138,0.17214974085918833,24,0,600,240.0,0.18551364451232633,0.1693224986858084,0.013363903653138,0.17214974085918833
swap_test_n25,other,QASMBench (via DQC-NAC examples),25,96,63,24,4,17,16,SC5|p=0.001|r=10|rho=100,realistic,SC5,5,25,0.001,10.0,100,0,0.0003825200145869967,5.810310143125109e-05,0.0009810966318486132,2.8691623476531386e-05,FEASIBLE/FEASIBLE,70.1,6,FEASIBLE,30.09,0.14473226242124956,0.003,0.0,0.0,0.0,24,0,600,2400.0,1.7348613122450214,0.8235753334693594,0.013363903653138,1.7214974085918833,0,6,150,600.0,0.4418388296764626,0.3571467640293289,0.011464477528491784,0.4303743521479708,0,6,150,600.0,0.4418388296764626,0.3571467640293289,0.011464477528491784,0.4303743521479708,0,6,150,600.0,0.4418388296764626,0.3571467640293289,0.011464477528491784,0.4303743521479708,0,6,150,600.0,0.4418388296764626,0.3571467640293289,0.011464477528491784,0.4303743521479708,0,6,150,600.0,0.4418388296764626,0.3571467640293289,0.011464477528491784,0.4303743521479708,0,6,150,600.0,0.4418388296764626,0.3571467640293289,0.011464477528491784,0.4303743521479708,12,1,325,1300.0,0.9429297603143877,0.6105149357310999,0.010451997327117664,0.93247776298727,12,1,325,1300.0,0.9429297603143877,0.6105149357310999,0.010451997327117664,0.93247776298727,12,1,325,1300.0,0.9429297603143877,0.6105149357310999,0.010451997327117664,0.93247776298727,12,1,325,1300.0,0.9429297603143877,0.6105149357310999,0.010451997327117664,0.93247776298727,12,1,325,1300.0,0.9429297603143877,0.6105149357310999,0.010451997327117664,0.93247776298727,12,1,325,1300.0,0.9429297603143877,0.6105149357310999,0.010451997327117664,0.93247776298727,12,1,325,1300.0,0.9429297603143877,0.6105149357310999,0.010451997327117664,0.93247776298727,12,1,325,1300.0,0.9429297603143877,0.6105149357310999,0.010451997327117664,0.93247776298727,24,0,600,2400.0,1.7348613122450214,0.8235753334693594,0.013363903653138,1.7214974085918833,24,0,600,2400.0,1.7348613122450214,0.8235753334693594,0.013363903653138,1.7214974085918833,24,0,600,2400.0,1.7348613122450214,0.8235753334693594,0.013363903653138,1.7214974085918833,24,0,600,2400.0,1.7348613122450214,0.8235753334693594,0.013363903653138,1.7214974085918833,24,0,600,2400.0,1.7348613122450214,0.8235753334693594,0.013363903653138,1.7214974085918833,24,0,600,2400.0,1.7348613122450214,0.8235753334693594,0.013363903653138,1.7214974085918833,24,0,600,2400.0,1.7348613122450214,0.8235753334693594,0.013363903653138,1.7214974085918833,24,0,600,2400.0,1.7348613122450214,0.8235753334693594,0.013363903653138,1.7214974085918833,24,0,600,2400.0,1.7348613122450214,0.8235753334693594,0.013363903653138,1.7214974085918833,24,0,600,2400.0,1.7348613122450214,0.8235753334693594,0.013363903653138,1.7214974085918833,24,0,600,2400.0,1.7348613122450214,0.8235753334693594,0.013363903653138,1.7214974085918833,24,0,600,2400.0,1.7348613122450214,0.8235753334693594,0.013363903653138,1.7214974085918833,24,0,600,2400.0,1.7348613122450214,0.8235753334693594,0.013363903653138,1.7214974085918833,24,0,600,2400.0,1.7348613122450214,0.8235753334693594,0.013363903653138,1.7214974085918833,24,0,600,2400.0,1.7348613122450214,0.8235753334693594,0.013363903653138,1.7214974085918833,24,0,600,2400.0,1.7348613122450214,0.8235753334693594,0.013363903653138,1.7214974085918833,24,0,600,2400.0,1.7348613122450214,0.8235753334693594,0.013363903653138,1.7214974085918833,24,0,600,2400.0,1.7348613122450214,0.8235753334693594,0.013363903653138,1.7214974085918833
swap_test_n25,other,QASMBench (via DQC-NAC examples),25,96,63,24,4,17,16,SC5|p=0.001|r=30|rho=10,realistic,SC5,5,25,0.001,30.0,10,1,0.0031526304869580694,0.0,0.005366132781095331,2.868275147901941e-05,FEASIBLE/FEASIBLE,70.12,6,FEASIBLE,30.05,0.1426971205235926,0.003,0.12,0.09615384615384616,0.041666666666666664,24,0,600,240.0,0.2477596405611101,0.21945246730032633,0.07566313168699366,0.17209650887411646,0,6,150,208,0.18134710437747292,0.16585422720875692,0.032196796686571987,0.14915030769090093,4,4,200,199,0.17677174168033516,0.16202896344453835,0.034075053072213604,0.14269668860812157,0,6,150,211,0.1834983107383994,0.1676467182008558,0.032196796686571987,0.1513015140518274,0,6,150,211,0.1834983107383994,0.1676467182008558,0.032196796686571987,0.1513015140518274,0,6,150,211,0.1834983107383994,0.1676467182008558,0.032196796686571987,0.1513015140518274,0,6,150,211,0.1834983107383994,0.1676467182008558,0.032196796686571987,0.1513015140518274,12,1,325,196,0.1837431808717873,0.16785051170750592,0.04319769862459216,0.14054548224719512,12,1,325,196,0.1837431808717873,0.16785051170750592,0.04319769862459216,0.14054548224719512,12,1,325,196,0.1837431808717873,0.16785051170750592,0.04319769862459216,0.14054548224719512,12,1,325,196,0.1837431808717873,0.16785051170750592,0.04319769862459216,0.14054548224719512,12,1,325,196,0.1837431808717873,0.16785051170750592,0.04319769862459216,0.14054548224719512,12,1,325,196,0.1837431808717873,0.16785051170750592,0.04319769862459216,0.14054548224719512,12,1,325,196,0.1837431808717873,0.16785051170750592,0.04319769862459216,0.14054548224719512,12,1,325,196,0.1837431808717873,0.16785051170750592,0.04319769862459216,0.14054548224719512,24,0,600,240.0,0.2477596405611101,0.21945246730032633,0.07566313168699366,0.17209650887411646,24,0,600,240.0,0.2477596405611101,0.21945246730032633,0.07566313168699366,0.17209650887411646,24,0,600,240.0,0.2477596405611101,0.21945246730032633,0.07566313168699366,0.17209650887411646,24,0,600,240.0,0.2477596405611101,0.21945246730032633,0.07566313168699366,0.17209650887411646,24,0,600,240.0,0.2477596405611101,0.21945246730032633,0.07566313168699366,0.17209650887411646,24,0,600,240.0,0.2477596405611101,0.21945246730032633,0.07566313168699366,0.17209650887411646,24,0,600,240.0,0.2477596405611101,0.21945246730032633,0.07566313168699366,0.17209650887411646,24,0,600,240.0,0.2477596405611101,0.21945246730032633,0.07566313168699366,0.17209650887411646,24,0,600,240.0,0.2477596405611101,0.21945246730032633,0.07566313168699366,0.17209650887411646,24,0,600,240.0,0.2477596405611101,0.21945246730032633,0.07566313168699366,0.17209650887411646,24,0,600,240.0,0.2477596405611101,0.21945246730032633,0.07566313168699366,0.17209650887411646,24,0,600,240.0,0.2477596405611101,0.21945246730032633,0.07566313168699366,0.17209650887411646,24,0,600,240.0,0.2477596405611101,0.21945246730032633,0.07566313168699366,0.17209650887411646,24,0,600,240.0,0.2477596405611101,0.21945246730032633,0.07566313168699366,0.17209650887411646,24,0,600,240.0,0.2477596405611101,0.21945246730032633,0.07566313168699366,0.17209650887411646,24,0,600,240.0,0.2477596405611101,0.21945246730032633,0.07566313168699366,0.17209650887411646,24,0,600,240.0,0.2477596405611101,0.21945246730032633,0.07566313168699366,0.17209650887411646,24,0,600,240.0,0.2477596405611101,0.21945246730032633,0.07566313168699366,0.17209650887411646
swap_test_n25,other,QASMBench (via DQC-NAC examples),25,96,63,24,4,17,16,SC5|p=0.001|r=30|rho=100,realistic,SC5,5,25,0.001,30.0,100,1,0.0031526304869580694,0.0,0.005366132781095331,2.868275147901941e-05,FEASIBLE/FEASIBLE,70.11,6,FEASIBLE,30.05,0.13911176573656767,0.003,0.0,0.0,0.0,24,0,600,2400.0,1.7966282204281583,0.8341428196738334,0.07566313168699366,1.7209650887411647,0,6,150,600.0,0.4624380688718632,0.37025359279061154,0.032196796686571987,0.4302412721852912,0,6,150,600.0,0.4624380688718632,0.37025359279061154,0.032196796686571987,0.4302412721852912,0,6,150,600.0,0.4624380688718632,0.37025359279061154,0.032196796686571987,0.4302412721852912,0,6,150,600.0,0.4624380688718632,0.37025359279061154,0.032196796686571987,0.4302412721852912,0,6,150,600.0,0.4624380688718632,0.37025359279061154,0.032196796686571987,0.4302412721852912,0,6,150,600.0,0.4624380688718632,0.37025359279061154,0.032196796686571987,0.4302412721852912,12,1,325,1300.0,0.975387121692723,0.6229536375192559,0.04319769862459216,0.9321894230681309,12,1,325,1300.0,0.975387121692723,0.6229536375192559,0.04319769862459216,0.9321894230681309,12,1,325,1300.0,0.975387121692723,0.6229536375192559,0.04319769862459216,0.9321894230681309,12,1,325,1300.0,0.975387121692723,0.6229536375192559,0.04319769862459216,0.9321894230681309,12,1,325,1300.0,0.975387121692723,0.6229536375192559,0.04319769862459216,0.9321894230681309,12,1,325,1300.0,0.975387121692723,0.6229536375192559,0.04319769862459216,0.9321894230681309,12,1,325,1300.0,0.975387121692723,0.6229536375192559,0.04319769862459216,0.9321894230681309,12,1,325,1300.0,0.975387121692723,0.6229536375192559,0.04319769862459216,0.9321894230681309,24,0,600,2400.0,1.7966282204281583,0.8341428196738334,0.07566313168699366,1.7209650887411647,24,0,600,2400.0,1.7966282204281583,0.8341428196738334,0.07566313168699366,1.7209650887411647,24,0,600,2400.0,1.7966282204281583,0.8341428196738334,0.07566313168699366,1.7209650887411647,24,0,600,2400.0,1.7966282204281583,0.8341428196738334,0.07566313168699366,1.7209650887411647,24,0,600,2400.0,1.7966282204281583,0.8341428196738334,0.07566313168699366,1.7209650887411647,24,0,600,2400.0,1.7966282204281583,0.8341428196738334,0.07566313168699366,1.7209650887411647,24,0,600,2400.0,1.7966282204281583,0.8341428196738334,0.07566313168699366,1.7209650887411647,24,0,600,2400.0,1.7966282204281583,0.8341428196738334,0.07566313168699366,1.7209650887411647,24,0,600,2400.0,1.7966282204281583,0.8341428196738334,0.07566313168699366,1.7209650887411647,24,0,600,2400.0,1.7966282204281583,0.8341428196738334,0.07566313168699366,1.7209650887411647,24,0,600,2400.0,1.7966282204281583,0.8341428196738334,0.07566313168699366,1.7209650887411647,24,0,600,2400.0,1.7966282204281583,0.8341428196738334,0.07566313168699366,1.7209650887411647,24,0,600,2400.0,1.7966282204281583,0.8341428196738334,0.07566313168699366,1.7209650887411647,24,0,600,2400.0,1.7966282204281583,0.8341428196738334,0.07566313168699366,1.7209650887411647,24,0,600,2400.0,1.7966282204281583,0.8341428196738334,0.07566313168699366,1.7209650887411647,24,0,600,2400.0,1.7966282204281583,0.8341428196738334,0.07566313168699366,1.7209650887411647,24,0,600,2400.0,1.7966282204281583,0.8341428196738334,0.07566313168699366,1.7209650887411647,24,0,600,2400.0,1.7966282204281583,0.8341428196738334,0.07566313168699366,1.7209650887411647
swap_test_n25,other,QASMBench (via DQC-NAC examples),25,96,63,24,4,17,16,SC5|p=0.002|r=10|rho=10,realistic,SC5,5,25,0.002,10.0,10,1,0.0032480946242971235,0.0,0.0089771927017271,0.0002379015985281741,FEASIBLE/FEASIBLE,70.1,6,OPTIMAL,16.84,1.2136726804818903,0.003,0.010158730158730159,0.16666666666666666,0.125,24,0,600,240.0,1.5053638621521754,0.7780634751631231,0.07795427098313096,1.4274095911690445,0,6,150,211,1.308794088446481,0.7298543682238396,0.0538631562103626,1.2549309322361184,12,1,325,196,1.2136721609813457,0.7028957408828463,0.04795432819329258,1.165717832788053,0,6,150,211,1.308794088446481,0.7298543682238396,0.0538631562103626,1.2549309322361184,0,6,150,211,1.308794088446481,0.7298543682238396,0.0538631562103626,1.2549309322361184,0,6,150,211,1.308794088446481,0.7298543682238396,0.0538631562103626,1.2549309322361184,0,6,150,211,1.308794088446481,0.7298543682238396,0.0538631562103626,1.2549309322361184,12,1,325,196,1.2136721609813457,0.7028957408828463,0.04795432819329258,1.165717832788053,12,1,325,196,1.2136721609813457,0.7028957408828463,0.04795432819329258,1.165717832788053,12,1,325,196,1.2136721609813457,0.7028957408828463,0.04795432819329258,1.165717832788053,12,1,325,196,1.2136721609813457,0.7028957408828463,0.04795432819329258,1.165717832788053,12,1,325,196,1.2136721609813457,0.7028957408828463,0.04795432819329258,1.165717832788053,12,1,325,196,1.2136721609813457,0.7028957408828463,0.04795432819329258,1.165717832788053,12,1,325,196,1.2136721609813457,0.7028957408828463,0.04795432819329258,1.165717832788053,12,1,325,196,1.2136721609813457,0.7028957408828463,0.04795432819329258,1.165717832788053,24,0,600,240.0,1.5053638621521754,0.7780634751631231,0.07795427098313096,1.4274095911690445,24,0,600,240.0,1.5053638621521754,0.7780634751631231,0.07795427098313096,1.4274095911690445,24,0,600,240.0,1.5053638621521754,0.7780634751631231,0.07795427098313096,1.4274095911690445,24,0,600,240.0,1.5053638621521754,0.7780634751631231,0.07795427098313096,1.4274095911690445,24,0,600,240.0,1.5053638621521754,0.7780634751631231,0.07795427098313096,1.4274095911690445,24,0,600,240.0,1.5053638621521754,0.7780634751631231,0.07795427098313096,1.4274095911690445,24,0,600,240.0,1.5053638621521754,0.7780634751631231,0.07795427098313096,1.4274095911690445,24,0,600,240.0,1.5053638621521754,0.7780634751631231,0.07795427098313096,1.4274095911690445,24,0,600,240.0,1.5053638621521754,0.7780634751631231,0.07795427098313096,1.4274095911690445,24,0,600,240.0,1.5053638621521754,0.7780634751631231,0.07795427098313096,1.4274095911690445,24,0,600,240.0,1.5053638621521754,0.7780634751631231,0.07795427098313096,1.4274095911690445,24,0,600,240.0,1.5053638621521754,0.7780634751631231,0.07795427098313096,1.4274095911690445,24,0,600,240.0,1.5053638621521754,0.7780634751631231,0.07795427098313096,1.4274095911690445,24,0,600,240.0,1.5053638621521754,0.7780634751631231,0.07795427098313096,1.4274095911690445,24,0,600,240.0,1.5053638621521754,0.7780634751631231,0.07795427098313096,1.4274095911690445,24,0,600,240.0,1.5053638621521754,0.7780634751631231,0.07795427098313096,1.4274095911690445,24,0,600,240.0,1.5053638621521754,0.7780634751631231,0.07795427098313096,1.4274095911690445,24,0,600,240.0,1.5053638621521754,0.7780634751631231,0.07795427098313096,1.4274095911690445
swap_test_n25,other,QASMBench (via DQC-NAC examples),25,96,63,24,4,17,16,SC5|p=0.002|r=10|rho=100,realistic,SC5,5,25,0.002,10.0,100,1,0.0032480946242971235,0.0,0.0089771927017271,0.0002379015985281741,FEASIBLE/FEASIBLE,70.11,6,FEASIBLE,30.06,1.1538232987710058,0.003,0.0,0.0,0.0,24,0,600,2400.0,14.352050182673576,0.999999415231727,0.07795427098313096,14.274095911690445,0,6,150,600.0,3.622387134132974,0.9732811810999464,0.0538631562103626,3.5685239779226112,0,6,150,600.0,3.622387134132974,0.9732811810999464,0.0538631562103626,3.5685239779226112,0,6,150,600.0,3.622387134132974,0.9732811810999464,0.0538631562103626,3.5685239779226112,0,6,150,600.0,3.622387134132974,0.9732811810999464,0.0538631562103626,3.5685239779226112,0,6,150,600.0,3.622387134132974,0.9732811810999464,0.0538631562103626,3.5685239779226112,0,6,150,600.0,3.622387134132974,0.9732811810999464,0.0538631562103626,3.5685239779226112,12,1,325,1300.0,7.779756280358951,0.999581885935196,0.04795432819329258,7.731801952165658,12,1,325,1300.0,7.779756280358951,0.999581885935196,0.04795432819329258,7.731801952165658,12,1,325,1300.0,7.779756280358951,0.999581885935196,0.04795432819329258,7.731801952165658,12,1,325,1300.0,7.779756280358951,0.999581885935196,0.04795432819329258,7.731801952165658,12,1,325,1300.0,7.779756280358951,0.999581885935196,0.04795432819329258,7.731801952165658,12,1,325,1300.0,7.779756280358951,0.999581885935196,0.04795432819329258,7.731801952165658,12,1,325,1300.0,7.779756280358951,0.999581885935196,0.04795432819329258,7.731801952165658,12,1,325,1300.0,7.779756280358951,0.999581885935196,0.04795432819329258,7.731801952165658,24,0,600,2400.0,14.352050182673576,0.999999415231727,0.07795427098313096,14.274095911690445,24,0,600,2400.0,14.352050182673576,0.999999415231727,0.07795427098313096,14.274095911690445,24,0,600,2400.0,14.352050182673576,0.999999415231727,0.07795427098313096,14.274095911690445,24,0,600,2400.0,14.352050182673576,0.999999415231727,0.07795427098313096,14.274095911690445,24,0,600,2400.0,14.352050182673576,0.999999415231727,0.07795427098313096,14.274095911690445,24,0,600,2400.0,14.352050182673576,0.999999415231727,0.07795427098313096,14.274095911690445,24,0,600,2400.0,14.352050182673576,0.999999415231727,0.07795427098313096,14.274095911690445,24,0,600,2400.0,14.352050182673576,0.999999415231727,0.07795427098313096,14.274095911690445,24,0,600,2400.0,14.352050182673576,0.999999415231727,0.07795427098313096,14.274095911690445,24,0,600,2400.0,14.352050182673576,0.999999415231727,0.07795427098313096,14.274095911690445,24,0,600,2400.0,14.352050182673576,0.999999415231727,0.07795427098313096,14.274095911690445,24,0,600,2400.0,14.352050182673576,0.999999415231727,0.07795427098313096,14.274095911690445,24,0,600,2400.0,14.352050182673576,0.999999415231727,0.07795427098313096,14.274095911690445,24,0,600,2400.0,14.352050182673576,0.999999415231727,0.07795427098313096,14.274095911690445,24,0,600,2400.0,14.352050182673576,0.999999415231727,0.07795427098313096,14.274095911690445,24,0,600,2400.0,14.352050182673576,0.999999415231727,0.07795427098313096,14.274095911690445,24,0,600,2400.0,14.352050182673576,0.999999415231727,0.07795427098313096,14.274095911690445,24,0,600,2400.0,14.352050182673576,0.999999415231727,0.07795427098313096,14.274095911690445
swap_test_n25,other,QASMBench (via DQC-NAC examples),25,96,63,24,4,17,16,SC5|p=0.002|r=30|rho=10,realistic,SC5,5,25,0.002,30.0,10,1,0.017467932906043773,0.0,0.031064157235436735,0.0001993039102874015,FEASIBLE/FEASIBLE,70.12,6,FEASIBLE,30.05,0.9915369279903767,0.003,0.05206349206349206,0.09615384615384616,0.041666666666666664,24,0,600,240.0,1.6150538514694595,0.801120039825661,0.41923038974505056,1.195823461724409,0,6,150,211,1.2377130701786634,0.7099532233392387,0.1863849434126204,1.051328126766043,4,4,200,199,1.1856653142457445,0.694457170136885,0.19412836056592203,0.9915369536798225,0,6,150,211,1.2377130701786634,0.7099532233392387,0.1863849434126204,1.051328126766043,0,6,150,211,1.2377130701786634,0.7099532233392387,0.1863849434126204,1.051328126766043,0,6,150,211,1.2377130701786634,0.7099532233392387,0.1863849434126204,1.051328126766043,0,6,150,211,1.2377130701786634,0.7099532233392387,0.1863849434126204,1.051328126766043,12,1,325,196,1.2172685125162295,0.7039623132070709,0.240679352107962,0.9765891604082674,12,1,325,196,1.2172685125162295,0.7039623132070709,0.240679352107962,0.9765891604082674,12,1,325,196,1.2172685125162295,0.7039623132070709,0.240679352107962,0.9765891604082674,12,1,325,196,1.2172685125162295,0.7039623132070709,0.240679352107962,0.9765891604082674,12,1,325,196,1.2172685125162295,0.7039623132070709,0.240679352107962,0.9765891604082674,12,1,325,196,1.2172685125162295,0.7039623132070709,0.240679352107962,0.9765891604082674,12,1,325,196,1.2172685125162295,0.7039623132070709,0.240679352107962,0.9765891604082674,12,1,325,196,1.2172685125162295,0.7039623132070709,0.240679352107962,0.9765891604082674,24,0,600,240.0,1.6150538514694595,0.801120039825661,0.41923038974505056,1.195823461724409,24,0,600,240.0,1.6150538514694595,0.801120039825661,0.41923038974505056,1.195823461724409,24,0,600,240.0,1.6150538514694595,0.801120039825661,0.41923038974505056,1.195823461724409,24,0,600,240.0,1.6150538514694595,0.801120039825661,0.41923038974505056,1.195823461724409,24,0,600,240.0,1.6150538514694595,0.801120039825661,0.41923038974505056,1.195823461724409,24,0,600,240.0,1.6150538514694595,0.801120039825661,0.41923038974505056,1.195823461724409,24,0,600,240.0,1.6150538514694595,0.801120039825661,0.41923038974505056,1.195823461724409,24,0,600,240.0,1.6150538514694595,0.801120039825661,0.41923038974505056,1.195823461724409,24,0,600,240.0,1.6150538514694595,0.801120039825661,0.41923038974505056,1.195823461724409,24,0,600,240.0,1.6150538514694595,0.801120039825661,0.41923038974505056,1.195823461724409,24,0,600,240.0,1.6150538514694595,0.801120039825661,0.41923038974505056,1.195823461724409,24,0,600,240.0,1.6150538514694595,0.801120039825661,0.41923038974505056,1.195823461724409,24,0,600,240.0,1.6150538514694595,0.801120039825661,0.41923038974505056,1.195823461724409,24,0,600,240.0,1.6150538514694595,0.801120039825661,0.41923038974505056,1.195823461724409,24,0,600,240.0,1.6150538514694595,0.801120039825661,0.41923038974505056,1.195823461724409,24,0,600,240.0,1.6150538514694595,0.801120039825661,0.41923038974505056,1.195823461724409,24,0,600,240.0,1.6150538514694595,0.801120039825661,0.41923038974505056,1.195823461724409,24,0,600,240.0,1.6150538514694595,0.801120039825661,0.41923038974505056,1.195823461724409
swap_test_n25,other,QASMBench (via DQC-NAC examples),25,96,63,24,4,17,16,SC5|p=0.002|r=30|rho=100,realistic,SC5,5,25,0.002,30.0,100,1,0.017467932906043773,0.0,0.031064157235436735,0.0001993039102874015,FEASIBLE/FEASIBLE,70.11,6,FEASIBLE,30.08,0.966623939849915,0.003,0.0,0.0,0.0,24,0,600,2400.0,12.377465006989143,0.9999957875452619,0.41923038974505056,11.958234617244091,0,6,150,600.0,3.175943597723643,0.9582453141361598,0.1863849434126204,2.989558654311023,0,6,150,600.0,3.175943597723643,0.9582453141361598,0.1863849434126204,2.989558654311023,0,6,150,600.0,3.175943597723643,0.9582453141361598,0.1863849434126204,2.989558654311023,0,6,150,600.0,3.175943597723643,0.9582453141361598,0.1863849434126204,2.989558654311023,0,6,150,600.0,3.175943597723643,0.9582453141361598,0.1863849434126204,2.989558654311023,0,6,150,600.0,3.175943597723643,0.9582453141361598,0.1863849434126204,2.989558654311023,12,1,325,1300.0,6.718056436448512,0.9987911145220564,0.240679352107962,6.477377084340549,12,1,325,1300.0,6.718056436448512,0.9987911145220564,0.240679352107962,6.477377084340549,12,1,325,1300.0,6.718056436448512,0.9987911145220564,0.240679352107962,6.477377084340549,12,1,325,1300.0,6.718056436448512,0.9987911145220564,0.240679352107962,6.477377084340549,12,1,325,1300.0,6.718056436448512,0.9987911145220564,0.240679352107962,6.477377084340549,12,1,325,1300.0,6.718056436448512,0.9987911145220564,0.240679352107962,6.477377084340549,12,1,325,1300.0,6.718056436448512,0.9987911145220564,0.240679352107962,6.477377084340549,12,1,325,1300.0,6.718056436448512,0.9987911145220564,0.240679352107962,6.477377084340549,24,0,600,2400.0,12.377465006989143,0.9999957875452619,0.41923038974505056,11.958234617244091,24,0,600,2400.0,12.377465006989143,0.9999957875452619,0.41923038974505056,11.958234617244091,24,0,600,2400.0,12.377465006989143,0.9999957875452619,0.41923038974505056,11.958234617244091,24,0,600,2400.0,12.377465006989143,0.9999957875452619,0.41923038974505056,11.958234617244091,24,0,600,2400.0,12.377465006989143,0.9999957875452619,0.41923038974505056,11.958234617244091,24,0,600,2400.0,12.377465006989143,0.9999957875452619,0.41923038974505056,11.958234617244091,24,0,600,2400.0,12.377465006989143,0.9999957875452619,0.41923038974505056,11.958234617244091,24,0,600,2400.0,12.377465006989143,0.9999957875452619,0.41923038974505056,11.958234617244091,24,0,600,2400.0,12.377465006989143,0.9999957875452619,0.41923038974505056,11.958234617244091,24,0,600,2400.0,12.377465006989143,0.9999957875452619,0.41923038974505056,11.958234617244091,24,0,600,2400.0,12.377465006989143,0.9999957875452619,0.41923038974505056,11.958234617244091,24,0,600,2400.0,12.377465006989143,0.9999957875452619,0.41923038974505056,11.958234617244091,24,0,600,2400.0,12.377465006989143,0.9999957875452619,0.41923038974505056,11.958234617244091,24,0,600,2400.0,12.377465006989143,0.9999957875452619,0.41923038974505056,11.958234617244091,24,0,600,2400.0,12.377465006989143,0.9999957875452619,0.41923038974505056,11.958234617244091,24,0,600,2400.0,12.377465006989143,0.9999957875452619,0.41923038974505056,11.958234617244091,24,0,600,2400.0,12.377465006989143,0.9999957875452619,0.41923038974505056,11.958234617244091,24,0,600,2400.0,12.377465006989143,0.9999957875452619,0.41923038974505056,11.958234617244091
swap_test_n25,other,QASMBench (via DQC-NAC examples),25,96,63,24,4,17,16,SC7|p=0.001|r=10|rho=10,realistic,SC7,7,49,0.001,10.0,10,0,0.00013916666666666662,0.00010250000000000045,0.00027916666666666584,1.805555555555555e-06,FEASIBLE/FEASIBLE,70.11,6,OPTIMAL,3.93,0.01940641298333335,0.003,0.052698412698412696,0.16666666666666666,0.125,24,0,1176,240.0,0.021553333333333362,0.0213227200443714,0.010720000000000032,0.010833333333333332,0,6,294,205,0.020768472222222258,0.0205542927921191,0.011515000000000039,0.00925347222222222,12,1,637,196,0.019406388888888924,0.019219297137158742,0.010559166666666703,0.00884722222222222,0,6,294,211,0.021039305555555592,0.020819523419552535,0.011515000000000039,0.009524305555555553,0,6,294,211,0.021039305555555592,0.020819523419552535,0.011515000000000039,0.009524305555555553,0,6,294,211,0.021039305555555592,0.020819523419552535,0.011515000000000039,0.009524305555555553,0,6,294,211,0.021039305555555592,0.020819523419552535,0.011515000000000039,0.009524305555555553,12,1,637,196,0.019406388888888924,0.019219297137158742,0.010559166666666703,0.00884722222222222,12,1,637,196,0.019406388888888924,0.019219297137158742,0.010559166666666703,0.00884722222222222,12,1,637,196,0.019406388888888924,0.019219297137158742,0.010559166666666703,0.00884722222222222,12,1,637,196,0.019406388888888924,0.019219297137158742,0.010559166666666703,0.00884722222222222,12,1,637,196,0.019406388888888924,0.019219297137158742,0.010559166666666703,0.00884722222222222,12,1,637,196,0.019406388888888924,0.019219297137158742,0.010559166666666703,0.00884722222222222,12,1,637,196,0.019406388888888924,0.019219297137158742,0.010559166666666703,0.00884722222222222,12,1,637,196,0.019406388888888924,0.019219297137158742,0.010559166666666703,0.00884722222222222,24,0,1176,240.0,0.021553333333333362,0.0213227200443714,0.010720000000000032,0.010833333333333332,24,0,1176,240.0,0.021553333333333362,0.0213227200443714,0.010720000000000032,0.010833333333333332,24,0,1176,240.0,0.021553333333333362,0.0213227200443714,0.010720000000000032,0.010833333333333332,24,0,1176,240.0,0.021553333333333362,0.0213227200443714,0.010720000000000032,0.010833333333333332,24,0,1176,240.0,0.021553333333333362,0.0213227200443714,0.010720000000000032,0.010833333333333332,24,0,1176,240.0,0.021553333333333362,0.0213227200443714,0.010720000000000032,0.010833333333333332,24,0,1176,240.0,0.021553333333333362,0.0213227200443714,0.010720000000000032,0.010833333333333332,24,0,1176,240.0,0.021553333333333362,0.0213227200443714,0.010720000000000032,0.010833333333333332,24,0,1176,240.0,0.021553333333333362,0.0213227200443714,0.010720000000000032,0.010833333333333332,24,0,1176,240.0,0.021553333333333362,0.0213227200443714,0.010720000000000032,0.010833333333333332,24,0,1176,240.0,0.021553333333333362,0.0213227200443714,0.010720000000000032,0.010833333333333332,24,0,1176,240.0,0.021553333333333362,0.0213227200443714,0.010720000000000032,0.010833333333333332,24,0,1176,240.0,0.021553333333333362,0.0213227200443714,0.010720000000000032,0.010833333333333332,24,0,1176,240.0,0.021553333333333362,0.0213227200443714,0.010720000000000032,0.010833333333333332,24,0,1176,240.0,0.021553333333333362,0.0213227200443714,0.010720000000000032,0.010833333333333332,24,0,1176,240.0,0.021553333333333362,0.0213227200443714,0.010720000000000032,0.010833333333333332,24,0,1176,240.0,0.021553333333333362,0.0213227200443714,0.010720000000000032,0.010833333333333332,24,0,1176,240.0,0.021553333333333362,0.0213227200443714,0.010720000000000032,0.010833333333333332
swap_test_n25,other,QASMBench (via DQC-NAC examples),25,96,63,24,4,17,16,SC7|p=0.001|r=10|rho=100,realistic,SC7,7,49,0.001,10.0,100,0,0.00013916666666666662,0.00010250000000000045,0.00027916666666666584,1.805555555555555e-06,FEASIBLE/FEASIBLE,70.11,6,FEASIBLE,30.05,0.01859696923333335,0.003,0.0,0.0,0.0,24,0,1176,2400.0,0.11905333333333334,0.11223954772478638,0.010720000000000032,0.10833333333333331,0,6,294,600.0,0.038598333333333366,0.037862910059178065,0.011515000000000039,0.027083333333333327,0,6,294,600.0,0.038598333333333366,0.037862910059178065,0.011515000000000039,0.027083333333333327,0,6,294,600.0,0.038598333333333366,0.037862910059178065,0.011515000000000039,0.027083333333333327,0,6,294,600.0,0.038598333333333366,0.037862910059178065,0.011515000000000039,0.027083333333333327,0,6,294,600.0,0.038598333333333366,0.037862910059178065,0.011515000000000039,0.027083333333333327,0,6,294,600.0,0.038598333333333366,0.037862910059178065,0.011515000000000039,0.027083333333333327,12,1,637,1300.0,0.06923972222222224,0.06689703225212588,0.010559166666666703,0.05868055555555554,12,1,637,1300.0,0.06923972222222224,0.06689703225212588,0.010559166666666703,0.05868055555555554,12,1,637,1300.0,0.06923972222222224,0.06689703225212588,0.010559166666666703,0.05868055555555554,12,1,637,1300.0,0.06923972222222224,0.06689703225212588,0.010559166666666703,0.05868055555555554,12,1,637,1300.0,0.06923972222222224,0.06689703225212588,0.010559166666666703,0.05868055555555554,12,1,637,1300.0,0.06923972222222224,0.06689703225212588,0.010559166666666703,0.05868055555555554,12,1,637,1300.0,0.06923972222222224,0.06689703225212588,0.010559166666666703,0.05868055555555554,12,1,637,1300.0,0.06923972222222224,0.06689703225212588,0.010559166666666703,0.05868055555555554,24,0,1176,2400.0,0.11905333333333334,0.11223954772478638,0.010720000000000032,0.10833333333333331,24,0,1176,2400.0,0.11905333333333334,0.11223954772478638,0.010720000000000032,0.10833333333333331,24,0,1176,2400.0,0.11905333333333334,0.11223954772478638,0.010720000000000032,0.10833333333333331,24,0,1176,2400.0,0.11905333333333334,0.11223954772478638,0.010720000000000032,0.10833333333333331,24,0,1176,2400.0,0.11905333333333334,0.11223954772478638,0.010720000000000032,0.10833333333333331,24,0,1176,2400.0,0.11905333333333334,0.11223954772478638,0.010720000000000032,0.10833333333333331,24,0,1176,2400.0,0.11905333333333334,0.11223954772478638,0.010720000000000032,0.10833333333333331,24,0,1176,2400.0,0.11905333333333334,0.11223954772478638,0.010720000000000032,0.10833333333333331,24,0,1176,2400.0,0.11905333333333334,0.11223954772478638,0.010720000000000032,0.10833333333333331,24,0,1176,2400.0,0.11905333333333334,0.11223954772478638,0.010720000000000032,0.10833333333333331,24,0,1176,2400.0,0.11905333333333334,0.11223954772478638,0.010720000000000032,0.10833333333333331,24,0,1176,2400.0,0.11905333333333334,0.11223954772478638,0.010720000000000032,0.10833333333333331,24,0,1176,2400.0,0.11905333333333334,0.11223954772478638,0.010720000000000032,0.10833333333333331,24,0,1176,2400.0,0.11905333333333334,0.11223954772478638,0.010720000000000032,0.10833333333333331,24,0,1176,2400.0,0.11905333333333334,0.11223954772478638,0.010720000000000032,0.10833333333333331,24,0,1176,2400.0,0.11905333333333334,0.11223954772478638,0.010720000000000032,0.10833333333333331,24,0,1176,2400.0,0.11905333333333334,0.11223954772478638,0.010720000000000032,0.10833333333333331,24,0,1176,2400.0,0.11905333333333334,0.11223954772478638,0.010720000000000032,0.10833333333333331
vbe_adder_n22,arithmetic,MQT Bench 2.3.0,22,154,106,12,3,14,14,SC5|p=0.001|r=10|rho=10,realistic,SC5,5,25,0.001,10.0,10,0,0.0003825200145869967,5.810310143125109e-05,0.0009810966318486132,2.8691623476531386e-05,FEASIBLE/OPTIMAL,62.82,3,OPTIMAL,0.55,0.2160924331485041,0.004,0.06732418524871354,0.09554140127388536,0.07792207792207792,12,0,300,322,0.21609234128602994,0.19433909732538335,0.012840880578281616,0.20325146070774833,0,3,75,331,0.22082356967206004,0.19814186009446996,0.011891167515958506,0.20893240215610154,12,0,300,322,0.21609234128602994,0.19433909732538335,0.012840880578281616,0.20325146070774833,0,3,75,331,0.22082356967206004,0.19814186009446996,0.011891167515958506,0.20893240215610154,0,3,75,331,0.22082356967206004,0.19814186009446996,0.011891167515958506,0.20893240215610154,0,3,75,331,0.22082356967206004,0.19814186009446996,0.011891167515958506,0.20893240215610154,3,2,125,328,0.2189220766302276,0.1966156818721148,0.011883321623577131,0.20703875500665048,3,2,125,328,0.2189220766302276,0.1966156818721148,0.011883321623577131,0.20703875500665048,3,2,125,328,0.2189220766302276,0.1966156818721148,0.011883321623577131,0.20703875500665048,3,2,125,328,0.2189220766302276,0.1966156818721148,0.011883321623577131,0.20703875500665048,3,2,125,328,0.2189220766302276,0.1966156818721148,0.011883321623577131,0.20703875500665048,11,1,300,325,0.2186426681541739,0.1963911781214364,0.013497560296974482,0.20514510785719942,12,0,300,322,0.21609234128602994,0.19433909732538335,0.012840880578281616,0.20325146070774833,12,0,300,322,0.21609234128602994,0.19433909732538335,0.012840880578281616,0.20325146070774833,12,0,300,322,0.21609234128602994,0.19433909732538335,0.012840880578281616,0.20325146070774833,12,0,300,322,0.21609234128602994,0.19433909732538335,0.012840880578281616,0.20325146070774833,12,0,300,322,0.21609234128602994,0.19433909732538335,0.012840880578281616,0.20325146070774833,12,0,300,322,0.21609234128602994,0.19433909732538335,0.012840880578281616,0.20325146070774833,12,0,300,322,0.21609234128602994,0.19433909732538335,0.012840880578281616,0.20325146070774833,12,0,300,322,0.21609234128602994,0.19433909732538335,0.012840880578281616,0.20325146070774833,12,0,300,322,0.21609234128602994,0.19433909732538335,0.012840880578281616,0.20325146070774833,12,0,300,322,0.21609234128602994,0.19433909732538335,0.012840880578281616,0.20325146070774833,12,0,300,322,0.21609234128602994,0.19433909732538335,0.012840880578281616,0.20325146070774833,12,0,300,322,0.21609234128602994,0.19433909732538335,0.012840880578281616,0.20325146070774833,12,0,300,322,0.21609234128602994,0.19433909732538335,0.012840880578281616,0.20325146070774833,12,0,300,322,0.21609234128602994,0.19433909732538335,0.012840880578281616,0.20325146070774833,12,0,300,322,0.21609234128602994,0.19433909732538335,0.012840880578281616,0.20325146070774833,12,0,300,322,0.21609234128602994,0.19433909732538335,0.012840880578281616,0.20325146070774833,12,0,300,322,0.21609234128602994,0.19433909732538335,0.012840880578281616,0.20325146070774833,12,0,300,322,0.21609234128602994,0.19433909732538335,0.012840880578281616,0.20325146070774833,12,0,300,322,0.21609234128602994,0.19433909732538335,0.012840880578281616,0.20325146070774833,12,0,300,322,0.21609234128602994,0.19433909732538335,0.012840880578281616,0.20325146070774833,12,0,300,322,0.21609234128602994,0.19433909732538335,0.012840880578281616,0.20325146070774833
vbe_adder_n22,arithmetic,MQT Bench 2.3.0,22,154,106,12,3,14,14,SC5|p=0.001|r=10|rho=100,realistic,SC5,5,25,0.001,10.0,100,0,0.0003825200145869967,5.810310143125109e-05,0.0009810966318486132,2.8691623476531386e-05,FEASIBLE/OPTIMAL,62.78,3,OPTIMAL,2.2,0.22082365981057803,0.004,0.0,0.0,0.0,12,0,300,1200.0,0.7702997403587102,0.5371256945944946,0.012840880578281616,0.7574588597804286,0,3,75,331,0.22082356967206004,0.19814186009446996,0.011891167515958506,0.20893240215610154,0,3,75,331,0.22082356967206004,0.19814186009446996,0.011891167515958506,0.20893240215610154,0,3,75,331,0.22082356967206004,0.19814186009446996,0.011891167515958506,0.20893240215610154,0,3,75,331,0.22082356967206004,0.19814186009446996,0.011891167515958506,0.20893240215610154,0,3,75,331,0.22082356967206004,0.19814186009446996,0.011891167515958506,0.20893240215610154,3,2,125,500.0,0.32749117986542237,0.2792703518200025,0.011883321623577131,0.31560785824184523,3,2,125,500.0,0.32749117986542237,0.2792703518200025,0.011883321623577131,0.31560785824184523,3,2,125,500.0,0.32749117986542237,0.2792703518200025,0.011883321623577131,0.31560785824184523,3,2,125,500.0,0.32749117986542237,0.2792703518200025,0.011883321623577131,0.31560785824184523,3,2,125,500.0,0.32749117986542237,0.2792703518200025,0.011883321623577131,0.31560785824184523,11,1,300,1200.0,0.7709564200774031,0.5374295549827618,0.013497560296974482,0.7574588597804286,12,0,300,1200.0,0.7702997403587102,0.5371256945944946,0.012840880578281616,0.7574588597804286,12,0,300,1200.0,0.7702997403587102,0.5371256945944946,0.012840880578281616,0.7574588597804286,12,0,300,1200.0,0.7702997403587102,0.5371256945944946,0.012840880578281616,0.7574588597804286,12,0,300,1200.0,0.7702997403587102,0.5371256945944946,0.012840880578281616,0.7574588597804286,12,0,300,1200.0,0.7702997403587102,0.5371256945944946,0.012840880578281616,0.7574588597804286,12,0,300,1200.0,0.7702997403587102,0.5371256945944946,0.012840880578281616,0.7574588597804286,12,0,300,1200.0,0.7702997403587102,0.5371256945944946,0.012840880578281616,0.7574588597804286,12,0,300,1200.0,0.7702997403587102,0.5371256945944946,0.012840880578281616,0.7574588597804286,12,0,300,1200.0,0.7702997403587102,0.5371256945944946,0.012840880578281616,0.7574588597804286,12,0,300,1200.0,0.7702997403587102,0.5371256945944946,0.012840880578281616,0.7574588597804286,12,0,300,1200.0,0.7702997403587102,0.5371256945944946,0.012840880578281616,0.7574588597804286,12,0,300,1200.0,0.7702997403587102,0.5371256945944946,0.012840880578281616,0.7574588597804286,12,0,300,1200.0,0.7702997403587102,0.5371256945944946,0.012840880578281616,0.7574588597804286,12,0,300,1200.0,0.7702997403587102,0.5371256945944946,0.012840880578281616,0.7574588597804286,12,0,300,1200.0,0.7702997403587102,0.5371256945944946,0.012840880578281616,0.7574588597804286,12,0,300,1200.0,0.7702997403587102,0.5371256945944946,0.012840880578281616,0.7574588597804286,12,0,300,1200.0,0.7702997403587102,0.5371256945944946,0.012840880578281616,0.7574588597804286,12,0,300,1200.0,0.7702997403587102,0.5371256945944946,0.012840880578281616,0.7574588597804286,12,0,300,1200.0,0.7702997403587102,0.5371256945944946,0.012840880578281616,0.7574588597804286,12,0,300,1200.0,0.7702997403587102,0.5371256945944946,0.012840880578281616,0.7574588597804286,12,0,300,1200.0,0.7702997403587102,0.5371256945944946,0.012840880578281616,0.7574588597804286
vbe_adder_n22,arithmetic,MQT Bench 2.3.0,22,154,106,12,3,14,14,SC5|p=0.001|r=30|rho=10,realistic,SC5,5,25,0.001,30.0,10,1,0.0031526304869580694,0.0,0.005366132781095331,2.868275147901941e-05,FEASIBLE/OPTIMAL,62.68,3,OPTIMAL,4.28,0.2249659031974366,0.004,0.0,0.0,0.0,12,0,300,322,0.24102017732087033,0.21417422963033686,0.03783156584349683,0.2031886114773735,0,3,75,331,0.22496619461350534,0.20145678663494657,0.016098398343285993,0.20886779627021934,0,3,75,331,0.22496619461350534,0.20145678663494657,0.016098398343285993,0.20886779627021934,0,3,75,331,0.22496619461350534,0.20145678663494657,0.016098398343285993,0.20886779627021934,0,3,75,331,0.22496619461350534,0.20145678663494657,0.016098398343285993,0.20886779627021934,0,3,75,331,0.22496619461350534,0.20145678663494657,0.016098398343285993,0.20886779627021934,3,2,125,328,0.22716489169566895,0.20321061249571376,0.02019015702306487,0.20697473467260408,3,2,125,328,0.22716489169566895,0.20321061249571376,0.02019015702306487,0.20697473467260408,3,2,125,328,0.22716489169566895,0.20321061249571376,0.02019015702306487,0.20697473467260408,3,2,125,328,0.22716489169566895,0.20321061249571376,0.02019015702306487,0.20697473467260408,3,2,125,328,0.22716489169566895,0.20321061249571376,0.02019015702306487,0.20697473467260408,11,1,300,325,0.24512674121262287,0.21739465639427702,0.040045068137634095,0.20508167307498879,12,0,300,322,0.24102017732087033,0.21417422963033686,0.03783156584349683,0.2031886114773735,12,0,300,322,0.24102017732087033,0.21417422963033686,0.03783156584349683,0.2031886114773735,12,0,300,322,0.24102017732087033,0.21417422963033686,0.03783156584349683,0.2031886114773735,12,0,300,322,0.24102017732087033,0.21417422963033686,0.03783156584349683,0.2031886114773735,12,0,300,322,0.24102017732087033,0.21417422963033686,0.03783156584349683,0.2031886114773735,12,0,300,322,0.24102017732087033,0.21417422963033686,0.03783156584349683,0.2031886114773735,12,0,300,322,0.24102017732087033,0.21417422963033686,0.03783156584349683,0.2031886114773735,12,0,300,322,0.24102017732087033,0.21417422963033686,0.03783156584349683,0.2031886114773735,12,0,300,322,0.24102017732087033,0.21417422963033686,0.03783156584349683,0.2031886114773735,12,0,300,322,0.24102017732087033,0.21417422963033686,0.03783156584349683,0.2031886114773735,12,0,300,322,0.24102017732087033,0.21417422963033686,0.03783156584349683,0.2031886114773735,12,0,300,322,0.24102017732087033,0.21417422963033686,0.03783156584349683,0.2031886114773735,12,0,300,322,0.24102017732087033,0.21417422963033686,0.03783156584349683,0.2031886114773735,12,0,300,322,0.24102017732087033,0.21417422963033686,0.03783156584349683,0.2031886114773735,12,0,300,322,0.24102017732087033,0.21417422963033686,0.03783156584349683,0.2031886114773735,12,0,300,322,0.24102017732087033,0.21417422963033686,0.03783156584349683,0.2031886114773735,12,0,300,322,0.24102017732087033,0.21417422963033686,0.03783156584349683,0.2031886114773735,12,0,300,322,0.24102017732087033,0.21417422963033686,0.03783156584349683,0.2031886114773735,12,0,300,322,0.24102017732087033,0.21417422963033686,0.03783156584349683,0.2031886114773735,12,0,300,322,0.24102017732087033,0.21417422963033686,0.03783156584349683,0.2031886114773735,12,0,300,322,0.24102017732087033,0.21417422963033686,0.03783156584349683,0.2031886114773735
vbe_adder_n22,arithmetic,MQT Bench 2.3.0,22,154,106,12,3,14,14,SC5|p=0.001|r=30|rho=100,realistic,SC5,5,25,0.001,30.0,100,1,0.0031526304869580694,0.0,0.005366132781095331,2.868275147901941e-05,FEASIBLE/OPTIMAL,62.57,3,OPTIMAL,4.22,0.2249659031974366,0.004,0.0,0.0,0.0,12,0,300,1200.0,0.7950562048896093,0.5484441454376093,0.03783156584349683,0.7572246390461125,0,3,75,331,0.22496619461350534,0.20145678663494657,0.016098398343285993,0.20886779627021934,0,3,75,331,0.22496619461350534,0.20145678663494657,0.016098398343285993,0.20886779627021934,0,3,75,331,0.22496619461350534,0.20145678663494657,0.016098398343285993,0.20886779627021934,0,3,75,331,0.22496619461350534,0.20145678663494657,0.016098398343285993,0.20886779627021934,0,3,75,331,0.22496619461350534,0.20145678663494657,0.016098398343285993,0.20886779627021934,3,2,125,500.0,0.3357004232922784,0.2851627776760826,0.02019015702306487,0.3155102662692135,3,2,125,500.0,0.3357004232922784,0.2851627776760826,0.02019015702306487,0.3155102662692135,3,2,125,500.0,0.3357004232922784,0.2851627776760826,0.02019015702306487,0.3155102662692135,3,2,125,500.0,0.3357004232922784,0.2851627776760826,0.02019015702306487,0.3155102662692135,3,2,125,500.0,0.3357004232922784,0.2851627776760826,0.02019015702306487,0.3155102662692135,11,1,300,1200.0,0.7972697071837466,0.5494425599535516,0.040045068137634095,0.7572246390461125,12,0,300,1200.0,0.7950562048896093,0.5484441454376093,0.03783156584349683,0.7572246390461125,12,0,300,1200.0,0.7950562048896093,0.5484441454376093,0.03783156584349683,0.7572246390461125,12,0,300,1200.0,0.7950562048896093,0.5484441454376093,0.03783156584349683,0.7572246390461125,12,0,300,1200.0,0.7950562048896093,0.5484441454376093,0.03783156584349683,0.7572246390461125,12,0,300,1200.0,0.7950562048896093,0.5484441454376093,0.03783156584349683,0.7572246390461125,12,0,300,1200.0,0.7950562048896093,0.5484441454376093,0.03783156584349683,0.7572246390461125,12,0,300,1200.0,0.7950562048896093,0.5484441454376093,0.03783156584349683,0.7572246390461125,12,0,300,1200.0,0.7950562048896093,0.5484441454376093,0.03783156584349683,0.7572246390461125,12,0,300,1200.0,0.7950562048896093,0.5484441454376093,0.03783156584349683,0.7572246390461125,12,0,300,1200.0,0.7950562048896093,0.5484441454376093,0.03783156584349683,0.7572246390461125,12,0,300,1200.0,0.7950562048896093,0.5484441454376093,0.03783156584349683,0.7572246390461125,12,0,300,1200.0,0.7950562048896093,0.5484441454376093,0.03783156584349683,0.7572246390461125,12,0,300,1200.0,0.7950562048896093,0.5484441454376093,0.03783156584349683,0.7572246390461125,12,0,300,1200.0,0.7950562048896093,0.5484441454376093,0.03783156584349683,0.7572246390461125,12,0,300,1200.0,0.7950562048896093,0.5484441454376093,0.03783156584349683,0.7572246390461125,12,0,300,1200.0,0.7950562048896093,0.5484441454376093,0.03783156584349683,0.7572246390461125,12,0,300,1200.0,0.7950562048896093,0.5484441454376093,0.03783156584349683,0.7572246390461125,12,0,300,1200.0,0.7950562048896093,0.5484441454376093,0.03783156584349683,0.7572246390461125,12,0,300,1200.0,0.7950562048896093,0.5484441454376093,0.03783156584349683,0.7572246390461125,12,0,300,1200.0,0.7950562048896093,0.5484441454376093,0.03783156584349683,0.7572246390461125,12,0,300,1200.0,0.7950562048896093,0.5484441454376093,0.03783156584349683,0.7572246390461125
vbe_adder_n22,arithmetic,MQT Bench 2.3.0,22,154,106,12,3,14,14,SC5|p=0.002|r=10|rho=10,realistic,SC5,5,25,0.002,10.0,10,1,0.0032480946242971235,0.0,0.0089771927017271,0.0002379015985281741,FEASIBLE/OPTIMAL,63.67,3,OPTIMAL,0.73,1.7242729404199881,0.004,0.06732418524871354,0.09554140127388536,0.07792207792207792,12,0,300,322,1.724272059465151,0.8216972016223213,0.03897713549156548,1.6852949239735855,0,3,75,331,1.7593310185873452,0.8278400028541766,0.0269315781051813,1.7323994404821639,12,0,300,322,1.724272059465151,0.8216972016223213,0.03897713549156548,1.6852949239735855,0,3,75,331,1.7593310185873452,0.8278400028541766,0.0269315781051813,1.7323994404821639,0,3,75,331,1.7593310185873452,0.8278400028541766,0.0269315781051813,1.7323994404821639,0,3,75,331,1.7593310185873452,0.8278400028541766,0.0269315781051813,1.7323994404821639,3,2,125,328,1.74439660425565,0.8252495991907443,0.02769866927634557,1.7166979349793043,3,2,125,328,1.74439660425565,0.8252495991907443,0.02769866927634557,1.7166979349793043,3,2,125,328,1.74439660425565,0.8252495991907443,0.02769866927634557,1.7166979349793043,3,2,125,328,1.74439660425565,0.8252495991907443,0.02769866927634557,1.7166979349793043,3,2,125,328,1.74439660425565,0.8252495991907443,0.02769866927634557,1.7166979349793043,11,1,300,325,1.7457026630454402,0.825477684508901,0.04470623356899546,1.7009964294764448,12,0,300,322,1.724272059465151,0.8216972016223213,0.03897713549156548,1.6852949239735855,12,0,300,322,1.724272059465151,0.8216972016223213,0.03897713549156548,1.6852949239735855,12,0,300,322,1.724272059465151,0.8216972016223213,0.03897713549156548,1.6852949239735855,12,0,300,322,1.724272059465151,0.8216972016223213,0.03897713549156548,1.6852949239735855,12,0,300,322,1.724272059465151,0.8216972016223213,0.03897713549156548,1.6852949239735855,12,0,300,322,1.724272059465151,0.8216972016223213,0.03897713549156548,1.6852949239735855,12,0,300,322,1.724272059465151,0.8216972016223213,0.03897713549156548,1.6852949239735855,12,0,300,322,1.724272059465151,0.8216972016223213,0.03897713549156548,1.6852949239735855,12,0,300,322,1.724272059465151,0.8216972016223213,0.03897713549156548,1.6852949239735855,12,0,300,322,1.724272059465151,0.8216972016223213,0.03897713549156548,1.6852949239735855,12,0,300,322,1.724272059465151,0.8216972016223213,0.03897713549156548,1.6852949239735855,12,0,300,322,1.724272059465151,0.8216972016223213,0.03897713549156548,1.6852949239735855,12,0,300,322,1.724272059465151,0.8216972016223213,0.03897713549156548,1.6852949239735855,12,0,300,322,1.724272059465151,0.8216972016223213,0.03897713549156548,1.6852949239735855,12,0,300,322,1.724272059465151,0.8216972016223213,0.03897713549156548,1.6852949239735855,12,0,300,322,1.724272059465151,0.8216972016223213,0.03897713549156548,1.6852949239735855,12,0,300,322,1.724272059465151,0.8216972016223213,0.03897713549156548,1.6852949239735855,12,0,300,322,1.724272059465151,0.8216972016223213,0.03897713549156548,1.6852949239735855,12,0,300,322,1.724272059465151,0.8216972016223213,0.03897713549156548,1.6852949239735855,12,0,300,322,1.724272059465151,0.8216972016223213,0.03897713549156548,1.6852949239735855,12,0,300,322,1.724272059465151,0.8216972016223213,0.03897713549156548,1.6852949239735855
vbe_adder_n22,arithmetic,MQT Bench 2.3.0,22,154,106,12,3,14,14,SC5|p=0.002|r=10|rho=100,realistic,SC5,5,25,0.002,10.0,100,1,0.0032480946242971235,0.0,0.0089771927017271,0.0002379015985281741,FEASIBLE/OPTIMAL,62.81,3,OPTIMAL,2.33,1.7593319570973291,0.004,0.0,0.0,0.0,12,0,300,1200.0,6.319579336635362,0.9981992991641987,0.03897713549156548,6.280602201143797,0,3,75,331,1.7593310185873452,0.8278400028541766,0.0269315781051813,1.7323994404821639,0,3,75,331,1.7593310185873452,0.8278400028541766,0.0269315781051813,1.7323994404821639,0,3,75,331,1.7593310185873452,0.8278400028541766,0.0269315781051813,1.7323994404821639,0,3,75,331,1.7593310185873452,0.8278400028541766,0.0269315781051813,1.7323994404821639,0,3,75,331,1.7593310185873452,0.8278400028541766,0.0269315781051813,1.7323994404821639,3,2,125,500.0,2.6446162530862605,0.9289673929461533,0.02769866927634557,2.616917583809915,3,2,125,500.0,2.6446162530862605,0.9289673929461533,0.02769866927634557,2.616917583809915,3,2,125,500.0,2.6446162530862605,0.9289673929461533,0.02769866927634557,2.616917583809915,3,2,125,500.0,2.6446162530862605,0.9289673929461533,0.02769866927634557,2.616917583809915,3,2,125,500.0,2.6446162530862605,0.9289673929461533,0.02769866927634557,2.616917583809915,11,1,300,1200.0,6.325308434712793,0.9982095860604395,0.04470623356899546,6.280602201143797,12,0,300,1200.0,6.319579336635362,0.9981992991641987,0.03897713549156548,6.280602201143797,12,0,300,1200.0,6.319579336635362,0.9981992991641987,0.03897713549156548,6.280602201143797,12,0,300,1200.0,6.319579336635362,0.9981992991641987,0.03897713549156548,6.280602201143797,12,0,300,1200.0,6.319579336635362,0.9981992991641987,0.03897713549156548,6.280602201143797,12,0,300,1200.0,6.319579336635362,0.9981992991641987,0.03897713549156548,6.280602201143797,12,0,300,1200.0,6.319579336635362,0.9981992991641987,0.03897713549156548,6.280602201143797,12,0,300,1200.0,6.319579336635362,0.9981992991641987,0.03897713549156548,6.280602201143797,12,0,300,1200.0,6.319579336635362,0.9981992991641987,0.03897713549156548,6.280602201143797,12,0,300,1200.0,6.319579336635362,0.9981992991641987,0.03897713549156548,6.280602201143797,12,0,300,1200.0,6.319579336635362,0.9981992991641987,0.03897713549156548,6.280602201143797,12,0,300,1200.0,6.319579336635362,0.9981992991641987,0.03897713549156548,6.280602201143797,12,0,300,1200.0,6.319579336635362,0.9981992991641987,0.03897713549156548,6.280602201143797,12,0,300,1200.0,6.319579336635362,0.9981992991641987,0.03897713549156548,6.280602201143797,12,0,300,1200.0,6.319579336635362,0.9981992991641987,0.03897713549156548,6.280602201143797,12,0,300,1200.0,6.319579336635362,0.9981992991641987,0.03897713549156548,6.280602201143797,12,0,300,1200.0,6.319579336635362,0.9981992991641987,0.03897713549156548,6.280602201143797,12,0,300,1200.0,6.319579336635362,0.9981992991641987,0.03897713549156548,6.280602201143797,12,0,300,1200.0,6.319579336635362,0.9981992991641987,0.03897713549156548,6.280602201143797,12,0,300,1200.0,6.319579336635362,0.9981992991641987,0.03897713549156548,6.280602201143797,12,0,300,1200.0,6.319579336635362,0.9981992991641987,0.03897713549156548,6.280602201143797,12,0,300,1200.0,6.319579336635362,0.9981992991641987,0.03897713549156548,6.280602201143797
vbe_adder_n22,arithmetic,MQT Bench 2.3.0,22,154,106,12,3,14,14,SC5|p=0.002|r=30|rho=10,realistic,SC5,5,25,0.002,30.0,10,1,0.017467932906043773,0.0,0.031064157235436735,0.0001993039102874015,FEASIBLE/OPTIMAL,63.15,3,OPTIMAL,7.18,1.5445198072120725,0.004,0.0,0.0,0.0,12,0,300,322,1.6214840953484777,0.8023947836231379,0.20961519487252528,1.4118689004759524,0,3,75,331,1.544523546419168,0.7865864713566088,0.0931924717063102,1.4513310747128578,0,3,75,331,1.544523546419168,0.7865864713566088,0.0931924717063102,1.4513310747128578,0,3,75,331,1.544523546419168,0.7865864713566088,0.0931924717063102,1.4513310747128578,0,3,75,331,1.544523546419168,0.7865864713566088,0.0931924717063102,1.4513310747128578,0,3,75,331,1.544523546419168,0.7865864713566088,0.0931924717063102,1.4513310747128578,3,2,125,328,1.552709129822894,0.7883262553071566,0.11453211318900479,1.4381770166338894,3,2,125,328,1.552709129822894,0.7883262553071566,0.11453211318900479,1.4381770166338894,3,2,125,328,1.552709129822894,0.7883262553071566,0.11453211318900479,1.4381770166338894,3,2,125,328,1.552709129822894,0.7883262553071566,0.11453211318900479,1.4381770166338894,3,2,125,328,1.552709129822894,0.7883262553071566,0.11453211318900479,1.4381770166338894,11,1,300,325,1.6482343777568391,0.8076107042622344,0.22321141920191825,1.4250229585549208,12,0,300,322,1.6214840953484777,0.8023947836231379,0.20961519487252528,1.4118689004759524,12,0,300,322,1.6214840953484777,0.8023947836231379,0.20961519487252528,1.4118689004759524,12,0,300,322,1.6214840953484777,0.8023947836231379,0.20961519487252528,1.4118689004759524,12,0,300,322,1.6214840953484777,0.8023947836231379,0.20961519487252528,1.4118689004759524,12,0,300,322,1.6214840953484777,0.8023947836231379,0.20961519487252528,1.4118689004759524,12,0,300,322,1.6214840953484777,0.8023947836231379,0.20961519487252528,1.4118689004759524,12,0,300,322,1.6214840953484777,0.8023947836231379,0.20961519487252528,1.4118689004759524,12,0,300,322,1.6214840953484777,0.8023947836231379,0.20961519487252528,1.4118689004759524,12,0,300,322,1.6214840953484777,0.8023947836231379,0.20961519487252528,1.4118689004759524,12,0,300,322,1.6214840953484777,0.8023947836231379,0.20961519487252528,1.4118689004759524,12,0,300,322,1.6214840953484777,0.8023947836231379,0.20961519487252528,1.4118689004759524,12,0,300,322,1.6214840953484777,0.8023947836231379,0.20961519487252528,1.4118689004759524,12,0,300,322,1.6214840953484777,0.8023947836231379,0.20961519487252528,1.4118689004759524,12,0,300,322,1.6214840953484777,0.8023947836231379,0.20961519487252528,1.4118689004759524,12,0,300,322,1.6214840953484777,0.8023947836231379,0.20961519487252528,1.4118689004759524,12,0,300,322,1.6214840953484777,0.8023947836231379,0.20961519487252528,1.4118689004759524,12,0,300,322,1.6214840953484777,0.8023947836231379,0.20961519487252528,1.4118689004759524,12,0,300,322,1.6214840953484777,0.8023947836231379,0.20961519487252528,1.4118689004759524,12,0,300,322,1.6214840953484777,0.8023947836231379,0.20961519487252528,1.4118689004759524,12,0,300,322,1.6214840953484777,0.8023947836231379,0.20961519487252528,1.4118689004759524,12,0,300,322,1.6214840953484777,0.8023947836231379,0.20961519487252528,1.4118689004759524
vbe_adder_n22,arithmetic,MQT Bench 2.3.0,22,154,106,12,3,14,14,SC5|p=0.002|r=30|rho=100,realistic,SC5,5,25,0.002,30.0,100,1,0.017467932906043773,0.0,0.031064157235436735,0.0001993039102874015,FEASIBLE/OPTIMAL,63.21,3,OPTIMAL,2.63,1.5445198072120725,0.004,0.0,0.0,0.0,12,0,300,1200.0,5.471238426459926,0.9957939799152854,0.20961519487252528,5.2616232315874,0,3,75,331,1.544523546419168,0.7865864713566088,0.0931924717063102,1.4513310747128578,0,3,75,331,1.544523546419168,0.7865864713566088,0.0931924717063102,1.4513310747128578,0,3,75,331,1.544523546419168,0.7865864713566088,0.0931924717063102,1.4513310747128578,0,3,75,331,1.544523546419168,0.7865864713566088,0.0931924717063102,1.4513310747128578,0,3,75,331,1.544523546419168,0.7865864713566088,0.0931924717063102,1.4513310747128578,3,2,125,500.0,2.3068751263504215,0.9004280844308413,0.11453211318900479,2.1923430131614166,3,2,125,500.0,2.3068751263504215,0.9004280844308413,0.11453211318900479,2.1923430131614166,3,2,125,500.0,2.3068751263504215,0.9004280844308413,0.11453211318900479,2.1923430131614166,3,2,125,500.0,2.3068751263504215,0.9004280844308413,0.11453211318900479,2.1923430131614166,3,2,125,500.0,2.3068751263504215,0.9004280844308413,0.11453211318900479,2.1923430131614166,11,1,300,1200.0,5.484834650789319,0.9958507789070016,0.22321141920191825,5.2616232315874,12,0,300,1200.0,5.471238426459926,0.9957939799152854,0.20961519487252528,5.2616232315874,12,0,300,1200.0,5.471238426459926,0.9957939799152854,0.20961519487252528,5.2616232315874,12,0,300,1200.0,5.471238426459926,0.9957939799152854,0.20961519487252528,5.2616232315874,12,0,300,1200.0,5.471238426459926,0.9957939799152854,0.20961519487252528,5.2616232315874,12,0,300,1200.0,5.471238426459926,0.9957939799152854,0.20961519487252528,5.2616232315874,12,0,300,1200.0,5.471238426459926,0.9957939799152854,0.20961519487252528,5.2616232315874,12,0,300,1200.0,5.471238426459926,0.9957939799152854,0.20961519487252528,5.2616232315874,12,0,300,1200.0,5.471238426459926,0.9957939799152854,0.20961519487252528,5.2616232315874,12,0,300,1200.0,5.471238426459926,0.9957939799152854,0.20961519487252528,5.2616232315874,12,0,300,1200.0,5.471238426459926,0.9957939799152854,0.20961519487252528,5.2616232315874,12,0,300,1200.0,5.471238426459926,0.9957939799152854,0.20961519487252528,5.2616232315874,12,0,300,1200.0,5.471238426459926,0.9957939799152854,0.20961519487252528,5.2616232315874,12,0,300,1200.0,5.471238426459926,0.9957939799152854,0.20961519487252528,5.2616232315874,12,0,300,1200.0,5.471238426459926,0.9957939799152854,0.20961519487252528,5.2616232315874,12,0,300,1200.0,5.471238426459926,0.9957939799152854,0.20961519487252528,5.2616232315874,12,0,300,1200.0,5.471238426459926,0.9957939799152854,0.20961519487252528,5.2616232315874,12,0,300,1200.0,5.471238426459926,0.9957939799152854,0.20961519487252528,5.2616232315874,12,0,300,1200.0,5.471238426459926,0.9957939799152854,0.20961519487252528,5.2616232315874,12,0,300,1200.0,5.471238426459926,0.9957939799152854,0.20961519487252528,5.2616232315874,12,0,300,1200.0,5.471238426459926,0.9957939799152854,0.20961519487252528,5.2616232315874,12,0,300,1200.0,5.471238426459926,0.9957939799152854,0.20961519487252528,5.2616232315874
vbe_adder_n22,arithmetic,MQT Bench 2.3.0,22,154,106,12,3,14,14,SC7|p=0.001|r=10|rho=10,realistic,SC7,7,49,0.001,10.0,10,0,0.00013916666666666662,0.00010250000000000045,0.00027916666666666584,1.805555555555555e-06,FEASIBLE/OPTIMAL,63.1,3,OPTIMAL,0.85,0.029015594408333366,0.004,0.06732418524871354,0.09554140127388536,0.07792207792207792,12,0,588,322,0.029015555555555614,0.028598646338647032,0.016225000000000062,0.012790555555555553,0,3,147,331,0.02977055555555562,0.029331777568796718,0.016622500000000068,0.013148055555555553,12,0,588,322,0.029015555555555614,0.028598646338647032,0.016225000000000062,0.012790555555555553,0,3,147,331,0.02977055555555562,0.029331777568796718,0.016622500000000068,0.013148055555555553,0,3,147,331,0.02977055555555562,0.029331777568796718,0.016622500000000068,0.013148055555555553,0,3,147,331,0.02977055555555562,0.029331777568796718,0.016622500000000068,0.013148055555555553,3,2,245,328,0.029482222222222285,0.029051861211993543,0.0164533333333334,0.013028888888888887,3,2,245,328,0.029482222222222285,0.029051861211993543,0.0164533333333334,0.013028888888888887,3,2,245,328,0.029482222222222285,0.029051861211993543,0.0164533333333334,0.013028888888888887,3,2,245,328,0.029482222222222285,0.029051861211993543,0.0164533333333334,0.013028888888888887,3,2,245,328,0.029482222222222285,0.029051861211993543,0.0164533333333334,0.013028888888888887,11,1,588,325,0.029377222222222284,0.02894990630488185,0.016467500000000062,0.01290972222222222,12,0,588,322,0.029015555555555614,0.028598646338647032,0.016225000000000062,0.012790555555555553,12,0,588,322,0.029015555555555614,0.028598646338647032,0.016225000000000062,0.012790555555555553,12,0,588,322,0.029015555555555614,0.028598646338647032,0.016225000000000062,0.012790555555555553,12,0,588,322,0.029015555555555614,0.028598646338647032,0.016225000000000062,0.012790555555555553,12,0,588,322,0.029015555555555614,0.028598646338647032,0.016225000000000062,0.012790555555555553,12,0,588,322,0.029015555555555614,0.028598646338647032,0.016225000000000062,0.012790555555555553,12,0,588,322,0.029015555555555614,0.028598646338647032,0.016225000000000062,0.012790555555555553,12,0,588,322,0.029015555555555614,0.028598646338647032,0.016225000000000062,0.012790555555555553,12,0,588,322,0.029015555555555614,0.028598646338647032,0.016225000000000062,0.012790555555555553,12,0,588,322,0.029015555555555614,0.028598646338647032,0.016225000000000062,0.012790555555555553,12,0,588,322,0.029015555555555614,0.028598646338647032,0.016225000000000062,0.012790555555555553,12,0,588,322,0.029015555555555614,0.028598646338647032,0.016225000000000062,0.012790555555555553,12,0,588,322,0.029015555555555614,0.028598646338647032,0.016225000000000062,0.012790555555555553,12,0,588,322,0.029015555555555614,0.028598646338647032,0.016225000000000062,0.012790555555555553,12,0,588,322,0.029015555555555614,0.028598646338647032,0.016225000000000062,0.012790555555555553,12,0,588,322,0.029015555555555614,0.028598646338647032,0.016225000000000062,0.012790555555555553,12,0,588,322,0.029015555555555614,0.028598646338647032,0.016225000000000062,0.012790555555555553,12,0,588,322,0.029015555555555614,0.028598646338647032,0.016225000000000062,0.012790555555555553,12,0,588,322,0.029015555555555614,0.028598646338647032,0.016225000000000062,0.012790555555555553,12,0,588,322,0.029015555555555614,0.028598646338647032,0.016225000000000062,0.012790555555555553,12,0,588,322,0.029015555555555614,0.028598646338647032,0.016225000000000062,0.012790555555555553
vbe_adder_n22,arithmetic,MQT Bench 2.3.0,22,154,106,12,3,14,14,SC7|p=0.001|r=10|rho=100,realistic,SC7,7,49,0.001,10.0,100,0,0.00013916666666666662,0.00010250000000000045,0.00027916666666666584,1.805555555555555e-06,FEASIBLE/OPTIMAL,63.14,3,OPTIMAL,2.6,0.029770596470833362,0.004,0.0,0.0,0.0,12,0,588,1200.0,0.06389166666666672,0.06189337775652385,0.016225000000000062,0.047666666666666656,0,3,147,331,0.02977055555555562,0.029331777568796718,0.016622500000000068,0.013148055555555553,0,3,147,331,0.02977055555555562,0.029331777568796718,0.016622500000000068,0.013148055555555553,0,3,147,331,0.02977055555555562,0.029331777568796718,0.016622500000000068,0.013148055555555553,0,3,147,331,0.02977055555555562,0.029331777568796718,0.016622500000000068,0.013148055555555553,0,3,147,331,0.02977055555555562,0.029331777568796718,0.016622500000000068,0.013148055555555553,3,2,245,500.0,0.03631444444444451,0.03566298461349487,0.0164533333333334,0.019861111111111107,3,2,245,500.0,0.03631444444444451,0.03566298461349487,0.0164533333333334,0.019861111111111107,3,2,245,500.0,0.03631444444444451,0.03566298461349487,0.0164533333333334,0.019861111111111107,3,2,245,500.0,0.03631444444444451,0.03566298461349487,0.0164533333333334,0.019861111111111107,3,2,245,500.0,0.03631444444444451,0.03566298461349487,0.0164533333333334,0.019861111111111107,11,1,588,1200.0,0.06413416666666671,0.06212084103138112,0.016467500000000062,0.047666666666666656,12,0,588,1200.0,0.06389166666666672,0.06189337775652385,0.016225000000000062,0.047666666666666656,12,0,588,1200.0,0.06389166666666672,0.06189337775652385,0.016225000000000062,0.047666666666666656,12,0,588,1200.0,0.06389166666666672,0.06189337775652385,0.016225000000000062,0.047666666666666656,12,0,588,1200.0,0.06389166666666672,0.06189337775652385,0.016225000000000062,0.047666666666666656,12,0,588,1200.0,0.06389166666666672,0.06189337775652385,0.016225000000000062,0.047666666666666656,12,0,588,1200.0,0.06389166666666672,0.06189337775652385,0.016225000000000062,0.047666666666666656,12,0,588,1200.0,0.06389166666666672,0.06189337775652385,0.016225000000000062,0.047666666666666656,12,0,588,1200.0,0.06389166666666672,0.06189337775652385,0.016225000000000062,0.047666666666666656,12,0,588,1200.0,0.06389166666666672,0.06189337775652385,0.016225000000000062,0.047666666666666656,12,0,588,1200.0,0.06389166666666672,0.06189337775652385,0.016225000000000062,0.047666666666666656,12,0,588,1200.0,0.06389166666666672,0.06189337775652385,0.016225000000000062,0.047666666666666656,12,0,588,1200.0,0.06389166666666672,0.06189337775652385,0.016225000000000062,0.047666666666666656,12,0,588,1200.0,0.06389166666666672,0.06189337775652385,0.016225000000000062,0.047666666666666656,12,0,588,1200.0,0.06389166666666672,0.06189337775652385,0.016225000000000062,0.047666666666666656,12,0,588,1200.0,0.06389166666666672,0.06189337775652385,0.016225000000000062,0.047666666666666656,12,0,588,1200.0,0.06389166666666672,0.06189337775652385,0.016225000000000062,0.047666666666666656,12,0,588,1200.0,0.06389166666666672,0.06189337775652385,0.016225000000000062,0.047666666666666656,12,0,588,1200.0,0.06389166666666672,0.06189337775652385,0.016225000000000062,0.047666666666666656,12,0,588,1200.0,0.06389166666666672,0.06189337775652385,0.016225000000000062,0.047666666666666656,12,0,588,1200.0,0.06389166666666672,0.06189337775652385,0.016225000000000062,0.047666666666666656,12,0,588,1200.0,0.06389166666666672,0.06189337775652385,0.016225000000000062,0.047666666666666656
vqe_uccsd_n8,chemistry,QASMBench 357b942,8,5284,5242,1144,1,5,5,SC5|p=0.001|r=10|rho=10,realistic,SC5,5,25,0.001,10.0,10,0,0.0003825200145869967,5.810310143125109e-05,0.0009810966318486132,2.8691623476531386e-05,FEASIBLE/UNKNOWN,72.41,917,FEASIBLE,31.32,3.9178073892465086,0.402,0.11314860740175506,0.311401386873085,0.1924678274034822,1144,0,28600,15730,4.288703634899614,0.9862772965948067,0.6781497366129037,3.61055389828671,2,915,22925,18475,5.445990989761862,0.9956864368081175,1.2053690399305235,4.240621949831339,1019,5,25600,15745,4.256499998731572,0.9858281829133183,0.6425031056276787,3.6139968931038933,0,919,22975,18487,5.452020938316692,0.9957123691084587,1.2086445926316063,4.2433763456850855,2,915,22925,18475,5.445990989761862,0.9956864368081175,1.2053690399305235,4.240621949831339,1019,5,25600,15745,4.256499998731572,0.9858281829133183,0.6425031056276787,3.6139968931038933,1019,5,25600,15745,4.256499998731572,0.9858281829133183,0.6425031056276787,3.6139968931038933,1019,5,25600,15745,4.256499998731572,0.9858281829133183,0.6425031056276787,3.6139968931038933,1019,5,25600,15745,4.256499998731572,0.9858281829133183,0.6425031056276787,3.6139968931038933,1041,3,26100,15739,4.260297779630427,0.9858819022977593,0.6476780844534078,3.61261969517702,1041,3,26100,15739,4.260297779630427,0.9858819022977593,0.6476780844534078,3.61261969517702,1041,3,26100,15739,4.260297779630427,0.9858819022977593,0.6476780844534078,3.61261969517702,1041,3,26100,15739,4.260297779630427,0.9858819022977593,0.6476780844534078,3.61261969517702,1041,3,26100,15739,4.260297779630427,0.9858819022977593,0.6476780844534078,3.61261969517702,1041,3,26100,15739,4.260297779630427,0.9858819022977593,0.6476780844534078,3.61261969517702,1041,3,26100,15739,4.260297779630427,0.9858819022977593,0.6476780844534078,3.61261969517702,1041,3,26100,15739,4.260297779630427,0.9858819022977593,0.6476780844534078,3.61261969517702,1041,3,26100,15739,4.260297779630427,0.9858819022977593,0.6476780844534078,3.61261969517702,1041,3,26100,15739,4.260297779630427,0.9858819022977593,0.6476780844534078,3.61261969517702,1045,2,26175,15736,4.259925751687765,0.9858766489937895,0.6479946554741821,3.611931096213583,1058,1,26475,15733,4.262473475963505,0.9859125856002819,0.6512309787133583,3.6112424972501462,1058,1,26475,15733,4.262473475963505,0.9859125856002819,0.6512309787133583,3.6112424972501462,1058,1,26475,15733,4.262473475963505,0.9859125856002819,0.6512309787133583,3.6112424972501462,1058,1,26475,15733,4.262473475963505,0.9859125856002819,0.6512309787133583,3.6112424972501462,1058,1,26475,15733,4.262473475963505,0.9859125856002819,0.6512309787133583,3.6112424972501462,1058,1,26475,15733,4.262473475963505,0.9859125856002819,0.6512309787133583,3.6112424972501462,1058,1,26475,15733,4.262473475963505,0.9859125856002819,0.6512309787133583,3.6112424972501462,1058,1,26475,15733,4.262473475963505,0.9859125856002819,0.6512309787133583,3.6112424972501462,1058,1,26475,15733,4.262473475963505,0.9859125856002819,0.6512309787133583,3.6112424972501462,1058,1,26475,15733,4.262473475963505,0.9859125856002819,0.6512309787133583,3.6112424972501462,1058,1,26475,15733,4.262473475963505,0.9859125856002819,0.6512309787133583,3.6112424972501462,1058,1,26475,15733,4.262473475963505,0.9859125856002819,0.6512309787133583,3.6112424972501462,1058,1,26475,15733,4.262473475963505,0.9859125856002819,0.6512309787133583,3.6112424972501462
vqe_uccsd_n8,chemistry,QASMBench 357b942,8,5284,5242,1144,1,5,5,SC5|p=0.001|r=10|rho=100,realistic,SC5,5,25,0.001,10.0,100,0,0.0003825200145869967,5.810310143125109e-05,0.0009810966318486132,2.8691623476531386e-05,FEASIBLE/UNKNOWN,72.51,917,FEASIBLE,31.32,3.9178073892465086,0.402,0.0,0.0,0.0,1144,0,28600,114400.0,26.93672354233443,0.9999999999979977,0.6781497366129037,26.258573805721525,2,915,22925,91700.0,22.25354402231395,0.9999999997835246,1.2053690399305235,21.048174982383426,2,915,22925,91700.0,22.25354402231395,0.9999999997835246,1.2053690399305235,21.048174982383426,0,919,22975,91900.0,22.302726172577483,0.9999999997939137,1.2086445926316063,21.094081579945875,2,915,22925,91700.0,22.25354402231395,0.9999999997835246,1.2053690399305235,21.048174982383426,1019,5,25600,102400.0,24.14668105760219,0.9999999999673991,0.6425031056276787,23.504177951974512,1019,5,25600,102400.0,24.14668105760219,0.9999999999673991,0.6425031056276787,23.504177951974512,1019,5,25600,102400.0,24.14668105760219,0.9999999999673991,0.6425031056276787,23.504177951974512,1019,5,25600,102400.0,24.14668105760219,0.9999999999673991,0.6425031056276787,23.504177951974512,1041,3,26100,104400.0,24.61092201205242,0.9999999999795067,0.6476780844534078,23.963243927599013,1041,3,26100,104400.0,24.61092201205242,0.9999999999795067,0.6476780844534078,23.963243927599013,1041,3,26100,104400.0,24.61092201205242,0.9999999999795067,0.6476780844534078,23.963243927599013,1041,3,26100,104400.0,24.61092201205242,0.9999999999795067,0.6476780844534078,23.963243927599013,1041,3,26100,104400.0,24.61092201205242,0.9999999999795067,0.6476780844534078,23.963243927599013,1041,3,26100,104400.0,24.61092201205242,0.9999999999795067,0.6476780844534078,23.963243927599013,1041,3,26100,104400.0,24.61092201205242,0.9999999999795067,0.6476780844534078,23.963243927599013,1041,3,26100,104400.0,24.61092201205242,0.9999999999795067,0.6476780844534078,23.963243927599013,1041,3,26100,104400.0,24.61092201205242,0.9999999999795067,0.6476780844534078,23.963243927599013,1041,3,26100,104400.0,24.61092201205242,0.9999999999795067,0.6476780844534078,23.963243927599013,1045,2,26175,104700.0,24.68009847941687,0.9999999999808764,0.6479946554741821,24.032103823942688,1058,1,26475,105900.0,24.958774388030747,0.9999999999855276,0.6512309787133583,24.30754340931739,1058,1,26475,105900.0,24.958774388030747,0.9999999999855276,0.6512309787133583,24.30754340931739,1058,1,26475,105900.0,24.958774388030747,0.9999999999855276,0.6512309787133583,24.30754340931739,1058,1,26475,105900.0,24.958774388030747,0.9999999999855276,0.6512309787133583,24.30754340931739,1058,1,26475,105900.0,24.958774388030747,0.9999999999855276,0.6512309787133583,24.30754340931739,1058,1,26475,105900.0,24.958774388030747,0.9999999999855276,0.6512309787133583,24.30754340931739,1058,1,26475,105900.0,24.958774388030747,0.9999999999855276,0.6512309787133583,24.30754340931739,1058,1,26475,105900.0,24.958774388030747,0.9999999999855276,0.6512309787133583,24.30754340931739,1058,1,26475,105900.0,24.958774388030747,0.9999999999855276,0.6512309787133583,24.30754340931739,1058,1,26475,105900.0,24.958774388030747,0.9999999999855276,0.6512309787133583,24.30754340931739,1058,1,26475,105900.0,24.958774388030747,0.9999999999855276,0.6512309787133583,24.30754340931739,1058,1,26475,105900.0,24.958774388030747,0.9999999999855276,0.6512309787133583,24.30754340931739,1058,1,26475,105900.0,24.958774388030747,0.9999999999855276,0.6512309787133583,24.30754340931739
vqe_uccsd_n8,chemistry,QASMBench 357b942,8,5284,5242,1144,1,5,5,SC5|p=0.001|r=30|rho=10,realistic,SC5,5,25,0.001,30.0,10,1,0.0031526304869580694,0.0,0.005366132781095331,2.868275147901941e-05,FEASIBLE/UNKNOWN,72.56,917,FEASIBLE,31.26,3.6096541978023784,0.402,0.11314860740175506,0.311401386873085,0.1924678274034822,1144,0,28600,15730,7.216046723199835,0.9992652988376022,3.6066092770800315,3.6094374461198027,2,915,22925,18475,9.155627424275213,0.9998943762624212,4.916316755676144,4.239310668599069,1019,5,25600,15745,6.852240506413034,0.9989429153671872,3.2393611301157494,3.612879376297285,0,919,22975,18487,9.173540238567664,0.9998962514358604,4.931476025826609,4.242064212741055,2,915,22925,18475,9.155627424275213,0.9998943762624212,4.916316755676144,4.239310668599069,1019,5,25600,15745,6.852240506413034,0.9989429153671872,3.2393611301157494,3.612879376297285,1019,5,25600,15745,6.852240506413034,0.9989429153671872,3.2393611301157494,3.612879376297285,1019,5,25600,15745,6.852240506413034,0.9989429153671872,3.2393611301157494,3.612879376297285,1019,5,25600,15745,6.852240506413034,0.9989429153671872,3.2393611301157494,3.612879376297285,1041,3,26100,15739,6.909489339492928,0.9990017325578965,3.297986735266636,3.611502604226292,1041,3,26100,15739,6.909489339492928,0.9990017325578965,3.297986735266636,3.611502604226292,1041,3,26100,15739,6.909489339492928,0.9990017325578965,3.297986735266636,3.611502604226292,1041,3,26100,15739,6.909489339492928,0.9990017325578965,3.297986735266636,3.611502604226292,1041,3,26100,15739,6.909489339492928,0.9990017325578965,3.297986735266636,3.611502604226292,1041,3,26100,15739,6.909489339492928,0.9990017325578965,3.297986735266636,3.611502604226292,1041,3,26100,15739,6.909489339492928,0.9990017325578965,3.297986735266636,3.611502604226292,1041,3,26100,15739,6.909489339492928,0.9990017325578965,3.297986735266636,3.611502604226292,1041,3,26100,15739,6.909489339492928,0.9990017325578965,3.297986735266636,3.611502604226292,1041,3,26100,15739,6.909489339492928,0.9990017325578965,3.297986735266636,3.611502604226292,1045,2,26175,15736,6.9160453426241695,0.999008255795824,3.3052311244333734,3.6108142181907956,1058,1,26475,15733,6.950975020138031,0.9990422990793638,3.340849187982733,3.610125832155299,1058,1,26475,15733,6.950975020138031,0.9990422990793638,3.340849187982733,3.610125832155299,1058,1,26475,15733,6.950975020138031,0.9990422990793638,3.340849187982733,3.610125832155299,1058,1,26475,15733,6.950975020138031,0.9990422990793638,3.340849187982733,3.610125832155299,1058,1,26475,15733,6.950975020138031,0.9990422990793638,3.340849187982733,3.610125832155299,1058,1,26475,15733,6.950975020138031,0.9990422990793638,3.340849187982733,3.610125832155299,1058,1,26475,15733,6.950975020138031,0.9990422990793638,3.340849187982733,3.610125832155299,1058,1,26475,15733,6.950975020138031,0.9990422990793638,3.340849187982733,3.610125832155299,1058,1,26475,15733,6.950975020138031,0.9990422990793638,3.340849187982733,3.610125832155299,1058,1,26475,15733,6.950975020138031,0.9990422990793638,3.340849187982733,3.610125832155299,1058,1,26475,15733,6.950975020138031,0.9990422990793638,3.340849187982733,3.610125832155299,1058,1,26475,15733,6.950975020138031,0.9990422990793638,3.340849187982733,3.610125832155299,1058,1,26475,15733,6.950975020138031,0.9990422990793638,3.340849187982733,3.610125832155299
vqe_uccsd_n8,chemistry,QASMBench 357b942,8,5284,5242,1144,1,5,5,SC5|p=0.001|r=30|rho=100,realistic,SC5,5,25,0.001,30.0,100,1,0.0031526304869580694,0.0,0.005366132781095331,2.868275147901941e-05,FEASIBLE/UNKNOWN,72.43,917,FEASIBLE,31.46,3.6096541978023784,0.402,0.0,0.0,0.0,1144,0,28600,114400.0,29.857063430678597,0.9999999999998921,3.6066092770800315,26.250454153598564,2,915,22925,91700.0,25.957983240684783,0.9999999999946717,4.916316755676144,21.04166648500864,2,915,22925,91700.0,25.957983240684783,0.9999999999946717,4.916316755676144,21.04166648500864,0,919,22975,91900.0,26.01903491320168,0.9999999999949872,4.931476025826609,21.08755888737507,2,915,22925,91700.0,25.957983240684783,0.9999999999946717,4.916316755676144,21.04166648500864,1019,5,25600,102400.0,26.73627114172845,0.9999999999975533,3.2393611301157494,23.4969100116127,1019,5,25600,102400.0,26.73627114172845,0.9999999999975533,3.2393611301157494,23.4969100116127,1019,5,25600,102400.0,26.73627114172845,0.9999999999975533,3.2393611301157494,23.4969100116127,1019,5,25600,102400.0,26.73627114172845,0.9999999999975533,3.2393611301157494,23.4969100116127,1041,3,26100,104400.0,27.253820770543648,0.9999999999985418,3.297986735266636,23.95583403527701,1041,3,26100,104400.0,27.253820770543648,0.9999999999985418,3.297986735266636,23.95583403527701,1041,3,26100,104400.0,27.253820770543648,0.9999999999985418,3.297986735266636,23.95583403527701,1041,3,26100,104400.0,27.253820770543648,0.9999999999985418,3.297986735266636,23.95583403527701,1041,3,26100,104400.0,27.253820770543648,0.9999999999985418,3.297986735266636,23.95583403527701,1041,3,26100,104400.0,27.253820770543648,0.9999999999985418,3.297986735266636,23.95583403527701,1041,3,26100,104400.0,27.253820770543648,0.9999999999985418,3.297986735266636,23.95583403527701,1041,3,26100,104400.0,27.253820770543648,0.9999999999985418,3.297986735266636,23.95583403527701,1041,3,26100,104400.0,27.253820770543648,0.9999999999985418,3.297986735266636,23.95583403527701,1041,3,26100,104400.0,27.253820770543648,0.9999999999985418,3.297986735266636,23.95583403527701,1045,2,26175,104700.0,27.32990376326003,0.9999999999986486,3.3052311244333734,24.024672638826658,1058,1,26475,105900.0,27.640876241007977,0.9999999999990098,3.340849187982733,24.300027053025243,1058,1,26475,105900.0,27.640876241007977,0.9999999999990098,3.340849187982733,24.300027053025243,1058,1,26475,105900.0,27.640876241007977,0.9999999999990098,3.340849187982733,24.300027053025243,1058,1,26475,105900.0,27.640876241007977,0.9999999999990098,3.340849187982733,24.300027053025243,1058,1,26475,105900.0,27.640876241007977,0.9999999999990098,3.340849187982733,24.300027053025243,1058,1,26475,105900.0,27.640876241007977,0.9999999999990098,3.340849187982733,24.300027053025243,1058,1,26475,105900.0,27.640876241007977,0.9999999999990098,3.340849187982733,24.300027053025243,1058,1,26475,105900.0,27.640876241007977,0.9999999999990098,3.340849187982733,24.300027053025243,1058,1,26475,105900.0,27.640876241007977,0.9999999999990098,3.340849187982733,24.300027053025243,1058,1,26475,105900.0,27.640876241007977,0.9999999999990098,3.340849187982733,24.300027053025243,1058,1,26475,105900.0,27.640876241007977,0.9999999999990098,3.340849187982733,24.300027053025243,1058,1,26475,105900.0,27.640876241007977,0.9999999999990098,3.340849187982733,24.300027053025243,1058,1,26475,105900.0,27.640876241007977,0.9999999999990098,3.340849187982733,24.300027053025243
vqe_uccsd_n8,chemistry,QASMBench 357b942,8,5284,5242,1144,1,5,5,SC5|p=0.002|r=10|rho=10,realistic,SC5,5,25,0.002,10.0,10,1,0.0032480946242971235,0.0,0.0089771927017271,0.0002379015985281741,FEASIBLE/UNKNOWN,72.45,917,FEASIBLE,31.35,29.939392399956187,0.402,0.11314860740175506,0.311401386873085,0.1924678274034822,1144,0,28600,15730,33.653357408981336,0.9999999999999976,3.7158202501959092,29.937537158785428,2,915,22925,18475,43.38248377379303,1.0,8.22062751132889,35.161856262464134,1019,5,25600,15745,33.320779736276215,0.9999999999999967,3.354694385667404,29.96608535060881,0,919,22975,18487,43.43473490881004,1.0,8.250040092887206,35.18469481592284,2,915,22925,18475,43.38248377379303,1.0,8.22062751132889,35.161856262464134,1019,5,25600,15745,33.320779736276215,0.9999999999999967,3.354694385667404,29.96608535060881,1019,5,25600,15745,33.320779736276215,0.9999999999999967,3.354694385667404,29.96608535060881,1019,5,25600,15745,33.320779736276215,0.9999999999999967,3.354694385667404,29.96608535060881,1019,5,25600,15745,33.320779736276215,0.9999999999999967,3.354694385667404,29.96608535060881,1041,3,26100,15739,33.36286415587794,0.9999999999999968,3.4081980819984867,29.95466607387946,1041,3,26100,15739,33.36286415587794,0.9999999999999968,3.4081980819984867,29.95466607387946,1041,3,26100,15739,33.36286415587794,0.9999999999999968,3.4081980819984867,29.95466607387946,1041,3,26100,15739,33.36286415587794,0.9999999999999968,3.4081980819984867,29.95466607387946,1041,3,26100,15739,33.36286415587794,0.9999999999999968,3.4081980819984867,29.95466607387946,1041,3,26100,15739,33.36286415587794,0.9999999999999968,3.4081980819984867,29.95466607387946,1041,3,26100,15739,33.36286415587794,0.9999999999999968,3.4081980819984867,29.95466607387946,1041,3,26100,15739,33.36286415587794,0.9999999999999968,3.4081980819984867,29.95466607387946,1041,3,26100,15739,33.36286415587794,0.9999999999999968,3.4081980819984867,29.95466607387946,1041,3,26100,15739,33.36286415587794,0.9999999999999968,3.4081980819984867,29.95466607387946,1045,2,26175,15736,33.36116970330873,0.9999999999999968,3.4122132677939483,29.94895643551478,1058,1,26475,15733,33.38870810235819,0.9999999999999969,3.445461305208084,29.943246797150106,1058,1,26475,15733,33.38870810235819,0.9999999999999969,3.445461305208084,29.943246797150106,1058,1,26475,15733,33.38870810235819,0.9999999999999969,3.445461305208084,29.943246797150106,1058,1,26475,15733,33.38870810235819,0.9999999999999969,3.445461305208084,29.943246797150106,1058,1,26475,15733,33.38870810235819,0.9999999999999969,3.445461305208084,29.943246797150106,1058,1,26475,15733,33.38870810235819,0.9999999999999969,3.445461305208084,29.943246797150106,1058,1,26475,15733,33.38870810235819,0.9999999999999969,3.445461305208084,29.943246797150106,1058,1,26475,15733,33.38870810235819,0.9999999999999969,3.445461305208084,29.943246797150106,1058,1,26475,15733,33.38870810235819,0.9999999999999969,3.445461305208084,29.943246797150106,1058,1,26475,15733,33.38870810235819,0.9999999999999969,3.445461305208084,29.943246797150106,1058,1,26475,15733,33.38870810235819,0.9999999999999969,3.445461305208084,29.943246797150106,1058,1,26475,15733,33.38870810235819,0.9999999999999969,3.445461305208084,29.943246797150106,1058,1,26475,15733,33.38870810235819,0.9999999999999969,3.445461305208084,29.943246797150106
vqe_uccsd_n8,chemistry,QASMBench 357b942,8,5284,5242,1144,1,5,5,SC5|p=0.002|r=10|rho=100,realistic,SC5,5,25,0.002,10.0,100,1,0.0032480946242971235,0.0,0.0089771927017271,0.0002379015985281741,FEASIBLE/UNKNOWN,72.38,917,FEASIBLE,31.4,29.939392399956187,0.402,0.0,0.0,0.0,1144,0,28600,114400.0,221.44336322318085,1.0,3.7158202501959092,217.72754297298493,2,915,22925,91700.0,182.74524019159742,1.0,8.22062751132889,174.52461268026852,2,915,22925,91700.0,182.74524019159742,1.0,8.22062751132889,174.52461268026852,0,919,22975,91900.0,183.1552953308008,1.0,8.250040092887206,174.9052552379136,2,915,22925,91700.0,182.74524019159742,1.0,8.22062751132889,174.52461268026852,1019,5,25600,102400.0,198.24368389994763,1.0,3.354694385667404,194.8889895142802,1019,5,25600,102400.0,198.24368389994763,1.0,3.354694385667404,194.8889895142802,1019,5,25600,102400.0,198.24368389994763,1.0,3.354694385667404,194.8889895142802,1019,5,25600,102400.0,198.24368389994763,1.0,3.354694385667404,194.8889895142802,1041,3,26100,104400.0,202.1036131727295,1.0,3.4081980819984867,198.69541509073102,1041,3,26100,104400.0,202.1036131727295,1.0,3.4081980819984867,198.69541509073102,1041,3,26100,104400.0,202.1036131727295,1.0,3.4081980819984867,198.69541509073102,1041,3,26100,104400.0,202.1036131727295,1.0,3.4081980819984867,198.69541509073102,1041,3,26100,104400.0,202.1036131727295,1.0,3.4081980819984867,198.69541509073102,1041,3,26100,104400.0,202.1036131727295,1.0,3.4081980819984867,198.69541509073102,1041,3,26100,104400.0,202.1036131727295,1.0,3.4081980819984867,198.69541509073102,1041,3,26100,104400.0,202.1036131727295,1.0,3.4081980819984867,198.69541509073102,1041,3,26100,104400.0,202.1036131727295,1.0,3.4081980819984867,198.69541509073102,1041,3,26100,104400.0,202.1036131727295,1.0,3.4081980819984867,198.69541509073102,1045,2,26175,104700.0,202.67859219499258,1.0,3.4122132677939483,199.26637892719862,1058,1,26475,105900.0,204.99569557827718,1.0,3.445461305208084,201.5502342730691,1058,1,26475,105900.0,204.99569557827718,1.0,3.445461305208084,201.5502342730691,1058,1,26475,105900.0,204.99569557827718,1.0,3.445461305208084,201.5502342730691,1058,1,26475,105900.0,204.99569557827718,1.0,3.445461305208084,201.5502342730691,1058,1,26475,105900.0,204.99569557827718,1.0,3.445461305208084,201.5502342730691,1058,1,26475,105900.0,204.99569557827718,1.0,3.445461305208084,201.5502342730691,1058,1,26475,105900.0,204.99569557827718,1.0,3.445461305208084,201.5502342730691,1058,1,26475,105900.0,204.99569557827718,1.0,3.445461305208084,201.5502342730691,1058,1,26475,105900.0,204.99569557827718,1.0,3.445461305208084,201.5502342730691,1058,1,26475,105900.0,204.99569557827718,1.0,3.445461305208084,201.5502342730691,1058,1,26475,105900.0,204.99569557827718,1.0,3.445461305208084,201.5502342730691,1058,1,26475,105900.0,204.99569557827718,1.0,3.445461305208084,201.5502342730691,1058,1,26475,105900.0,204.99569557827718,1.0,3.445461305208084,201.5502342730691
vqe_uccsd_n8,chemistry,QASMBench 357b942,8,5284,5242,1144,1,5,5,SC5|p=0.002|r=30|rho=10,realistic,SC5,5,25,0.002,30.0,10,1,0.017467932906043773,0.0,0.031064157235436735,0.0001993039102874015,FEASIBLE/UNKNOWN,72.51,917,FEASIBLE,31.27,25.08197830519632,0.402,0.11314860740175506,0.311401386873085,0.1924678274034822,1144,0,28600,15730,45.06371931508068,1.0,19.983315244514078,25.080404070566605,2,915,22925,18475,57.91575767671465,1.0,28.4586397362367,29.457117940477943,1019,5,25600,15745,43.059464957236884,1.0,17.95514441743579,25.104320539801094,0,919,22975,18487,58.02421161523189,1.0,28.547960499366358,29.476251115865534,2,915,22925,18475,57.91575767671465,1.0,28.4586397362367,29.457117940477943,1019,5,25600,15745,43.059464957236884,1.0,17.95514441743579,25.104320539801094,1019,5,25600,15745,43.059464957236884,1.0,17.95514441743579,25.104320539801094,1019,5,25600,15745,43.059464957236884,1.0,17.95514441743579,25.104320539801094,1019,5,25600,15745,43.059464957236884,1.0,17.95514441743579,25.104320539801094,1041,3,26100,15739,43.37206457900518,1.0,18.27731062689788,25.0947539521073,1041,3,26100,15739,43.37206457900518,1.0,18.27731062689788,25.0947539521073,1041,3,26100,15739,43.37206457900518,1.0,18.27731062689788,25.0947539521073,1041,3,26100,15739,43.37206457900518,1.0,18.27731062689788,25.0947539521073,1041,3,26100,15739,43.37206457900518,1.0,18.27731062689788,25.0947539521073,1041,3,26100,15739,43.37206457900518,1.0,18.27731062689788,25.0947539521073,1041,3,26100,15739,43.37206457900518,1.0,18.27731062689788,25.0947539521073,1041,3,26100,15739,43.37206457900518,1.0,18.27731062689788,25.0947539521073,1041,3,26100,15739,43.37206457900518,1.0,18.27731062689788,25.0947539521073,1041,3,26100,15739,43.37206457900518,1.0,18.27731062689788,25.0947539521073,1045,2,26175,15736,43.40608885954701,1.0,18.316118201286613,25.089970658260402,1058,1,26475,15733,43.59732453624325,1.0,18.51213717182975,25.085187364413503,1058,1,26475,15733,43.59732453624325,1.0,18.51213717182975,25.085187364413503,1058,1,26475,15733,43.59732453624325,1.0,18.51213717182975,25.085187364413503,1058,1,26475,15733,43.59732453624325,1.0,18.51213717182975,25.085187364413503,1058,1,26475,15733,43.59732453624325,1.0,18.51213717182975,25.085187364413503,1058,1,26475,15733,43.59732453624325,1.0,18.51213717182975,25.085187364413503,1058,1,26475,15733,43.59732453624325,1.0,18.51213717182975,25.085187364413503,1058,1,26475,15733,43.59732453624325,1.0,18.51213717182975,25.085187364413503,1058,1,26475,15733,43.59732453624325,1.0,18.51213717182975,25.085187364413503,1058,1,26475,15733,43.59732453624325,1.0,18.51213717182975,25.085187364413503,1058,1,26475,15733,43.59732453624325,1.0,18.51213717182975,25.085187364413503,1058,1,26475,15733,43.59732453624325,1.0,18.51213717182975,25.085187364413503,1058,1,26475,15733,43.59732453624325,1.0,18.51213717182975,25.085187364413503
vqe_uccsd_n8,chemistry,QASMBench 357b942,8,5284,5242,1144,1,5,5,SC5|p=0.002|r=30|rho=100,realistic,SC5,5,25,0.002,30.0,100,1,0.017467932906043773,0.0,0.031064157235436735,0.0001993039102874015,FEASIBLE/UNKNOWN,72.58,917,FEASIBLE,31.27,25.08197830519632,0.402,0.0,0.0,0.0,1144,0,28600,114400.0,202.38625393954393,1.0,19.983315244514078,182.40293869502986,2,915,22925,91700.0,174.66798832307447,1.0,28.4586397362367,146.20934858683776,2,915,22925,91700.0,174.66798832307447,1.0,28.4586397362367,146.20934858683776,0,919,22975,91900.0,175.07619534266394,1.0,28.547960499366358,146.52823484329758,2,915,22925,91700.0,174.66798832307447,1.0,28.4586397362367,146.20934858683776,1019,5,25600,102400.0,181.2249077248751,1.0,17.95514441743579,163.26976330743932,1019,5,25600,102400.0,181.2249077248751,1.0,17.95514441743579,163.26976330743932,1019,5,25600,102400.0,181.2249077248751,1.0,17.95514441743579,163.26976330743932,1019,5,25600,102400.0,181.2249077248751,1.0,17.95514441743579,163.26976330743932,1041,3,26100,104400.0,184.73593649893562,1.0,18.27731062689788,166.45862587203774,1041,3,26100,104400.0,184.73593649893562,1.0,18.27731062689788,166.45862587203774,1041,3,26100,104400.0,184.73593649893562,1.0,18.27731062689788,166.45862587203774,1041,3,26100,104400.0,184.73593649893562,1.0,18.27731062689788,166.45862587203774,1041,3,26100,104400.0,184.73593649893562,1.0,18.27731062689788,166.45862587203774,1041,3,26100,104400.0,184.73593649893562,1.0,18.27731062689788,166.45862587203774,1041,3,26100,104400.0,184.73593649893562,1.0,18.27731062689788,166.45862587203774,1041,3,26100,104400.0,184.73593649893562,1.0,18.27731062689788,166.45862587203774,1041,3,26100,104400.0,184.73593649893562,1.0,18.27731062689788,166.45862587203774,1041,3,26100,104400.0,184.73593649893562,1.0,18.27731062689788,166.45862587203774,1045,2,26175,104700.0,185.25307345801411,1.0,18.316118201286613,166.93695525672752,1058,1,26475,105900.0,187.36240996731632,1.0,18.51213717182975,168.85027279548657,1058,1,26475,105900.0,187.36240996731632,1.0,18.51213717182975,168.85027279548657,1058,1,26475,105900.0,187.36240996731632,1.0,18.51213717182975,168.85027279548657,1058,1,26475,105900.0,187.36240996731632,1.0,18.51213717182975,168.85027279548657,1058,1,26475,105900.0,187.36240996731632,1.0,18.51213717182975,168.85027279548657,1058,1,26475,105900.0,187.36240996731632,1.0,18.51213717182975,168.85027279548657,1058,1,26475,105900.0,187.36240996731632,1.0,18.51213717182975,168.85027279548657,1058,1,26475,105900.0,187.36240996731632,1.0,18.51213717182975,168.85027279548657,1058,1,26475,105900.0,187.36240996731632,1.0,18.51213717182975,168.85027279548657,1058,1,26475,105900.0,187.36240996731632,1.0,18.51213717182975,168.85027279548657,1058,1,26475,105900.0,187.36240996731632,1.0,18.51213717182975,168.85027279548657,1058,1,26475,105900.0,187.36240996731632,1.0,18.51213717182975,168.85027279548657,1058,1,26475,105900.0,187.36240996731632,1.0,18.51213717182975,168.85027279548657
vqe_uccsd_n8,chemistry,QASMBench 357b942,8,5284,5242,1144,1,5,5,SC7|p=0.001|r=10|rho=10,realistic,SC7,7,49,0.001,10.0,10,0,0.00013916666666666662,0.00010250000000000045,0.00027916666666666584,1.805555555555555e-06,FEASIBLE/UNKNOWN,72.8,917,FEASIBLE,31.23,0.7688342664875017,0.402,0.11672548645555132,0.3161290322580645,0.1977668433005299,1144,0,56056,15730,0.8107677777777795,0.5554833548300503,0.5835566666666685,0.22721111111111106,2,915,44933,18475,1.063981944444446,0.6549210144200697,0.797120833333335,0.26686111111111105,1045,2,51303,15736,0.8077827777777795,0.5541544903006145,0.5804850000000018,0.2272977777777777,0,919,45031,18487,1.0651986111111127,0.6553406052163648,0.7981641666666683,0.26703444444444435,2,915,44933,18475,1.063981944444446,0.6549210144200697,0.797120833333335,0.26686111111111105,1019,5,50176,15745,0.8077969444444462,0.5541608064005961,0.5803691666666685,0.22742777777777773,1019,5,50176,15745,0.8077969444444462,0.5541608064005961,0.5803691666666685,0.22742777777777773,1019,5,50176,15745,0.8077969444444462,0.5541608064005961,0.5803691666666685,0.22742777777777773,1019,5,50176,15745,0.8077969444444462,0.5541608064005961,0.5803691666666685,0.22742777777777773,1041,3,51156,15739,0.807958611111113,0.5542328779109573,0.5806175000000019,0.22734111111111105,1041,3,51156,15739,0.807958611111113,0.5542328779109573,0.5806175000000019,0.22734111111111105,1041,3,51156,15739,0.807958611111113,0.5542328779109573,0.5806175000000019,0.22734111111111105,1041,3,51156,15739,0.807958611111113,0.5542328779109573,0.5806175000000019,0.22734111111111105,1041,3,51156,15739,0.807958611111113,0.5542328779109573,0.5806175000000019,0.22734111111111105,1041,3,51156,15739,0.807958611111113,0.5542328779109573,0.5806175000000019,0.22734111111111105,1041,3,51156,15739,0.807958611111113,0.5542328779109573,0.5806175000000019,0.22734111111111105,1041,3,51156,15739,0.807958611111113,0.5542328779109573,0.5806175000000019,0.22734111111111105,1041,3,51156,15739,0.807958611111113,0.5542328779109573,0.5806175000000019,0.22734111111111105,1041,3,51156,15739,0.807958611111113,0.5542328779109573,0.5806175000000019,0.22734111111111105,1045,2,51303,15736,0.8077827777777795,0.5541544903006145,0.5804850000000018,0.2272977777777777,1058,1,51891,15733,0.8079369444444463,0.5542232195186799,0.5806825000000019,0.2272544444444444,1058,1,51891,15733,0.8079369444444463,0.5542232195186799,0.5806825000000019,0.2272544444444444,1058,1,51891,15733,0.8079369444444463,0.5542232195186799,0.5806825000000019,0.2272544444444444,1058,1,51891,15733,0.8079369444444463,0.5542232195186799,0.5806825000000019,0.2272544444444444,1058,1,51891,15733,0.8079369444444463,0.5542232195186799,0.5806825000000019,0.2272544444444444,1058,1,51891,15733,0.8079369444444463,0.5542232195186799,0.5806825000000019,0.2272544444444444,1058,1,51891,15733,0.8079369444444463,0.5542232195186799,0.5806825000000019,0.2272544444444444,1058,1,51891,15733,0.8079369444444463,0.5542232195186799,0.5806825000000019,0.2272544444444444,1058,1,51891,15733,0.8079369444444463,0.5542232195186799,0.5806825000000019,0.2272544444444444,1058,1,51891,15733,0.8079369444444463,0.5542232195186799,0.5806825000000019,0.2272544444444444,1058,1,51891,15733,0.8079369444444463,0.5542232195186799,0.5806825000000019,0.2272544444444444,1058,1,51891,15733,0.8079369444444463,0.5542232195186799,0.5806825000000019,0.2272544444444444,1058,1,51891,15733,0.8079369444444463,0.5542232195186799,0.5806825000000019,0.2272544444444444
vqe_uccsd_n8,chemistry,QASMBench 357b942,8,5284,5242,1144,1,5,5,SC7|p=0.001|r=10|rho=100,realistic,SC7,7,49,0.001,10.0,100,0,0.00013916666666666662,0.00010250000000000045,0.00027916666666666584,1.805555555555555e-06,FEASIBLE/UNKNOWN,72.38,917,FEASIBLE,31.38,0.7688342664875017,0.402,0.11314860740175506,0.311401386873085,0.1924678274034822,1144,0,56056,114400.0,2.236001111111112,0.893114927559759,0.5835566666666685,1.652444444444444,2,915,44933,91700.0,2.1216763888888903,0.8801694226098782,0.797120833333335,1.3245555555555553,1019,5,50176,102400.0,2.059480277777779,0.8724797722283606,0.5803691666666685,1.4791111111111108,0,919,45031,91900.0,2.1256086111111125,0.8806396978498547,0.7981641666666683,1.3274444444444442,2,915,44933,91700.0,2.1216763888888903,0.8801694226098782,0.797120833333335,1.3245555555555553,1019,5,50176,102400.0,2.059480277777779,0.8724797722283606,0.5803691666666685,1.4791111111111108,1019,5,50176,102400.0,2.059480277777779,0.8724797722283606,0.5803691666666685,1.4791111111111108,1019,5,50176,102400.0,2.059480277777779,0.8724797722283606,0.5803691666666685,1.4791111111111108,1019,5,50176,102400.0,2.059480277777779,0.8724797722283606,0.5803691666666685,1.4791111111111108,1041,3,51156,104400.0,2.0886175000000016,0.8761417484607896,0.5806175000000019,1.5079999999999996,1041,3,51156,104400.0,2.0886175000000016,0.8761417484607896,0.5806175000000019,1.5079999999999996,1041,3,51156,104400.0,2.0886175000000016,0.8761417484607896,0.5806175000000019,1.5079999999999996,1041,3,51156,104400.0,2.0886175000000016,0.8761417484607896,0.5806175000000019,1.5079999999999996,1041,3,51156,104400.0,2.0886175000000016,0.8761417484607896,0.5806175000000019,1.5079999999999996,1041,3,51156,104400.0,2.0886175000000016,0.8761417484607896,0.5806175000000019,1.5079999999999996,1041,3,51156,104400.0,2.0886175000000016,0.8761417484607896,0.5806175000000019,1.5079999999999996,1041,3,51156,104400.0,2.0886175000000016,0.8761417484607896,0.5806175000000019,1.5079999999999996,1041,3,51156,104400.0,2.0886175000000016,0.8761417484607896,0.5806175000000019,1.5079999999999996,1041,3,51156,104400.0,2.0886175000000016,0.8761417484607896,0.5806175000000019,1.5079999999999996,1045,2,51303,104700.0,2.0928183333333346,0.8766609649978448,0.5804850000000018,1.5123333333333329,1058,1,51891,105900.0,2.1103491666666683,0.8788043584335852,0.5806825000000019,1.5296666666666663,1058,1,51891,105900.0,2.1103491666666683,0.8788043584335852,0.5806825000000019,1.5296666666666663,1058,1,51891,105900.0,2.1103491666666683,0.8788043584335852,0.5806825000000019,1.5296666666666663,1058,1,51891,105900.0,2.1103491666666683,0.8788043584335852,0.5806825000000019,1.5296666666666663,1058,1,51891,105900.0,2.1103491666666683,0.8788043584335852,0.5806825000000019,1.5296666666666663,1058,1,51891,105900.0,2.1103491666666683,0.8788043584335852,0.5806825000000019,1.5296666666666663,1058,1,51891,105900.0,2.1103491666666683,0.8788043584335852,0.5806825000000019,1.5296666666666663,1058,1,51891,105900.0,2.1103491666666683,0.8788043584335852,0.5806825000000019,1.5296666666666663,1058,1,51891,105900.0,2.1103491666666683,0.8788043584335852,0.5806825000000019,1.5296666666666663,1058,1,51891,105900.0,2.1103491666666683,0.8788043584335852,0.5806825000000019,1.5296666666666663,1058,1,51891,105900.0,2.1103491666666683,0.8788043584335852,0.5806825000000019,1.5296666666666663,1058,1,51891,105900.0,2.1103491666666683,0.8788043584335852,0.5806825000000019,1.5296666666666663,1058,1,51891,105900.0,2.1103491666666683,0.8788043584335852,0.5806825000000019,1.5296666666666663
