workload,family,seed,n,schedule,C,B,T_static,T_exe,stall_cycles,slowdown,Delta_max,L_backlog,static_depth_penalty,Delta_reduction_vs_static,Texe_reduction_vs_static,Delta_reduction_vs_smooth,Texe_reduction_vs_smooth,Delta_reduction_vs_ca,Texe_reduction_vs_ca
constructed_high,high_compressibility,0,24,static,1,0,80,139,59,1.7375,59,68,1.0,0.0,0.0,0.0,-0.7375,0.0,0.007142857142857143
constructed_high,high_compressibility,0,24,capacity_aware,1,0,140,140,0,1.0,0,0,1.75,1.0,-0.007194244604316547,0.0,-0.75,0.0,0.0
constructed_high,high_compressibility,0,24,smooth,1,0,80,80,0,1.0,0,0,1.0,1.0,0.4244604316546763,0.0,0.0,0.0,0.42857142857142855
constructed_high,high_compressibility,0,24,delivery_aware,1,0,80,80,0,1.0,0,0,1.0,1.0,0.4244604316546763,0.0,0.0,0.0,0.42857142857142855
constructed_high,high_compressibility,0,24,static,1,4,80,135,55,1.6875,59,64,1.0,0.0,0.0,0.0,-0.6875,0.0,0.03571428571428571
constructed_high,high_compressibility,0,24,capacity_aware,1,4,140,140,0,1.0,0,0,1.75,1.0,-0.037037037037037035,0.0,-0.75,0.0,0.0
constructed_high,high_compressibility,0,24,smooth,1,4,80,80,0,1.0,0,0,1.0,1.0,0.4074074074074074,0.0,0.0,0.0,0.42857142857142855
constructed_high,high_compressibility,0,24,delivery_aware,1,4,80,81,1,1.0125,5,59,1.0,0.9152542372881356,0.4,0.0,-0.0125,0.0,0.42142857142857143
constructed_high,high_compressibility,0,24,static,1,8,80,131,51,1.6375,59,59,1.0,0.0,0.0,0.0,-0.6375,0.0,0.06428571428571428
constructed_high,high_compressibility,0,24,capacity_aware,1,8,140,140,0,1.0,0,0,1.75,1.0,-0.06870229007633588,0.0,-0.75,0.0,0.0
constructed_high,high_compressibility,0,24,smooth,1,8,80,80,0,1.0,0,0,1.0,1.0,0.3893129770992366,0.0,0.0,0.0,0.42857142857142855
constructed_high,high_compressibility,0,24,delivery_aware,1,8,80,81,1,1.0125,9,55,1.0,0.847457627118644,0.3816793893129771,0.0,-0.0125,0.0,0.42142857142857143
constructed_high,high_compressibility,0,24,static,1,12,80,127,47,1.5875,59,54,1.0,0.0,0.0,0.0,-0.5875,0.0,0.09285714285714286
constructed_high,high_compressibility,0,24,capacity_aware,1,12,140,140,0,1.0,0,0,1.75,1.0,-0.10236220472440945,0.0,-0.75,0.0,0.0
constructed_high,high_compressibility,0,24,smooth,1,12,80,80,0,1.0,0,0,1.0,1.0,0.3700787401574803,0.0,0.0,0.0,0.42857142857142855
constructed_high,high_compressibility,0,24,delivery_aware,1,12,80,81,1,1.0125,13,48,1.0,0.7796610169491526,0.36220472440944884,0.0,-0.0125,0.0,0.42142857142857143
constructed_high,high_compressibility,0,24,static,2,0,80,109,29,1.3625,57,31,1.0,0.0,0.0,0.0,-0.3625,0.0,0.00909090909090909
constructed_high,high_compressibility,0,24,capacity_aware,2,0,110,110,0,1.0,0,0,1.375,1.0,-0.009174311926605505,0.0,-0.375,0.0,0.0
constructed_high,high_compressibility,0,24,smooth,2,0,80,80,0,1.0,0,0,1.0,1.0,0.26605504587155965,0.0,0.0,0.0,0.2727272727272727
constructed_high,high_compressibility,0,24,delivery_aware,2,0,80,80,0,1.0,0,0,1.0,1.0,0.26605504587155965,0.0,0.0,0.0,0.2727272727272727
constructed_high,high_compressibility,0,24,static,2,4,80,107,27,1.3375,57,29,1.0,0.0,0.0,0.0,-0.3375,0.0,0.02727272727272727
constructed_high,high_compressibility,0,24,capacity_aware,2,4,110,110,0,1.0,0,0,1.375,1.0,-0.028037383177570093,0.0,-0.375,0.0,0.0
constructed_high,high_compressibility,0,24,smooth,2,4,80,80,0,1.0,0,0,1.0,1.0,0.2523364485981308,0.0,0.0,0.0,0.2727272727272727
constructed_high,high_compressibility,0,24,delivery_aware,2,4,80,81,1,1.0125,6,23,1.0,0.8947368421052632,0.24299065420560748,0.0,-0.0125,0.0,0.2636363636363636
constructed_high,high_compressibility,0,24,static,2,8,80,105,25,1.3125,57,26,1.0,0.0,0.0,0.0,-0.3125,0.0,0.045454545454545456
constructed_high,high_compressibility,0,24,capacity_aware,2,8,110,110,0,1.0,0,0,1.375,1.0,-0.047619047619047616,0.0,-0.375,0.0,0.0
constructed_high,high_compressibility,0,24,smooth,2,8,80,80,0,1.0,0,0,1.0,1.0,0.23809523809523808,0.0,0.0,0.0,0.2727272727272727
constructed_high,high_compressibility,0,24,delivery_aware,2,8,80,81,1,1.0125,10,21,1.0,0.8245614035087719,0.22857142857142856,0.0,-0.0125,0.0,0.2636363636363636
constructed_high,high_compressibility,0,24,static,2,12,80,103,23,1.2875,57,24,1.0,0.0,0.0,0.0,-0.2875,0.0,0.06363636363636363
constructed_high,high_compressibility,0,24,capacity_aware,2,12,110,110,0,1.0,0,0,1.375,1.0,-0.06796116504854369,0.0,-0.375,0.0,0.0
constructed_high,high_compressibility,0,24,smooth,2,12,80,80,0,1.0,0,0,1.0,1.0,0.22330097087378642,0.0,0.0,0.0,0.2727272727272727
constructed_high,high_compressibility,0,24,delivery_aware,2,12,80,81,1,1.0125,14,17,1.0,0.7543859649122807,0.21359223300970873,0.0,-0.0125,0.0,0.2636363636363636
constructed_high,high_compressibility,0,24,static,3,0,80,99,19,1.2375,55,19,1.0,0.0,0.0,0.0,-0.2375,0.0,0.01
constructed_high,high_compressibility,0,24,capacity_aware,3,0,100,100,0,1.0,0,0,1.25,1.0,-0.010101010101010102,0.0,-0.25,0.0,0.0
constructed_high,high_compressibility,0,24,smooth,3,0,80,80,0,1.0,0,0,1.0,1.0,0.1919191919191919,0.0,0.0,0.0,0.2
constructed_high,high_compressibility,0,24,delivery_aware,3,0,80,80,0,1.0,0,0,1.0,1.0,0.1919191919191919,0.0,0.0,0.0,0.2
constructed_high,high_compressibility,0,24,static,3,4,80,97,17,1.2125,55,18,1.0,0.0,0.0,0.0,-0.2125,0.0,0.03
constructed_high,high_compressibility,0,24,capacity_aware,3,4,100,100,0,1.0,0,0,1.25,1.0,-0.030927835051546393,0.0,-0.25,0.0,0.0
constructed_high,high_compressibility,0,24,smooth,3,4,80,80,0,1.0,0,0,1.0,1.0,0.17525773195876287,0.0,0.0,0.0,0.2
constructed_high,high_compressibility,0,24,delivery_aware,3,4,80,81,1,1.0125,7,11,1.0,0.8727272727272727,0.16494845360824742,0.0,-0.0125,0.0,0.19
constructed_high,high_compressibility,0,24,static,3,8,80,96,16,1.2,55,17,1.0,0.0,0.0,0.0,-0.2,0.0,0.04
constructed_high,high_compressibility,0,24,capacity_aware,3,8,100,100,0,1.0,0,0,1.25,1.0,-0.041666666666666664,0.0,-0.25,0.0,0.0
constructed_high,high_compressibility,0,24,smooth,3,8,80,80,0,1.0,0,0,1.0,1.0,0.16666666666666666,0.0,0.0,0.0,0.2
constructed_high,high_compressibility,0,24,delivery_aware,3,8,80,81,1,1.0125,11,12,1.0,0.8,0.15625,0.0,-0.0125,0.0,0.19
constructed_high,high_compressibility,0,24,static,3,12,80,95,15,1.1875,55,15,1.0,0.0,0.0,0.0,-0.1875,0.0,0.05
constructed_high,high_compressibility,0,24,capacity_aware,3,12,100,100,0,1.0,0,0,1.25,1.0,-0.05263157894736842,0.0,-0.25,0.0,0.0
constructed_high,high_compressibility,0,24,smooth,3,12,80,80,0,1.0,0,0,1.0,1.0,0.15789473684210525,0.0,0.0,0.0,0.2
constructed_high,high_compressibility,0,24,delivery_aware,3,12,80,81,1,1.0125,15,8,1.0,0.7272727272727273,0.14736842105263157,0.0,-0.0125,0.0,0.19
constructed_high,high_compressibility,0,24,static,4,0,80,94,14,1.175,53,14,1.0,0.0,0.0,0.0,-0.175,0.0,0.010526315789473684
constructed_high,high_compressibility,0,24,capacity_aware,4,0,95,95,0,1.0,0,0,1.1875,1.0,-0.010638297872340425,0.0,-0.1875,0.0,0.0
constructed_high,high_compressibility,0,24,smooth,4,0,80,80,0,1.0,0,0,1.0,1.0,0.14893617021276595,0.0,0.0,0.0,0.15789473684210525
constructed_high,high_compressibility,0,24,delivery_aware,4,0,80,80,0,1.0,0,0,1.0,1.0,0.14893617021276595,0.0,0.0,0.0,0.15789473684210525
constructed_high,high_compressibility,0,24,static,4,4,80,93,13,1.1625,53,13,1.0,0.0,0.0,0.0,-0.1625,0.0,0.021052631578947368
constructed_high,high_compressibility,0,24,capacity_aware,4,4,95,95,0,1.0,0,0,1.1875,1.0,-0.021505376344086023,0.0,-0.1875,0.0,0.0
constructed_high,high_compressibility,0,24,smooth,4,4,80,80,0,1.0,0,0,1.0,1.0,0.13978494623655913,0.0,0.0,0.0,0.15789473684210525
constructed_high,high_compressibility,0,24,delivery_aware,4,4,80,81,1,1.0125,8,5,1.0,0.8490566037735849,0.12903225806451613,0.0,-0.0125,0.0,0.14736842105263157
constructed_high,high_compressibility,0,24,static,4,8,80,92,12,1.15,53,12,1.0,0.0,0.0,0.0,-0.15,0.0,0.031578947368421054
constructed_high,high_compressibility,0,24,capacity_aware,4,8,95,95,0,1.0,0,0,1.1875,1.0,-0.03260869565217391,0.0,-0.1875,0.0,0.0
constructed_high,high_compressibility,0,24,smooth,4,8,80,80,0,1.0,0,0,1.0,1.0,0.13043478260869565,0.0,0.0,0.0,0.15789473684210525
constructed_high,high_compressibility,0,24,delivery_aware,4,8,80,81,1,1.0125,12,6,1.0,0.7735849056603774,0.11956521739130435,0.0,-0.0125,0.0,0.14736842105263157
constructed_high,high_compressibility,0,24,static,4,12,80,91,11,1.1375,53,11,1.0,0.0,0.0,0.0,-0.1375,0.0,0.042105263157894736
constructed_high,high_compressibility,0,24,capacity_aware,4,12,95,95,0,1.0,0,0,1.1875,1.0,-0.04395604395604396,0.0,-0.1875,0.0,0.0
constructed_high,high_compressibility,0,24,smooth,4,12,80,80,0,1.0,0,0,1.0,1.0,0.12087912087912088,0.0,0.0,0.0,0.15789473684210525
constructed_high,high_compressibility,0,24,delivery_aware,4,12,80,81,1,1.0125,16,3,1.0,0.6981132075471698,0.10989010989010989,0.0,-0.0125,0.0,0.14736842105263157
constructed_high,high_compressibility,0,24,static,5,0,80,91,11,1.1375,51,11,1.0,0.0,0.0,0.0,-0.1375,0.0,0.010869565217391304
constructed_high,high_compressibility,0,24,capacity_aware,5,0,92,92,0,1.0,0,0,1.15,1.0,-0.01098901098901099,0.0,-0.15,0.0,0.0
constructed_high,high_compressibility,0,24,smooth,5,0,80,80,0,1.0,0,0,1.0,1.0,0.12087912087912088,0.0,0.0,0.0,0.13043478260869565
constructed_high,high_compressibility,0,24,delivery_aware,5,0,80,80,0,1.0,0,0,1.0,1.0,0.12087912087912088,0.0,0.0,0.0,0.13043478260869565
constructed_high,high_compressibility,0,24,static,5,4,80,90,10,1.125,51,10,1.0,0.0,0.0,0.0,-0.125,0.0,0.021739130434782608
constructed_high,high_compressibility,0,24,capacity_aware,5,4,92,92,0,1.0,0,0,1.15,1.0,-0.022222222222222223,0.0,-0.15,0.0,0.0
constructed_high,high_compressibility,0,24,smooth,5,4,80,80,0,1.0,0,0,1.0,1.0,0.1111111111111111,0.0,0.0,0.0,0.13043478260869565
constructed_high,high_compressibility,0,24,delivery_aware,5,4,80,81,1,1.0125,5,1,1.0,0.9019607843137255,0.1,0.0,-0.0125,0.0,0.11956521739130435
constructed_high,high_compressibility,0,24,static,5,8,80,89,9,1.1125,51,9,1.0,0.0,0.0,0.0,-0.1125,0.0,0.03260869565217391
constructed_high,high_compressibility,0,24,capacity_aware,5,8,92,92,0,1.0,0,0,1.15,1.0,-0.033707865168539325,0.0,-0.15,0.0,0.0
constructed_high,high_compressibility,0,24,smooth,5,8,80,80,0,1.0,0,0,1.0,1.0,0.10112359550561797,0.0,0.0,0.0,0.13043478260869565
constructed_high,high_compressibility,0,24,delivery_aware,5,8,80,81,1,1.0125,12,3,1.0,0.7647058823529411,0.0898876404494382,0.0,-0.0125,0.0,0.11956521739130435
constructed_high,high_compressibility,0,24,static,5,12,80,88,8,1.1,51,8,1.0,0.0,0.0,0.0,-0.1,0.0,0.043478260869565216
constructed_high,high_compressibility,0,24,capacity_aware,5,12,92,92,0,1.0,0,0,1.15,1.0,-0.045454545454545456,0.0,-0.15,0.0,0.0
constructed_high,high_compressibility,0,24,smooth,5,12,80,80,0,1.0,0,0,1.0,1.0,0.09090909090909091,0.0,0.0,0.0,0.13043478260869565
constructed_high,high_compressibility,0,24,delivery_aware,5,12,80,80,0,1.0,12,0,1.0,0.7647058823529411,0.09090909090909091,0.0,0.0,0.0,0.13043478260869565
constructed_medium,medium_compressibility,0,24,static,1,0,73,94,21,1.2876712328767124,21,44,1.0,0.0,0.0,-0.5,-0.08045977011494253,0.0,0.050505050505050504
constructed_medium,medium_compressibility,0,24,capacity_aware,1,0,99,99,0,1.0,0,0,1.356164383561644,1.0,-0.05319148936170213,1.0,-0.13793103448275862,0.0,0.0
constructed_medium,medium_compressibility,0,24,smooth,1,0,73,87,14,1.1917808219178083,14,30,1.0,0.3333333333333333,0.07446808510638298,0.0,0.0,0.0,0.12121212121212122
constructed_medium,medium_compressibility,0,24,delivery_aware,1,0,73,87,14,1.1917808219178083,14,33,1.0,0.3333333333333333,0.07446808510638298,0.0,0.0,0.0,0.12121212121212122
constructed_medium,medium_compressibility,0,24,static,1,4,73,90,17,1.2328767123287672,21,37,1.0,0.0,0.0,-0.5,-0.08433734939759036,0.0,0.09090909090909091
constructed_medium,medium_compressibility,0,24,capacity_aware,1,4,99,99,0,1.0,0,0,1.356164383561644,1.0,-0.1,1.0,-0.1927710843373494,0.0,0.0
constructed_medium,medium_compressibility,0,24,smooth,1,4,73,83,10,1.1369863013698631,14,20,1.0,0.3333333333333333,0.07777777777777778,0.0,0.0,0.0,0.16161616161616163
constructed_medium,medium_compressibility,0,24,delivery_aware,1,4,73,83,10,1.1369863013698631,14,33,1.0,0.3333333333333333,0.07777777777777778,0.0,0.0,0.0,0.16161616161616163
constructed_medium,medium_compressibility,0,24,static,1,8,73,86,13,1.178082191780822,21,26,1.0,0.0,0.0,-0.5,-0.08860759493670886,0.0,0.13131313131313133
constructed_medium,medium_compressibility,0,24,capacity_aware,1,8,99,99,0,1.0,0,0,1.356164383561644,1.0,-0.1511627906976744,1.0,-0.25316455696202533,0.0,0.0
constructed_medium,medium_compressibility,0,24,smooth,1,8,73,79,6,1.082191780821918,14,12,1.0,0.3333333333333333,0.08139534883720931,0.0,0.0,0.0,0.20202020202020202
constructed_medium,medium_compressibility,0,24,delivery_aware,1,8,73,79,6,1.082191780821918,14,25,1.0,0.3333333333333333,0.08139534883720931,0.0,0.0,0.0,0.20202020202020202
constructed_medium,medium_compressibility,0,24,static,1,12,73,82,9,1.1232876712328768,21,17,1.0,0.0,0.0,-0.5,-0.09333333333333334,0.0,0.1717171717171717
constructed_medium,medium_compressibility,0,24,capacity_aware,1,12,99,99,0,1.0,0,0,1.356164383561644,1.0,-0.2073170731707317,1.0,-0.32,0.0,0.0
constructed_medium,medium_compressibility,0,24,smooth,1,12,73,75,2,1.0273972602739727,14,2,1.0,0.3333333333333333,0.08536585365853659,0.0,0.0,0.0,0.24242424242424243
constructed_medium,medium_compressibility,0,24,delivery_aware,1,12,73,75,2,1.0273972602739727,14,16,1.0,0.3333333333333333,0.08536585365853659,0.0,0.0,0.0,0.24242424242424243
constructed_medium,medium_compressibility,0,24,static,2,0,73,75,2,1.0273972602739727,4,4,1.0,0.0,0.0,0.0,-0.0273972602739726,0.0,0.07407407407407407
constructed_medium,medium_compressibility,0,24,capacity_aware,2,0,81,81,0,1.0,0,0,1.1095890410958904,1.0,-0.08,0.0,-0.1095890410958904,0.0,0.0
constructed_medium,medium_compressibility,0,24,smooth,2,0,73,73,0,1.0,0,0,1.0,1.0,0.02666666666666667,0.0,0.0,0.0,0.09876543209876543
constructed_medium,medium_compressibility,0,24,delivery_aware,2,0,73,73,0,1.0,0,0,1.0,1.0,0.02666666666666667,0.0,0.0,0.0,0.09876543209876543
constructed_medium,medium_compressibility,0,24,static,2,4,73,73,0,1.0,4,0,1.0,0.0,0.0,0.0,0.0,0.0,0.09876543209876543
constructed_medium,medium_compressibility,0,24,capacity_aware,2,4,81,81,0,1.0,0,0,1.1095890410958904,1.0,-0.1095890410958904,0.0,-0.1095890410958904,0.0,0.0
constructed_medium,medium_compressibility,0,24,smooth,2,4,73,73,0,1.0,0,0,1.0,1.0,0.0,0.0,0.0,0.0,0.09876543209876543
constructed_medium,medium_compressibility,0,24,delivery_aware,2,4,73,73,0,1.0,0,0,1.0,1.0,0.0,0.0,0.0,0.0,0.09876543209876543
constructed_medium,medium_compressibility,0,24,static,2,8,73,73,0,1.0,4,0,1.0,0.0,0.0,0.0,0.0,0.0,0.09876543209876543
constructed_medium,medium_compressibility,0,24,capacity_aware,2,8,81,81,0,1.0,0,0,1.1095890410958904,1.0,-0.1095890410958904,0.0,-0.1095890410958904,0.0,0.0
constructed_medium,medium_compressibility,0,24,smooth,2,8,73,73,0,1.0,0,0,1.0,1.0,0.0,0.0,0.0,0.0,0.09876543209876543
constructed_medium,medium_compressibility,0,24,delivery_aware,2,8,73,73,0,1.0,2,0,1.0,0.5,0.0,0.0,0.0,0.0,0.09876543209876543
constructed_medium,medium_compressibility,0,24,static,2,12,73,73,0,1.0,4,0,1.0,0.0,0.0,0.0,0.0,0.0,0.09876543209876543
constructed_medium,medium_compressibility,0,24,capacity_aware,2,12,81,81,0,1.0,0,0,1.1095890410958904,1.0,-0.1095890410958904,0.0,-0.1095890410958904,0.0,0.0
constructed_medium,medium_compressibility,0,24,smooth,2,12,73,73,0,1.0,0,0,1.0,1.0,0.0,0.0,0.0,0.0,0.09876543209876543
constructed_medium,medium_compressibility,0,24,delivery_aware,2,12,73,73,0,1.0,2,0,1.0,0.5,0.0,0.0,0.0,0.0,0.09876543209876543
constructed_medium,medium_compressibility,0,24,static,3,0,73,74,1,1.0136986301369864,2,1,1.0,0.0,0.0,0.0,-0.0136986301369863,0.0,0.05128205128205128
constructed_medium,medium_compressibility,0,24,capacity_aware,3,0,78,78,0,1.0,0,0,1.0684931506849316,1.0,-0.05405405405405406,0.0,-0.0684931506849315,0.0,0.0
constructed_medium,medium_compressibility,0,24,smooth,3,0,73,73,0,1.0,0,0,1.0,1.0,0.013513513513513514,0.0,0.0,0.0,0.0641025641025641
constructed_medium,medium_compressibility,0,24,delivery_aware,3,0,73,73,0,1.0,0,0,1.0,1.0,0.013513513513513514,0.0,0.0,0.0,0.0641025641025641
constructed_medium,medium_compressibility,0,24,static,3,4,73,73,0,1.0,2,0,1.0,0.0,0.0,0.0,0.0,0.0,0.0641025641025641
constructed_medium,medium_compressibility,0,24,capacity_aware,3,4,78,78,0,1.0,0,0,1.0684931506849316,1.0,-0.0684931506849315,0.0,-0.0684931506849315,0.0,0.0
constructed_medium,medium_compressibility,0,24,smooth,3,4,73,73,0,1.0,0,0,1.0,1.0,0.0,0.0,0.0,0.0,0.0641025641025641
constructed_medium,medium_compressibility,0,24,delivery_aware,3,4,73,73,0,1.0,0,0,1.0,1.0,0.0,0.0,0.0,0.0,0.0641025641025641
constructed_medium,medium_compressibility,0,24,static,3,8,73,73,0,1.0,2,0,1.0,0.0,0.0,0.0,0.0,0.0,0.0641025641025641
constructed_medium,medium_compressibility,0,24,capacity_aware,3,8,78,78,0,1.0,0,0,1.0684931506849316,1.0,-0.0684931506849315,0.0,-0.0684931506849315,0.0,0.0
constructed_medium,medium_compressibility,0,24,smooth,3,8,73,73,0,1.0,0,0,1.0,1.0,0.0,0.0,0.0,0.0,0.0641025641025641
constructed_medium,medium_compressibility,0,24,delivery_aware,3,8,73,73,0,1.0,0,0,1.0,1.0,0.0,0.0,0.0,0.0,0.0641025641025641
constructed_medium,medium_compressibility,0,24,static,3,12,73,73,0,1.0,2,0,1.0,0.0,0.0,0.0,0.0,0.0,0.0641025641025641
constructed_medium,medium_compressibility,0,24,capacity_aware,3,12,78,78,0,1.0,0,0,1.0684931506849316,1.0,-0.0684931506849315,0.0,-0.0684931506849315,0.0,0.0
constructed_medium,medium_compressibility,0,24,smooth,3,12,73,73,0,1.0,0,0,1.0,1.0,0.0,0.0,0.0,0.0,0.0641025641025641
constructed_medium,medium_compressibility,0,24,delivery_aware,3,12,73,73,0,1.0,0,0,1.0,1.0,0.0,0.0,0.0,0.0,0.0641025641025641
constructed_medium,medium_compressibility,0,24,static,4,0,73,73,0,1.0,0,0,1.0,0.0,0.0,0.0,0.0,0.0,0.02666666666666667
constructed_medium,medium_compressibility,0,24,capacity_aware,4,0,75,75,0,1.0,0,0,1.0273972602739727,0.0,-0.0273972602739726,0.0,-0.0273972602739726,0.0,0.0
constructed_medium,medium_compressibility,0,24,smooth,4,0,73,73,0,1.0,0,0,1.0,0.0,0.0,0.0,0.0,0.0,0.02666666666666667
constructed_medium,medium_compressibility,0,24,delivery_aware,4,0,73,73,0,1.0,0,0,1.0,0.0,0.0,0.0,0.0,0.0,0.02666666666666667
constructed_medium,medium_compressibility,0,24,static,4,4,73,73,0,1.0,0,0,1.0,0.0,0.0,0.0,0.0,0.0,0.02666666666666667
constructed_medium,medium_compressibility,0,24,capacity_aware,4,4,75,75,0,1.0,0,0,1.0273972602739727,0.0,-0.0273972602739726,0.0,-0.0273972602739726,0.0,0.0
constructed_medium,medium_compressibility,0,24,smooth,4,4,73,73,0,1.0,0,0,1.0,0.0,0.0,0.0,0.0,0.0,0.02666666666666667
constructed_medium,medium_compressibility,0,24,delivery_aware,4,4,73,73,0,1.0,0,0,1.0,0.0,0.0,0.0,0.0,0.0,0.02666666666666667
constructed_medium,medium_compressibility,0,24,static,4,8,73,73,0,1.0,0,0,1.0,0.0,0.0,0.0,0.0,0.0,0.02666666666666667
constructed_medium,medium_compressibility,0,24,capacity_aware,4,8,75,75,0,1.0,0,0,1.0273972602739727,0.0,-0.0273972602739726,0.0,-0.0273972602739726,0.0,0.0
constructed_medium,medium_compressibility,0,24,smooth,4,8,73,73,0,1.0,0,0,1.0,0.0,0.0,0.0,0.0,0.0,0.02666666666666667
constructed_medium,medium_compressibility,0,24,delivery_aware,4,8,73,73,0,1.0,0,0,1.0,0.0,0.0,0.0,0.0,0.0,0.02666666666666667
constructed_medium,medium_compressibility,0,24,static,4,12,73,73,0,1.0,0,0,1.0,0.0,0.0,0.0,0.0,0.0,0.02666666666666667
constructed_medium,medium_compressibility,0,24,capacity_aware,4,12,75,75,0,1.0,0,0,1.0273972602739727,0.0,-0.0273972602739726,0.0,-0.0273972602739726,0.0,0.0
constructed_medium,medium_compressibility,0,24,smooth,4,12,73,73,0,1.0,0,0,1.0,0.0,0.0,0.0,0.0,0.0,0.02666666666666667
constructed_medium,medium_compressibility,0,24,delivery_aware,4,12,73,73,0,1.0,0,0,1.0,0.0,0.0,0.0,0.0,0.0,0.02666666666666667
constructed_medium,medium_compressibility,0,24,static,5,0,73,73,0,1.0,0,0,1.0,0.0,0.0,0.0,0.0,0.0,0.02666666666666667
constructed_medium,medium_compressibility,0,24,capacity_aware,5,0,75,75,0,1.0,0,0,1.0273972602739727,0.0,-0.0273972602739726,0.0,-0.0273972602739726,0.0,0.0
constructed_medium,medium_compressibility,0,24,smooth,5,0,73,73,0,1.0,0,0,1.0,0.0,0.0,0.0,0.0,0.0,0.02666666666666667
constructed_medium,medium_compressibility,0,24,delivery_aware,5,0,73,73,0,1.0,0,0,1.0,0.0,0.0,0.0,0.0,0.0,0.02666666666666667
constructed_medium,medium_compressibility,0,24,static,5,4,73,73,0,1.0,0,0,1.0,0.0,0.0,0.0,0.0,0.0,0.02666666666666667
constructed_medium,medium_compressibility,0,24,capacity_aware,5,4,75,75,0,1.0,0,0,1.0273972602739727,0.0,-0.0273972602739726,0.0,-0.0273972602739726,0.0,0.0
constructed_medium,medium_compressibility,0,24,smooth,5,4,73,73,0,1.0,0,0,1.0,0.0,0.0,0.0,0.0,0.0,0.02666666666666667
constructed_medium,medium_compressibility,0,24,delivery_aware,5,4,73,73,0,1.0,0,0,1.0,0.0,0.0,0.0,0.0,0.0,0.02666666666666667
constructed_medium,medium_compressibility,0,24,static,5,8,73,73,0,1.0,0,0,1.0,0.0,0.0,0.0,0.0,0.0,0.02666666666666667
constructed_medium,medium_compressibility,0,24,capacity_aware,5,8,75,75,0,1.0,0,0,1.0273972602739727,0.0,-0.0273972602739726,0.0,-0.0273972602739726,0.0,0.0
constructed_medium,medium_compressibility,0,24,smooth,5,8,73,73,0,1.0,0,0,1.0,0.0,0.0,0.0,0.0,0.0,0.02666666666666667
constructed_medium,medium_compressibility,0,24,delivery_aware,5,8,73,73,0,1.0,0,0,1.0,0.0,0.0,0.0,0.0,0.0,0.02666666666666667
constructed_medium,medium_compressibility,0,24,static,5,12,73,73,0,1.0,0,0,1.0,0.0,0.0,0.0,0.0,0.0,0.02666666666666667
constructed_medium,medium_compressibility,0,24,capacity_aware,5,12,75,75,0,1.0,0,0,1.0273972602739727,0.0,-0.0273972602739726,0.0,-0.0273972602739726,0.0,0.0
constructed_medium,medium_compressibility,0,24,smooth,5,12,73,73,0,1.0,0,0,1.0,0.0,0.0,0.0,0.0,0.0,0.02666666666666667
constructed_medium,medium_compressibility,0,24,delivery_aware,5,12,73,73,0,1.0,0,0,1.0,0.0,0.0,0.0,0.0,0.0,0.02666666666666667
constructed_low,low_compressibility,0,24,static,1,0,110,110,0,1.0,0,0,1.0,0.0,0.0,0.0,0.0,0.0,0.0
constructed_low,low_compressibility,0,24,capacity_aware,1,0,110,110,0,1.0,0,0,1.0,0.0,0.0,0.0,0.0,0.0,0.0
constructed_low,low_compressibility,0,24,smooth,1,0,110,110,0,1.0,0,0,1.0,0.0,0.0,0.0,0.0,0.0,0.0
constructed_low,low_compressibility,0,24,delivery_aware,1,0,110,110,0,1.0,0,0,1.0,0.0,0.0,0.0,0.0,0.0,0.0
constructed_low,low_compressibility,0,24,static,1,4,110,110,0,1.0,0,0,1.0,0.0,0.0,0.0,0.0,0.0,0.0
constructed_low,low_compressibility,0,24,capacity_aware,1,4,110,110,0,1.0,0,0,1.0,0.0,0.0,0.0,0.0,0.0,0.0
constructed_low,low_compressibility,0,24,smooth,1,4,110,110,0,1.0,0,0,1.0,0.0,0.0,0.0,0.0,0.0,0.0
constructed_low,low_compressibility,0,24,delivery_aware,1,4,110,110,0,1.0,0,0,1.0,0.0,0.0,0.0,0.0,0.0,0.0
constructed_low,low_compressibility,0,24,static,1,8,110,110,0,1.0,0,0,1.0,0.0,0.0,0.0,0.0,0.0,0.0
constructed_low,low_compressibility,0,24,capacity_aware,1,8,110,110,0,1.0,0,0,1.0,0.0,0.0,0.0,0.0,0.0,0.0
constructed_low,low_compressibility,0,24,smooth,1,8,110,110,0,1.0,0,0,1.0,0.0,0.0,0.0,0.0,0.0,0.0
constructed_low,low_compressibility,0,24,delivery_aware,1,8,110,110,0,1.0,0,0,1.0,0.0,0.0,0.0,0.0,0.0,0.0
constructed_low,low_compressibility,0,24,static,1,12,110,110,0,1.0,0,0,1.0,0.0,0.0,0.0,0.0,0.0,0.0
constructed_low,low_compressibility,0,24,capacity_aware,1,12,110,110,0,1.0,0,0,1.0,0.0,0.0,0.0,0.0,0.0,0.0
constructed_low,low_compressibility,0,24,smooth,1,12,110,110,0,1.0,0,0,1.0,0.0,0.0,0.0,0.0,0.0,0.0
constructed_low,low_compressibility,0,24,delivery_aware,1,12,110,110,0,1.0,0,0,1.0,0.0,0.0,0.0,0.0,0.0,0.0
constructed_low,low_compressibility,0,24,static,2,0,110,110,0,1.0,0,0,1.0,0.0,0.0,0.0,0.0,0.0,0.0
constructed_low,low_compressibility,0,24,capacity_aware,2,0,110,110,0,1.0,0,0,1.0,0.0,0.0,0.0,0.0,0.0,0.0
constructed_low,low_compressibility,0,24,smooth,2,0,110,110,0,1.0,0,0,1.0,0.0,0.0,0.0,0.0,0.0,0.0
constructed_low,low_compressibility,0,24,delivery_aware,2,0,110,110,0,1.0,0,0,1.0,0.0,0.0,0.0,0.0,0.0,0.0
constructed_low,low_compressibility,0,24,static,2,4,110,110,0,1.0,0,0,1.0,0.0,0.0,0.0,0.0,0.0,0.0
constructed_low,low_compressibility,0,24,capacity_aware,2,4,110,110,0,1.0,0,0,1.0,0.0,0.0,0.0,0.0,0.0,0.0
constructed_low,low_compressibility,0,24,smooth,2,4,110,110,0,1.0,0,0,1.0,0.0,0.0,0.0,0.0,0.0,0.0
constructed_low,low_compressibility,0,24,delivery_aware,2,4,110,110,0,1.0,0,0,1.0,0.0,0.0,0.0,0.0,0.0,0.0
constructed_low,low_compressibility,0,24,static,2,8,110,110,0,1.0,0,0,1.0,0.0,0.0,0.0,0.0,0.0,0.0
constructed_low,low_compressibility,0,24,capacity_aware,2,8,110,110,0,1.0,0,0,1.0,0.0,0.0,0.0,0.0,0.0,0.0
constructed_low,low_compressibility,0,24,smooth,2,8,110,110,0,1.0,0,0,1.0,0.0,0.0,0.0,0.0,0.0,0.0
constructed_low,low_compressibility,0,24,delivery_aware,2,8,110,110,0,1.0,0,0,1.0,0.0,0.0,0.0,0.0,0.0,0.0
constructed_low,low_compressibility,0,24,static,2,12,110,110,0,1.0,0,0,1.0,0.0,0.0,0.0,0.0,0.0,0.0
constructed_low,low_compressibility,0,24,capacity_aware,2,12,110,110,0,1.0,0,0,1.0,0.0,0.0,0.0,0.0,0.0,0.0
constructed_low,low_compressibility,0,24,smooth,2,12,110,110,0,1.0,0,0,1.0,0.0,0.0,0.0,0.0,0.0,0.0
constructed_low,low_compressibility,0,24,delivery_aware,2,12,110,110,0,1.0,0,0,1.0,0.0,0.0,0.0,0.0,0.0,0.0
constructed_low,low_compressibility,0,24,static,3,0,110,110,0,1.0,0,0,1.0,0.0,0.0,0.0,0.0,0.0,0.0
constructed_low,low_compressibility,0,24,capacity_aware,3,0,110,110,0,1.0,0,0,1.0,0.0,0.0,0.0,0.0,0.0,0.0
constructed_low,low_compressibility,0,24,smooth,3,0,110,110,0,1.0,0,0,1.0,0.0,0.0,0.0,0.0,0.0,0.0
constructed_low,low_compressibility,0,24,delivery_aware,3,0,110,110,0,1.0,0,0,1.0,0.0,0.0,0.0,0.0,0.0,0.0
constructed_low,low_compressibility,0,24,static,3,4,110,110,0,1.0,0,0,1.0,0.0,0.0,0.0,0.0,0.0,0.0
constructed_low,low_compressibility,0,24,capacity_aware,3,4,110,110,0,1.0,0,0,1.0,0.0,0.0,0.0,0.0,0.0,0.0
constructed_low,low_compressibility,0,24,smooth,3,4,110,110,0,1.0,0,0,1.0,0.0,0.0,0.0,0.0,0.0,0.0
constructed_low,low_compressibility,0,24,delivery_aware,3,4,110,110,0,1.0,0,0,1.0,0.0,0.0,0.0,0.0,0.0,0.0
constructed_low,low_compressibility,0,24,static,3,8,110,110,0,1.0,0,0,1.0,0.0,0.0,0.0,0.0,0.0,0.0
constructed_low,low_compressibility,0,24,capacity_aware,3,8,110,110,0,1.0,0,0,1.0,0.0,0.0,0.0,0.0,0.0,0.0
constructed_low,low_compressibility,0,24,smooth,3,8,110,110,0,1.0,0,0,1.0,0.0,0.0,0.0,0.0,0.0,0.0
constructed_low,low_compressibility,0,24,delivery_aware,3,8,110,110,0,1.0,0,0,1.0,0.0,0.0,0.0,0.0,0.0,0.0
constructed_low,low_compressibility,0,24,static,3,12,110,110,0,1.0,0,0,1.0,0.0,0.0,0.0,0.0,0.0,0.0
constructed_low,low_compressibility,0,24,capacity_aware,3,12,110,110,0,1.0,0,0,1.0,0.0,0.0,0.0,0.0,0.0,0.0
constructed_low,low_compressibility,0,24,smooth,3,12,110,110,0,1.0,0,0,1.0,0.0,0.0,0.0,0.0,0.0,0.0
constructed_low,low_compressibility,0,24,delivery_aware,3,12,110,110,0,1.0,0,0,1.0,0.0,0.0,0.0,0.0,0.0,0.0
constructed_low,low_compressibility,0,24,static,4,0,110,110,0,1.0,0,0,1.0,0.0,0.0,0.0,0.0,0.0,0.0
constructed_low,low_compressibility,0,24,capacity_aware,4,0,110,110,0,1.0,0,0,1.0,0.0,0.0,0.0,0.0,0.0,0.0
constructed_low,low_compressibility,0,24,smooth,4,0,110,110,0,1.0,0,0,1.0,0.0,0.0,0.0,0.0,0.0,0.0
constructed_low,low_compressibility,0,24,delivery_aware,4,0,110,110,0,1.0,0,0,1.0,0.0,0.0,0.0,0.0,0.0,0.0
constructed_low,low_compressibility,0,24,static,4,4,110,110,0,1.0,0,0,1.0,0.0,0.0,0.0,0.0,0.0,0.0
constructed_low,low_compressibility,0,24,capacity_aware,4,4,110,110,0,1.0,0,0,1.0,0.0,0.0,0.0,0.0,0.0,0.0
constructed_low,low_compressibility,0,24,smooth,4,4,110,110,0,1.0,0,0,1.0,0.0,0.0,0.0,0.0,0.0,0.0
constructed_low,low_compressibility,0,24,delivery_aware,4,4,110,110,0,1.0,0,0,1.0,0.0,0.0,0.0,0.0,0.0,0.0
constructed_low,low_compressibility,0,24,static,4,8,110,110,0,1.0,0,0,1.0,0.0,0.0,0.0,0.0,0.0,0.0
constructed_low,low_compressibility,0,24,capacity_aware,4,8,110,110,0,1.0,0,0,1.0,0.0,0.0,0.0,0.0,0.0,0.0
constructed_low,low_compressibility,0,24,smooth,4,8,110,110,0,1.0,0,0,1.0,0.0,0.0,0.0,0.0,0.0,0.0
constructed_low,low_compressibility,0,24,delivery_aware,4,8,110,110,0,1.0,0,0,1.0,0.0,0.0,0.0,0.0,0.0,0.0
constructed_low,low_compressibility,0,24,static,4,12,110,110,0,1.0,0,0,1.0,0.0,0.0,0.0,0.0,0.0,0.0
constructed_low,low_compressibility,0,24,capacity_aware,4,12,110,110,0,1.0,0,0,1.0,0.0,0.0,0.0,0.0,0.0,0.0
constructed_low,low_compressibility,0,24,smooth,4,12,110,110,0,1.0,0,0,1.0,0.0,0.0,0.0,0.0,0.0,0.0
constructed_low,low_compressibility,0,24,delivery_aware,4,12,110,110,0,1.0,0,0,1.0,0.0,0.0,0.0,0.0,0.0,0.0
constructed_low,low_compressibility,0,24,static,5,0,110,110,0,1.0,0,0,1.0,0.0,0.0,0.0,0.0,0.0,0.0
constructed_low,low_compressibility,0,24,capacity_aware,5,0,110,110,0,1.0,0,0,1.0,0.0,0.0,0.0,0.0,0.0,0.0
constructed_low,low_compressibility,0,24,smooth,5,0,110,110,0,1.0,0,0,1.0,0.0,0.0,0.0,0.0,0.0,0.0
constructed_low,low_compressibility,0,24,delivery_aware,5,0,110,110,0,1.0,0,0,1.0,0.0,0.0,0.0,0.0,0.0,0.0
constructed_low,low_compressibility,0,24,static,5,4,110,110,0,1.0,0,0,1.0,0.0,0.0,0.0,0.0,0.0,0.0
constructed_low,low_compressibility,0,24,capacity_aware,5,4,110,110,0,1.0,0,0,1.0,0.0,0.0,0.0,0.0,0.0,0.0
constructed_low,low_compressibility,0,24,smooth,5,4,110,110,0,1.0,0,0,1.0,0.0,0.0,0.0,0.0,0.0,0.0
constructed_low,low_compressibility,0,24,delivery_aware,5,4,110,110,0,1.0,0,0,1.0,0.0,0.0,0.0,0.0,0.0,0.0
constructed_low,low_compressibility,0,24,static,5,8,110,110,0,1.0,0,0,1.0,0.0,0.0,0.0,0.0,0.0,0.0
constructed_low,low_compressibility,0,24,capacity_aware,5,8,110,110,0,1.0,0,0,1.0,0.0,0.0,0.0,0.0,0.0,0.0
constructed_low,low_compressibility,0,24,smooth,5,8,110,110,0,1.0,0,0,1.0,0.0,0.0,0.0,0.0,0.0,0.0
constructed_low,low_compressibility,0,24,delivery_aware,5,8,110,110,0,1.0,0,0,1.0,0.0,0.0,0.0,0.0,0.0,0.0
constructed_low,low_compressibility,0,24,static,5,12,110,110,0,1.0,0,0,1.0,0.0,0.0,0.0,0.0,0.0,0.0
constructed_low,low_compressibility,0,24,capacity_aware,5,12,110,110,0,1.0,0,0,1.0,0.0,0.0,0.0,0.0,0.0,0.0
constructed_low,low_compressibility,0,24,smooth,5,12,110,110,0,1.0,0,0,1.0,0.0,0.0,0.0,0.0,0.0,0.0
constructed_low,low_compressibility,0,24,delivery_aware,5,12,110,110,0,1.0,0,0,1.0,0.0,0.0,0.0,0.0,0.0,0.0
constructed_high,high_compressibility,1,24,static,1,0,76,132,56,1.736842105263158,56,65,1.0,0.0,0.0,0.0,-0.7368421052631579,0.0,0.007518796992481203
constructed_high,high_compressibility,1,24,capacity_aware,1,0,133,133,0,1.0,0,0,1.75,1.0,-0.007575757575757576,0.0,-0.75,0.0,0.0
constructed_high,high_compressibility,1,24,smooth,1,0,76,76,0,1.0,0,0,1.0,1.0,0.42424242424242425,0.0,0.0,0.0,0.42857142857142855
constructed_high,high_compressibility,1,24,delivery_aware,1,0,76,76,0,1.0,0,0,1.0,1.0,0.42424242424242425,0.0,0.0,0.0,0.42857142857142855
constructed_high,high_compressibility,1,24,static,1,4,76,128,52,1.6842105263157894,56,60,1.0,0.0,0.0,0.0,-0.6842105263157895,0.0,0.03759398496240601
constructed_high,high_compressibility,1,24,capacity_aware,1,4,133,133,0,1.0,0,0,1.75,1.0,-0.0390625,0.0,-0.75,0.0,0.0
constructed_high,high_compressibility,1,24,smooth,1,4,76,76,0,1.0,0,0,1.0,1.0,0.40625,0.0,0.0,0.0,0.42857142857142855
constructed_high,high_compressibility,1,24,delivery_aware,1,4,76,77,1,1.013157894736842,5,55,1.0,0.9107142857142857,0.3984375,0.0,-0.013157894736842105,0.0,0.42105263157894735
constructed_high,high_compressibility,1,24,static,1,8,76,124,48,1.631578947368421,56,55,1.0,0.0,0.0,0.0,-0.631578947368421,0.0,0.06766917293233082
constructed_high,high_compressibility,1,24,capacity_aware,1,8,133,133,0,1.0,0,0,1.75,1.0,-0.07258064516129033,0.0,-0.75,0.0,0.0
constructed_high,high_compressibility,1,24,smooth,1,8,76,76,0,1.0,0,0,1.0,1.0,0.3870967741935484,0.0,0.0,0.0,0.42857142857142855
constructed_high,high_compressibility,1,24,delivery_aware,1,8,76,77,1,1.013157894736842,9,51,1.0,0.8392857142857143,0.3790322580645161,0.0,-0.013157894736842105,0.0,0.42105263157894735
constructed_high,high_compressibility,1,24,static,1,12,76,120,44,1.5789473684210527,56,51,1.0,0.0,0.0,0.0,-0.5789473684210527,0.0,0.09774436090225563
constructed_high,high_compressibility,1,24,capacity_aware,1,12,133,133,0,1.0,0,0,1.75,1.0,-0.10833333333333334,0.0,-0.75,0.0,0.0
constructed_high,high_compressibility,1,24,smooth,1,12,76,76,0,1.0,0,0,1.0,1.0,0.36666666666666664,0.0,0.0,0.0,0.42857142857142855
constructed_high,high_compressibility,1,24,delivery_aware,1,12,76,77,1,1.013157894736842,13,45,1.0,0.7678571428571429,0.35833333333333334,0.0,-0.013157894736842105,0.0,0.42105263157894735
constructed_high,high_compressibility,1,24,static,2,0,76,103,27,1.355263157894737,54,29,1.0,0.0,0.0,0.0,-0.35526315789473684,0.0,0.009615384615384616
constructed_high,high_compressibility,1,24,capacity_aware,2,0,104,104,0,1.0,0,0,1.368421052631579,1.0,-0.009708737864077669,0.0,-0.3684210526315789,0.0,0.0
constructed_high,high_compressibility,1,24,smooth,2,0,76,76,0,1.0,0,0,1.0,1.0,0.2621359223300971,0.0,0.0,0.0,0.2692307692307692
constructed_high,high_compressibility,1,24,delivery_aware,2,0,76,76,0,1.0,0,0,1.0,1.0,0.2621359223300971,0.0,0.0,0.0,0.2692307692307692
constructed_high,high_compressibility,1,24,static,2,4,76,101,25,1.3289473684210527,54,27,1.0,0.0,0.0,0.0,-0.32894736842105265,0.0,0.028846153846153848
constructed_high,high_compressibility,1,24,capacity_aware,2,4,104,104,0,1.0,0,0,1.368421052631579,1.0,-0.0297029702970297,0.0,-0.3684210526315789,0.0,0.0
constructed_high,high_compressibility,1,24,smooth,2,4,76,76,0,1.0,0,0,1.0,1.0,0.24752475247524752,0.0,0.0,0.0,0.2692307692307692
constructed_high,high_compressibility,1,24,delivery_aware,2,4,76,77,1,1.013157894736842,6,21,1.0,0.8888888888888888,0.2376237623762376,0.0,-0.013157894736842105,0.0,0.25961538461538464
constructed_high,high_compressibility,1,24,static,2,8,76,99,23,1.3026315789473684,54,25,1.0,0.0,0.0,0.0,-0.3026315789473684,0.0,0.04807692307692308
constructed_high,high_compressibility,1,24,capacity_aware,2,8,104,104,0,1.0,0,0,1.368421052631579,1.0,-0.050505050505050504,0.0,-0.3684210526315789,0.0,0.0
constructed_high,high_compressibility,1,24,smooth,2,8,76,76,0,1.0,0,0,1.0,1.0,0.23232323232323232,0.0,0.0,0.0,0.2692307692307692
constructed_high,high_compressibility,1,24,delivery_aware,2,8,76,77,1,1.013157894736842,10,20,1.0,0.8148148148148148,0.2222222222222222,0.0,-0.013157894736842105,0.0,0.25961538461538464
constructed_high,high_compressibility,1,24,static,2,12,76,97,21,1.2763157894736843,54,23,1.0,0.0,0.0,0.0,-0.27631578947368424,0.0,0.0673076923076923
constructed_high,high_compressibility,1,24,capacity_aware,2,12,104,104,0,1.0,0,0,1.368421052631579,1.0,-0.07216494845360824,0.0,-0.3684210526315789,0.0,0.0
constructed_high,high_compressibility,1,24,smooth,2,12,76,76,0,1.0,0,0,1.0,1.0,0.21649484536082475,0.0,0.0,0.0,0.2692307692307692
constructed_high,high_compressibility,1,24,delivery_aware,2,12,76,77,1,1.013157894736842,14,16,1.0,0.7407407407407407,0.20618556701030927,0.0,-0.013157894736842105,0.0,0.25961538461538464
constructed_high,high_compressibility,1,24,static,3,0,76,94,18,1.236842105263158,52,18,1.0,0.0,0.0,0.0,-0.23684210526315788,0.0,0.010526315789473684
constructed_high,high_compressibility,1,24,capacity_aware,3,0,95,95,0,1.0,0,0,1.25,1.0,-0.010638297872340425,0.0,-0.25,0.0,0.0
constructed_high,high_compressibility,1,24,smooth,3,0,76,76,0,1.0,0,0,1.0,1.0,0.19148936170212766,0.0,0.0,0.0,0.2
constructed_high,high_compressibility,1,24,delivery_aware,3,0,76,76,0,1.0,0,0,1.0,1.0,0.19148936170212766,0.0,0.0,0.0,0.2
constructed_high,high_compressibility,1,24,static,3,4,76,92,16,1.2105263157894737,52,17,1.0,0.0,0.0,0.0,-0.21052631578947367,0.0,0.031578947368421054
constructed_high,high_compressibility,1,24,capacity_aware,3,4,95,95,0,1.0,0,0,1.25,1.0,-0.03260869565217391,0.0,-0.25,0.0,0.0
constructed_high,high_compressibility,1,24,smooth,3,4,76,76,0,1.0,0,0,1.0,1.0,0.17391304347826086,0.0,0.0,0.0,0.2
constructed_high,high_compressibility,1,24,delivery_aware,3,4,76,77,1,1.013157894736842,7,10,1.0,0.8653846153846154,0.16304347826086957,0.0,-0.013157894736842105,0.0,0.18947368421052632
constructed_high,high_compressibility,1,24,static,3,8,76,91,15,1.1973684210526316,52,16,1.0,0.0,0.0,0.0,-0.19736842105263158,0.0,0.042105263157894736
constructed_high,high_compressibility,1,24,capacity_aware,3,8,95,95,0,1.0,0,0,1.25,1.0,-0.04395604395604396,0.0,-0.25,0.0,0.0
constructed_high,high_compressibility,1,24,smooth,3,8,76,76,0,1.0,0,0,1.0,1.0,0.16483516483516483,0.0,0.0,0.0,0.2
constructed_high,high_compressibility,1,24,delivery_aware,3,8,76,77,1,1.013157894736842,11,11,1.0,0.7884615384615384,0.15384615384615385,0.0,-0.013157894736842105,0.0,0.18947368421052632
constructed_high,high_compressibility,1,24,static,3,12,76,90,14,1.1842105263157894,52,14,1.0,0.0,0.0,0.0,-0.18421052631578946,0.0,0.05263157894736842
constructed_high,high_compressibility,1,24,capacity_aware,3,12,95,95,0,1.0,0,0,1.25,1.0,-0.05555555555555555,0.0,-0.25,0.0,0.0
constructed_high,high_compressibility,1,24,smooth,3,12,76,76,0,1.0,0,0,1.0,1.0,0.15555555555555556,0.0,0.0,0.0,0.2
constructed_high,high_compressibility,1,24,delivery_aware,3,12,76,77,1,1.013157894736842,15,7,1.0,0.7115384615384616,0.14444444444444443,0.0,-0.013157894736842105,0.0,0.18947368421052632
constructed_high,high_compressibility,1,24,static,4,0,76,89,13,1.1710526315789473,50,13,1.0,0.0,0.0,0.0,-0.17105263157894737,0.0,0.011111111111111112
constructed_high,high_compressibility,1,24,capacity_aware,4,0,90,90,0,1.0,0,0,1.1842105263157894,1.0,-0.011235955056179775,0.0,-0.18421052631578946,0.0,0.0
constructed_high,high_compressibility,1,24,smooth,4,0,76,76,0,1.0,0,0,1.0,1.0,0.14606741573033707,0.0,0.0,0.0,0.15555555555555556
constructed_high,high_compressibility,1,24,delivery_aware,4,0,76,76,0,1.0,0,0,1.0,1.0,0.14606741573033707,0.0,0.0,0.0,0.15555555555555556
constructed_high,high_compressibility,1,24,static,4,4,76,88,12,1.1578947368421053,50,12,1.0,0.0,0.0,0.0,-0.15789473684210525,0.0,0.022222222222222223
constructed_high,high_compressibility,1,24,capacity_aware,4,4,90,90,0,1.0,0,0,1.1842105263157894,1.0,-0.022727272727272728,0.0,-0.18421052631578946,0.0,0.0
constructed_high,high_compressibility,1,24,smooth,4,4,76,76,0,1.0,0,0,1.0,1.0,0.13636363636363635,0.0,0.0,0.0,0.15555555555555556
constructed_high,high_compressibility,1,24,delivery_aware,4,4,76,77,1,1.013157894736842,7,4,1.0,0.86,0.125,0.0,-0.013157894736842105,0.0,0.14444444444444443
constructed_high,high_compressibility,1,24,static,4,8,76,87,11,1.144736842105263,50,11,1.0,0.0,0.0,0.0,-0.14473684210526316,0.0,0.03333333333333333
constructed_high,high_compressibility,1,24,capacity_aware,4,8,90,90,0,1.0,0,0,1.1842105263157894,1.0,-0.034482758620689655,0.0,-0.18421052631578946,0.0,0.0
constructed_high,high_compressibility,1,24,smooth,4,8,76,76,0,1.0,0,0,1.0,1.0,0.12643678160919541,0.0,0.0,0.0,0.15555555555555556
constructed_high,high_compressibility,1,24,delivery_aware,4,8,76,77,1,1.013157894736842,12,5,1.0,0.76,0.11494252873563218,0.0,-0.013157894736842105,0.0,0.14444444444444443
constructed_high,high_compressibility,1,24,static,4,12,76,86,10,1.131578947368421,50,10,1.0,0.0,0.0,0.0,-0.13157894736842105,0.0,0.044444444444444446
constructed_high,high_compressibility,1,24,capacity_aware,4,12,90,90,0,1.0,0,0,1.1842105263157894,1.0,-0.046511627906976744,0.0,-0.18421052631578946,0.0,0.0
constructed_high,high_compressibility,1,24,smooth,4,12,76,76,0,1.0,0,0,1.0,1.0,0.11627906976744186,0.0,0.0,0.0,0.15555555555555556
constructed_high,high_compressibility,1,24,delivery_aware,4,12,76,77,1,1.013157894736842,15,2,1.0,0.7,0.10465116279069768,0.0,-0.013157894736842105,0.0,0.14444444444444443
constructed_high,high_compressibility,1,24,static,5,0,76,86,10,1.131578947368421,48,10,1.0,0.0,0.0,0.0,-0.13157894736842105,0.0,0.011494252873563218
constructed_high,high_compressibility,1,24,capacity_aware,5,0,87,87,0,1.0,0,0,1.144736842105263,1.0,-0.011627906976744186,0.0,-0.14473684210526316,0.0,0.0
constructed_high,high_compressibility,1,24,smooth,5,0,76,76,0,1.0,0,0,1.0,1.0,0.11627906976744186,0.0,0.0,0.0,0.12643678160919541
constructed_high,high_compressibility,1,24,delivery_aware,5,0,76,76,0,1.0,0,0,1.0,1.0,0.11627906976744186,0.0,0.0,0.0,0.12643678160919541
constructed_high,high_compressibility,1,24,static,5,4,76,85,9,1.118421052631579,48,9,1.0,0.0,0.0,0.0,-0.11842105263157894,0.0,0.022988505747126436
constructed_high,high_compressibility,1,24,capacity_aware,5,4,87,87,0,1.0,0,0,1.144736842105263,1.0,-0.023529411764705882,0.0,-0.14473684210526316,0.0,0.0
constructed_high,high_compressibility,1,24,smooth,5,4,76,76,0,1.0,0,0,1.0,1.0,0.10588235294117647,0.0,0.0,0.0,0.12643678160919541
constructed_high,high_compressibility,1,24,delivery_aware,5,4,76,76,0,1.0,4,0,1.0,0.9166666666666666,0.10588235294117647,0.0,0.0,0.0,0.12643678160919541
constructed_high,high_compressibility,1,24,static,5,8,76,84,8,1.105263157894737,48,9,1.0,0.0,0.0,0.0,-0.10526315789473684,0.0,0.034482758620689655
constructed_high,high_compressibility,1,24,capacity_aware,5,8,87,87,0,1.0,0,0,1.144736842105263,1.0,-0.03571428571428571,0.0,-0.14473684210526316,0.0,0.0
constructed_high,high_compressibility,1,24,smooth,5,8,76,76,0,1.0,0,0,1.0,1.0,0.09523809523809523,0.0,0.0,0.0,0.12643678160919541
constructed_high,high_compressibility,1,24,delivery_aware,5,8,76,77,1,1.013157894736842,11,3,1.0,0.7708333333333334,0.08333333333333333,0.0,-0.013157894736842105,0.0,0.11494252873563218
constructed_high,high_compressibility,1,24,static,5,12,76,84,8,1.105263157894737,48,8,1.0,0.0,0.0,0.0,-0.10526315789473684,0.0,0.034482758620689655
constructed_high,high_compressibility,1,24,capacity_aware,5,12,87,87,0,1.0,0,0,1.144736842105263,1.0,-0.03571428571428571,0.0,-0.14473684210526316,0.0,0.0
constructed_high,high_compressibility,1,24,smooth,5,12,76,76,0,1.0,0,0,1.0,1.0,0.09523809523809523,0.0,0.0,0.0,0.12643678160919541
constructed_high,high_compressibility,1,24,delivery_aware,5,12,76,76,0,1.0,11,0,1.0,0.7708333333333334,0.09523809523809523,0.0,0.0,0.0,0.12643678160919541
constructed_medium,medium_compressibility,1,24,static,1,0,73,95,22,1.3013698630136987,22,46,1.0,0.0,0.0,-0.29411764705882354,-0.05555555555555555,0.0,0.05
constructed_medium,medium_compressibility,1,24,capacity_aware,1,0,100,100,0,1.0,0,0,1.36986301369863,1.0,-0.05263157894736842,1.0,-0.1111111111111111,0.0,0.0
constructed_medium,medium_compressibility,1,24,smooth,1,0,73,90,17,1.2328767123287672,17,35,1.0,0.22727272727272727,0.05263157894736842,0.0,0.0,0.0,0.1
constructed_medium,medium_compressibility,1,24,delivery_aware,1,0,73,90,17,1.2328767123287672,17,35,1.0,0.22727272727272727,0.05263157894736842,0.0,0.0,0.0,0.1
constructed_medium,medium_compressibility,1,24,static,1,4,73,91,18,1.2465753424657535,22,39,1.0,0.0,0.0,-0.29411764705882354,-0.05813953488372093,0.0,0.09
constructed_medium,medium_compressibility,1,24,capacity_aware,1,4,100,100,0,1.0,0,0,1.36986301369863,1.0,-0.0989010989010989,1.0,-0.16279069767441862,0.0,0.0
constructed_medium,medium_compressibility,1,24,smooth,1,4,73,86,13,1.178082191780822,17,25,1.0,0.22727272727272727,0.054945054945054944,0.0,0.0,0.0,0.14
constructed_medium,medium_compressibility,1,24,delivery_aware,1,4,73,86,13,1.178082191780822,17,35,1.0,0.22727272727272727,0.054945054945054944,0.0,0.0,0.0,0.14
constructed_medium,medium_compressibility,1,24,static,1,8,73,87,14,1.1917808219178083,22,29,1.0,0.0,0.0,-0.29411764705882354,-0.06097560975609756,0.0,0.13
constructed_medium,medium_compressibility,1,24,capacity_aware,1,8,100,100,0,1.0,0,0,1.36986301369863,1.0,-0.14942528735632185,1.0,-0.21951219512195122,0.0,0.0
constructed_medium,medium_compressibility,1,24,smooth,1,8,73,82,9,1.1232876712328768,17,14,1.0,0.22727272727272727,0.05747126436781609,0.0,0.0,0.0,0.18
constructed_medium,medium_compressibility,1,24,delivery_aware,1,8,73,82,9,1.1232876712328768,17,27,1.0,0.22727272727272727,0.05747126436781609,0.0,0.0,0.0,0.18
constructed_medium,medium_compressibility,1,24,static,1,12,73,83,10,1.1369863013698631,22,20,1.0,0.0,0.0,-0.29411764705882354,-0.0641025641025641,0.0,0.17
constructed_medium,medium_compressibility,1,24,capacity_aware,1,12,100,100,0,1.0,0,0,1.36986301369863,1.0,-0.20481927710843373,1.0,-0.28205128205128205,0.0,0.0
constructed_medium,medium_compressibility,1,24,smooth,1,12,73,78,5,1.0684931506849316,17,5,1.0,0.22727272727272727,0.060240963855421686,0.0,0.0,0.0,0.22
constructed_medium,medium_compressibility,1,24,delivery_aware,1,12,73,78,5,1.0684931506849316,17,18,1.0,0.22727272727272727,0.060240963855421686,0.0,0.0,0.0,0.22
constructed_medium,medium_compressibility,1,24,static,2,0,73,76,3,1.0410958904109588,5,6,1.0,0.0,0.0,0.0,-0.0410958904109589,0.0,0.07317073170731707
constructed_medium,medium_compressibility,1,24,capacity_aware,2,0,82,82,0,1.0,0,0,1.1232876712328768,1.0,-0.07894736842105263,0.0,-0.1232876712328767,0.0,0.0
constructed_medium,medium_compressibility,1,24,smooth,2,0,73,73,0,1.0,0,0,1.0,1.0,0.039473684210526314,0.0,0.0,0.0,0.10975609756097561
constructed_medium,medium_compressibility,1,24,delivery_aware,2,0,73,73,0,1.0,0,0,1.0,1.0,0.039473684210526314,0.0,0.0,0.0,0.10975609756097561
constructed_medium,medium_compressibility,1,24,static,2,4,73,74,1,1.0136986301369864,5,1,1.0,0.0,0.0,0.0,-0.0136986301369863,0.0,0.0975609756097561
constructed_medium,medium_compressibility,1,24,capacity_aware,2,4,82,82,0,1.0,0,0,1.1232876712328768,1.0,-0.10810810810810811,0.0,-0.1232876712328767,0.0,0.0
constructed_medium,medium_compressibility,1,24,smooth,2,4,73,73,0,1.0,0,0,1.0,1.0,0.013513513513513514,0.0,0.0,0.0,0.10975609756097561
constructed_medium,medium_compressibility,1,24,delivery_aware,2,4,73,73,0,1.0,1,0,1.0,0.8,0.013513513513513514,0.0,0.0,0.0,0.10975609756097561
constructed_medium,medium_compressibility,1,24,static,2,8,73,73,0,1.0,5,0,1.0,0.0,0.0,0.0,0.0,0.0,0.10975609756097561
constructed_medium,medium_compressibility,1,24,capacity_aware,2,8,82,82,0,1.0,0,0,1.1232876712328768,1.0,-0.1232876712328767,0.0,-0.1232876712328767,0.0,0.0
constructed_medium,medium_compressibility,1,24,smooth,2,8,73,73,0,1.0,0,0,1.0,1.0,0.0,0.0,0.0,0.0,0.10975609756097561
constructed_medium,medium_compressibility,1,24,delivery_aware,2,8,73,73,0,1.0,2,0,1.0,0.6,0.0,0.0,0.0,0.0,0.10975609756097561
constructed_medium,medium_compressibility,1,24,static,2,12,73,73,0,1.0,5,0,1.0,0.0,0.0,0.0,0.0,0.0,0.10975609756097561
constructed_medium,medium_compressibility,1,24,capacity_aware,2,12,82,82,0,1.0,0,0,1.1232876712328768,1.0,-0.1232876712328767,0.0,-0.1232876712328767,0.0,0.0
constructed_medium,medium_compressibility,1,24,smooth,2,12,73,73,0,1.0,0,0,1.0,1.0,0.0,0.0,0.0,0.0,0.10975609756097561
constructed_medium,medium_compressibility,1,24,delivery_aware,2,12,73,73,0,1.0,2,0,1.0,0.6,0.0,0.0,0.0,0.0,0.10975609756097561
constructed_medium,medium_compressibility,1,24,static,3,0,73,74,1,1.0136986301369864,3,1,1.0,0.0,0.0,0.0,-0.0136986301369863,0.0,0.05128205128205128
constructed_medium,medium_compressibility,1,24,capacity_aware,3,0,78,78,0,1.0,0,0,1.0684931506849316,1.0,-0.05405405405405406,0.0,-0.0684931506849315,0.0,0.0
constructed_medium,medium_compressibility,1,24,smooth,3,0,73,73,0,1.0,0,0,1.0,1.0,0.013513513513513514,0.0,0.0,0.0,0.0641025641025641
constructed_medium,medium_compressibility,1,24,delivery_aware,3,0,73,73,0,1.0,0,0,1.0,1.0,0.013513513513513514,0.0,0.0,0.0,0.0641025641025641
constructed_medium,medium_compressibility,1,24,static,3,4,73,73,0,1.0,3,0,1.0,0.0,0.0,0.0,0.0,0.0,0.0641025641025641
constructed_medium,medium_compressibility,1,24,capacity_aware,3,4,78,78,0,1.0,0,0,1.0684931506849316,1.0,-0.0684931506849315,0.0,-0.0684931506849315,0.0,0.0
constructed_medium,medium_compressibility,1,24,smooth,3,4,73,73,0,1.0,0,0,1.0,1.0,0.0,0.0,0.0,0.0,0.0641025641025641
constructed_medium,medium_compressibility,1,24,delivery_aware,3,4,73,73,0,1.0,0,0,1.0,1.0,0.0,0.0,0.0,0.0,0.0641025641025641
constructed_medium,medium_compressibility,1,24,static,3,8,73,73,0,1.0,3,0,1.0,0.0,0.0,0.0,0.0,0.0,0.0641025641025641
constructed_medium,medium_compressibility,1,24,capacity_aware,3,8,78,78,0,1.0,0,0,1.0684931506849316,1.0,-0.0684931506849315,0.0,-0.0684931506849315,0.0,0.0
constructed_medium,medium_compressibility,1,24,smooth,3,8,73,73,0,1.0,0,0,1.0,1.0,0.0,0.0,0.0,0.0,0.0641025641025641
constructed_medium,medium_compressibility,1,24,delivery_aware,3,8,73,73,0,1.0,0,0,1.0,1.0,0.0,0.0,0.0,0.0,0.0641025641025641
constructed_medium,medium_compressibility,1,24,static,3,12,73,73,0,1.0,3,0,1.0,0.0,0.0,0.0,0.0,0.0,0.0641025641025641
constructed_medium,medium_compressibility,1,24,capacity_aware,3,12,78,78,0,1.0,0,0,1.0684931506849316,1.0,-0.0684931506849315,0.0,-0.0684931506849315,0.0,0.0
constructed_medium,medium_compressibility,1,24,smooth,3,12,73,73,0,1.0,0,0,1.0,1.0,0.0,0.0,0.0,0.0,0.0641025641025641
constructed_medium,medium_compressibility,1,24,delivery_aware,3,12,73,73,0,1.0,0,0,1.0,1.0,0.0,0.0,0.0,0.0,0.0641025641025641
constructed_medium,medium_compressibility,1,24,static,4,0,73,74,1,1.0136986301369864,1,1,1.0,0.0,0.0,0.0,-0.0136986301369863,0.0,0.02631578947368421
constructed_medium,medium_compressibility,1,24,capacity_aware,4,0,76,76,0,1.0,0,0,1.0410958904109588,1.0,-0.02702702702702703,0.0,-0.0410958904109589,0.0,0.0
constructed_medium,medium_compressibility,1,24,smooth,4,0,73,73,0,1.0,0,0,1.0,1.0,0.013513513513513514,0.0,0.0,0.0,0.039473684210526314
constructed_medium,medium_compressibility,1,24,delivery_aware,4,0,73,73,0,1.0,0,0,1.0,1.0,0.013513513513513514,0.0,0.0,0.0,0.039473684210526314
constructed_medium,medium_compressibility,1,24,static,4,4,73,73,0,1.0,1,0,1.0,0.0,0.0,0.0,0.0,0.0,0.039473684210526314
constructed_medium,medium_compressibility,1,24,capacity_aware,4,4,76,76,0,1.0,0,0,1.0410958904109588,1.0,-0.0410958904109589,0.0,-0.0410958904109589,0.0,0.0
constructed_medium,medium_compressibility,1,24,smooth,4,4,73,73,0,1.0,0,0,1.0,1.0,0.0,0.0,0.0,0.0,0.039473684210526314
constructed_medium,medium_compressibility,1,24,delivery_aware,4,4,73,73,0,1.0,0,0,1.0,1.0,0.0,0.0,0.0,0.0,0.039473684210526314
constructed_medium,medium_compressibility,1,24,static,4,8,73,73,0,1.0,1,0,1.0,0.0,0.0,0.0,0.0,0.0,0.039473684210526314
constructed_medium,medium_compressibility,1,24,capacity_aware,4,8,76,76,0,1.0,0,0,1.0410958904109588,1.0,-0.0410958904109589,0.0,-0.0410958904109589,0.0,0.0
constructed_medium,medium_compressibility,1,24,smooth,4,8,73,73,0,1.0,0,0,1.0,1.0,0.0,0.0,0.0,0.0,0.039473684210526314
constructed_medium,medium_compressibility,1,24,delivery_aware,4,8,73,73,0,1.0,0,0,1.0,1.0,0.0,0.0,0.0,0.0,0.039473684210526314
constructed_medium,medium_compressibility,1,24,static,4,12,73,73,0,1.0,1,0,1.0,0.0,0.0,0.0,0.0,0.0,0.039473684210526314
constructed_medium,medium_compressibility,1,24,capacity_aware,4,12,76,76,0,1.0,0,0,1.0410958904109588,1.0,-0.0410958904109589,0.0,-0.0410958904109589,0.0,0.0
constructed_medium,medium_compressibility,1,24,smooth,4,12,73,73,0,1.0,0,0,1.0,1.0,0.0,0.0,0.0,0.0,0.039473684210526314
constructed_medium,medium_compressibility,1,24,delivery_aware,4,12,73,73,0,1.0,0,0,1.0,1.0,0.0,0.0,0.0,0.0,0.039473684210526314
constructed_medium,medium_compressibility,1,24,static,5,0,73,73,0,1.0,0,0,1.0,0.0,0.0,0.0,0.0,0.0,0.02666666666666667
constructed_medium,medium_compressibility,1,24,capacity_aware,5,0,75,75,0,1.0,0,0,1.0273972602739727,0.0,-0.0273972602739726,0.0,-0.0273972602739726,0.0,0.0
constructed_medium,medium_compressibility,1,24,smooth,5,0,73,73,0,1.0,0,0,1.0,0.0,0.0,0.0,0.0,0.0,0.02666666666666667
constructed_medium,medium_compressibility,1,24,delivery_aware,5,0,73,73,0,1.0,0,0,1.0,0.0,0.0,0.0,0.0,0.0,0.02666666666666667
constructed_medium,medium_compressibility,1,24,static,5,4,73,73,0,1.0,0,0,1.0,0.0,0.0,0.0,0.0,0.0,0.02666666666666667
constructed_medium,medium_compressibility,1,24,capacity_aware,5,4,75,75,0,1.0,0,0,1.0273972602739727,0.0,-0.0273972602739726,0.0,-0.0273972602739726,0.0,0.0
constructed_medium,medium_compressibility,1,24,smooth,5,4,73,73,0,1.0,0,0,1.0,0.0,0.0,0.0,0.0,0.0,0.02666666666666667
constructed_medium,medium_compressibility,1,24,delivery_aware,5,4,73,73,0,1.0,0,0,1.0,0.0,0.0,0.0,0.0,0.0,0.02666666666666667
constructed_medium,medium_compressibility,1,24,static,5,8,73,73,0,1.0,0,0,1.0,0.0,0.0,0.0,0.0,0.0,0.02666666666666667
constructed_medium,medium_compressibility,1,24,capacity_aware,5,8,75,75,0,1.0,0,0,1.0273972602739727,0.0,-0.0273972602739726,0.0,-0.0273972602739726,0.0,0.0
constructed_medium,medium_compressibility,1,24,smooth,5,8,73,73,0,1.0,0,0,1.0,0.0,0.0,0.0,0.0,0.0,0.02666666666666667
constructed_medium,medium_compressibility,1,24,delivery_aware,5,8,73,73,0,1.0,0,0,1.0,0.0,0.0,0.0,0.0,0.0,0.02666666666666667
constructed_medium,medium_compressibility,1,24,static,5,12,73,73,0,1.0,0,0,1.0,0.0,0.0,0.0,0.0,0.0,0.02666666666666667
constructed_medium,medium_compressibility,1,24,capacity_aware,5,12,75,75,0,1.0,0,0,1.0273972602739727,0.0,-0.0273972602739726,0.0,-0.0273972602739726,0.0,0.0
constructed_medium,medium_compressibility,1,24,smooth,5,12,73,73,0,1.0,0,0,1.0,0.0,0.0,0.0,0.0,0.0,0.02666666666666667
constructed_medium,medium_compressibility,1,24,delivery_aware,5,12,73,73,0,1.0,0,0,1.0,0.0,0.0,0.0,0.0,0.0,0.02666666666666667
constructed_low,low_compressibility,1,24,static,1,0,100,100,0,1.0,0,0,1.0,0.0,0.0,0.0,0.0,0.0,0.0
constructed_low,low_compressibility,1,24,capacity_aware,1,0,100,100,0,1.0,0,0,1.0,0.0,0.0,0.0,0.0,0.0,0.0
constructed_low,low_compressibility,1,24,smooth,1,0,100,100,0,1.0,0,0,1.0,0.0,0.0,0.0,0.0,0.0,0.0
constructed_low,low_compressibility,1,24,delivery_aware,1,0,100,100,0,1.0,0,0,1.0,0.0,0.0,0.0,0.0,0.0,0.0
constructed_low,low_compressibility,1,24,static,1,4,100,100,0,1.0,0,0,1.0,0.0,0.0,0.0,0.0,0.0,0.0
constructed_low,low_compressibility,1,24,capacity_aware,1,4,100,100,0,1.0,0,0,1.0,0.0,0.0,0.0,0.0,0.0,0.0
constructed_low,low_compressibility,1,24,smooth,1,4,100,100,0,1.0,0,0,1.0,0.0,0.0,0.0,0.0,0.0,0.0
constructed_low,low_compressibility,1,24,delivery_aware,1,4,100,100,0,1.0,0,0,1.0,0.0,0.0,0.0,0.0,0.0,0.0
constructed_low,low_compressibility,1,24,static,1,8,100,100,0,1.0,0,0,1.0,0.0,0.0,0.0,0.0,0.0,0.0
constructed_low,low_compressibility,1,24,capacity_aware,1,8,100,100,0,1.0,0,0,1.0,0.0,0.0,0.0,0.0,0.0,0.0
constructed_low,low_compressibility,1,24,smooth,1,8,100,100,0,1.0,0,0,1.0,0.0,0.0,0.0,0.0,0.0,0.0
constructed_low,low_compressibility,1,24,delivery_aware,1,8,100,100,0,1.0,0,0,1.0,0.0,0.0,0.0,0.0,0.0,0.0
constructed_low,low_compressibility,1,24,static,1,12,100,100,0,1.0,0,0,1.0,0.0,0.0,0.0,0.0,0.0,0.0
constructed_low,low_compressibility,1,24,capacity_aware,1,12,100,100,0,1.0,0,0,1.0,0.0,0.0,0.0,0.0,0.0,0.0
constructed_low,low_compressibility,1,24,smooth,1,12,100,100,0,1.0,0,0,1.0,0.0,0.0,0.0,0.0,0.0,0.0
constructed_low,low_compressibility,1,24,delivery_aware,1,12,100,100,0,1.0,0,0,1.0,0.0,0.0,0.0,0.0,0.0,0.0
constructed_low,low_compressibility,1,24,static,2,0,100,100,0,1.0,0,0,1.0,0.0,0.0,0.0,0.0,0.0,0.0
constructed_low,low_compressibility,1,24,capacity_aware,2,0,100,100,0,1.0,0,0,1.0,0.0,0.0,0.0,0.0,0.0,0.0
constructed_low,low_compressibility,1,24,smooth,2,0,100,100,0,1.0,0,0,1.0,0.0,0.0,0.0,0.0,0.0,0.0
constructed_low,low_compressibility,1,24,delivery_aware,2,0,100,100,0,1.0,0,0,1.0,0.0,0.0,0.0,0.0,0.0,0.0
constructed_low,low_compressibility,1,24,static,2,4,100,100,0,1.0,0,0,1.0,0.0,0.0,0.0,0.0,0.0,0.0
constructed_low,low_compressibility,1,24,capacity_aware,2,4,100,100,0,1.0,0,0,1.0,0.0,0.0,0.0,0.0,0.0,0.0
constructed_low,low_compressibility,1,24,smooth,2,4,100,100,0,1.0,0,0,1.0,0.0,0.0,0.0,0.0,0.0,0.0
constructed_low,low_compressibility,1,24,delivery_aware,2,4,100,100,0,1.0,0,0,1.0,0.0,0.0,0.0,0.0,0.0,0.0
constructed_low,low_compressibility,1,24,static,2,8,100,100,0,1.0,0,0,1.0,0.0,0.0,0.0,0.0,0.0,0.0
constructed_low,low_compressibility,1,24,capacity_aware,2,8,100,100,0,1.0,0,0,1.0,0.0,0.0,0.0,0.0,0.0,0.0
constructed_low,low_compressibility,1,24,smooth,2,8,100,100,0,1.0,0,0,1.0,0.0,0.0,0.0,0.0,0.0,0.0
constructed_low,low_compressibility,1,24,delivery_aware,2,8,100,100,0,1.0,0,0,1.0,0.0,0.0,0.0,0.0,0.0,0.0
constructed_low,low_compressibility,1,24,static,2,12,100,100,0,1.0,0,0,1.0,0.0,0.0,0.0,0.0,0.0,0.0
constructed_low,low_compressibility,1,24,capacity_aware,2,12,100,100,0,1.0,0,0,1.0,0.0,0.0,0.0,0.0,0.0,0.0
constructed_low,low_compressibility,1,24,smooth,2,12,100,100,0,1.0,0,0,1.0,0.0,0.0,0.0,0.0,0.0,0.0
constructed_low,low_compressibility,1,24,delivery_aware,2,12,100,100,0,1.0,0,0,1.0,0.0,0.0,0.0,0.0,0.0,0.0
constructed_low,low_compressibility,1,24,static,3,0,100,100,0,1.0,0,0,1.0,0.0,0.0,0.0,0.0,0.0,0.0
constructed_low,low_compressibility,1,24,capacity_aware,3,0,100,100,0,1.0,0,0,1.0,0.0,0.0,0.0,0.0,0.0,0.0
constructed_low,low_compressibility,1,24,smooth,3,0,100,100,0,1.0,0,0,1.0,0.0,0.0,0.0,0.0,0.0,0.0
constructed_low,low_compressibility,1,24,delivery_aware,3,0,100,100,0,1.0,0,0,1.0,0.0,0.0,0.0,0.0,0.0,0.0
constructed_low,low_compressibility,1,24,static,3,4,100,100,0,1.0,0,0,1.0,0.0,0.0,0.0,0.0,0.0,0.0
constructed_low,low_compressibility,1,24,capacity_aware,3,4,100,100,0,1.0,0,0,1.0,0.0,0.0,0.0,0.0,0.0,0.0
constructed_low,low_compressibility,1,24,smooth,3,4,100,100,0,1.0,0,0,1.0,0.0,0.0,0.0,0.0,0.0,0.0
constructed_low,low_compressibility,1,24,delivery_aware,3,4,100,100,0,1.0,0,0,1.0,0.0,0.0,0.0,0.0,0.0,0.0
constructed_low,low_compressibility,1,24,static,3,8,100,100,0,1.0,0,0,1.0,0.0,0.0,0.0,0.0,0.0,0.0
constructed_low,low_compressibility,1,24,capacity_aware,3,8,100,100,0,1.0,0,0,1.0,0.0,0.0,0.0,0.0,0.0,0.0
constructed_low,low_compressibility,1,24,smooth,3,8,100,100,0,1.0,0,0,1.0,0.0,0.0,0.0,0.0,0.0,0.0
constructed_low,low_compressibility,1,24,delivery_aware,3,8,100,100,0,1.0,0,0,1.0,0.0,0.0,0.0,0.0,0.0,0.0
constructed_low,low_compressibility,1,24,static,3,12,100,100,0,1.0,0,0,1.0,0.0,0.0,0.0,0.0,0.0,0.0
constructed_low,low_compressibility,1,24,capacity_aware,3,12,100,100,0,1.0,0,0,1.0,0.0,0.0,0.0,0.0,0.0,0.0
constructed_low,low_compressibility,1,24,smooth,3,12,100,100,0,1.0,0,0,1.0,0.0,0.0,0.0,0.0,0.0,0.0
constructed_low,low_compressibility,1,24,delivery_aware,3,12,100,100,0,1.0,0,0,1.0,0.0,0.0,0.0,0.0,0.0,0.0
constructed_low,low_compressibility,1,24,static,4,0,100,100,0,1.0,0,0,1.0,0.0,0.0,0.0,0.0,0.0,0.0
constructed_low,low_compressibility,1,24,capacity_aware,4,0,100,100,0,1.0,0,0,1.0,0.0,0.0,0.0,0.0,0.0,0.0
constructed_low,low_compressibility,1,24,smooth,4,0,100,100,0,1.0,0,0,1.0,0.0,0.0,0.0,0.0,0.0,0.0
constructed_low,low_compressibility,1,24,delivery_aware,4,0,100,100,0,1.0,0,0,1.0,0.0,0.0,0.0,0.0,0.0,0.0
constructed_low,low_compressibility,1,24,static,4,4,100,100,0,1.0,0,0,1.0,0.0,0.0,0.0,0.0,0.0,0.0
constructed_low,low_compressibility,1,24,capacity_aware,4,4,100,100,0,1.0,0,0,1.0,0.0,0.0,0.0,0.0,0.0,0.0
constructed_low,low_compressibility,1,24,smooth,4,4,100,100,0,1.0,0,0,1.0,0.0,0.0,0.0,0.0,0.0,0.0
constructed_low,low_compressibility,1,24,delivery_aware,4,4,100,100,0,1.0,0,0,1.0,0.0,0.0,0.0,0.0,0.0,0.0
constructed_low,low_compressibility,1,24,static,4,8,100,100,0,1.0,0,0,1.0,0.0,0.0,0.0,0.0,0.0,0.0
constructed_low,low_compressibility,1,24,capacity_aware,4,8,100,100,0,1.0,0,0,1.0,0.0,0.0,0.0,0.0,0.0,0.0
constructed_low,low_compressibility,1,24,smooth,4,8,100,100,0,1.0,0,0,1.0,0.0,0.0,0.0,0.0,0.0,0.0
constructed_low,low_compressibility,1,24,delivery_aware,4,8,100,100,0,1.0,0,0,1.0,0.0,0.0,0.0,0.0,0.0,0.0
constructed_low,low_compressibility,1,24,static,4,12,100,100,0,1.0,0,0,1.0,0.0,0.0,0.0,0.0,0.0,0.0
constructed_low,low_compressibility,1,24,capacity_aware,4,12,100,100,0,1.0,0,0,1.0,0.0,0.0,0.0,0.0,0.0,0.0
constructed_low,low_compressibility,1,24,smooth,4,12,100,100,0,1.0,0,0,1.0,0.0,0.0,0.0,0.0,0.0,0.0
constructed_low,low_compressibility,1,24,delivery_aware,4,12,100,100,0,1.0,0,0,1.0,0.0,0.0,0.0,0.0,0.0,0.0
constructed_low,low_compressibility,1,24,static,5,0,100,100,0,1.0,0,0,1.0,0.0,0.0,0.0,0.0,0.0,0.0
constructed_low,low_compressibility,1,24,capacity_aware,5,0,100,100,0,1.0,0,0,1.0,0.0,0.0,0.0,0.0,0.0,0.0
constructed_low,low_compressibility,1,24,smooth,5,0,100,100,0,1.0,0,0,1.0,0.0,0.0,0.0,0.0,0.0,0.0
constructed_low,low_compressibility,1,24,delivery_aware,5,0,100,100,0,1.0,0,0,1.0,0.0,0.0,0.0,0.0,0.0,0.0
constructed_low,low_compressibility,1,24,static,5,4,100,100,0,1.0,0,0,1.0,0.0,0.0,0.0,0.0,0.0,0.0
constructed_low,low_compressibility,1,24,capacity_aware,5,4,100,100,0,1.0,0,0,1.0,0.0,0.0,0.0,0.0,0.0,0.0
constructed_low,low_compressibility,1,24,smooth,5,4,100,100,0,1.0,0,0,1.0,0.0,0.0,0.0,0.0,0.0,0.0
constructed_low,low_compressibility,1,24,delivery_aware,5,4,100,100,0,1.0,0,0,1.0,0.0,0.0,0.0,0.0,0.0,0.0
constructed_low,low_compressibility,1,24,static,5,8,100,100,0,1.0,0,0,1.0,0.0,0.0,0.0,0.0,0.0,0.0
constructed_low,low_compressibility,1,24,capacity_aware,5,8,100,100,0,1.0,0,0,1.0,0.0,0.0,0.0,0.0,0.0,0.0
constructed_low,low_compressibility,1,24,smooth,5,8,100,100,0,1.0,0,0,1.0,0.0,0.0,0.0,0.0,0.0,0.0
constructed_low,low_compressibility,1,24,delivery_aware,5,8,100,100,0,1.0,0,0,1.0,0.0,0.0,0.0,0.0,0.0,0.0
constructed_low,low_compressibility,1,24,static,5,12,100,100,0,1.0,0,0,1.0,0.0,0.0,0.0,0.0,0.0,0.0
constructed_low,low_compressibility,1,24,capacity_aware,5,12,100,100,0,1.0,0,0,1.0,0.0,0.0,0.0,0.0,0.0,0.0
constructed_low,low_compressibility,1,24,smooth,5,12,100,100,0,1.0,0,0,1.0,0.0,0.0,0.0,0.0,0.0,0.0
constructed_low,low_compressibility,1,24,delivery_aware,5,12,100,100,0,1.0,0,0,1.0,0.0,0.0,0.0,0.0,0.0,0.0
constructed_high,high_compressibility,2,24,static,1,0,74,122,48,1.6486486486486487,48,55,1.0,0.0,0.0,0.0,-0.6486486486486487,0.0,0.008130081300813009
constructed_high,high_compressibility,2,24,capacity_aware,1,0,123,123,0,1.0,0,0,1.662162162162162,1.0,-0.00819672131147541,0.0,-0.6621621621621622,0.0,0.0
constructed_high,high_compressibility,2,24,smooth,1,0,74,74,0,1.0,0,0,1.0,1.0,0.39344262295081966,0.0,0.0,0.0,0.3983739837398374
constructed_high,high_compressibility,2,24,delivery_aware,1,0,74,74,0,1.0,0,0,1.0,1.0,0.39344262295081966,0.0,0.0,0.0,0.3983739837398374
constructed_high,high_compressibility,2,24,static,1,4,74,118,44,1.5945945945945945,48,51,1.0,0.0,0.0,0.0,-0.5945945945945946,0.0,0.04065040650406504
constructed_high,high_compressibility,2,24,capacity_aware,1,4,123,123,0,1.0,0,0,1.662162162162162,1.0,-0.0423728813559322,0.0,-0.6621621621621622,0.0,0.0
constructed_high,high_compressibility,2,24,smooth,1,4,74,74,0,1.0,0,0,1.0,1.0,0.3728813559322034,0.0,0.0,0.0,0.3983739837398374
constructed_high,high_compressibility,2,24,delivery_aware,1,4,74,75,1,1.0135135135135136,5,46,1.0,0.8958333333333334,0.3644067796610169,0.0,-0.013513513513513514,0.0,0.3902439024390244
constructed_high,high_compressibility,2,24,static,1,8,74,114,40,1.5405405405405406,48,46,1.0,0.0,0.0,0.0,-0.5405405405405406,0.0,0.07317073170731707
constructed_high,high_compressibility,2,24,capacity_aware,1,8,123,123,0,1.0,0,0,1.662162162162162,1.0,-0.07894736842105263,0.0,-0.6621621621621622,0.0,0.0
constructed_high,high_compressibility,2,24,smooth,1,8,74,74,0,1.0,0,0,1.0,1.0,0.3508771929824561,0.0,0.0,0.0,0.3983739837398374
constructed_high,high_compressibility,2,24,delivery_aware,1,8,74,75,1,1.0135135135135136,9,42,1.0,0.8125,0.34210526315789475,0.0,-0.013513513513513514,0.0,0.3902439024390244
constructed_high,high_compressibility,2,24,static,1,12,74,110,36,1.4864864864864864,48,41,1.0,0.0,0.0,0.0,-0.4864864864864865,0.0,0.10569105691056911
constructed_high,high_compressibility,2,24,capacity_aware,1,12,123,123,0,1.0,0,0,1.662162162162162,1.0,-0.11818181818181818,0.0,-0.6621621621621622,0.0,0.0
constructed_high,high_compressibility,2,24,smooth,1,12,74,74,0,1.0,0,0,1.0,1.0,0.32727272727272727,0.0,0.0,0.0,0.3983739837398374
constructed_high,high_compressibility,2,24,delivery_aware,1,12,74,75,1,1.0135135135135136,13,35,1.0,0.7291666666666666,0.3181818181818182,0.0,-0.013513513513513514,0.0,0.3902439024390244
constructed_high,high_compressibility,2,24,static,2,0,74,97,23,1.3108108108108107,46,25,1.0,0.0,0.0,0.0,-0.3108108108108108,0.0,0.01020408163265306
constructed_high,high_compressibility,2,24,capacity_aware,2,0,98,98,0,1.0,0,0,1.3243243243243243,1.0,-0.010309278350515464,0.0,-0.32432432432432434,0.0,0.0
constructed_high,high_compressibility,2,24,smooth,2,0,74,74,0,1.0,0,0,1.0,1.0,0.23711340206185566,0.0,0.0,0.0,0.24489795918367346
constructed_high,high_compressibility,2,24,delivery_aware,2,0,74,74,0,1.0,0,0,1.0,1.0,0.23711340206185566,0.0,0.0,0.0,0.24489795918367346
constructed_high,high_compressibility,2,24,static,2,4,74,95,21,1.2837837837837838,46,23,1.0,0.0,0.0,0.0,-0.28378378378378377,0.0,0.030612244897959183
constructed_high,high_compressibility,2,24,capacity_aware,2,4,98,98,0,1.0,0,0,1.3243243243243243,1.0,-0.031578947368421054,0.0,-0.32432432432432434,0.0,0.0
constructed_high,high_compressibility,2,24,smooth,2,4,74,74,0,1.0,0,0,1.0,1.0,0.22105263157894736,0.0,0.0,0.0,0.24489795918367346
constructed_high,high_compressibility,2,24,delivery_aware,2,4,74,75,1,1.0135135135135136,6,17,1.0,0.8695652173913043,0.21052631578947367,0.0,-0.013513513513513514,0.0,0.23469387755102042
constructed_high,high_compressibility,2,24,static,2,8,74,93,19,1.2567567567567568,46,20,1.0,0.0,0.0,0.0,-0.25675675675675674,0.0,0.05102040816326531
constructed_high,high_compressibility,2,24,capacity_aware,2,8,98,98,0,1.0,0,0,1.3243243243243243,1.0,-0.053763440860215055,0.0,-0.32432432432432434,0.0,0.0
constructed_high,high_compressibility,2,24,smooth,2,8,74,74,0,1.0,0,0,1.0,1.0,0.20430107526881722,0.0,0.0,0.0,0.24489795918367346
constructed_high,high_compressibility,2,24,delivery_aware,2,8,74,75,1,1.0135135135135136,10,15,1.0,0.782608695652174,0.1935483870967742,0.0,-0.013513513513513514,0.0,0.23469387755102042
constructed_high,high_compressibility,2,24,static,2,12,74,91,17,1.2297297297297298,46,18,1.0,0.0,0.0,0.0,-0.22972972972972974,0.0,0.07142857142857142
constructed_high,high_compressibility,2,24,capacity_aware,2,12,98,98,0,1.0,0,0,1.3243243243243243,1.0,-0.07692307692307693,0.0,-0.32432432432432434,0.0,0.0
constructed_high,high_compressibility,2,24,smooth,2,12,74,74,0,1.0,0,0,1.0,1.0,0.18681318681318682,0.0,0.0,0.0,0.24489795918367346
constructed_high,high_compressibility,2,24,delivery_aware,2,12,74,75,1,1.0135135135135136,14,11,1.0,0.6956521739130435,0.17582417582417584,0.0,-0.013513513513513514,0.0,0.23469387755102042
constructed_high,high_compressibility,2,24,static,3,0,74,89,15,1.2027027027027026,44,16,1.0,0.0,0.0,0.0,-0.20270270270270271,0.0,0.011111111111111112
constructed_high,high_compressibility,2,24,capacity_aware,3,0,90,90,0,1.0,0,0,1.2162162162162162,1.0,-0.011235955056179775,0.0,-0.21621621621621623,0.0,0.0
constructed_high,high_compressibility,2,24,smooth,3,0,74,74,0,1.0,0,0,1.0,1.0,0.16853932584269662,0.0,0.0,0.0,0.17777777777777778
constructed_high,high_compressibility,2,24,delivery_aware,3,0,74,74,0,1.0,0,0,1.0,1.0,0.16853932584269662,0.0,0.0,0.0,0.17777777777777778
constructed_high,high_compressibility,2,24,static,3,4,74,88,14,1.1891891891891893,44,14,1.0,0.0,0.0,0.0,-0.1891891891891892,0.0,0.022222222222222223
constructed_high,high_compressibility,2,24,capacity_aware,3,4,90,90,0,1.0,0,0,1.2162162162162162,1.0,-0.022727272727272728,0.0,-0.21621621621621623,0.0,0.0
constructed_high,high_compressibility,2,24,smooth,3,4,74,74,0,1.0,0,0,1.0,1.0,0.1590909090909091,0.0,0.0,0.0,0.17777777777777778
constructed_high,high_compressibility,2,24,delivery_aware,3,4,74,75,1,1.0135135135135136,7,7,1.0,0.8409090909090909,0.14772727272727273,0.0,-0.013513513513513514,0.0,0.16666666666666666
constructed_high,high_compressibility,2,24,static,3,8,74,86,12,1.162162162162162,44,13,1.0,0.0,0.0,0.0,-0.16216216216216217,0.0,0.044444444444444446
constructed_high,high_compressibility,2,24,capacity_aware,3,8,90,90,0,1.0,0,0,1.2162162162162162,1.0,-0.046511627906976744,0.0,-0.21621621621621623,0.0,0.0
constructed_high,high_compressibility,2,24,smooth,3,8,74,74,0,1.0,0,0,1.0,1.0,0.13953488372093023,0.0,0.0,0.0,0.17777777777777778
constructed_high,high_compressibility,2,24,delivery_aware,3,8,74,75,1,1.0135135135135136,11,8,1.0,0.75,0.12790697674418605,0.0,-0.013513513513513514,0.0,0.16666666666666666
constructed_high,high_compressibility,2,24,static,3,12,74,85,11,1.1486486486486487,44,11,1.0,0.0,0.0,0.0,-0.14864864864864866,0.0,0.05555555555555555
constructed_high,high_compressibility,2,24,capacity_aware,3,12,90,90,0,1.0,0,0,1.2162162162162162,1.0,-0.058823529411764705,0.0,-0.21621621621621623,0.0,0.0
constructed_high,high_compressibility,2,24,smooth,3,12,74,74,0,1.0,0,0,1.0,1.0,0.12941176470588237,0.0,0.0,0.0,0.17777777777777778
constructed_high,high_compressibility,2,24,delivery_aware,3,12,74,75,1,1.0135135135135136,15,4,1.0,0.6590909090909091,0.11764705882352941,0.0,-0.013513513513513514,0.0,0.16666666666666666
constructed_high,high_compressibility,2,24,static,4,0,74,85,11,1.1486486486486487,42,11,1.0,0.0,0.0,0.0,-0.14864864864864866,0.0,0.011627906976744186
constructed_high,high_compressibility,2,24,capacity_aware,4,0,86,86,0,1.0,0,0,1.162162162162162,1.0,-0.011764705882352941,0.0,-0.16216216216216217,0.0,0.0
constructed_high,high_compressibility,2,24,smooth,4,0,74,74,0,1.0,0,0,1.0,1.0,0.12941176470588237,0.0,0.0,0.0,0.13953488372093023
constructed_high,high_compressibility,2,24,delivery_aware,4,0,74,74,0,1.0,0,0,1.0,1.0,0.12941176470588237,0.0,0.0,0.0,0.13953488372093023
constructed_high,high_compressibility,2,24,static,4,4,74,84,10,1.135135135135135,42,10,1.0,0.0,0.0,0.0,-0.13513513513513514,0.0,0.023255813953488372
constructed_high,high_compressibility,2,24,capacity_aware,4,4,86,86,0,1.0,0,0,1.162162162162162,1.0,-0.023809523809523808,0.0,-0.16216216216216217,0.0,0.0
constructed_high,high_compressibility,2,24,smooth,4,4,74,74,0,1.0,0,0,1.0,1.0,0.11904761904761904,0.0,0.0,0.0,0.13953488372093023
constructed_high,high_compressibility,2,24,delivery_aware,4,4,74,75,1,1.0135135135135136,6,2,1.0,0.8571428571428571,0.10714285714285714,0.0,-0.013513513513513514,0.0,0.12790697674418605
constructed_high,high_compressibility,2,24,static,4,8,74,83,9,1.1216216216216217,42,9,1.0,0.0,0.0,0.0,-0.12162162162162163,0.0,0.03488372093023256
constructed_high,high_compressibility,2,24,capacity_aware,4,8,86,86,0,1.0,0,0,1.162162162162162,1.0,-0.03614457831325301,0.0,-0.16216216216216217,0.0,0.0
constructed_high,high_compressibility,2,24,smooth,4,8,74,74,0,1.0,0,0,1.0,1.0,0.10843373493975904,0.0,0.0,0.0,0.13953488372093023
constructed_high,high_compressibility,2,24,delivery_aware,4,8,74,75,1,1.0135135135135136,12,3,1.0,0.7142857142857143,0.0963855421686747,0.0,-0.013513513513513514,0.0,0.12790697674418605
constructed_high,high_compressibility,2,24,static,4,12,74,82,8,1.1081081081081081,42,8,1.0,0.0,0.0,0.0,-0.10810810810810811,0.0,0.046511627906976744
constructed_high,high_compressibility,2,24,capacity_aware,4,12,86,86,0,1.0,0,0,1.162162162162162,1.0,-0.04878048780487805,0.0,-0.16216216216216217,0.0,0.0
constructed_high,high_compressibility,2,24,smooth,4,12,74,74,0,1.0,0,0,1.0,1.0,0.0975609756097561,0.0,0.0,0.0,0.13953488372093023
constructed_high,high_compressibility,2,24,delivery_aware,4,12,74,74,0,1.0,12,0,1.0,0.7142857142857143,0.0975609756097561,0.0,0.0,0.0,0.13953488372093023
constructed_high,high_compressibility,2,24,static,5,0,74,82,8,1.1081081081081081,40,9,1.0,0.0,0.0,0.0,-0.10810810810810811,0.0,0.012048192771084338
constructed_high,high_compressibility,2,24,capacity_aware,5,0,83,83,0,1.0,0,0,1.1216216216216217,1.0,-0.012195121951219513,0.0,-0.12162162162162163,0.0,0.0
constructed_high,high_compressibility,2,24,smooth,5,0,74,74,0,1.0,0,0,1.0,1.0,0.0975609756097561,0.0,0.0,0.0,0.10843373493975904
constructed_high,high_compressibility,2,24,delivery_aware,5,0,74,74,0,1.0,0,0,1.0,1.0,0.0975609756097561,0.0,0.0,0.0,0.10843373493975904
constructed_high,high_compressibility,2,24,static,5,4,74,82,8,1.1081081081081081,40,8,1.0,0.0,0.0,0.0,-0.10810810810810811,0.0,0.012048192771084338
constructed_high,high_compressibility,2,24,capacity_aware,5,4,83,83,0,1.0,0,0,1.1216216216216217,1.0,-0.012195121951219513,0.0,-0.12162162162162163,0.0,0.0
constructed_high,high_compressibility,2,24,smooth,5,4,74,74,0,1.0,0,0,1.0,1.0,0.0975609756097561,0.0,0.0,0.0,0.10843373493975904
constructed_high,high_compressibility,2,24,delivery_aware,5,4,74,74,0,1.0,3,0,1.0,0.925,0.0975609756097561,0.0,0.0,0.0,0.10843373493975904
constructed_high,high_compressibility,2,24,static,5,8,74,81,7,1.0945945945945945,40,7,1.0,0.0,0.0,0.0,-0.0945945945945946,0.0,0.024096385542168676
constructed_high,high_compressibility,2,24,capacity_aware,5,8,83,83,0,1.0,0,0,1.1216216216216217,1.0,-0.024691358024691357,0.0,-0.12162162162162163,0.0,0.0
constructed_high,high_compressibility,2,24,smooth,5,8,74,74,0,1.0,0,0,1.0,1.0,0.08641975308641975,0.0,0.0,0.0,0.10843373493975904
constructed_high,high_compressibility,2,24,delivery_aware,5,8,74,75,1,1.0135135135135136,9,1,1.0,0.775,0.07407407407407407,0.0,-0.013513513513513514,0.0,0.0963855421686747
constructed_high,high_compressibility,2,24,static,5,12,74,80,6,1.0810810810810811,40,6,1.0,0.0,0.0,0.0,-0.08108108108108109,0.0,0.03614457831325301
constructed_high,high_compressibility,2,24,capacity_aware,5,12,83,83,0,1.0,0,0,1.1216216216216217,1.0,-0.0375,0.0,-0.12162162162162163,0.0,0.0
constructed_high,high_compressibility,2,24,smooth,5,12,74,74,0,1.0,0,0,1.0,1.0,0.075,0.0,0.0,0.0,0.10843373493975904
constructed_high,high_compressibility,2,24,delivery_aware,5,12,74,74,0,1.0,9,0,1.0,0.775,0.075,0.0,0.0,0.0,0.10843373493975904
constructed_medium,medium_compressibility,2,24,static,1,0,73,97,24,1.3287671232876712,24,48,1.0,0.0,0.0,-0.2631578947368421,-0.05434782608695652,0.0,0.049019607843137254
constructed_medium,medium_compressibility,2,24,capacity_aware,1,0,102,102,0,1.0,0,0,1.3972602739726028,1.0,-0.05154639175257732,1.0,-0.10869565217391304,0.0,0.0
constructed_medium,medium_compressibility,2,24,smooth,1,0,73,92,19,1.2602739726027397,19,35,1.0,0.20833333333333334,0.05154639175257732,0.0,0.0,0.0,0.09803921568627451
constructed_medium,medium_compressibility,2,24,delivery_aware,1,0,73,92,19,1.2602739726027397,19,37,1.0,0.20833333333333334,0.05154639175257732,0.0,0.0,0.0,0.09803921568627451
constructed_medium,medium_compressibility,2,24,static,1,4,73,93,20,1.273972602739726,24,38,1.0,0.0,0.0,-0.2631578947368421,-0.056818181818181816,0.0,0.08823529411764706
constructed_medium,medium_compressibility,2,24,capacity_aware,1,4,102,102,0,1.0,0,0,1.3972602739726028,1.0,-0.0967741935483871,1.0,-0.1590909090909091,0.0,0.0
constructed_medium,medium_compressibility,2,24,smooth,1,4,73,88,15,1.2054794520547945,19,24,1.0,0.20833333333333334,0.053763440860215055,0.0,0.0,0.0,0.13725490196078433
constructed_medium,medium_compressibility,2,24,delivery_aware,1,4,73,88,15,1.2054794520547945,19,34,1.0,0.20833333333333334,0.053763440860215055,0.0,0.0,0.0,0.13725490196078433
constructed_medium,medium_compressibility,2,24,static,1,8,73,89,16,1.2191780821917808,24,30,1.0,0.0,0.0,-0.2631578947368421,-0.05952380952380952,0.0,0.12745098039215685
constructed_medium,medium_compressibility,2,24,capacity_aware,1,8,102,102,0,1.0,0,0,1.3972602739726028,1.0,-0.14606741573033707,1.0,-0.21428571428571427,0.0,0.0
constructed_medium,medium_compressibility,2,24,smooth,1,8,73,84,11,1.1506849315068493,19,15,1.0,0.20833333333333334,0.056179775280898875,0.0,0.0,0.0,0.17647058823529413
constructed_medium,medium_compressibility,2,24,delivery_aware,1,8,73,84,11,1.1506849315068493,19,28,1.0,0.20833333333333334,0.056179775280898875,0.0,0.0,0.0,0.17647058823529413
constructed_medium,medium_compressibility,2,24,static,1,12,73,85,12,1.1643835616438356,24,20,1.0,0.0,0.0,-0.2631578947368421,-0.0625,0.0,0.16666666666666666
constructed_medium,medium_compressibility,2,24,capacity_aware,1,12,102,102,0,1.0,0,0,1.3972602739726028,1.0,-0.2,1.0,-0.275,0.0,0.0
constructed_medium,medium_compressibility,2,24,smooth,1,12,73,80,7,1.095890410958904,19,8,1.0,0.20833333333333334,0.058823529411764705,0.0,0.0,0.0,0.21568627450980393
constructed_medium,medium_compressibility,2,24,delivery_aware,1,12,73,80,7,1.095890410958904,19,19,1.0,0.20833333333333334,0.058823529411764705,0.0,0.0,0.0,0.21568627450980393
constructed_medium,medium_compressibility,2,24,static,2,0,73,75,2,1.0273972602739727,3,4,1.0,0.0,0.0,0.0,-0.0273972602739726,0.0,0.0963855421686747
constructed_medium,medium_compressibility,2,24,capacity_aware,2,0,83,83,0,1.0,0,0,1.1369863013698631,1.0,-0.10666666666666667,0.0,-0.136986301369863,0.0,0.0
constructed_medium,medium_compressibility,2,24,smooth,2,0,73,73,0,1.0,0,0,1.0,1.0,0.02666666666666667,0.0,0.0,0.0,0.12048192771084337
constructed_medium,medium_compressibility,2,24,delivery_aware,2,0,73,73,0,1.0,0,0,1.0,1.0,0.02666666666666667,0.0,0.0,0.0,0.12048192771084337
constructed_medium,medium_compressibility,2,24,static,2,4,73,73,0,1.0,3,0,1.0,0.0,0.0,0.0,0.0,0.0,0.12048192771084337
constructed_medium,medium_compressibility,2,24,capacity_aware,2,4,83,83,0,1.0,0,0,1.1369863013698631,1.0,-0.136986301369863,0.0,-0.136986301369863,0.0,0.0
constructed_medium,medium_compressibility,2,24,smooth,2,4,73,73,0,1.0,0,0,1.0,1.0,0.0,0.0,0.0,0.0,0.12048192771084337
constructed_medium,medium_compressibility,2,24,delivery_aware,2,4,73,73,0,1.0,0,0,1.0,1.0,0.0,0.0,0.0,0.0,0.12048192771084337
constructed_medium,medium_compressibility,2,24,static,2,8,73,73,0,1.0,3,0,1.0,0.0,0.0,0.0,0.0,0.0,0.12048192771084337
constructed_medium,medium_compressibility,2,24,capacity_aware,2,8,83,83,0,1.0,0,0,1.1369863013698631,1.0,-0.136986301369863,0.0,-0.136986301369863,0.0,0.0
constructed_medium,medium_compressibility,2,24,smooth,2,8,73,73,0,1.0,0,0,1.0,1.0,0.0,0.0,0.0,0.0,0.12048192771084337
constructed_medium,medium_compressibility,2,24,delivery_aware,2,8,73,73,0,1.0,1,0,1.0,0.6666666666666666,0.0,0.0,0.0,0.0,0.12048192771084337
constructed_medium,medium_compressibility,2,24,static,2,12,73,73,0,1.0,3,0,1.0,0.0,0.0,0.0,0.0,0.0,0.12048192771084337
constructed_medium,medium_compressibility,2,24,capacity_aware,2,12,83,83,0,1.0,0,0,1.1369863013698631,1.0,-0.136986301369863,0.0,-0.136986301369863,0.0,0.0
constructed_medium,medium_compressibility,2,24,smooth,2,12,73,73,0,1.0,0,0,1.0,1.0,0.0,0.0,0.0,0.0,0.12048192771084337
constructed_medium,medium_compressibility,2,24,delivery_aware,2,12,73,73,0,1.0,1,0,1.0,0.6666666666666666,0.0,0.0,0.0,0.0,0.12048192771084337
constructed_medium,medium_compressibility,2,24,static,3,0,73,74,1,1.0136986301369864,1,1,1.0,0.0,0.0,0.0,-0.0136986301369863,0.0,0.05128205128205128
constructed_medium,medium_compressibility,2,24,capacity_aware,3,0,78,78,0,1.0,0,0,1.0684931506849316,1.0,-0.05405405405405406,0.0,-0.0684931506849315,0.0,0.0
constructed_medium,medium_compressibility,2,24,smooth,3,0,73,73,0,1.0,0,0,1.0,1.0,0.013513513513513514,0.0,0.0,0.0,0.0641025641025641
constructed_medium,medium_compressibility,2,24,delivery_aware,3,0,73,73,0,1.0,0,0,1.0,1.0,0.013513513513513514,0.0,0.0,0.0,0.0641025641025641
constructed_medium,medium_compressibility,2,24,static,3,4,73,73,0,1.0,1,0,1.0,0.0,0.0,0.0,0.0,0.0,0.0641025641025641
constructed_medium,medium_compressibility,2,24,capacity_aware,3,4,78,78,0,1.0,0,0,1.0684931506849316,1.0,-0.0684931506849315,0.0,-0.0684931506849315,0.0,0.0
constructed_medium,medium_compressibility,2,24,smooth,3,4,73,73,0,1.0,0,0,1.0,1.0,0.0,0.0,0.0,0.0,0.0641025641025641
constructed_medium,medium_compressibility,2,24,delivery_aware,3,4,73,73,0,1.0,0,0,1.0,1.0,0.0,0.0,0.0,0.0,0.0641025641025641
constructed_medium,medium_compressibility,2,24,static,3,8,73,73,0,1.0,1,0,1.0,0.0,0.0,0.0,0.0,0.0,0.0641025641025641
constructed_medium,medium_compressibility,2,24,capacity_aware,3,8,78,78,0,1.0,0,0,1.0684931506849316,1.0,-0.0684931506849315,0.0,-0.0684931506849315,0.0,0.0
constructed_medium,medium_compressibility,2,24,smooth,3,8,73,73,0,1.0,0,0,1.0,1.0,0.0,0.0,0.0,0.0,0.0641025641025641
constructed_medium,medium_compressibility,2,24,delivery_aware,3,8,73,73,0,1.0,0,0,1.0,1.0,0.0,0.0,0.0,0.0,0.0641025641025641
constructed_medium,medium_compressibility,2,24,static,3,12,73,73,0,1.0,1,0,1.0,0.0,0.0,0.0,0.0,0.0,0.0641025641025641
constructed_medium,medium_compressibility,2,24,capacity_aware,3,12,78,78,0,1.0,0,0,1.0684931506849316,1.0,-0.0684931506849315,0.0,-0.0684931506849315,0.0,0.0
constructed_medium,medium_compressibility,2,24,smooth,3,12,73,73,0,1.0,0,0,1.0,1.0,0.0,0.0,0.0,0.0,0.0641025641025641
constructed_medium,medium_compressibility,2,24,delivery_aware,3,12,73,73,0,1.0,0,0,1.0,1.0,0.0,0.0,0.0,0.0,0.0641025641025641
constructed_medium,medium_compressibility,2,24,static,4,0,73,73,0,1.0,0,0,1.0,0.0,0.0,0.0,0.0,0.0,0.05194805194805195
constructed_medium,medium_compressibility,2,24,capacity_aware,4,0,77,77,0,1.0,0,0,1.0547945205479452,0.0,-0.0547945205479452,0.0,-0.0547945205479452,0.0,0.0
constructed_medium,medium_compressibility,2,24,smooth,4,0,73,73,0,1.0,0,0,1.0,0.0,0.0,0.0,0.0,0.0,0.05194805194805195
constructed_medium,medium_compressibility,2,24,delivery_aware,4,0,73,73,0,1.0,0,0,1.0,0.0,0.0,0.0,0.0,0.0,0.05194805194805195
constructed_medium,medium_compressibility,2,24,static,4,4,73,73,0,1.0,0,0,1.0,0.0,0.0,0.0,0.0,0.0,0.05194805194805195
constructed_medium,medium_compressibility,2,24,capacity_aware,4,4,77,77,0,1.0,0,0,1.0547945205479452,0.0,-0.0547945205479452,0.0,-0.0547945205479452,0.0,0.0
constructed_medium,medium_compressibility,2,24,smooth,4,4,73,73,0,1.0,0,0,1.0,0.0,0.0,0.0,0.0,0.0,0.05194805194805195
constructed_medium,medium_compressibility,2,24,delivery_aware,4,4,73,73,0,1.0,0,0,1.0,0.0,0.0,0.0,0.0,0.0,0.05194805194805195
constructed_medium,medium_compressibility,2,24,static,4,8,73,73,0,1.0,0,0,1.0,0.0,0.0,0.0,0.0,0.0,0.05194805194805195
constructed_medium,medium_compressibility,2,24,capacity_aware,4,8,77,77,0,1.0,0,0,1.0547945205479452,0.0,-0.0547945205479452,0.0,-0.0547945205479452,0.0,0.0
constructed_medium,medium_compressibility,2,24,smooth,4,8,73,73,0,1.0,0,0,1.0,0.0,0.0,0.0,0.0,0.0,0.05194805194805195
constructed_medium,medium_compressibility,2,24,delivery_aware,4,8,73,73,0,1.0,0,0,1.0,0.0,0.0,0.0,0.0,0.0,0.05194805194805195
constructed_medium,medium_compressibility,2,24,static,4,12,73,73,0,1.0,0,0,1.0,0.0,0.0,0.0,0.0,0.0,0.05194805194805195
constructed_medium,medium_compressibility,2,24,capacity_aware,4,12,77,77,0,1.0,0,0,1.0547945205479452,0.0,-0.0547945205479452,0.0,-0.0547945205479452,0.0,0.0
constructed_medium,medium_compressibility,2,24,smooth,4,12,73,73,0,1.0,0,0,1.0,0.0,0.0,0.0,0.0,0.0,0.05194805194805195
constructed_medium,medium_compressibility,2,24,delivery_aware,4,12,73,73,0,1.0,0,0,1.0,0.0,0.0,0.0,0.0,0.0,0.05194805194805195
constructed_medium,medium_compressibility,2,24,static,5,0,73,73,0,1.0,0,0,1.0,0.0,0.0,0.0,0.0,0.0,0.02666666666666667
constructed_medium,medium_compressibility,2,24,capacity_aware,5,0,75,75,0,1.0,0,0,1.0273972602739727,0.0,-0.0273972602739726,0.0,-0.0273972602739726,0.0,0.0
constructed_medium,medium_compressibility,2,24,smooth,5,0,73,73,0,1.0,0,0,1.0,0.0,0.0,0.0,0.0,0.0,0.02666666666666667
constructed_medium,medium_compressibility,2,24,delivery_aware,5,0,73,73,0,1.0,0,0,1.0,0.0,0.0,0.0,0.0,0.0,0.02666666666666667
constructed_medium,medium_compressibility,2,24,static,5,4,73,73,0,1.0,0,0,1.0,0.0,0.0,0.0,0.0,0.0,0.02666666666666667
constructed_medium,medium_compressibility,2,24,capacity_aware,5,4,75,75,0,1.0,0,0,1.0273972602739727,0.0,-0.0273972602739726,0.0,-0.0273972602739726,0.0,0.0
constructed_medium,medium_compressibility,2,24,smooth,5,4,73,73,0,1.0,0,0,1.0,0.0,0.0,0.0,0.0,0.0,0.02666666666666667
constructed_medium,medium_compressibility,2,24,delivery_aware,5,4,73,73,0,1.0,0,0,1.0,0.0,0.0,0.0,0.0,0.0,0.02666666666666667
constructed_medium,medium_compressibility,2,24,static,5,8,73,73,0,1.0,0,0,1.0,0.0,0.0,0.0,0.0,0.0,0.02666666666666667
constructed_medium,medium_compressibility,2,24,capacity_aware,5,8,75,75,0,1.0,0,0,1.0273972602739727,0.0,-0.0273972602739726,0.0,-0.0273972602739726,0.0,0.0
constructed_medium,medium_compressibility,2,24,smooth,5,8,73,73,0,1.0,0,0,1.0,0.0,0.0,0.0,0.0,0.0,0.02666666666666667
constructed_medium,medium_compressibility,2,24,delivery_aware,5,8,73,73,0,1.0,0,0,1.0,0.0,0.0,0.0,0.0,0.0,0.02666666666666667
constructed_medium,medium_compressibility,2,24,static,5,12,73,73,0,1.0,0,0,1.0,0.0,0.0,0.0,0.0,0.0,0.02666666666666667
constructed_medium,medium_compressibility,2,24,capacity_aware,5,12,75,75,0,1.0,0,0,1.0273972602739727,0.0,-0.0273972602739726,0.0,-0.0273972602739726,0.0,0.0
constructed_medium,medium_compressibility,2,24,smooth,5,12,73,73,0,1.0,0,0,1.0,0.0,0.0,0.0,0.0,0.0,0.02666666666666667
constructed_medium,medium_compressibility,2,24,delivery_aware,5,12,73,73,0,1.0,0,0,1.0,0.0,0.0,0.0,0.0,0.0,0.02666666666666667
constructed_low,low_compressibility,2,24,static,1,0,110,110,0,1.0,0,0,1.0,0.0,0.0,0.0,0.0,0.0,0.0
constructed_low,low_compressibility,2,24,capacity_aware,1,0,110,110,0,1.0,0,0,1.0,0.0,0.0,0.0,0.0,0.0,0.0
constructed_low,low_compressibility,2,24,smooth,1,0,110,110,0,1.0,0,0,1.0,0.0,0.0,0.0,0.0,0.0,0.0
constructed_low,low_compressibility,2,24,delivery_aware,1,0,110,110,0,1.0,0,0,1.0,0.0,0.0,0.0,0.0,0.0,0.0
constructed_low,low_compressibility,2,24,static,1,4,110,110,0,1.0,0,0,1.0,0.0,0.0,0.0,0.0,0.0,0.0
constructed_low,low_compressibility,2,24,capacity_aware,1,4,110,110,0,1.0,0,0,1.0,0.0,0.0,0.0,0.0,0.0,0.0
constructed_low,low_compressibility,2,24,smooth,1,4,110,110,0,1.0,0,0,1.0,0.0,0.0,0.0,0.0,0.0,0.0
constructed_low,low_compressibility,2,24,delivery_aware,1,4,110,110,0,1.0,0,0,1.0,0.0,0.0,0.0,0.0,0.0,0.0
constructed_low,low_compressibility,2,24,static,1,8,110,110,0,1.0,0,0,1.0,0.0,0.0,0.0,0.0,0.0,0.0
constructed_low,low_compressibility,2,24,capacity_aware,1,8,110,110,0,1.0,0,0,1.0,0.0,0.0,0.0,0.0,0.0,0.0
constructed_low,low_compressibility,2,24,smooth,1,8,110,110,0,1.0,0,0,1.0,0.0,0.0,0.0,0.0,0.0,0.0
constructed_low,low_compressibility,2,24,delivery_aware,1,8,110,110,0,1.0,0,0,1.0,0.0,0.0,0.0,0.0,0.0,0.0
constructed_low,low_compressibility,2,24,static,1,12,110,110,0,1.0,0,0,1.0,0.0,0.0,0.0,0.0,0.0,0.0
constructed_low,low_compressibility,2,24,capacity_aware,1,12,110,110,0,1.0,0,0,1.0,0.0,0.0,0.0,0.0,0.0,0.0
constructed_low,low_compressibility,2,24,smooth,1,12,110,110,0,1.0,0,0,1.0,0.0,0.0,0.0,0.0,0.0,0.0
constructed_low,low_compressibility,2,24,delivery_aware,1,12,110,110,0,1.0,0,0,1.0,0.0,0.0,0.0,0.0,0.0,0.0
constructed_low,low_compressibility,2,24,static,2,0,110,110,0,1.0,0,0,1.0,0.0,0.0,0.0,0.0,0.0,0.0
constructed_low,low_compressibility,2,24,capacity_aware,2,0,110,110,0,1.0,0,0,1.0,0.0,0.0,0.0,0.0,0.0,0.0
constructed_low,low_compressibility,2,24,smooth,2,0,110,110,0,1.0,0,0,1.0,0.0,0.0,0.0,0.0,0.0,0.0
constructed_low,low_compressibility,2,24,delivery_aware,2,0,110,110,0,1.0,0,0,1.0,0.0,0.0,0.0,0.0,0.0,0.0
constructed_low,low_compressibility,2,24,static,2,4,110,110,0,1.0,0,0,1.0,0.0,0.0,0.0,0.0,0.0,0.0
constructed_low,low_compressibility,2,24,capacity_aware,2,4,110,110,0,1.0,0,0,1.0,0.0,0.0,0.0,0.0,0.0,0.0
constructed_low,low_compressibility,2,24,smooth,2,4,110,110,0,1.0,0,0,1.0,0.0,0.0,0.0,0.0,0.0,0.0
constructed_low,low_compressibility,2,24,delivery_aware,2,4,110,110,0,1.0,0,0,1.0,0.0,0.0,0.0,0.0,0.0,0.0
constructed_low,low_compressibility,2,24,static,2,8,110,110,0,1.0,0,0,1.0,0.0,0.0,0.0,0.0,0.0,0.0
constructed_low,low_compressibility,2,24,capacity_aware,2,8,110,110,0,1.0,0,0,1.0,0.0,0.0,0.0,0.0,0.0,0.0
constructed_low,low_compressibility,2,24,smooth,2,8,110,110,0,1.0,0,0,1.0,0.0,0.0,0.0,0.0,0.0,0.0
constructed_low,low_compressibility,2,24,delivery_aware,2,8,110,110,0,1.0,0,0,1.0,0.0,0.0,0.0,0.0,0.0,0.0
constructed_low,low_compressibility,2,24,static,2,12,110,110,0,1.0,0,0,1.0,0.0,0.0,0.0,0.0,0.0,0.0
constructed_low,low_compressibility,2,24,capacity_aware,2,12,110,110,0,1.0,0,0,1.0,0.0,0.0,0.0,0.0,0.0,0.0
constructed_low,low_compressibility,2,24,smooth,2,12,110,110,0,1.0,0,0,1.0,0.0,0.0,0.0,0.0,0.0,0.0
constructed_low,low_compressibility,2,24,delivery_aware,2,12,110,110,0,1.0,0,0,1.0,0.0,0.0,0.0,0.0,0.0,0.0
constructed_low,low_compressibility,2,24,static,3,0,110,110,0,1.0,0,0,1.0,0.0,0.0,0.0,0.0,0.0,0.0
constructed_low,low_compressibility,2,24,capacity_aware,3,0,110,110,0,1.0,0,0,1.0,0.0,0.0,0.0,0.0,0.0,0.0
constructed_low,low_compressibility,2,24,smooth,3,0,110,110,0,1.0,0,0,1.0,0.0,0.0,0.0,0.0,0.0,0.0
constructed_low,low_compressibility,2,24,delivery_aware,3,0,110,110,0,1.0,0,0,1.0,0.0,0.0,0.0,0.0,0.0,0.0
constructed_low,low_compressibility,2,24,static,3,4,110,110,0,1.0,0,0,1.0,0.0,0.0,0.0,0.0,0.0,0.0
constructed_low,low_compressibility,2,24,capacity_aware,3,4,110,110,0,1.0,0,0,1.0,0.0,0.0,0.0,0.0,0.0,0.0
constructed_low,low_compressibility,2,24,smooth,3,4,110,110,0,1.0,0,0,1.0,0.0,0.0,0.0,0.0,0.0,0.0
constructed_low,low_compressibility,2,24,delivery_aware,3,4,110,110,0,1.0,0,0,1.0,0.0,0.0,0.0,0.0,0.0,0.0
constructed_low,low_compressibility,2,24,static,3,8,110,110,0,1.0,0,0,1.0,0.0,0.0,0.0,0.0,0.0,0.0
constructed_low,low_compressibility,2,24,capacity_aware,3,8,110,110,0,1.0,0,0,1.0,0.0,0.0,0.0,0.0,0.0,0.0
constructed_low,low_compressibility,2,24,smooth,3,8,110,110,0,1.0,0,0,1.0,0.0,0.0,0.0,0.0,0.0,0.0
constructed_low,low_compressibility,2,24,delivery_aware,3,8,110,110,0,1.0,0,0,1.0,0.0,0.0,0.0,0.0,0.0,0.0
constructed_low,low_compressibility,2,24,static,3,12,110,110,0,1.0,0,0,1.0,0.0,0.0,0.0,0.0,0.0,0.0
constructed_low,low_compressibility,2,24,capacity_aware,3,12,110,110,0,1.0,0,0,1.0,0.0,0.0,0.0,0.0,0.0,0.0
constructed_low,low_compressibility,2,24,smooth,3,12,110,110,0,1.0,0,0,1.0,0.0,0.0,0.0,0.0,0.0,0.0
constructed_low,low_compressibility,2,24,delivery_aware,3,12,110,110,0,1.0,0,0,1.0,0.0,0.0,0.0,0.0,0.0,0.0
constructed_low,low_compressibility,2,24,static,4,0,110,110,0,1.0,0,0,1.0,0.0,0.0,0.0,0.0,0.0,0.0
constructed_low,low_compressibility,2,24,capacity_aware,4,0,110,110,0,1.0,0,0,1.0,0.0,0.0,0.0,0.0,0.0,0.0
constructed_low,low_compressibility,2,24,smooth,4,0,110,110,0,1.0,0,0,1.0,0.0,0.0,0.0,0.0,0.0,0.0
constructed_low,low_compressibility,2,24,delivery_aware,4,0,110,110,0,1.0,0,0,1.0,0.0,0.0,0.0,0.0,0.0,0.0
constructed_low,low_compressibility,2,24,static,4,4,110,110,0,1.0,0,0,1.0,0.0,0.0,0.0,0.0,0.0,0.0
constructed_low,low_compressibility,2,24,capacity_aware,4,4,110,110,0,1.0,0,0,1.0,0.0,0.0,0.0,0.0,0.0,0.0
constructed_low,low_compressibility,2,24,smooth,4,4,110,110,0,1.0,0,0,1.0,0.0,0.0,0.0,0.0,0.0,0.0
constructed_low,low_compressibility,2,24,delivery_aware,4,4,110,110,0,1.0,0,0,1.0,0.0,0.0,0.0,0.0,0.0,0.0
constructed_low,low_compressibility,2,24,static,4,8,110,110,0,1.0,0,0,1.0,0.0,0.0,0.0,0.0,0.0,0.0
constructed_low,low_compressibility,2,24,capacity_aware,4,8,110,110,0,1.0,0,0,1.0,0.0,0.0,0.0,0.0,0.0,0.0
constructed_low,low_compressibility,2,24,smooth,4,8,110,110,0,1.0,0,0,1.0,0.0,0.0,0.0,0.0,0.0,0.0
constructed_low,low_compressibility,2,24,delivery_aware,4,8,110,110,0,1.0,0,0,1.0,0.0,0.0,0.0,0.0,0.0,0.0
constructed_low,low_compressibility,2,24,static,4,12,110,110,0,1.0,0,0,1.0,0.0,0.0,0.0,0.0,0.0,0.0
constructed_low,low_compressibility,2,24,capacity_aware,4,12,110,110,0,1.0,0,0,1.0,0.0,0.0,0.0,0.0,0.0,0.0
constructed_low,low_compressibility,2,24,smooth,4,12,110,110,0,1.0,0,0,1.0,0.0,0.0,0.0,0.0,0.0,0.0
constructed_low,low_compressibility,2,24,delivery_aware,4,12,110,110,0,1.0,0,0,1.0,0.0,0.0,0.0,0.0,0.0,0.0
constructed_low,low_compressibility,2,24,static,5,0,110,110,0,1.0,0,0,1.0,0.0,0.0,0.0,0.0,0.0,0.0
constructed_low,low_compressibility,2,24,capacity_aware,5,0,110,110,0,1.0,0,0,1.0,0.0,0.0,0.0,0.0,0.0,0.0
constructed_low,low_compressibility,2,24,smooth,5,0,110,110,0,1.0,0,0,1.0,0.0,0.0,0.0,0.0,0.0,0.0
constructed_low,low_compressibility,2,24,delivery_aware,5,0,110,110,0,1.0,0,0,1.0,0.0,0.0,0.0,0.0,0.0,0.0
constructed_low,low_compressibility,2,24,static,5,4,110,110,0,1.0,0,0,1.0,0.0,0.0,0.0,0.0,0.0,0.0
constructed_low,low_compressibility,2,24,capacity_aware,5,4,110,110,0,1.0,0,0,1.0,0.0,0.0,0.0,0.0,0.0,0.0
constructed_low,low_compressibility,2,24,smooth,5,4,110,110,0,1.0,0,0,1.0,0.0,0.0,0.0,0.0,0.0,0.0
constructed_low,low_compressibility,2,24,delivery_aware,5,4,110,110,0,1.0,0,0,1.0,0.0,0.0,0.0,0.0,0.0,0.0
constructed_low,low_compressibility,2,24,static,5,8,110,110,0,1.0,0,0,1.0,0.0,0.0,0.0,0.0,0.0,0.0
constructed_low,low_compressibility,2,24,capacity_aware,5,8,110,110,0,1.0,0,0,1.0,0.0,0.0,0.0,0.0,0.0,0.0
constructed_low,low_compressibility,2,24,smooth,5,8,110,110,0,1.0,0,0,1.0,0.0,0.0,0.0,0.0,0.0,0.0
constructed_low,low_compressibility,2,24,delivery_aware,5,8,110,110,0,1.0,0,0,1.0,0.0,0.0,0.0,0.0,0.0,0.0
constructed_low,low_compressibility,2,24,static,5,12,110,110,0,1.0,0,0,1.0,0.0,0.0,0.0,0.0,0.0,0.0
constructed_low,low_compressibility,2,24,capacity_aware,5,12,110,110,0,1.0,0,0,1.0,0.0,0.0,0.0,0.0,0.0,0.0
constructed_low,low_compressibility,2,24,smooth,5,12,110,110,0,1.0,0,0,1.0,0.0,0.0,0.0,0.0,0.0,0.0
constructed_low,low_compressibility,2,24,delivery_aware,5,12,110,110,0,1.0,0,0,1.0,0.0,0.0,0.0,0.0,0.0,0.0
constructed_high,high_compressibility,3,24,static,1,0,77,133,56,1.7272727272727273,56,65,1.0,0.0,0.0,0.0,-0.7272727272727273,0.0,0.007462686567164179
constructed_high,high_compressibility,3,24,capacity_aware,1,0,134,134,0,1.0,0,0,1.7402597402597402,1.0,-0.007518796992481203,0.0,-0.7402597402597403,0.0,0.0
constructed_high,high_compressibility,3,24,smooth,1,0,77,77,0,1.0,0,0,1.0,1.0,0.42105263157894735,0.0,0.0,0.0,0.4253731343283582
constructed_high,high_compressibility,3,24,delivery_aware,1,0,77,77,0,1.0,0,0,1.0,1.0,0.42105263157894735,0.0,0.0,0.0,0.4253731343283582
constructed_high,high_compressibility,3,24,static,1,4,77,129,52,1.6753246753246753,56,60,1.0,0.0,0.0,0.0,-0.6753246753246753,0.0,0.03731343283582089
constructed_high,high_compressibility,3,24,capacity_aware,1,4,134,134,0,1.0,0,0,1.7402597402597402,1.0,-0.03875968992248062,0.0,-0.7402597402597403,0.0,0.0
constructed_high,high_compressibility,3,24,smooth,1,4,77,77,0,1.0,0,0,1.0,1.0,0.40310077519379844,0.0,0.0,0.0,0.4253731343283582
constructed_high,high_compressibility,3,24,delivery_aware,1,4,77,78,1,1.0129870129870129,5,55,1.0,0.9107142857142857,0.3953488372093023,0.0,-0.012987012987012988,0.0,0.417910447761194
constructed_high,high_compressibility,3,24,static,1,8,77,125,48,1.6233766233766234,56,55,1.0,0.0,0.0,0.0,-0.6233766233766234,0.0,0.06716417910447761
constructed_high,high_compressibility,3,24,capacity_aware,1,8,134,134,0,1.0,0,0,1.7402597402597402,1.0,-0.072,0.0,-0.7402597402597403,0.0,0.0
constructed_high,high_compressibility,3,24,smooth,1,8,77,77,0,1.0,0,0,1.0,1.0,0.384,0.0,0.0,0.0,0.4253731343283582
constructed_high,high_compressibility,3,24,delivery_aware,1,8,77,78,1,1.0129870129870129,9,51,1.0,0.8392857142857143,0.376,0.0,-0.012987012987012988,0.0,0.417910447761194
constructed_high,high_compressibility,3,24,static,1,12,77,121,44,1.5714285714285714,56,51,1.0,0.0,0.0,0.0,-0.5714285714285714,0.0,0.09701492537313433
constructed_high,high_compressibility,3,24,capacity_aware,1,12,134,134,0,1.0,0,0,1.7402597402597402,1.0,-0.10743801652892562,0.0,-0.7402597402597403,0.0,0.0
constructed_high,high_compressibility,3,24,smooth,1,12,77,77,0,1.0,0,0,1.0,1.0,0.36363636363636365,0.0,0.0,0.0,0.4253731343283582
constructed_high,high_compressibility,3,24,delivery_aware,1,12,77,78,1,1.0129870129870129,13,45,1.0,0.7678571428571429,0.35537190082644626,0.0,-0.012987012987012988,0.0,0.417910447761194
constructed_high,high_compressibility,3,24,static,2,0,77,104,27,1.3506493506493507,54,29,1.0,0.0,0.0,0.0,-0.35064935064935066,0.0,0.009523809523809525
constructed_high,high_compressibility,3,24,capacity_aware,2,0,105,105,0,1.0,0,0,1.3636363636363635,1.0,-0.009615384615384616,0.0,-0.36363636363636365,0.0,0.0
constructed_high,high_compressibility,3,24,smooth,2,0,77,77,0,1.0,0,0,1.0,1.0,0.25961538461538464,0.0,0.0,0.0,0.26666666666666666
constructed_high,high_compressibility,3,24,delivery_aware,2,0,77,77,0,1.0,0,0,1.0,1.0,0.25961538461538464,0.0,0.0,0.0,0.26666666666666666
constructed_high,high_compressibility,3,24,static,2,4,77,102,25,1.3246753246753247,54,27,1.0,0.0,0.0,0.0,-0.3246753246753247,0.0,0.02857142857142857
constructed_high,high_compressibility,3,24,capacity_aware,2,4,105,105,0,1.0,0,0,1.3636363636363635,1.0,-0.029411764705882353,0.0,-0.36363636363636365,0.0,0.0
constructed_high,high_compressibility,3,24,smooth,2,4,77,77,0,1.0,0,0,1.0,1.0,0.24509803921568626,0.0,0.0,0.0,0.26666666666666666
constructed_high,high_compressibility,3,24,delivery_aware,2,4,77,78,1,1.0129870129870129,6,21,1.0,0.8888888888888888,0.23529411764705882,0.0,-0.012987012987012988,0.0,0.2571428571428571
constructed_high,high_compressibility,3,24,static,2,8,77,100,23,1.2987012987012987,54,25,1.0,0.0,0.0,0.0,-0.2987012987012987,0.0,0.047619047619047616
constructed_high,high_compressibility,3,24,capacity_aware,2,8,105,105,0,1.0,0,0,1.3636363636363635,1.0,-0.05,0.0,-0.36363636363636365,0.0,0.0
constructed_high,high_compressibility,3,24,smooth,2,8,77,77,0,1.0,0,0,1.0,1.0,0.23,0.0,0.0,0.0,0.26666666666666666
constructed_high,high_compressibility,3,24,delivery_aware,2,8,77,78,1,1.0129870129870129,10,20,1.0,0.8148148148148148,0.22,0.0,-0.012987012987012988,0.0,0.2571428571428571
constructed_high,high_compressibility,3,24,static,2,12,77,98,21,1.2727272727272727,54,23,1.0,0.0,0.0,0.0,-0.2727272727272727,0.0,0.06666666666666667
constructed_high,high_compressibility,3,24,capacity_aware,2,12,105,105,0,1.0,0,0,1.3636363636363635,1.0,-0.07142857142857142,0.0,-0.36363636363636365,0.0,0.0
constructed_high,high_compressibility,3,24,smooth,2,12,77,77,0,1.0,0,0,1.0,1.0,0.21428571428571427,0.0,0.0,0.0,0.26666666666666666
constructed_high,high_compressibility,3,24,delivery_aware,2,12,77,78,1,1.0129870129870129,14,16,1.0,0.7407407407407407,0.20408163265306123,0.0,-0.012987012987012988,0.0,0.2571428571428571
constructed_high,high_compressibility,3,24,static,3,0,77,95,18,1.2337662337662338,52,18,1.0,0.0,0.0,0.0,-0.23376623376623376,0.0,0.010416666666666666
constructed_high,high_compressibility,3,24,capacity_aware,3,0,96,96,0,1.0,0,0,1.2467532467532467,1.0,-0.010526315789473684,0.0,-0.24675324675324675,0.0,0.0
constructed_high,high_compressibility,3,24,smooth,3,0,77,77,0,1.0,0,0,1.0,1.0,0.18947368421052632,0.0,0.0,0.0,0.19791666666666666
constructed_high,high_compressibility,3,24,delivery_aware,3,0,77,77,0,1.0,0,0,1.0,1.0,0.18947368421052632,0.0,0.0,0.0,0.19791666666666666
constructed_high,high_compressibility,3,24,static,3,4,77,93,16,1.2077922077922079,52,17,1.0,0.0,0.0,0.0,-0.2077922077922078,0.0,0.03125
constructed_high,high_compressibility,3,24,capacity_aware,3,4,96,96,0,1.0,0,0,1.2467532467532467,1.0,-0.03225806451612903,0.0,-0.24675324675324675,0.0,0.0
constructed_high,high_compressibility,3,24,smooth,3,4,77,77,0,1.0,0,0,1.0,1.0,0.17204301075268819,0.0,0.0,0.0,0.19791666666666666
constructed_high,high_compressibility,3,24,delivery_aware,3,4,77,78,1,1.0129870129870129,7,10,1.0,0.8653846153846154,0.16129032258064516,0.0,-0.012987012987012988,0.0,0.1875
constructed_high,high_compressibility,3,24,static,3,8,77,92,15,1.1948051948051948,52,16,1.0,0.0,0.0,0.0,-0.19480519480519481,0.0,0.041666666666666664
constructed_high,high_compressibility,3,24,capacity_aware,3,8,96,96,0,1.0,0,0,1.2467532467532467,1.0,-0.043478260869565216,0.0,-0.24675324675324675,0.0,0.0
constructed_high,high_compressibility,3,24,smooth,3,8,77,77,0,1.0,0,0,1.0,1.0,0.16304347826086957,0.0,0.0,0.0,0.19791666666666666
constructed_high,high_compressibility,3,24,delivery_aware,3,8,77,78,1,1.0129870129870129,11,11,1.0,0.7884615384615384,0.15217391304347827,0.0,-0.012987012987012988,0.0,0.1875
constructed_high,high_compressibility,3,24,static,3,12,77,91,14,1.1818181818181819,52,14,1.0,0.0,0.0,0.0,-0.18181818181818182,0.0,0.052083333333333336
constructed_high,high_compressibility,3,24,capacity_aware,3,12,96,96,0,1.0,0,0,1.2467532467532467,1.0,-0.054945054945054944,0.0,-0.24675324675324675,0.0,0.0
constructed_high,high_compressibility,3,24,smooth,3,12,77,77,0,1.0,0,0,1.0,1.0,0.15384615384615385,0.0,0.0,0.0,0.19791666666666666
constructed_high,high_compressibility,3,24,delivery_aware,3,12,77,78,1,1.0129870129870129,15,7,1.0,0.7115384615384616,0.14285714285714285,0.0,-0.012987012987012988,0.0,0.1875
constructed_high,high_compressibility,3,24,static,4,0,77,90,13,1.1688311688311688,50,13,1.0,0.0,0.0,0.0,-0.16883116883116883,0.0,0.01098901098901099
constructed_high,high_compressibility,3,24,capacity_aware,4,0,91,91,0,1.0,0,0,1.1818181818181819,1.0,-0.011111111111111112,0.0,-0.18181818181818182,0.0,0.0
constructed_high,high_compressibility,3,24,smooth,4,0,77,77,0,1.0,0,0,1.0,1.0,0.14444444444444443,0.0,0.0,0.0,0.15384615384615385
constructed_high,high_compressibility,3,24,delivery_aware,4,0,77,77,0,1.0,0,0,1.0,1.0,0.14444444444444443,0.0,0.0,0.0,0.15384615384615385
constructed_high,high_compressibility,3,24,static,4,4,77,89,12,1.155844155844156,50,12,1.0,0.0,0.0,0.0,-0.15584415584415584,0.0,0.02197802197802198
constructed_high,high_compressibility,3,24,capacity_aware,4,4,91,91,0,1.0,0,0,1.1818181818181819,1.0,-0.02247191011235955,0.0,-0.18181818181818182,0.0,0.0
constructed_high,high_compressibility,3,24,smooth,4,4,77,77,0,1.0,0,0,1.0,1.0,0.1348314606741573,0.0,0.0,0.0,0.15384615384615385
constructed_high,high_compressibility,3,24,delivery_aware,4,4,77,78,1,1.0129870129870129,7,4,1.0,0.86,0.12359550561797752,0.0,-0.012987012987012988,0.0,0.14285714285714285
constructed_high,high_compressibility,3,24,static,4,8,77,88,11,1.1428571428571428,50,11,1.0,0.0,0.0,0.0,-0.14285714285714285,0.0,0.03296703296703297
constructed_high,high_compressibility,3,24,capacity_aware,4,8,91,91,0,1.0,0,0,1.1818181818181819,1.0,-0.03409090909090909,0.0,-0.18181818181818182,0.0,0.0
constructed_high,high_compressibility,3,24,smooth,4,8,77,77,0,1.0,0,0,1.0,1.0,0.125,0.0,0.0,0.0,0.15384615384615385
constructed_high,high_compressibility,3,24,delivery_aware,4,8,77,78,1,1.0129870129870129,12,5,1.0,0.76,0.11363636363636363,0.0,-0.012987012987012988,0.0,0.14285714285714285
constructed_high,high_compressibility,3,24,static,4,12,77,87,10,1.12987012987013,50,10,1.0,0.0,0.0,0.0,-0.12987012987012986,0.0,0.04395604395604396
constructed_high,high_compressibility,3,24,capacity_aware,4,12,91,91,0,1.0,0,0,1.1818181818181819,1.0,-0.04597701149425287,0.0,-0.18181818181818182,0.0,0.0
constructed_high,high_compressibility,3,24,smooth,4,12,77,77,0,1.0,0,0,1.0,1.0,0.11494252873563218,0.0,0.0,0.0,0.15384615384615385
constructed_high,high_compressibility,3,24,delivery_aware,4,12,77,78,1,1.0129870129870129,15,2,1.0,0.7,0.10344827586206896,0.0,-0.012987012987012988,0.0,0.14285714285714285
constructed_high,high_compressibility,3,24,static,5,0,77,87,10,1.12987012987013,48,10,1.0,0.0,0.0,0.0,-0.12987012987012986,0.0,0.011363636363636364
constructed_high,high_compressibility,3,24,capacity_aware,5,0,88,88,0,1.0,0,0,1.1428571428571428,1.0,-0.011494252873563218,0.0,-0.14285714285714285,0.0,0.0
constructed_high,high_compressibility,3,24,smooth,5,0,77,77,0,1.0,0,0,1.0,1.0,0.11494252873563218,0.0,0.0,0.0,0.125
constructed_high,high_compressibility,3,24,delivery_aware,5,0,77,77,0,1.0,0,0,1.0,1.0,0.11494252873563218,0.0,0.0,0.0,0.125
constructed_high,high_compressibility,3,24,static,5,4,77,86,9,1.1168831168831168,48,9,1.0,0.0,0.0,0.0,-0.11688311688311688,0.0,0.022727272727272728
constructed_high,high_compressibility,3,24,capacity_aware,5,4,88,88,0,1.0,0,0,1.1428571428571428,1.0,-0.023255813953488372,0.0,-0.14285714285714285,0.0,0.0
constructed_high,high_compressibility,3,24,smooth,5,4,77,77,0,1.0,0,0,1.0,1.0,0.10465116279069768,0.0,0.0,0.0,0.125
constructed_high,high_compressibility,3,24,delivery_aware,5,4,77,77,0,1.0,4,0,1.0,0.9166666666666666,0.10465116279069768,0.0,0.0,0.0,0.125
constructed_high,high_compressibility,3,24,static,5,8,77,85,8,1.103896103896104,48,9,1.0,0.0,0.0,0.0,-0.1038961038961039,0.0,0.03409090909090909
constructed_high,high_compressibility,3,24,capacity_aware,5,8,88,88,0,1.0,0,0,1.1428571428571428,1.0,-0.03529411764705882,0.0,-0.14285714285714285,0.0,0.0
constructed_high,high_compressibility,3,24,smooth,5,8,77,77,0,1.0,0,0,1.0,1.0,0.09411764705882353,0.0,0.0,0.0,0.125
constructed_high,high_compressibility,3,24,delivery_aware,5,8,77,78,1,1.0129870129870129,11,3,1.0,0.7708333333333334,0.08235294117647059,0.0,-0.012987012987012988,0.0,0.11363636363636363
constructed_high,high_compressibility,3,24,static,5,12,77,85,8,1.103896103896104,48,8,1.0,0.0,0.0,0.0,-0.1038961038961039,0.0,0.03409090909090909
constructed_high,high_compressibility,3,24,capacity_aware,5,12,88,88,0,1.0,0,0,1.1428571428571428,1.0,-0.03529411764705882,0.0,-0.14285714285714285,0.0,0.0
constructed_high,high_compressibility,3,24,smooth,5,12,77,77,0,1.0,0,0,1.0,1.0,0.09411764705882353,0.0,0.0,0.0,0.125
constructed_high,high_compressibility,3,24,delivery_aware,5,12,77,77,0,1.0,11,0,1.0,0.7708333333333334,0.09411764705882353,0.0,0.0,0.0,0.125
constructed_medium,medium_compressibility,3,24,static,1,0,73,95,22,1.3013698630136987,22,46,1.0,0.0,0.0,-0.4666666666666667,-0.07954545454545454,0.0,0.05
constructed_medium,medium_compressibility,3,24,capacity_aware,1,0,100,100,0,1.0,0,0,1.36986301369863,1.0,-0.05263157894736842,1.0,-0.13636363636363635,0.0,0.0
constructed_medium,medium_compressibility,3,24,smooth,1,0,73,88,15,1.2054794520547945,15,31,1.0,0.3181818181818182,0.07368421052631578,0.0,0.0,0.0,0.12
constructed_medium,medium_compressibility,3,24,delivery_aware,1,0,73,88,15,1.2054794520547945,15,33,1.0,0.3181818181818182,0.07368421052631578,0.0,0.0,0.0,0.12
constructed_medium,medium_compressibility,3,24,static,1,4,73,91,18,1.2465753424657535,22,39,1.0,0.0,0.0,-0.4666666666666667,-0.08333333333333333,0.0,0.09
constructed_medium,medium_compressibility,3,24,capacity_aware,1,4,100,100,0,1.0,0,0,1.36986301369863,1.0,-0.0989010989010989,1.0,-0.19047619047619047,0.0,0.0
constructed_medium,medium_compressibility,3,24,smooth,1,4,73,84,11,1.1506849315068493,15,24,1.0,0.3181818181818182,0.07692307692307693,0.0,0.0,0.0,0.16
constructed_medium,medium_compressibility,3,24,delivery_aware,1,4,73,84,11,1.1506849315068493,15,35,1.0,0.3181818181818182,0.07692307692307693,0.0,0.0,0.0,0.16
constructed_medium,medium_compressibility,3,24,static,1,8,73,87,14,1.1917808219178083,22,28,1.0,0.0,0.0,-0.4666666666666667,-0.0875,0.0,0.13
constructed_medium,medium_compressibility,3,24,capacity_aware,1,8,100,100,0,1.0,0,0,1.36986301369863,1.0,-0.14942528735632185,1.0,-0.25,0.0,0.0
constructed_medium,medium_compressibility,3,24,smooth,1,8,73,80,7,1.095890410958904,15,15,1.0,0.3181818181818182,0.08045977011494253,0.0,0.0,0.0,0.2
constructed_medium,medium_compressibility,3,24,delivery_aware,1,8,73,80,7,1.095890410958904,15,27,1.0,0.3181818181818182,0.08045977011494253,0.0,0.0,0.0,0.2
constructed_medium,medium_compressibility,3,24,static,1,12,73,83,10,1.1369863013698631,22,20,1.0,0.0,0.0,-0.4666666666666667,-0.09210526315789473,0.0,0.17
constructed_medium,medium_compressibility,3,24,capacity_aware,1,12,100,100,0,1.0,0,0,1.36986301369863,1.0,-0.20481927710843373,1.0,-0.3157894736842105,0.0,0.0
constructed_medium,medium_compressibility,3,24,smooth,1,12,73,76,3,1.0410958904109588,15,3,1.0,0.3181818181818182,0.08433734939759036,0.0,0.0,0.0,0.24
constructed_medium,medium_compressibility,3,24,delivery_aware,1,12,73,76,3,1.0410958904109588,15,18,1.0,0.3181818181818182,0.08433734939759036,0.0,0.0,0.0,0.24
constructed_medium,medium_compressibility,3,24,static,2,0,73,76,3,1.0410958904109588,5,6,1.0,0.0,0.0,0.0,-0.0410958904109589,0.0,0.08433734939759036
constructed_medium,medium_compressibility,3,24,capacity_aware,2,0,83,83,0,1.0,0,0,1.1369863013698631,1.0,-0.09210526315789473,0.0,-0.136986301369863,0.0,0.0
constructed_medium,medium_compressibility,3,24,smooth,2,0,73,73,0,1.0,0,0,1.0,1.0,0.039473684210526314,0.0,0.0,0.0,0.12048192771084337
constructed_medium,medium_compressibility,3,24,delivery_aware,2,0,73,73,0,1.0,0,0,1.0,1.0,0.039473684210526314,0.0,0.0,0.0,0.12048192771084337
constructed_medium,medium_compressibility,3,24,static,2,4,73,74,1,1.0136986301369864,5,1,1.0,0.0,0.0,0.0,-0.0136986301369863,0.0,0.10843373493975904
constructed_medium,medium_compressibility,3,24,capacity_aware,2,4,83,83,0,1.0,0,0,1.1369863013698631,1.0,-0.12162162162162163,0.0,-0.136986301369863,0.0,0.0
constructed_medium,medium_compressibility,3,24,smooth,2,4,73,73,0,1.0,0,0,1.0,1.0,0.013513513513513514,0.0,0.0,0.0,0.12048192771084337
constructed_medium,medium_compressibility,3,24,delivery_aware,2,4,73,73,0,1.0,1,0,1.0,0.8,0.013513513513513514,0.0,0.0,0.0,0.12048192771084337
constructed_medium,medium_compressibility,3,24,static,2,8,73,73,0,1.0,5,0,1.0,0.0,0.0,0.0,0.0,0.0,0.12048192771084337
constructed_medium,medium_compressibility,3,24,capacity_aware,2,8,83,83,0,1.0,0,0,1.1369863013698631,1.0,-0.136986301369863,0.0,-0.136986301369863,0.0,0.0
constructed_medium,medium_compressibility,3,24,smooth,2,8,73,73,0,1.0,0,0,1.0,1.0,0.0,0.0,0.0,0.0,0.12048192771084337
constructed_medium,medium_compressibility,3,24,delivery_aware,2,8,73,73,0,1.0,2,0,1.0,0.6,0.0,0.0,0.0,0.0,0.12048192771084337
constructed_medium,medium_compressibility,3,24,static,2,12,73,73,0,1.0,5,0,1.0,0.0,0.0,0.0,0.0,0.0,0.12048192771084337
constructed_medium,medium_compressibility,3,24,capacity_aware,2,12,83,83,0,1.0,0,0,1.1369863013698631,1.0,-0.136986301369863,0.0,-0.136986301369863,0.0,0.0
constructed_medium,medium_compressibility,3,24,smooth,2,12,73,73,0,1.0,0,0,1.0,1.0,0.0,0.0,0.0,0.0,0.12048192771084337
constructed_medium,medium_compressibility,3,24,delivery_aware,2,12,73,73,0,1.0,2,0,1.0,0.6,0.0,0.0,0.0,0.0,0.12048192771084337
constructed_medium,medium_compressibility,3,24,static,3,0,73,74,1,1.0136986301369864,3,1,1.0,0.0,0.0,0.0,-0.0136986301369863,0.0,0.05128205128205128
constructed_medium,medium_compressibility,3,24,capacity_aware,3,0,78,78,0,1.0,0,0,1.0684931506849316,1.0,-0.05405405405405406,0.0,-0.0684931506849315,0.0,0.0
constructed_medium,medium_compressibility,3,24,smooth,3,0,73,73,0,1.0,0,0,1.0,1.0,0.013513513513513514,0.0,0.0,0.0,0.0641025641025641
constructed_medium,medium_compressibility,3,24,delivery_aware,3,0,73,73,0,1.0,0,0,1.0,1.0,0.013513513513513514,0.0,0.0,0.0,0.0641025641025641
constructed_medium,medium_compressibility,3,24,static,3,4,73,73,0,1.0,3,0,1.0,0.0,0.0,0.0,0.0,0.0,0.0641025641025641
constructed_medium,medium_compressibility,3,24,capacity_aware,3,4,78,78,0,1.0,0,0,1.0684931506849316,1.0,-0.0684931506849315,0.0,-0.0684931506849315,0.0,0.0
constructed_medium,medium_compressibility,3,24,smooth,3,4,73,73,0,1.0,0,0,1.0,1.0,0.0,0.0,0.0,0.0,0.0641025641025641
constructed_medium,medium_compressibility,3,24,delivery_aware,3,4,73,73,0,1.0,0,0,1.0,1.0,0.0,0.0,0.0,0.0,0.0641025641025641
constructed_medium,medium_compressibility,3,24,static,3,8,73,73,0,1.0,3,0,1.0,0.0,0.0,0.0,0.0,0.0,0.0641025641025641
constructed_medium,medium_compressibility,3,24,capacity_aware,3,8,78,78,0,1.0,0,0,1.0684931506849316,1.0,-0.0684931506849315,0.0,-0.0684931506849315,0.0,0.0
constructed_medium,medium_compressibility,3,24,smooth,3,8,73,73,0,1.0,0,0,1.0,1.0,0.0,0.0,0.0,0.0,0.0641025641025641
constructed_medium,medium_compressibility,3,24,delivery_aware,3,8,73,73,0,1.0,0,0,1.0,1.0,0.0,0.0,0.0,0.0,0.0641025641025641
constructed_medium,medium_compressibility,3,24,static,3,12,73,73,0,1.0,3,0,1.0,0.0,0.0,0.0,0.0,0.0,0.0641025641025641
constructed_medium,medium_compressibility,3,24,capacity_aware,3,12,78,78,0,1.0,0,0,1.0684931506849316,1.0,-0.0684931506849315,0.0,-0.0684931506849315,0.0,0.0
constructed_medium,medium_compressibility,3,24,smooth,3,12,73,73,0,1.0,0,0,1.0,1.0,0.0,0.0,0.0,0.0,0.0641025641025641
constructed_medium,medium_compressibility,3,24,delivery_aware,3,12,73,73,0,1.0,0,0,1.0,1.0,0.0,0.0,0.0,0.0,0.0641025641025641
constructed_medium,medium_compressibility,3,24,static,4,0,73,74,1,1.0136986301369864,1,1,1.0,0.0,0.0,0.0,-0.0136986301369863,0.0,0.03896103896103896
constructed_medium,medium_compressibility,3,24,capacity_aware,4,0,77,77,0,1.0,0,0,1.0547945205479452,1.0,-0.04054054054054054,0.0,-0.0547945205479452,0.0,0.0
constructed_medium,medium_compressibility,3,24,smooth,4,0,73,73,0,1.0,0,0,1.0,1.0,0.013513513513513514,0.0,0.0,0.0,0.05194805194805195
constructed_medium,medium_compressibility,3,24,delivery_aware,4,0,73,73,0,1.0,0,0,1.0,1.0,0.013513513513513514,0.0,0.0,0.0,0.05194805194805195
constructed_medium,medium_compressibility,3,24,static,4,4,73,73,0,1.0,1,0,1.0,0.0,0.0,0.0,0.0,0.0,0.05194805194805195
constructed_medium,medium_compressibility,3,24,capacity_aware,4,4,77,77,0,1.0,0,0,1.0547945205479452,1.0,-0.0547945205479452,0.0,-0.0547945205479452,0.0,0.0
constructed_medium,medium_compressibility,3,24,smooth,4,4,73,73,0,1.0,0,0,1.0,1.0,0.0,0.0,0.0,0.0,0.05194805194805195
constructed_medium,medium_compressibility,3,24,delivery_aware,4,4,73,73,0,1.0,0,0,1.0,1.0,0.0,0.0,0.0,0.0,0.05194805194805195
constructed_medium,medium_compressibility,3,24,static,4,8,73,73,0,1.0,1,0,1.0,0.0,0.0,0.0,0.0,0.0,0.05194805194805195
constructed_medium,medium_compressibility,3,24,capacity_aware,4,8,77,77,0,1.0,0,0,1.0547945205479452,1.0,-0.0547945205479452,0.0,-0.0547945205479452,0.0,0.0
constructed_medium,medium_compressibility,3,24,smooth,4,8,73,73,0,1.0,0,0,1.0,1.0,0.0,0.0,0.0,0.0,0.05194805194805195
constructed_medium,medium_compressibility,3,24,delivery_aware,4,8,73,73,0,1.0,0,0,1.0,1.0,0.0,0.0,0.0,0.0,0.05194805194805195
constructed_medium,medium_compressibility,3,24,static,4,12,73,73,0,1.0,1,0,1.0,0.0,0.0,0.0,0.0,0.0,0.05194805194805195
constructed_medium,medium_compressibility,3,24,capacity_aware,4,12,77,77,0,1.0,0,0,1.0547945205479452,1.0,-0.0547945205479452,0.0,-0.0547945205479452,0.0,0.0
constructed_medium,medium_compressibility,3,24,smooth,4,12,73,73,0,1.0,0,0,1.0,1.0,0.0,0.0,0.0,0.0,0.05194805194805195
constructed_medium,medium_compressibility,3,24,delivery_aware,4,12,73,73,0,1.0,0,0,1.0,1.0,0.0,0.0,0.0,0.0,0.05194805194805195
constructed_medium,medium_compressibility,3,24,static,5,0,73,73,0,1.0,0,0,1.0,0.0,0.0,0.0,0.0,0.0,0.02666666666666667
constructed_medium,medium_compressibility,3,24,capacity_aware,5,0,75,75,0,1.0,0,0,1.0273972602739727,0.0,-0.0273972602739726,0.0,-0.0273972602739726,0.0,0.0
constructed_medium,medium_compressibility,3,24,smooth,5,0,73,73,0,1.0,0,0,1.0,0.0,0.0,0.0,0.0,0.0,0.02666666666666667
constructed_medium,medium_compressibility,3,24,delivery_aware,5,0,73,73,0,1.0,0,0,1.0,0.0,0.0,0.0,0.0,0.0,0.02666666666666667
constructed_medium,medium_compressibility,3,24,static,5,4,73,73,0,1.0,0,0,1.0,0.0,0.0,0.0,0.0,0.0,0.02666666666666667
constructed_medium,medium_compressibility,3,24,capacity_aware,5,4,75,75,0,1.0,0,0,1.0273972602739727,0.0,-0.0273972602739726,0.0,-0.0273972602739726,0.0,0.0
constructed_medium,medium_compressibility,3,24,smooth,5,4,73,73,0,1.0,0,0,1.0,0.0,0.0,0.0,0.0,0.0,0.02666666666666667
constructed_medium,medium_compressibility,3,24,delivery_aware,5,4,73,73,0,1.0,0,0,1.0,0.0,0.0,0.0,0.0,0.0,0.02666666666666667
constructed_medium,medium_compressibility,3,24,static,5,8,73,73,0,1.0,0,0,1.0,0.0,0.0,0.0,0.0,0.0,0.02666666666666667
constructed_medium,medium_compressibility,3,24,capacity_aware,5,8,75,75,0,1.0,0,0,1.0273972602739727,0.0,-0.0273972602739726,0.0,-0.0273972602739726,0.0,0.0
constructed_medium,medium_compressibility,3,24,smooth,5,8,73,73,0,1.0,0,0,1.0,0.0,0.0,0.0,0.0,0.0,0.02666666666666667
constructed_medium,medium_compressibility,3,24,delivery_aware,5,8,73,73,0,1.0,0,0,1.0,0.0,0.0,0.0,0.0,0.0,0.02666666666666667
constructed_medium,medium_compressibility,3,24,static,5,12,73,73,0,1.0,0,0,1.0,0.0,0.0,0.0,0.0,0.0,0.02666666666666667
constructed_medium,medium_compressibility,3,24,capacity_aware,5,12,75,75,0,1.0,0,0,1.0273972602739727,0.0,-0.0273972602739726,0.0,-0.0273972602739726,0.0,0.0
constructed_medium,medium_compressibility,3,24,smooth,5,12,73,73,0,1.0,0,0,1.0,0.0,0.0,0.0,0.0,0.0,0.02666666666666667
constructed_medium,medium_compressibility,3,24,delivery_aware,5,12,73,73,0,1.0,0,0,1.0,0.0,0.0,0.0,0.0,0.0,0.02666666666666667
constructed_low,low_compressibility,3,24,static,1,0,100,100,0,1.0,0,0,1.0,0.0,0.0,0.0,0.0,0.0,0.0
constructed_low,low_compressibility,3,24,capacity_aware,1,0,100,100,0,1.0,0,0,1.0,0.0,0.0,0.0,0.0,0.0,0.0
constructed_low,low_compressibility,3,24,smooth,1,0,100,100,0,1.0,0,0,1.0,0.0,0.0,0.0,0.0,0.0,0.0
constructed_low,low_compressibility,3,24,delivery_aware,1,0,100,100,0,1.0,0,0,1.0,0.0,0.0,0.0,0.0,0.0,0.0
constructed_low,low_compressibility,3,24,static,1,4,100,100,0,1.0,0,0,1.0,0.0,0.0,0.0,0.0,0.0,0.0
constructed_low,low_compressibility,3,24,capacity_aware,1,4,100,100,0,1.0,0,0,1.0,0.0,0.0,0.0,0.0,0.0,0.0
constructed_low,low_compressibility,3,24,smooth,1,4,100,100,0,1.0,0,0,1.0,0.0,0.0,0.0,0.0,0.0,0.0
constructed_low,low_compressibility,3,24,delivery_aware,1,4,100,100,0,1.0,0,0,1.0,0.0,0.0,0.0,0.0,0.0,0.0
constructed_low,low_compressibility,3,24,static,1,8,100,100,0,1.0,0,0,1.0,0.0,0.0,0.0,0.0,0.0,0.0
constructed_low,low_compressibility,3,24,capacity_aware,1,8,100,100,0,1.0,0,0,1.0,0.0,0.0,0.0,0.0,0.0,0.0
constructed_low,low_compressibility,3,24,smooth,1,8,100,100,0,1.0,0,0,1.0,0.0,0.0,0.0,0.0,0.0,0.0
constructed_low,low_compressibility,3,24,delivery_aware,1,8,100,100,0,1.0,0,0,1.0,0.0,0.0,0.0,0.0,0.0,0.0
constructed_low,low_compressibility,3,24,static,1,12,100,100,0,1.0,0,0,1.0,0.0,0.0,0.0,0.0,0.0,0.0
constructed_low,low_compressibility,3,24,capacity_aware,1,12,100,100,0,1.0,0,0,1.0,0.0,0.0,0.0,0.0,0.0,0.0
constructed_low,low_compressibility,3,24,smooth,1,12,100,100,0,1.0,0,0,1.0,0.0,0.0,0.0,0.0,0.0,0.0
constructed_low,low_compressibility,3,24,delivery_aware,1,12,100,100,0,1.0,0,0,1.0,0.0,0.0,0.0,0.0,0.0,0.0
constructed_low,low_compressibility,3,24,static,2,0,100,100,0,1.0,0,0,1.0,0.0,0.0,0.0,0.0,0.0,0.0
constructed_low,low_compressibility,3,24,capacity_aware,2,0,100,100,0,1.0,0,0,1.0,0.0,0.0,0.0,0.0,0.0,0.0
constructed_low,low_compressibility,3,24,smooth,2,0,100,100,0,1.0,0,0,1.0,0.0,0.0,0.0,0.0,0.0,0.0
constructed_low,low_compressibility,3,24,delivery_aware,2,0,100,100,0,1.0,0,0,1.0,0.0,0.0,0.0,0.0,0.0,0.0
constructed_low,low_compressibility,3,24,static,2,4,100,100,0,1.0,0,0,1.0,0.0,0.0,0.0,0.0,0.0,0.0
constructed_low,low_compressibility,3,24,capacity_aware,2,4,100,100,0,1.0,0,0,1.0,0.0,0.0,0.0,0.0,0.0,0.0
constructed_low,low_compressibility,3,24,smooth,2,4,100,100,0,1.0,0,0,1.0,0.0,0.0,0.0,0.0,0.0,0.0
constructed_low,low_compressibility,3,24,delivery_aware,2,4,100,100,0,1.0,0,0,1.0,0.0,0.0,0.0,0.0,0.0,0.0
constructed_low,low_compressibility,3,24,static,2,8,100,100,0,1.0,0,0,1.0,0.0,0.0,0.0,0.0,0.0,0.0
constructed_low,low_compressibility,3,24,capacity_aware,2,8,100,100,0,1.0,0,0,1.0,0.0,0.0,0.0,0.0,0.0,0.0
constructed_low,low_compressibility,3,24,smooth,2,8,100,100,0,1.0,0,0,1.0,0.0,0.0,0.0,0.0,0.0,0.0
constructed_low,low_compressibility,3,24,delivery_aware,2,8,100,100,0,1.0,0,0,1.0,0.0,0.0,0.0,0.0,0.0,0.0
constructed_low,low_compressibility,3,24,static,2,12,100,100,0,1.0,0,0,1.0,0.0,0.0,0.0,0.0,0.0,0.0
constructed_low,low_compressibility,3,24,capacity_aware,2,12,100,100,0,1.0,0,0,1.0,0.0,0.0,0.0,0.0,0.0,0.0
constructed_low,low_compressibility,3,24,smooth,2,12,100,100,0,1.0,0,0,1.0,0.0,0.0,0.0,0.0,0.0,0.0
constructed_low,low_compressibility,3,24,delivery_aware,2,12,100,100,0,1.0,0,0,1.0,0.0,0.0,0.0,0.0,0.0,0.0
constructed_low,low_compressibility,3,24,static,3,0,100,100,0,1.0,0,0,1.0,0.0,0.0,0.0,0.0,0.0,0.0
constructed_low,low_compressibility,3,24,capacity_aware,3,0,100,100,0,1.0,0,0,1.0,0.0,0.0,0.0,0.0,0.0,0.0
constructed_low,low_compressibility,3,24,smooth,3,0,100,100,0,1.0,0,0,1.0,0.0,0.0,0.0,0.0,0.0,0.0
constructed_low,low_compressibility,3,24,delivery_aware,3,0,100,100,0,1.0,0,0,1.0,0.0,0.0,0.0,0.0,0.0,0.0
constructed_low,low_compressibility,3,24,static,3,4,100,100,0,1.0,0,0,1.0,0.0,0.0,0.0,0.0,0.0,0.0
constructed_low,low_compressibility,3,24,capacity_aware,3,4,100,100,0,1.0,0,0,1.0,0.0,0.0,0.0,0.0,0.0,0.0
constructed_low,low_compressibility,3,24,smooth,3,4,100,100,0,1.0,0,0,1.0,0.0,0.0,0.0,0.0,0.0,0.0
constructed_low,low_compressibility,3,24,delivery_aware,3,4,100,100,0,1.0,0,0,1.0,0.0,0.0,0.0,0.0,0.0,0.0
constructed_low,low_compressibility,3,24,static,3,8,100,100,0,1.0,0,0,1.0,0.0,0.0,0.0,0.0,0.0,0.0
constructed_low,low_compressibility,3,24,capacity_aware,3,8,100,100,0,1.0,0,0,1.0,0.0,0.0,0.0,0.0,0.0,0.0
constructed_low,low_compressibility,3,24,smooth,3,8,100,100,0,1.0,0,0,1.0,0.0,0.0,0.0,0.0,0.0,0.0
constructed_low,low_compressibility,3,24,delivery_aware,3,8,100,100,0,1.0,0,0,1.0,0.0,0.0,0.0,0.0,0.0,0.0
constructed_low,low_compressibility,3,24,static,3,12,100,100,0,1.0,0,0,1.0,0.0,0.0,0.0,0.0,0.0,0.0
constructed_low,low_compressibility,3,24,capacity_aware,3,12,100,100,0,1.0,0,0,1.0,0.0,0.0,0.0,0.0,0.0,0.0
constructed_low,low_compressibility,3,24,smooth,3,12,100,100,0,1.0,0,0,1.0,0.0,0.0,0.0,0.0,0.0,0.0
constructed_low,low_compressibility,3,24,delivery_aware,3,12,100,100,0,1.0,0,0,1.0,0.0,0.0,0.0,0.0,0.0,0.0
constructed_low,low_compressibility,3,24,static,4,0,100,100,0,1.0,0,0,1.0,0.0,0.0,0.0,0.0,0.0,0.0
constructed_low,low_compressibility,3,24,capacity_aware,4,0,100,100,0,1.0,0,0,1.0,0.0,0.0,0.0,0.0,0.0,0.0
constructed_low,low_compressibility,3,24,smooth,4,0,100,100,0,1.0,0,0,1.0,0.0,0.0,0.0,0.0,0.0,0.0
constructed_low,low_compressibility,3,24,delivery_aware,4,0,100,100,0,1.0,0,0,1.0,0.0,0.0,0.0,0.0,0.0,0.0
constructed_low,low_compressibility,3,24,static,4,4,100,100,0,1.0,0,0,1.0,0.0,0.0,0.0,0.0,0.0,0.0
constructed_low,low_compressibility,3,24,capacity_aware,4,4,100,100,0,1.0,0,0,1.0,0.0,0.0,0.0,0.0,0.0,0.0
constructed_low,low_compressibility,3,24,smooth,4,4,100,100,0,1.0,0,0,1.0,0.0,0.0,0.0,0.0,0.0,0.0
constructed_low,low_compressibility,3,24,delivery_aware,4,4,100,100,0,1.0,0,0,1.0,0.0,0.0,0.0,0.0,0.0,0.0
constructed_low,low_compressibility,3,24,static,4,8,100,100,0,1.0,0,0,1.0,0.0,0.0,0.0,0.0,0.0,0.0
constructed_low,low_compressibility,3,24,capacity_aware,4,8,100,100,0,1.0,0,0,1.0,0.0,0.0,0.0,0.0,0.0,0.0
constructed_low,low_compressibility,3,24,smooth,4,8,100,100,0,1.0,0,0,1.0,0.0,0.0,0.0,0.0,0.0,0.0
constructed_low,low_compressibility,3,24,delivery_aware,4,8,100,100,0,1.0,0,0,1.0,0.0,0.0,0.0,0.0,0.0,0.0
constructed_low,low_compressibility,3,24,static,4,12,100,100,0,1.0,0,0,1.0,0.0,0.0,0.0,0.0,0.0,0.0
constructed_low,low_compressibility,3,24,capacity_aware,4,12,100,100,0,1.0,0,0,1.0,0.0,0.0,0.0,0.0,0.0,0.0
constructed_low,low_compressibility,3,24,smooth,4,12,100,100,0,1.0,0,0,1.0,0.0,0.0,0.0,0.0,0.0,0.0
constructed_low,low_compressibility,3,24,delivery_aware,4,12,100,100,0,1.0,0,0,1.0,0.0,0.0,0.0,0.0,0.0,0.0
constructed_low,low_compressibility,3,24,static,5,0,100,100,0,1.0,0,0,1.0,0.0,0.0,0.0,0.0,0.0,0.0
constructed_low,low_compressibility,3,24,capacity_aware,5,0,100,100,0,1.0,0,0,1.0,0.0,0.0,0.0,0.0,0.0,0.0
constructed_low,low_compressibility,3,24,smooth,5,0,100,100,0,1.0,0,0,1.0,0.0,0.0,0.0,0.0,0.0,0.0
constructed_low,low_compressibility,3,24,delivery_aware,5,0,100,100,0,1.0,0,0,1.0,0.0,0.0,0.0,0.0,0.0,0.0
constructed_low,low_compressibility,3,24,static,5,4,100,100,0,1.0,0,0,1.0,0.0,0.0,0.0,0.0,0.0,0.0
constructed_low,low_compressibility,3,24,capacity_aware,5,4,100,100,0,1.0,0,0,1.0,0.0,0.0,0.0,0.0,0.0,0.0
constructed_low,low_compressibility,3,24,smooth,5,4,100,100,0,1.0,0,0,1.0,0.0,0.0,0.0,0.0,0.0,0.0
constructed_low,low_compressibility,3,24,delivery_aware,5,4,100,100,0,1.0,0,0,1.0,0.0,0.0,0.0,0.0,0.0,0.0
constructed_low,low_compressibility,3,24,static,5,8,100,100,0,1.0,0,0,1.0,0.0,0.0,0.0,0.0,0.0,0.0
constructed_low,low_compressibility,3,24,capacity_aware,5,8,100,100,0,1.0,0,0,1.0,0.0,0.0,0.0,0.0,0.0,0.0
constructed_low,low_compressibility,3,24,smooth,5,8,100,100,0,1.0,0,0,1.0,0.0,0.0,0.0,0.0,0.0,0.0
constructed_low,low_compressibility,3,24,delivery_aware,5,8,100,100,0,1.0,0,0,1.0,0.0,0.0,0.0,0.0,0.0,0.0
constructed_low,low_compressibility,3,24,static,5,12,100,100,0,1.0,0,0,1.0,0.0,0.0,0.0,0.0,0.0,0.0
constructed_low,low_compressibility,3,24,capacity_aware,5,12,100,100,0,1.0,0,0,1.0,0.0,0.0,0.0,0.0,0.0,0.0
constructed_low,low_compressibility,3,24,smooth,5,12,100,100,0,1.0,0,0,1.0,0.0,0.0,0.0,0.0,0.0,0.0
constructed_low,low_compressibility,3,24,delivery_aware,5,12,100,100,0,1.0,0,0,1.0,0.0,0.0,0.0,0.0,0.0,0.0
constructed_high,high_compressibility,4,24,static,1,0,77,128,51,1.6623376623376624,51,59,1.0,0.0,0.0,0.0,-0.6623376623376623,0.0,0.007751937984496124
constructed_high,high_compressibility,4,24,capacity_aware,1,0,129,129,0,1.0,0,0,1.6753246753246753,1.0,-0.0078125,0.0,-0.6753246753246753,0.0,0.0
constructed_high,high_compressibility,4,24,smooth,1,0,77,77,0,1.0,0,0,1.0,1.0,0.3984375,0.0,0.0,0.0,0.40310077519379844
constructed_high,high_compressibility,4,24,delivery_aware,1,0,77,77,0,1.0,0,0,1.0,1.0,0.3984375,0.0,0.0,0.0,0.40310077519379844
constructed_high,high_compressibility,4,24,static,1,4,77,124,47,1.6103896103896105,51,54,1.0,0.0,0.0,0.0,-0.6103896103896104,0.0,0.03875968992248062
constructed_high,high_compressibility,4,24,capacity_aware,1,4,129,129,0,1.0,0,0,1.6753246753246753,1.0,-0.04032258064516129,0.0,-0.6753246753246753,0.0,0.0
constructed_high,high_compressibility,4,24,smooth,1,4,77,77,0,1.0,0,0,1.0,1.0,0.3790322580645161,0.0,0.0,0.0,0.40310077519379844
constructed_high,high_compressibility,4,24,delivery_aware,1,4,77,78,1,1.0129870129870129,5,49,1.0,0.9019607843137255,0.3709677419354839,0.0,-0.012987012987012988,0.0,0.3953488372093023
constructed_high,high_compressibility,4,24,static,1,8,77,120,43,1.5584415584415585,51,50,1.0,0.0,0.0,0.0,-0.5584415584415584,0.0,0.06976744186046512
constructed_high,high_compressibility,4,24,capacity_aware,1,8,129,129,0,1.0,0,0,1.6753246753246753,1.0,-0.075,0.0,-0.6753246753246753,0.0,0.0
constructed_high,high_compressibility,4,24,smooth,1,8,77,77,0,1.0,0,0,1.0,1.0,0.35833333333333334,0.0,0.0,0.0,0.40310077519379844
constructed_high,high_compressibility,4,24,delivery_aware,1,8,77,78,1,1.0129870129870129,9,46,1.0,0.8235294117647058,0.35,0.0,-0.012987012987012988,0.0,0.3953488372093023
constructed_high,high_compressibility,4,24,static,1,12,77,116,39,1.5064935064935066,51,45,1.0,0.0,0.0,0.0,-0.5064935064935064,0.0,0.10077519379844961
constructed_high,high_compressibility,4,24,capacity_aware,1,12,129,129,0,1.0,0,0,1.6753246753246753,1.0,-0.11206896551724138,0.0,-0.6753246753246753,0.0,0.0
constructed_high,high_compressibility,4,24,smooth,1,12,77,77,0,1.0,0,0,1.0,1.0,0.33620689655172414,0.0,0.0,0.0,0.40310077519379844
constructed_high,high_compressibility,4,24,delivery_aware,1,12,77,78,1,1.0129870129870129,13,39,1.0,0.7450980392156863,0.3275862068965517,0.0,-0.012987012987012988,0.0,0.3953488372093023
constructed_high,high_compressibility,4,24,static,2,0,77,102,25,1.3246753246753247,49,26,1.0,0.0,0.0,0.0,-0.3246753246753247,0.0,0.009708737864077669
constructed_high,high_compressibility,4,24,capacity_aware,2,0,103,103,0,1.0,0,0,1.3376623376623376,1.0,-0.00980392156862745,0.0,-0.33766233766233766,0.0,0.0
constructed_high,high_compressibility,4,24,smooth,2,0,77,77,0,1.0,0,0,1.0,1.0,0.24509803921568626,0.0,0.0,0.0,0.2524271844660194
constructed_high,high_compressibility,4,24,delivery_aware,2,0,77,77,0,1.0,0,0,1.0,1.0,0.24509803921568626,0.0,0.0,0.0,0.2524271844660194
constructed_high,high_compressibility,4,24,static,2,4,77,100,23,1.2987012987012987,49,24,1.0,0.0,0.0,0.0,-0.2987012987012987,0.0,0.02912621359223301
constructed_high,high_compressibility,4,24,capacity_aware,2,4,103,103,0,1.0,0,0,1.3376623376623376,1.0,-0.03,0.0,-0.33766233766233766,0.0,0.0
constructed_high,high_compressibility,4,24,smooth,2,4,77,77,0,1.0,0,0,1.0,1.0,0.23,0.0,0.0,0.0,0.2524271844660194
constructed_high,high_compressibility,4,24,delivery_aware,2,4,77,78,1,1.0129870129870129,6,18,1.0,0.8775510204081632,0.22,0.0,-0.012987012987012988,0.0,0.24271844660194175
constructed_high,high_compressibility,4,24,static,2,8,77,98,21,1.2727272727272727,49,22,1.0,0.0,0.0,0.0,-0.2727272727272727,0.0,0.04854368932038835
constructed_high,high_compressibility,4,24,capacity_aware,2,8,103,103,0,1.0,0,0,1.3376623376623376,1.0,-0.05102040816326531,0.0,-0.33766233766233766,0.0,0.0
constructed_high,high_compressibility,4,24,smooth,2,8,77,77,0,1.0,0,0,1.0,1.0,0.21428571428571427,0.0,0.0,0.0,0.2524271844660194
constructed_high,high_compressibility,4,24,delivery_aware,2,8,77,78,1,1.0129870129870129,10,17,1.0,0.7959183673469388,0.20408163265306123,0.0,-0.012987012987012988,0.0,0.24271844660194175
constructed_high,high_compressibility,4,24,static,2,12,77,96,19,1.2467532467532467,49,20,1.0,0.0,0.0,0.0,-0.24675324675324675,0.0,0.06796116504854369
constructed_high,high_compressibility,4,24,capacity_aware,2,12,103,103,0,1.0,0,0,1.3376623376623376,1.0,-0.07291666666666667,0.0,-0.33766233766233766,0.0,0.0
constructed_high,high_compressibility,4,24,smooth,2,12,77,77,0,1.0,0,0,1.0,1.0,0.19791666666666666,0.0,0.0,0.0,0.2524271844660194
constructed_high,high_compressibility,4,24,delivery_aware,2,12,77,78,1,1.0129870129870129,14,13,1.0,0.7142857142857143,0.1875,0.0,-0.012987012987012988,0.0,0.24271844660194175
constructed_high,high_compressibility,4,24,static,3,0,77,93,16,1.2077922077922079,47,17,1.0,0.0,0.0,0.0,-0.2077922077922078,0.0,0.010638297872340425
constructed_high,high_compressibility,4,24,capacity_aware,3,0,94,94,0,1.0,0,0,1.2207792207792207,1.0,-0.010752688172043012,0.0,-0.22077922077922077,0.0,0.0
constructed_high,high_compressibility,4,24,smooth,3,0,77,77,0,1.0,0,0,1.0,1.0,0.17204301075268819,0.0,0.0,0.0,0.18085106382978725
constructed_high,high_compressibility,4,24,delivery_aware,3,0,77,77,0,1.0,0,0,1.0,1.0,0.17204301075268819,0.0,0.0,0.0,0.18085106382978725
constructed_high,high_compressibility,4,24,static,3,4,77,92,15,1.1948051948051948,47,15,1.0,0.0,0.0,0.0,-0.19480519480519481,0.0,0.02127659574468085
constructed_high,high_compressibility,4,24,capacity_aware,3,4,94,94,0,1.0,0,0,1.2207792207792207,1.0,-0.021739130434782608,0.0,-0.22077922077922077,0.0,0.0
constructed_high,high_compressibility,4,24,smooth,3,4,77,77,0,1.0,0,0,1.0,1.0,0.16304347826086957,0.0,0.0,0.0,0.18085106382978725
constructed_high,high_compressibility,4,24,delivery_aware,3,4,77,78,1,1.0129870129870129,7,8,1.0,0.851063829787234,0.15217391304347827,0.0,-0.012987012987012988,0.0,0.1702127659574468
constructed_high,high_compressibility,4,24,static,3,8,77,90,13,1.1688311688311688,47,14,1.0,0.0,0.0,0.0,-0.16883116883116883,0.0,0.0425531914893617
constructed_high,high_compressibility,4,24,capacity_aware,3,8,94,94,0,1.0,0,0,1.2207792207792207,1.0,-0.044444444444444446,0.0,-0.22077922077922077,0.0,0.0
constructed_high,high_compressibility,4,24,smooth,3,8,77,77,0,1.0,0,0,1.0,1.0,0.14444444444444443,0.0,0.0,0.0,0.18085106382978725
constructed_high,high_compressibility,4,24,delivery_aware,3,8,77,78,1,1.0129870129870129,11,9,1.0,0.7659574468085106,0.13333333333333333,0.0,-0.012987012987012988,0.0,0.1702127659574468
constructed_high,high_compressibility,4,24,static,3,12,77,89,12,1.155844155844156,47,12,1.0,0.0,0.0,0.0,-0.15584415584415584,0.0,0.05319148936170213
constructed_high,high_compressibility,4,24,capacity_aware,3,12,94,94,0,1.0,0,0,1.2207792207792207,1.0,-0.056179775280898875,0.0,-0.22077922077922077,0.0,0.0
constructed_high,high_compressibility,4,24,smooth,3,12,77,77,0,1.0,0,0,1.0,1.0,0.1348314606741573,0.0,0.0,0.0,0.18085106382978725
constructed_high,high_compressibility,4,24,delivery_aware,3,12,77,78,1,1.0129870129870129,15,5,1.0,0.6808510638297872,0.12359550561797752,0.0,-0.012987012987012988,0.0,0.1702127659574468
constructed_high,high_compressibility,4,24,static,4,0,77,89,12,1.155844155844156,45,12,1.0,0.0,0.0,0.0,-0.15584415584415584,0.0,0.011111111111111112
constructed_high,high_compressibility,4,24,capacity_aware,4,0,90,90,0,1.0,0,0,1.1688311688311688,1.0,-0.011235955056179775,0.0,-0.16883116883116883,0.0,0.0
constructed_high,high_compressibility,4,24,smooth,4,0,77,77,0,1.0,0,0,1.0,1.0,0.1348314606741573,0.0,0.0,0.0,0.14444444444444443
constructed_high,high_compressibility,4,24,delivery_aware,4,0,77,77,0,1.0,0,0,1.0,1.0,0.1348314606741573,0.0,0.0,0.0,0.14444444444444443
constructed_high,high_compressibility,4,24,static,4,4,77,88,11,1.1428571428571428,45,11,1.0,0.0,0.0,0.0,-0.14285714285714285,0.0,0.022222222222222223
constructed_high,high_compressibility,4,24,capacity_aware,4,4,90,90,0,1.0,0,0,1.1688311688311688,1.0,-0.022727272727272728,0.0,-0.16883116883116883,0.0,0.0
constructed_high,high_compressibility,4,24,smooth,4,4,77,77,0,1.0,0,0,1.0,1.0,0.125,0.0,0.0,0.0,0.14444444444444443
constructed_high,high_compressibility,4,24,delivery_aware,4,4,77,78,1,1.0129870129870129,6,3,1.0,0.8666666666666667,0.11363636363636363,0.0,-0.012987012987012988,0.0,0.13333333333333333
constructed_high,high_compressibility,4,24,static,4,8,77,87,10,1.12987012987013,45,10,1.0,0.0,0.0,0.0,-0.12987012987012986,0.0,0.03333333333333333
constructed_high,high_compressibility,4,24,capacity_aware,4,8,90,90,0,1.0,0,0,1.1688311688311688,1.0,-0.034482758620689655,0.0,-0.16883116883116883,0.0,0.0
constructed_high,high_compressibility,4,24,smooth,4,8,77,77,0,1.0,0,0,1.0,1.0,0.11494252873563218,0.0,0.0,0.0,0.14444444444444443
constructed_high,high_compressibility,4,24,delivery_aware,4,8,77,78,1,1.0129870129870129,12,4,1.0,0.7333333333333333,0.10344827586206896,0.0,-0.012987012987012988,0.0,0.13333333333333333
constructed_high,high_compressibility,4,24,static,4,12,77,86,9,1.1168831168831168,45,9,1.0,0.0,0.0,0.0,-0.11688311688311688,0.0,0.044444444444444446
constructed_high,high_compressibility,4,24,capacity_aware,4,12,90,90,0,1.0,0,0,1.1688311688311688,1.0,-0.046511627906976744,0.0,-0.16883116883116883,0.0,0.0
constructed_high,high_compressibility,4,24,smooth,4,12,77,77,0,1.0,0,0,1.0,1.0,0.10465116279069768,0.0,0.0,0.0,0.14444444444444443
constructed_high,high_compressibility,4,24,delivery_aware,4,12,77,78,1,1.0129870129870129,14,1,1.0,0.6888888888888889,0.09302325581395349,0.0,-0.012987012987012988,0.0,0.13333333333333333
constructed_high,high_compressibility,4,24,static,5,0,77,86,9,1.1168831168831168,43,9,1.0,0.0,0.0,0.0,-0.11688311688311688,0.0,0.011494252873563218
constructed_high,high_compressibility,4,24,capacity_aware,5,0,87,87,0,1.0,0,0,1.12987012987013,1.0,-0.011627906976744186,0.0,-0.12987012987012986,0.0,0.0
constructed_high,high_compressibility,4,24,smooth,5,0,77,77,0,1.0,0,0,1.0,1.0,0.10465116279069768,0.0,0.0,0.0,0.11494252873563218
constructed_high,high_compressibility,4,24,delivery_aware,5,0,77,77,0,1.0,0,0,1.0,1.0,0.10465116279069768,0.0,0.0,0.0,0.11494252873563218
constructed_high,high_compressibility,4,24,static,5,4,77,85,8,1.103896103896104,43,8,1.0,0.0,0.0,0.0,-0.1038961038961039,0.0,0.022988505747126436
constructed_high,high_compressibility,4,24,capacity_aware,5,4,87,87,0,1.0,0,0,1.12987012987013,1.0,-0.023529411764705882,0.0,-0.12987012987012986,0.0,0.0
constructed_high,high_compressibility,4,24,smooth,5,4,77,77,0,1.0,0,0,1.0,1.0,0.09411764705882353,0.0,0.0,0.0,0.11494252873563218
constructed_high,high_compressibility,4,24,delivery_aware,5,4,77,77,0,1.0,4,0,1.0,0.9069767441860465,0.09411764705882353,0.0,0.0,0.0,0.11494252873563218
constructed_high,high_compressibility,4,24,static,5,8,77,84,7,1.0909090909090908,43,8,1.0,0.0,0.0,0.0,-0.09090909090909091,0.0,0.034482758620689655
constructed_high,high_compressibility,4,24,capacity_aware,5,8,87,87,0,1.0,0,0,1.12987012987013,1.0,-0.03571428571428571,0.0,-0.12987012987012986,0.0,0.0
constructed_high,high_compressibility,4,24,smooth,5,8,77,77,0,1.0,0,0,1.0,1.0,0.08333333333333333,0.0,0.0,0.0,0.11494252873563218
constructed_high,high_compressibility,4,24,delivery_aware,5,8,77,78,1,1.0129870129870129,9,2,1.0,0.7906976744186046,0.07142857142857142,0.0,-0.012987012987012988,0.0,0.10344827586206896
constructed_high,high_compressibility,4,24,static,5,12,77,84,7,1.0909090909090908,43,7,1.0,0.0,0.0,0.0,-0.09090909090909091,0.0,0.034482758620689655
constructed_high,high_compressibility,4,24,capacity_aware,5,12,87,87,0,1.0,0,0,1.12987012987013,1.0,-0.03571428571428571,0.0,-0.12987012987012986,0.0,0.0
constructed_high,high_compressibility,4,24,smooth,5,12,77,77,0,1.0,0,0,1.0,1.0,0.08333333333333333,0.0,0.0,0.0,0.11494252873563218
constructed_high,high_compressibility,4,24,delivery_aware,5,12,77,77,0,1.0,9,0,1.0,0.7906976744186046,0.08333333333333333,0.0,0.0,0.0,0.11494252873563218
constructed_medium,medium_compressibility,4,24,static,1,0,73,95,22,1.3013698630136987,22,46,1.0,0.0,0.0,-0.375,-0.06741573033707865,0.0,0.05
constructed_medium,medium_compressibility,4,24,capacity_aware,1,0,100,100,0,1.0,0,0,1.36986301369863,1.0,-0.05263157894736842,1.0,-0.12359550561797752,0.0,0.0
constructed_medium,medium_compressibility,4,24,smooth,1,0,73,89,16,1.2191780821917808,16,34,1.0,0.2727272727272727,0.06315789473684211,0.0,0.0,0.0,0.11
constructed_medium,medium_compressibility,4,24,delivery_aware,1,0,73,89,16,1.2191780821917808,16,35,1.0,0.2727272727272727,0.06315789473684211,0.0,0.0,0.0,0.11
constructed_medium,medium_compressibility,4,24,static,1,4,73,91,18,1.2465753424657535,22,38,1.0,0.0,0.0,-0.375,-0.07058823529411765,0.0,0.09
constructed_medium,medium_compressibility,4,24,capacity_aware,1,4,100,100,0,1.0,0,0,1.36986301369863,1.0,-0.0989010989010989,1.0,-0.17647058823529413,0.0,0.0
constructed_medium,medium_compressibility,4,24,smooth,1,4,73,85,12,1.1643835616438356,16,25,1.0,0.2727272727272727,0.06593406593406594,0.0,0.0,0.0,0.15
constructed_medium,medium_compressibility,4,24,delivery_aware,1,4,73,85,12,1.1643835616438356,16,34,1.0,0.2727272727272727,0.06593406593406594,0.0,0.0,0.0,0.15
constructed_medium,medium_compressibility,4,24,static,1,8,73,87,14,1.1917808219178083,22,29,1.0,0.0,0.0,-0.375,-0.07407407407407407,0.0,0.13
constructed_medium,medium_compressibility,4,24,capacity_aware,1,8,100,100,0,1.0,0,0,1.36986301369863,1.0,-0.14942528735632185,1.0,-0.2345679012345679,0.0,0.0
constructed_medium,medium_compressibility,4,24,smooth,1,8,73,81,8,1.1095890410958904,16,16,1.0,0.2727272727272727,0.06896551724137931,0.0,0.0,0.0,0.19
constructed_medium,medium_compressibility,4,24,delivery_aware,1,8,73,81,8,1.1095890410958904,16,27,1.0,0.2727272727272727,0.06896551724137931,0.0,0.0,0.0,0.19
constructed_medium,medium_compressibility,4,24,static,1,12,73,83,10,1.1369863013698631,22,19,1.0,0.0,0.0,-0.375,-0.07792207792207792,0.0,0.17
constructed_medium,medium_compressibility,4,24,capacity_aware,1,12,100,100,0,1.0,0,0,1.36986301369863,1.0,-0.20481927710843373,1.0,-0.2987012987012987,0.0,0.0
constructed_medium,medium_compressibility,4,24,smooth,1,12,73,77,4,1.0547945205479452,16,4,1.0,0.2727272727272727,0.07228915662650602,0.0,0.0,0.0,0.23
constructed_medium,medium_compressibility,4,24,delivery_aware,1,12,73,77,4,1.0547945205479452,16,17,1.0,0.2727272727272727,0.07228915662650602,0.0,0.0,0.0,0.23
constructed_medium,medium_compressibility,4,24,static,2,0,73,75,2,1.0273972602739727,4,4,1.0,0.0,0.0,0.0,-0.0273972602739726,0.0,0.07407407407407407
constructed_medium,medium_compressibility,4,24,capacity_aware,2,0,81,81,0,1.0,0,0,1.1095890410958904,1.0,-0.08,0.0,-0.1095890410958904,0.0,0.0
constructed_medium,medium_compressibility,4,24,smooth,2,0,73,73,0,1.0,0,0,1.0,1.0,0.02666666666666667,0.0,0.0,0.0,0.09876543209876543
constructed_medium,medium_compressibility,4,24,delivery_aware,2,0,73,73,0,1.0,0,0,1.0,1.0,0.02666666666666667,0.0,0.0,0.0,0.09876543209876543
constructed_medium,medium_compressibility,4,24,static,2,4,73,73,0,1.0,4,0,1.0,0.0,0.0,0.0,0.0,0.0,0.09876543209876543
constructed_medium,medium_compressibility,4,24,capacity_aware,2,4,81,81,0,1.0,0,0,1.1095890410958904,1.0,-0.1095890410958904,0.0,-0.1095890410958904,0.0,0.0
constructed_medium,medium_compressibility,4,24,smooth,2,4,73,73,0,1.0,0,0,1.0,1.0,0.0,0.0,0.0,0.0,0.09876543209876543
constructed_medium,medium_compressibility,4,24,delivery_aware,2,4,73,73,0,1.0,0,0,1.0,1.0,0.0,0.0,0.0,0.0,0.09876543209876543
constructed_medium,medium_compressibility,4,24,static,2,8,73,73,0,1.0,4,0,1.0,0.0,0.0,0.0,0.0,0.0,0.09876543209876543
constructed_medium,medium_compressibility,4,24,capacity_aware,2,8,81,81,0,1.0,0,0,1.1095890410958904,1.0,-0.1095890410958904,0.0,-0.1095890410958904,0.0,0.0
constructed_medium,medium_compressibility,4,24,smooth,2,8,73,73,0,1.0,0,0,1.0,1.0,0.0,0.0,0.0,0.0,0.09876543209876543
constructed_medium,medium_compressibility,4,24,delivery_aware,2,8,73,73,0,1.0,2,0,1.0,0.5,0.0,0.0,0.0,0.0,0.09876543209876543
constructed_medium,medium_compressibility,4,24,static,2,12,73,73,0,1.0,4,0,1.0,0.0,0.0,0.0,0.0,0.0,0.09876543209876543
constructed_medium,medium_compressibility,4,24,capacity_aware,2,12,81,81,0,1.0,0,0,1.1095890410958904,1.0,-0.1095890410958904,0.0,-0.1095890410958904,0.0,0.0
constructed_medium,medium_compressibility,4,24,smooth,2,12,73,73,0,1.0,0,0,1.0,1.0,0.0,0.0,0.0,0.0,0.09876543209876543
constructed_medium,medium_compressibility,4,24,delivery_aware,2,12,73,73,0,1.0,2,0,1.0,0.5,0.0,0.0,0.0,0.0,0.09876543209876543
constructed_medium,medium_compressibility,4,24,static,3,0,73,74,1,1.0136986301369864,2,1,1.0,0.0,0.0,0.0,-0.0136986301369863,0.0,0.05128205128205128
constructed_medium,medium_compressibility,4,24,capacity_aware,3,0,78,78,0,1.0,0,0,1.0684931506849316,1.0,-0.05405405405405406,0.0,-0.0684931506849315,0.0,0.0
constructed_medium,medium_compressibility,4,24,smooth,3,0,73,73,0,1.0,0,0,1.0,1.0,0.013513513513513514,0.0,0.0,0.0,0.0641025641025641
constructed_medium,medium_compressibility,4,24,delivery_aware,3,0,73,73,0,1.0,0,0,1.0,1.0,0.013513513513513514,0.0,0.0,0.0,0.0641025641025641
constructed_medium,medium_compressibility,4,24,static,3,4,73,73,0,1.0,2,0,1.0,0.0,0.0,0.0,0.0,0.0,0.0641025641025641
constructed_medium,medium_compressibility,4,24,capacity_aware,3,4,78,78,0,1.0,0,0,1.0684931506849316,1.0,-0.0684931506849315,0.0,-0.0684931506849315,0.0,0.0
constructed_medium,medium_compressibility,4,24,smooth,3,4,73,73,0,1.0,0,0,1.0,1.0,0.0,0.0,0.0,0.0,0.0641025641025641
constructed_medium,medium_compressibility,4,24,delivery_aware,3,4,73,73,0,1.0,0,0,1.0,1.0,0.0,0.0,0.0,0.0,0.0641025641025641
constructed_medium,medium_compressibility,4,24,static,3,8,73,73,0,1.0,2,0,1.0,0.0,0.0,0.0,0.0,0.0,0.0641025641025641
constructed_medium,medium_compressibility,4,24,capacity_aware,3,8,78,78,0,1.0,0,0,1.0684931506849316,1.0,-0.0684931506849315,0.0,-0.0684931506849315,0.0,0.0
constructed_medium,medium_compressibility,4,24,smooth,3,8,73,73,0,1.0,0,0,1.0,1.0,0.0,0.0,0.0,0.0,0.0641025641025641
constructed_medium,medium_compressibility,4,24,delivery_aware,3,8,73,73,0,1.0,0,0,1.0,1.0,0.0,0.0,0.0,0.0,0.0641025641025641
constructed_medium,medium_compressibility,4,24,static,3,12,73,73,0,1.0,2,0,1.0,0.0,0.0,0.0,0.0,0.0,0.0641025641025641
constructed_medium,medium_compressibility,4,24,capacity_aware,3,12,78,78,0,1.0,0,0,1.0684931506849316,1.0,-0.0684931506849315,0.0,-0.0684931506849315,0.0,0.0
constructed_medium,medium_compressibility,4,24,smooth,3,12,73,73,0,1.0,0,0,1.0,1.0,0.0,0.0,0.0,0.0,0.0641025641025641
constructed_medium,medium_compressibility,4,24,delivery_aware,3,12,73,73,0,1.0,0,0,1.0,1.0,0.0,0.0,0.0,0.0,0.0641025641025641
constructed_medium,medium_compressibility,4,24,static,4,0,73,73,0,1.0,0,0,1.0,0.0,0.0,0.0,0.0,0.0,0.02666666666666667
constructed_medium,medium_compressibility,4,24,capacity_aware,4,0,75,75,0,1.0,0,0,1.0273972602739727,0.0,-0.0273972602739726,0.0,-0.0273972602739726,0.0,0.0
constructed_medium,medium_compressibility,4,24,smooth,4,0,73,73,0,1.0,0,0,1.0,0.0,0.0,0.0,0.0,0.0,0.02666666666666667
constructed_medium,medium_compressibility,4,24,delivery_aware,4,0,73,73,0,1.0,0,0,1.0,0.0,0.0,0.0,0.0,0.0,0.02666666666666667
constructed_medium,medium_compressibility,4,24,static,4,4,73,73,0,1.0,0,0,1.0,0.0,0.0,0.0,0.0,0.0,0.02666666666666667
constructed_medium,medium_compressibility,4,24,capacity_aware,4,4,75,75,0,1.0,0,0,1.0273972602739727,0.0,-0.0273972602739726,0.0,-0.0273972602739726,0.0,0.0
constructed_medium,medium_compressibility,4,24,smooth,4,4,73,73,0,1.0,0,0,1.0,0.0,0.0,0.0,0.0,0.0,0.02666666666666667
constructed_medium,medium_compressibility,4,24,delivery_aware,4,4,73,73,0,1.0,0,0,1.0,0.0,0.0,0.0,0.0,0.0,0.02666666666666667
constructed_medium,medium_compressibility,4,24,static,4,8,73,73,0,1.0,0,0,1.0,0.0,0.0,0.0,0.0,0.0,0.02666666666666667
constructed_medium,medium_compressibility,4,24,capacity_aware,4,8,75,75,0,1.0,0,0,1.0273972602739727,0.0,-0.0273972602739726,0.0,-0.0273972602739726,0.0,0.0
constructed_medium,medium_compressibility,4,24,smooth,4,8,73,73,0,1.0,0,0,1.0,0.0,0.0,0.0,0.0,0.0,0.02666666666666667
constructed_medium,medium_compressibility,4,24,delivery_aware,4,8,73,73,0,1.0,0,0,1.0,0.0,0.0,0.0,0.0,0.0,0.02666666666666667
constructed_medium,medium_compressibility,4,24,static,4,12,73,73,0,1.0,0,0,1.0,0.0,0.0,0.0,0.0,0.0,0.02666666666666667
constructed_medium,medium_compressibility,4,24,capacity_aware,4,12,75,75,0,1.0,0,0,1.0273972602739727,0.0,-0.0273972602739726,0.0,-0.0273972602739726,0.0,0.0
constructed_medium,medium_compressibility,4,24,smooth,4,12,73,73,0,1.0,0,0,1.0,0.0,0.0,0.0,0.0,0.0,0.02666666666666667
constructed_medium,medium_compressibility,4,24,delivery_aware,4,12,73,73,0,1.0,0,0,1.0,0.0,0.0,0.0,0.0,0.0,0.02666666666666667
constructed_medium,medium_compressibility,4,24,static,5,0,73,73,0,1.0,0,0,1.0,0.0,0.0,0.0,0.0,0.0,0.02666666666666667
constructed_medium,medium_compressibility,4,24,capacity_aware,5,0,75,75,0,1.0,0,0,1.0273972602739727,0.0,-0.0273972602739726,0.0,-0.0273972602739726,0.0,0.0
constructed_medium,medium_compressibility,4,24,smooth,5,0,73,73,0,1.0,0,0,1.0,0.0,0.0,0.0,0.0,0.0,0.02666666666666667
constructed_medium,medium_compressibility,4,24,delivery_aware,5,0,73,73,0,1.0,0,0,1.0,0.0,0.0,0.0,0.0,0.0,0.02666666666666667
constructed_medium,medium_compressibility,4,24,static,5,4,73,73,0,1.0,0,0,1.0,0.0,0.0,0.0,0.0,0.0,0.02666666666666667
constructed_medium,medium_compressibility,4,24,capacity_aware,5,4,75,75,0,1.0,0,0,1.0273972602739727,0.0,-0.0273972602739726,0.0,-0.0273972602739726,0.0,0.0
constructed_medium,medium_compressibility,4,24,smooth,5,4,73,73,0,1.0,0,0,1.0,0.0,0.0,0.0,0.0,0.0,0.02666666666666667
constructed_medium,medium_compressibility,4,24,delivery_aware,5,4,73,73,0,1.0,0,0,1.0,0.0,0.0,0.0,0.0,0.0,0.02666666666666667
constructed_medium,medium_compressibility,4,24,static,5,8,73,73,0,1.0,0,0,1.0,0.0,0.0,0.0,0.0,0.0,0.02666666666666667
constructed_medium,medium_compressibility,4,24,capacity_aware,5,8,75,75,0,1.0,0,0,1.0273972602739727,0.0,-0.0273972602739726,0.0,-0.0273972602739726,0.0,0.0
constructed_medium,medium_compressibility,4,24,smooth,5,8,73,73,0,1.0,0,0,1.0,0.0,0.0,0.0,0.0,0.0,0.02666666666666667
constructed_medium,medium_compressibility,4,24,delivery_aware,5,8,73,73,0,1.0,0,0,1.0,0.0,0.0,0.0,0.0,0.0,0.02666666666666667
constructed_medium,medium_compressibility,4,24,static,5,12,73,73,0,1.0,0,0,1.0,0.0,0.0,0.0,0.0,0.0,0.02666666666666667
constructed_medium,medium_compressibility,4,24,capacity_aware,5,12,75,75,0,1.0,0,0,1.0273972602739727,0.0,-0.0273972602739726,0.0,-0.0273972602739726,0.0,0.0
constructed_medium,medium_compressibility,4,24,smooth,5,12,73,73,0,1.0,0,0,1.0,0.0,0.0,0.0,0.0,0.0,0.02666666666666667
constructed_medium,medium_compressibility,4,24,delivery_aware,5,12,73,73,0,1.0,0,0,1.0,0.0,0.0,0.0,0.0,0.0,0.02666666666666667
constructed_low,low_compressibility,4,24,static,1,0,100,100,0,1.0,0,0,1.0,0.0,0.0,0.0,0.0,0.0,0.0
constructed_low,low_compressibility,4,24,capacity_aware,1,0,100,100,0,1.0,0,0,1.0,0.0,0.0,0.0,0.0,0.0,0.0
constructed_low,low_compressibility,4,24,smooth,1,0,100,100,0,1.0,0,0,1.0,0.0,0.0,0.0,0.0,0.0,0.0
constructed_low,low_compressibility,4,24,delivery_aware,1,0,100,100,0,1.0,0,0,1.0,0.0,0.0,0.0,0.0,0.0,0.0
constructed_low,low_compressibility,4,24,static,1,4,100,100,0,1.0,0,0,1.0,0.0,0.0,0.0,0.0,0.0,0.0
constructed_low,low_compressibility,4,24,capacity_aware,1,4,100,100,0,1.0,0,0,1.0,0.0,0.0,0.0,0.0,0.0,0.0
constructed_low,low_compressibility,4,24,smooth,1,4,100,100,0,1.0,0,0,1.0,0.0,0.0,0.0,0.0,0.0,0.0
constructed_low,low_compressibility,4,24,delivery_aware,1,4,100,100,0,1.0,0,0,1.0,0.0,0.0,0.0,0.0,0.0,0.0
constructed_low,low_compressibility,4,24,static,1,8,100,100,0,1.0,0,0,1.0,0.0,0.0,0.0,0.0,0.0,0.0
constructed_low,low_compressibility,4,24,capacity_aware,1,8,100,100,0,1.0,0,0,1.0,0.0,0.0,0.0,0.0,0.0,0.0
constructed_low,low_compressibility,4,24,smooth,1,8,100,100,0,1.0,0,0,1.0,0.0,0.0,0.0,0.0,0.0,0.0
constructed_low,low_compressibility,4,24,delivery_aware,1,8,100,100,0,1.0,0,0,1.0,0.0,0.0,0.0,0.0,0.0,0.0
constructed_low,low_compressibility,4,24,static,1,12,100,100,0,1.0,0,0,1.0,0.0,0.0,0.0,0.0,0.0,0.0
constructed_low,low_compressibility,4,24,capacity_aware,1,12,100,100,0,1.0,0,0,1.0,0.0,0.0,0.0,0.0,0.0,0.0
constructed_low,low_compressibility,4,24,smooth,1,12,100,100,0,1.0,0,0,1.0,0.0,0.0,0.0,0.0,0.0,0.0
constructed_low,low_compressibility,4,24,delivery_aware,1,12,100,100,0,1.0,0,0,1.0,0.0,0.0,0.0,0.0,0.0,0.0
constructed_low,low_compressibility,4,24,static,2,0,100,100,0,1.0,0,0,1.0,0.0,0.0,0.0,0.0,0.0,0.0
constructed_low,low_compressibility,4,24,capacity_aware,2,0,100,100,0,1.0,0,0,1.0,0.0,0.0,0.0,0.0,0.0,0.0
constructed_low,low_compressibility,4,24,smooth,2,0,100,100,0,1.0,0,0,1.0,0.0,0.0,0.0,0.0,0.0,0.0
constructed_low,low_compressibility,4,24,delivery_aware,2,0,100,100,0,1.0,0,0,1.0,0.0,0.0,0.0,0.0,0.0,0.0
constructed_low,low_compressibility,4,24,static,2,4,100,100,0,1.0,0,0,1.0,0.0,0.0,0.0,0.0,0.0,0.0
constructed_low,low_compressibility,4,24,capacity_aware,2,4,100,100,0,1.0,0,0,1.0,0.0,0.0,0.0,0.0,0.0,0.0
constructed_low,low_compressibility,4,24,smooth,2,4,100,100,0,1.0,0,0,1.0,0.0,0.0,0.0,0.0,0.0,0.0
constructed_low,low_compressibility,4,24,delivery_aware,2,4,100,100,0,1.0,0,0,1.0,0.0,0.0,0.0,0.0,0.0,0.0
constructed_low,low_compressibility,4,24,static,2,8,100,100,0,1.0,0,0,1.0,0.0,0.0,0.0,0.0,0.0,0.0
constructed_low,low_compressibility,4,24,capacity_aware,2,8,100,100,0,1.0,0,0,1.0,0.0,0.0,0.0,0.0,0.0,0.0
constructed_low,low_compressibility,4,24,smooth,2,8,100,100,0,1.0,0,0,1.0,0.0,0.0,0.0,0.0,0.0,0.0
constructed_low,low_compressibility,4,24,delivery_aware,2,8,100,100,0,1.0,0,0,1.0,0.0,0.0,0.0,0.0,0.0,0.0
constructed_low,low_compressibility,4,24,static,2,12,100,100,0,1.0,0,0,1.0,0.0,0.0,0.0,0.0,0.0,0.0
constructed_low,low_compressibility,4,24,capacity_aware,2,12,100,100,0,1.0,0,0,1.0,0.0,0.0,0.0,0.0,0.0,0.0
constructed_low,low_compressibility,4,24,smooth,2,12,100,100,0,1.0,0,0,1.0,0.0,0.0,0.0,0.0,0.0,0.0
constructed_low,low_compressibility,4,24,delivery_aware,2,12,100,100,0,1.0,0,0,1.0,0.0,0.0,0.0,0.0,0.0,0.0
constructed_low,low_compressibility,4,24,static,3,0,100,100,0,1.0,0,0,1.0,0.0,0.0,0.0,0.0,0.0,0.0
constructed_low,low_compressibility,4,24,capacity_aware,3,0,100,100,0,1.0,0,0,1.0,0.0,0.0,0.0,0.0,0.0,0.0
constructed_low,low_compressibility,4,24,smooth,3,0,100,100,0,1.0,0,0,1.0,0.0,0.0,0.0,0.0,0.0,0.0
constructed_low,low_compressibility,4,24,delivery_aware,3,0,100,100,0,1.0,0,0,1.0,0.0,0.0,0.0,0.0,0.0,0.0
constructed_low,low_compressibility,4,24,static,3,4,100,100,0,1.0,0,0,1.0,0.0,0.0,0.0,0.0,0.0,0.0
constructed_low,low_compressibility,4,24,capacity_aware,3,4,100,100,0,1.0,0,0,1.0,0.0,0.0,0.0,0.0,0.0,0.0
constructed_low,low_compressibility,4,24,smooth,3,4,100,100,0,1.0,0,0,1.0,0.0,0.0,0.0,0.0,0.0,0.0
constructed_low,low_compressibility,4,24,delivery_aware,3,4,100,100,0,1.0,0,0,1.0,0.0,0.0,0.0,0.0,0.0,0.0
constructed_low,low_compressibility,4,24,static,3,8,100,100,0,1.0,0,0,1.0,0.0,0.0,0.0,0.0,0.0,0.0
constructed_low,low_compressibility,4,24,capacity_aware,3,8,100,100,0,1.0,0,0,1.0,0.0,0.0,0.0,0.0,0.0,0.0
constructed_low,low_compressibility,4,24,smooth,3,8,100,100,0,1.0,0,0,1.0,0.0,0.0,0.0,0.0,0.0,0.0
constructed_low,low_compressibility,4,24,delivery_aware,3,8,100,100,0,1.0,0,0,1.0,0.0,0.0,0.0,0.0,0.0,0.0
constructed_low,low_compressibility,4,24,static,3,12,100,100,0,1.0,0,0,1.0,0.0,0.0,0.0,0.0,0.0,0.0
constructed_low,low_compressibility,4,24,capacity_aware,3,12,100,100,0,1.0,0,0,1.0,0.0,0.0,0.0,0.0,0.0,0.0
constructed_low,low_compressibility,4,24,smooth,3,12,100,100,0,1.0,0,0,1.0,0.0,0.0,0.0,0.0,0.0,0.0
constructed_low,low_compressibility,4,24,delivery_aware,3,12,100,100,0,1.0,0,0,1.0,0.0,0.0,0.0,0.0,0.0,0.0
constructed_low,low_compressibility,4,24,static,4,0,100,100,0,1.0,0,0,1.0,0.0,0.0,0.0,0.0,0.0,0.0
constructed_low,low_compressibility,4,24,capacity_aware,4,0,100,100,0,1.0,0,0,1.0,0.0,0.0,0.0,0.0,0.0,0.0
constructed_low,low_compressibility,4,24,smooth,4,0,100,100,0,1.0,0,0,1.0,0.0,0.0,0.0,0.0,0.0,0.0
constructed_low,low_compressibility,4,24,delivery_aware,4,0,100,100,0,1.0,0,0,1.0,0.0,0.0,0.0,0.0,0.0,0.0
constructed_low,low_compressibility,4,24,static,4,4,100,100,0,1.0,0,0,1.0,0.0,0.0,0.0,0.0,0.0,0.0
constructed_low,low_compressibility,4,24,capacity_aware,4,4,100,100,0,1.0,0,0,1.0,0.0,0.0,0.0,0.0,0.0,0.0
constructed_low,low_compressibility,4,24,smooth,4,4,100,100,0,1.0,0,0,1.0,0.0,0.0,0.0,0.0,0.0,0.0
constructed_low,low_compressibility,4,24,delivery_aware,4,4,100,100,0,1.0,0,0,1.0,0.0,0.0,0.0,0.0,0.0,0.0
constructed_low,low_compressibility,4,24,static,4,8,100,100,0,1.0,0,0,1.0,0.0,0.0,0.0,0.0,0.0,0.0
constructed_low,low_compressibility,4,24,capacity_aware,4,8,100,100,0,1.0,0,0,1.0,0.0,0.0,0.0,0.0,0.0,0.0
constructed_low,low_compressibility,4,24,smooth,4,8,100,100,0,1.0,0,0,1.0,0.0,0.0,0.0,0.0,0.0,0.0
constructed_low,low_compressibility,4,24,delivery_aware,4,8,100,100,0,1.0,0,0,1.0,0.0,0.0,0.0,0.0,0.0,0.0
constructed_low,low_compressibility,4,24,static,4,12,100,100,0,1.0,0,0,1.0,0.0,0.0,0.0,0.0,0.0,0.0
constructed_low,low_compressibility,4,24,capacity_aware,4,12,100,100,0,1.0,0,0,1.0,0.0,0.0,0.0,0.0,0.0,0.0
constructed_low,low_compressibility,4,24,smooth,4,12,100,100,0,1.0,0,0,1.0,0.0,0.0,0.0,0.0,0.0,0.0
constructed_low,low_compressibility,4,24,delivery_aware,4,12,100,100,0,1.0,0,0,1.0,0.0,0.0,0.0,0.0,0.0,0.0
constructed_low,low_compressibility,4,24,static,5,0,100,100,0,1.0,0,0,1.0,0.0,0.0,0.0,0.0,0.0,0.0
constructed_low,low_compressibility,4,24,capacity_aware,5,0,100,100,0,1.0,0,0,1.0,0.0,0.0,0.0,0.0,0.0,0.0
constructed_low,low_compressibility,4,24,smooth,5,0,100,100,0,1.0,0,0,1.0,0.0,0.0,0.0,0.0,0.0,0.0
constructed_low,low_compressibility,4,24,delivery_aware,5,0,100,100,0,1.0,0,0,1.0,0.0,0.0,0.0,0.0,0.0,0.0
constructed_low,low_compressibility,4,24,static,5,4,100,100,0,1.0,0,0,1.0,0.0,0.0,0.0,0.0,0.0,0.0
constructed_low,low_compressibility,4,24,capacity_aware,5,4,100,100,0,1.0,0,0,1.0,0.0,0.0,0.0,0.0,0.0,0.0
constructed_low,low_compressibility,4,24,smooth,5,4,100,100,0,1.0,0,0,1.0,0.0,0.0,0.0,0.0,0.0,0.0
constructed_low,low_compressibility,4,24,delivery_aware,5,4,100,100,0,1.0,0,0,1.0,0.0,0.0,0.0,0.0,0.0,0.0
constructed_low,low_compressibility,4,24,static,5,8,100,100,0,1.0,0,0,1.0,0.0,0.0,0.0,0.0,0.0,0.0
constructed_low,low_compressibility,4,24,capacity_aware,5,8,100,100,0,1.0,0,0,1.0,0.0,0.0,0.0,0.0,0.0,0.0
constructed_low,low_compressibility,4,24,smooth,5,8,100,100,0,1.0,0,0,1.0,0.0,0.0,0.0,0.0,0.0,0.0
constructed_low,low_compressibility,4,24,delivery_aware,5,8,100,100,0,1.0,0,0,1.0,0.0,0.0,0.0,0.0,0.0,0.0
constructed_low,low_compressibility,4,24,static,5,12,100,100,0,1.0,0,0,1.0,0.0,0.0,0.0,0.0,0.0,0.0
constructed_low,low_compressibility,4,24,capacity_aware,5,12,100,100,0,1.0,0,0,1.0,0.0,0.0,0.0,0.0,0.0,0.0
constructed_low,low_compressibility,4,24,smooth,5,12,100,100,0,1.0,0,0,1.0,0.0,0.0,0.0,0.0,0.0,0.0
constructed_low,low_compressibility,4,24,delivery_aware,5,12,100,100,0,1.0,0,0,1.0,0.0,0.0,0.0,0.0,0.0,0.0
adder_n8,semi_real_adder,0,8,static,1,0,34,34,0,1.0,0,0,1.0,0.0,0.0,0.0,0.0,0.0,0.0
adder_n8,semi_real_adder,0,8,capacity_aware,1,0,34,34,0,1.0,0,0,1.0,0.0,0.0,0.0,0.0,0.0,0.0
adder_n8,semi_real_adder,0,8,smooth,1,0,34,34,0,1.0,0,0,1.0,0.0,0.0,0.0,0.0,0.0,0.0
adder_n8,semi_real_adder,0,8,delivery_aware,1,0,34,34,0,1.0,0,0,1.0,0.0,0.0,0.0,0.0,0.0,0.0
adder_n8,semi_real_adder,0,8,static,1,4,34,34,0,1.0,0,0,1.0,0.0,0.0,0.0,0.0,0.0,0.0
adder_n8,semi_real_adder,0,8,capacity_aware,1,4,34,34,0,1.0,0,0,1.0,0.0,0.0,0.0,0.0,0.0,0.0
adder_n8,semi_real_adder,0,8,smooth,1,4,34,34,0,1.0,0,0,1.0,0.0,0.0,0.0,0.0,0.0,0.0
adder_n8,semi_real_adder,0,8,delivery_aware,1,4,34,34,0,1.0,0,0,1.0,0.0,0.0,0.0,0.0,0.0,0.0
adder_n8,semi_real_adder,0,8,static,1,8,34,34,0,1.0,0,0,1.0,0.0,0.0,0.0,0.0,0.0,0.0
adder_n8,semi_real_adder,0,8,capacity_aware,1,8,34,34,0,1.0,0,0,1.0,0.0,0.0,0.0,0.0,0.0,0.0
adder_n8,semi_real_adder,0,8,smooth,1,8,34,34,0,1.0,0,0,1.0,0.0,0.0,0.0,0.0,0.0,0.0
adder_n8,semi_real_adder,0,8,delivery_aware,1,8,34,34,0,1.0,0,0,1.0,0.0,0.0,0.0,0.0,0.0,0.0
adder_n8,semi_real_adder,0,8,static,1,12,34,34,0,1.0,0,0,1.0,0.0,0.0,0.0,0.0,0.0,0.0
adder_n8,semi_real_adder,0,8,capacity_aware,1,12,34,34,0,1.0,0,0,1.0,0.0,0.0,0.0,0.0,0.0,0.0
adder_n8,semi_real_adder,0,8,smooth,1,12,34,34,0,1.0,0,0,1.0,0.0,0.0,0.0,0.0,0.0,0.0
adder_n8,semi_real_adder,0,8,delivery_aware,1,12,34,34,0,1.0,0,0,1.0,0.0,0.0,0.0,0.0,0.0,0.0
adder_n8,semi_real_adder,0,8,static,2,0,34,34,0,1.0,0,0,1.0,0.0,0.0,0.0,0.0,0.0,0.0
adder_n8,semi_real_adder,0,8,capacity_aware,2,0,34,34,0,1.0,0,0,1.0,0.0,0.0,0.0,0.0,0.0,0.0
adder_n8,semi_real_adder,0,8,smooth,2,0,34,34,0,1.0,0,0,1.0,0.0,0.0,0.0,0.0,0.0,0.0
adder_n8,semi_real_adder,0,8,delivery_aware,2,0,34,34,0,1.0,0,0,1.0,0.0,0.0,0.0,0.0,0.0,0.0
adder_n8,semi_real_adder,0,8,static,2,4,34,34,0,1.0,0,0,1.0,0.0,0.0,0.0,0.0,0.0,0.0
adder_n8,semi_real_adder,0,8,capacity_aware,2,4,34,34,0,1.0,0,0,1.0,0.0,0.0,0.0,0.0,0.0,0.0
adder_n8,semi_real_adder,0,8,smooth,2,4,34,34,0,1.0,0,0,1.0,0.0,0.0,0.0,0.0,0.0,0.0
adder_n8,semi_real_adder,0,8,delivery_aware,2,4,34,34,0,1.0,0,0,1.0,0.0,0.0,0.0,0.0,0.0,0.0
adder_n8,semi_real_adder,0,8,static,2,8,34,34,0,1.0,0,0,1.0,0.0,0.0,0.0,0.0,0.0,0.0
adder_n8,semi_real_adder,0,8,capacity_aware,2,8,34,34,0,1.0,0,0,1.0,0.0,0.0,0.0,0.0,0.0,0.0
adder_n8,semi_real_adder,0,8,smooth,2,8,34,34,0,1.0,0,0,1.0,0.0,0.0,0.0,0.0,0.0,0.0
adder_n8,semi_real_adder,0,8,delivery_aware,2,8,34,34,0,1.0,0,0,1.0,0.0,0.0,0.0,0.0,0.0,0.0
adder_n8,semi_real_adder,0,8,static,2,12,34,34,0,1.0,0,0,1.0,0.0,0.0,0.0,0.0,0.0,0.0
adder_n8,semi_real_adder,0,8,capacity_aware,2,12,34,34,0,1.0,0,0,1.0,0.0,0.0,0.0,0.0,0.0,0.0
adder_n8,semi_real_adder,0,8,smooth,2,12,34,34,0,1.0,0,0,1.0,0.0,0.0,0.0,0.0,0.0,0.0
adder_n8,semi_real_adder,0,8,delivery_aware,2,12,34,34,0,1.0,0,0,1.0,0.0,0.0,0.0,0.0,0.0,0.0
adder_n8,semi_real_adder,0,8,static,3,0,34,34,0,1.0,0,0,1.0,0.0,0.0,0.0,0.0,0.0,0.0
adder_n8,semi_real_adder,0,8,capacity_aware,3,0,34,34,0,1.0,0,0,1.0,0.0,0.0,0.0,0.0,0.0,0.0
adder_n8,semi_real_adder,0,8,smooth,3,0,34,34,0,1.0,0,0,1.0,0.0,0.0,0.0,0.0,0.0,0.0
adder_n8,semi_real_adder,0,8,delivery_aware,3,0,34,34,0,1.0,0,0,1.0,0.0,0.0,0.0,0.0,0.0,0.0
adder_n8,semi_real_adder,0,8,static,3,4,34,34,0,1.0,0,0,1.0,0.0,0.0,0.0,0.0,0.0,0.0
adder_n8,semi_real_adder,0,8,capacity_aware,3,4,34,34,0,1.0,0,0,1.0,0.0,0.0,0.0,0.0,0.0,0.0
adder_n8,semi_real_adder,0,8,smooth,3,4,34,34,0,1.0,0,0,1.0,0.0,0.0,0.0,0.0,0.0,0.0
adder_n8,semi_real_adder,0,8,delivery_aware,3,4,34,34,0,1.0,0,0,1.0,0.0,0.0,0.0,0.0,0.0,0.0
adder_n8,semi_real_adder,0,8,static,3,8,34,34,0,1.0,0,0,1.0,0.0,0.0,0.0,0.0,0.0,0.0
adder_n8,semi_real_adder,0,8,capacity_aware,3,8,34,34,0,1.0,0,0,1.0,0.0,0.0,0.0,0.0,0.0,0.0
adder_n8,semi_real_adder,0,8,smooth,3,8,34,34,0,1.0,0,0,1.0,0.0,0.0,0.0,0.0,0.0,0.0
adder_n8,semi_real_adder,0,8,delivery_aware,3,8,34,34,0,1.0,0,0,1.0,0.0,0.0,0.0,0.0,0.0,0.0
adder_n8,semi_real_adder,0,8,static,3,12,34,34,0,1.0,0,0,1.0,0.0,0.0,0.0,0.0,0.0,0.0
adder_n8,semi_real_adder,0,8,capacity_aware,3,12,34,34,0,1.0,0,0,1.0,0.0,0.0,0.0,0.0,0.0,0.0
adder_n8,semi_real_adder,0,8,smooth,3,12,34,34,0,1.0,0,0,1.0,0.0,0.0,0.0,0.0,0.0,0.0
adder_n8,semi_real_adder,0,8,delivery_aware,3,12,34,34,0,1.0,0,0,1.0,0.0,0.0,0.0,0.0,0.0,0.0
adder_n8,semi_real_adder,0,8,static,4,0,34,34,0,1.0,0,0,1.0,0.0,0.0,0.0,0.0,0.0,0.0
adder_n8,semi_real_adder,0,8,capacity_aware,4,0,34,34,0,1.0,0,0,1.0,0.0,0.0,0.0,0.0,0.0,0.0
adder_n8,semi_real_adder,0,8,smooth,4,0,34,34,0,1.0,0,0,1.0,0.0,0.0,0.0,0.0,0.0,0.0
adder_n8,semi_real_adder,0,8,delivery_aware,4,0,34,34,0,1.0,0,0,1.0,0.0,0.0,0.0,0.0,0.0,0.0
adder_n8,semi_real_adder,0,8,static,4,4,34,34,0,1.0,0,0,1.0,0.0,0.0,0.0,0.0,0.0,0.0
adder_n8,semi_real_adder,0,8,capacity_aware,4,4,34,34,0,1.0,0,0,1.0,0.0,0.0,0.0,0.0,0.0,0.0
adder_n8,semi_real_adder,0,8,smooth,4,4,34,34,0,1.0,0,0,1.0,0.0,0.0,0.0,0.0,0.0,0.0
adder_n8,semi_real_adder,0,8,delivery_aware,4,4,34,34,0,1.0,0,0,1.0,0.0,0.0,0.0,0.0,0.0,0.0
adder_n8,semi_real_adder,0,8,static,4,8,34,34,0,1.0,0,0,1.0,0.0,0.0,0.0,0.0,0.0,0.0
adder_n8,semi_real_adder,0,8,capacity_aware,4,8,34,34,0,1.0,0,0,1.0,0.0,0.0,0.0,0.0,0.0,0.0
adder_n8,semi_real_adder,0,8,smooth,4,8,34,34,0,1.0,0,0,1.0,0.0,0.0,0.0,0.0,0.0,0.0
adder_n8,semi_real_adder,0,8,delivery_aware,4,8,34,34,0,1.0,0,0,1.0,0.0,0.0,0.0,0.0,0.0,0.0
adder_n8,semi_real_adder,0,8,static,4,12,34,34,0,1.0,0,0,1.0,0.0,0.0,0.0,0.0,0.0,0.0
adder_n8,semi_real_adder,0,8,capacity_aware,4,12,34,34,0,1.0,0,0,1.0,0.0,0.0,0.0,0.0,0.0,0.0
adder_n8,semi_real_adder,0,8,smooth,4,12,34,34,0,1.0,0,0,1.0,0.0,0.0,0.0,0.0,0.0,0.0
adder_n8,semi_real_adder,0,8,delivery_aware,4,12,34,34,0,1.0,0,0,1.0,0.0,0.0,0.0,0.0,0.0,0.0
adder_n8,semi_real_adder,0,8,static,5,0,34,34,0,1.0,0,0,1.0,0.0,0.0,0.0,0.0,0.0,0.0
adder_n8,semi_real_adder,0,8,capacity_aware,5,0,34,34,0,1.0,0,0,1.0,0.0,0.0,0.0,0.0,0.0,0.0
adder_n8,semi_real_adder,0,8,smooth,5,0,34,34,0,1.0,0,0,1.0,0.0,0.0,0.0,0.0,0.0,0.0
adder_n8,semi_real_adder,0,8,delivery_aware,5,0,34,34,0,1.0,0,0,1.0,0.0,0.0,0.0,0.0,0.0,0.0
adder_n8,semi_real_adder,0,8,static,5,4,34,34,0,1.0,0,0,1.0,0.0,0.0,0.0,0.0,0.0,0.0
adder_n8,semi_real_adder,0,8,capacity_aware,5,4,34,34,0,1.0,0,0,1.0,0.0,0.0,0.0,0.0,0.0,0.0
adder_n8,semi_real_adder,0,8,smooth,5,4,34,34,0,1.0,0,0,1.0,0.0,0.0,0.0,0.0,0.0,0.0
adder_n8,semi_real_adder,0,8,delivery_aware,5,4,34,34,0,1.0,0,0,1.0,0.0,0.0,0.0,0.0,0.0,0.0
adder_n8,semi_real_adder,0,8,static,5,8,34,34,0,1.0,0,0,1.0,0.0,0.0,0.0,0.0,0.0,0.0
adder_n8,semi_real_adder,0,8,capacity_aware,5,8,34,34,0,1.0,0,0,1.0,0.0,0.0,0.0,0.0,0.0,0.0
adder_n8,semi_real_adder,0,8,smooth,5,8,34,34,0,1.0,0,0,1.0,0.0,0.0,0.0,0.0,0.0,0.0
adder_n8,semi_real_adder,0,8,delivery_aware,5,8,34,34,0,1.0,0,0,1.0,0.0,0.0,0.0,0.0,0.0,0.0
adder_n8,semi_real_adder,0,8,static,5,12,34,34,0,1.0,0,0,1.0,0.0,0.0,0.0,0.0,0.0,0.0
adder_n8,semi_real_adder,0,8,capacity_aware,5,12,34,34,0,1.0,0,0,1.0,0.0,0.0,0.0,0.0,0.0,0.0
adder_n8,semi_real_adder,0,8,smooth,5,12,34,34,0,1.0,0,0,1.0,0.0,0.0,0.0,0.0,0.0,0.0
adder_n8,semi_real_adder,0,8,delivery_aware,5,12,34,34,0,1.0,0,0,1.0,0.0,0.0,0.0,0.0,0.0,0.0
adder_n16,semi_real_adder,0,16,static,1,0,66,66,0,1.0,0,0,1.0,0.0,0.0,0.0,0.0,0.0,0.0
adder_n16,semi_real_adder,0,16,capacity_aware,1,0,66,66,0,1.0,0,0,1.0,0.0,0.0,0.0,0.0,0.0,0.0
adder_n16,semi_real_adder,0,16,smooth,1,0,66,66,0,1.0,0,0,1.0,0.0,0.0,0.0,0.0,0.0,0.0
adder_n16,semi_real_adder,0,16,delivery_aware,1,0,66,66,0,1.0,0,0,1.0,0.0,0.0,0.0,0.0,0.0,0.0
adder_n16,semi_real_adder,0,16,static,1,4,66,66,0,1.0,0,0,1.0,0.0,0.0,0.0,0.0,0.0,0.0
adder_n16,semi_real_adder,0,16,capacity_aware,1,4,66,66,0,1.0,0,0,1.0,0.0,0.0,0.0,0.0,0.0,0.0
adder_n16,semi_real_adder,0,16,smooth,1,4,66,66,0,1.0,0,0,1.0,0.0,0.0,0.0,0.0,0.0,0.0
adder_n16,semi_real_adder,0,16,delivery_aware,1,4,66,66,0,1.0,0,0,1.0,0.0,0.0,0.0,0.0,0.0,0.0
adder_n16,semi_real_adder,0,16,static,1,8,66,66,0,1.0,0,0,1.0,0.0,0.0,0.0,0.0,0.0,0.0
adder_n16,semi_real_adder,0,16,capacity_aware,1,8,66,66,0,1.0,0,0,1.0,0.0,0.0,0.0,0.0,0.0,0.0
adder_n16,semi_real_adder,0,16,smooth,1,8,66,66,0,1.0,0,0,1.0,0.0,0.0,0.0,0.0,0.0,0.0
adder_n16,semi_real_adder,0,16,delivery_aware,1,8,66,66,0,1.0,0,0,1.0,0.0,0.0,0.0,0.0,0.0,0.0
adder_n16,semi_real_adder,0,16,static,1,12,66,66,0,1.0,0,0,1.0,0.0,0.0,0.0,0.0,0.0,0.0
adder_n16,semi_real_adder,0,16,capacity_aware,1,12,66,66,0,1.0,0,0,1.0,0.0,0.0,0.0,0.0,0.0,0.0
adder_n16,semi_real_adder,0,16,smooth,1,12,66,66,0,1.0,0,0,1.0,0.0,0.0,0.0,0.0,0.0,0.0
adder_n16,semi_real_adder,0,16,delivery_aware,1,12,66,66,0,1.0,0,0,1.0,0.0,0.0,0.0,0.0,0.0,0.0
adder_n16,semi_real_adder,0,16,static,2,0,66,66,0,1.0,0,0,1.0,0.0,0.0,0.0,0.0,0.0,0.0
adder_n16,semi_real_adder,0,16,capacity_aware,2,0,66,66,0,1.0,0,0,1.0,0.0,0.0,0.0,0.0,0.0,0.0
adder_n16,semi_real_adder,0,16,smooth,2,0,66,66,0,1.0,0,0,1.0,0.0,0.0,0.0,0.0,0.0,0.0
adder_n16,semi_real_adder,0,16,delivery_aware,2,0,66,66,0,1.0,0,0,1.0,0.0,0.0,0.0,0.0,0.0,0.0
adder_n16,semi_real_adder,0,16,static,2,4,66,66,0,1.0,0,0,1.0,0.0,0.0,0.0,0.0,0.0,0.0
adder_n16,semi_real_adder,0,16,capacity_aware,2,4,66,66,0,1.0,0,0,1.0,0.0,0.0,0.0,0.0,0.0,0.0
adder_n16,semi_real_adder,0,16,smooth,2,4,66,66,0,1.0,0,0,1.0,0.0,0.0,0.0,0.0,0.0,0.0
adder_n16,semi_real_adder,0,16,delivery_aware,2,4,66,66,0,1.0,0,0,1.0,0.0,0.0,0.0,0.0,0.0,0.0
adder_n16,semi_real_adder,0,16,static,2,8,66,66,0,1.0,0,0,1.0,0.0,0.0,0.0,0.0,0.0,0.0
adder_n16,semi_real_adder,0,16,capacity_aware,2,8,66,66,0,1.0,0,0,1.0,0.0,0.0,0.0,0.0,0.0,0.0
adder_n16,semi_real_adder,0,16,smooth,2,8,66,66,0,1.0,0,0,1.0,0.0,0.0,0.0,0.0,0.0,0.0
adder_n16,semi_real_adder,0,16,delivery_aware,2,8,66,66,0,1.0,0,0,1.0,0.0,0.0,0.0,0.0,0.0,0.0
adder_n16,semi_real_adder,0,16,static,2,12,66,66,0,1.0,0,0,1.0,0.0,0.0,0.0,0.0,0.0,0.0
adder_n16,semi_real_adder,0,16,capacity_aware,2,12,66,66,0,1.0,0,0,1.0,0.0,0.0,0.0,0.0,0.0,0.0
adder_n16,semi_real_adder,0,16,smooth,2,12,66,66,0,1.0,0,0,1.0,0.0,0.0,0.0,0.0,0.0,0.0
adder_n16,semi_real_adder,0,16,delivery_aware,2,12,66,66,0,1.0,0,0,1.0,0.0,0.0,0.0,0.0,0.0,0.0
adder_n16,semi_real_adder,0,16,static,3,0,66,66,0,1.0,0,0,1.0,0.0,0.0,0.0,0.0,0.0,0.0
adder_n16,semi_real_adder,0,16,capacity_aware,3,0,66,66,0,1.0,0,0,1.0,0.0,0.0,0.0,0.0,0.0,0.0
adder_n16,semi_real_adder,0,16,smooth,3,0,66,66,0,1.0,0,0,1.0,0.0,0.0,0.0,0.0,0.0,0.0
adder_n16,semi_real_adder,0,16,delivery_aware,3,0,66,66,0,1.0,0,0,1.0,0.0,0.0,0.0,0.0,0.0,0.0
adder_n16,semi_real_adder,0,16,static,3,4,66,66,0,1.0,0,0,1.0,0.0,0.0,0.0,0.0,0.0,0.0
adder_n16,semi_real_adder,0,16,capacity_aware,3,4,66,66,0,1.0,0,0,1.0,0.0,0.0,0.0,0.0,0.0,0.0
adder_n16,semi_real_adder,0,16,smooth,3,4,66,66,0,1.0,0,0,1.0,0.0,0.0,0.0,0.0,0.0,0.0
adder_n16,semi_real_adder,0,16,delivery_aware,3,4,66,66,0,1.0,0,0,1.0,0.0,0.0,0.0,0.0,0.0,0.0
adder_n16,semi_real_adder,0,16,static,3,8,66,66,0,1.0,0,0,1.0,0.0,0.0,0.0,0.0,0.0,0.0
adder_n16,semi_real_adder,0,16,capacity_aware,3,8,66,66,0,1.0,0,0,1.0,0.0,0.0,0.0,0.0,0.0,0.0
adder_n16,semi_real_adder,0,16,smooth,3,8,66,66,0,1.0,0,0,1.0,0.0,0.0,0.0,0.0,0.0,0.0
adder_n16,semi_real_adder,0,16,delivery_aware,3,8,66,66,0,1.0,0,0,1.0,0.0,0.0,0.0,0.0,0.0,0.0
adder_n16,semi_real_adder,0,16,static,3,12,66,66,0,1.0,0,0,1.0,0.0,0.0,0.0,0.0,0.0,0.0
adder_n16,semi_real_adder,0,16,capacity_aware,3,12,66,66,0,1.0,0,0,1.0,0.0,0.0,0.0,0.0,0.0,0.0
adder_n16,semi_real_adder,0,16,smooth,3,12,66,66,0,1.0,0,0,1.0,0.0,0.0,0.0,0.0,0.0,0.0
adder_n16,semi_real_adder,0,16,delivery_aware,3,12,66,66,0,1.0,0,0,1.0,0.0,0.0,0.0,0.0,0.0,0.0
adder_n16,semi_real_adder,0,16,static,4,0,66,66,0,1.0,0,0,1.0,0.0,0.0,0.0,0.0,0.0,0.0
adder_n16,semi_real_adder,0,16,capacity_aware,4,0,66,66,0,1.0,0,0,1.0,0.0,0.0,0.0,0.0,0.0,0.0
adder_n16,semi_real_adder,0,16,smooth,4,0,66,66,0,1.0,0,0,1.0,0.0,0.0,0.0,0.0,0.0,0.0
adder_n16,semi_real_adder,0,16,delivery_aware,4,0,66,66,0,1.0,0,0,1.0,0.0,0.0,0.0,0.0,0.0,0.0
adder_n16,semi_real_adder,0,16,static,4,4,66,66,0,1.0,0,0,1.0,0.0,0.0,0.0,0.0,0.0,0.0
adder_n16,semi_real_adder,0,16,capacity_aware,4,4,66,66,0,1.0,0,0,1.0,0.0,0.0,0.0,0.0,0.0,0.0
adder_n16,semi_real_adder,0,16,smooth,4,4,66,66,0,1.0,0,0,1.0,0.0,0.0,0.0,0.0,0.0,0.0
adder_n16,semi_real_adder,0,16,delivery_aware,4,4,66,66,0,1.0,0,0,1.0,0.0,0.0,0.0,0.0,0.0,0.0
adder_n16,semi_real_adder,0,16,static,4,8,66,66,0,1.0,0,0,1.0,0.0,0.0,0.0,0.0,0.0,0.0
adder_n16,semi_real_adder,0,16,capacity_aware,4,8,66,66,0,1.0,0,0,1.0,0.0,0.0,0.0,0.0,0.0,0.0
adder_n16,semi_real_adder,0,16,smooth,4,8,66,66,0,1.0,0,0,1.0,0.0,0.0,0.0,0.0,0.0,0.0
adder_n16,semi_real_adder,0,16,delivery_aware,4,8,66,66,0,1.0,0,0,1.0,0.0,0.0,0.0,0.0,0.0,0.0
adder_n16,semi_real_adder,0,16,static,4,12,66,66,0,1.0,0,0,1.0,0.0,0.0,0.0,0.0,0.0,0.0
adder_n16,semi_real_adder,0,16,capacity_aware,4,12,66,66,0,1.0,0,0,1.0,0.0,0.0,0.0,0.0,0.0,0.0
adder_n16,semi_real_adder,0,16,smooth,4,12,66,66,0,1.0,0,0,1.0,0.0,0.0,0.0,0.0,0.0,0.0
adder_n16,semi_real_adder,0,16,delivery_aware,4,12,66,66,0,1.0,0,0,1.0,0.0,0.0,0.0,0.0,0.0,0.0
adder_n16,semi_real_adder,0,16,static,5,0,66,66,0,1.0,0,0,1.0,0.0,0.0,0.0,0.0,0.0,0.0
adder_n16,semi_real_adder,0,16,capacity_aware,5,0,66,66,0,1.0,0,0,1.0,0.0,0.0,0.0,0.0,0.0,0.0
adder_n16,semi_real_adder,0,16,smooth,5,0,66,66,0,1.0,0,0,1.0,0.0,0.0,0.0,0.0,0.0,0.0
adder_n16,semi_real_adder,0,16,delivery_aware,5,0,66,66,0,1.0,0,0,1.0,0.0,0.0,0.0,0.0,0.0,0.0
adder_n16,semi_real_adder,0,16,static,5,4,66,66,0,1.0,0,0,1.0,0.0,0.0,0.0,0.0,0.0,0.0
adder_n16,semi_real_adder,0,16,capacity_aware,5,4,66,66,0,1.0,0,0,1.0,0.0,0.0,0.0,0.0,0.0,0.0
adder_n16,semi_real_adder,0,16,smooth,5,4,66,66,0,1.0,0,0,1.0,0.0,0.0,0.0,0.0,0.0,0.0
adder_n16,semi_real_adder,0,16,delivery_aware,5,4,66,66,0,1.0,0,0,1.0,0.0,0.0,0.0,0.0,0.0,0.0
adder_n16,semi_real_adder,0,16,static,5,8,66,66,0,1.0,0,0,1.0,0.0,0.0,0.0,0.0,0.0,0.0
adder_n16,semi_real_adder,0,16,capacity_aware,5,8,66,66,0,1.0,0,0,1.0,0.0,0.0,0.0,0.0,0.0,0.0
adder_n16,semi_real_adder,0,16,smooth,5,8,66,66,0,1.0,0,0,1.0,0.0,0.0,0.0,0.0,0.0,0.0
adder_n16,semi_real_adder,0,16,delivery_aware,5,8,66,66,0,1.0,0,0,1.0,0.0,0.0,0.0,0.0,0.0,0.0
adder_n16,semi_real_adder,0,16,static,5,12,66,66,0,1.0,0,0,1.0,0.0,0.0,0.0,0.0,0.0,0.0
adder_n16,semi_real_adder,0,16,capacity_aware,5,12,66,66,0,1.0,0,0,1.0,0.0,0.0,0.0,0.0,0.0,0.0
adder_n16,semi_real_adder,0,16,smooth,5,12,66,66,0,1.0,0,0,1.0,0.0,0.0,0.0,0.0,0.0,0.0
adder_n16,semi_real_adder,0,16,delivery_aware,5,12,66,66,0,1.0,0,0,1.0,0.0,0.0,0.0,0.0,0.0,0.0
multiplier_n4,semi_real_multiplier,0,4,static,1,0,22,28,6,1.2727272727272727,6,16,1.0,0.0,0.0,-2.0,-0.16666666666666666,0.0,-0.12
multiplier_n4,semi_real_multiplier,0,4,capacity_aware,1,0,25,25,0,1.0,0,0,1.1363636363636365,1.0,0.10714285714285714,1.0,-0.041666666666666664,0.0,0.0
multiplier_n4,semi_real_multiplier,0,4,smooth,1,0,22,24,2,1.0909090909090908,2,4,1.0,0.6666666666666666,0.14285714285714285,0.0,0.0,0.0,0.04
multiplier_n4,semi_real_multiplier,0,4,delivery_aware,1,0,22,24,2,1.0909090909090908,2,6,1.0,0.6666666666666666,0.14285714285714285,0.0,0.0,0.0,0.04
multiplier_n4,semi_real_multiplier,0,4,static,1,4,22,24,2,1.0909090909090908,6,2,1.0,0.0,0.0,-2.0,-0.09090909090909091,0.0,0.04
multiplier_n4,semi_real_multiplier,0,4,capacity_aware,1,4,25,25,0,1.0,0,0,1.1363636363636365,1.0,-0.041666666666666664,1.0,-0.13636363636363635,0.0,0.0
multiplier_n4,semi_real_multiplier,0,4,smooth,1,4,22,22,0,1.0,2,0,1.0,0.6666666666666666,0.08333333333333333,0.0,0.0,0.0,0.12
multiplier_n4,semi_real_multiplier,0,4,delivery_aware,1,4,22,23,1,1.0454545454545454,5,1,1.0,0.16666666666666666,0.041666666666666664,-1.5,-0.045454545454545456,0.0,0.08
multiplier_n4,semi_real_multiplier,0,4,static,1,8,22,22,0,1.0,6,0,1.0,0.0,0.0,-2.0,0.0,0.0,0.12
multiplier_n4,semi_real_multiplier,0,4,capacity_aware,1,8,25,25,0,1.0,0,0,1.1363636363636365,1.0,-0.13636363636363635,1.0,-0.13636363636363635,0.0,0.0
multiplier_n4,semi_real_multiplier,0,4,smooth,1,8,22,22,0,1.0,2,0,1.0,0.6666666666666666,0.0,0.0,0.0,0.0,0.12
multiplier_n4,semi_real_multiplier,0,4,delivery_aware,1,8,22,22,0,1.0,5,0,1.0,0.16666666666666666,0.0,-1.5,0.0,0.0,0.12
multiplier_n4,semi_real_multiplier,0,4,static,1,12,22,22,0,1.0,6,0,1.0,0.0,0.0,-2.0,0.0,0.0,0.12
multiplier_n4,semi_real_multiplier,0,4,capacity_aware,1,12,25,25,0,1.0,0,0,1.1363636363636365,1.0,-0.13636363636363635,1.0,-0.13636363636363635,0.0,0.0
multiplier_n4,semi_real_multiplier,0,4,smooth,1,12,22,22,0,1.0,2,0,1.0,0.6666666666666666,0.0,0.0,0.0,0.0,0.12
multiplier_n4,semi_real_multiplier,0,4,delivery_aware,1,12,22,22,0,1.0,5,0,1.0,0.16666666666666666,0.0,-1.5,0.0,0.0,0.12
multiplier_n4,semi_real_multiplier,0,4,static,2,0,22,23,1,1.0454545454545454,1,1,1.0,0.0,0.0,0.0,-0.045454545454545456,0.0,-0.045454545454545456
multiplier_n4,semi_real_multiplier,0,4,capacity_aware,2,0,22,22,0,1.0,0,0,1.0,1.0,0.043478260869565216,0.0,0.0,0.0,0.0
multiplier_n4,semi_real_multiplier,0,4,smooth,2,0,22,22,0,1.0,0,0,1.0,1.0,0.043478260869565216,0.0,0.0,0.0,0.0
multiplier_n4,semi_real_multiplier,0,4,delivery_aware,2,0,22,22,0,1.0,0,0,1.0,1.0,0.043478260869565216,0.0,0.0,0.0,0.0
multiplier_n4,semi_real_multiplier,0,4,static,2,4,22,22,0,1.0,1,0,1.0,0.0,0.0,0.0,0.0,0.0,0.0
multiplier_n4,semi_real_multiplier,0,4,capacity_aware,2,4,22,22,0,1.0,0,0,1.0,1.0,0.0,0.0,0.0,0.0,0.0
multiplier_n4,semi_real_multiplier,0,4,smooth,2,4,22,22,0,1.0,0,0,1.0,1.0,0.0,0.0,0.0,0.0,0.0
multiplier_n4,semi_real_multiplier,0,4,delivery_aware,2,4,22,22,0,1.0,0,0,1.0,1.0,0.0,0.0,0.0,0.0,0.0
multiplier_n4,semi_real_multiplier,0,4,static,2,8,22,22,0,1.0,1,0,1.0,0.0,0.0,0.0,0.0,0.0,0.0
multiplier_n4,semi_real_multiplier,0,4,capacity_aware,2,8,22,22,0,1.0,0,0,1.0,1.0,0.0,0.0,0.0,0.0,0.0
multiplier_n4,semi_real_multiplier,0,4,smooth,2,8,22,22,0,1.0,0,0,1.0,1.0,0.0,0.0,0.0,0.0,0.0
multiplier_n4,semi_real_multiplier,0,4,delivery_aware,2,8,22,22,0,1.0,0,0,1.0,1.0,0.0,0.0,0.0,0.0,0.0
multiplier_n4,semi_real_multiplier,0,4,static,2,12,22,22,0,1.0,1,0,1.0,0.0,0.0,0.0,0.0,0.0,0.0
multiplier_n4,semi_real_multiplier,0,4,capacity_aware,2,12,22,22,0,1.0,0,0,1.0,1.0,0.0,0.0,0.0,0.0,0.0
multiplier_n4,semi_real_multiplier,0,4,smooth,2,12,22,22,0,1.0,0,0,1.0,1.0,0.0,0.0,0.0,0.0,0.0
multiplier_n4,semi_real_multiplier,0,4,delivery_aware,2,12,22,22,0,1.0,0,0,1.0,1.0,0.0,0.0,0.0,0.0,0.0
multiplier_n4,semi_real_multiplier,0,4,static,3,0,22,22,0,1.0,0,0,1.0,0.0,0.0,0.0,0.0,0.0,0.0
multiplier_n4,semi_real_multiplier,0,4,capacity_aware,3,0,22,22,0,1.0,0,0,1.0,0.0,0.0,0.0,0.0,0.0,0.0
multiplier_n4,semi_real_multiplier,0,4,smooth,3,0,22,22,0,1.0,0,0,1.0,0.0,0.0,0.0,0.0,0.0,0.0
multiplier_n4,semi_real_multiplier,0,4,delivery_aware,3,0,22,22,0,1.0,0,0,1.0,0.0,0.0,0.0,0.0,0.0,0.0
multiplier_n4,semi_real_multiplier,0,4,static,3,4,22,22,0,1.0,0,0,1.0,0.0,0.0,0.0,0.0,0.0,0.0
multiplier_n4,semi_real_multiplier,0,4,capacity_aware,3,4,22,22,0,1.0,0,0,1.0,0.0,0.0,0.0,0.0,0.0,0.0
multiplier_n4,semi_real_multiplier,0,4,smooth,3,4,22,22,0,1.0,0,0,1.0,0.0,0.0,0.0,0.0,0.0,0.0
multiplier_n4,semi_real_multiplier,0,4,delivery_aware,3,4,22,22,0,1.0,0,0,1.0,0.0,0.0,0.0,0.0,0.0,0.0
multiplier_n4,semi_real_multiplier,0,4,static,3,8,22,22,0,1.0,0,0,1.0,0.0,0.0,0.0,0.0,0.0,0.0
multiplier_n4,semi_real_multiplier,0,4,capacity_aware,3,8,22,22,0,1.0,0,0,1.0,0.0,0.0,0.0,0.0,0.0,0.0
multiplier_n4,semi_real_multiplier,0,4,smooth,3,8,22,22,0,1.0,0,0,1.0,0.0,0.0,0.0,0.0,0.0,0.0
multiplier_n4,semi_real_multiplier,0,4,delivery_aware,3,8,22,22,0,1.0,0,0,1.0,0.0,0.0,0.0,0.0,0.0,0.0
multiplier_n4,semi_real_multiplier,0,4,static,3,12,22,22,0,1.0,0,0,1.0,0.0,0.0,0.0,0.0,0.0,0.0
multiplier_n4,semi_real_multiplier,0,4,capacity_aware,3,12,22,22,0,1.0,0,0,1.0,0.0,0.0,0.0,0.0,0.0,0.0
multiplier_n4,semi_real_multiplier,0,4,smooth,3,12,22,22,0,1.0,0,0,1.0,0.0,0.0,0.0,0.0,0.0,0.0
multiplier_n4,semi_real_multiplier,0,4,delivery_aware,3,12,22,22,0,1.0,0,0,1.0,0.0,0.0,0.0,0.0,0.0,0.0
multiplier_n4,semi_real_multiplier,0,4,static,4,0,22,22,0,1.0,0,0,1.0,0.0,0.0,0.0,0.0,0.0,0.0
multiplier_n4,semi_real_multiplier,0,4,capacity_aware,4,0,22,22,0,1.0,0,0,1.0,0.0,0.0,0.0,0.0,0.0,0.0
multiplier_n4,semi_real_multiplier,0,4,smooth,4,0,22,22,0,1.0,0,0,1.0,0.0,0.0,0.0,0.0,0.0,0.0
multiplier_n4,semi_real_multiplier,0,4,delivery_aware,4,0,22,22,0,1.0,0,0,1.0,0.0,0.0,0.0,0.0,0.0,0.0
multiplier_n4,semi_real_multiplier,0,4,static,4,4,22,22,0,1.0,0,0,1.0,0.0,0.0,0.0,0.0,0.0,0.0
multiplier_n4,semi_real_multiplier,0,4,capacity_aware,4,4,22,22,0,1.0,0,0,1.0,0.0,0.0,0.0,0.0,0.0,0.0
multiplier_n4,semi_real_multiplier,0,4,smooth,4,4,22,22,0,1.0,0,0,1.0,0.0,0.0,0.0,0.0,0.0,0.0
multiplier_n4,semi_real_multiplier,0,4,delivery_aware,4,4,22,22,0,1.0,0,0,1.0,0.0,0.0,0.0,0.0,0.0,0.0
multiplier_n4,semi_real_multiplier,0,4,static,4,8,22,22,0,1.0,0,0,1.0,0.0,0.0,0.0,0.0,0.0,0.0
multiplier_n4,semi_real_multiplier,0,4,capacity_aware,4,8,22,22,0,1.0,0,0,1.0,0.0,0.0,0.0,0.0,0.0,0.0
multiplier_n4,semi_real_multiplier,0,4,smooth,4,8,22,22,0,1.0,0,0,1.0,0.0,0.0,0.0,0.0,0.0,0.0
multiplier_n4,semi_real_multiplier,0,4,delivery_aware,4,8,22,22,0,1.0,0,0,1.0,0.0,0.0,0.0,0.0,0.0,0.0
multiplier_n4,semi_real_multiplier,0,4,static,4,12,22,22,0,1.0,0,0,1.0,0.0,0.0,0.0,0.0,0.0,0.0
multiplier_n4,semi_real_multiplier,0,4,capacity_aware,4,12,22,22,0,1.0,0,0,1.0,0.0,0.0,0.0,0.0,0.0,0.0
multiplier_n4,semi_real_multiplier,0,4,smooth,4,12,22,22,0,1.0,0,0,1.0,0.0,0.0,0.0,0.0,0.0,0.0
multiplier_n4,semi_real_multiplier,0,4,delivery_aware,4,12,22,22,0,1.0,0,0,1.0,0.0,0.0,0.0,0.0,0.0,0.0
multiplier_n4,semi_real_multiplier,0,4,static,5,0,22,22,0,1.0,0,0,1.0,0.0,0.0,0.0,0.0,0.0,0.0
multiplier_n4,semi_real_multiplier,0,4,capacity_aware,5,0,22,22,0,1.0,0,0,1.0,0.0,0.0,0.0,0.0,0.0,0.0
multiplier_n4,semi_real_multiplier,0,4,smooth,5,0,22,22,0,1.0,0,0,1.0,0.0,0.0,0.0,0.0,0.0,0.0
multiplier_n4,semi_real_multiplier,0,4,delivery_aware,5,0,22,22,0,1.0,0,0,1.0,0.0,0.0,0.0,0.0,0.0,0.0
multiplier_n4,semi_real_multiplier,0,4,static,5,4,22,22,0,1.0,0,0,1.0,0.0,0.0,0.0,0.0,0.0,0.0
multiplier_n4,semi_real_multiplier,0,4,capacity_aware,5,4,22,22,0,1.0,0,0,1.0,0.0,0.0,0.0,0.0,0.0,0.0
multiplier_n4,semi_real_multiplier,0,4,smooth,5,4,22,22,0,1.0,0,0,1.0,0.0,0.0,0.0,0.0,0.0,0.0
multiplier_n4,semi_real_multiplier,0,4,delivery_aware,5,4,22,22,0,1.0,0,0,1.0,0.0,0.0,0.0,0.0,0.0,0.0
multiplier_n4,semi_real_multiplier,0,4,static,5,8,22,22,0,1.0,0,0,1.0,0.0,0.0,0.0,0.0,0.0,0.0
multiplier_n4,semi_real_multiplier,0,4,capacity_aware,5,8,22,22,0,1.0,0,0,1.0,0.0,0.0,0.0,0.0,0.0,0.0
multiplier_n4,semi_real_multiplier,0,4,smooth,5,8,22,22,0,1.0,0,0,1.0,0.0,0.0,0.0,0.0,0.0,0.0
multiplier_n4,semi_real_multiplier,0,4,delivery_aware,5,8,22,22,0,1.0,0,0,1.0,0.0,0.0,0.0,0.0,0.0,0.0
multiplier_n4,semi_real_multiplier,0,4,static,5,12,22,22,0,1.0,0,0,1.0,0.0,0.0,0.0,0.0,0.0,0.0
multiplier_n4,semi_real_multiplier,0,4,capacity_aware,5,12,22,22,0,1.0,0,0,1.0,0.0,0.0,0.0,0.0,0.0,0.0
multiplier_n4,semi_real_multiplier,0,4,smooth,5,12,22,22,0,1.0,0,0,1.0,0.0,0.0,0.0,0.0,0.0,0.0
multiplier_n4,semi_real_multiplier,0,4,delivery_aware,5,12,22,22,0,1.0,0,0,1.0,0.0,0.0,0.0,0.0,0.0,0.0
multiplier_n6,semi_real_multiplier,0,6,static,1,0,32,53,21,1.65625,21,31,1.0,0.0,0.0,-2.5,-0.10416666666666667,0.0,-0.08163265306122448
multiplier_n6,semi_real_multiplier,0,6,capacity_aware,1,0,49,49,0,1.0,0,0,1.53125,1.0,0.07547169811320754,1.0,-0.020833333333333332,0.0,0.0
multiplier_n6,semi_real_multiplier,0,6,smooth,1,0,42,48,6,1.1428571428571428,6,10,1.3125,0.7142857142857143,0.09433962264150944,0.0,0.0,0.0,0.02040816326530612
multiplier_n6,semi_real_multiplier,0,6,delivery_aware,1,0,42,48,6,1.1428571428571428,6,10,1.3125,0.7142857142857143,0.09433962264150944,0.0,0.0,0.0,0.02040816326530612
multiplier_n6,semi_real_multiplier,0,6,static,1,4,32,49,17,1.53125,21,28,1.0,0.0,0.0,-2.5,-0.11363636363636363,0.0,0.0
multiplier_n6,semi_real_multiplier,0,6,capacity_aware,1,4,49,49,0,1.0,0,0,1.53125,1.0,0.0,1.0,-0.11363636363636363,0.0,0.0
multiplier_n6,semi_real_multiplier,0,6,smooth,1,4,42,44,2,1.0476190476190477,6,2,1.3125,0.7142857142857143,0.10204081632653061,0.0,0.0,0.0,0.10204081632653061
multiplier_n6,semi_real_multiplier,0,6,delivery_aware,1,4,42,44,2,1.0476190476190477,6,27,1.3125,0.7142857142857143,0.10204081632653061,0.0,0.0,0.0,0.10204081632653061
multiplier_n6,semi_real_multiplier,0,6,static,1,8,32,45,13,1.40625,21,23,1.0,0.0,0.0,-2.5,-0.07142857142857142,0.0,0.08163265306122448
multiplier_n6,semi_real_multiplier,0,6,capacity_aware,1,8,49,49,0,1.0,0,0,1.53125,1.0,-0.08888888888888889,1.0,-0.16666666666666666,0.0,0.0
multiplier_n6,semi_real_multiplier,0,6,smooth,1,8,42,42,0,1.0,6,0,1.3125,0.7142857142857143,0.06666666666666667,0.0,0.0,0.0,0.14285714285714285
multiplier_n6,semi_real_multiplier,0,6,delivery_aware,1,8,39,40,1,1.0256410256410255,9,21,1.21875,0.5714285714285714,0.1111111111111111,-0.5,0.047619047619047616,0.0,0.1836734693877551
multiplier_n6,semi_real_multiplier,0,6,static,1,12,32,41,9,1.28125,21,15,1.0,0.0,0.0,-2.5,0.023809523809523808,0.0,0.16326530612244897
multiplier_n6,semi_real_multiplier,0,6,capacity_aware,1,12,49,49,0,1.0,0,0,1.53125,1.0,-0.1951219512195122,1.0,-0.16666666666666666,0.0,0.0
multiplier_n6,semi_real_multiplier,0,6,smooth,1,12,42,42,0,1.0,6,0,1.3125,0.7142857142857143,-0.024390243902439025,0.0,0.0,0.0,0.14285714285714285
multiplier_n6,semi_real_multiplier,0,6,delivery_aware,1,12,35,36,1,1.0285714285714285,13,13,1.09375,0.38095238095238093,0.12195121951219512,-1.1666666666666667,0.14285714285714285,0.0,0.2653061224489796
multiplier_n6,semi_real_multiplier,0,6,static,2,0,32,34,2,1.0625,3,8,1.0,0.0,0.0,0.0,-0.0625,0.0,-0.0625
multiplier_n6,semi_real_multiplier,0,6,capacity_aware,2,0,32,32,0,1.0,0,0,1.0,1.0,0.058823529411764705,0.0,0.0,0.0,0.0
multiplier_n6,semi_real_multiplier,0,6,smooth,2,0,32,32,0,1.0,0,0,1.0,1.0,0.058823529411764705,0.0,0.0,0.0,0.0
multiplier_n6,semi_real_multiplier,0,6,delivery_aware,2,0,32,32,0,1.0,0,0,1.0,1.0,0.058823529411764705,0.0,0.0,0.0,0.0
multiplier_n6,semi_real_multiplier,0,6,static,2,4,32,32,0,1.0,3,0,1.0,0.0,0.0,0.0,0.0,0.0,0.0
multiplier_n6,semi_real_multiplier,0,6,capacity_aware,2,4,32,32,0,1.0,0,0,1.0,1.0,0.0,0.0,0.0,0.0,0.0
multiplier_n6,semi_real_multiplier,0,6,smooth,2,4,32,32,0,1.0,0,0,1.0,1.0,0.0,0.0,0.0,0.0,0.0
multiplier_n6,semi_real_multiplier,0,6,delivery_aware,2,4,32,32,0,1.0,0,0,1.0,1.0,0.0,0.0,0.0,0.0,0.0
multiplier_n6,semi_real_multiplier,0,6,static,2,8,32,32,0,1.0,3,0,1.0,0.0,0.0,0.0,0.0,0.0,0.0
multiplier_n6,semi_real_multiplier,0,6,capacity_aware,2,8,32,32,0,1.0,0,0,1.0,1.0,0.0,0.0,0.0,0.0,0.0
multiplier_n6,semi_real_multiplier,0,6,smooth,2,8,32,32,0,1.0,0,0,1.0,1.0,0.0,0.0,0.0,0.0,0.0
multiplier_n6,semi_real_multiplier,0,6,delivery_aware,2,8,32,32,0,1.0,1,0,1.0,0.6666666666666666,0.0,0.0,0.0,0.0,0.0
multiplier_n6,semi_real_multiplier,0,6,static,2,12,32,32,0,1.0,3,0,1.0,0.0,0.0,0.0,0.0,0.0,0.0
multiplier_n6,semi_real_multiplier,0,6,capacity_aware,2,12,32,32,0,1.0,0,0,1.0,1.0,0.0,0.0,0.0,0.0,0.0
multiplier_n6,semi_real_multiplier,0,6,smooth,2,12,32,32,0,1.0,0,0,1.0,1.0,0.0,0.0,0.0,0.0,0.0
multiplier_n6,semi_real_multiplier,0,6,delivery_aware,2,12,32,32,0,1.0,1,0,1.0,0.6666666666666666,0.0,0.0,0.0,0.0,0.0
multiplier_n6,semi_real_multiplier,0,6,static,3,0,32,33,1,1.03125,1,1,1.0,0.0,0.0,0.0,-0.03125,0.0,-0.03125
multiplier_n6,semi_real_multiplier,0,6,capacity_aware,3,0,32,32,0,1.0,0,0,1.0,1.0,0.030303030303030304,0.0,0.0,0.0,0.0
multiplier_n6,semi_real_multiplier,0,6,smooth,3,0,32,32,0,1.0,0,0,1.0,1.0,0.030303030303030304,0.0,0.0,0.0,0.0
multiplier_n6,semi_real_multiplier,0,6,delivery_aware,3,0,32,32,0,1.0,0,0,1.0,1.0,0.030303030303030304,0.0,0.0,0.0,0.0
multiplier_n6,semi_real_multiplier,0,6,static,3,4,32,32,0,1.0,1,0,1.0,0.0,0.0,0.0,0.0,0.0,0.0
multiplier_n6,semi_real_multiplier,0,6,capacity_aware,3,4,32,32,0,1.0,0,0,1.0,1.0,0.0,0.0,0.0,0.0,0.0
multiplier_n6,semi_real_multiplier,0,6,smooth,3,4,32,32,0,1.0,0,0,1.0,1.0,0.0,0.0,0.0,0.0,0.0
multiplier_n6,semi_real_multiplier,0,6,delivery_aware,3,4,32,32,0,1.0,0,0,1.0,1.0,0.0,0.0,0.0,0.0,0.0
multiplier_n6,semi_real_multiplier,0,6,static,3,8,32,32,0,1.0,1,0,1.0,0.0,0.0,0.0,0.0,0.0,0.0
multiplier_n6,semi_real_multiplier,0,6,capacity_aware,3,8,32,32,0,1.0,0,0,1.0,1.0,0.0,0.0,0.0,0.0,0.0
multiplier_n6,semi_real_multiplier,0,6,smooth,3,8,32,32,0,1.0,0,0,1.0,1.0,0.0,0.0,0.0,0.0,0.0
multiplier_n6,semi_real_multiplier,0,6,delivery_aware,3,8,32,32,0,1.0,0,0,1.0,1.0,0.0,0.0,0.0,0.0,0.0
multiplier_n6,semi_real_multiplier,0,6,static,3,12,32,32,0,1.0,1,0,1.0,0.0,0.0,0.0,0.0,0.0,0.0
multiplier_n6,semi_real_multiplier,0,6,capacity_aware,3,12,32,32,0,1.0,0,0,1.0,1.0,0.0,0.0,0.0,0.0,0.0
multiplier_n6,semi_real_multiplier,0,6,smooth,3,12,32,32,0,1.0,0,0,1.0,1.0,0.0,0.0,0.0,0.0,0.0
multiplier_n6,semi_real_multiplier,0,6,delivery_aware,3,12,32,32,0,1.0,0,0,1.0,1.0,0.0,0.0,0.0,0.0,0.0
multiplier_n6,semi_real_multiplier,0,6,static,4,0,32,32,0,1.0,0,0,1.0,0.0,0.0,0.0,0.0,0.0,0.0
multiplier_n6,semi_real_multiplier,0,6,capacity_aware,4,0,32,32,0,1.0,0,0,1.0,0.0,0.0,0.0,0.0,0.0,0.0
multiplier_n6,semi_real_multiplier,0,6,smooth,4,0,32,32,0,1.0,0,0,1.0,0.0,0.0,0.0,0.0,0.0,0.0
multiplier_n6,semi_real_multiplier,0,6,delivery_aware,4,0,32,32,0,1.0,0,0,1.0,0.0,0.0,0.0,0.0,0.0,0.0
multiplier_n6,semi_real_multiplier,0,6,static,4,4,32,32,0,1.0,0,0,1.0,0.0,0.0,0.0,0.0,0.0,0.0
multiplier_n6,semi_real_multiplier,0,6,capacity_aware,4,4,32,32,0,1.0,0,0,1.0,0.0,0.0,0.0,0.0,0.0,0.0
multiplier_n6,semi_real_multiplier,0,6,smooth,4,4,32,32,0,1.0,0,0,1.0,0.0,0.0,0.0,0.0,0.0,0.0
multiplier_n6,semi_real_multiplier,0,6,delivery_aware,4,4,32,32,0,1.0,0,0,1.0,0.0,0.0,0.0,0.0,0.0,0.0
multiplier_n6,semi_real_multiplier,0,6,static,4,8,32,32,0,1.0,0,0,1.0,0.0,0.0,0.0,0.0,0.0,0.0
multiplier_n6,semi_real_multiplier,0,6,capacity_aware,4,8,32,32,0,1.0,0,0,1.0,0.0,0.0,0.0,0.0,0.0,0.0
multiplier_n6,semi_real_multiplier,0,6,smooth,4,8,32,32,0,1.0,0,0,1.0,0.0,0.0,0.0,0.0,0.0,0.0
multiplier_n6,semi_real_multiplier,0,6,delivery_aware,4,8,32,32,0,1.0,0,0,1.0,0.0,0.0,0.0,0.0,0.0,0.0
multiplier_n6,semi_real_multiplier,0,6,static,4,12,32,32,0,1.0,0,0,1.0,0.0,0.0,0.0,0.0,0.0,0.0
multiplier_n6,semi_real_multiplier,0,6,capacity_aware,4,12,32,32,0,1.0,0,0,1.0,0.0,0.0,0.0,0.0,0.0,0.0
multiplier_n6,semi_real_multiplier,0,6,smooth,4,12,32,32,0,1.0,0,0,1.0,0.0,0.0,0.0,0.0,0.0,0.0
multiplier_n6,semi_real_multiplier,0,6,delivery_aware,4,12,32,32,0,1.0,0,0,1.0,0.0,0.0,0.0,0.0,0.0,0.0
multiplier_n6,semi_real_multiplier,0,6,static,5,0,32,32,0,1.0,0,0,1.0,0.0,0.0,0.0,0.0,0.0,0.0
multiplier_n6,semi_real_multiplier,0,6,capacity_aware,5,0,32,32,0,1.0,0,0,1.0,0.0,0.0,0.0,0.0,0.0,0.0
multiplier_n6,semi_real_multiplier,0,6,smooth,5,0,32,32,0,1.0,0,0,1.0,0.0,0.0,0.0,0.0,0.0,0.0
multiplier_n6,semi_real_multiplier,0,6,delivery_aware,5,0,32,32,0,1.0,0,0,1.0,0.0,0.0,0.0,0.0,0.0,0.0
multiplier_n6,semi_real_multiplier,0,6,static,5,4,32,32,0,1.0,0,0,1.0,0.0,0.0,0.0,0.0,0.0,0.0
multiplier_n6,semi_real_multiplier,0,6,capacity_aware,5,4,32,32,0,1.0,0,0,1.0,0.0,0.0,0.0,0.0,0.0,0.0
multiplier_n6,semi_real_multiplier,0,6,smooth,5,4,32,32,0,1.0,0,0,1.0,0.0,0.0,0.0,0.0,0.0,0.0
multiplier_n6,semi_real_multiplier,0,6,delivery_aware,5,4,32,32,0,1.0,0,0,1.0,0.0,0.0,0.0,0.0,0.0,0.0
multiplier_n6,semi_real_multiplier,0,6,static,5,8,32,32,0,1.0,0,0,1.0,0.0,0.0,0.0,0.0,0.0,0.0
multiplier_n6,semi_real_multiplier,0,6,capacity_aware,5,8,32,32,0,1.0,0,0,1.0,0.0,0.0,0.0,0.0,0.0,0.0
multiplier_n6,semi_real_multiplier,0,6,smooth,5,8,32,32,0,1.0,0,0,1.0,0.0,0.0,0.0,0.0,0.0,0.0
multiplier_n6,semi_real_multiplier,0,6,delivery_aware,5,8,32,32,0,1.0,0,0,1.0,0.0,0.0,0.0,0.0,0.0,0.0
multiplier_n6,semi_real_multiplier,0,6,static,5,12,32,32,0,1.0,0,0,1.0,0.0,0.0,0.0,0.0,0.0,0.0
multiplier_n6,semi_real_multiplier,0,6,capacity_aware,5,12,32,32,0,1.0,0,0,1.0,0.0,0.0,0.0,0.0,0.0,0.0
multiplier_n6,semi_real_multiplier,0,6,smooth,5,12,32,32,0,1.0,0,0,1.0,0.0,0.0,0.0,0.0,0.0,0.0
multiplier_n6,semi_real_multiplier,0,6,delivery_aware,5,12,32,32,0,1.0,0,0,1.0,0.0,0.0,0.0,0.0,0.0,0.0
multiplier_n8,semi_real_multiplier,0,8,static,1,0,42,85,43,2.0238095238095237,43,41,1.0,0.0,0.0,-3.7777777777777777,-0.0625,0.0,-0.04938271604938271
multiplier_n8,semi_real_multiplier,0,8,capacity_aware,1,0,81,81,0,1.0,0,0,1.9285714285714286,1.0,0.047058823529411764,1.0,-0.0125,0.0,0.0
multiplier_n8,semi_real_multiplier,0,8,smooth,1,0,71,80,9,1.1267605633802817,9,13,1.6904761904761905,0.7906976744186046,0.058823529411764705,0.0,0.0,0.0,0.012345679012345678
multiplier_n8,semi_real_multiplier,0,8,delivery_aware,1,0,71,80,9,1.1267605633802817,9,13,1.6904761904761905,0.7906976744186046,0.058823529411764705,0.0,0.0,0.0,0.012345679012345678
multiplier_n8,semi_real_multiplier,0,8,static,1,4,42,81,39,1.9285714285714286,43,40,1.0,0.0,0.0,-3.7777777777777777,-0.06578947368421052,0.0,0.0
multiplier_n8,semi_real_multiplier,0,8,capacity_aware,1,4,81,81,0,1.0,0,0,1.9285714285714286,1.0,0.0,1.0,-0.06578947368421052,0.0,0.0
multiplier_n8,semi_real_multiplier,0,8,smooth,1,4,71,76,5,1.0704225352112675,9,6,1.6904761904761905,0.7906976744186046,0.06172839506172839,0.0,0.0,0.0,0.06172839506172839
multiplier_n8,semi_real_multiplier,0,8,delivery_aware,1,4,71,76,5,1.0704225352112675,9,58,1.6904761904761905,0.7906976744186046,0.06172839506172839,0.0,0.0,0.0,0.06172839506172839
multiplier_n8,semi_real_multiplier,0,8,static,1,8,42,77,35,1.8333333333333333,43,37,1.0,0.0,0.0,-3.7777777777777777,-0.06944444444444445,0.0,0.04938271604938271
multiplier_n8,semi_real_multiplier,0,8,capacity_aware,1,8,81,81,0,1.0,0,0,1.9285714285714286,1.0,-0.05194805194805195,1.0,-0.125,0.0,0.0
multiplier_n8,semi_real_multiplier,0,8,smooth,1,8,71,72,1,1.0140845070422535,9,1,1.6904761904761905,0.7906976744186046,0.06493506493506493,0.0,0.0,0.0,0.1111111111111111
multiplier_n8,semi_real_multiplier,0,8,delivery_aware,1,8,71,72,1,1.0140845070422535,9,52,1.6904761904761905,0.7906976744186046,0.06493506493506493,0.0,0.0,0.0,0.1111111111111111
multiplier_n8,semi_real_multiplier,0,8,static,1,12,42,73,31,1.7380952380952381,43,34,1.0,0.0,0.0,-3.7777777777777777,-0.028169014084507043,0.0,0.09876543209876543
multiplier_n8,semi_real_multiplier,0,8,capacity_aware,1,12,81,81,0,1.0,0,0,1.9285714285714286,1.0,-0.1095890410958904,1.0,-0.14084507042253522,0.0,0.0
multiplier_n8,semi_real_multiplier,0,8,smooth,1,12,71,71,0,1.0,9,0,1.6904761904761905,0.7906976744186046,0.0273972602739726,0.0,0.0,0.0,0.12345679012345678
multiplier_n8,semi_real_multiplier,0,8,delivery_aware,1,12,67,68,1,1.0149253731343284,13,46,1.5952380952380953,0.6976744186046512,0.0684931506849315,-0.4444444444444444,0.04225352112676056,0.0,0.16049382716049382
multiplier_n8,semi_real_multiplier,0,8,static,2,0,42,52,10,1.2380952380952381,19,32,1.0,0.0,0.0,-1.375,-0.13043478260869565,0.0,-0.10638297872340426
multiplier_n8,semi_real_multiplier,0,8,capacity_aware,2,0,47,47,0,1.0,0,0,1.119047619047619,1.0,0.09615384615384616,1.0,-0.021739130434782608,0.0,0.0
multiplier_n8,semi_real_multiplier,0,8,smooth,2,0,42,46,4,1.0952380952380953,8,11,1.0,0.5789473684210527,0.11538461538461539,0.0,0.0,0.0,0.02127659574468085
multiplier_n8,semi_real_multiplier,0,8,delivery_aware,2,0,42,46,4,1.0952380952380953,8,14,1.0,0.5789473684210527,0.11538461538461539,0.0,0.0,0.0,0.02127659574468085
multiplier_n8,semi_real_multiplier,0,8,static,2,4,42,50,8,1.1904761904761905,19,24,1.0,0.0,0.0,-1.375,-0.13636363636363635,0.0,-0.06382978723404255
multiplier_n8,semi_real_multiplier,0,8,capacity_aware,2,4,47,47,0,1.0,0,0,1.119047619047619,1.0,0.06,1.0,-0.06818181818181818,0.0,0.0
multiplier_n8,semi_real_multiplier,0,8,smooth,2,4,42,44,2,1.0476190476190477,8,3,1.0,0.5789473684210527,0.12,0.0,0.0,0.0,0.06382978723404255
multiplier_n8,semi_real_multiplier,0,8,delivery_aware,2,4,42,44,2,1.0476190476190477,8,20,1.0,0.5789473684210527,0.12,0.0,0.0,0.0,0.06382978723404255
multiplier_n8,semi_real_multiplier,0,8,static,2,8,42,48,6,1.1428571428571428,19,15,1.0,0.0,0.0,-1.375,-0.14285714285714285,0.0,-0.02127659574468085
multiplier_n8,semi_real_multiplier,0,8,capacity_aware,2,8,47,47,0,1.0,0,0,1.119047619047619,1.0,0.020833333333333332,1.0,-0.11904761904761904,0.0,0.0
multiplier_n8,semi_real_multiplier,0,8,smooth,2,8,42,42,0,1.0,8,0,1.0,0.5789473684210527,0.125,0.0,0.0,0.0,0.10638297872340426
multiplier_n8,semi_real_multiplier,0,8,delivery_aware,2,8,42,43,1,1.0238095238095237,10,13,1.0,0.47368421052631576,0.10416666666666667,-0.25,-0.023809523809523808,0.0,0.0851063829787234
multiplier_n8,semi_real_multiplier,0,8,static,2,12,42,46,4,1.0952380952380953,19,9,1.0,0.0,0.0,-1.375,-0.09523809523809523,0.0,0.02127659574468085
multiplier_n8,semi_real_multiplier,0,8,capacity_aware,2,12,47,47,0,1.0,0,0,1.119047619047619,1.0,-0.021739130434782608,1.0,-0.11904761904761904,0.0,0.0
multiplier_n8,semi_real_multiplier,0,8,smooth,2,12,42,42,0,1.0,8,0,1.0,0.5789473684210527,0.08695652173913043,0.0,0.0,0.0,0.10638297872340426
multiplier_n8,semi_real_multiplier,0,8,delivery_aware,2,12,42,43,1,1.0238095238095237,14,7,1.0,0.2631578947368421,0.06521739130434782,-0.75,-0.023809523809523808,0.0,0.0851063829787234
multiplier_n8,semi_real_multiplier,0,8,static,3,0,42,43,1,1.0238095238095237,3,1,1.0,0.0,0.0,0.0,-0.023809523809523808,0.0,-0.023809523809523808
multiplier_n8,semi_real_multiplier,0,8,capacity_aware,3,0,42,42,0,1.0,0,0,1.0,1.0,0.023255813953488372,0.0,0.0,0.0,0.0
multiplier_n8,semi_real_multiplier,0,8,smooth,3,0,42,42,0,1.0,0,0,1.0,1.0,0.023255813953488372,0.0,0.0,0.0,0.0
multiplier_n8,semi_real_multiplier,0,8,delivery_aware,3,0,42,42,0,1.0,0,0,1.0,1.0,0.023255813953488372,0.0,0.0,0.0,0.0
multiplier_n8,semi_real_multiplier,0,8,static,3,4,42,42,0,1.0,3,0,1.0,0.0,0.0,0.0,0.0,0.0,0.0
multiplier_n8,semi_real_multiplier,0,8,capacity_aware,3,4,42,42,0,1.0,0,0,1.0,1.0,0.0,0.0,0.0,0.0,0.0
multiplier_n8,semi_real_multiplier,0,8,smooth,3,4,42,42,0,1.0,0,0,1.0,1.0,0.0,0.0,0.0,0.0,0.0
multiplier_n8,semi_real_multiplier,0,8,delivery_aware,3,4,42,42,0,1.0,0,0,1.0,1.0,0.0,0.0,0.0,0.0,0.0
multiplier_n8,semi_real_multiplier,0,8,static,3,8,42,42,0,1.0,3,0,1.0,0.0,0.0,0.0,0.0,0.0,0.0
multiplier_n8,semi_real_multiplier,0,8,capacity_aware,3,8,42,42,0,1.0,0,0,1.0,1.0,0.0,0.0,0.0,0.0,0.0
multiplier_n8,semi_real_multiplier,0,8,smooth,3,8,42,42,0,1.0,0,0,1.0,1.0,0.0,0.0,0.0,0.0,0.0
multiplier_n8,semi_real_multiplier,0,8,delivery_aware,3,8,42,42,0,1.0,0,0,1.0,1.0,0.0,0.0,0.0,0.0,0.0
multiplier_n8,semi_real_multiplier,0,8,static,3,12,42,42,0,1.0,3,0,1.0,0.0,0.0,0.0,0.0,0.0,0.0
multiplier_n8,semi_real_multiplier,0,8,capacity_aware,3,12,42,42,0,1.0,0,0,1.0,1.0,0.0,0.0,0.0,0.0,0.0
multiplier_n8,semi_real_multiplier,0,8,smooth,3,12,42,42,0,1.0,0,0,1.0,1.0,0.0,0.0,0.0,0.0,0.0
multiplier_n8,semi_real_multiplier,0,8,delivery_aware,3,12,42,42,0,1.0,0,0,1.0,1.0,0.0,0.0,0.0,0.0,0.0
multiplier_n8,semi_real_multiplier,0,8,static,4,0,42,43,1,1.0238095238095237,1,1,1.0,0.0,0.0,0.0,-0.023809523809523808,0.0,-0.023809523809523808
multiplier_n8,semi_real_multiplier,0,8,capacity_aware,4,0,42,42,0,1.0,0,0,1.0,1.0,0.023255813953488372,0.0,0.0,0.0,0.0
multiplier_n8,semi_real_multiplier,0,8,smooth,4,0,42,42,0,1.0,0,0,1.0,1.0,0.023255813953488372,0.0,0.0,0.0,0.0
multiplier_n8,semi_real_multiplier,0,8,delivery_aware,4,0,42,42,0,1.0,0,0,1.0,1.0,0.023255813953488372,0.0,0.0,0.0,0.0
multiplier_n8,semi_real_multiplier,0,8,static,4,4,42,42,0,1.0,1,0,1.0,0.0,0.0,0.0,0.0,0.0,0.0
multiplier_n8,semi_real_multiplier,0,8,capacity_aware,4,4,42,42,0,1.0,0,0,1.0,1.0,0.0,0.0,0.0,0.0,0.0
multiplier_n8,semi_real_multiplier,0,8,smooth,4,4,42,42,0,1.0,0,0,1.0,1.0,0.0,0.0,0.0,0.0,0.0
multiplier_n8,semi_real_multiplier,0,8,delivery_aware,4,4,42,42,0,1.0,0,0,1.0,1.0,0.0,0.0,0.0,0.0,0.0
multiplier_n8,semi_real_multiplier,0,8,static,4,8,42,42,0,1.0,1,0,1.0,0.0,0.0,0.0,0.0,0.0,0.0
multiplier_n8,semi_real_multiplier,0,8,capacity_aware,4,8,42,42,0,1.0,0,0,1.0,1.0,0.0,0.0,0.0,0.0,0.0
multiplier_n8,semi_real_multiplier,0,8,smooth,4,8,42,42,0,1.0,0,0,1.0,1.0,0.0,0.0,0.0,0.0,0.0
multiplier_n8,semi_real_multiplier,0,8,delivery_aware,4,8,42,42,0,1.0,0,0,1.0,1.0,0.0,0.0,0.0,0.0,0.0
multiplier_n8,semi_real_multiplier,0,8,static,4,12,42,42,0,1.0,1,0,1.0,0.0,0.0,0.0,0.0,0.0,0.0
multiplier_n8,semi_real_multiplier,0,8,capacity_aware,4,12,42,42,0,1.0,0,0,1.0,1.0,0.0,0.0,0.0,0.0,0.0
multiplier_n8,semi_real_multiplier,0,8,smooth,4,12,42,42,0,1.0,0,0,1.0,1.0,0.0,0.0,0.0,0.0,0.0
multiplier_n8,semi_real_multiplier,0,8,delivery_aware,4,12,42,42,0,1.0,0,0,1.0,1.0,0.0,0.0,0.0,0.0,0.0
multiplier_n8,semi_real_multiplier,0,8,static,5,0,42,42,0,1.0,0,0,1.0,0.0,0.0,0.0,0.0,0.0,0.0
multiplier_n8,semi_real_multiplier,0,8,capacity_aware,5,0,42,42,0,1.0,0,0,1.0,0.0,0.0,0.0,0.0,0.0,0.0
multiplier_n8,semi_real_multiplier,0,8,smooth,5,0,42,42,0,1.0,0,0,1.0,0.0,0.0,0.0,0.0,0.0,0.0
multiplier_n8,semi_real_multiplier,0,8,delivery_aware,5,0,42,42,0,1.0,0,0,1.0,0.0,0.0,0.0,0.0,0.0,0.0
multiplier_n8,semi_real_multiplier,0,8,static,5,4,42,42,0,1.0,0,0,1.0,0.0,0.0,0.0,0.0,0.0,0.0
multiplier_n8,semi_real_multiplier,0,8,capacity_aware,5,4,42,42,0,1.0,0,0,1.0,0.0,0.0,0.0,0.0,0.0,0.0
multiplier_n8,semi_real_multiplier,0,8,smooth,5,4,42,42,0,1.0,0,0,1.0,0.0,0.0,0.0,0.0,0.0,0.0
multiplier_n8,semi_real_multiplier,0,8,delivery_aware,5,4,42,42,0,1.0,0,0,1.0,0.0,0.0,0.0,0.0,0.0,0.0
multiplier_n8,semi_real_multiplier,0,8,static,5,8,42,42,0,1.0,0,0,1.0,0.0,0.0,0.0,0.0,0.0,0.0
multiplier_n8,semi_real_multiplier,0,8,capacity_aware,5,8,42,42,0,1.0,0,0,1.0,0.0,0.0,0.0,0.0,0.0,0.0
multiplier_n8,semi_real_multiplier,0,8,smooth,5,8,42,42,0,1.0,0,0,1.0,0.0,0.0,0.0,0.0,0.0,0.0
multiplier_n8,semi_real_multiplier,0,8,delivery_aware,5,8,42,42,0,1.0,0,0,1.0,0.0,0.0,0.0,0.0,0.0,0.0
multiplier_n8,semi_real_multiplier,0,8,static,5,12,42,42,0,1.0,0,0,1.0,0.0,0.0,0.0,0.0,0.0,0.0
multiplier_n8,semi_real_multiplier,0,8,capacity_aware,5,12,42,42,0,1.0,0,0,1.0,0.0,0.0,0.0,0.0,0.0,0.0
multiplier_n8,semi_real_multiplier,0,8,smooth,5,12,42,42,0,1.0,0,0,1.0,0.0,0.0,0.0,0.0,0.0,0.0
multiplier_n8,semi_real_multiplier,0,8,delivery_aware,5,12,42,42,0,1.0,0,0,1.0,0.0,0.0,0.0,0.0,0.0,0.0
multiplier_n12,semi_real_multiplier,0,12,static,1,0,62,175,113,2.8225806451612905,113,61,1.0,0.0,0.0,-7.071428571428571,-0.041666666666666664,0.0,-0.005747126436781609
multiplier_n12,semi_real_multiplier,0,12,capacity_aware,1,0,174,174,0,1.0,0,0,2.806451612903226,1.0,0.005714285714285714,1.0,-0.03571428571428571,0.0,0.0
multiplier_n12,semi_real_multiplier,0,12,smooth,1,0,154,168,14,1.0909090909090908,14,19,2.4838709677419355,0.8761061946902655,0.04,0.0,0.0,0.0,0.034482758620689655
multiplier_n12,semi_real_multiplier,0,12,delivery_aware,1,0,154,168,14,1.0909090909090908,14,19,2.4838709677419355,0.8761061946902655,0.04,0.0,0.0,0.0,0.034482758620689655
multiplier_n12,semi_real_multiplier,0,12,static,1,4,62,171,109,2.7580645161290325,113,61,1.0,0.0,0.0,-7.071428571428571,-0.042682926829268296,0.0,0.017241379310344827
multiplier_n12,semi_real_multiplier,0,12,capacity_aware,1,4,174,174,0,1.0,0,0,2.806451612903226,1.0,-0.017543859649122806,1.0,-0.06097560975609756,0.0,0.0
multiplier_n12,semi_real_multiplier,0,12,smooth,1,4,154,164,10,1.0649350649350648,14,11,2.4838709677419355,0.8761061946902655,0.04093567251461988,0.0,0.0,0.0,0.05747126436781609
multiplier_n12,semi_real_multiplier,0,12,delivery_aware,1,4,154,164,10,1.0649350649350648,14,140,2.4838709677419355,0.8761061946902655,0.04093567251461988,0.0,0.0,0.0,0.05747126436781609
multiplier_n12,semi_real_multiplier,0,12,static,1,8,62,167,105,2.693548387096774,113,60,1.0,0.0,0.0,-7.071428571428571,-0.04375,0.0,0.040229885057471264
multiplier_n12,semi_real_multiplier,0,12,capacity_aware,1,8,174,174,0,1.0,0,0,2.806451612903226,1.0,-0.041916167664670656,1.0,-0.0875,0.0,0.0
multiplier_n12,semi_real_multiplier,0,12,smooth,1,8,154,160,6,1.0389610389610389,14,7,2.4838709677419355,0.8761061946902655,0.041916167664670656,0.0,0.0,0.0,0.08045977011494253
multiplier_n12,semi_real_multiplier,0,12,delivery_aware,1,8,154,160,6,1.0389610389610389,14,137,2.4838709677419355,0.8761061946902655,0.041916167664670656,0.0,0.0,0.0,0.08045977011494253
multiplier_n12,semi_real_multiplier,0,12,static,1,12,62,163,101,2.629032258064516,113,57,1.0,0.0,0.0,-7.071428571428571,-0.04487179487179487,0.0,0.06321839080459771
multiplier_n12,semi_real_multiplier,0,12,capacity_aware,1,12,174,174,0,1.0,0,0,2.806451612903226,1.0,-0.06748466257668712,1.0,-0.11538461538461539,0.0,0.0
multiplier_n12,semi_real_multiplier,0,12,smooth,1,12,154,156,2,1.0129870129870129,14,2,2.4838709677419355,0.8761061946902655,0.04294478527607362,0.0,0.0,0.0,0.10344827586206896
multiplier_n12,semi_real_multiplier,0,12,delivery_aware,1,12,154,156,2,1.0129870129870129,14,130,2.4838709677419355,0.8761061946902655,0.04294478527607362,0.0,0.0,0.0,0.10344827586206896
multiplier_n12,semi_real_multiplier,0,12,static,2,0,62,101,39,1.6290322580645162,77,61,1.0,0.0,0.0,-1.5666666666666667,-0.08602150537634409,0.0,-0.01
multiplier_n12,semi_real_multiplier,0,12,capacity_aware,2,0,100,100,0,1.0,0,0,1.6129032258064515,1.0,0.009900990099009901,1.0,-0.07526881720430108,0.0,0.0
multiplier_n12,semi_real_multiplier,0,12,smooth,2,0,78,93,15,1.1923076923076923,30,28,1.2580645161290323,0.6103896103896104,0.07920792079207921,0.0,0.0,0.0,0.07
multiplier_n12,semi_real_multiplier,0,12,delivery_aware,2,0,78,93,15,1.1923076923076923,30,28,1.2580645161290323,0.6103896103896104,0.07920792079207921,0.0,0.0,0.0,0.07
multiplier_n12,semi_real_multiplier,0,12,static,2,4,62,99,37,1.596774193548387,77,60,1.0,0.0,0.0,-1.5666666666666667,-0.08791208791208792,0.0,0.01
multiplier_n12,semi_real_multiplier,0,12,capacity_aware,2,4,100,100,0,1.0,0,0,1.6129032258064515,1.0,-0.010101010101010102,1.0,-0.0989010989010989,0.0,0.0
multiplier_n12,semi_real_multiplier,0,12,smooth,2,4,78,91,13,1.1666666666666667,30,23,1.2580645161290323,0.6103896103896104,0.08080808080808081,0.0,0.0,0.0,0.09
multiplier_n12,semi_real_multiplier,0,12,delivery_aware,2,4,78,91,13,1.1666666666666667,30,66,1.2580645161290323,0.6103896103896104,0.08080808080808081,0.0,0.0,0.0,0.09
multiplier_n12,semi_real_multiplier,0,12,static,2,8,62,97,35,1.564516129032258,77,58,1.0,0.0,0.0,-1.5666666666666667,-0.0898876404494382,0.0,0.03
multiplier_n12,semi_real_multiplier,0,12,capacity_aware,2,8,100,100,0,1.0,0,0,1.6129032258064515,1.0,-0.030927835051546393,1.0,-0.12359550561797752,0.0,0.0
multiplier_n12,semi_real_multiplier,0,12,smooth,2,8,78,89,11,1.141025641025641,30,20,1.2580645161290323,0.6103896103896104,0.08247422680412371,0.0,0.0,0.0,0.11
multiplier_n12,semi_real_multiplier,0,12,delivery_aware,2,8,78,89,11,1.141025641025641,30,64,1.2580645161290323,0.6103896103896104,0.08247422680412371,0.0,0.0,0.0,0.11
multiplier_n12,semi_real_multiplier,0,12,static,2,12,62,95,33,1.532258064516129,77,55,1.0,0.0,0.0,-1.5666666666666667,-0.09195402298850575,0.0,0.05
multiplier_n12,semi_real_multiplier,0,12,capacity_aware,2,12,100,100,0,1.0,0,0,1.6129032258064515,1.0,-0.05263157894736842,1.0,-0.14942528735632185,0.0,0.0
multiplier_n12,semi_real_multiplier,0,12,smooth,2,12,78,87,9,1.1153846153846154,30,16,1.2580645161290323,0.6103896103896104,0.08421052631578947,0.0,0.0,0.0,0.13
multiplier_n12,semi_real_multiplier,0,12,delivery_aware,2,12,78,87,9,1.1153846153846154,30,60,1.2580645161290323,0.6103896103896104,0.08421052631578947,0.0,0.0,0.0,0.13
multiplier_n12,semi_real_multiplier,0,12,static,3,0,62,76,14,1.2258064516129032,41,48,1.0,0.0,0.0,-1.2777777777777777,-0.11764705882352941,0.0,-0.013333333333333334
multiplier_n12,semi_real_multiplier,0,12,capacity_aware,3,0,75,75,0,1.0,0,0,1.2096774193548387,1.0,0.013157894736842105,1.0,-0.10294117647058823,0.0,0.0
multiplier_n12,semi_real_multiplier,0,12,smooth,3,0,62,68,6,1.096774193548387,18,19,1.0,0.5609756097560976,0.10526315789473684,0.0,0.0,0.0,0.09333333333333334
multiplier_n12,semi_real_multiplier,0,12,delivery_aware,3,0,62,68,6,1.096774193548387,18,22,1.0,0.5609756097560976,0.10526315789473684,0.0,0.0,0.0,0.09333333333333334
multiplier_n12,semi_real_multiplier,0,12,static,3,4,62,75,13,1.2096774193548387,41,42,1.0,0.0,0.0,-1.2777777777777777,-0.11940298507462686,0.0,0.0
multiplier_n12,semi_real_multiplier,0,12,capacity_aware,3,4,75,75,0,1.0,0,0,1.2096774193548387,1.0,0.0,1.0,-0.11940298507462686,0.0,0.0
multiplier_n12,semi_real_multiplier,0,12,smooth,3,4,62,67,5,1.0806451612903225,18,13,1.0,0.5609756097560976,0.10666666666666667,0.0,0.0,0.0,0.10666666666666667
multiplier_n12,semi_real_multiplier,0,12,delivery_aware,3,4,62,67,5,1.0806451612903225,18,37,1.0,0.5609756097560976,0.10666666666666667,0.0,0.0,0.0,0.10666666666666667
multiplier_n12,semi_real_multiplier,0,12,static,3,8,62,73,11,1.1774193548387097,41,36,1.0,0.0,0.0,-1.2777777777777777,-0.10606060606060606,0.0,0.02666666666666667
multiplier_n12,semi_real_multiplier,0,12,capacity_aware,3,8,75,75,0,1.0,0,0,1.2096774193548387,1.0,-0.0273972602739726,1.0,-0.13636363636363635,0.0,0.0
multiplier_n12,semi_real_multiplier,0,12,smooth,3,8,62,66,4,1.064516129032258,18,8,1.0,0.5609756097560976,0.0958904109589041,0.0,0.0,0.0,0.12
multiplier_n12,semi_real_multiplier,0,12,delivery_aware,3,8,62,66,4,1.064516129032258,18,34,1.0,0.5609756097560976,0.0958904109589041,0.0,0.0,0.0,0.12
multiplier_n12,semi_real_multiplier,0,12,static,3,12,62,72,10,1.1612903225806452,41,31,1.0,0.0,0.0,-1.2777777777777777,-0.125,0.0,0.04
multiplier_n12,semi_real_multiplier,0,12,capacity_aware,3,12,75,75,0,1.0,0,0,1.2096774193548387,1.0,-0.041666666666666664,1.0,-0.171875,0.0,0.0
multiplier_n12,semi_real_multiplier,0,12,smooth,3,12,62,64,2,1.032258064516129,18,3,1.0,0.5609756097560976,0.1111111111111111,0.0,0.0,0.0,0.14666666666666667
multiplier_n12,semi_real_multiplier,0,12,delivery_aware,3,12,62,64,2,1.032258064516129,18,28,1.0,0.5609756097560976,0.1111111111111111,0.0,0.0,0.0,0.14666666666666667
multiplier_n12,semi_real_multiplier,0,12,static,4,0,62,64,2,1.032258064516129,5,15,1.0,0.0,0.0,0.0,-0.03225806451612903,0.0,-0.015873015873015872
multiplier_n12,semi_real_multiplier,0,12,capacity_aware,4,0,63,63,0,1.0,0,0,1.0161290322580645,1.0,0.015625,0.0,-0.016129032258064516,0.0,0.0
multiplier_n12,semi_real_multiplier,0,12,smooth,4,0,62,62,0,1.0,0,0,1.0,1.0,0.03125,0.0,0.0,0.0,0.015873015873015872
multiplier_n12,semi_real_multiplier,0,12,delivery_aware,4,0,62,62,0,1.0,0,0,1.0,1.0,0.03125,0.0,0.0,0.0,0.015873015873015872
multiplier_n12,semi_real_multiplier,0,12,static,4,4,62,63,1,1.0161290322580645,5,2,1.0,0.0,0.0,0.0,-0.016129032258064516,0.0,0.0
multiplier_n12,semi_real_multiplier,0,12,capacity_aware,4,4,63,63,0,1.0,0,0,1.0161290322580645,1.0,0.0,0.0,-0.016129032258064516,0.0,0.0
multiplier_n12,semi_real_multiplier,0,12,smooth,4,4,62,62,0,1.0,0,0,1.0,1.0,0.015873015873015872,0.0,0.0,0.0,0.015873015873015872
multiplier_n12,semi_real_multiplier,0,12,delivery_aware,4,4,62,62,0,1.0,0,0,1.0,1.0,0.015873015873015872,0.0,0.0,0.0,0.015873015873015872
multiplier_n12,semi_real_multiplier,0,12,static,4,8,62,62,0,1.0,5,0,1.0,0.0,0.0,0.0,0.0,0.0,0.015873015873015872
multiplier_n12,semi_real_multiplier,0,12,capacity_aware,4,8,63,63,0,1.0,0,0,1.0161290322580645,1.0,-0.016129032258064516,0.0,-0.016129032258064516,0.0,0.0
multiplier_n12,semi_real_multiplier,0,12,smooth,4,8,62,62,0,1.0,0,0,1.0,1.0,0.0,0.0,0.0,0.0,0.015873015873015872
multiplier_n12,semi_real_multiplier,0,12,delivery_aware,4,8,62,62,0,1.0,1,0,1.0,0.8,0.0,0.0,0.0,0.0,0.015873015873015872
multiplier_n12,semi_real_multiplier,0,12,static,4,12,62,62,0,1.0,5,0,1.0,0.0,0.0,0.0,0.0,0.0,0.015873015873015872
multiplier_n12,semi_real_multiplier,0,12,capacity_aware,4,12,63,63,0,1.0,0,0,1.0161290322580645,1.0,-0.016129032258064516,0.0,-0.016129032258064516,0.0,0.0
multiplier_n12,semi_real_multiplier,0,12,smooth,4,12,62,62,0,1.0,0,0,1.0,1.0,0.0,0.0,0.0,0.0,0.015873015873015872
multiplier_n12,semi_real_multiplier,0,12,delivery_aware,4,12,62,62,0,1.0,1,0,1.0,0.8,0.0,0.0,0.0,0.0,0.015873015873015872
multiplier_n12,semi_real_multiplier,0,12,static,5,0,62,63,1,1.0161290322580645,3,1,1.0,0.0,0.0,0.0,-0.016129032258064516,0.0,-0.016129032258064516
multiplier_n12,semi_real_multiplier,0,12,capacity_aware,5,0,62,62,0,1.0,0,0,1.0,1.0,0.015873015873015872,0.0,0.0,0.0,0.0
multiplier_n12,semi_real_multiplier,0,12,smooth,5,0,62,62,0,1.0,0,0,1.0,1.0,0.015873015873015872,0.0,0.0,0.0,0.0
multiplier_n12,semi_real_multiplier,0,12,delivery_aware,5,0,62,62,0,1.0,0,0,1.0,1.0,0.015873015873015872,0.0,0.0,0.0,0.0
multiplier_n12,semi_real_multiplier,0,12,static,5,4,62,62,0,1.0,3,0,1.0,0.0,0.0,0.0,0.0,0.0,0.0
multiplier_n12,semi_real_multiplier,0,12,capacity_aware,5,4,62,62,0,1.0,0,0,1.0,1.0,0.0,0.0,0.0,0.0,0.0
multiplier_n12,semi_real_multiplier,0,12,smooth,5,4,62,62,0,1.0,0,0,1.0,1.0,0.0,0.0,0.0,0.0,0.0
multiplier_n12,semi_real_multiplier,0,12,delivery_aware,5,4,62,62,0,1.0,0,0,1.0,1.0,0.0,0.0,0.0,0.0,0.0
multiplier_n12,semi_real_multiplier,0,12,static,5,8,62,62,0,1.0,3,0,1.0,0.0,0.0,0.0,0.0,0.0,0.0
multiplier_n12,semi_real_multiplier,0,12,capacity_aware,5,8,62,62,0,1.0,0,0,1.0,1.0,0.0,0.0,0.0,0.0,0.0
multiplier_n12,semi_real_multiplier,0,12,smooth,5,8,62,62,0,1.0,0,0,1.0,1.0,0.0,0.0,0.0,0.0,0.0
multiplier_n12,semi_real_multiplier,0,12,delivery_aware,5,8,62,62,0,1.0,0,0,1.0,1.0,0.0,0.0,0.0,0.0,0.0
multiplier_n12,semi_real_multiplier,0,12,static,5,12,62,62,0,1.0,3,0,1.0,0.0,0.0,0.0,0.0,0.0,0.0
multiplier_n12,semi_real_multiplier,0,12,capacity_aware,5,12,62,62,0,1.0,0,0,1.0,1.0,0.0,0.0,0.0,0.0,0.0
multiplier_n12,semi_real_multiplier,0,12,smooth,5,12,62,62,0,1.0,0,0,1.0,1.0,0.0,0.0,0.0,0.0,0.0
multiplier_n12,semi_real_multiplier,0,12,delivery_aware,5,12,62,62,0,1.0,0,0,1.0,1.0,0.0,0.0,0.0,0.0,0.0
exact_qft_n8,semi_real_qft,0,8,static,1,0,26,41,15,1.5769230769230769,15,23,1.0,0.0,0.0,-1.5,-0.05128205128205128,0.0,0.0
exact_qft_n8,semi_real_qft,0,8,capacity_aware,1,0,41,41,0,1.0,0,0,1.5769230769230769,1.0,0.0,1.0,-0.05128205128205128,0.0,0.0
exact_qft_n8,semi_real_qft,0,8,smooth,1,0,33,39,6,1.1818181818181819,6,14,1.2692307692307692,0.6,0.04878048780487805,0.0,0.0,0.0,0.04878048780487805
exact_qft_n8,semi_real_qft,0,8,delivery_aware,1,0,33,39,6,1.1818181818181819,6,14,1.2692307692307692,0.6,0.04878048780487805,0.0,0.0,0.0,0.04878048780487805
exact_qft_n8,semi_real_qft,0,8,static,1,4,26,37,11,1.4230769230769231,15,21,1.0,0.0,0.0,-1.5,-0.05714285714285714,0.0,0.0975609756097561
exact_qft_n8,semi_real_qft,0,8,capacity_aware,1,4,41,41,0,1.0,0,0,1.5769230769230769,1.0,-0.10810810810810811,1.0,-0.17142857142857143,0.0,0.0
exact_qft_n8,semi_real_qft,0,8,smooth,1,4,33,35,2,1.0606060606060606,6,6,1.2692307692307692,0.6,0.05405405405405406,0.0,0.0,0.0,0.14634146341463414
exact_qft_n8,semi_real_qft,0,8,delivery_aware,1,4,33,35,2,1.0606060606060606,6,16,1.2692307692307692,0.6,0.05405405405405406,0.0,0.0,0.0,0.14634146341463414
exact_qft_n8,semi_real_qft,0,8,static,1,8,26,33,7,1.2692307692307692,15,15,1.0,0.0,0.0,-1.5,0.0,0.0,0.1951219512195122
exact_qft_n8,semi_real_qft,0,8,capacity_aware,1,8,41,41,0,1.0,0,0,1.5769230769230769,1.0,-0.24242424242424243,1.0,-0.24242424242424243,0.0,0.0
exact_qft_n8,semi_real_qft,0,8,smooth,1,8,33,33,0,1.0,6,0,1.2692307692307692,0.6,0.0,0.0,0.0,0.0,0.1951219512195122
exact_qft_n8,semi_real_qft,0,8,delivery_aware,1,8,30,31,1,1.0333333333333334,9,13,1.1538461538461537,0.4,0.06060606060606061,-0.5,0.06060606060606061,0.0,0.24390243902439024
exact_qft_n8,semi_real_qft,0,8,static,1,12,26,29,3,1.1153846153846154,15,7,1.0,0.0,0.0,-1.5,0.12121212121212122,0.0,0.2926829268292683
exact_qft_n8,semi_real_qft,0,8,capacity_aware,1,12,41,41,0,1.0,0,0,1.5769230769230769,1.0,-0.41379310344827586,1.0,-0.24242424242424243,0.0,0.0
exact_qft_n8,semi_real_qft,0,8,smooth,1,12,33,33,0,1.0,6,0,1.2692307692307692,0.6,-0.13793103448275862,0.0,0.0,0.0,0.1951219512195122
exact_qft_n8,semi_real_qft,0,8,delivery_aware,1,12,26,27,1,1.0384615384615385,13,6,1.0,0.13333333333333333,0.06896551724137931,-1.1666666666666667,0.18181818181818182,0.0,0.34146341463414637
exact_qft_n8,semi_real_qft,0,8,static,2,0,26,28,2,1.0769230769230769,3,8,1.0,0.0,0.0,0.0,-0.07692307692307693,0.0,0.034482758620689655
exact_qft_n8,semi_real_qft,0,8,capacity_aware,2,0,29,29,0,1.0,0,0,1.1153846153846154,1.0,-0.03571428571428571,0.0,-0.11538461538461539,0.0,0.0
exact_qft_n8,semi_real_qft,0,8,smooth,2,0,26,26,0,1.0,0,0,1.0,1.0,0.07142857142857142,0.0,0.0,0.0,0.10344827586206896
exact_qft_n8,semi_real_qft,0,8,delivery_aware,2,0,26,26,0,1.0,0,0,1.0,1.0,0.07142857142857142,0.0,0.0,0.0,0.10344827586206896
exact_qft_n8,semi_real_qft,0,8,static,2,4,26,26,0,1.0,3,0,1.0,0.0,0.0,0.0,0.0,0.0,0.10344827586206896
exact_qft_n8,semi_real_qft,0,8,capacity_aware,2,4,29,29,0,1.0,0,0,1.1153846153846154,1.0,-0.11538461538461539,0.0,-0.11538461538461539,0.0,0.0
exact_qft_n8,semi_real_qft,0,8,smooth,2,4,26,26,0,1.0,0,0,1.0,1.0,0.0,0.0,0.0,0.0,0.10344827586206896
exact_qft_n8,semi_real_qft,0,8,delivery_aware,2,4,26,26,0,1.0,2,0,1.0,0.3333333333333333,0.0,0.0,0.0,0.0,0.10344827586206896
exact_qft_n8,semi_real_qft,0,8,static,2,8,26,26,0,1.0,3,0,1.0,0.0,0.0,0.0,0.0,0.0,0.10344827586206896
exact_qft_n8,semi_real_qft,0,8,capacity_aware,2,8,29,29,0,1.0,0,0,1.1153846153846154,1.0,-0.11538461538461539,0.0,-0.11538461538461539,0.0,0.0
exact_qft_n8,semi_real_qft,0,8,smooth,2,8,26,26,0,1.0,0,0,1.0,1.0,0.0,0.0,0.0,0.0,0.10344827586206896
exact_qft_n8,semi_real_qft,0,8,delivery_aware,2,8,26,26,0,1.0,3,0,1.0,0.0,0.0,0.0,0.0,0.0,0.10344827586206896
exact_qft_n8,semi_real_qft,0,8,static,2,12,26,26,0,1.0,3,0,1.0,0.0,0.0,0.0,0.0,0.0,0.10344827586206896
exact_qft_n8,semi_real_qft,0,8,capacity_aware,2,12,29,29,0,1.0,0,0,1.1153846153846154,1.0,-0.11538461538461539,0.0,-0.11538461538461539,0.0,0.0
exact_qft_n8,semi_real_qft,0,8,smooth,2,12,26,26,0,1.0,0,0,1.0,1.0,0.0,0.0,0.0,0.0,0.10344827586206896
exact_qft_n8,semi_real_qft,0,8,delivery_aware,2,12,26,26,0,1.0,3,0,1.0,0.0,0.0,0.0,0.0,0.0,0.10344827586206896
exact_qft_n8,semi_real_qft,0,8,static,3,0,26,26,0,1.0,0,0,1.0,0.0,0.0,0.0,0.0,0.0,0.0
exact_qft_n8,semi_real_qft,0,8,capacity_aware,3,0,26,26,0,1.0,0,0,1.0,0.0,0.0,0.0,0.0,0.0,0.0
exact_qft_n8,semi_real_qft,0,8,smooth,3,0,26,26,0,1.0,0,0,1.0,0.0,0.0,0.0,0.0,0.0,0.0
exact_qft_n8,semi_real_qft,0,8,delivery_aware,3,0,26,26,0,1.0,0,0,1.0,0.0,0.0,0.0,0.0,0.0,0.0
exact_qft_n8,semi_real_qft,0,8,static,3,4,26,26,0,1.0,0,0,1.0,0.0,0.0,0.0,0.0,0.0,0.0
exact_qft_n8,semi_real_qft,0,8,capacity_aware,3,4,26,26,0,1.0,0,0,1.0,0.0,0.0,0.0,0.0,0.0,0.0
exact_qft_n8,semi_real_qft,0,8,smooth,3,4,26,26,0,1.0,0,0,1.0,0.0,0.0,0.0,0.0,0.0,0.0
exact_qft_n8,semi_real_qft,0,8,delivery_aware,3,4,26,26,0,1.0,0,0,1.0,0.0,0.0,0.0,0.0,0.0,0.0
exact_qft_n8,semi_real_qft,0,8,static,3,8,26,26,0,1.0,0,0,1.0,0.0,0.0,0.0,0.0,0.0,0.0
exact_qft_n8,semi_real_qft,0,8,capacity_aware,3,8,26,26,0,1.0,0,0,1.0,0.0,0.0,0.0,0.0,0.0,0.0
exact_qft_n8,semi_real_qft,0,8,smooth,3,8,26,26,0,1.0,0,0,1.0,0.0,0.0,0.0,0.0,0.0,0.0
exact_qft_n8,semi_real_qft,0,8,delivery_aware,3,8,26,26,0,1.0,0,0,1.0,0.0,0.0,0.0,0.0,0.0,0.0
exact_qft_n8,semi_real_qft,0,8,static,3,12,26,26,0,1.0,0,0,1.0,0.0,0.0,0.0,0.0,0.0,0.0
exact_qft_n8,semi_real_qft,0,8,capacity_aware,3,12,26,26,0,1.0,0,0,1.0,0.0,0.0,0.0,0.0,0.0,0.0
exact_qft_n8,semi_real_qft,0,8,smooth,3,12,26,26,0,1.0,0,0,1.0,0.0,0.0,0.0,0.0,0.0,0.0
exact_qft_n8,semi_real_qft,0,8,delivery_aware,3,12,26,26,0,1.0,0,0,1.0,0.0,0.0,0.0,0.0,0.0,0.0
exact_qft_n8,semi_real_qft,0,8,static,4,0,26,26,0,1.0,0,0,1.0,0.0,0.0,0.0,0.0,0.0,0.0
exact_qft_n8,semi_real_qft,0,8,capacity_aware,4,0,26,26,0,1.0,0,0,1.0,0.0,0.0,0.0,0.0,0.0,0.0
exact_qft_n8,semi_real_qft,0,8,smooth,4,0,26,26,0,1.0,0,0,1.0,0.0,0.0,0.0,0.0,0.0,0.0
exact_qft_n8,semi_real_qft,0,8,delivery_aware,4,0,26,26,0,1.0,0,0,1.0,0.0,0.0,0.0,0.0,0.0,0.0
exact_qft_n8,semi_real_qft,0,8,static,4,4,26,26,0,1.0,0,0,1.0,0.0,0.0,0.0,0.0,0.0,0.0
exact_qft_n8,semi_real_qft,0,8,capacity_aware,4,4,26,26,0,1.0,0,0,1.0,0.0,0.0,0.0,0.0,0.0,0.0
exact_qft_n8,semi_real_qft,0,8,smooth,4,4,26,26,0,1.0,0,0,1.0,0.0,0.0,0.0,0.0,0.0,0.0
exact_qft_n8,semi_real_qft,0,8,delivery_aware,4,4,26,26,0,1.0,0,0,1.0,0.0,0.0,0.0,0.0,0.0,0.0
exact_qft_n8,semi_real_qft,0,8,static,4,8,26,26,0,1.0,0,0,1.0,0.0,0.0,0.0,0.0,0.0,0.0
exact_qft_n8,semi_real_qft,0,8,capacity_aware,4,8,26,26,0,1.0,0,0,1.0,0.0,0.0,0.0,0.0,0.0,0.0
exact_qft_n8,semi_real_qft,0,8,smooth,4,8,26,26,0,1.0,0,0,1.0,0.0,0.0,0.0,0.0,0.0,0.0
exact_qft_n8,semi_real_qft,0,8,delivery_aware,4,8,26,26,0,1.0,0,0,1.0,0.0,0.0,0.0,0.0,0.0,0.0
exact_qft_n8,semi_real_qft,0,8,static,4,12,26,26,0,1.0,0,0,1.0,0.0,0.0,0.0,0.0,0.0,0.0
exact_qft_n8,semi_real_qft,0,8,capacity_aware,4,12,26,26,0,1.0,0,0,1.0,0.0,0.0,0.0,0.0,0.0,0.0
exact_qft_n8,semi_real_qft,0,8,smooth,4,12,26,26,0,1.0,0,0,1.0,0.0,0.0,0.0,0.0,0.0,0.0
exact_qft_n8,semi_real_qft,0,8,delivery_aware,4,12,26,26,0,1.0,0,0,1.0,0.0,0.0,0.0,0.0,0.0,0.0
exact_qft_n8,semi_real_qft,0,8,static,5,0,26,26,0,1.0,0,0,1.0,0.0,0.0,0.0,0.0,0.0,0.0
exact_qft_n8,semi_real_qft,0,8,capacity_aware,5,0,26,26,0,1.0,0,0,1.0,0.0,0.0,0.0,0.0,0.0,0.0
exact_qft_n8,semi_real_qft,0,8,smooth,5,0,26,26,0,1.0,0,0,1.0,0.0,0.0,0.0,0.0,0.0,0.0
exact_qft_n8,semi_real_qft,0,8,delivery_aware,5,0,26,26,0,1.0,0,0,1.0,0.0,0.0,0.0,0.0,0.0,0.0
exact_qft_n8,semi_real_qft,0,8,static,5,4,26,26,0,1.0,0,0,1.0,0.0,0.0,0.0,0.0,0.0,0.0
exact_qft_n8,semi_real_qft,0,8,capacity_aware,5,4,26,26,0,1.0,0,0,1.0,0.0,0.0,0.0,0.0,0.0,0.0
exact_qft_n8,semi_real_qft,0,8,smooth,5,4,26,26,0,1.0,0,0,1.0,0.0,0.0,0.0,0.0,0.0,0.0
exact_qft_n8,semi_real_qft,0,8,delivery_aware,5,4,26,26,0,1.0,0,0,1.0,0.0,0.0,0.0,0.0,0.0,0.0
exact_qft_n8,semi_real_qft,0,8,static,5,8,26,26,0,1.0,0,0,1.0,0.0,0.0,0.0,0.0,0.0,0.0
exact_qft_n8,semi_real_qft,0,8,capacity_aware,5,8,26,26,0,1.0,0,0,1.0,0.0,0.0,0.0,0.0,0.0,0.0
exact_qft_n8,semi_real_qft,0,8,smooth,5,8,26,26,0,1.0,0,0,1.0,0.0,0.0,0.0,0.0,0.0,0.0
exact_qft_n8,semi_real_qft,0,8,delivery_aware,5,8,26,26,0,1.0,0,0,1.0,0.0,0.0,0.0,0.0,0.0,0.0
exact_qft_n8,semi_real_qft,0,8,static,5,12,26,26,0,1.0,0,0,1.0,0.0,0.0,0.0,0.0,0.0,0.0
exact_qft_n8,semi_real_qft,0,8,capacity_aware,5,12,26,26,0,1.0,0,0,1.0,0.0,0.0,0.0,0.0,0.0,0.0
exact_qft_n8,semi_real_qft,0,8,smooth,5,12,26,26,0,1.0,0,0,1.0,0.0,0.0,0.0,0.0,0.0,0.0
exact_qft_n8,semi_real_qft,0,8,delivery_aware,5,12,26,26,0,1.0,0,0,1.0,0.0,0.0,0.0,0.0,0.0,0.0
approx_qft_n12,semi_real_qft,0,12,static,1,0,38,67,29,1.763157894736842,29,35,1.0,0.0,0.0,-0.45,-0.046875,0.0,-0.015151515151515152
approx_qft_n12,semi_real_qft,0,12,capacity_aware,1,0,66,66,0,1.0,0,0,1.736842105263158,1.0,0.014925373134328358,1.0,-0.03125,0.0,0.0
approx_qft_n12,semi_real_qft,0,12,smooth,1,0,44,64,20,1.4545454545454546,20,26,1.1578947368421053,0.3103448275862069,0.04477611940298507,0.0,0.0,0.0,0.030303030303030304
approx_qft_n12,semi_real_qft,0,12,delivery_aware,1,0,44,64,20,1.4545454545454546,20,26,1.1578947368421053,0.3103448275862069,0.04477611940298507,0.0,0.0,0.0,0.030303030303030304
approx_qft_n12,semi_real_qft,0,12,static,1,4,38,63,25,1.6578947368421053,29,34,1.0,0.0,0.0,-0.45,-0.05,0.0,0.045454545454545456
approx_qft_n12,semi_real_qft,0,12,capacity_aware,1,4,66,66,0,1.0,0,0,1.736842105263158,1.0,-0.047619047619047616,1.0,-0.1,0.0,0.0
approx_qft_n12,semi_real_qft,0,12,smooth,1,4,44,60,16,1.3636363636363635,20,21,1.1578947368421053,0.3103448275862069,0.047619047619047616,0.0,0.0,0.0,0.09090909090909091
approx_qft_n12,semi_real_qft,0,12,delivery_aware,1,4,44,60,16,1.3636363636363635,20,27,1.1578947368421053,0.3103448275862069,0.047619047619047616,0.0,0.0,0.0,0.09090909090909091
approx_qft_n12,semi_real_qft,0,12,static,1,8,38,59,21,1.5526315789473684,29,27,1.0,0.0,0.0,-0.45,-0.05357142857142857,0.0,0.10606060606060606
approx_qft_n12,semi_real_qft,0,12,capacity_aware,1,8,66,66,0,1.0,0,0,1.736842105263158,1.0,-0.11864406779661017,1.0,-0.17857142857142858,0.0,0.0
approx_qft_n12,semi_real_qft,0,12,smooth,1,8,44,56,12,1.2727272727272727,20,15,1.1578947368421053,0.3103448275862069,0.05084745762711865,0.0,0.0,0.0,0.15151515151515152
approx_qft_n12,semi_real_qft,0,12,delivery_aware,1,8,44,56,12,1.2727272727272727,20,24,1.1578947368421053,0.3103448275862069,0.05084745762711865,0.0,0.0,0.0,0.15151515151515152
approx_qft_n12,semi_real_qft,0,12,static,1,12,38,55,17,1.4473684210526316,29,23,1.0,0.0,0.0,-0.45,-0.057692307692307696,0.0,0.16666666666666666
approx_qft_n12,semi_real_qft,0,12,capacity_aware,1,12,66,66,0,1.0,0,0,1.736842105263158,1.0,-0.2,1.0,-0.2692307692307692,0.0,0.0
approx_qft_n12,semi_real_qft,0,12,smooth,1,12,44,52,8,1.1818181818181819,20,10,1.1578947368421053,0.3103448275862069,0.05454545454545454,0.0,0.0,0.0,0.21212121212121213
approx_qft_n12,semi_real_qft,0,12,delivery_aware,1,12,44,52,8,1.1818181818181819,20,17,1.1578947368421053,0.3103448275862069,0.05454545454545454,0.0,0.0,0.0,0.21212121212121213
approx_qft_n12,semi_real_qft,0,12,static,2,0,38,48,10,1.263157894736842,19,16,1.0,0.0,0.0,-0.5833333333333334,-0.09090909090909091,0.0,-0.02127659574468085
approx_qft_n12,semi_real_qft,0,12,capacity_aware,2,0,47,47,0,1.0,0,0,1.236842105263158,1.0,0.020833333333333332,1.0,-0.06818181818181818,0.0,0.0
approx_qft_n12,semi_real_qft,0,12,smooth,2,0,38,44,6,1.1578947368421053,12,9,1.0,0.3684210526315789,0.08333333333333333,0.0,0.0,0.0,0.06382978723404255
approx_qft_n12,semi_real_qft,0,12,delivery_aware,2,0,38,44,6,1.1578947368421053,12,10,1.0,0.3684210526315789,0.08333333333333333,0.0,0.0,0.0,0.06382978723404255
approx_qft_n12,semi_real_qft,0,12,static,2,4,38,46,8,1.2105263157894737,19,12,1.0,0.0,0.0,-0.5833333333333334,-0.09523809523809523,0.0,0.02127659574468085
approx_qft_n12,semi_real_qft,0,12,capacity_aware,2,4,47,47,0,1.0,0,0,1.236842105263158,1.0,-0.021739130434782608,1.0,-0.11904761904761904,0.0,0.0
approx_qft_n12,semi_real_qft,0,12,smooth,2,4,38,42,4,1.105263157894737,12,6,1.0,0.3684210526315789,0.08695652173913043,0.0,0.0,0.0,0.10638297872340426
approx_qft_n12,semi_real_qft,0,12,delivery_aware,2,4,38,42,4,1.105263157894737,12,6,1.0,0.3684210526315789,0.08695652173913043,0.0,0.0,0.0,0.10638297872340426
approx_qft_n12,semi_real_qft,0,12,static,2,8,38,44,6,1.1578947368421053,19,9,1.0,0.0,0.0,-0.5833333333333334,-0.1,0.0,0.06382978723404255
approx_qft_n12,semi_real_qft,0,12,capacity_aware,2,8,47,47,0,1.0,0,0,1.236842105263158,1.0,-0.06818181818181818,1.0,-0.175,0.0,0.0
approx_qft_n12,semi_real_qft,0,12,smooth,2,8,38,40,2,1.0526315789473684,12,2,1.0,0.3684210526315789,0.09090909090909091,0.0,0.0,0.0,0.14893617021276595
approx_qft_n12,semi_real_qft,0,12,delivery_aware,2,8,38,40,2,1.0526315789473684,12,6,1.0,0.3684210526315789,0.09090909090909091,0.0,0.0,0.0,0.14893617021276595
approx_qft_n12,semi_real_qft,0,12,static,2,12,38,42,4,1.105263157894737,19,6,1.0,0.0,0.0,-0.5833333333333334,-0.10526315789473684,0.0,0.10638297872340426
approx_qft_n12,semi_real_qft,0,12,capacity_aware,2,12,47,47,0,1.0,0,0,1.236842105263158,1.0,-0.11904761904761904,1.0,-0.23684210526315788,0.0,0.0
approx_qft_n12,semi_real_qft,0,12,smooth,2,12,38,38,0,1.0,12,0,1.0,0.3684210526315789,0.09523809523809523,0.0,0.0,0.0,0.19148936170212766
approx_qft_n12,semi_real_qft,0,12,delivery_aware,2,12,38,39,1,1.0263157894736843,14,2,1.0,0.2631578947368421,0.07142857142857142,-0.16666666666666666,-0.02631578947368421,0.0,0.1702127659574468
approx_qft_n12,semi_real_qft,0,12,static,3,0,38,41,3,1.0789473684210527,9,8,1.0,0.0,0.0,0.0,-0.07894736842105263,0.0,-0.025
approx_qft_n12,semi_real_qft,0,12,capacity_aware,3,0,40,40,0,1.0,0,0,1.0526315789473684,1.0,0.024390243902439025,0.0,-0.05263157894736842,0.0,0.0
approx_qft_n12,semi_real_qft,0,12,smooth,3,0,38,38,0,1.0,0,0,1.0,1.0,0.07317073170731707,0.0,0.0,0.0,0.05
approx_qft_n12,semi_real_qft,0,12,delivery_aware,3,0,38,38,0,1.0,0,0,1.0,1.0,0.07317073170731707,0.0,0.0,0.0,0.05
approx_qft_n12,semi_real_qft,0,12,static,3,4,38,40,2,1.0526315789473684,9,3,1.0,0.0,0.0,0.0,-0.05263157894736842,0.0,0.0
approx_qft_n12,semi_real_qft,0,12,capacity_aware,3,4,40,40,0,1.0,0,0,1.0526315789473684,1.0,0.0,0.0,-0.05263157894736842,0.0,0.0
approx_qft_n12,semi_real_qft,0,12,smooth,3,4,38,38,0,1.0,0,0,1.0,1.0,0.05,0.0,0.0,0.0,0.05
approx_qft_n12,semi_real_qft,0,12,delivery_aware,3,4,38,38,0,1.0,1,0,1.0,0.8888888888888888,0.05,0.0,0.0,0.0,0.05
approx_qft_n12,semi_real_qft,0,12,static,3,8,38,39,1,1.0263157894736843,9,1,1.0,0.0,0.0,0.0,-0.02631578947368421,0.0,0.025
approx_qft_n12,semi_real_qft,0,12,capacity_aware,3,8,40,40,0,1.0,0,0,1.0526315789473684,1.0,-0.02564102564102564,0.0,-0.05263157894736842,0.0,0.0
approx_qft_n12,semi_real_qft,0,12,smooth,3,8,38,38,0,1.0,0,0,1.0,1.0,0.02564102564102564,0.0,0.0,0.0,0.05
approx_qft_n12,semi_real_qft,0,12,delivery_aware,3,8,38,38,0,1.0,6,0,1.0,0.3333333333333333,0.02564102564102564,0.0,0.0,0.0,0.05
approx_qft_n12,semi_real_qft,0,12,static,3,12,38,38,0,1.0,9,0,1.0,0.0,0.0,0.0,0.0,0.0,0.05
approx_qft_n12,semi_real_qft,0,12,capacity_aware,3,12,40,40,0,1.0,0,0,1.0526315789473684,1.0,-0.05263157894736842,0.0,-0.05263157894736842,0.0,0.0
approx_qft_n12,semi_real_qft,0,12,smooth,3,12,38,38,0,1.0,0,0,1.0,1.0,0.0,0.0,0.0,0.0,0.05
approx_qft_n12,semi_real_qft,0,12,delivery_aware,3,12,38,38,0,1.0,6,0,1.0,0.3333333333333333,0.0,0.0,0.0,0.0,0.05
approx_qft_n12,semi_real_qft,0,12,static,4,0,38,38,0,1.0,0,0,1.0,0.0,0.0,0.0,0.0,0.0,0.0
approx_qft_n12,semi_real_qft,0,12,capacity_aware,4,0,38,38,0,1.0,0,0,1.0,0.0,0.0,0.0,0.0,0.0,0.0
approx_qft_n12,semi_real_qft,0,12,smooth,4,0,38,38,0,1.0,0,0,1.0,0.0,0.0,0.0,0.0,0.0,0.0
approx_qft_n12,semi_real_qft,0,12,delivery_aware,4,0,38,38,0,1.0,0,0,1.0,0.0,0.0,0.0,0.0,0.0,0.0
approx_qft_n12,semi_real_qft,0,12,static,4,4,38,38,0,1.0,0,0,1.0,0.0,0.0,0.0,0.0,0.0,0.0
approx_qft_n12,semi_real_qft,0,12,capacity_aware,4,4,38,38,0,1.0,0,0,1.0,0.0,0.0,0.0,0.0,0.0,0.0
approx_qft_n12,semi_real_qft,0,12,smooth,4,4,38,38,0,1.0,0,0,1.0,0.0,0.0,0.0,0.0,0.0,0.0
approx_qft_n12,semi_real_qft,0,12,delivery_aware,4,4,38,38,0,1.0,0,0,1.0,0.0,0.0,0.0,0.0,0.0,0.0
approx_qft_n12,semi_real_qft,0,12,static,4,8,38,38,0,1.0,0,0,1.0,0.0,0.0,0.0,0.0,0.0,0.0
approx_qft_n12,semi_real_qft,0,12,capacity_aware,4,8,38,38,0,1.0,0,0,1.0,0.0,0.0,0.0,0.0,0.0,0.0
approx_qft_n12,semi_real_qft,0,12,smooth,4,8,38,38,0,1.0,0,0,1.0,0.0,0.0,0.0,0.0,0.0,0.0
approx_qft_n12,semi_real_qft,0,12,delivery_aware,4,8,38,38,0,1.0,0,0,1.0,0.0,0.0,0.0,0.0,0.0,0.0
approx_qft_n12,semi_real_qft,0,12,static,4,12,38,38,0,1.0,0,0,1.0,0.0,0.0,0.0,0.0,0.0,0.0
approx_qft_n12,semi_real_qft,0,12,capacity_aware,4,12,38,38,0,1.0,0,0,1.0,0.0,0.0,0.0,0.0,0.0,0.0
approx_qft_n12,semi_real_qft,0,12,smooth,4,12,38,38,0,1.0,0,0,1.0,0.0,0.0,0.0,0.0,0.0,0.0
approx_qft_n12,semi_real_qft,0,12,delivery_aware,4,12,38,38,0,1.0,0,0,1.0,0.0,0.0,0.0,0.0,0.0,0.0
approx_qft_n12,semi_real_qft,0,12,static,5,0,38,38,0,1.0,0,0,1.0,0.0,0.0,0.0,0.0,0.0,0.0
approx_qft_n12,semi_real_qft,0,12,capacity_aware,5,0,38,38,0,1.0,0,0,1.0,0.0,0.0,0.0,0.0,0.0,0.0
approx_qft_n12,semi_real_qft,0,12,smooth,5,0,38,38,0,1.0,0,0,1.0,0.0,0.0,0.0,0.0,0.0,0.0
approx_qft_n12,semi_real_qft,0,12,delivery_aware,5,0,38,38,0,1.0,0,0,1.0,0.0,0.0,0.0,0.0,0.0,0.0
approx_qft_n12,semi_real_qft,0,12,static,5,4,38,38,0,1.0,0,0,1.0,0.0,0.0,0.0,0.0,0.0,0.0
approx_qft_n12,semi_real_qft,0,12,capacity_aware,5,4,38,38,0,1.0,0,0,1.0,0.0,0.0,0.0,0.0,0.0,0.0
approx_qft_n12,semi_real_qft,0,12,smooth,5,4,38,38,0,1.0,0,0,1.0,0.0,0.0,0.0,0.0,0.0,0.0
approx_qft_n12,semi_real_qft,0,12,delivery_aware,5,4,38,38,0,1.0,0,0,1.0,0.0,0.0,0.0,0.0,0.0,0.0
approx_qft_n12,semi_real_qft,0,12,static,5,8,38,38,0,1.0,0,0,1.0,0.0,0.0,0.0,0.0,0.0,0.0
approx_qft_n12,semi_real_qft,0,12,capacity_aware,5,8,38,38,0,1.0,0,0,1.0,0.0,0.0,0.0,0.0,0.0,0.0
approx_qft_n12,semi_real_qft,0,12,smooth,5,8,38,38,0,1.0,0,0,1.0,0.0,0.0,0.0,0.0,0.0,0.0
approx_qft_n12,semi_real_qft,0,12,delivery_aware,5,8,38,38,0,1.0,0,0,1.0,0.0,0.0,0.0,0.0,0.0,0.0
approx_qft_n12,semi_real_qft,0,12,static,5,12,38,38,0,1.0,0,0,1.0,0.0,0.0,0.0,0.0,0.0,0.0
approx_qft_n12,semi_real_qft,0,12,capacity_aware,5,12,38,38,0,1.0,0,0,1.0,0.0,0.0,0.0,0.0,0.0,0.0
approx_qft_n12,semi_real_qft,0,12,smooth,5,12,38,38,0,1.0,0,0,1.0,0.0,0.0,0.0,0.0,0.0,0.0
approx_qft_n12,semi_real_qft,0,12,delivery_aware,5,12,38,38,0,1.0,0,0,1.0,0.0,0.0,0.0,0.0,0.0,0.0
