trial,match_rate,mean_regret,median_regret,p95_regret,nontrivial_match_rate,nontrivial_mean_regret,nontrivial_median_regret,nontrivial_p95_regret,excluding_ties_match_rate,excluding_ties_mean_regret,excluding_ties_median_regret,excluding_ties_p95_regret,num_cases,num_nontrivial_cases,num_unique_best_cases
0,0.8475274725274725,0.8198824686848812,0.0,2.805,0.5452674897119342,2.4557194313497046,0.0,9.88054054054054,0.05405405405405406,10.466211615611021,1.821173780487805,47.70258064516129,1456,486,74
1,0.8461538461538461,0.9348897872978633,0.0,2.9625000000000004,0.5432098765432098,2.799625101926869,0.0,8.994736842105263,0.06756756756756757,12.612600840923728,2.4372207958921694,83.2,1456,486,74
2,0.8461538461538461,0.9430609505098535,0.0,3.121818181818182,0.5432098765432098,2.824193996715813,0.0,11.871428571428572,0.06756756756756757,11.792715695020604,1.7276315789473684,75.1290243902439,1456,486,74
3,0.8509615384615384,0.9206718713144525,0.0,3.195161290322581,0.5555555555555556,2.7576728680341813,0.0,11.3275,0.02702702702702703,11.551839354565761,2.0175986842105265,48.65560975609756,1456,486,74
4,0.8447802197802198,0.8444628042752036,0.0,2.966842105263158,0.5390946502057613,2.5288053117000717,0.0,11.3275,0.05405405405405406,10.215235234044941,1.1697619047619048,75.1290243902439,1456,486,74
5,0.8434065934065934,1.0348524365564782,0.0,3.124210526315789,0.5329218106995884,3.099744684890949,0.0,8.65,0.08108108108108109,14.651066657404343,2.0175986842105265,83.2,1456,486,74
6,0.8509615384615384,0.939155436531498,0.0,2.605,0.5555555555555556,2.8130474996309265,0.0,10.47857142857143,0.08108108108108109,12.555468621110702,0.894736842105263,78.31341463414635,1456,486,74
7,0.8516483516483516,0.7427720394233163,0.0,2.605,0.5596707818930041,2.2241514976582035,0.0,8.957073170731707,0.04054054054054054,9.39926014561103,1.4838709677419355,46.450322580645164,1456,486,74
8,0.8605769230769231,0.9040598609051557,0.0,2.6054794520547944,0.5864197530864198,2.7072621948738185,0.0,10.42,0.05405405405405406,12.19755053139448,1.587826420890937,75.1290243902439,1456,486,74
9,0.8489010989010989,0.9700707212623356,0.0,2.555844155844156,0.5493827160493827,2.9056661304294855,0.0,9.88054054054054,0.013513513513513514,13.371682606691097,1.4838709677419355,83.2,1456,486,74
10,0.8495879120879121,1.0287415252044714,0.0,3.2039024390243904,0.5555555555555556,3.08024012172685,0.0,12.97162162162162,0.05405405405405406,13.745547524374597,2.0406848030018763,72.01463414634148,1456,486,74
11,0.8550824175824175,0.7198432449298814,0.0,2.4573684210526316,0.5720164609053497,2.154816467241658,0.0,7.419677419354839,0.08108108108108109,8.772710288509959,1.4838709677419355,26.989032258064515,1456,486,74
12,0.853021978021978,0.8167691359532797,0.0,2.492857142857143,0.5617283950617284,2.4463032138847227,0.0,7.5875,0.013513513513513514,11.026805214740948,1.4943164362519201,50.28780487804878,1456,486,74
13,0.8406593406593407,0.6675255136552668,0.0,2.862876712328767,0.5246913580246914,1.9992755496148922,0.0,8.736341463414634,0.02702702702702703,6.997617616234588,1.4838709677419355,40.28903225806452,1456,486,74
14,0.845467032967033,0.5776604195927044,0.0,2.7115789473684213,0.5432098765432098,1.7288531057376872,0.0,7.757662337662337,0.12162162162162163,5.906331382870681,1.0073170731707317,25.752903225806453,1456,486,74
15,0.8379120879120879,0.8996598945751489,0.0,2.8769230769230774,0.5185185185185185,2.6940804027411236,0.0,10.42,0.08108108108108109,10.459613896026791,1.4838709677419355,72.01463414634148,1456,486,74
16,0.8495879120879121,0.8225738546668206,0.0,2.7115789473684213,0.5534979423868313,2.4631395095178195,0.0,9.255806451612903,0.04054054054054054,10.098871476662975,1.5254454685099845,47.70258064516129,1456,486,74
17,0.8482142857142857,0.9144722669798448,0.0,2.704805194805195,0.5493827160493827,2.7385455950292026,0.0,9.859480519480519,0.05405405405405406,11.901079354162428,1.821173780487805,78.31341463414635,1456,486,74
18,0.8489010989010989,0.7093938736911911,0.0,3.164878048780488,0.5534979423868313,2.123511355053318,0.0,7.7621052631578955,0.10810810810810811,7.579872442403836,1.4838709677419355,37.94451612903226,1456,486,74
19,0.8516483516483516,0.9954864789355347,0.0,2.7073684210526316,0.5596707818930041,2.9811658077384933,0.0,8.994736842105263,0.02702702702702703,14.629190828613138,1.6500604838709678,84.83219512195123,1456,486,74
20,0.853021978021978,0.6359319324763695,0.0,2.862876712328767,0.5617283950617284,1.9045357894765307,0.0,6.395584415584416,0.10810810810810811,7.051745070138715,1.761935483870968,31.990243902439026,1456,486,74
21,0.8495879120879121,0.9961376101709709,0.0,2.9625000000000004,0.551440329218107,2.983759526007619,0.0,11.346190476190477,0.02702702702702703,13.387606809175585,1.8757565789473685,72.01463414634148,1456,486,74
22,0.8468406593406593,1.0013484354259443,0.0,2.966842105263158,0.5452674897119342,2.998727553931984,0.0,9.859480519480519,0.013513513513513514,13.96208878423957,1.4838709677419355,101.13707317073171,1456,486,74
23,0.8537087912087912,0.8072163388342476,0.0,2.704805194805195,0.5637860082304527,2.417773165788958,0.0,11.871428571428572,0.05405405405405406,10.197081858660159,1.4838709677419355,47.70258064516129,1456,486,74
24,0.8489010989010989,0.9396364169641499,0.0,3.121818181818182,0.5473251028806584,2.8150424343617333,0.0,12.667894736842104,0.02702702702702703,12.916910314433789,2.3785365853658536,50.28780487804878,1456,486,74
25,0.8461538461538461,0.7847397543397316,0.0,2.8153658536585366,0.5452674897119342,2.349238931646477,0.0,7.757662337662337,0.0945945945945946,9.63184352401331,1.5543803056027166,47.70258064516129,1456,486,74
26,0.845467032967033,0.9534684816899806,0.0,3.608831168831169,0.5432098765432098,2.854730756794548,0.0,10.481463414634147,0.013513513513513514,12.687865376209253,2.268292682926829,78.31341463414635,1456,486,74
27,0.8523351648351648,0.6165007045816565,0.0,2.555844155844156,0.5637860082304527,1.8452141241408033,0.0,7.328095238095237,0.06756756756756757,6.716740140757078,1.3455069124423964,22.134516129032257,1456,486,74
28,0.8427197802197802,0.785286232777525,0.0,3.085844155844156,0.5349794238683128,2.3508761180773963,0.0,8.35064935064935,0.013513513513513514,8.867611824353176,1.8146634615384616,42.693548387096776,1456,486,74
29,0.8495879120879121,0.7889787060697623,0.0,2.7358536585365854,0.551440329218107,2.363135319482187,0.0,6.128701298701299,0.0945945945945946,10.262966847846604,1.4838709677419355,48.65560975609756,1456,486,74
30,0.853021978021978,0.6756846786127129,0.0,2.605,0.565843621399177,2.022522490785285,0.0,7.550476190476191,0.05405405405405406,7.764398362297965,1.2573259762308997,33.435483870967744,1456,486,74
31,0.8516483516483516,0.9586896597872988,0.0,3.129189189189189,0.5596707818930041,2.870926777533079,0.0,9.255806451612903,0.04054054054054054,13.691503361354986,2.268292682926829,78.31341463414635,1456,486,74
32,0.8358516483516484,0.8274652507233791,0.0,3.195161290322581,0.5102880658436214,2.478436572600842,0.0,8.309677419354838,0.02702702702702703,9.837869561214601,1.8068610421836229,46.450322580645164,1456,486,74
33,0.853021978021978,0.8244352788412406,0.0,2.2451612903225806,0.565843621399177,2.4681621490830956,0.0,7.564878048780487,0.05405405405405406,11.79884648742676,1.5330645161290322,78.31341463414635,1456,486,74
34,0.8461538461538461,0.9001129444668483,0.0,2.7891780821917806,0.5452674897119342,2.6948837152371796,0.0,12.113658536585366,0.06756756756756757,11.249075822043647,1.4838709677419355,50.28780487804878,1456,486,74
35,0.8502747252747253,0.9799174739392085,0.0,3.2039024390243904,0.5555555555555556,2.9345228627289233,0.0,11.894594594594595,0.04054054054054054,12.811970193751401,2.0225224646983313,72.01463414634148,1456,486,74
36,0.8557692307692307,0.8120181013315175,0.0,2.4242857142857144,0.5699588477366255,2.4321586929412726,0.0,8.843333333333334,0.013513513513513514,10.775640961021827,1.761935483870968,50.28780487804878,1456,486,74
37,0.8427197802197802,0.9104621342863788,0.0,3.085844155844156,0.5329218106995884,2.7264426682134495,0.0,7.5875,0.0945945945945946,11.872683678126114,1.5034335839598998,78.31341463414635,1456,486,74
38,0.8550824175824175,0.8504365621333073,0.0,2.6086486486486486,0.5699588477366255,2.5466129705696807,0.0,8.957073170731707,0.04054054054054054,11.045508472560499,1.0073170731707317,47.04341463414634,1456,486,74
39,0.8372252747252747,0.7684552994592129,0.0,2.50987012987013,0.51440329218107,2.3015605267749257,0.0,8.309677419354838,0.04054054054054054,8.656138398424208,0.9934204413472706,45.19806451612903,1456,486,74
40,0.8495879120879121,0.7823782490145205,0.0,2.7128571428571426,0.5534979423868313,2.34280713791498,0.0,10.42,0.0945945945945946,9.679568605659387,1.3081259600614439,40.7690243902439,1456,486,74
41,0.845467032967033,0.8629315054417352,0.0,2.704805194805195,0.5390946502057613,2.5846893850904027,0.0,7.579473684210527,0.06756756756756757,11.077732593912483,1.4838709677419355,65.95585365853658,1456,486,74
42,0.8427197802197802,0.8991948589782497,0.0,3.0580952380952375,0.5308641975308642,2.6933302137923887,0.0,11.3275,0.08108108108108109,10.920489604002638,1.4337775891341256,45.19806451612903,1456,486,74
43,0.842032967032967,0.8072978301359585,0.0,3.2039024390243904,0.5329218106995884,2.416820327447518,0.0,7.194675324675325,0.02702702702702703,9.925906470722355,2.268292682926829,47.04341463414634,1456,486,74
44,0.845467032967033,0.977283277383652,0.0,3.121818181818182,0.5432098765432098,2.9260771406011026,0.0,9.859480519480519,0.05405405405405406,13.4199649783947,1.8757565789473685,65.95585365853658,1456,486,74
45,0.8447802197802198,1.0264613189104377,0.0,2.712702702702703,0.5390946502057613,3.0739628591859387,0.0,8.0475,0.05405405405405406,14.319305577981817,1.4929881154499152,81.56780487804878,1456,486,74
46,0.8592032967032966,0.7717827245392742,0.0,2.511578947368421,0.5802469135802469,2.311618140246816,0.0,10.47857142857143,0.05405405405405406,9.452076939594022,1.5336967418546368,47.70258064516129,1456,486,74
47,0.8543956043956044,0.7187648013771246,0.0,2.4573684210526316,0.5679012345679012,2.152228578737926,0.0,7.757662337662337,0.05405405405405406,9.404873723088738,1.6035483870967744,40.28903225806452,1456,486,74
48,0.8372252747252747,0.9932595576530241,0.0,3.124210526315789,0.5185185185185185,2.9739402353998794,0.0,8.65,0.05405405405405406,14.106041425653963,2.268292682926829,81.56780487804878,1456,486,74
49,0.8468406593406593,1.0397299216750786,0.0,2.604736842105263,0.5452674897119342,3.113714064176304,0.0,12.985853658536586,0.02702702702702703,15.006919576868436,1.6603225806451614,83.2,1456,486,74
50,0.8495879120879121,0.9999561443630309,0.0,2.8769230769230774,0.5534979423868313,2.994556410336095,0.0,12.97162162162162,0.02702702702702703,12.897025657942958,1.821173780487805,81.56780487804878,1456,486,74
51,0.8619505494505495,0.7686554673011294,0.0,2.268292682926829,0.5905349794238683,2.301606233788506,0.0,8.736341463414634,0.10810810810810811,9.913879793487101,1.4838709677419355,50.28780487804878,1456,486,74
52,0.8550824175824175,0.6621522964499671,0.0,2.704805194805195,0.5699588477366255,1.982535005888727,0.0,9.255806451612903,0.0945945945945946,7.21808326625594,1.4838709677419355,37.754634146341466,1456,486,74
53,0.8502747252747253,0.8359833632909942,0.0,2.9625000000000004,0.5555555555555556,2.503312852227277,0.0,9.88054054054054,0.02702702702702703,10.811725431310766,2.243620025673941,50.28780487804878,1456,486,74
54,0.8475274725274725,1.1555648974042942,0.0,3.5848051948051953,0.5473251028806584,3.4607423042210326,0.0,13.420526315789475,0.06756756756756757,16.775716835302998,2.268292682926829,81.56780487804878,1456,486,74
55,0.8413461538461539,0.6083718836964322,0.0,2.6054794520547944,0.5288065843621399,1.8214150861991245,0.0,7.5875,0.05405405405405406,6.021687598316755,1.5960776942355892,26.989032258064515,1456,486,74
56,0.8385989010989011,0.7140737179204383,0.0,2.605,0.5185185185185185,2.1386395746752225,0.0,7.757662337662337,0.04054054054054054,8.141890694901923,1.4838709677419355,40.28903225806452,1456,486,74
57,0.8468406593406593,0.8062911936501637,0.0,2.268292682926829,0.5452674897119342,2.4143585333033077,0.0,8.0475,0.02702702702702703,10.407243381678478,1.0073170731707317,47.70258064516129,1456,486,74
58,0.8461538461538461,0.7668189368955552,0.0,2.97125,0.5432098765432098,2.2961042003100776,0.0,8.0475,0.08108108108108109,9.256787767170056,2.101777920410783,47.04341463414634,1456,486,74
59,0.8482142857142857,0.9501803958635637,0.0,3.1031578947368423,0.551440329218107,2.84488003053269,0.0,11.871428571428572,0.02702702702702703,12.516195087070177,1.5543803056027166,75.1290243902439,1456,486,74
60,0.8509615384615384,0.6960754706500076,0.0,2.805,0.5596707818930041,2.0836109541727357,0.0,9.386493506493508,0.04054054054054054,7.418968165436704,1.7681513647642682,40.28903225806452,1456,486,74
61,0.8495879120879121,0.8703964353981326,0.0,2.9625000000000004,0.551440329218107,2.6070534550832307,0.0,7.604545454545455,0.10810810810810811,10.964061455599227,1.5330645161290322,81.56780487804878,1456,486,74
62,0.8379120879120879,0.9938786345899925,0.0,2.965844155844156,0.5185185185185185,2.9763488913452636,0.0,8.994736842105263,0.05405405405405406,13.346391685067408,1.4838709677419355,83.2,1456,486,74
63,0.8495879120879121,0.9475607956422495,0.0,2.5621621621621617,0.5534979423868313,2.8375859828927665,0.0,7.7621052631578955,0.02702702702702703,13.753049360169687,1.4838709677419355,81.56780487804878,1456,486,74
64,0.8399725274725275,0.766025781173952,0.0,2.449178082191781,0.5246913580246914,2.293817028499614,0.0,7.579473684210527,0.02702702702702703,9.66150831085774,1.3168421052631578,47.04341463414634,1456,486,74
65,0.8543956043956044,0.8688622805095689,0.0,2.965844155844156,0.5637860082304527,2.603011276588338,0.0,10.481463414634147,0.02702702702702703,11.376955540832798,2.268292682926829,48.65560975609756,1456,486,74
66,0.8440934065934066,0.9115496005131036,0.0,2.8769230769230774,0.5349794238683128,2.730343595839194,0.0,9.255806451612903,0.02702702702702703,12.721407882802533,2.5264516129032257,72.01463414634148,1456,486,74
67,0.8523351648351648,0.976975275680721,0.0,2.7073684210526316,0.5596707818930041,2.9263513798804506,0.0,8.35064935064935,0.05405405405405406,14.769448252337918,2.243620025673941,81.56780487804878,1456,486,74
68,0.8468406593406593,0.9721963155569119,0.0,2.7891780821917806,0.5432098765432098,2.911945134672559,0.0,11.346190476190477,0.02702702702702703,12.851325238776194,1.3669354838709677,84.83219512195123,1456,486,74
69,0.8516483516483516,0.6139706366982307,0.0,2.8769230769230774,0.5576131687242798,1.8388313091839363,0.0,8.355263157894736,0.05405405405405406,5.795990402382333,2.0422713414634144,25.752903225806453,1456,486,74
70,0.8461538461538461,1.2157853427037266,0.0,3.195161290322581,0.5390946502057613,3.642352796248202,0.0,12.985853658536586,0.04054054054054054,17.800598089943975,2.047195121951219,101.13707317073171,1456,486,74
71,0.8495879120879121,0.7758556399122238,0.0,2.7891780821917806,0.5534979423868313,2.3232661526208562,0.0,11.3275,0.05405405405405406,7.597771476125523,1.4838709677419355,47.70258064516129,1456,486,74
72,0.8440934065934066,0.6459413028600632,0.0,2.7115789473684213,0.5370370370370371,1.9340577683658242,0.0,7.7621052631578955,0.06756756756756757,6.5091931114951995,1.2573259762308997,40.28903225806452,1456,486,74
73,0.8592032967032966,0.8261704415222298,0.0,2.712702702702703,0.5843621399176955,2.4733604965388993,0.0,9.386493506493508,0.10810810810810811,10.575395718313464,1.131674347158218,46.450322580645164,1456,486,74
74,0.8379120879120879,0.5838502679190766,0.0,2.9625000000000004,0.5164609053497943,1.748594154981368,0.0,8.994736842105263,0.04054054054054054,4.873903209835107,1.515,13.420526315789475,1456,486,74
75,0.8495879120879121,1.023105192331294,0.0,2.7891780821917806,0.551440329218107,3.0644622634451935,0.0,9.88054054054054,0.04054054054054054,14.867276814512362,1.7228869047619049,83.2,1456,486,74
76,0.8516483516483516,0.5884486056264913,0.0,2.4170731707317072,0.5576131687242798,1.7623702449031697,0.0,7.194675324675325,0.06756756756756757,6.29601016653361,1.1690552995391705,26.989032258064515,1456,486,74
77,0.8365384615384616,0.8908463314572804,0.0,2.712702702702703,0.51440329218107,2.6676759831945875,0.0,9.386493506493508,0.04054054054054054,11.257401014469787,1.4929881154499152,72.01463414634148,1456,486,74
78,0.8557692307692307,0.746986779261435,0.0,2.555844155844156,0.5720164609053497,2.236689341225141,0.0,11.915263157894737,0.12162162162162163,8.319666748454795,1.0073170731707317,42.693548387096776,1456,486,74
79,0.8605769230769231,0.8669457632897144,0.0,2.555844155844156,0.588477366255144,2.5955186621632973,0.0,8.35064935064935,0.0945945945945946,11.42902941026665,1.2285714285714286,50.28780487804878,1456,486,74
80,0.8447802197802198,0.9299703097978245,0.0,2.4875,0.5411522633744856,2.784332941413932,0.0,11.346190476190477,0.06756756756756757,12.179177909602927,1.0086585365853658,65.95585365853658,1456,486,74
81,0.8379120879120879,0.6733152975692877,0.0,2.5621621621621617,0.5205761316872428,2.0154240981942824,0.0,7.422439024390243,0.05405405405405406,7.650252566989778,1.821173780487805,37.94451612903226,1456,486,74
82,0.8516483516483516,0.672950618174448,0.0,2.6054794520547944,0.5596707818930041,2.014885533524209,0.0,7.604545454545455,0.06756756756756757,7.332188124875607,1.4929881154499152,42.693548387096776,1456,486,74
83,0.864010989010989,0.9654164609627929,0.0,2.605,0.5987654320987654,2.8905255259740015,0.0,9.88054054054054,0.0945945945945946,13.823577515415662,1.8068610421836229,83.2,1456,486,74
84,0.8385989010989011,0.7478702450995232,0.0,2.9688311688311693,0.5205761316872428,2.23933610307752,0.0,8.309677419354838,0.02702702702702703,9.117173777522291,1.673048780487805,45.19806451612903,1456,486,74
85,0.8489010989010989,1.0535100329523814,0.0,2.8153658536585366,0.5493827160493827,3.155551662507546,0.0,11.871428571428572,0.05405405405405406,15.608214442878328,2.2320543293718167,81.56780487804878,1456,486,74
86,0.8516483516483516,0.6948397535220443,0.0,2.5774193548387094,0.5596707818930041,2.080462860820711,0.0,6.412432432432433,0.04054054054054054,8.77992094423018,1.4838709677419355,47.04341463414634,1456,486,74
87,0.845467032967033,0.9455005226830909,0.0,2.721578947368421,0.5411522633744856,2.8314136425048346,0.0,10.47857142857143,0.04054054054054054,12.961234685815855,1.937342549923195,78.31341463414635,1456,486,74
88,0.8543956043956044,1.0532091153806162,0.0,2.9625000000000004,0.565843621399177,3.1547391794751984,0.0,12.985853658536586,0.06756756756756757,14.63263341760702,1.6605059523809524,81.56780487804878,1456,486,74
89,0.8447802197802198,0.7962504371328994,0.0,3.121818181818182,0.5390946502057613,2.3843666150762144,0.0,8.35064935064935,0.08108108108108109,8.986782022856266,1.0073170731707317,48.65560975609756,1456,486,74
90,0.853021978021978,0.866653632878913,0.0,3.085844155844156,0.5617283950617284,2.595751418666044,0.0,11.348441558441559,0.08108108108108109,10.440587268062526,1.4838709677419355,50.28780487804878,1456,486,74
91,0.8489010989010989,0.997172291529157,0.0,3.4291891891891897,0.551440329218107,2.9863053393580063,0.0,11.894594594594595,0.02702702702702703,13.358518018086688,2.8577655389457117,72.01463414634148,1456,486,74
92,0.8537087912087912,0.7108751255072089,0.0,3.0374999999999996,0.565843621399177,2.128502987591081,0.0,7.422439024390243,0.04054054054054054,9.13108999263501,2.4228560188827695,47.70258064516129,1456,486,74
93,0.8523351648351648,1.0061431959717901,0.0,2.7115789473684213,0.5637860082304527,3.0125381312684465,0.0,9.88054054054054,0.08108108108108109,14.57402198054218,1.4929881154499152,84.83219512195123,1456,486,74
94,0.8427197802197802,0.8642348608105512,0.0,3.1402739726027393,0.5308641975308642,2.58859408759451,0.0,10.47857142857143,0.04054054054054054,10.72189834385254,2.268292682926829,65.95585365853658,1456,486,74
95,0.8475274725274725,0.8225263002277059,0.0,2.9625000000000004,0.5473251028806584,2.462997041897755,0.0,8.736341463414634,0.04054054054054054,10.116641563857469,2.268292682926829,46.450322580645164,1456,486,74
96,0.8523351648351648,1.06481306260345,0.0,3.124210526315789,0.5617283950617284,3.188860264159244,0.0,11.3275,0.04054054054054054,14.628922983794563,1.8146634615384616,84.83219512195123,1456,486,74
97,0.8557692307692307,0.9333029711579843,0.0,3.2039024390243904,0.5699588477366255,2.79551418773003,0.0,9.866315789473685,0.0,12.087571393423914,1.8068610421836229,65.95585365853658,1456,486,74
98,0.8406593406593407,0.7642338125656202,0.0,2.7115789473684213,0.5267489711934157,2.2883594656920003,0.0,5.7774193548387105,0.013513513513513514,9.15123105988957,1.0073170731707317,48.65560975609756,1456,486,74
99,0.8564560439560439,0.779393293714418,0.0,2.4573684210526316,0.5720164609053497,2.3343294972185036,0.0,7.550476190476191,0.08108108108108109,10.09485577976662,1.4838709677419355,48.65560975609756,1456,486,74
100,0.8475274725274725,0.9760566829760308,0.0,3.2742105263157892,0.5452674897119342,2.923599381983272,0.0,12.213809523809523,0.0945945945945946,12.313303229410574,1.3168421052631578,72.01463414634148,1456,486,74
101,0.8489010989010989,0.6263108892851013,0.0,2.9625000000000004,0.551440329218107,1.8751582798968653,0.0,7.7621052631578955,0.05405405405405406,6.4844212435672235,1.5123809523809524,40.28903225806452,1456,486,74
102,0.8495879120879121,0.8748824868869882,0.0,2.4875,0.551440329218107,2.620404117093529,0.0,8.843333333333334,0.04054054054054054,12.115506267631435,1.2455940204563336,78.31341463414635,1456,486,74
103,0.8571428571428571,0.5900462794935826,0.0,2.4328767123287673,0.5740740740740741,1.7671566917148671,0.0,6.790243902439025,0.06756756756756757,5.841930643990254,1.4838709677419355,13.475483870967743,1456,486,74
104,0.8592032967032966,0.8370176078563523,0.0,2.2968831168831167,0.5823045267489712,2.506500361111908,0.0,9.88054054054054,0.08108108108108109,10.958748562858231,1.4929881154499152,46.450322580645164,1456,486,74
105,0.8502747252747253,0.9466904959327727,0.0,2.7128571428571426,0.5555555555555556,2.834978665244622,0.0,12.213809523809523,0.04054054054054054,12.417623010185228,1.515,72.01463414634148,1456,486,74
106,0.8571428571428571,0.7378428409904372,0.0,2.7347619047619047,0.5761316872427984,2.209295155787748,0.0,7.7621052631578955,0.05405405405405406,9.309875346831898,1.4838709677419355,47.70258064516129,1456,486,74
107,0.8502747252747253,0.8514699528842317,0.0,3.2039024390243904,0.5534979423868313,2.550351894300845,0.0,10.47857142857143,0.02702702702702703,9.96966339079043,1.761935483870968,45.19806451612903,1456,486,74
108,0.8434065934065934,0.735743214411456,0.0,2.704805194805195,0.5349794238683128,2.203004916489401,0.0,8.0475,0.013513513513513514,8.525647409338996,1.5330645161290322,42.693548387096776,1456,486,74
109,0.8509615384615384,0.6295792674673496,0.0,2.4587804878048782,0.5576131687242798,1.8850389956666656,0.0,5.7774193548387105,0.013513513513513514,6.742419402885468,1.4943164362519201,40.28903225806452,1456,486,74
110,0.8516483516483516,0.8877845319845499,0.0,2.555844155844156,0.5617283950617284,2.6579492119980315,0.0,8.994736842105263,0.02702702702702703,12.623439497464794,1.642928692699491,75.1290243902439,1456,486,74
111,0.8440934065934066,0.7354064236248696,0.0,3.1031578947368423,0.5390946502057613,2.201441957323763,0.0,7.422439024390243,0.02702702702702703,8.356675070408999,1.4838709677419355,45.19806451612903,1456,486,74
112,0.8440934065934066,0.8078038882594355,0.0,3.129189189189189,0.5390946502057613,2.4183364192742314,0.0,8.309677419354838,0.013513513513513514,9.942666869255289,1.8806803594351733,47.04341463414634,1456,486,74
113,0.842032967032967,0.8487372435580752,0.0,2.596842105263158,0.5288065843621399,2.542165012039767,0.0,8.355263157894736,0.013513513513513514,10.645417666496334,1.3669354838709677,45.19806451612903,1456,486,74
114,0.8564560439560439,0.8870228114495526,0.0,3.244634146341463,0.5740740740740741,2.656221157821642,0.0,11.348441558441559,0.08108108108108109,10.514541703743534,1.587826420890937,48.65560975609756,1456,486,74
115,0.8509615384615384,0.8577016228545079,0.0,2.511578947368421,0.5576131687242798,2.568378255364059,0.0,9.2725,0.05405405405405406,11.021576371294037,1.4838709677419355,47.04341463414634,1456,486,74
116,0.8406593406593407,0.8393192794274925,0.0,3.085844155844156,0.5246913580246914,2.513949876702054,0.0,13.420526315789475,0.05405405405405406,9.333920838455057,1.5413157894736844,42.693548387096776,1456,486,74
117,0.8399725274725275,0.9014687210866584,0.0,2.862876712328767,0.522633744855967,2.700142442660378,0.0,9.866315789473685,0.013513513513513514,11.110735276513234,1.4838709677419355,78.31341463414635,1456,486,74
118,0.8468406593406593,0.8808623810191609,0.0,2.6028571428571428,0.5452674897119342,2.6378542494350548,0.0,11.894594594594595,0.04054054054054054,10.884891773078655,1.4838709677419355,50.28780487804878,1456,486,74
119,0.845467032967033,0.7661394149541687,0.0,2.712702702702703,0.5411522633744856,2.294068430872508,0.0,8.994736842105263,0.05405405405405406,9.202862015775128,1.5960776942355892,47.04341463414634,1456,486,74
120,0.8489010989010989,0.9954240621847275,0.0,3.2039024390243904,0.551440329218107,2.9809788143451286,0.0,11.346190476190477,0.02702702702702703,13.715702744386956,2.268292682926829,75.1290243902439,1456,486,74
121,0.8413461538461539,0.7603501432527201,0.0,2.8153658536585366,0.5308641975308642,2.2761704671553473,0.0,11.346190476190477,0.02702702702702703,8.967001176013584,1.829244482173175,43.86121951219513,1456,486,74
122,0.8578296703296703,0.5308355312770577,0.0,2.4242857142857144,0.5802469135802469,1.588571135804392,0.0,6.178048780487805,0.12162162162162163,6.344674609798114,1.5019354838709678,26.989032258064515,1456,486,74
123,0.8523351648351648,0.8418074371543098,0.0,2.96,0.5596707818930041,2.5213150792112655,0.0,9.255806451612903,0.04054054054054054,10.455254317465487,1.2455940204563336,50.28780487804878,1456,486,74
124,0.8523351648351648,0.8627986111224485,0.0,2.805,0.5637860082304527,2.5830942721313237,0.0,12.213809523809523,0.06756756756756757,10.890415643267133,1.7278106852497097,45.19806451612903,1456,486,74
125,0.8509615384615384,0.8931387265604499,0.0,2.704805194805195,0.5576131687242798,2.6746327661184233,0.0,7.579473684210527,0.06756756756756757,12.30069848814419,2.077105263157895,65.95585365853658,1456,486,74
126,0.8509615384615384,1.0220628435926298,0.0,3.195161290322581,0.5555555555555556,3.0614285380692143,0.0,11.346190476190477,0.013513513513513514,14.390162263420603,1.821173780487805,84.83219512195123,1456,486,74
127,0.8523351648351648,0.8442024115961982,0.0,2.7891780821917806,0.5637860082304527,2.52738220112264,0.0,10.42,0.06756756756756757,10.54844696992198,1.6603225806451614,48.65560975609756,1456,486,74
128,0.8468406593406593,0.9250444621179841,0.0,3.121818181818182,0.5411522633744856,2.7713266190201336,0.0,11.3275,0.013513513513513514,12.278993996067685,1.5123809523809524,78.31341463414635,1456,486,74
129,0.8489010989010989,0.7767656278364488,0.0,2.50987012987013,0.5493827160493827,2.326457313024423,0.0,7.198947368421052,0.08108108108108109,9.719802531624165,1.3669354838709677,45.19806451612903,1456,486,74
130,0.8434065934065934,1.2050635577354651,0.0,3.0580952380952375,0.5370370370370371,3.608480614247687,0.0,12.97162162162162,0.04054054054054054,17.776269811242326,2.268292682926829,84.83219512195123,1456,486,74
131,0.8468406593406593,0.6765802574414536,0.0,2.97125,0.5452674897119342,2.0257595145381186,0.0,9.2725,0.08108108108108109,7.708282959251504,2.268292682926829,40.28903225806452,1456,486,74
132,0.8434065934065934,0.7112405941114727,0.0,2.9688311688311693,0.5349794238683128,2.129686920756878,0.0,7.198947368421052,0.05405405405405406,8.004075264922117,1.4838709677419355,45.19806451612903,1456,486,74
133,0.8571428571428571,0.719654014429369,0.0,2.5621621621621617,0.5781893004115226,2.1542495544664604,0.0,7.604545454545455,0.04054054054054054,8.484790066221777,1.0073170731707317,43.86121951219513,1456,486,74
134,0.8592032967032966,0.7954555110842327,0.0,3.087894736842106,0.5843621399176955,2.3813421041155993,0.0,6.790243902439025,0.06756756756756757,10.861636838290218,2.256726986624705,65.95585365853658,1456,486,74
135,0.8537087912087912,0.8560306422730745,0.0,2.70987012987013,0.565843621399177,2.563372190083057,0.0,6.924675324675325,0.0,11.947290017303864,2.268292682926829,65.95585365853658,1456,486,74
136,0.845467032967033,0.8195045231020447,0.0,3.164878048780488,0.5411522633744856,2.453944145817585,0.0,8.355263157894736,0.13513513513513514,10.03060799045863,1.1925604838709678,65.95585365853658,1456,486,74
137,0.8509615384615384,0.6733425814698929,0.0,2.605,0.5576131687242798,2.016059810392867,0.0,7.5875,0.12162162162162163,8.142534638432917,1.0073170731707317,40.28903225806452,1456,486,74
138,0.8475274725274725,0.7891949381943235,0.0,2.9625000000000004,0.5473251028806584,2.363140121896511,0.0,8.994736842105263,0.05405405405405406,9.443138630403036,1.6816383701188458,40.28903225806452,1456,486,74
139,0.8571428571428571,1.065161914317302,0.0,3.2039024390243904,0.5761316872427984,3.1899944150360695,0.0,10.481463414634147,0.05405405405405406,15.355421201650833,1.4929881154499152,101.13707317073171,1456,486,74
140,0.8475274725274725,0.7486775102547192,0.0,2.268292682926829,0.5432098765432098,2.242951553355702,0.0,8.736341463414634,0.02702702702702703,9.19953451294612,1.3168421052631578,47.04341463414634,1456,486,74
141,0.8523351648351648,0.9153546688312444,0.0,2.9796774193548385,0.5617283950617284,2.741189169300062,0.0,11.348441558441559,0.05405405405405406,12.088322140014473,1.821173780487805,84.83219512195123,1456,486,74
142,0.8605769230769231,0.9546173913334666,0.0,2.596842105263158,0.5843621399176955,2.8592807032541714,0.0,11.915263157894737,0.06756756756756757,13.112561586112587,1.7746616837136115,81.56780487804878,1456,486,74
143,0.8489010989010989,0.9213821113643442,0.0,2.5621621621621617,0.5534979423868313,2.7586036884938756,0.0,8.843333333333334,0.12162162162162163,12.148161774330639,1.3455069124423964,75.1290243902439,1456,486,74
144,0.8502747252747253,0.9699259585824307,0.0,2.6086486486486486,0.5555555555555556,2.904589434005737,0.0,8.736341463414634,0.05405405405405406,13.686674218908836,1.258032581453634,84.83219512195123,1456,486,74
145,0.8372252747252747,0.8689695342789886,0.0,3.377741935483871,0.5164609053497943,2.6021356196316394,0.0,8.736341463414634,0.04054054054054054,10.840424239544959,2.077105263157895,50.28780487804878,1456,486,74
146,0.8509615384615384,0.8173635899981386,0.0,2.268292682926829,0.5555555555555556,2.448084129706358,0.0,9.255806451612903,0.05405405405405406,10.877590667742691,1.937342549923195,65.95585365853658,1456,486,74
147,0.8440934065934066,0.9520428151682825,0.0,2.7347619047619047,0.5370370370370371,2.8511026282850986,0.0,10.47857142857143,0.05405405405405406,12.774897693065967,1.4838709677419355,72.01463414634148,1456,486,74
148,0.8557692307692307,1.122826928531113,0.0,3.5848051948051953,0.5720164609053497,3.3626631217532297,0.0,13.420526315789475,0.10810810810810811,15.78855247283658,2.9698780487804877,83.2,1456,486,74
149,0.8502747252747253,0.9069524157376859,0.0,3.0580952380952375,0.5555555555555556,2.71592795585358,0.0,10.481463414634147,0.02702702702702703,12.000364435797477,1.4943164362519201,78.31341463414635,1456,486,74
150,0.8537087912087912,0.8671041481760899,0.0,2.6028571428571428,0.5679012345679012,2.5959931650327683,0.0,9.859480519480519,0.05405405405405406,11.026665514044106,1.0073170731707317,72.01463414634148,1456,486,74
151,0.845467032967033,0.576697079098903,0.0,2.50987012987013,0.5390946502057613,1.7270749941728454,0.0,7.7621052631578955,0.0945945945945946,5.613903318942141,1.1955006418485237,31.990243902439026,1456,486,74
152,0.8427197802197802,0.876565707437125,0.0,2.8769230769230774,0.5349794238683128,2.6243389063580094,0.0,8.309677419354838,0.04054054054054054,11.191006109746896,1.5034335839598998,65.95585365853658,1456,486,74
153,0.8489010989010989,0.7313798708002279,0.0,3.164878048780488,0.551440329218107,2.190021873141297,0.0,8.957073170731707,0.02702702702702703,7.912175579680548,2.0422713414634144,46.450322580645164,1456,486,74
154,0.8489010989010989,0.931687180638078,0.0,2.9625000000000004,0.551440329218107,2.7900304613987874,0.0,9.386493506493508,0.06756756756756757,12.448395981012292,1.1697619047619048,78.31341463414635,1456,486,74
155,0.8406593406593407,0.7795939959847418,0.0,2.97125,0.5246913580246914,2.3350198094332373,0.0,8.355263157894736,0.04054054054054054,9.225967602220164,1.4943164362519201,42.693548387096776,1456,486,74
156,0.8523351648351648,0.8807264914506815,0.0,2.9625000000000004,0.5596707818930041,2.6379120813831114,0.0,8.309677419354838,0.02702702702702703,12.027879113323644,1.515,81.56780487804878,1456,486,74
157,0.8351648351648352,0.8558101961267204,0.0,3.1031578947368423,0.5102880658436214,2.5628007901688137,0.0,10.481463414634147,0.02702702702702703,11.220732719038006,1.821173780487805,47.70258064516129,1456,486,74
158,0.8502747252747253,0.9109512580287984,0.0,2.7891780821917806,0.5534979423868313,2.7285510307010283,0.0,10.42,0.04054054054054054,12.361395827209371,2.3041463414634142,72.01463414634148,1456,486,74
159,0.845467032967033,0.6631731692168273,0.0,2.605,0.5432098765432098,1.9850394502906152,0.0,6.924675324675325,0.04054054054054054,7.617456262153713,1.4838709677419355,45.19806451612903,1456,486,74
160,0.8489010989010989,0.8591218107992238,0.0,2.475483870967742,0.5534979423868313,2.5720790020271775,0.0,11.3275,0.02702702702702703,11.536299344048707,2.243620025673941,65.95585365853658,1456,486,74
161,0.8495879120879121,0.8088501139214642,0.0,2.7073684210526316,0.5534979423868313,2.422024763581114,0.0,7.579473684210527,0.05405405405405406,10.552735452494733,1.4838709677419355,48.65560975609756,1456,486,74
162,0.8523351648351648,0.97099340216298,0.0,3.1031578947368423,0.5596707818930041,2.9084303760906756,0.0,13.420526315789475,0.04054054054054054,12.708369732129569,2.016012145748988,50.28780487804878,1456,486,74
163,0.8495879120879121,0.8195370886606358,0.0,2.557894736842105,0.551440329218107,2.45468471259394,0.0,8.046486486486486,0.05405405405405406,10.60914423340678,1.4838709677419355,72.01463414634148,1456,486,74
164,0.8543956043956044,1.1411507479136165,0.0,2.862876712328767,0.5679012345679012,3.417559173236615,0.0,13.420526315789475,0.04054054054054054,17.293609330427678,2.8058424908424913,101.13707317073171,1456,486,74
165,0.8475274725274725,0.7397237629574385,0.0,2.96,0.5493827160493827,2.21437620849294,0.0,8.957073170731707,0.05405405405405406,9.180194704939078,2.268292682926829,47.70258064516129,1456,486,74
166,0.8557692307692307,0.8111292975590096,0.0,3.0374999999999996,0.5720164609053497,2.4288529351372166,0.0,8.355263157894736,0.04054054054054054,10.814921448344496,1.8084475806451614,65.95585365853658,1456,486,74
167,0.8489010989010989,0.7865254762305788,0.0,2.805,0.5534979423868313,2.3545887486692614,0.0,8.736341463414634,0.04054054054054054,9.769183328740194,1.613993855606759,45.19806451612903,1456,486,74
168,0.8537087912087912,0.9963692866815552,0.0,3.129189189189189,0.565843621399177,2.9838105980228673,0.0,10.47857142857143,0.06756756756756757,13.710760165669118,2.268292682926829,78.31341463414635,1456,486,74
169,0.8592032967032966,0.7724649012391501,0.0,2.2984210526315794,0.5781893004115226,2.3142158358111162,0.0,8.35064935064935,0.10810810810810811,9.477379023915475,1.0073170731707317,48.65560975609756,1456,486,74
170,0.8434065934065934,0.8190960845352844,0.0,2.7128571428571426,0.5329218106995884,2.4533635150496775,0.0,8.843333333333334,0.02702702702702703,10.744229928573924,1.821173780487805,47.70258064516129,1456,486,74
171,0.842032967032967,0.6039614330046819,0.0,2.70987012987013,0.5308641975308642,1.80820188412672,0.0,8.994736842105263,0.05405405405405406,5.589331952267296,1.258032581453634,26.989032258064515,1456,486,74
172,0.8440934065934066,0.8799115107921713,0.0,2.7073684210526316,0.5390946502057613,2.634362547685062,0.0,8.957073170731707,0.02702702702702703,11.187050218135356,1.4838709677419355,72.01463414634148,1456,486,74
173,0.8537087912087912,0.8907012579911049,0.0,2.604736842105263,0.5637860082304527,2.6677953325824046,0.0,7.550476190476191,0.06756756756756757,12.385683110393916,1.0086585365853658,83.2,1456,486,74
174,0.8434065934065934,0.9124786537501257,0.0,2.862876712328767,0.5370370370370371,2.731929955394489,0.0,8.957073170731707,0.12162162162162163,11.276583181791317,1.0073170731707317,78.31341463414635,1456,486,74
175,0.8523351648351648,0.9448723189487621,0.0,3.0580952380952375,0.5617283950617284,2.829620647841432,0.0,13.477500000000001,0.04054054054054054,12.03342048787207,2.3041463414634142,48.65560975609756,1456,486,74
176,0.845467032967033,1.0017263884201655,0.0,2.7128571428571426,0.5390946502057613,3.000413830328726,0.0,11.348441558441559,0.08108108108108109,13.21334862847762,1.7150844854070662,78.31341463414635,1456,486,74
177,0.8489010989010989,0.7231776627785753,0.0,2.862876712328767,0.5493827160493827,2.1659139444559785,0.0,7.757662337662337,0.05405405405405406,7.983795737602987,1.1955006418485237,40.7690243902439,1456,486,74
178,0.8489010989010989,0.8088517180267202,0.0,2.492857142857143,0.5534979423868313,2.4214755965194303,0.0,8.046486486486486,0.02702702702702703,10.263572008489035,1.642928692699491,48.65560975609756,1456,486,74
179,0.8413461538461539,0.6990705866151441,0.0,2.862876712328767,0.5288065843621399,2.0931379492642366,0.0,8.843333333333334,0.013513513513513514,8.11874840360598,1.4929881154499152,40.7690243902439,1456,486,74
180,0.8365384615384616,0.7588034071724635,0.0,2.96,0.5164609053497943,2.2715366240836325,0.0,8.35064935064935,0.013513513513513514,8.79396729420232,1.821173780487805,40.7690243902439,1456,486,74
181,0.8543956043956044,0.799440821276637,0.0,2.4573684210526316,0.5699588477366255,2.393281634239345,0.0,7.550476190476191,0.02702702702702703,11.148141159324878,2.268292682926829,48.65560975609756,1456,486,74
182,0.8489010989010989,0.7580920321190442,0.0,2.4573684210526316,0.551440329218107,2.269959399168925,0.0,7.194675324675325,0.013513513513513514,10.037787626351957,1.7746616837136115,50.28780487804878,1456,486,74
183,0.8550824175824175,0.9981822114060804,0.0,2.268292682926829,0.5679012345679012,2.9898849157160954,0.0,11.871428571428572,0.02702702702702703,13.681944271149518,1.5336967418546368,75.1290243902439,1456,486,74
184,0.8509615384615384,0.843795196776317,0.0,2.4875,0.5576131687242798,2.5268052365593747,0.0,7.419677419354839,0.05405405405405406,11.356571388436295,1.4838709677419355,48.65560975609756,1456,486,74
185,0.8427197802197802,1.078379931530859,0.0,3.222876712328768,0.5308641975308642,3.2300590129813394,0.0,12.270731707317072,0.02702702702702703,14.252954946429934,1.971086587436333,84.83219512195123,1456,486,74
186,0.8413461538461539,0.7986049697985197,0.0,2.7358536585365854,0.5288065843621399,2.391420523638237,0.0,8.994736842105263,0.04054054054054054,9.89655777641463,1.4838709677419355,45.19806451612903,1456,486,74
187,0.8502747252747253,0.9593206199099041,0.0,2.511578947368421,0.5534979423868313,2.8734600654724067,0.0,10.42,0.04054054054054054,13.556867832057591,1.7150844854070662,81.56780487804878,1456,486,74
188,0.8502747252747253,0.9345079186865529,0.0,2.555844155844156,0.5576131687242798,2.7979270947925095,0.0,8.843333333333334,0.06756756756756757,13.588424127311503,1.7697379032258067,83.2,1456,486,74
189,0.8406593406593407,0.627229204181953,0.0,2.604736842105263,0.5246913580246914,1.8784634182899662,0.0,6.924675324675325,0.05405405405405406,5.980661410285231,1.0073170731707317,24.526774193548388,1456,486,74
190,0.8502747252747253,0.7928035456502862,0.0,2.604736842105263,0.5555555555555556,2.3739510940279547,0.0,8.65,0.13513513513513514,9.705944414109632,1.0704838709677418,47.70258064516129,1456,486,74
191,0.8489010989010989,0.6683105295139316,0.0,2.596842105263158,0.5493827160493827,2.00162736667295,0.0,7.419677419354839,0.05405405405405406,7.780012257693424,1.4838709677419355,33.435483870967744,1456,486,74
192,0.8516483516483516,0.7455406028173152,0.0,2.70987012987013,0.5617283950617284,2.231802790459978,0.0,9.386493506493508,0.04054054054054054,8.448323796156911,1.4337775891341256,47.04341463414634,1456,486,74
193,0.842032967032967,0.8987110246921314,0.0,2.96,0.5288065843621399,2.691880702021631,0.0,10.47857142857143,0.04054054054054054,11.364607224130264,1.2954135338345865,50.28780487804878,1456,486,74
194,0.8585164835164835,0.8603926367367362,0.0,3.087894736842106,0.5802469135802469,2.576440222879541,0.0,10.47857142857143,0.04054054054054054,10.642497502580659,2.243620025673941,48.65560975609756,1456,486,74
195,0.8482142857142857,0.8754797356238262,0.0,3.2039024390243904,0.5493827160493827,2.6216394327141153,0.0,9.88054054054054,0.04054054054054054,11.064643488422734,2.268292682926829,48.65560975609756,1456,486,74
196,0.8461538461538461,0.9309956824489091,0.0,3.2424999999999997,0.5452674897119342,2.7874048397266464,0.0,12.985853658536586,0.04054054054054054,11.993980662574756,2.256726986624705,46.450322580645164,1456,486,74
197,0.8516483516483516,1.0294539931403854,0.0,2.712702702702703,0.5617283950617284,3.082374593567777,0.0,12.113658536585366,0.05405405405405406,14.45674625584979,1.6603225806451614,83.2,1456,486,74
198,0.8502747252747253,0.8655825584703499,0.0,2.7347619047619047,0.5555555555555556,2.5920776617168064,0.0,8.736341463414634,0.05405405405405406,11.340266272522241,2.077105263157895,78.31341463414635,1456,486,74
199,0.8475274725274725,0.9874681521954609,0.0,2.7128571428571426,0.5432098765432098,2.958340801639076,0.0,13.475483870967743,0.05405405405405406,12.999254288462174,1.7681513647642682,75.1290243902439,1456,486,74
200,0.8502747252747253,0.8562814708718817,0.0,2.96,0.5576131687242798,2.563569670886827,0.0,8.0475,0.05405405405405406,10.837734392837218,1.3669354838709677,50.28780487804878,1456,486,74
201,0.842032967032967,0.8540780500067364,0.0,2.7347619047619047,0.5329218106995884,2.5569684758669684,0.0,7.7621052631578955,0.02702702702702703,11.551282481883698,1.587826420890937,75.1290243902439,1456,486,74
202,0.853021978021978,1.1785174717762088,0.0,3.2039024390243904,0.5617283950617284,3.530059545074403,0.0,12.97162162162162,0.02702702702702703,17.253607709185246,2.243620025673941,101.13707317073171,1456,486,74
203,0.8475274725274725,1.0133668600318044,0.0,3.302380952380952,0.5473251028806584,3.0348224005511226,0.0,10.47857142857143,0.05405405405405406,13.351368435732619,1.7681513647642682,65.95585365853658,1456,486,74
204,0.8619505494505495,0.8369510464461674,0.0,2.4573684210526316,0.588477366255144,2.5068549235728166,0.0,9.866315789473685,0.0945945945945946,11.382947333534883,1.4838709677419355,65.95585365853658,1456,486,74
205,0.8550824175824175,0.8941268564817039,0.0,2.7073684210526316,0.5699588477366255,2.677504058164877,0.0,8.65,0.06756756756756757,11.957463574543862,2.090212224108659,81.56780487804878,1456,486,74
206,0.845467032967033,1.1839239784945785,0.0,3.335844155844156,0.5432098765432098,3.545148870678281,0.0,12.270731707317072,0.04054054054054054,16.710017526469347,2.0225224646983313,84.83219512195123,1456,486,74
207,0.8592032967032966,0.7585109289393743,0.0,2.6028571428571428,0.5823045267489712,2.2713033971137193,0.0,8.843333333333334,0.06756756756756757,8.996651841172268,1.6589194139194139,47.04341463414634,1456,486,74
208,0.8385989010989011,0.8820834535005608,0.0,3.222876712328768,0.5185185185185185,2.642066414665814,0.0,9.859480519480519,0.04054054054054054,10.13143414509848,2.2320543293718167,78.31341463414635,1456,486,74
209,0.845467032967033,0.8679641425924757,0.0,2.966842105263158,0.5390946502057613,2.599677554762643,0.0,9.386493506493508,0.02702702702702703,10.902100492329023,1.587826420890937,72.01463414634148,1456,486,74
210,0.845467032967033,0.6609022788194461,0.0,2.557894736842105,0.5432098765432098,1.9782361243264441,0.0,7.604545454545455,0.08108108108108109,7.268724029769,1.4838709677419355,43.86121951219513,1456,486,74
211,0.8537087912087912,0.929690553714579,0.0,2.6028571428571428,0.565843621399177,2.7840487971999925,0.0,11.878947368421054,0.06756756756756757,12.34006589429156,1.6527035330261137,78.31341463414635,1456,486,74
212,0.8482142857142857,0.6947880201919242,0.0,2.6028571428571428,0.5493827160493827,2.080307873724714,0.0,7.604545454545455,0.05405405405405406,7.482744895873389,1.069849012775842,37.754634146341466,1456,486,74
213,0.8502747252747253,0.924620681626755,0.0,2.7358536585365854,0.5534979423868313,2.7694140173838586,0.0,7.7621052631578955,0.06756756756756757,12.727412529529232,1.4838709677419355,75.1290243902439,1456,486,74
214,0.8495879120879121,0.6971104285353451,0.0,2.966842105263158,0.5555555555555556,2.0867115687428,0.0,8.046486486486486,0.04054054054054054,7.932788372242517,1.87417004048583,40.28903225806452,1456,486,74
215,0.8440934065934066,0.8683894409067971,0.0,2.555844155844156,0.5329218106995884,2.6015947036220095,0.0,8.994736842105263,0.06756756756756757,10.96299506361274,1.3081259600614439,48.65560975609756,1456,486,74
216,0.8509615384615384,0.846718448846203,0.0,3.0580952380952375,0.5596707818930041,2.534919958809897,0.0,9.88054054054054,0.02702702702702703,10.654262817035889,2.268292682926829,46.450322580645164,1456,486,74
217,0.8578296703296703,0.8689538803601594,0.0,2.425844155844156,0.5761316872427984,2.6027317264097967,0.0,9.859480519480519,0.06756756756756757,11.215361577076866,1.3455069124423964,81.56780487804878,1456,486,74
218,0.8440934065934066,0.8349966471285788,0.0,2.7891780821917806,0.5370370370370371,2.5004457956394015,0.0,8.0475,0.02702702702702703,10.997877875855718,1.7406960950764006,47.70258064516129,1456,486,74
219,0.8489010989010989,0.9588945918642934,0.0,2.50987012987013,0.5534979423868313,2.870986757645987,0.0,9.2725,0.06756756756756757,13.304928050028495,1.0691424075531077,75.1290243902439,1456,486,74
220,0.8605769230769231,0.6030333388865906,0.0,2.7115789473684213,0.5843621399176955,1.806064425205031,0.0,7.550476190476191,0.02702702702702703,7.413456901429255,1.8195872420262664,26.989032258064515,1456,486,74
221,0.853021978021978,0.993119156978142,0.0,3.1402739726027393,0.5637860082304527,2.974162615271015,0.0,8.35064935064935,0.06756756756756757,13.523013888881886,2.077105263157895,84.83219512195123,1456,486,74
222,0.8523351648351648,0.9090459012288779,0.0,2.8153658536585366,0.5617283950617284,2.722199797160526,0.0,8.736341463414634,0.04054054054054054,12.059931660230431,1.4838709677419355,84.83219512195123,1456,486,74
223,0.8502747252747253,0.9424615611592075,0.0,2.862876712328767,0.5576131687242798,2.8217552911714914,0.0,11.894594594594595,0.12162162162162163,12.181578912837375,1.4943164362519201,47.70258064516129,1456,486,74
224,0.842032967032967,0.8216475624622572,0.0,2.97125,0.5329218106995884,2.45981047203001,0.0,9.88054054054054,0.013513513513513514,9.685333098316738,1.5747619047619048,40.28903225806452,1456,486,74
225,0.8461538461538461,0.8991272178030322,0.0,2.605,0.5452674897119342,2.6919305917340606,0.0,9.255806451612903,0.05405405405405406,11.431851660687716,1.4838709677419355,81.56780487804878,1456,486,74
226,0.8502747252747253,0.9514255091631391,0.0,2.712702702702703,0.5555555555555556,2.8491642192845674,0.0,9.255806451612903,0.05405405405405406,13.027549204169407,1.5123809523809524,101.13707317073171,1456,486,74
227,0.8440934065934066,0.8503898130176262,0.0,2.6054794520547944,0.5349794238683128,2.547115919721055,0.0,7.604545454545455,0.10810810810810811,11.00179876841206,1.131674347158218,48.65560975609756,1456,486,74
228,0.8626373626373627,0.9241223884852269,0.0,2.721578947368421,0.5925925925925926,2.767367215772139,0.0,8.046486486486486,0.10810810810810811,12.805754183483902,1.761935483870968,81.56780487804878,1456,486,74
229,0.8447802197802198,0.738547270667712,0.0,2.7073684210526316,0.5390946502057613,2.211405545932012,0.0,8.65,0.04054054054054054,8.706118542494195,1.4943164362519201,48.65560975609756,1456,486,74
230,0.8502747252747253,0.9238225598063282,0.0,3.0580952380952375,0.551440329218107,2.7676659404897404,0.0,11.3275,0.06756756756756757,11.556520775898857,1.515,50.28780487804878,1456,486,74
231,0.8502747252747253,0.8301572403526156,0.0,2.805,0.5555555555555556,2.4859474905657346,0.0,9.859480519480519,0.02702702702702703,10.511979666946617,1.642258064516129,46.450322580645164,1456,486,74
232,0.8427197802197802,0.9772378696381997,0.0,2.70987012987013,0.5329218106995884,2.9264950770040907,0.0,11.871428571428572,0.013513513513513514,13.308174164649717,1.0073170731707317,78.31341463414635,1456,486,74
233,0.8557692307692307,0.7879026386568901,0.0,2.96,0.5740740740740741,2.3587145686131077,0.0,10.481463414634147,0.04054054054054054,8.683267689596187,1.4838709677419355,40.28903225806452,1456,486,74
234,0.8578296703296703,0.9015161930831501,0.0,2.9625000000000004,0.5802469135802469,2.6990876864004223,0.0,10.47857142857143,0.08108108108108109,11.995276132277096,2.090212224108659,78.31341463414635,1456,486,74
235,0.8495879120879121,0.8662986115292197,0.0,2.712702702702703,0.5555555555555556,2.593579870057783,0.0,8.957073170731707,0.04054054054054054,11.211563407083693,1.4838709677419355,47.70258064516129,1456,486,74
236,0.8592032967032966,0.8681659353526924,0.0,2.7347619047619047,0.5823045267489712,2.5998171611832475,0.0,11.915263157894737,0.05405405405405406,11.456231240075164,2.6494991511035653,47.04341463414634,1456,486,74
237,0.8489010989010989,0.8364974817287976,0.0,2.555844155844156,0.551440329218107,2.504853091826951,0.0,7.198947368421052,0.05405405405405406,11.67673805675713,1.2469354838709676,78.31341463414635,1456,486,74
238,0.8557692307692307,0.8620727063359411,0.0,2.604736842105263,0.5699588477366255,2.582027490586688,0.0,7.579473684210527,0.0945945945945946,11.70629330658615,1.4929881154499152,48.65560975609756,1456,486,74
239,0.8564560439560439,0.9685719463054511,0.0,2.70987012987013,0.5740740740740741,2.9005329692417816,0.0,11.894594594594595,0.04054054054054054,13.69481994778992,2.256726986624705,81.56780487804878,1456,486,74
240,0.842032967032967,0.7279730834398485,0.0,2.557894736842105,0.5329218106995884,2.1791725266460036,0.0,8.046486486486486,0.06756756756756757,8.39517333144432,1.4337775891341256,45.19806451612903,1456,486,74
241,0.8537087912087912,0.662792176428744,0.0,2.70987012987013,0.5679012345679012,1.9838980397979211,0.0,8.843333333333334,0.10810810810810811,7.577459916269546,1.5543803056027166,47.04341463414634,1456,486,74
242,0.853021978021978,0.7775342629748878,0.0,3.121818181818182,0.5637860082304527,2.328206082555979,0.0,10.42,0.06756756756756757,9.505410152979566,2.268292682926829,47.70258064516129,1456,486,74
243,0.8557692307692307,0.9747005921450074,0.0,3.168780487804878,0.5720164609053497,2.918893685995679,0.0,9.88054054054054,0.06756756756756757,13.636053836555359,1.8941463414634145,84.83219512195123,1456,486,74
244,0.853021978021978,0.920150481215923,0.0,2.7347619047619047,0.5637860082304527,2.755556870600664,0.0,9.866315789473685,0.06756756756756757,12.331551181564071,1.4838709677419355,65.95585365853658,1456,486,74
245,0.8646978021978022,0.8277207678522357,0.0,2.4573684210526316,0.5967078189300411,2.4792020724765935,0.0,9.88054054054054,0.04054054054054054,11.519624486934314,1.4838709677419355,50.28780487804878,1456,486,74
246,0.845467032967033,1.0633960404371199,0.0,2.9796774193548385,0.5411522633744856,3.1846150290271935,0.0,11.871428571428572,0.04054054054054054,14.68169543013561,1.1072299651567945,84.83219512195123,1456,486,74
247,0.853021978021978,0.8021005218315199,0.0,2.6028571428571428,0.5637860082304527,2.4018037634104163,0.0,9.255806451612903,0.0945945945945946,9.9612162375467,1.7681513647642682,46.450322580645164,1456,486,74
248,0.8564560439560439,0.7439743986924716,0.0,2.805,0.5740740740740741,2.2276645961461066,0.0,11.346190476190477,0.04054054054054054,8.722467671841844,1.6665384615384615,45.19806451612903,1456,486,74
249,0.8461538461538461,0.6617239854085897,0.0,2.8769230769230774,0.5452674897119342,1.9806978625852778,0.0,8.994736842105263,0.04054054054054054,6.783266050151739,1.4838709677419355,22.134516129032257,1456,486,74
250,0.845467032967033,0.8164674318528127,0.0,2.805,0.5390946502057613,2.4453993431639818,0.0,8.309677419354838,0.06756756756756757,10.696250924531132,1.7150844854070662,65.95585365853658,1456,486,74
251,0.8447802197802198,0.6902780925539327,0.0,2.9688311688311693,0.5411522633744856,2.0662426774075398,0.0,7.604545454545455,0.02702702702702703,7.863310190248702,1.4838709677419355,37.754634146341466,1456,486,74
252,0.8502747252747253,1.0342924298476832,0.0,3.085844155844156,0.5555555555555556,3.097512996542727,0.0,10.481463414634147,0.02702702702702703,14.96919651202295,1.8806803594351733,83.2,1456,486,74
253,0.8516483516483516,1.1618214764603902,0.0,2.6054794520547944,0.5555555555555556,3.4806832710418276,0.0,13.420526315789475,0.02702702702702703,17.85097554151904,1.4943164362519201,101.13707317073171,1456,486,74
254,0.8427197802197802,0.7576288576097321,0.0,2.6054794520547944,0.5329218106995884,2.2686608130479597,0.0,8.35064935064935,0.0945945945945946,8.572172778758507,1.4929881154499152,46.450322580645164,1456,486,74
255,0.845467032967033,0.9338098959422809,0.0,3.1402739726027393,0.5390946502057613,2.7969438446336645,0.0,11.348441558441559,0.013513513513513514,12.062892192641742,1.4929881154499152,81.56780487804878,1456,486,74
256,0.8557692307692307,0.6498829550181552,0.0,2.966842105263158,0.5699588477366255,1.9464204768255209,0.0,8.0475,0.0,6.693962565035151,1.6763748079877114,31.990243902439026,1456,486,74
257,0.8523351648351648,0.9317920039567306,0.0,2.596842105263158,0.5617283950617284,2.7903444999830636,0.0,8.736341463414634,0.05405405405405406,12.719655584422112,1.0073170731707317,72.01463414634148,1456,486,74
258,0.8502747252747253,0.9968301028969156,0.0,2.712702702702703,0.5555555555555556,2.9851911503059227,0.0,8.994736842105263,0.05405405405405406,14.023296871993297,1.0691424075531077,83.2,1456,486,74
259,0.8461538461538461,0.7166534403206267,0.0,2.8769230769230774,0.5432098765432098,2.145814152958028,0.0,9.866315789473685,0.05405405405405406,7.3074233252990926,1.864516129032258,37.754634146341466,1456,486,74
260,0.8440934065934066,0.9395719557216958,0.0,3.2039024390243904,0.5370370370370371,2.8137413703545833,0.0,8.843333333333334,0.10810810810810811,12.542462209223695,1.7697379032258067,78.31341463414635,1456,486,74
261,0.8413461538461539,0.7490742251178129,0.0,2.555844155844156,0.5288065843621399,2.242943088482108,0.0,6.924675324675325,0.06756756756756757,9.15307080943699,1.4838709677419355,47.70258064516129,1456,486,74
262,0.8578296703296703,0.8003481838927209,0.0,2.6054794520547944,0.5761316872427984,2.397107933637452,0.0,9.859480519480519,0.013513513513513514,9.572279846093178,1.4838709677419355,46.450322580645164,1456,486,74
263,0.8516483516483516,0.8631131745768374,0.0,2.425844155844156,0.5596707818930041,2.5846796721099046,0.0,7.550476190476191,0.04054054054054054,11.639656807147025,1.0073170731707317,75.1290243902439,1456,486,74
264,0.8379120879120879,0.9021011943944126,0.0,2.721578947368421,0.5164609053497943,2.702037259812827,0.0,9.859480519480519,0.02702702702702703,11.574658008649065,1.5019354838709678,48.65560975609756,1456,486,74
265,0.8489010989010989,0.8591828966696852,0.0,2.4170731707317072,0.551440329218107,2.572905012371605,0.0,8.309677419354838,0.013513513513513514,11.951711951417684,1.668125,75.1290243902439,1456,486,74
266,0.8537087912087912,0.7337317296921076,0.0,2.34,0.5637860082304527,2.197621744161477,0.0,11.348441558441559,0.04054054054054054,8.601603536944364,2.016012145748988,40.28903225806452,1456,486,74
267,0.8495879120879121,0.7808889660980094,0.0,2.70987012987013,0.5534979423868313,2.3383454179017287,0.0,7.7621052631578955,0.12162162162162163,9.830756587917703,1.4838709677419355,47.04341463414634,1456,486,74
268,0.8440934065934066,0.714310921060748,0.0,2.6028571428571428,0.5370370370370371,2.1387962351753464,0.0,8.957073170731707,0.05405405405405406,7.7553645694300855,1.258032581453634,40.28903225806452,1456,486,74
269,0.8543956043956044,0.6335030330256165,0.0,2.3751351351351353,0.5679012345679012,1.8967051138190674,0.0,6.395584415584416,0.0945945945945946,6.719734426210652,1.4838709677419355,25.752903225806453,1456,486,74
270,0.8509615384615384,0.9191213444003657,0.0,2.70987012987013,0.5576131687242798,2.75247369528492,0.0,12.113658536585366,0.04054054054054054,12.65177799092309,1.613993855606759,72.01463414634148,1456,486,74
271,0.8598901098901099,0.6964899053946699,0.0,2.5774193548387094,0.5823045267489712,2.0860495298053676,0.0,7.198947368421052,0.08108108108108109,8.517259091356726,1.971086587436333,25.752903225806453,1456,486,74
272,0.8482142857142857,0.8982123901624908,0.0,3.2039024390243904,0.5493827160493827,2.6898328776504634,0.0,10.47857142857143,0.02702702702702703,11.381088608902727,2.0344689221085757,65.95585365853658,1456,486,74
273,0.8502747252747253,0.9835826179535602,0.0,2.9796774193548385,0.5534979423868313,2.9461462159900265,0.0,9.88054054054054,0.013513513513513514,13.569675875327482,1.8084475806451614,84.83219512195123,1456,486,74
274,0.8509615384615384,0.8924929078226906,0.0,2.7358536585365854,0.5576131687242798,2.6726089362563927,0.0,9.2725,0.08108108108108109,11.674576300699226,1.4838709677419355,48.65560975609756,1456,486,74
275,0.853021978021978,0.9979455221143835,0.0,3.222876712328768,0.565843621399177,2.9879788449795903,0.0,12.270731707317072,0.08108108108108109,13.508050701189754,1.642258064516129,75.1290243902439,1456,486,74
276,0.8427197802197802,0.8878476530092129,0.0,2.596842105263158,0.5349794238683128,2.658138315314717,0.0,10.42,0.06756756756756757,11.470171241456466,1.4838709677419355,75.1290243902439,1456,486,74
277,0.8516483516483516,0.7337176142815763,0.0,2.7891780821917806,0.5576131687242798,2.197579456017993,0.0,7.7621052631578955,0.05405405405405406,9.087177686210099,1.6591776315789475,46.450322580645164,1456,486,74
278,0.8461538461538461,0.7161505627107639,0.0,2.9625000000000004,0.5452674897119342,2.14375361680743,0.0,8.355263157894736,0.08108108108108109,8.34238520755271,1.4929881154499152,47.70258064516129,1456,486,74
279,0.8447802197802198,1.0062494764493901,0.0,3.2039024390243904,0.5390946502057613,3.0134105081092204,0.0,10.42,0.02702702702702703,14.36739680667861,2.6494991511035653,83.2,1456,486,74
280,0.8502747252747253,1.029737518645046,0.0,2.596842105263158,0.5534979423868313,3.0844209802015556,0.0,11.878947368421054,0.05405405405405406,13.789607722643563,1.4838709677419355,101.13707317073171,1456,486,74
281,0.8509615384615384,1.0411309064335645,0.0,2.7128571428571426,0.5576131687242798,3.1180002844214165,0.0,11.348441558441559,0.06756756756756757,14.369552669270746,1.4838709677419355,84.83219512195123,1456,486,74
282,0.8578296703296703,0.7635788271347589,0.0,2.8153658536585366,0.5802469135802469,2.285843232036517,0.0,8.65,0.02702702702702703,8.853701346072564,1.7681513647642682,46.450322580645164,1456,486,74
283,0.8523351648351648,0.7219238697725653,0.0,2.7347619047619047,0.5637860082304527,2.1610497795275587,0.0,8.046486486486486,0.04054054054054054,8.885507229737529,1.8146634615384616,40.7690243902439,1456,486,74
284,0.8495879120879121,0.7487028601255993,0.0,2.704805194805195,0.5534979423868313,2.241919553095496,0.0,7.5875,0.08108108108108109,9.208326710677559,1.8133713611329663,50.28780487804878,1456,486,74
285,0.8495879120879121,0.9399960597002329,0.0,2.9796774193548385,0.551440329218107,2.815565909782527,0.0,12.113658536585366,0.06756756756756757,12.156441701094302,2.5985314091680816,65.95585365853658,1456,486,74
286,0.8516483516483516,1.0658270975151947,0.0,2.5774193548387094,0.5617283950617284,3.1913442231351072,0.0,10.481463414634147,0.04054054054054054,15.61173371986079,1.5019354838709678,101.13707317073171,1456,486,74
287,0.8482142857142857,0.7785085567910562,0.0,3.1031578947368423,0.5493827160493827,2.3312139859039434,0.0,8.736341463414634,0.013513513513513514,9.129236374162328,1.687854251012146,45.19806451612903,1456,486,74
288,0.8468406593406593,0.8562916005572199,0.0,2.2984210526315794,0.5432098765432098,2.5647079638092842,0.0,8.309677419354838,0.02702702702702703,11.438123451314526,1.8195872420262664,83.2,1456,486,74
289,0.8571428571428571,0.9683869184330272,0.0,2.50987012987013,0.5761316872427984,2.9000676783951156,0.0,8.35064935064935,0.05405405405405406,13.558050922632221,1.5034335839598998,75.1290243902439,1456,486,74
290,0.8351648351648352,0.823061487289063,0.0,3.2039024390243904,0.5102880658436214,2.464600400665936,0.0,11.871428571428572,0.02702702702702703,9.492468803395266,1.8084475806451614,43.86121951219513,1456,486,74
291,0.8489010989010989,0.8941962675681304,0.0,3.2039024390243904,0.5493827160493827,2.6783550098970514,0.0,8.843333333333334,0.02702702702702703,11.432757187516236,2.268292682926829,50.28780487804878,1456,486,74
292,0.8495879120879121,0.8656521823200256,0.0,2.8153658536585366,0.551440329218107,2.5927511881850975,0.0,9.88054054054054,0.05405405405405406,10.486301139214667,1.2469354838709676,47.04341463414634,1456,486,74
293,0.8358516483516484,0.8009790655964386,0.0,2.7891780821917806,0.5123456790123457,2.3984440097514073,0.0,8.957073170731707,0.08108108108108109,9.19835449309791,1.4337775891341256,47.70258064516129,1456,486,74
294,0.845467032967033,0.8150135552594455,0.0,2.70987012987013,0.5411522633744856,2.440489723638934,0.0,8.843333333333334,0.04054054054054054,10.261529111019799,1.4838709677419355,45.19806451612903,1456,486,74
295,0.8447802197802198,0.8341408943507415,0.0,2.492857142857143,0.5370370370370371,2.4984360316984544,0.0,9.866315789473685,0.02702702702702703,10.540874711623113,1.8084475806451614,47.04341463414634,1456,486,74
296,0.8523351648351648,0.7773934004137216,0.0,2.70987012987013,0.5576131687242798,2.328981051445224,0.0,7.604545454545455,0.0945945945945946,9.782896656596034,1.0073170731707317,46.450322580645164,1456,486,74
297,0.8406593406593407,0.6959607308604535,0.0,2.965844155844156,0.5246913580246914,2.0844641838756988,0.0,7.757662337662337,0.05405405405405406,7.0786937041321805,1.4838709677419355,37.94451612903226,1456,486,74
298,0.8605769230769231,1.125141298276621,0.0,3.0580952380952375,0.5864197530864198,3.369685738173453,0.0,12.667894736842104,0.04054054054054054,16.251724777508972,1.4838709677419355,107.39463414634147,1456,486,74
299,0.8523351648351648,1.0626580773249756,0.0,3.129189189189189,0.5617283950617284,3.182404176575995,0.0,12.667894736842104,0.05405405405405406,14.578128433406164,1.8757565789473685,78.31341463414635,1456,486,74
300,0.8482142857142857,1.140214849569755,0.0,2.8769230769230774,0.551440329218107,3.4142013568623497,0.0,13.420526315789475,0.02702702702702703,16.507067906462733,1.3669354838709677,84.83219512195123,1456,486,74
301,0.8543956043956044,1.023016018334785,0.0,2.805,0.5699588477366255,3.0630871628744556,0.0,12.213809523809523,0.05405405405405406,14.791724941393715,1.8068610421836229,83.2,1456,486,74
302,0.8447802197802198,0.8184103758093345,0.0,3.2039024390243904,0.5370370370370371,2.4513092107184367,0.0,9.866315789473685,0.06756756756756757,9.590462442705523,1.8146634615384616,46.450322580645164,1456,486,74
303,0.8592032967032966,0.6559988569490978,0.0,2.268292682926829,0.5802469135802469,1.9647430142976452,0.0,8.0475,0.06756756756756757,7.449753251531043,1.4838709677419355,40.7690243902439,1456,486,74
304,0.8489010989010989,1.1230960661857958,0.0,2.9796774193548385,0.5493827160493827,3.36411243127014,0.0,12.985853658536586,0.08108108108108109,16.30131328685816,2.2794736842105263,101.13707317073171,1456,486,74
305,0.8475274725274725,0.9845910179131564,0.0,3.0374999999999996,0.5493827160493827,2.947970289183321,0.0,11.348441558441559,0.04054054054054054,13.007589596821656,1.642928692699491,78.31341463414635,1456,486,74
306,0.8482142857142857,0.8011561718831801,0.0,2.721578947368421,0.551440329218107,2.398420627002981,0.0,9.2725,0.05405405405405406,9.55057826898827,1.4838709677419355,47.70258064516129,1456,486,74
307,0.8502747252747253,0.9614956385875222,0.0,3.0580952380952375,0.5534979423868313,2.8799761708111142,0.0,9.88054054054054,0.04054054054054054,13.475046115307592,1.4838709677419355,81.56780487804878,1456,486,74
308,0.8537087912087912,0.7913698447060582,0.0,2.4587804878048782,0.5679012345679012,2.3691019184229614,0.0,7.5875,0.06756756756756757,10.83696038870508,1.5413157894736844,45.19806451612903,1456,486,74
309,0.8475274725274725,0.8343706022685204,0.0,2.6086486486486486,0.5493827160493827,2.4979272332602966,0.0,8.0475,0.04054054054054054,10.727253095394452,1.4838709677419355,81.56780487804878,1456,486,74
310,0.8646978021978022,0.7348270735132872,0.0,2.311780821917808,0.5967078189300411,2.2008142366982435,0.0,8.309677419354838,0.12162162162162163,9.658276118163872,1.4838709677419355,45.19806451612903,1456,486,74
311,0.8619505494505495,0.9976526752445872,0.0,2.7073684210526316,0.588477366255144,2.988209455053743,0.0,8.843333333333334,0.08108108108108109,15.23185192248259,2.728170426065163,83.2,1456,486,74
312,0.8372252747252747,0.958342967640339,0.0,2.7073684210526316,0.51440329218107,2.8704421005850485,0.0,11.894594594594595,0.06756756756756757,12.135732673986485,1.4838709677419355,83.2,1456,486,74
313,0.8550824175824175,0.7911002220661564,0.0,2.4573684210526316,0.5699588477366255,2.36884813283764,0.0,9.2725,0.06756756756756757,10.219917999413838,1.4943164362519201,48.65560975609756,1456,486,74
314,0.8557692307692307,1.0231765131182282,0.0,2.9625000000000004,0.5720164609053497,3.06412195952862,0.0,13.477500000000001,0.12162162162162163,13.571998363313014,1.5671428571428572,72.01463414634148,1456,486,74
315,0.8543956043956044,0.860029294834603,0.0,2.8153658536585366,0.5679012345679012,2.575351692407307,0.0,9.2725,0.05405405405405406,11.127257533506189,1.4838709677419355,72.01463414634148,1456,486,74
316,0.8543956043956044,0.824691783285847,0.0,2.268292682926829,0.5679012345679012,2.469573610958296,0.0,10.42,0.02702702702702703,11.402262811608592,1.5123809523809524,65.95585365853658,1456,486,74
317,0.8502747252747253,1.1375939877523575,0.0,2.7347619047619047,0.5555555555555556,3.4069035296259296,0.0,8.355263157894736,0.04054054054054054,17.44503545921462,2.268292682926829,107.39463414634147,1456,486,74
318,0.8523351648351648,0.9256530209659419,0.0,3.2039024390243904,0.5617283950617284,2.7719528143151866,0.0,9.866315789473685,0.04054054054054054,12.495717619362956,1.6816383701188458,75.1290243902439,1456,486,74
319,0.8585164835164835,0.6956310533473582,0.0,2.311780821917808,0.5802469135802469,2.082833503918771,0.0,8.736341463414634,0.10810810810810811,8.191162175912062,1.2573259762308997,47.70258064516129,1456,486,74
320,0.8495879120879121,0.6636405280081048,0.0,3.2039024390243904,0.5534979423868313,1.9870826074924672,0.0,8.309677419354838,0.06756756756756757,6.772125369965162,2.047195121951219,37.94451612903226,1456,486,74
321,0.8440934065934066,0.9742559952921693,0.0,3.222876712328768,0.5370370370370371,2.9175617250538433,0.0,11.915263157894737,0.06756756756756757,12.305090251187139,1.5110526315789474,81.56780487804878,1456,486,74
322,0.8475274725274725,1.1300294106520696,0.0,2.96,0.5493827160493827,3.3836869554957856,0.0,14.063376623376623,0.013513513513513514,16.10227885499043,2.268292682926829,83.2,1456,486,74
323,0.8619505494505495,0.5961997244491165,0.0,2.475483870967742,0.588477366255144,1.7855917037627218,0.0,7.419677419354839,0.10810810810810811,6.491367237722884,1.821173780487805,37.754634146341466,1456,486,74
324,0.8543956043956044,1.0711299909098284,0.0,3.1402739726027393,0.565843621399177,3.208339026264836,0.0,13.420526315789475,0.04054054054054054,14.988036861689032,1.761935483870968,78.31341463414635,1456,486,74
325,0.8392857142857143,0.8646179301318964,0.0,3.164878048780488,0.522633744855967,2.589098715026359,0.0,9.859480519480519,0.04054054054054054,11.00715213772315,2.2320543293718167,50.28780487804878,1456,486,74
326,0.8502747252747253,1.2329322384950927,0.0,3.250779220779221,0.5576131687242798,3.6919719705975176,0.0,12.667894736842104,0.06756756756756757,17.961707710194656,2.268292682926829,107.39463414634147,1456,486,74
327,0.8578296703296703,1.0763531561079458,0.0,2.97125,0.5802469135802469,3.2228790817998103,0.0,11.878947368421054,0.0945945945945946,15.29869263873529,2.0422713414634144,83.2,1456,486,74
328,0.8592032967032966,0.7463121820610132,0.0,2.511578947368421,0.5802469135802469,2.2352222985202372,0.0,8.65,0.05405405405405406,9.764855761861822,1.6816383701188458,47.70258064516129,1456,486,74
329,0.8434065934065934,0.7196731242606257,0.0,3.1031578947368423,0.5349794238683128,2.1548607780951445,0.0,7.328095238095237,0.013513513513513514,8.349208487459606,2.2320543293718167,42.693548387096776,1456,486,74
330,0.8564560439560439,0.6875701120461358,0.0,2.268292682926829,0.5740740740740741,2.0587728839520825,0.0,7.419677419354839,0.06756756756756757,8.217281442843346,1.13,47.70258064516129,1456,486,74
331,0.8502747252747253,0.8089316927802742,0.0,2.9796774193548385,0.5555555555555556,2.422358195781106,0.0,9.859480519480519,0.05405405405405406,9.639227375170066,1.6346774193548388,46.450322580645164,1456,486,74
332,0.8619505494505495,0.9634180836966741,0.0,2.7128571428571426,0.5925925925925926,2.884538617950404,0.0,11.915263157894737,0.02702702702702703,13.666235067230554,2.268292682926829,78.31341463414635,1456,486,74
333,0.8447802197802198,0.7941812340012772,0.0,2.5774193548387094,0.5370370370370371,2.3786324623577357,0.0,7.422439024390243,0.013513513513513514,10.446604982144317,1.5960776942355892,65.95585365853658,1456,486,74
334,0.8440934065934066,0.9291624397846756,0.0,2.7115789473684213,0.5349794238683128,2.7831096328338614,0.0,11.878947368421054,0.0,12.163411087666828,1.761935483870968,78.31341463414635,1456,486,74
335,0.8509615384615384,0.8236876497816755,0.0,3.168780487804878,0.5555555555555556,2.4670302841195877,0.0,11.894594594594595,0.06756756756756757,9.227170268417888,1.4838709677419355,46.450322580645164,1456,486,74
336,0.8468406593406593,0.9603366134087596,0.0,3.085844155844156,0.5432098765432098,2.8764148335867366,0.0,11.348441558441559,0.04054054054054054,12.454260559952825,2.3785365853658536,75.1290243902439,1456,486,74
337,0.8612637362637363,0.8522389687814589,0.0,3.2424999999999997,0.588477366255144,2.552101804541857,0.0,9.255806451612903,0.08108108108108109,11.555924589015945,1.3669354838709677,65.95585365853658,1456,486,74
338,0.8571428571428571,0.9854791140433667,0.0,2.50987012987013,0.5761316872427984,2.9511848956335616,0.0,11.894594594594595,0.08108108108108109,13.477147321176579,1.3669354838709677,78.31341463414635,1456,486,74
339,0.8564560439560439,0.6858731095683784,0.0,2.557894736842105,0.5740740740740741,2.053688860068102,0.0,8.736341463414634,0.06756756756756757,7.660251486327177,1.5019354838709678,40.7690243902439,1456,486,74
340,0.8516483516483516,0.6721791613970669,0.0,2.6054794520547944,0.5576131687242798,2.0132173420265405,0.0,8.65,0.05405405405405406,7.6124604076778075,1.4838709677419355,45.19806451612903,1456,486,74
341,0.8475274725274725,0.8689066328283778,0.0,3.168780487804878,0.5432098765432098,2.6031441510249342,0.0,11.915263157894737,0.04054054054054054,10.322299770562587,1.6346774193548388,48.65560975609756,1456,486,74
342,0.8434065934065934,0.8124474638599825,0.0,2.7115789473684213,0.5308641975308642,2.4339989863788776,0.0,9.859480519480519,0.08108108108108109,9.700487029708995,1.4838709677419355,47.70258064516129,1456,486,74
343,0.8475274725274725,0.9971262278412681,0.0,2.605,0.5452674897119342,2.986632279294005,0.0,10.47857142857143,0.06756756756756757,14.175373439378678,1.5019354838709678,83.2,1456,486,74
344,0.8475274725274725,0.9233460045659058,0.0,3.244634146341463,0.5473251028806584,2.7650412590097284,0.0,10.481463414634147,0.05405405405405406,11.530286520625719,1.4929881154499152,72.01463414634148,1456,486,74
345,0.853021978021978,0.6536941595305712,0.0,2.268292682926829,0.5637860082304527,1.9572844336173871,0.0,6.401052631578947,0.12162162162162163,7.822791354743997,1.4838709677419355,47.70258064516129,1456,486,74
346,0.8543956043956044,0.9782661176539268,0.0,2.8769230769230774,0.5679012345679012,2.929575589577956,0.0,10.42,0.013513513513513514,13.990856956180934,2.268292682926829,78.31341463414635,1456,486,74
347,0.8516483516483516,0.9844278692672542,0.0,2.9625000000000004,0.5555555555555556,2.949232464306836,0.0,10.47857142857143,0.05405405405405406,13.608622995904948,2.090212224108659,65.95585365853658,1456,486,74
348,0.8495879120879121,0.8033371649899077,0.0,2.8769230769230774,0.5534979423868313,2.4055976351581156,0.0,8.309677419354838,0.06756756756756757,9.89437683331742,1.4929881154499152,47.04341463414634,1456,486,74
349,0.8406593406593407,0.8675541279517102,0.0,2.721578947368421,0.522633744855967,2.5990922022586216,0.0,8.65,0.06756756756756757,10.791753918805506,1.1286585365853659,75.1290243902439,1456,486,74
350,0.8592032967032966,0.5589355557593187,0.0,2.4170731707317072,0.5781893004115226,1.6745065209579593,0.0,6.395584415584416,0.06756756756756757,6.22657648142852,1.3455069124423964,37.94451612903226,1456,486,74
351,0.8523351648351648,0.7780514981797636,0.0,2.449178082191781,0.5637860082304527,2.3292016868544736,0.0,7.419677419354839,0.04054054054054054,9.668371912389574,1.4838709677419355,81.56780487804878,1456,486,74
352,0.8461538461538461,0.7718891742300911,0.0,2.966842105263158,0.5432098765432098,2.3113830784785003,0.0,10.47857142857143,0.02702702702702703,9.97681499859002,2.047195121951219,43.86121951219513,1456,486,74
353,0.8523351648351648,0.8747883344667743,0.0,2.862876712328767,0.5617283950617284,2.6196571058542424,0.0,8.736341463414634,0.06756756756756757,11.326256720063709,1.4838709677419355,65.95585365853658,1456,486,74
354,0.8413461538461539,0.6227608411246657,0.0,3.0580952380952375,0.5288065843621399,1.8645227446672477,0.0,7.422439024390243,0.06756756756756757,5.797291766037263,1.4838709677419355,22.134516129032257,1456,486,74
355,0.8543956043956044,0.9138675182741821,0.0,3.0374999999999996,0.5699588477366255,2.736090833474789,0.0,9.386493506493508,0.06756756756756757,12.4443415337317,1.7697379032258067,75.1290243902439,1456,486,74
356,0.8475274725274725,0.717652210431482,0.0,2.966842105263158,0.5432098765432098,2.15000333001695,0.0,11.348441558441559,0.0945945945945946,7.939773300888202,1.0073170731707317,37.94451612903226,1456,486,74
357,0.8523351648351648,0.5851132027543766,0.0,3.1031578947368423,0.5596707818930041,1.7523777622245709,0.0,8.0475,0.08108108108108109,5.4694248360104085,1.5413157894736844,25.752903225806453,1456,486,74
358,0.8592032967032966,0.7740559870551214,0.0,2.475483870967742,0.5823045267489712,2.317785568689354,0.0,7.5875,0.04054054054054054,9.895056336466205,1.4838709677419355,50.28780487804878,1456,486,74
359,0.842032967032967,0.875524605605475,0.0,3.164878048780488,0.5308641975308642,2.6217738580089316,0.0,8.994736842105263,0.013513513513513514,11.13843768029961,2.5894736842105264,50.28780487804878,1456,486,74
360,0.8543956043956044,0.9600845574686669,0.0,2.475483870967742,0.5679012345679012,2.875105730257507,0.0,9.255806451612903,0.04054054054054054,13.5144588453439,1.4838709677419355,101.13707317073171,1456,486,74
361,0.853021978021978,0.805796741310338,0.0,2.7358536585365854,0.565843621399177,2.412323238290927,0.0,8.35064935064935,0.06756756756756757,10.194878348470604,1.642928692699491,72.01463414634148,1456,486,74
362,0.8509615384615384,0.8123844487420946,0.0,3.164878048780488,0.5576131687242798,2.4327022547942962,0.0,9.255806451612903,0.013513513513513514,10.791293506521338,2.9503658536585364,47.70258064516129,1456,486,74
363,0.8550824175824175,0.6472283752306119,0.0,2.721578947368421,0.5699588477366255,1.9378246575443214,0.0,5.8152380952380955,0.06756756756756757,7.249402899108995,1.069849012775842,40.7690243902439,1456,486,74
364,0.8372252747252747,0.6970574778759301,0.0,2.8769230769230774,0.5164609053497943,2.0871959387837298,0.0,8.0475,0.0,7.502327963163686,1.761935483870968,33.435483870967744,1456,486,74
365,0.8523351648351648,0.8206325039037409,0.0,2.492857142857143,0.5617283950617284,2.4573234463263707,0.0,7.757662337662337,0.08108108108108109,10.519293967571897,1.4838709677419355,65.95585365853658,1456,486,74
366,0.8537087912087912,0.9300093595389631,0.0,2.7073684210526316,0.5679012345679012,2.784449929938825,0.0,9.866315789473685,0.06756756756756757,13.259037457924395,1.8068610421836229,78.31341463414635,1456,486,74
367,0.8557692307692307,1.0873160970279154,0.0,3.164878048780488,0.5699588477366255,3.256830735128899,0.0,12.667894736842104,0.12162162162162163,15.065087523870005,1.6603225806451614,84.83219512195123,1456,486,74
368,0.8495879120879121,0.6861286384895426,0.0,2.492857142857143,0.551440329218107,2.055008368048443,0.0,6.140810810810811,0.04054054054054054,8.190697819373902,1.4838709677419355,43.86121951219513,1456,486,74
369,0.8482142857142857,0.86399142538254,0.0,3.0374999999999996,0.5493827160493827,2.5872217789871343,0.0,7.579473684210527,0.06756756756756757,12.288601934650064,2.090212224108659,65.95585365853658,1456,486,74
370,0.845467032967033,0.6868073710283185,0.0,2.7115789473684213,0.5432098765432098,2.0558447956353296,0.0,8.843333333333334,0.08108108108108109,7.304245841764216,1.4929881154499152,31.990243902439026,1456,486,74
371,0.845467032967033,0.9046445888785827,0.0,3.195161290322581,0.5411522633744856,2.709103003845175,0.0,9.866315789473685,0.04054054054054054,11.63046451849099,2.268292682926829,72.01463414634148,1456,486,74
372,0.845467032967033,0.9831514187022561,0.0,3.168780487804878,0.5411522633744856,2.9442113886034034,0.0,11.871428571428572,0.04054054054054054,13.69610458945636,2.268292682926829,78.31341463414635,1456,486,74
373,0.8489010989010989,0.8640910517715004,0.0,2.7128571428571426,0.551440329218107,2.587520248168876,0.0,11.915263157894737,0.0,11.213028840980725,1.613993855606759,46.450322580645164,1456,486,74
374,0.8571428571428571,0.7747792042810882,0.0,2.475483870967742,0.5740740740740741,2.3205062169408732,0.0,7.604545454545455,0.06756756756756757,10.023947578115738,1.3168421052631578,50.28780487804878,1456,486,74
375,0.8489010989010989,0.8250976268087908,0.0,2.8153658536585366,0.551440329218107,2.4707004400501416,0.0,10.47857142857143,0.04054054054054054,10.022665830964131,1.4838709677419355,45.19806451612903,1456,486,74
376,0.8537087912087912,0.9107043875985402,0.0,2.862876712328767,0.565843621399177,2.727168431222724,0.0,10.42,0.013513513513513514,12.30156446953659,1.4838709677419355,72.01463414634148,1456,486,74
377,0.8557692307692307,1.0471317905333404,0.0,3.195161290322581,0.5699588477366255,3.1364431831616124,0.0,9.88054054054054,0.04054054054054054,15.06542597222861,2.3986842105263158,84.83219512195123,1456,486,74
378,0.8502747252747253,0.8150107007365793,0.0,2.7358536585365854,0.5534979423868313,2.441035144593538,0.0,8.309677419354838,0.08108108108108109,10.54845862497859,1.8195872420262664,45.19806451612903,1456,486,74
379,0.8468406593406593,0.9384846885690871,0.0,2.8153658536585366,0.5452674897119342,2.8103950119081484,0.0,12.270731707317072,0.0945945945945946,12.684520514838827,2.0225224646983313,83.2,1456,486,74
380,0.8489010989010989,0.792450801373429,0.0,2.268292682926829,0.5493827160493827,2.3734482855961168,0.0,7.194675324675325,0.02702702702702703,9.579345708933994,0.9542835365853659,65.95585365853658,1456,486,74
381,0.8489010989010989,0.9237922802738178,0.0,3.2039024390243904,0.5493827160493827,2.767021253723144,0.0,11.346190476190477,0.02702702702702703,11.849532611260969,2.3426829268292684,75.1290243902439,1456,486,74
382,0.842032967032967,0.9158646688367283,0.0,2.8769230769230774,0.5308641975308642,2.742628039212028,0.0,11.346190476190477,0.013513513513513514,11.18169028435908,2.268292682926829,48.65560975609756,1456,486,74
383,0.8646978021978022,1.0231737762545434,0.0,2.557894736842105,0.5967078189300411,3.064756764315605,0.0,8.994736842105263,0.04054054054054054,15.556915154901251,2.268292682926829,81.56780487804878,1456,486,74
384,0.8489010989010989,0.6524747563443484,0.0,2.7891780821917806,0.5493827160493827,1.95409618361599,0.0,7.5875,0.06756756756756757,6.659639965346543,1.3081259600614439,37.94451612903226,1456,486,74
385,0.845467032967033,0.6797774449586779,0.0,2.965844155844156,0.5411522633744856,2.035337919939515,0.0,8.0475,0.05405405405405406,7.2803594470440665,1.7278106852497097,40.7690243902439,1456,486,74
386,0.8550824175824175,0.7057314799938266,0.0,2.50987012987013,0.5699588477366255,2.1130932183164215,0.0,6.401052631578947,0.06756756756756757,8.848670418521474,1.4929881154499152,47.70258064516129,1456,486,74
387,0.8516483516483516,0.7409119279108196,0.0,2.596842105263158,0.5596707818930041,2.2184897865615687,0.0,8.736341463414634,0.04054054054054054,9.450633579810434,1.5110526315789474,46.450322580645164,1456,486,74
388,0.8605769230769231,0.7710825901819119,0.0,2.1654794520547944,0.5864197530864198,2.30887761427085,0.0,7.194675324675325,0.08108108108108109,10.80087857904636,1.3669354838709677,47.70258064516129,1456,486,74
389,0.8475274725274725,0.6553532018787199,0.0,2.4587804878048782,0.5452674897119342,1.962808706103262,0.0,9.859480519480519,0.10810810810810811,7.178201655776349,1.1697619047619048,40.28903225806452,1456,486,74
390,0.8434065934065934,0.9132448692006806,0.0,2.7115789473684213,0.5349794238683128,2.734779421372346,0.0,8.35064935064935,0.02702702702702703,11.863333352719092,1.4838709677419355,78.31341463414635,1456,486,74
391,0.8495879120879121,0.8040538250703445,0.0,2.7115789473684213,0.551440329218107,2.408298638957183,0.0,8.843333333333334,0.0945945945945946,9.937399507963585,1.4838709677419355,75.1290243902439,1456,486,74
392,0.8475274725274725,0.7322819092274567,0.0,2.555844155844156,0.5452674897119342,2.193189217767854,0.0,6.924675324675325,0.013513513513513514,9.480243805761322,1.4838709677419355,43.86121951219513,1456,486,74
393,0.8537087912087912,0.9915854357340479,0.0,3.2039024390243904,0.565843621399177,2.9694787318097595,0.0,11.346190476190477,0.04054054054054054,13.521437177440275,1.8068610421836229,78.31341463414635,1456,486,74
394,0.8440934065934066,0.6353232004614604,0.0,2.704805194805195,0.5390946502057613,1.9016041529494336,0.0,7.5875,0.06756756756756757,7.008650915378471,1.0073170731707317,37.754634146341466,1456,486,74
395,0.8543956043956044,0.65126553293203,0.0,2.805,0.5679012345679012,1.9499195168308743,0.0,7.198947368421052,0.013513513513513514,7.398768619656079,1.5543803056027166,42.693548387096776,1456,486,74
396,0.8385989010989011,0.6338157978503034,0.0,3.087894736842106,0.522633744855967,1.8970881484188893,0.0,8.046486486486486,0.04054054054054054,6.33763450924617,2.268292682926829,25.752903225806453,1456,486,74
397,0.845467032967033,0.7814686359568496,0.0,2.7128571428571426,0.5411522633744856,2.339993010666548,0.0,7.757662337662337,0.05405405405405406,10.135621654319142,2.268292682926829,48.65560975609756,1456,486,74
398,0.8482142857142857,0.9508419067784109,0.0,2.721578947368421,0.5493827160493827,2.847504845125318,0.0,8.0475,0.06756756756756757,12.815412375511086,1.4838709677419355,81.56780487804878,1456,486,74
399,0.8537087912087912,0.8236385087551606,0.0,2.805,0.5679012345679012,2.465775117714099,0.0,8.35064935064935,0.02702702702702703,10.87547574697889,1.8084475806451614,47.70258064516129,1456,486,74
400,0.8379120879120879,0.847777225601934,0.0,3.0580952380952375,0.5205761316872428,2.538091931971099,0.0,9.2725,0.0945945945945946,10.23762964403022,1.131674347158218,50.28780487804878,1456,486,74
401,0.8440934065934066,1.004110827184278,0.0,3.6265753424657534,0.5349794238683128,3.0075573341158615,0.0,11.915263157894737,0.04054054054054054,13.275179452312278,2.4228560188827695,65.95585365853658,1456,486,74
402,0.8550824175824175,0.6877386077777214,0.0,2.268292682926829,0.5699588477366255,2.059277677748767,0.0,8.736341463414634,0.08108108108108109,8.345395251710059,1.1904838709677419,47.04341463414634,1456,486,74
403,0.8447802197802198,0.7900406510214248,0.0,2.449178082191781,0.5390946502057613,2.365673780078115,0.0,9.255806451612903,0.06756756756756757,9.662556825104705,0.9510269576379974,47.70258064516129,1456,486,74
404,0.845467032967033,0.9573111681936114,0.0,2.8769230769230774,0.5411522633744856,2.8667969755569285,0.0,8.994736842105263,0.02702702702702703,13.211902683572447,1.8146634615384616,81.56780487804878,1456,486,74
405,0.8585164835164835,0.8220827206269681,0.0,2.50987012987013,0.5781893004115226,2.462311132641224,0.0,7.550476190476191,0.06756756756756757,11.239313935637488,1.3455069124423964,78.31341463414635,1456,486,74
406,0.853021978021978,1.0015499119304236,0.0,2.966842105263158,0.565843621399177,2.998777181547809,0.0,11.348441558441559,0.06756756756756757,13.93116603760106,2.2320543293718167,81.56780487804878,1456,486,74
407,0.8482142857142857,0.7182108765928126,0.0,2.557894736842105,0.5473251028806584,2.1511230566870463,0.0,8.736341463414634,0.05405405405405406,7.432644901681535,1.3074193548387096,37.94451612903226,1456,486,74
408,0.8468406593406593,0.766514349472011,0.0,2.4587804878048782,0.5473251028806584,2.294637718709437,0.0,8.736341463414634,0.05405405405405406,9.024248523068996,1.4838709677419355,48.65560975609756,1456,486,74
409,0.842032967032967,0.9719910956093561,0.0,3.1031578947368423,0.5308641975308642,2.91077634658023,0.0,9.255806451612903,0.05405405405405406,13.35627418981062,2.268292682926829,81.56780487804878,1456,486,74
410,0.8502747252747253,0.8086757439260867,0.0,2.7073684210526316,0.5555555555555556,2.4215023711669783,0.0,8.309677419354838,0.02702702702702703,10.593277957141238,2.243620025673941,45.19806451612903,1456,486,74
411,0.8619505494505495,0.882764923243476,0.0,2.511578947368421,0.5925925925925926,2.642911042600905,0.0,10.42,0.05405405405405406,12.47462950448452,1.4838709677419355,65.95585365853658,1456,486,74
412,0.8440934065934066,0.9149323159558569,0.0,2.9796774193548385,0.5349794238683128,2.74038879018874,0.0,11.894594594594595,0.04054054054054054,11.802914097569209,2.268292682926829,50.28780487804878,1456,486,74
413,0.8447802197802198,0.9050966123748484,0.0,2.965844155844156,0.5390946502057613,2.7103681828159436,0.0,10.47857142857143,0.13513513513513514,11.312675089209547,1.13,50.28780487804878,1456,486,74
414,0.8482142857142857,0.9179178523660532,0.0,3.250779220779221,0.5493827160493827,2.7487791404850674,0.0,9.386493506493508,0.06756756756756757,11.770474891545717,2.5173938879456705,45.19806451612903,1456,486,74
415,0.8564560439560439,0.9265869093567973,0.0,2.7347619047619047,0.5740740740740741,2.7747506363256504,0.0,10.481463414634147,0.08108108108108109,12.543699278768045,1.4929881154499152,75.1290243902439,1456,486,74
416,0.8523351648351648,0.7524758410020155,0.0,2.4242857142857144,0.5596707818930041,2.253776941830666,0.0,8.957073170731707,0.04054054054054054,9.31334009656277,1.4838709677419355,43.86121951219513,1456,486,74
417,0.8502747252747253,0.9417964883711349,0.0,3.337894736842106,0.5534979423868313,2.8209597866237486,0.0,11.3275,0.0945945945945946,12.03931726638829,2.0175986842105265,48.65560975609756,1456,486,74
418,0.8482142857142857,0.6887640572084808,0.0,2.5774193548387094,0.5493827160493827,2.062260774745509,0.0,8.046486486486486,0.0945945945945946,8.466529149576093,1.515,43.86121951219513,1456,486,74
419,0.8495879120879121,0.8963822003306549,0.0,2.721578947368421,0.5534979423868313,2.684260808461323,0.0,9.2725,0.06756756756756757,11.891044514151941,1.6894407894736845,65.95585365853658,1456,486,74
420,0.8434065934065934,0.6611003585907378,0.0,2.596842105263158,0.5349794238683128,1.9794725526124541,0.0,7.564878048780487,0.04054054054054054,6.907184598968162,1.0073170731707317,40.7690243902439,1456,486,74
421,0.8571428571428571,0.9317883727653028,0.0,2.70987012987013,0.5761316872427984,2.790333621351955,0.0,7.419677419354839,0.08108108108108109,13.326752822375003,1.1085714285714285,78.31341463414635,1456,486,74
422,0.8489010989010989,0.7841781507261628,0.0,2.704805194805195,0.5493827160493827,2.3487534088231734,0.0,11.348441558441559,0.05405405405405406,9.418241790059412,1.5123809523809524,46.450322580645164,1456,486,74
423,0.8564560439560439,0.7989714058201755,0.0,2.97125,0.5761316872427984,2.391875319620811,0.0,8.843333333333334,0.04054054054054054,10.210418639215147,2.243620025673941,48.65560975609756,1456,486,74
424,0.8550824175824175,0.7914636605235024,0.0,2.492857142857143,0.5699588477366255,2.370025983917197,0.0,6.790243902439025,0.06756756756756757,10.72893199282817,1.4929881154499152,47.70258064516129,1456,486,74
425,0.8475274725274725,0.8480201042382182,0.0,2.965844155844156,0.5493827160493827,2.5388195683793913,0.0,8.355263157894736,0.12162162162162163,10.489939340030181,0.894736842105263,47.70258064516129,1456,486,74
426,0.8495879120879121,0.7732418703490795,0.0,2.70987012987013,0.5555555555555556,2.314792596069544,0.0,8.309677419354838,0.06756756756756757,9.807496302680006,1.6816383701188458,48.65560975609756,1456,486,74
427,0.8358516483516484,0.7814555459934813,0.0,3.124210526315789,0.5082304526748971,2.3411507715360265,0.0,8.35064935064935,0.04054054054054054,8.669436651011068,1.4838709677419355,47.70258064516129,1456,486,74
428,0.8434065934065934,0.6803157326627629,0.0,2.604736842105263,0.5329218106995884,2.0375935719912595,0.0,7.579473684210527,0.0945945945945946,7.7955729704649706,1.515,37.94451612903226,1456,486,74
429,0.8509615384615384,0.7755325838987859,0.0,3.2039024390243904,0.5555555555555556,2.322852286805353,0.0,9.255806451612903,0.04054054054054054,9.588831647017674,1.8806803594351733,47.04341463414634,1456,486,74
430,0.8489010989010989,1.0197873530234562,0.0,3.0580952380952375,0.5534979423868313,3.0534144536289936,0.0,8.35064935064935,0.06756756756756757,14.336617781821673,1.3455069124423964,101.13707317073171,1456,486,74
431,0.845467032967033,0.8060482547863622,0.0,3.087894736842106,0.5411522633744856,2.413630716460314,0.0,9.866315789473685,0.02702702702702703,9.875501817618185,1.8068610421836229,48.65560975609756,1456,486,74
432,0.853021978021978,1.211854221903448,0.0,2.7115789473684213,0.565843621399177,3.628824661631602,0.0,14.646363636363636,0.02702702702702703,18.10876024267614,1.0073170731707317,107.39463414634147,1456,486,74
433,0.8475274725274725,0.7974064610072319,0.0,2.862876712328767,0.5493827160493827,2.3871869252840905,0.0,7.7621052631578955,0.05405405405405406,10.44037703385883,2.268292682926829,48.65560975609756,1456,486,74
434,0.8461538461538461,0.9304234829156948,0.0,3.0580952380952375,0.5432098765432098,2.7863335999728194,0.0,12.97162162162162,0.04054054054054054,11.089998414928433,1.1072299651567945,75.1290243902439,1456,486,74
435,0.8516483516483516,0.9800260662522507,0.0,2.9688311688311693,0.5596707818930041,2.934937224125135,0.0,10.47857142857143,0.05405405405405406,13.416817375257036,1.642928692699491,78.31341463414635,1456,486,74
436,0.8502747252747253,0.9921105762630567,0.0,3.4291891891891897,0.5555555555555556,2.9710519923246497,0.0,10.47857142857143,0.06756756756756757,13.119219818118609,1.686113296616837,83.2,1456,486,74
437,0.8578296703296703,0.988762389500757,0.0,2.555844155844156,0.5781893004115226,2.9611102419231288,0.0,11.894594594594595,0.08108108108108109,13.598109425806847,0.9510269576379974,83.2,1456,486,74
438,0.8592032967032966,0.9076494392660576,0.0,3.0374999999999996,0.5802469135802469,2.71865916214434,0.0,11.3275,0.04054054054054054,12.133927391241645,2.656090629800307,78.31341463414635,1456,486,74
439,0.8502747252747253,0.7381604257411187,0.0,2.605,0.5576131687242798,2.2096926303304674,0.0,7.422439024390243,0.05405405405405406,9.003261099903378,1.4838709677419355,42.693548387096776,1456,486,74
440,0.8482142857142857,0.6029389481178965,0.0,2.965844155844156,0.5473251028806584,1.805781641338326,0.0,6.924675324675325,0.04054054054054054,6.045826025298958,1.4838709677419355,31.990243902439026,1456,486,74
441,0.8468406593406593,0.9244434853501624,0.0,2.7073684210526316,0.5432098765432098,2.768972189095897,0.0,12.270731707317072,0.02702702702702703,11.725538496037224,1.4838709677419355,78.31341463414635,1456,486,74
442,0.8482142857142857,0.7486602455722471,0.0,2.805,0.5473251028806584,2.2422568262411353,0.0,9.386493506493508,0.08108108108108109,8.314374931765506,1.3168421052631578,43.86121951219513,1456,486,74
443,0.8482142857142857,0.6656323072108202,0.0,2.97125,0.5493827160493827,1.9929607171393486,0.0,9.386493506493508,0.06756756756756757,6.490536622582618,1.4838709677419355,40.28903225806452,1456,486,74
444,0.8523351648351648,0.761360139946583,0.0,3.0580952380952375,0.5637860082304527,2.2791963008719414,0.0,9.386493506493508,0.04054054054054054,8.815821065055376,1.8806803594351733,47.04341463414634,1456,486,74
445,0.8468406593406593,0.9016384812614613,0.0,2.9625000000000004,0.5473251028806584,2.699454047691823,0.0,8.309677419354838,0.08108108108108109,11.89424309973225,1.5232512733446522,65.95585365853658,1456,486,74
446,0.8509615384615384,0.9381110462696455,0.0,2.7347619047619047,0.5576131687242798,2.809364653971486,0.0,11.3275,0.04054054054054054,12.184246139686403,1.515,78.31341463414635,1456,486,74
447,0.8447802197802198,0.7124510006739059,0.0,2.7347619047619047,0.5390946502057613,2.1333131593472126,0.0,8.65,0.05405405405405406,7.880511794999456,1.5232512733446522,40.28903225806452,1456,486,74
448,0.8516483516483516,0.8784839313357479,0.0,3.164878048780488,0.5617283950617284,2.6300856841283693,0.0,8.046486486486486,0.05405405405405406,10.967920372608532,1.4838709677419355,65.95585365853658,1456,486,74
449,0.8523351648351648,0.8256453526799357,0.0,2.7358536585365854,0.5596707818930041,2.4729843677628716,0.0,9.2725,0.13513513513513514,10.280514176862654,1.2954135338345865,50.28780487804878,1456,486,74
450,0.8516483516483516,0.8576599447323554,0.0,2.97125,0.5596707818930041,2.5682533925125077,0.0,12.113658536585366,0.05405405405405406,10.594845127194137,1.642258064516129,47.70258064516129,1456,486,74
451,0.8399725274725275,0.9475524791900318,0.0,3.2039024390243904,0.5246913580246914,2.837650099099228,0.0,8.65,0.013513513513513514,12.200834991797143,1.4838709677419355,78.31341463414635,1456,486,74
452,0.8592032967032966,1.180721543706369,0.0,3.1402739726027393,0.5823045267489712,3.5361087178338324,0.0,12.213809523809523,0.02702702702702703,17.983332250026525,3.0917899291896145,107.39463414634147,1456,486,74
453,0.8495879120879121,0.8605839064452456,0.0,2.605,0.5534979423868313,2.577013244886928,0.0,7.550476190476191,0.08108108108108109,11.263463181421352,1.3455069124423964,81.56780487804878,1456,486,74
454,0.8557692307692307,0.8669483423584469,0.0,2.7073684210526316,0.5720164609053497,2.596080361532238,0.0,8.309677419354838,0.013513513513513514,12.045894991375137,2.0422713414634144,72.01463414634148,1456,486,74
455,0.8550824175824175,0.8383628983017368,0.0,3.2039024390243904,0.565843621399177,2.5116386418257792,0.0,9.88054054054054,0.04054054054054054,10.220047100768326,1.4838709677419355,47.04341463414634,1456,486,74
456,0.8475274725274725,0.8716036149567254,0.0,2.5621621621621617,0.5452674897119342,2.610670025941896,0.0,8.736341463414634,0.02702702702702703,11.690374037055033,1.8146634615384616,78.31341463414635,1456,486,74
457,0.8571428571428571,0.8397403207402692,0.0,2.9625000000000004,0.5761316872427984,2.51465729518389,0.0,11.348441558441559,0.04054054054054054,10.263286457896923,1.4929881154499152,48.65560975609756,1456,486,74
458,0.845467032967033,0.9493518289121252,0.0,2.268292682926829,0.5390946502057613,2.8435947163103363,0.0,7.604545454545455,0.02702702702702703,13.557942549702743,1.0073170731707317,83.2,1456,486,74
459,0.845467032967033,0.8319689553573416,0.0,3.244634146341463,0.5411522633744856,2.491375179962609,0.0,9.255806451612903,0.02702702702702703,9.754467955828623,1.515,72.01463414634148,1456,486,74
460,0.8571428571428571,1.1278659101371593,0.0,2.7358536585365854,0.5720164609053497,3.378956306912971,0.0,12.113658536585366,0.05405405405405406,16.9058192560893,1.6733870967741935,84.83219512195123,1456,486,74
461,0.8440934065934066,0.5875934388398919,0.0,2.4242857142857144,0.5370370370370371,1.7591652596330285,0.0,6.178048780487805,0.10810810810810811,6.3424427063138555,1.1085714285714285,24.526774193548388,1456,486,74
462,0.8482142857142857,0.9978847641753636,0.0,2.862876712328767,0.5493827160493827,2.9883507939713962,0.0,12.113658536585366,0.04054054054054054,13.562268992002057,1.8195872420262664,81.56780487804878,1456,486,74
463,0.8447802197802198,0.6862388210267002,0.0,2.966842105263158,0.5390946502057613,2.054784489457642,0.0,7.422439024390243,0.0945945945945946,6.98381786164642,1.4929881154499152,40.7690243902439,1456,486,74
464,0.8482142857142857,0.8828278051741933,0.0,2.7358536585365854,0.5493827160493827,2.643653402395874,0.0,9.859480519480519,0.02702702702702703,11.85549735617743,1.5019354838709678,72.01463414634148,1456,486,74
465,0.8495879120879121,0.7304278069322385,0.0,2.206883116883117,0.5555555555555556,2.1865265953804074,0.0,7.550476190476191,0.08108108108108109,9.555693701421863,1.0073170731707317,47.04341463414634,1456,486,74
466,0.8523351648351648,0.7975574846899351,0.0,2.492857142857143,0.5637860082304527,2.387639374835564,0.0,8.0475,0.04054054054054054,10.432709444076401,1.7746616837136115,48.65560975609756,1456,486,74
467,0.8571428571428571,0.9124458125772749,0.0,2.511578947368421,0.5761316872427984,2.7324745711400222,0.0,9.255806451612903,0.04054054054054054,12.871708003576584,1.8068610421836229,83.2,1456,486,74
468,0.8489010989010989,0.9004774176911938,0.0,3.0580952380952375,0.5493827160493827,2.697172611911826,0.0,8.355263157894736,0.05405405405405406,12.263138552140012,1.642928692699491,81.56780487804878,1456,486,74
469,0.8557692307692307,0.8644428129429165,0.0,3.085844155844156,0.5679012345679012,2.5897710609977085,0.0,11.894594594594595,0.08108108108108109,10.642698939774492,2.0307056451612904,50.28780487804878,1456,486,74
470,0.853021978021978,0.7688991774454202,0.0,2.8153658536585366,0.565843621399177,2.3017823885227786,0.0,8.0475,0.06756756756756757,9.24562601989698,1.821173780487805,47.04341463414634,1456,486,74
471,0.8434065934065934,0.8687273195857145,0.0,2.966842105263158,0.5329218106995884,2.6020529764353277,0.0,9.88054054054054,0.05405405405405406,11.311253204128427,2.0307056451612904,46.450322580645164,1456,486,74
472,0.8571428571428571,1.0337305171029503,0.0,2.557894736842105,0.5740740740740741,3.0963835434828493,0.0,14.07157894736842,0.10810810810810811,14.811067951097636,1.6216129032258066,75.1290243902439,1456,486,74
473,0.8605769230769231,0.6984265410225426,0.0,2.311780821917808,0.5843621399176955,2.0918514669950437,0.0,8.35064935064935,0.0945945945945946,8.54226686957649,1.4943164362519201,45.19806451612903,1456,486,74
474,0.8537087912087912,0.6782484253297963,0.0,2.4170731707317072,0.5679012345679012,2.0302031805385226,0.0,8.0475,0.05405405405405406,8.078838034615345,1.4838709677419355,40.28903225806452,1456,486,74
475,0.8489010989010989,0.7005458984042894,0.0,2.8153658536585366,0.551440329218107,2.097557813389742,0.0,7.7621052631578955,0.04054054054054054,7.518062779801905,1.4838709677419355,24.526774193548388,1456,486,74
476,0.8475274725274725,0.9102666644514856,0.0,3.195161290322581,0.5452674897119342,2.7265000672266098,0.0,9.2725,0.05405405405405406,11.779940422299292,1.4929881154499152,81.56780487804878,1456,486,74
477,0.8537087912087912,0.8838175976151471,0.0,2.721578947368421,0.5637860082304527,2.64726171061404,0.0,11.878947368421054,0.05405405405405406,11.6038643204376,1.5671428571428572,50.28780487804878,1456,486,74
478,0.8475274725274725,0.8757376162333318,0.0,3.43972972972973,0.5493827160493827,2.6218580405293612,0.0,11.878947368421054,0.08108108108108109,10.201322517495651,1.5034335839598998,47.70258064516129,1456,486,74
479,0.8578296703296703,0.9519698330079599,0.0,2.492857142857143,0.5761316872427984,2.851437954918434,0.0,11.3275,0.04054054054054054,13.220731893265098,1.4337775891341256,72.01463414634148,1456,486,74
480,0.8358516483516484,0.9724566076356818,0.0,3.195161290322581,0.5102880658436214,2.912724939748051,0.0,10.42,0.08108108108108109,12.331299863602961,1.4838709677419355,81.56780487804878,1456,486,74
481,0.8406593406593407,0.8021547924434586,0.0,2.9688311688311693,0.5267489711934157,2.4019663519103807,0.0,11.346190476190477,0.013513513513513514,9.58186994392681,2.2320543293718167,46.450322580645164,1456,486,74
482,0.8413461538461539,0.9113990036551131,0.0,2.97125,0.5308641975308642,2.728695448113957,0.0,9.386493506493508,0.02702702702702703,11.402416960164409,1.3669354838709677,72.01463414634148,1456,486,74
483,0.8461538461538461,0.886816280978016,0.0,2.6086486486486486,0.5452674897119342,2.6550484435504726,0.0,11.346190476190477,0.06756756756756757,11.161030161430773,1.4838709677419355,48.65560975609756,1456,486,74
484,0.8434065934065934,1.0316521777993024,0.0,3.7473684210526317,0.5349794238683128,3.08951407429332,0.0,12.270731707317072,0.02702702702702703,13.722424031106275,2.8530059523809523,50.28780487804878,1456,486,74
485,0.842032967032967,0.8164391600375771,0.0,3.1402739726027393,0.5308641975308642,2.4447606712869994,0.0,7.7621052631578955,0.04054054054054054,9.935960064400735,1.4838709677419355,47.70258064516129,1456,486,74
486,0.8489010989010989,0.7190094965842844,0.0,2.1598701298701304,0.551440329218107,2.152872626044212,0.0,8.65,0.04054054054054054,8.374790334340213,0.9934204413472706,47.70258064516129,1456,486,74
487,0.8523351648351648,0.8057228011377133,0.0,2.712702702702703,0.5596707818930041,2.4132986989450202,0.0,8.35064935064935,0.04054054054054054,10.5764312280028,1.4838709677419355,50.28780487804878,1456,486,74
488,0.8557692307692307,0.781005565633278,0.0,2.9625000000000004,0.5720164609053497,2.338605705335025,0.0,7.604545454545455,0.04054054054054054,9.175014671858538,1.2455940204563336,72.01463414634148,1456,486,74
489,0.8537087912087912,0.7401005931001724,0.0,2.4587804878048782,0.5637860082304527,2.2166130937322035,0.0,8.355263157894736,0.05405405405405406,8.990457584617669,1.6763748079877114,37.94451612903226,1456,486,74
490,0.8482142857142857,0.6535317871924363,0.0,2.70987012987013,0.5473251028806584,1.9573519575780995,0.0,7.194675324675325,0.04054054054054054,7.1969308453807805,1.4838709677419355,45.19806451612903,1456,486,74
491,0.8475274725274725,0.988213636066055,0.0,3.2039024390243904,0.5452674897119342,2.9600202126398045,0.0,10.47857142857143,0.05405405405405406,13.827993479535314,2.466426146010187,72.01463414634148,1456,486,74
492,0.853021978021978,0.8069528775010867,0.0,2.6086486486486486,0.565843621399177,2.4157868891010716,0.0,8.355263157894736,0.08108108108108109,10.05246973889014,1.5241171477079796,72.01463414634148,1456,486,74
493,0.8482142857142857,0.9061147064209572,0.0,3.168780487804878,0.551440329218107,2.712864302490642,0.0,9.866315789473685,0.08108108108108109,11.930139142086661,2.256726986624705,65.95585365853658,1456,486,74
494,0.8413461538461539,0.8410046880991258,0.0,2.9796774193548385,0.5288065843621399,2.518445194102604,0.0,11.894594594594595,0.04054054054054054,10.182620370693325,2.268292682926829,43.86121951219513,1456,486,74
495,0.8612637362637363,0.9096964358864877,0.0,2.4587804878048782,0.588477366255144,2.72423775537503,0.0,9.386493506493508,0.04054054054054054,12.933797258683096,2.268292682926829,78.31341463414635,1456,486,74
496,0.8557692307692307,1.0924963602680742,0.0,3.335844155844156,0.5720164609053497,3.271796234117459,0.0,12.985853658536586,0.02702702702702703,14.954475690180612,2.5264516129032257,78.31341463414635,1456,486,74
497,0.8557692307692307,0.8437823507012184,0.0,2.9625000000000004,0.5740740740740741,2.526123747083359,0.0,8.355263157894736,0.02702702702702703,11.19168033266407,1.6816383701188458,50.28780487804878,1456,486,74
498,0.8379120879120879,0.9855584929435238,0.0,2.9625000000000004,0.5205761316872428,2.9508687328956977,0.0,10.47857142857143,0.05405405405405406,12.830955201311427,2.0097962648556877,75.1290243902439,1456,486,74
499,0.8502747252747253,0.8270003971354039,0.0,2.70987012987013,0.5534979423868313,2.477043924814645,0.0,10.47857142857143,0.05405405405405406,10.672567808021709,1.0704838709677418,50.28780487804878,1456,486,74
500,0.8372252747252747,0.7448761435702556,0.0,3.087894736842106,0.5185185185185185,2.2298121471189924,0.0,9.255806451612903,0.05405405405405406,7.76801129188697,1.2469354838709676,43.86121951219513,1456,486,74
501,0.8509615384615384,1.017139879904389,0.0,3.124210526315789,0.5596707818930041,3.045482929222899,0.0,12.113658536585366,0.05405405405405406,13.779504298437924,1.642928692699491,81.56780487804878,1456,486,74
502,0.845467032967033,0.8417793558315092,0.0,2.7358536585365854,0.5432098765432098,2.5201230052514725,0.0,10.42,0.02702702702702703,10.087096008056323,1.4337775891341256,65.95585365853658,1456,486,74
503,0.8550824175824175,0.9092111977925669,0.0,2.7347619047619047,0.5720164609053497,2.7221410338426253,0.0,11.348441558441559,0.12162162162162163,12.398782694394262,2.268292682926829,48.65560975609756,1456,486,74
504,0.8365384615384616,0.8290420277995121,0.0,2.966842105263158,0.51440329218107,2.482517410919462,0.0,8.736341463414634,0.04054054054054054,10.028458987960676,1.4929881154499152,65.95585365853658,1456,486,74
505,0.853021978021978,0.7735425724264814,0.0,2.704805194805195,0.5617283950617284,2.316801410397031,0.0,7.5875,0.04054054054054054,10.166114170285331,1.6035483870967744,47.04341463414634,1456,486,74
506,0.8516483516483516,0.8623300985492564,0.0,2.97125,0.5596707818930041,2.5822446352232227,0.0,11.348441558441559,0.08108108108108109,10.235939230973367,1.4838709677419355,47.04341463414634,1456,486,74
507,0.8578296703296703,0.870996157512399,0.0,2.9625000000000004,0.5802469135802469,2.607653176542369,0.0,8.736341463414634,0.04054054054054054,11.52504035389098,1.6816383701188458,72.01463414634148,1456,486,74
508,0.8509615384615384,1.0758324087269642,0.0,3.121818181818182,0.5555555555555556,3.222515959541623,0.0,10.481463414634147,0.04054054054054054,14.940785282209255,1.3455069124423964,101.13707317073171,1456,486,74
509,0.8461538461538461,1.034592083853409,0.0,3.195161290322581,0.5432098765432098,3.0983216940768163,0.0,12.667894736842104,0.02702702702702703,13.6249109246517,2.101777920410783,65.95585365853658,1456,486,74
510,0.8434065934065934,1.065279292408296,0.0,3.302380952380952,0.5349794238683128,3.190346066271641,0.0,12.113658536585366,0.05405405405405406,14.702409284336097,2.0406848030018763,50.28780487804878,1456,486,74
511,0.8502747252747253,0.6784155674080121,0.0,2.4328767123287673,0.5555555555555556,2.0313469230609136,0.0,8.309677419354838,0.05405405405405406,7.198331727092701,1.0691424075531077,42.693548387096776,1456,486,74
512,0.853021978021978,0.7426274977529254,0.0,2.966842105263158,0.5637860082304527,2.2236294361296887,0.0,7.757662337662337,0.02702702702702703,9.264385673902968,2.101777920410783,42.693548387096776,1456,486,74
513,0.8564560439560439,0.8417123642726146,0.0,2.8153658536585366,0.5740740740740741,2.520476279036412,0.0,7.564878048780487,0.08108108108108109,11.54610076042286,1.5123809523809524,81.56780487804878,1456,486,74
514,0.8523351648351648,0.831021576093237,0.0,3.2039024390243904,0.5596707818930041,2.489090913626589,0.0,8.957073170731707,0.04054054054054054,10.468392841331395,2.256726986624705,48.65560975609756,1456,486,74
515,0.845467032967033,1.0120529453660223,0.0,3.0374999999999996,0.5390946502057613,3.0313510050471777,0.0,11.871428571428572,0.02702702702702703,13.924281712374077,2.36283055198973,83.2,1456,486,74
516,0.8392857142857143,0.727850103444878,0.0,2.70987012987013,0.5205761316872428,2.180001069643028,0.0,8.046486486486486,0.0945945945945946,8.241594802283572,1.4838709677419355,47.70258064516129,1456,486,74
517,0.8495879120879121,0.9725116311788669,0.0,2.97125,0.551440329218107,2.912889783943272,0.0,11.346190476190477,0.05405405405405406,13.033103806416676,2.4228560188827695,78.31341463414635,1456,486,74
518,0.8502747252747253,0.7702241442005179,0.0,2.4587804878048782,0.5576131687242798,2.3057518362499847,0.0,8.994736842105263,0.06756756756756757,9.81578574628375,1.613993855606759,48.65560975609756,1456,486,74
519,0.8509615384615384,0.7622638033290136,0.0,2.5774193548387094,0.5596707818930041,2.2819035722398806,0.0,7.7621052631578955,0.05405405405405406,9.693095326678888,1.761935483870968,47.70258064516129,1456,486,74
520,0.842032967032967,0.7259848925041339,0.0,3.1031578947368423,0.5288065843621399,2.174413112585984,0.0,8.355263157894736,0.05405405405405406,7.318274492335065,1.5960776942355892,43.86121951219513,1456,486,74
521,0.8557692307692307,0.9662511540111632,0.0,2.8153658536585366,0.5699588477366255,2.894223147059718,0.0,8.736341463414634,0.04054054054054054,13.56749327054319,1.4838709677419355,75.1290243902439,1456,486,74
522,0.8475274725274725,0.6365506809750479,0.0,2.704805194805195,0.5432098765432098,1.9070324927976743,0.0,6.924675324675325,0.06756756756756757,7.076218227016086,1.4838709677419355,33.435483870967744,1456,486,74
523,0.853021978021978,0.8514860622477373,0.0,2.7358536585365854,0.565843621399177,2.549203179206263,0.0,7.5875,0.0945945945945946,10.908247942501612,1.4838709677419355,65.95585365853658,1456,486,74
524,0.8461538461538461,0.8063791134652957,0.0,2.8769230769230774,0.5452674897119342,2.4140679581625695,0.0,9.386493506493508,0.013513513513513514,9.901709339346663,2.268292682926829,45.19806451612903,1456,486,74
525,0.8537087912087912,0.8444364915520943,0.0,3.2039024390243904,0.565843621399177,2.528726481813555,0.0,9.255806451612903,0.04054054054054054,10.823023787290397,1.8757565789473685,50.28780487804878,1456,486,74
526,0.845467032967033,0.6843642079178965,0.0,2.7358536585365854,0.5411522633744856,2.0490793332494373,0.0,8.309677419354838,0.08108108108108109,6.9689620483095895,1.4943164362519201,37.754634146341466,1456,486,74
527,0.8578296703296703,0.827783723038655,0.0,2.3751351351351353,0.5740740740740741,2.4799446517372052,0.0,8.0475,0.04054054054054054,10.858335917732374,1.4838709677419355,48.65560975609756,1456,486,74
528,0.8660714285714286,0.6137343504328516,0.0,2.449178082191781,0.602880658436214,1.8374804186440352,0.0,8.309677419354838,0.10810810810810811,5.838765500665113,1.0073170731707317,25.752903225806453,1456,486,74
529,0.8482142857142857,0.7669349998398255,0.0,2.4587804878048782,0.551440329218107,2.295897938741408,0.0,7.5875,0.0945945945945946,9.344489010014343,1.13,65.95585365853658,1456,486,74
530,0.8612637362637363,1.0195682126479153,0.0,3.124210526315789,0.5864197530864198,3.0539549112060373,0.0,13.420526315789475,0.06756756756756757,14.221974161675185,3.0875762195121954,81.56780487804878,1456,486,74
531,0.8543956043956044,0.8613239131046405,0.0,2.555844155844156,0.5699588477366255,2.5786762467940223,0.0,8.355263157894736,0.0945945945945946,11.886826371364242,1.7228869047619049,81.56780487804878,1456,486,74
532,0.8468406593406593,0.7615844072039557,0.0,2.5774193548387094,0.5452674897119342,2.28042215250973,0.0,9.866315789473685,0.05405405405405406,8.778134397128015,1.4929881154499152,47.70258064516129,1456,486,74
533,0.8461538461538461,0.6566506304381649,0.0,2.7347619047619047,0.5452674897119342,1.9654986756779973,0.0,8.0475,0.02702702702702703,7.37146833876067,1.761935483870968,31.990243902439026,1456,486,74
534,0.8571428571428571,0.7410853972859267,0.0,2.6086486486486486,0.5720164609053497,2.2202064577125706,0.0,7.198947368421052,0.04054054054054054,9.158585665257318,1.4838709677419355,48.65560975609756,1456,486,74
535,0.8516483516483516,0.8208749757861535,0.0,2.5621621621621617,0.5596707818930041,2.4580498641469317,0.0,7.7621052631578955,0.06756756756756757,11.073570034526208,1.0073170731707317,47.70258064516129,1456,486,74
536,0.8495879120879121,0.8467954966276364,0.0,3.0374999999999996,0.551440329218107,2.5363477619765598,0.0,9.88054054054054,0.12162162162162163,9.723684467732255,1.4838709677419355,47.70258064516129,1456,486,74
537,0.8605769230769231,0.9036408429970357,0.0,2.6086486486486486,0.5843621399176955,2.7066498696182166,0.0,8.994736842105263,0.04054054054054054,12.942951158627688,1.821173780487805,75.1290243902439,1456,486,74
538,0.8605769230769231,0.6766472918776052,0.0,2.475483870967742,0.5823045267489712,2.0271573188761174,0.0,7.564878048780487,0.06756756756756757,8.512202098874969,2.256726986624705,46.450322580645164,1456,486,74
539,0.8592032967032966,1.0576998831791222,0.0,2.862876712328767,0.5781893004115226,3.1687469751209916,0.0,11.871428571428572,0.05405405405405406,15.510975798532815,1.8133713611329663,84.83219512195123,1456,486,74
540,0.8509615384615384,0.705748191750089,0.0,2.721578947368421,0.5555555555555556,2.113697257588744,0.0,7.5875,0.05405405405405406,7.77440517706903,1.4838709677419355,42.693548387096776,1456,486,74
541,0.8502747252747253,0.6535291829878768,0.0,2.7358536585365854,0.5555555555555556,1.956701151566086,0.0,7.422439024390243,0.04054054054054054,7.043315963072319,1.5019354838709678,31.990243902439026,1456,486,74
542,0.8619505494505495,0.9539970153755459,0.0,2.5774193548387094,0.5905349794238683,2.856868155591696,0.0,11.871428571428572,0.04054054054054054,13.469166096001238,1.6549842643587727,81.56780487804878,1456,486,74
543,0.8578296703296703,0.8012836450536466,0.0,2.70987012987013,0.5802469135802469,2.3988025219334315,0.0,9.2725,0.04054054054054054,10.37239426043872,1.5960776942355892,46.450322580645164,1456,486,74
544,0.8413461538461539,0.9966884222395832,0.0,2.7891780821917806,0.5288065843621399,2.9847666913818975,0.0,12.667894736842104,0.05405405405405406,12.604944857648956,1.0073170731707317,65.95585365853658,1456,486,74
545,0.8516483516483516,0.9912672556173835,0.0,2.7891780821917806,0.5617283950617284,2.9679715280667667,0.0,9.386493506493508,0.02702702702702703,13.937207558879651,1.515,84.83219512195123,1456,486,74
546,0.8440934065934066,0.9313228984825535,0.0,2.557894736842105,0.5370370370370371,2.7889391140357347,0.0,9.859480519480519,0.013513513513513514,12.101114094289873,1.5330645161290322,81.56780487804878,1456,486,74
547,0.8516483516483516,0.7274560921485811,0.0,2.605,0.5596707818930041,2.1781776530845747,0.0,7.757662337662337,0.04054054054054054,9.048766703522569,1.8068610421836229,46.450322580645164,1456,486,74
548,0.8571428571428571,0.9639935055249169,0.0,2.96,0.5761316872427984,2.8869055195592956,0.0,11.871428571428572,0.02702702702702703,13.262288579032155,2.029119106699752,81.56780487804878,1456,486,74
549,0.8489010989010989,0.9869221368361024,0.0,2.805,0.5534979423868313,2.9549540528701717,0.0,9.386493506493508,0.0945945945945946,13.41469837986834,2.268292682926829,81.56780487804878,1456,486,74
550,0.8523351648351648,0.8912256820058355,0.0,2.7115789473684213,0.5617283950617284,2.6688124737268843,0.0,9.859480519480519,0.013513513513513514,11.600274410124172,1.4838709677419355,83.2,1456,486,74
551,0.8351648351648352,0.72700439176046,0.0,2.7891780821917806,0.5102880658436214,2.176824410769545,0.0,8.65,0.10810810810810811,7.098215753246551,1.5019354838709678,19.85225806451613,1456,486,74
552,0.8317307692307693,0.7674508513443836,0.0,3.124210526315789,0.5,2.298086374524611,0.011097560975609766,8.355263157894736,0.04054054054054054,8.111152505151713,1.0691424075531077,47.70258064516129,1456,486,74
553,0.8612637362637363,0.8534559483776172,0.0,2.5774193548387094,0.588477366255144,2.5556587038448146,0.0,9.255806451612903,0.06756756756756757,11.818111719165827,2.256726986624705,72.01463414634148,1456,486,74
554,0.8502747252747253,0.8098504774238968,0.0,2.7891780821917806,0.5576131687242798,2.424467764589984,0.0,8.35064935064935,0.0945945945945946,9.69136732654738,1.4838709677419355,65.95585365853658,1456,486,74
555,0.8358516483516484,0.7725225254438336,0.0,2.965844155844156,0.5102880658436214,2.3138344985123274,0.0,9.255806451612903,0.06756756756756757,8.660497323629546,1.0073170731707317,46.450322580645164,1456,486,74
556,0.8482142857142857,0.7830935123535651,0.0,2.557894736842105,0.5473251028806584,2.345503957237778,0.0,8.65,0.06756756756756757,9.70717081829602,1.4943164362519201,50.28780487804878,1456,486,74
557,0.845467032967033,0.6790409809886112,0.0,2.492857142857143,0.5411522633744856,2.033131558745241,0.0,6.682857142857143,0.013513513513513514,8.942348567502922,1.6603225806451614,40.28903225806452,1456,486,74
558,0.8557692307692307,0.590297502549275,0.0,2.268292682926829,0.5740740740740741,1.7667123501507878,0.0,5.7774193548387105,0.05405405405405406,6.802367838478004,1.0073170731707317,43.86121951219513,1456,486,74
559,0.8427197802197802,0.8713159377915736,0.0,3.195161290322581,0.5308641975308642,2.6098081783030866,0.0,9.866315789473685,0.06756756756756757,10.714885807043117,1.5413157894736844,48.65560975609756,1456,486,74
560,0.8489010989010989,0.896496698159712,0.0,3.222876712328768,0.5493827160493827,2.685157803540207,0.0,11.871428571428572,0.013513513513513514,11.517046822365652,2.466426146010187,50.28780487804878,1456,486,74
561,0.8502747252747253,0.660948993358331,0.0,2.4875,0.5555555555555556,1.9790190798174245,0.0,7.422439024390243,0.0945945945945946,7.726383769046302,1.0073170731707317,40.7690243902439,1456,486,74
562,0.8564560439560439,0.8673132464792459,0.0,2.50987012987013,0.5740740740740741,2.597173572231587,0.0,8.35064935064935,0.08108108108108109,11.285052596756834,1.5960776942355892,78.31341463414635,1456,486,74
563,0.8434065934065934,1.16711822404991,0.0,3.1402739726027393,0.5329218106995884,3.495997743719009,0.0,14.063376623376623,0.08108108108108109,15.883693264801048,1.6894407894736845,101.13707317073171,1456,486,74
564,0.8523351648351648,0.8770147650536478,0.0,2.9688311688311693,0.5617283950617284,2.6263272353490734,0.0,7.5875,0.04054054054054054,12.144277818580457,1.5254454685099845,78.31341463414635,1456,486,74
565,0.8379120879120879,0.9565347959233113,0.0,2.596842105263158,0.5185185185185185,2.8645600850326742,0.0,8.309677419354838,0.06756756756756757,12.990342437418144,1.0086585365853658,84.83219512195123,1456,486,74
566,0.8571428571428571,0.9538546548321251,0.0,2.7073684210526316,0.5740740740740741,2.857084663922517,0.0,8.65,0.10810810810810811,13.398928793129821,1.7213003663003663,101.13707317073171,1456,486,74
567,0.8440934065934066,0.7772627688621225,0.0,2.70987012987013,0.5349794238683128,2.3279466902536017,0.0,8.309677419354838,0.02702702702702703,9.31228987429609,1.4838709677419355,46.450322580645164,1456,486,74
568,0.8427197802197802,1.0078038027154093,0.0,2.6054794520547944,0.5349794238683128,3.0175131177266965,0.0,8.355263157894736,0.05405405405405406,14.987987619970285,1.8084475806451614,101.13707317073171,1456,486,74
569,0.842032967032967,1.0317538091954221,0.0,3.2039024390243904,0.5308641975308642,3.0899075815845127,0.0,12.97162162162162,0.06756756756756757,13.143876736806776,1.1286585365853659,83.2,1456,486,74
570,0.8502747252747253,0.7179828469960443,0.0,2.862876712328767,0.5576131687242798,2.1492429293987225,0.0,9.88054054054054,0.06756756756756757,7.974359766402811,1.8084475806451614,47.04341463414634,1456,486,74
571,0.8516483516483516,0.8438318353451025,0.0,2.4587804878048782,0.5596707818930041,2.526825970150696,0.0,9.859480519480519,0.10810810810810811,12.01033106522555,1.8133713611329663,72.01463414634148,1456,486,74
572,0.8427197802197802,0.9091682473129228,0.0,3.0580952380952375,0.5349794238683128,2.722012359154638,0.0,8.957073170731707,0.05405405405405406,12.023085468087281,1.4337775891341256,75.1290243902439,1456,486,74
573,0.8461538461538461,0.42627056099109245,0.0,2.2968831168831167,0.5432098765432098,1.2758605062423867,0.0,5.421369863013699,0.05405405405405406,3.3870266464168646,1.0073170731707317,8.957073170731707,1456,486,74
574,0.8550824175824175,0.7697187425120434,0.0,2.5774193548387094,0.5679012345679012,2.3053456565792905,0.0,8.0475,0.06756756756756757,9.5368524277909,1.515,48.65560975609756,1456,486,74
575,0.8578296703296703,0.7296437340806845,0.0,2.605,0.5781893004115226,2.184731576239189,0.0,7.579473684210527,0.04054054054054054,9.423666055746706,1.821173780487805,47.04341463414634,1456,486,74
576,0.8523351648351648,0.7814822391513546,0.0,2.3751351351351353,0.5617283950617284,2.340033764269839,0.0,6.9125000000000005,0.04054054054054054,10.97594978819794,1.8068610421836229,48.65560975609756,1456,486,74
577,0.8372252747252747,0.6210264424972387,0.0,2.605,0.5185185185185185,1.8587727134516834,0.0,7.194675324675325,0.02702702702702703,6.6241477676773135,1.5019354838709678,33.435483870967744,1456,486,74
578,0.8523351648351648,0.9152105671096882,0.0,2.4573684210526316,0.5596707818930041,2.7413114299227885,0.0,7.7621052631578955,0.0,12.876396888178743,1.821173780487805,84.83219512195123,1456,486,74
579,0.8468406593406593,0.9300041543814355,0.0,2.7073684210526316,0.5473251028806584,2.7844343358866426,0.0,7.7621052631578955,0.06756756756756757,12.838944219844128,0.9371303258145363,101.13707317073171,1456,486,74
580,0.8537087912087912,0.8097988674574269,0.0,2.6086486486486486,0.5637860082304527,2.425510123968689,0.0,7.579473684210527,0.05405405405405406,10.987475660555706,2.243620025673941,72.01463414634148,1456,486,74
581,0.845467032967033,0.8473807545523736,0.0,2.6028571428571428,0.5390946502057613,2.5381011272819447,0.0,8.309677419354838,0.06756756756756757,11.077221093522262,1.0704838709677418,75.1290243902439,1456,486,74
582,0.8468406593406593,0.9663605460212772,0.0,3.168780487804878,0.5411522633744856,2.895104845693374,0.0,10.47857142857143,0.06756756756756757,13.138284031146185,2.0422713414634144,65.95585365853658,1456,486,74
583,0.8447802197802198,1.1145204517180214,0.0,2.7128571428571426,0.5390946502057613,3.3377778743461075,0.0,14.07157894736842,0.04054054054054054,15.964498390480239,2.243620025673941,78.31341463414635,1456,486,74
584,0.8413461538461539,0.8875201795222458,0.0,3.43972972972973,0.5308641975308642,2.6571572424813343,0.0,10.42,0.04054054054054054,10.399441504945564,1.2573259762308997,65.95585365853658,1456,486,74
585,0.8468406593406593,0.9729774255332725,0.0,3.2039024390243904,0.5452674897119342,2.91382030872013,0.0,12.97162162162162,0.05405405405405406,12.615921540488603,1.5254454685099845,72.01463414634148,1456,486,74
586,0.8592032967032966,0.935277337832836,0.0,2.19,0.5823045267489712,2.800875190012649,0.0,8.65,0.05405405405405406,14.140837260779158,1.5034335839598998,107.39463414634147,1456,486,74
587,0.8468406593406593,0.7248634828778434,0.0,3.0580952380952375,0.5473251028806584,2.1698565216701207,0.0,9.88054054054054,0.02702702702702703,7.60052892905449,1.3168421052631578,40.7690243902439,1456,486,74
588,0.8537087912087912,0.7600030308582376,0.0,2.604736842105263,0.565843621399177,2.2756845311941634,0.0,9.255806451612903,0.06756756756756757,9.420009379886833,1.5330645161290322,43.86121951219513,1456,486,74
589,0.8550824175824175,0.7549788743271947,0.0,2.7347619047619047,0.5679012345679012,2.2612757412575406,0.0,7.422439024390243,0.08108108108108109,9.670317912317918,1.4838709677419355,48.65560975609756,1456,486,74
590,0.845467032967033,0.8485234194854736,0.0,3.124210526315789,0.5411522633744856,2.540881415641191,0.0,10.47857142857143,0.05405405405405406,10.745681365362925,2.090212224108659,72.01463414634148,1456,486,74
591,0.8550824175824175,0.8892716162185436,0.0,2.5774193548387094,0.5699588477366255,2.6629583177880014,0.0,8.736341463414634,0.0945945945945946,12.174829640042175,1.5241171477079796,84.83219512195123,1456,486,74
592,0.8468406593406593,0.7487365719112661,0.0,3.0580952380952375,0.5432098765432098,2.2425745224970632,0.0,9.859480519480519,0.013513513513513514,8.01607153057855,1.6603225806451614,40.28903225806452,1456,486,74
593,0.8571428571428571,0.8975663488888278,0.0,2.9625000000000004,0.5740740740740741,2.6884513852117333,0.0,11.348441558441559,0.02702702702702703,10.821798195499564,1.4838709677419355,65.95585365853658,1456,486,74
594,0.8461538461538461,0.8810796603880621,0.0,2.5621621621621617,0.5432098765432098,2.6384161620489457,0.0,9.859480519480519,0.04054054054054054,11.030649789867278,0.8979934210526316,72.01463414634148,1456,486,74
595,0.8509615384615384,0.9483875954465207,0.0,2.511578947368421,0.5555555555555556,2.8407059839524766,0.0,10.481463414634147,0.04054054054054054,13.081888021537464,1.4838709677419355,83.2,1456,486,74
596,0.8523351648351648,0.7920753788698721,0.0,2.721578947368421,0.5637860082304527,2.37121561748163,0.0,8.957073170731707,0.06756756756756757,9.804719717620122,1.4838709677419355,42.693548387096776,1456,486,74
597,0.8557692307692307,0.8955833464135499,0.0,3.124210526315789,0.5699588477366255,2.682421506950882,0.0,8.65,0.0945945945945946,12.11307826912663,1.4943164362519201,50.28780487804878,1456,486,74
598,0.8537087912087912,0.9692598980413389,0.0,2.3751351351351353,0.565843621399177,2.9026830247113744,0.0,11.348441558441559,0.02702702702702703,14.092460113760374,1.829244482173175,50.28780487804878,1456,486,74
599,0.8592032967032966,0.9276680024070223,0.0,2.5774193548387094,0.5823045267489712,2.7780784978727633,0.0,12.985853658536586,0.05405405405405406,12.306260007594975,2.016012145748988,65.95585365853658,1456,486,74
600,0.8509615384615384,0.6696838052519676,0.0,2.425844155844156,0.5596707818930041,2.004544565655151,0.0,7.757662337662337,0.04054054054054054,7.331804057434649,1.4838709677419355,43.86121951219513,1456,486,74
601,0.8358516483516484,0.9133611646748216,0.0,3.164878048780488,0.5123456790123457,2.7351278292125714,0.0,10.481463414634147,0.013513513513513514,11.541702484715136,1.5960776942355892,65.95585365853658,1456,486,74
602,0.8461538461538461,0.8937069841588151,0.0,3.0580952380952375,0.5432098765432098,2.676246169065852,0.0,11.3275,0.06756756756756757,11.703724591792058,2.243620025673941,72.01463414634148,1456,486,74
603,0.8489010989010989,0.7922956089108822,0.0,3.087894736842106,0.551440329218107,2.3724293740843905,0.0,8.0475,0.05405405405405406,9.53711071648287,1.5254454685099845,50.28780487804878,1456,486,74
604,0.8495879120879121,0.8173430578804837,0.0,2.50987012987013,0.5534979423868313,2.4474686450715093,0.0,8.65,0.05405405405405406,10.3640159988361,1.0073170731707317,50.28780487804878,1456,486,74
605,0.8413461538461539,1.1096232786317735,0.0,3.195161290322581,0.5288065843621399,3.3231065080630273,0.0,9.859480519480519,0.04054054054054054,14.849127384565316,1.0073170731707317,101.13707317073171,1456,486,74
606,0.8468406593406593,0.8557109071900734,0.0,2.555844155844156,0.5473251028806584,2.5618603278400935,0.0,7.550476190476191,0.013513513513513514,11.19812890301249,1.4838709677419355,78.31341463414635,1456,486,74
607,0.8440934065934066,0.8672999679107896,0.0,2.7891780821917806,0.5370370370370371,2.5972228225095644,0.0,7.7621052631578955,0.013513513513513514,11.411204662987371,1.4838709677419355,65.95585365853658,1456,486,74
608,0.8592032967032966,0.745678712214102,0.0,2.5621621621621617,0.5823045267489712,2.2327705230751063,0.0,8.994736842105263,0.05405405405405406,9.153304485352113,1.3455069124423964,43.86121951219513,1456,486,74
609,0.8392857142857143,0.9782345349278152,0.0,2.605,0.522633744855967,2.9294809713696877,0.0,11.871428571428572,0.06756756756756757,12.66236865270042,1.4337775891341256,78.31341463414635,1456,486,74
610,0.8509615384615384,0.7589816527573403,0.0,3.0374999999999996,0.5534979423868313,2.2738215769849535,0.0,11.915263157894737,0.08108108108108109,8.390929530083868,1.4838709677419355,45.19806451612903,1456,486,74
611,0.8413461538461539,0.7840232206795439,0.0,3.0374999999999996,0.5308641975308642,2.347092279364104,0.0,8.65,0.05405405405405406,8.910713957552776,1.5671428571428572,47.70258064516129,1456,486,74
612,0.8392857142857143,0.7154615743810155,0.0,2.704805194805195,0.5246913580246914,2.1416894871611047,0.0,8.65,0.013513513513513514,8.395762335964648,2.0229032258064517,37.94451612903226,1456,486,74
613,0.8489010989010989,0.7515620239018381,0.0,2.97125,0.551440329218107,2.2503962469791063,0.0,8.0475,0.0945945945945946,8.623879622774039,2.035629425649095,46.450322580645164,1456,486,74
614,0.8495879120879121,0.9306455841405196,0.0,2.8769230769230774,0.5534979423868313,2.786998989650484,0.0,8.736341463414634,0.04054054054054054,12.618263263877912,1.4838709677419355,101.13707317073171,1456,486,74
615,0.8489010989010989,0.9308122967201364,0.0,3.2039024390243904,0.5493827160493827,2.7880524141055303,0.0,11.3275,0.06756756756756757,12.041380710300826,2.3426829268292684,65.95585365853658,1456,486,74
616,0.8502747252747253,1.0478477752613635,0.0,2.7358536585365854,0.5555555555555556,3.138123249469308,0.0,11.346190476190477,0.04054054054054054,15.085595998961978,2.0225224646983313,107.39463414634147,1456,486,74
617,0.8475274725274725,0.8844164751336137,0.0,3.195161290322581,0.5473251028806584,2.6484128745376765,0.0,12.667894736842104,0.05405405405405406,11.013726935352624,2.4372207958921694,47.70258064516129,1456,486,74
618,0.8509615384615384,1.074134569789249,0.0,3.2424999999999997,0.5555555555555556,3.2173403983809603,0.0,11.346190476190477,0.05405405405405406,14.886156551645986,1.5034335839598998,107.39463414634147,1456,486,74
619,0.845467032967033,1.0313195257841057,0.0,2.966842105263158,0.5411522633744856,3.0885174871860634,0.0,10.481463414634147,0.013513513513513514,14.126140892756073,1.0086585365853658,78.31341463414635,1456,486,74
620,0.8516483516483516,0.8365018080401752,0.0,3.164878048780488,0.5555555555555556,2.506063029848755,0.0,9.386493506493508,0.05405405405405406,10.684611667530422,1.8084475806451614,48.65560975609756,1456,486,74
621,0.8482142857142857,0.8574326346488632,0.0,2.7115789473684213,0.5493827160493827,2.567572397694473,0.0,9.88054054054054,0.02702702702702703,11.04202803292147,1.8068610421836229,65.95585365853658,1456,486,74
622,0.8592032967032966,0.8863892837296504,0.0,3.129189189189189,0.5802469135802469,2.6549661858871203,0.0,11.915263157894737,0.08108108108108109,11.295592522492576,1.4838709677419355,45.19806451612903,1456,486,74
623,0.8475274725274725,0.7471202724057018,0.0,2.966842105263158,0.5493827160493827,2.2365352985272433,0.0,9.859480519480519,0.04054054054054054,8.960766935252861,1.4838709677419355,43.86121951219513,1456,486,74
624,0.8489010989010989,1.261509604898471,0.0,3.121818181818182,0.551440329218107,3.7781404402529697,0.0,15.842337662337663,0.02702702702702703,19.093436166460336,1.1911904761904761,101.13707317073171,1456,486,74
625,0.8550824175824175,0.776231472932087,0.0,2.8769230769230774,0.5679012345679012,2.3249460778186997,0.0,9.859480519480519,0.02702702702702703,8.750072446511895,1.4929881154499152,45.19806451612903,1456,486,74
626,0.8447802197802198,0.9741468433715561,0.0,2.7115789473684213,0.5411522633744856,2.916680745700667,0.0,11.346190476190477,0.04054054054054054,13.651403442635896,2.0229032258064517,81.56780487804878,1456,486,74
627,0.8516483516483516,0.9960741930466074,0.0,2.7073684210526316,0.5617283950617284,2.9823725587189274,0.0,11.871428571428572,0.05405405405405406,13.409770803153707,1.0073170731707317,72.01463414634148,1456,486,74
628,0.8427197802197802,0.7183489460837924,0.0,2.7128571428571426,0.5349794238683128,2.1503397200813583,0.0,7.604545454545455,0.06756756756756757,7.798156335346411,1.1904838709677419,37.94451612903226,1456,486,74
629,0.8461538461538461,0.9786629409903946,0.0,2.966842105263158,0.5432098765432098,2.9307644265695143,0.0,11.894594594594595,0.04054054054054054,12.980081124386194,1.5543803056027166,81.56780487804878,1456,486,74
630,0.8447802197802198,0.9336122910351032,0.0,2.9625000000000004,0.5390946502057613,2.795797870324855,0.0,8.65,0.06756756756756757,12.514569096129875,1.8084475806451614,81.56780487804878,1456,486,74
631,0.8468406593406593,0.8534495437132366,0.0,3.085844155844156,0.5473251028806584,2.5550855434321216,0.0,9.386493506493508,0.05405405405405406,10.743204951368359,1.6816383701188458,75.1290243902439,1456,486,74
632,0.8447802197802198,0.8549708133584576,0.0,2.449178082191781,0.5411522633744856,2.559643091998874,0.0,9.255806451612903,0.02702702702702703,11.777948165905508,1.6216129032258066,65.95585365853658,1456,486,74
633,0.845467032967033,0.8172642719155341,0.0,2.712702702702703,0.5432098765432098,2.446678638622543,0.0,8.35064935064935,0.02702702702702703,9.553152227025757,1.3455069124423964,43.86121951219513,1456,486,74
634,0.8461538461538461,0.9907298203259453,0.0,2.862876712328767,0.5432098765432098,2.9670044379755445,0.0,9.859480519480519,0.05405405405405406,14.282689712291093,2.268292682926829,75.1290243902439,1456,486,74
635,0.8667582417582418,0.6750600956936745,0.0,2.0417808219178086,0.6049382716049383,2.021205285104443,0.0,6.790243902439025,0.08108108108108109,8.71797757647604,1.131674347158218,47.04341463414634,1456,486,74
636,0.853021978021978,0.8770790593181111,0.0,2.8153658536585366,0.565843621399177,2.6258768494417866,0.0,8.994736842105263,0.05405405405405406,11.594804100497374,1.6816383701188458,72.01463414634148,1456,486,74
637,0.8392857142857143,0.9240225636922724,0.0,3.129189189189189,0.5246913580246914,2.7665141794186976,0.0,10.481463414634147,0.02702702702702703,11.976588791117084,1.7095670628183361,65.95585365853658,1456,486,74
638,0.8550824175824175,0.9955272693722778,0.0,3.085844155844156,0.5699588477366255,2.9812880111868427,0.0,11.915263157894737,0.05405405405405406,13.267038292113684,2.3426829268292684,75.1290243902439,1456,486,74
639,0.8399725274725275,0.8463782427193032,0.0,3.121818181818182,0.522633744855967,2.535008686006801,0.0,9.866315789473685,0.05405405405405406,9.790513784486775,1.4838709677419355,81.56780487804878,1456,486,74
640,0.8399725274725275,0.7219867308040739,0.0,2.704805194805195,0.5246913580246914,2.1617920767109076,0.0,6.924675324675325,0.08108108108108109,8.072640798677487,1.0073170731707317,40.28903225806452,1456,486,74
641,0.8523351648351648,0.8446226073715936,0.0,2.805,0.5617283950617284,2.5292840633633302,0.0,9.866315789473685,0.06756756756756757,10.239433870120468,1.3455069124423964,50.28780487804878,1456,486,74
642,0.8550824175824175,0.8790166592844416,0.0,2.7358536585365854,0.5720164609053497,2.631681675678365,0.0,9.255806451612903,0.04054054054054054,11.560820091508965,1.5123809523809524,78.31341463414635,1456,486,74
643,0.845467032967033,0.9432403929391009,0.0,2.97125,0.5411522633744856,2.824642554218313,0.0,9.866315789473685,0.013513513513513514,12.994372371792116,2.268292682926829,75.1290243902439,1456,486,74
644,0.8399725274725275,0.7644317369898477,0.0,2.5774193548387094,0.5246913580246914,2.28895242446088,0.0,7.757662337662337,0.02702702702702703,9.413553163265314,1.2455940204563336,47.70258064516129,1456,486,74
645,0.8509615384615384,0.5434610395974169,0.0,2.5621621621621617,0.5596707818930041,1.6263957039411059,0.0,7.198947368421052,0.08108108108108109,4.698971769389385,1.4838709677419355,19.85225806451613,1456,486,74
646,0.8427197802197802,0.7801793224117939,0.0,2.7347619047619047,0.5308641975308642,2.3367733799636645,0.0,9.2725,0.08108108108108109,9.15660070533973,1.4838709677419355,47.70258064516129,1456,486,74
647,0.8509615384615384,0.8025960719617022,0.0,2.712702702702703,0.5555555555555556,2.4039313786152423,0.0,8.0475,0.0945945945945946,10.24273637233188,1.5413157894736844,78.31341463414635,1456,486,74
648,0.8612637362637363,0.9495118348384404,0.0,2.96,0.588477366255144,2.8434310715134536,0.0,9.255806451612903,0.05405405405405406,13.300309698584732,2.3041463414634142,81.56780487804878,1456,486,74
649,0.8585164835164835,0.7064312875221266,0.0,2.3825000000000003,0.5802469135802469,2.1151897610349497,0.0,6.412432432432433,0.05405405405405406,8.493406194894197,1.5034335839598998,45.19806451612903,1456,486,74
650,0.8571428571428571,0.8123728514792649,0.0,2.70987012987013,0.5761316872427984,2.4326675107311693,0.0,8.0475,0.04054054054054054,9.957040740548495,1.613993855606759,78.31341463414635,1456,486,74
651,0.842032967032967,0.7501326957840163,0.0,3.1402739726027393,0.5329218106995884,2.2455601718581613,0.0,7.7621052631578955,0.02702702702702703,7.8977122447294095,1.4838709677419355,31.990243902439026,1456,486,74
652,0.8523351648351648,0.9115990364182541,0.0,2.8769230769230774,0.5596707818930041,2.730402668775675,0.0,8.957073170731707,0.04054054054054054,11.702198099891948,1.4838709677419355,81.56780487804878,1456,486,74
653,0.8440934065934066,0.7064771946234525,0.0,2.5774193548387094,0.5370370370370371,2.1153272934208154,0.0,7.564878048780487,0.04054054054054054,8.70027028545655,1.4943164362519201,43.86121951219513,1456,486,74
654,0.8585164835164835,0.9062852142354064,0.0,2.7115789473684213,0.5823045267489712,2.7133751242557413,0.0,8.309677419354838,0.05405405405405406,12.984829498943256,1.5034335839598998,75.1290243902439,1456,486,74
655,0.8592032967032966,0.8912512449024829,0.0,2.425844155844156,0.5781893004115226,2.6700860341111423,0.0,8.843333333333334,0.06756756756756757,12.580228397038928,1.46490662139219,78.31341463414635,1456,486,74
656,0.8461538461538461,0.9025869691919477,0.0,2.605,0.5432098765432098,2.702849581016965,0.0,7.550476190476191,0.06756756756756757,12.396747798821513,1.4838709677419355,78.31341463414635,1456,486,74
657,0.8564560439560439,0.7994319835627458,0.0,2.3751351351351353,0.5740740740740741,2.39380913024306,0.0,9.88054054054054,0.05405405405405406,9.56033659919385,1.0073170731707317,47.04341463414634,1456,486,74
658,0.8605769230769231,0.7532548434259445,0.0,2.449178082191781,0.5843621399176955,2.2561107433311607,0.0,7.757662337662337,0.0945945945945946,10.082561323859073,1.4838709677419355,47.70258064516129,1456,486,74
659,0.8495879120879121,0.8886853669941581,0.0,3.244634146341463,0.551440329218107,2.6618449867783203,0.0,12.270731707317072,0.10810810810810811,10.264703752109286,1.515,47.70258064516129,1456,486,74
660,0.8502747252747253,0.5736946170354964,0.0,2.492857142857143,0.5555555555555556,1.717525991017391,0.0,6.412432432432433,0.0945945945945946,5.9282155138403585,1.1904838709677419,43.86121951219513,1456,486,74
661,0.8598901098901099,0.9201334092674903,0.0,2.8153658536585366,0.5823045267489712,2.755970666447461,0.0,11.348441558441559,0.06756756756756757,12.506805370065313,1.7406960950764006,78.31341463414635,1456,486,74
662,0.8495879120879121,0.8970147482407136,0.0,2.8153658536585366,0.5555555555555556,2.6856018763374845,0.0,9.386493506493508,0.0945945945945946,11.919011462883415,1.642928692699491,84.83219512195123,1456,486,74
663,0.8489010989010989,0.8054708335121165,0.0,3.2039024390243904,0.5493827160493827,2.4124548016330074,0.0,11.871428571428572,0.013513513513513514,8.908705951005349,1.5960776942355892,37.94451612903226,1456,486,74
664,0.8543956043956044,0.5553950065269392,0.0,2.557894736842105,0.5679012345679012,1.662702466530849,0.0,5.7774193548387105,0.06756756756756757,5.853898407365373,1.4838709677419355,37.754634146341466,1456,486,74
665,0.8523351648351648,0.9041738364879031,0.0,2.6054794520547944,0.5617283950617284,2.7076926839257727,0.0,10.481463414634147,0.04054054054054054,12.326918987583353,1.8068610421836229,83.2,1456,486,74
666,0.8447802197802198,0.7950060633081565,0.0,2.9796774193548385,0.5370370370370371,2.3811925872581177,0.0,8.65,0.06756756756756757,9.71747795781951,2.0225224646983313,45.19806451612903,1456,486,74
667,0.8564560439560439,0.7439324910315112,0.0,2.492857142857143,0.5761316872427984,2.2269850728465403,0.0,8.309677419354838,0.06756756756756757,8.775924561449013,1.3669354838709677,47.04341463414634,1456,486,74
668,0.8516483516483516,0.9812025371355265,0.0,2.966842105263158,0.5617283950617284,2.9378187912157716,0.0,12.270731707317072,0.04054054054054054,13.338563713120942,1.7213003663003663,75.1290243902439,1456,486,74
669,0.8413461538461539,0.9140118031046,0.0,2.5621621621621617,0.5267489711934157,2.73772007109273,0.0,7.5875,0.06756756756756757,12.54423682946378,1.5241171477079796,83.2,1456,486,74
670,0.8447802197802198,1.0196190777249943,0.0,3.1031578947368423,0.5370370370370371,3.054107297115969,0.0,9.255806451612903,0.02702702702702703,13.774535814069854,1.3081259600614439,101.13707317073171,1456,486,74
671,0.8592032967032966,0.8198176842882527,0.0,2.7128571428571426,0.5802469135802469,2.4554363134232426,0.0,7.757662337662337,0.08108108108108109,10.838648285008073,2.077105263157895,65.95585365853658,1456,486,74
672,0.8523351648351648,1.0256265581110882,0.0,2.7891780821917806,0.5596707818930041,3.0720159847937123,0.0,11.915263157894737,0.02702702702702703,14.213695003680149,2.090212224108659,78.31341463414635,1456,486,74
673,0.8502747252747253,0.7875624867476445,0.0,2.721578947368421,0.5576131687242798,2.357695512687467,0.0,7.604545454545455,0.05405405405405406,10.168293946678016,2.268292682926829,48.65560975609756,1456,486,74
674,0.8543956043956044,0.8556023288500217,0.0,3.085844155844156,0.5679012345679012,2.562089012420578,0.0,11.348441558441559,0.08108108108108109,10.394518273313565,1.4838709677419355,50.28780487804878,1456,486,74
675,0.8523351648351648,0.8742113998560903,0.0,3.0374999999999996,0.5617283950617284,2.617839644899664,0.0,8.957073170731707,0.0945945945945946,10.98007182955227,1.4838709677419355,75.1290243902439,1456,486,74
676,0.8468406593406593,0.8933575413730688,0.0,3.0580952380952375,0.5432098765432098,2.6757532515209634,0.0,9.88054054054054,0.05405405405405406,11.669999481942085,1.5034335839598998,65.95585365853658,1456,486,74
677,0.8537087912087912,1.0297070244046036,0.0,2.966842105263158,0.5637860082304527,3.0842405916318985,0.0,11.894594594594595,0.06756756756756757,14.319509274326425,1.5254454685099845,101.13707317073171,1456,486,74
678,0.845467032967033,0.7189431498913514,0.0,2.3825000000000003,0.5411522633744856,2.1526738589970718,0.0,7.194675324675325,0.0,8.611969124055106,1.3455069124423964,78.31341463414635,1456,486,74
679,0.8475274725274725,0.659945814352776,0.0,2.7115789473684213,0.5473251028806584,1.975924639770393,0.0,7.604545454545455,0.05405405405405406,6.783232025826699,1.1690552995391705,37.754634146341466,1456,486,74
680,0.8406593406593407,0.959819065052948,0.0,3.2039024390243904,0.5288065843621399,2.873756372795537,0.0,9.866315789473685,0.02702702702702703,12.049790227072853,1.5019354838709678,75.1290243902439,1456,486,74
681,0.853021978021978,0.8004093046851728,0.0,2.425844155844156,0.5637860082304527,2.396826103051749,0.0,8.957073170731707,0.04054054054054054,10.280454841089366,1.4838709677419355,50.28780487804878,1456,486,74
682,0.8509615384615384,0.8927130983712337,0.0,2.8153658536585366,0.5555555555555556,2.6739116058833035,0.0,8.843333333333334,0.05405405405405406,12.316768871591018,2.256726986624705,81.56780487804878,1456,486,74
683,0.8461538461538461,0.8786631055329185,0.0,2.97125,0.5432098765432098,2.6311764421537007,0.0,9.859480519480519,0.06756756756756757,11.18479993325846,1.4838709677419355,65.95585365853658,1456,486,74
684,0.8502747252747253,0.8562017445191323,0.0,3.1402739726027393,0.551440329218107,2.5650817695881822,0.0,11.3275,0.05405405405405406,10.051865494630983,1.4838709677419355,47.70258064516129,1456,486,74
685,0.8406593406593407,0.7085746073720142,0.0,2.7073684210526316,0.5267489711934157,2.121699931677348,0.0,6.178048780487805,0.02702702702702703,8.64787291757992,2.0175986842105265,46.450322580645164,1456,486,74
686,0.8468406593406593,0.7147612451780132,0.0,2.492857142857143,0.5432098765432098,2.140699327117669,0.0,9.866315789473685,0.05405405405405406,7.501693547149545,1.0073170731707317,31.990243902439026,1456,486,74
687,0.8495879120879121,0.7973023353576109,0.0,3.0374999999999996,0.5534979423868313,2.3874289496120387,0.0,9.255806451612903,0.013513513513513514,9.913207013717543,1.8806803594351733,46.450322580645164,1456,486,74
688,0.853021978021978,0.7069907000201829,0.0,2.5774193548387094,0.5617283950617284,2.1175087005353,0.0,6.924675324675325,0.05405405405405406,9.123583378490931,1.4838709677419355,48.65560975609756,1456,486,74
689,0.8489010989010989,0.695770621185447,0.0,3.124210526315789,0.551440329218107,2.083340664418826,0.0,7.604545454545455,0.04054054054054054,7.41837829868051,1.3669354838709677,42.693548387096776,1456,486,74
690,0.8482142857142857,0.8003832067705359,0.0,3.2039024390243904,0.5473251028806584,2.3972128581438277,0.0,8.843333333333334,0.02702702702702703,9.752796450418867,2.268292682926829,40.7690243902439,1456,486,74
691,0.8489010989010989,0.8405844320641328,0.0,2.5621621621621617,0.551440329218107,2.5171861554463284,0.0,8.994736842105263,0.02702702702702703,11.209570250138597,1.7697379032258067,65.95585365853658,1456,486,74
692,0.8427197802197802,0.9400508239617543,0.0,3.1402739726027393,0.5329218106995884,2.8150869730845343,0.0,9.88054054054054,0.04054054054054054,12.802124662515595,1.8068610421836229,78.31341463414635,1456,486,74
693,0.845467032967033,0.9687009519244578,0.0,3.164878048780488,0.5411522633744856,2.901008486550513,0.0,11.3275,0.02702702702702703,12.980145120820563,2.466426146010187,75.1290243902439,1456,486,74
694,0.8489010989010989,0.9507193450417529,0.0,2.96,0.551440329218107,2.8470486329455995,0.0,9.859480519480519,0.02702702702702703,13.513581358974388,2.36283055198973,72.01463414634148,1456,486,74
695,0.8605769230769231,0.9358182253984338,0.0,3.121818181818182,0.588477366255144,2.801852622719461,0.0,12.113658536585366,0.05405405405405406,12.177285912749674,2.0344689221085757,48.65560975609756,1456,486,74
696,0.8495879120879121,0.8797437477278132,0.0,2.9688311688311693,0.551440329218107,2.634967894427358,0.0,10.47857142857143,0.04054054054054054,10.973209868722932,1.8757565789473685,72.01463414634148,1456,486,74
697,0.8543956043956044,0.6879262272224694,0.0,2.557894736842105,0.565843621399177,2.060393736762726,0.0,9.255806451612903,0.08108108108108109,7.51403988305581,1.4337775891341256,13.875853658536585,1456,486,74
698,0.8557692307692307,0.8599505343668638,0.0,2.721578947368421,0.5740740740740741,2.574561762345045,0.0,6.412432432432433,0.013513513513513514,12.47909301621606,1.4838709677419355,75.1290243902439,1456,486,74
699,0.8516483516483516,0.7936081062857266,0.0,2.511578947368421,0.5576131687242798,2.376915437761354,0.0,8.35064935064935,0.04054054054054054,10.079912289518354,1.613993855606759,48.65560975609756,1456,486,74
700,0.8598901098901099,0.7522715660489134,0.0,2.268292682926829,0.5802469135802469,2.2537189303852223,0.0,7.550476190476191,0.08108108108108109,10.648005106794395,1.4838709677419355,48.65560975609756,1456,486,74
701,0.8385989010989011,1.0080962870306898,0.0,3.164878048780488,0.5205761316872428,3.018943339809575,0.0,8.355263157894736,0.08108108108108109,13.752522475254679,1.5241171477079796,107.39463414634147,1456,486,74
702,0.8406593406593407,0.8488393178824879,0.0,3.164878048780488,0.5267489711934157,2.5419168421778617,0.0,11.3275,0.05405405405405406,9.860888869899933,2.0225224646983313,37.754634146341466,1456,486,74
703,0.8461538461538461,0.9932021043412438,0.0,2.97125,0.5432098765432098,2.9743220846741156,0.0,11.346190476190477,0.06756756756756757,12.999778804196973,1.3669354838709677,78.31341463414635,1456,486,74
704,0.853021978021978,0.8356940731160742,0.0,2.7115789473684213,0.5637860082304527,2.5024461721970646,0.0,9.866315789473685,0.05405405405405406,10.660906288691963,1.4838709677419355,65.95585365853658,1456,486,74
705,0.8489010989010989,0.7930211368969918,0.0,2.7891780821917806,0.5473251028806584,2.3757999492222637,0.0,8.046486486486486,0.06756756756756757,9.391022328369242,1.5330645161290322,72.01463414634148,1456,486,74
706,0.8461538461538461,0.8279932533208616,0.0,2.965844155844156,0.5432098765432098,2.4793754034278677,0.0,12.97162162162162,0.04054054054054054,9.026251856164741,1.6346774193548388,47.04341463414634,1456,486,74
707,0.8392857142857143,0.7303036365588221,0.0,3.2039024390243904,0.522633744855967,2.186797599364575,0.0,10.47857142857143,0.05405405405405406,6.894588002639345,1.4838709677419355,25.752903225806453,1456,486,74
708,0.8612637362637363,0.6880273546066661,0.0,2.50987012987013,0.588477366255144,2.0600536986380145,0.0,7.194675324675325,0.06756756756756757,8.644500065741965,2.0225224646983313,42.693548387096776,1456,486,74
709,0.8509615384615384,0.7009480553483544,0.0,2.965844155844156,0.5576131687242798,2.09885166059412,0.0,7.579473684210527,0.05405405405405406,8.236674704208763,1.6816383701188458,43.86121951219513,1456,486,74
710,0.8399725274725275,0.7839734620029019,0.0,3.087894736842106,0.5267489711934157,2.3469432081023944,0.0,8.994736842105263,0.02702702702702703,8.999291295252826,1.5960776942355892,37.94451612903226,1456,486,74
711,0.8468406593406593,0.9069146068212168,0.0,3.085844155844156,0.5432098765432098,2.716457688811648,0.0,11.346190476190477,0.08108108108108109,11.576017656667554,1.4838709677419355,72.01463414634148,1456,486,74
712,0.8537087912087912,0.7112233771128199,0.0,2.311780821917808,0.5637860082304527,2.130189313388961,0.0,7.5875,0.08108108108108109,8.598023009279842,1.1904838709677419,43.86121951219513,1456,486,74
713,0.8468406593406593,0.7180551532891617,0.0,2.268292682926829,0.5452674897119342,2.150102554836539,0.0,6.924675324675325,0.08108108108108109,8.413750517350746,1.1085714285714285,48.65560975609756,1456,486,74
714,0.8482142857142857,0.7359977005616622,0.0,2.34,0.5473251028806584,2.2044103317871384,0.0,7.579473684210527,0.06756756756756757,8.9227705180498,1.4943164362519201,50.28780487804878,1456,486,74
715,0.8598901098901099,0.9366994461042528,0.0,2.7115789473684213,0.5823045267489712,2.805689635305682,0.0,8.957073170731707,0.05405405405405406,13.288915914710305,1.6527035330261137,81.56780487804878,1456,486,74
716,0.8461538461538461,1.0180946888337465,0.0,3.0374999999999996,0.5452674897119342,3.048343426756118,0.0,10.42,0.02702702702702703,14.357013900364219,2.047195121951219,78.31341463414635,1456,486,74
717,0.8434065934065934,0.7226439424154303,0.0,2.3751351351351353,0.5349794238683128,2.163850038309475,0.0,7.419677419354839,0.013513513513513514,8.76129344363676,1.1085714285714285,45.19806451612903,1456,486,74
718,0.8564560439560439,0.8991408907288075,0.0,3.129189189189189,0.5740740740740741,2.6926145583594283,0.0,11.346190476190477,0.0945945945945946,11.105584554909347,1.0073170731707317,47.04341463414634,1456,486,74
719,0.8516483516483516,0.8854818408111956,0.0,2.9625000000000004,0.5596707818930041,2.651604587349527,0.0,9.255806451612903,0.02702702702702703,11.907240891745943,1.5330645161290322,50.28780487804878,1456,486,74
720,0.8516483516483516,0.7449416338099631,0.0,2.5774193548387094,0.5576131687242798,2.231205325222378,0.0,8.355263157894736,0.05405405405405406,9.036496394190735,1.8146634615384616,43.86121951219513,1456,486,74
721,0.8537087912087912,0.8212953316091021,0.0,2.2984210526315794,0.5637860082304527,2.45995220587165,0.0,10.481463414634147,0.12162162162162163,9.873381383296726,1.0086585365853658,50.28780487804878,1456,486,74
722,0.8468406593406593,0.5956026551175123,0.0,3.0374999999999996,0.5432098765432098,1.783802952843348,0.0,7.604545454545455,0.02702702702702703,6.115428591420041,2.256726986624705,37.94451612903226,1456,486,74
723,0.8385989010989011,1.0690779800177252,0.0,3.168780487804878,0.5205761316872428,3.2017264966406302,0.0,9.88054054054054,0.08108108108108109,14.188927885706637,1.4838709677419355,101.13707317073171,1456,486,74
724,0.8365384615384616,1.0451110609846168,0.0,2.7891780821917806,0.5123456790123457,3.1304783416139323,0.0,11.3275,0.06756756756756757,14.071871453435932,1.4838709677419355,78.31341463414635,1456,486,74
725,0.8633241758241759,1.1316918977140003,0.0,2.6054794520547944,0.5967078189300411,3.3886675751710342,0.0,11.894594594594595,0.04054054054054054,17.07543630763151,2.115075046904315,110.58341463414635,1456,486,74
726,0.8523351648351648,0.8181309807444622,0.0,2.5774193548387094,0.5637860082304527,2.449275198406328,0.0,8.35064935064935,0.013513513513513514,10.884306679915971,1.6589194139194139,75.1290243902439,1456,486,74
727,0.8399725274725275,0.5599185054490698,0.0,2.7115789473684213,0.5246913580246914,1.6762543480753394,0.0,6.412432432432433,0.0,5.267853852550994,1.4838709677419355,37.94451612903226,1456,486,74
728,0.8516483516483516,0.8881198024396612,0.0,2.9688311688311693,0.5617283950617284,2.6589536436495576,0.0,8.994736842105263,0.05405405405405406,11.816516495863313,1.5254454685099845,72.01463414634148,1456,486,74
729,0.8509615384615384,1.057248348891242,0.0,2.8153658536585366,0.5555555555555556,3.1668402576469497,0.0,11.894594594594595,0.04054054054054054,15.157982256563876,1.5323684210526318,83.2,1456,486,74
730,0.8502747252747253,0.7794784408416656,0.0,3.164878048780488,0.5555555555555556,2.334030615424351,0.0,10.42,0.06756756756756757,9.192069109494417,1.515,45.19806451612903,1456,486,74
731,0.8502747252747253,0.8505282166260253,0.0,2.7073684210526316,0.5534979423868313,2.5475305609840784,0.0,10.42,0.013513513513513514,10.879818432469682,1.6641014120667523,48.65560975609756,1456,486,74
732,0.8468406593406593,1.0638337755685474,0.0,2.70987012987013,0.5473251028806584,3.1853724602661395,0.0,9.866315789473685,0.05405405405405406,15.697236575093708,1.6796029776674937,107.39463414634147,1456,486,74
733,0.8427197802197802,0.70484916299547,0.0,2.5774193548387094,0.5349794238683128,2.1098959254793064,0.0,7.757662337662337,0.05405405405405406,7.885858988085814,1.4838709677419355,40.7690243902439,1456,486,74
734,0.8434065934065934,0.7251081342892449,0.0,2.805,0.5349794238683128,2.1711434418845883,0.0,8.0475,0.10810810810810811,7.712455223437226,1.3455069124423964,45.19806451612903,1456,486,74
735,0.8434065934065934,0.8230765538211617,0.0,2.712702702702703,0.5349794238683128,2.4646455382600427,0.0,8.843333333333334,0.05405405405405406,10.613879459719454,1.5254454685099845,72.01463414634148,1456,486,74
736,0.8468406593406593,1.0489027322912474,0.0,3.4725,0.5452674897119342,3.1412837791720056,0.0,11.894594594594595,0.04054054054054054,14.458340301273939,2.8572196620583714,78.31341463414635,1456,486,74
737,0.8502747252747253,0.9924465320033125,0.0,3.2039024390243904,0.5576131687242798,2.9715045042353117,0.0,11.871428571428572,0.013513513513513514,13.387797036104033,2.928300248138958,72.01463414634148,1456,486,74
738,0.8447802197802198,0.9895378608621915,0.0,2.596842105263158,0.5390946502057613,2.9633444334282304,0.0,9.255806451612903,0.04054054054054054,14.124970022035999,1.587826420890937,83.2,1456,486,74
739,0.8489010989010989,0.7529623477911132,0.0,2.511578947368421,0.551440329218107,2.2546804873362127,0.0,5.1568421052631574,0.05405405405405406,9.945527451073488,1.4838709677419355,81.56780487804878,1456,486,74
740,0.8626373626373627,0.7643907949420314,0.0,2.218947368421053,0.5925925925925926,2.2888297668032243,0.0,8.65,0.05405405405405406,9.508877073269879,1.4838709677419355,47.04341463414634,1456,486,74
741,0.8495879120879121,0.7616903141994418,0.0,2.311780821917808,0.5534979423868313,2.280739437664931,0.0,8.843333333333334,0.08108108108108109,9.443569049734213,1.4838709677419355,47.70258064516129,1456,486,74
742,0.842032967032967,0.9644437801763749,0.0,2.7115789473684213,0.5308641975308642,2.888254490531564,0.0,11.878947368421054,0.02702702702702703,12.644411166164552,1.7213003663003663,81.56780487804878,1456,486,74
743,0.8612637362637363,0.66420587631273,0.0,2.3751351351351353,0.588477366255144,1.9887763258701097,0.0,7.7621052631578955,0.06756756756756757,8.418862936505462,2.047195121951219,37.94451612903226,1456,486,74
744,0.8337912087912088,0.892357618626824,0.0,3.1031578947368423,0.5082304526748971,2.67164965263826,0.0,7.7621052631578955,0.013513513513513514,11.532357677339405,2.047195121951219,72.01463414634148,1456,486,74
745,0.8482142857142857,0.9175146131855049,0.0,2.7347619047619047,0.551440329218107,2.7470171095877234,0.0,9.866315789473685,0.013513513513513514,12.682807768820208,2.268292682926829,72.01463414634148,1456,486,74
746,0.8475274725274725,0.8751420704529791,0.0,2.96,0.5473251028806584,2.6206278267701784,0.0,8.957073170731707,0.02702702702702703,11.04942084946697,1.3455069124423964,101.13707317073171,1456,486,74
747,0.8475274725274725,0.7413844184436554,0.0,2.492857142857143,0.5493827160493827,2.2193513409783967,0.0,7.579473684210527,0.02702702702702703,9.298618184890211,1.821173780487805,42.693548387096776,1456,486,74
748,0.8482142857142857,0.8056244306736798,0.0,2.7115789473684213,0.5473251028806584,2.4130039923696445,0.0,8.994736842105263,0.0945945945945946,10.30987782583656,2.0406848030018763,43.86121951219513,1456,486,74
749,0.8468406593406593,0.7981658721395076,0.0,2.7891780821917806,0.5473251028806584,2.3894620335322254,0.0,9.255806451612903,0.05405405405405406,10.29952394660773,1.5566973886328725,45.19806451612903,1456,486,74
750,0.8461538461538461,0.9880570685183838,0.0,2.9796774193548385,0.5411522633744856,2.959462122968656,0.0,11.348441558441559,0.013513513513513514,13.187290751285223,2.268292682926829,75.1290243902439,1456,486,74
751,0.8489010989010989,0.7430830694253561,0.0,2.97125,0.5493827160493827,2.225637280481662,0.0,9.859480519480519,0.0945945945945946,9.071448526170617,1.6035483870967744,40.7690243902439,1456,486,74
752,0.8372252747252747,0.7759946090521511,0.0,2.475483870967742,0.5164609053497943,2.3235934568121426,0.0,7.7621052631578955,0.04054054054054054,9.619956139618083,1.1072299651567945,50.28780487804878,1456,486,74
753,0.8461538461538461,0.7016056624163461,0.0,2.9796774193548385,0.5390946502057613,2.1019297211485597,0.0,7.604545454545455,0.06756756756756757,8.05657502065283,1.4838709677419355,45.19806451612903,1456,486,74
754,0.8482142857142857,0.9013156396797216,0.0,2.965844155844156,0.551440329218107,2.698486851512784,0.0,9.866315789473685,0.05405405405405406,11.65629476104853,1.4943164362519201,75.1290243902439,1456,486,74
755,0.8379120879120879,0.8088518361345703,0.0,2.7073684210526316,0.5185185185185185,2.4220299231331355,0.0,7.550476190476191,0.02702702702702703,10.027989644370422,1.4838709677419355,50.28780487804878,1456,486,74
756,0.8509615384615384,0.8030015045571413,0.0,2.712702702702703,0.5555555555555556,2.4051460079546647,0.0,11.3275,0.12162162162162163,9.653449450233376,1.4337775891341256,40.7690243902439,1456,486,74
757,0.8475274725274725,0.9804591396647834,0.0,3.5848051948051953,0.5473251028806584,2.936234662167619,0.0,11.894594594594595,0.08108108108108109,12.189243129287464,1.1072299651567945,78.31341463414635,1456,486,74
758,0.8392857142857143,0.850607626172735,0.0,2.96,0.5246913580246914,2.546571485944528,0.0,8.994736842105263,0.06756756756756757,10.731312795411464,1.7681513647642682,46.450322580645164,1456,486,74
759,0.8523351648351648,0.9002066267685968,0.0,3.121818181818182,0.5637860082304527,2.6951643766185502,0.0,9.2725,0.05405405405405406,11.961934056183791,1.9038964346349747,81.56780487804878,1456,486,74
760,0.8509615384615384,0.9986357738753129,0.0,2.9688311688311693,0.5596707818930041,2.990046759720152,0.0,11.348441558441559,0.05405405405405406,13.877264087999214,1.6654297328687573,72.01463414634148,1456,486,74
761,0.8482142857142857,0.6965404616118839,0.0,2.4170731707317072,0.5452674897119342,2.0867549631829276,0.0,7.757662337662337,0.04054054054054054,8.017523471771396,1.6816383701188458,33.435483870967744,1456,486,74
762,0.8475274725274725,0.9836484288867513,0.0,3.085844155844156,0.5493827160493827,2.9451464010712933,0.0,11.915263157894737,0.013513513513513514,13.086610216250833,2.5173938879456705,83.2,1456,486,74
763,0.8523351648351648,0.7933209230103556,0.0,2.4170731707317072,0.5637860082304527,2.374947124207029,0.0,7.7621052631578955,0.04054054054054054,10.334756092341733,1.5658145363408522,45.19806451612903,1456,486,74
764,0.8434065934065934,0.7148047737060333,0.0,3.2039024390243904,0.5370370370370371,2.139721788019595,0.0,8.355263157894736,0.04054054054054054,6.833479060628917,2.101777920410783,42.693548387096776,1456,486,74
765,0.8434065934065934,1.015194192637641,0.0,3.085844155844156,0.5349794238683128,3.040207847142335,0.0,12.667894736842104,0.02702702702702703,13.188971875578051,2.0406848030018763,81.56780487804878,1456,486,74
766,0.8523351648351648,0.9329809919323683,0.0,3.0580952380952375,0.5617283950617284,2.793906570955344,0.0,12.270731707317072,0.05405405405405406,11.669402513735664,2.256726986624705,75.1290243902439,1456,486,74
767,0.8564560439560439,0.799116587254809,0.0,2.4242857142857144,0.5740740740740741,2.392864239246443,0.0,9.386493506493508,0.04054054054054054,9.72940294494968,1.4838709677419355,47.04341463414634,1456,486,74
768,0.8550824175824175,0.8444341053651034,0.0,3.0580952380952375,0.5720164609053497,2.5280763289570554,0.0,9.255806451612903,0.04054054054054054,10.685007715399244,1.587826420890937,72.01463414634148,1456,486,74
769,0.8495879120879121,0.9511112038488433,0.0,3.164878048780488,0.5534979423868313,2.8482225967791868,0.0,12.667894736842104,0.04054054054054054,12.345550486731902,2.243620025673941,65.95585365853658,1456,486,74
770,0.8537087912087912,0.7847646275267277,0.0,2.492857142857143,0.5679012345679012,2.349313448848671,0.0,9.386493506493508,0.05405405405405406,10.031159550537993,1.1286585365853659,46.450322580645164,1456,486,74
771,0.8482142857142857,1.079348337804034,0.0,3.0580952380952375,0.551440329218107,3.2318523010374736,0.0,10.481463414634147,0.013513513513513514,15.504098035626436,1.9957592446892212,84.83219512195123,1456,486,74
772,0.8475274725274725,0.7829100281649745,0.0,2.9625000000000004,0.5473251028806584,2.344311255635745,0.0,7.550476190476191,0.0,9.763823732572336,1.821173780487805,47.04341463414634,1456,486,74
773,0.8489010989010989,0.7969195497618654,0.0,2.425844155844156,0.5534979423868313,2.3857281952979723,0.0,7.564878048780487,0.06756756756756757,10.540543826790696,1.5330645161290322,72.01463414634148,1456,486,74
774,0.853021978021978,0.7193685880011493,0.0,2.50987012987013,0.565843621399177,2.153394449776156,0.0,7.419677419354839,0.0945945945945946,9.197550339655837,1.5019354838709678,46.450322580645164,1456,486,74
775,0.8571428571428571,0.6440786485793102,0.0,2.3751351351351353,0.5761316872427984,1.9283884394284876,0.0,7.198947368421052,0.13513513513513514,6.6689700580874645,1.0073170731707317,45.19806451612903,1456,486,74
776,0.8495879120879121,0.9047938952367859,0.0,2.6054794520547944,0.551440329218107,2.7101042812665215,0.0,11.915263157894737,0.04054054054054054,11.822588823320608,1.4838709677419355,50.28780487804878,1456,486,74
777,0.8475274725274725,0.7596063644570571,0.0,2.596842105263158,0.5493827160493827,2.2739421915864475,0.0,9.859480519480519,0.08108108108108109,8.781390866973474,1.5747619047619048,45.19806451612903,1456,486,74
778,0.8392857142857143,0.8270347471768239,0.0,3.087894736842106,0.522633744855967,2.476592860804515,0.0,9.866315789473685,0.05405405405405406,9.266840877680277,1.5336967418546368,47.04341463414634,1456,486,74
779,0.8440934065934066,0.8359908053978292,0.0,2.7128571428571426,0.5390946502057613,2.5027811751456337,0.0,11.871428571428572,0.02702702702702703,9.94981462361623,1.5960776942355892,45.19806451612903,1456,486,74
780,0.8434065934065934,1.0280924873388502,0.0,3.222876712328768,0.5370370370370371,3.0782956790677045,0.0,10.47857142857143,0.02702702702702703,14.726954633417298,2.6469981238273923,78.31341463414635,1456,486,74
781,0.8592032967032966,0.5231025569833725,0.0,2.268292682926829,0.5823045267489712,1.5659580086390112,0.0,5.7275,0.02702702702702703,5.523066998082812,1.5110526315789474,19.85225806451613,1456,486,74
782,0.8495879120879121,0.9158952197195208,0.0,2.596842105263158,0.5555555555555556,2.742165593360413,0.0,11.3275,0.06756756756756757,12.728112729047085,2.268292682926829,65.95585365853658,1456,486,74
783,0.8447802197802198,0.8504792321164666,0.0,3.1031578947368423,0.5411522633744856,2.546186832146325,0.0,8.843333333333334,0.013513513513513514,11.144362000013373,2.3785365853658536,43.86121951219513,1456,486,74
784,0.8502747252747253,0.9680340630345367,0.0,2.721578947368421,0.5576131687242798,2.8983675601642465,0.0,12.113658536585366,0.05405405405405406,13.893969334111574,2.268292682926829,75.1290243902439,1456,486,74
785,0.8461538461538461,0.7406311355812887,0.0,2.8153658536585366,0.5411522633744856,2.2182915692121927,0.0,9.2725,0.0945945945945946,7.669059313188339,1.2954135338345865,45.19806451612903,1456,486,74
786,0.8379120879120879,0.819589203321876,0.0,2.966842105263158,0.5205761316872428,2.453643865222613,0.0,8.994736842105263,0.05405405405405406,9.790976771661583,1.3081259600614439,45.19806451612903,1456,486,74
787,0.8509615384615384,0.9251767137733656,0.0,2.4587804878048782,0.5555555555555556,2.771079825625556,0.0,9.866315789473685,0.04054054054054054,12.711950290689343,1.642928692699491,78.31341463414635,1456,486,74
788,0.8564560439560439,0.7329250933374097,0.0,2.4242857142857144,0.5720164609053497,2.1951161232495235,0.0,7.422439024390243,0.05405405405405406,9.651939703632838,1.5034335839598998,45.19806451612903,1456,486,74
789,0.8475274725274725,0.7873827954312786,0.0,3.0580952380952375,0.5452674897119342,2.3583541551002285,0.0,7.5875,0.08108108108108109,9.704794978792686,2.0422713414634144,45.19806451612903,1456,486,74
790,0.8502747252747253,0.8692691649889684,0.0,2.97125,0.5555555555555556,2.603122310052421,0.0,11.346190476190477,0.04054054054054054,11.358932184190166,2.268292682926829,47.04341463414634,1456,486,74
791,0.8585164835164835,0.5794140592173492,0.0,2.4573684210526316,0.5802469135802469,1.734660780763847,0.0,7.5875,0.06756756756756757,5.950720413310634,1.4838709677419355,26.989032258064515,1456,486,74
792,0.8461538461538461,0.7460178442588704,0.0,3.2039024390243904,0.5452674897119342,2.2332325508280944,0.0,10.481463414634147,0.08108108108108109,7.560753096774464,1.0691424075531077,46.450322580645164,1456,486,74
793,0.8502747252747253,0.772411757399411,0.0,2.7891780821917806,0.5555555555555556,2.312859646099407,0.0,7.419677419354839,0.02702702702702703,9.247800160480784,1.4838709677419355,50.28780487804878,1456,486,74
794,0.8543956043956044,0.485176018186693,0.0,2.311780821917808,0.5679012345679012,1.4523344685403174,0.0,7.194675324675325,0.04054054054054054,4.502759050473423,1.4838709677419355,13.420526315789475,1456,486,74
795,0.8447802197802198,0.6846884471695498,0.0,2.712702702702703,0.5390946502057613,2.050050716686489,0.0,8.046486486486486,0.06756756756756757,7.885290575116682,1.4838709677419355,40.7690243902439,1456,486,74
796,0.8434065934065934,0.6915756781464327,0.0,2.7347619047619047,0.5370370370370371,2.0701300943266348,0.0,9.859480519480519,0.04054054054054054,7.22571537923923,1.4838709677419355,43.86121951219513,1456,486,74
797,0.845467032967033,0.9186046671837791,0.0,3.2039024390243904,0.5411522633744856,2.750925789878849,0.0,9.386493506493508,0.05405405405405406,12.132842245912665,2.268292682926829,72.01463414634148,1456,486,74
798,0.8440934065934066,0.7582197099607932,0.0,2.605,0.5329218106995884,2.2715388841623767,0.0,7.5875,0.05405405405405406,8.401533148761528,1.0073170731707317,42.693548387096776,1456,486,74
799,0.8468406593406593,0.823850487855534,0.0,3.0374999999999996,0.5452674897119342,2.466964155449438,0.0,8.994736842105263,0.04054054054054054,10.20534537646693,2.268292682926829,50.28780487804878,1456,486,74
800,0.8468406593406593,0.9874370128438089,0.0,2.9625000000000004,0.5432098765432098,2.957604507614374,0.0,12.213809523809523,0.04054054054054054,12.550767098620037,1.0073170731707317,75.1290243902439,1456,486,74
801,0.8564560439560439,0.5725338016821264,0.0,2.2451612903225806,0.5720164609053497,1.7146913260904222,0.0,6.790243902439025,0.04054054054054054,6.504201462012526,1.258032581453634,13.875853658536585,1456,486,74
802,0.842032967032967,0.7793684330723328,0.0,2.966842105263158,0.5329218106995884,2.3331470720470264,0.0,8.355263157894736,0.06756756756756757,8.87512231106544,1.7697379032258067,47.70258064516129,1456,486,74
803,0.8516483516483516,0.8789902788257707,0.0,2.475483870967742,0.5596707818930041,2.6321566156401057,0.0,7.5875,0.02702702702702703,12.608787712041833,2.268292682926829,75.1290243902439,1456,486,74
804,0.8468406593406593,0.8888178467824005,0.0,2.965844155844156,0.5411522633744856,2.6627958537349286,0.0,10.481463414634147,0.04054054054054054,10.908423068630194,1.5960776942355892,50.28780487804878,1456,486,74
805,0.8537087912087912,0.6686570487312294,0.0,2.6086486486486486,0.5637860082304527,2.002576466980803,0.0,7.564878048780487,0.04054054054054054,8.298346492479972,1.8084475806451614,40.7690243902439,1456,486,74
806,0.8489010989010989,1.0282713037818687,0.0,2.965844155844156,0.5534979423868313,3.078831392526624,0.0,11.346190476190477,0.04054054054054054,14.609396229603018,2.3426829268292684,78.31341463414635,1456,486,74
807,0.8509615384615384,1.0060631284717902,0.0,2.7128571428571426,0.5576131687242798,3.012852231040526,0.0,11.346190476190477,0.05405405405405406,13.744868209387601,1.4929881154499152,75.1290243902439,1456,486,74
808,0.8440934065934066,0.9875352944636028,0.0,2.712702702702703,0.5370370370370371,2.9573449752464507,0.0,11.894594594594595,0.04054054054054054,13.535270213260866,1.4929881154499152,75.1290243902439,1456,486,74
809,0.8578296703296703,0.7000316370585662,0.0,2.449178082191781,0.5761316872427984,2.0966601497696327,0.0,5.878701298701299,0.05405405405405406,8.687955178769524,1.4337775891341256,65.95585365853658,1456,486,74
810,0.8482142857142857,1.035061074157706,0.0,3.087894736842106,0.5473251028806584,3.10028070776465,0.0,10.47857142857143,0.04054054054054054,15.266050569591037,2.3041463414634142,75.1290243902439,1456,486,74
811,0.8440934065934066,0.872589815051474,0.0,2.6054794520547944,0.5370370370370371,2.6129815636743117,0.0,9.386493506493508,0.05405405405405406,10.762217614308721,1.5671428571428572,101.13707317073171,1456,486,74
812,0.8592032967032966,0.8681047851705294,0.0,2.449178082191781,0.5802469135802469,2.6000989037207627,0.0,7.422439024390243,0.06756756756756757,12.69859788916018,1.8195872420262664,72.01463414634148,1456,486,74
813,0.842032967032967,0.8221669729475543,0.0,2.965844155844156,0.5288065843621399,2.4625635428856136,0.0,8.994736842105263,0.05405405405405406,9.808331366875251,1.4337775891341256,50.28780487804878,1456,486,74
814,0.8447802197802198,0.9794256483924138,0.0,3.222876712328768,0.5411522633744856,2.9324954372857874,0.0,11.348441558441559,0.06756756756756757,12.785143113956263,1.4838709677419355,81.56780487804878,1456,486,74
815,0.845467032967033,0.8553312123213217,0.0,2.712702702702703,0.5432098765432098,2.560722805764162,0.0,8.957073170731707,0.04054054054054054,10.755477915222082,1.4838709677419355,75.1290243902439,1456,486,74
816,0.8502747252747253,0.7548378530397865,0.0,3.2039024390243904,0.5534979423868313,2.2607642263908008,0.0,11.348441558441559,0.08108108108108109,7.840876604865746,1.6641014120667523,33.435483870967744,1456,486,74
817,0.8550824175824175,0.900111752095636,0.0,2.2968831168831167,0.5720164609053497,2.694880143030421,0.0,11.346190476190477,0.0945945945945946,11.909801306024443,1.1904838709677419,81.56780487804878,1456,486,74
818,0.8571428571428571,0.9471454771800355,0.0,2.721578947368421,0.5740740740740741,2.836984740750825,0.0,8.994736842105263,0.02702702702702703,13.475759312119177,2.3426829268292684,72.01463414634148,1456,486,74
819,0.8585164835164835,0.80482708300369,0.0,2.34,0.5781893004115226,2.410526199286775,0.0,7.757662337662337,0.08108108108108109,9.89615796781598,0.9523684210526314,72.01463414634148,1456,486,74
820,0.8434065934065934,0.8447664485404895,0.0,2.449178082191781,0.5349794238683128,2.529625963592021,0.0,7.579473684210527,0.02702702702702703,10.978468526559132,1.4838709677419355,48.65560975609756,1456,486,74
821,0.8523351648351648,0.7581007886109599,0.0,3.124210526315789,0.5637860082304527,2.269431659833531,0.0,7.579473684210527,0.02702702702702703,9.832171522832342,1.9489082462253193,45.19806451612903,1456,486,74
822,0.8482142857142857,0.7501989411219058,0.0,2.3825000000000003,0.5493827160493827,2.246312608033465,0.0,7.564878048780487,0.06756756756756757,9.284699825532055,1.0073170731707317,65.95585365853658,1456,486,74
823,0.853021978021978,1.192818100100231,0.0,3.085844155844156,0.5617283950617284,3.5729916110631796,0.0,14.252926829268294,0.04054054054054054,17.0977796562885,1.642258064516129,83.2,1456,486,74
824,0.8434065934065934,0.722505875437912,0.0,2.9625000000000004,0.5349794238683128,2.1634364055537825,0.0,7.328095238095237,0.02702702702702703,8.679841382918891,1.4838709677419355,43.86121951219513,1456,486,74
825,0.8509615384615384,0.8543506987927598,0.0,3.0374999999999996,0.5576131687242798,2.5584283043288,0.0,9.88054054054054,0.04054054054054054,10.983979860620249,2.268292682926829,46.450322580645164,1456,486,74
826,0.8413461538461539,0.762816095989505,0.0,2.7347619047619047,0.5288065843621399,2.284112150188248,0.0,9.386493506493508,0.013513513513513514,8.487350946071105,1.4838709677419355,33.435483870967744,1456,486,74
827,0.8550824175824175,0.8193774122190581,0.0,2.4875,0.5679012345679012,2.454117309034874,0.0,9.859480519480519,0.08108108108108109,9.771058684678737,1.3074193548387096,47.04341463414634,1456,486,74
828,0.8543956043956044,1.0705630041869387,0.0,2.97125,0.5699588477366255,3.2055324538224723,0.0,12.113658536585366,0.02702702702702703,15.134821234260318,2.268292682926829,78.31341463414635,1456,486,74
829,0.8550824175824175,1.0000634524532728,0.0,3.2742105263157892,0.5679012345679012,2.9955208971249676,0.0,12.113658536585366,0.013513513513513514,13.909967583522105,2.5307894736842105,75.1290243902439,1456,486,74
830,0.8516483516483516,0.7274985642875484,0.0,2.97125,0.5596707818930041,2.178393926058043,0.0,8.994736842105263,0.04054054054054054,8.22077646080449,1.6605059523809524,37.94451612903226,1456,486,74
831,0.8550824175824175,0.9882389608557356,0.0,2.805,0.5720164609053497,2.9588991059001843,0.0,11.348441558441559,0.06756756756756757,13.301287196233545,1.5232512733446522,78.31341463414635,1456,486,74
832,0.8372252747252747,0.9790046556302254,0.0,3.2875609756097557,0.5164609053497943,2.931788164255921,0.0,9.88054054054054,0.04054054054054054,12.14248013744921,1.642928692699491,81.56780487804878,1456,486,74
833,0.8461538461538461,1.078055028815951,0.0,3.476575342465754,0.5432098765432098,3.228620700447661,0.0,11.878947368421054,0.02702702702702703,15.529761397183469,2.6494991511035653,101.13707317073171,1456,486,74
834,0.845467032967033,0.9484384130658315,0.0,2.9796774193548385,0.5432098765432098,2.8396612507929824,0.0,8.957073170731707,0.04054054054054054,12.244381708784816,1.3455069124423964,78.31341463414635,1456,486,74
835,0.845467032967033,1.1288426204866777,0.0,2.7115789473684213,0.5432098765432098,3.3801314689097555,0.0,14.063376623376623,0.08108108108108109,16.294944733460692,1.5747619047619048,84.83219512195123,1456,486,74
836,0.8509615384615384,0.979867712700899,0.0,3.0580952380952375,0.5576131687242798,2.934462815131785,0.0,12.270731707317072,0.10810810810810811,13.172707245645126,1.7213003663003663,75.1290243902439,1456,486,74
837,0.8447802197802198,0.8830425415076995,0.0,2.8769230769230774,0.5390946502057613,2.6443857590468087,0.0,8.957073170731707,0.05405405405405406,12.035572161805133,2.0307056451612904,78.31341463414635,1456,486,74
838,0.8495879120879121,0.8462036560181189,0.0,2.70987012987013,0.5493827160493827,2.5351286484822655,0.0,9.255806451612903,0.05405405405405406,11.100664554040057,1.5019354838709678,75.1290243902439,1456,486,74
839,0.8523351648351648,0.6468018551959503,0.0,2.8153658536585366,0.5617283950617284,1.9365468526668166,0.0,8.35064935064935,0.05405405405405406,7.437165569190265,1.4929881154499152,42.693548387096776,1456,486,74
840,0.8468406593406593,0.720087736622784,0.0,3.2039024390243904,0.5473251028806584,2.155548936181712,0.0,7.564878048780487,0.05405405405405406,7.891434140302002,1.8133713611329663,40.28903225806452,1456,486,74
841,0.8482142857142857,0.9314959698315487,0.0,3.2039024390243904,0.5452674897119342,2.790654592746368,0.0,9.88054054054054,0.05405405405405406,11.952308213594009,1.4838709677419355,65.95585365853658,1456,486,74
842,0.8379120879120879,0.7722536067561571,0.0,2.8769230769230774,0.5185185185185185,2.312385844995337,0.0,7.7621052631578955,0.02702702702702703,9.453685200860395,2.36283055198973,42.693548387096776,1456,486,74
843,0.853021978021978,0.8582076253355646,0.0,2.9796774193548385,0.5617283950617284,2.5705371846077187,0.0,10.47857142857143,0.06756756756756757,10.73086901521772,2.243620025673941,65.95585365853658,1456,486,74
844,0.8550824175824175,0.6658492805946153,0.0,2.6054794520547944,0.5679012345679012,1.9941647171723458,0.0,9.88054054054054,0.06756756756756757,7.003345105163141,1.5413157894736844,40.28903225806452,1456,486,74
845,0.8475274725274725,0.9817790218417226,0.0,3.2039024390243904,0.5493827160493827,2.939545872969314,0.0,10.481463414634147,0.05405405405405406,12.94071546185803,1.0704838709677418,78.31341463414635,1456,486,74
846,0.8475274725274725,0.6980034206576929,0.0,3.164878048780488,0.5452674897119342,2.0904948157975327,0.0,10.42,0.04054054054054054,7.5661608762129235,2.256726986624705,37.94451612903226,1456,486,74
847,0.8495879120879121,0.8954311217556201,0.0,2.7358536585365854,0.5534979423868313,2.6814114866398193,0.0,12.667894736842104,0.08108108108108109,11.78050121236278,1.5019354838709678,48.65560975609756,1456,486,74
848,0.8413461538461539,0.7683175876404174,0.0,2.96,0.5308641975308642,2.3000400124814533,0.0,8.994736842105263,0.08108108108108109,8.644824976244937,1.4838709677419355,40.7690243902439,1456,486,74
849,0.8502747252747253,0.9340207698822862,0.0,3.164878048780488,0.5534979423868313,2.79766462999872,0.0,8.843333333333334,0.06756756756756757,12.49476083406122,2.035629425649095,81.56780487804878,1456,486,74
850,0.8502747252747253,0.7982492156251155,0.0,3.1031578947368423,0.5576131687242798,2.3897117210117425,0.0,8.65,0.05405405405405406,9.82476806548264,1.8806803594351733,48.65560975609756,1456,486,74
851,0.842032967032967,0.7464298974140186,0.0,3.0580952380952375,0.5288065843621399,2.2356639914929635,0.0,8.843333333333334,0.06756756756756757,8.000605232684382,1.4337775891341256,43.86121951219513,1456,486,74
852,0.8482142857142857,0.6360156456234883,0.0,2.7073684210526316,0.5493827160493827,1.9042326116431447,0.0,8.309677419354838,0.05405405405405406,6.261711193851086,1.3669354838709677,26.989032258064515,1456,486,74
853,0.8440934065934066,0.8026699666430033,0.0,2.712702702702703,0.5349794238683128,2.404152758565806,0.0,8.309677419354838,0.0945945945945946,9.41079252376938,1.4838709677419355,48.65560975609756,1456,486,74
854,0.842032967032967,0.8316973268395939,0.0,3.087894736842106,0.5329218106995884,2.48991840810697,0.0,8.994736842105263,0.05405405405405406,9.700612017333984,1.2285714285714286,48.65560975609756,1456,486,74
855,0.8440934065934066,0.9745881582083495,0.0,2.50987012987013,0.5390946502057613,2.918002874100608,0.0,9.866315789473685,0.02702702702702703,13.674285656825358,1.3669354838709677,78.31341463414635,1456,486,74
856,0.845467032967033,1.040583903326033,0.0,2.966842105263158,0.5432098765432098,3.1157185220251904,0.0,12.213809523809523,0.04054054054054054,15.089066631276868,2.501527293844367,78.31341463414635,1456,486,74
857,0.8523351648351648,0.8566863303293615,0.0,2.557894736842105,0.5617283950617284,2.565425587286191,0.0,7.757662337662337,0.02702702702702703,11.765329993907368,1.8068610421836229,75.1290243902439,1456,486,74
858,0.834478021978022,0.8531734671967944,0.0,3.168780487804878,0.5082304526748971,2.5548124227763416,0.0,9.859480519480519,0.0,9.657137492263171,1.5034335839598998,50.28780487804878,1456,486,74
859,0.8537087912087912,0.9572913926294437,0.0,2.6054794520547944,0.5637860082304527,2.8673807343605744,0.0,7.579473684210527,0.02702702702702703,13.768723713204102,1.8757565789473685,75.1290243902439,1456,486,74
860,0.8550824175824175,0.8958988858719928,0.0,2.70987012987013,0.5699588477366255,2.682901885372757,0.0,8.994736842105263,0.02702702702702703,12.574656003247792,1.8068610421836229,75.1290243902439,1456,486,74
861,0.8482142857142857,0.9795323983308686,0.0,3.222876712328768,0.5493827160493827,2.9333692205771893,0.0,12.667894736842104,0.02702702702702703,12.145963128388514,1.4943164362519201,75.1290243902439,1456,486,74
862,0.8413461538461539,0.9164420683603752,0.0,3.124210526315789,0.5288065843621399,2.744357861653242,0.0,8.736341463414634,0.013513513513513514,12.140146553024934,2.268292682926829,72.01463414634148,1456,486,74
863,0.8626373626373627,0.7234707970060111,0.0,2.268292682926829,0.5946502057613169,2.165684195272203,0.0,5.7774193548387105,0.02702702702702703,10.552323175636824,1.5123809523809524,50.28780487804878,1456,486,74
864,0.8482142857142857,0.6162728059244115,0.0,2.7073684210526316,0.551440329218107,1.8445313660236247,0.0,7.422439024390243,0.12162162162162163,5.690042220950281,0.9510269576379974,26.989032258064515,1456,486,74
865,0.842032967032967,0.9734421078232781,0.0,2.8153658536585366,0.5329218106995884,2.914569439202122,0.0,9.386493506493508,0.06756756756756757,12.66277020419573,1.4838709677419355,81.56780487804878,1456,486,74
866,0.8550824175824175,1.000617372502043,0.0,2.7115789473684213,0.5679012345679012,2.9971803777649053,0.0,9.2725,0.05405405405405406,14.284609461468854,1.5232512733446522,81.56780487804878,1456,486,74
867,0.8475274725274725,0.93951988979157,0.0,2.96,0.5452674897119342,2.8141393596034883,0.0,9.859480519480519,0.04054054054054054,12.973153386732857,1.9072108575924467,65.95585365853658,1456,486,74
868,0.8495879120879121,0.7962536864751864,0.0,3.0374999999999996,0.5534979423868313,2.384287318392264,0.0,7.5875,0.04054054054054054,10.039727084252478,1.5232512733446522,45.19806451612903,1456,486,74
869,0.853021978021978,0.7951856681139201,0.0,3.0374999999999996,0.5637860082304527,2.381087658445755,0.0,9.386493506493508,0.05405405405405406,9.933382375139953,1.5110526315789474,43.86121951219513,1456,486,74
870,0.8434065934065934,0.8283666979764578,0.0,3.2742105263157892,0.5349794238683128,2.480494200585374,0.0,9.859480519480519,0.013513513513513514,9.346520939283968,1.984193548387097,48.65560975609756,1456,486,74
871,0.845467032967033,0.8343872240468695,0.0,3.244634146341463,0.5432098765432098,2.4979770301929642,0.0,10.47857142857143,0.06756756756756757,9.65055744764946,1.2469354838709676,42.693548387096776,1456,486,74
872,0.8509615384615384,0.9776946653522951,0.0,2.557894736842105,0.5576131687242798,2.927952615667655,0.0,13.477500000000001,0.02702702702702703,13.18058896072173,1.4838709677419355,81.56780487804878,1456,486,74
873,0.8440934065934066,0.9538173591285911,0.0,2.8769230769230774,0.5370370370370371,2.856329926176951,0.0,10.42,0.013513513513513514,12.677233898541846,2.047195121951219,83.2,1456,486,74
874,0.8502747252747253,1.0123573079325956,0.0,2.7073684210526316,0.5555555555555556,3.031708867449853,0.0,10.47857142857143,0.04054054054054054,14.62638606319957,2.256726986624705,110.58341463414635,1456,486,74
875,0.853021978021978,0.812805266733448,0.0,2.7073684210526316,0.5637860082304527,2.4338739456680445,0.0,8.355263157894736,0.12162162162162163,10.162918864065366,0.9934204413472706,45.19806451612903,1456,486,74
876,0.845467032967033,0.7673682041476988,0.0,3.124210526315789,0.5390946502057613,2.2983927458226723,0.0,10.42,0.08108108108108109,8.284543817216703,1.4838709677419355,47.70258064516129,1456,486,74
877,0.8550824175824175,0.7328315726477875,0.0,2.268292682926829,0.5699588477366255,2.1943710046022984,0.0,7.7621052631578955,0.10810810810810811,8.657678054334049,0.9371303258145363,50.28780487804878,1456,486,74
878,0.853021978021978,0.9230263828268708,0.0,2.70987012987013,0.5637860082304527,2.7641727404474534,0.0,8.957073170731707,0.05405405405405406,12.991754417367487,1.587826420890937,81.56780487804878,1456,486,74
879,0.8523351648351648,0.7948732547254984,0.0,2.268292682926829,0.5617283950617284,2.3802407352713253,0.0,7.604545454545455,0.04054054054054054,10.7274162214865,1.4838709677419355,50.28780487804878,1456,486,74
880,0.8543956043956044,0.6943886779148266,0.0,3.244634146341463,0.5679012345679012,2.079200521616309,0.0,10.47857142857143,0.02702702702702703,7.51180290438932,2.9240865384615384,37.94451612903226,1456,486,74
881,0.853021978021978,0.8571163250260941,0.0,2.268292682926829,0.5617283950617284,2.567267774627083,0.0,8.843333333333334,0.08108108108108109,11.616005216971923,1.4838709677419355,75.1290243902439,1456,486,74
882,0.8461538461538461,0.8484643723319174,0.0,2.9688311688311693,0.5432098765432098,2.540793548511955,0.0,11.871428571428572,0.04054054054054054,10.507848374841368,1.6665384615384615,65.95585365853658,1456,486,74
883,0.8543956043956044,0.5942914642878474,0.0,2.604736842105263,0.5679012345679012,1.779320803425194,0.0,7.419677419354839,0.04054054054054054,5.912973457230078,1.4838709677419355,26.989032258064515,1456,486,74
884,0.845467032967033,0.7313993788753048,0.0,2.555844155844156,0.5432098765432098,2.189437312971157,0.0,8.0475,0.05405405405405406,9.30329790642063,2.256726986624705,48.65560975609756,1456,486,74
885,0.8537087912087912,0.8935941982017516,0.0,2.4328767123287673,0.5679012345679012,2.6753543025582074,0.0,9.859480519480519,0.04054054054054054,12.548217381781065,1.3669354838709677,72.01463414634148,1456,486,74
886,0.8406593406593407,0.7773995455140748,0.0,3.087894736842106,0.5267489711934157,2.3278915159054145,0.0,8.736341463414634,0.02702702702702703,9.135764800692618,1.6894407894736845,47.70258064516129,1456,486,74
887,0.8413461538461539,0.9604859165308557,0.0,3.2039024390243904,0.5308641975308642,2.875754182984495,0.0,13.875853658536585,0.013513513513513514,12.113196446192845,2.268292682926829,47.70258064516129,1456,486,74
888,0.8523351648351648,0.8505344611973547,0.0,3.087894736842106,0.5637860082304527,2.546352292108821,0.0,8.65,0.04054054054054054,11.304133559365454,2.268292682926829,47.70258064516129,1456,486,74
889,0.8461538461538461,0.9234034760620369,0.0,2.50987012987013,0.5452674897119342,2.764659464213712,0.0,8.736341463414634,0.04054054054054054,13.027307664617776,1.5747619047619048,75.1290243902439,1456,486,74
890,0.8543956043956044,1.0608771883680315,0.0,2.596842105263158,0.565843621399177,3.177711842581529,0.0,9.88054054054054,0.05405405405405406,16.118826003583628,2.0422713414634144,83.2,1456,486,74
891,0.8475274725274725,0.989270416064162,0.0,3.0374999999999996,0.5493827160493827,2.9619892268538237,0.0,11.894594594594595,0.013513513513513514,13.39085835781289,1.4838709677419355,75.1290243902439,1456,486,74
892,0.8365384615384616,0.9166643036050978,0.0,3.2742105263157892,0.5102880658436214,2.7462206297304985,0.0,11.346190476190477,0.04054054054054054,10.930105798428297,1.5960776942355892,43.86121951219513,1456,486,74
893,0.8489010989010989,0.8203063599843404,0.0,2.862876712328767,0.5534979423868313,2.4557923839480207,0.0,10.47857142857143,0.013513513513513514,10.327062125242717,1.5019354838709678,46.450322580645164,1456,486,74
894,0.8564560439560439,0.7108820072588062,0.0,2.7347619047619047,0.5740740740740741,2.1285236045259075,0.0,7.550476190476191,0.05405405405405406,8.886271312677893,1.5254454685099845,47.04341463414634,1456,486,74
895,0.8468406593406593,0.780076341040111,0.0,3.2039024390243904,0.5452674897119342,2.335821855525043,0.0,9.386493506493508,0.0945945945945946,8.411756572499797,1.3669354838709677,45.19806451612903,1456,486,74
896,0.8434065934065934,0.8642485097743974,0.0,2.596842105263158,0.5370370370370371,2.587438001426052,0.0,8.355263157894736,0.013513513513513514,11.686628423071703,1.5413157894736844,48.65560975609756,1456,486,74
897,0.8489010989010989,0.9253036731680665,0.0,2.9796774193548385,0.5534979423868313,2.7703522357906243,0.0,10.481463414634147,0.02702702702702703,11.673528693842139,1.8133713611329663,75.1290243902439,1456,486,74
898,0.8571428571428571,0.8929349686233228,0.0,2.6086486486486486,0.5740740740740741,2.674576303593266,0.0,11.3275,0.05405405405405406,11.718684309504892,1.0073170731707317,47.70258064516129,1456,486,74
899,0.8523351648351648,0.6342899480972708,0.0,3.0374999999999996,0.5617283950617284,1.8990626207004022,0.0,8.65,0.02702702702702703,6.149451039559765,1.612665534804754,24.526774193548388,1456,486,74
900,0.8461538461538461,0.8002656221905093,0.0,3.085844155844156,0.5411522633744856,2.3968605882909086,0.0,9.386493506493508,0.05405405405405406,9.829101240287805,2.0422713414634144,47.04341463414634,1456,486,74
901,0.8495879120879121,0.8557439560150297,0.0,2.511578947368421,0.5534979423868313,2.5625133110877623,0.0,11.894594594594595,0.02702702702702703,10.750932542383975,1.6346774193548388,75.1290243902439,1456,486,74
902,0.8468406593406593,0.8658093719941177,0.0,2.7128571428571426,0.5473251028806584,2.592114164783897,0.0,8.0475,0.06756756756756757,11.949802646713984,1.5960776942355892,65.95585365853658,1456,486,74
903,0.8495879120879121,0.7024391349346633,0.0,2.557894736842105,0.551440329218107,2.1037837046602257,0.0,7.422439024390243,0.05405405405405406,8.666297780084713,1.4337775891341256,40.7690243902439,1456,486,74
904,0.8523351648351648,0.731319610166308,0.0,2.511578947368421,0.5596707818930041,2.19039531200188,0.0,7.564878048780487,0.05405405405405406,8.764656572368201,1.4838709677419355,47.04341463414634,1456,486,74
905,0.8310439560439561,0.9825303714174511,0.0,2.8153658536585366,0.49588477366255146,2.942904775275327,0.023698630136986365,8.046486486486486,0.013513513513513514,13.452146818251133,1.5960776942355892,84.83219512195123,1456,486,74
906,0.8537087912087912,1.0484976744481196,0.0,2.966842105263158,0.565843621399177,3.140070272547326,0.0,13.477500000000001,0.06756756756756757,14.433309358405895,1.4838709677419355,84.83219512195123,1456,486,74
907,0.8516483516483516,0.8791412337165291,0.0,2.97125,0.5576131687242798,2.6331628318750337,0.0,8.0475,0.05405405405405406,11.185619411920165,1.4929881154499152,72.01463414634148,1456,486,74
908,0.8523351648351648,0.7832487905411561,0.0,2.449178082191781,0.5617283950617284,2.3453261486804373,0.0,8.355263157894736,0.05405405405405406,10.266676350166374,1.3081259600614439,65.95585365853658,1456,486,74
909,0.8461538461538461,0.6646019941635158,0.0,2.805,0.5432098765432098,1.989874017968824,0.0,7.564878048780487,0.02702702702702703,7.214684434586346,1.5232512733446522,26.989032258064515,1456,486,74
910,0.8489010989010989,0.8968067561294653,0.0,2.7347619047619047,0.551440329218107,2.6855327287145485,0.0,11.346190476190477,0.06756756756756757,11.935828422514982,2.101777920410783,47.70258064516129,1456,486,74
911,0.8550824175824175,0.8611090682795849,0.0,2.3751351351351353,0.5679012345679012,2.5791405420063285,0.0,6.9125000000000005,0.05405405405405406,12.224225189288546,1.3168421052631578,78.31341463414635,1456,486,74
912,0.8537087912087912,0.8884550196490323,0.0,2.7073684210526316,0.5637860082304527,2.661154892674404,0.0,9.88054054054054,0.02702702702702703,11.551127081616569,2.101777920410783,65.95585365853658,1456,486,74
913,0.8585164835164835,0.8869039415084543,0.0,2.9688311688311693,0.5781893004115226,2.656508041290285,0.0,9.255806451612903,0.04054054054054054,11.966830218691994,1.821173780487805,72.01463414634148,1456,486,74
914,0.8461538461538461,0.9142851887702755,0.0,3.2039024390243904,0.5411522633744856,2.7384500717068336,0.0,9.88054054054054,0.08108108108108109,11.774345239555704,1.761935483870968,75.1290243902439,1456,486,74
915,0.845467032967033,0.7477192926745203,0.0,2.704805194805195,0.5390946502057613,2.2395268711211336,0.0,7.422439024390243,0.08108108108108109,8.938935646726213,1.5254454685099845,40.7690243902439,1456,486,74
916,0.8427197802197802,0.7222115667660611,0.0,2.557894736842105,0.5308641975308642,2.1631086634612227,0.0,7.757662337662337,0.02702702702702703,8.10291976870342,1.4838709677419355,40.7690243902439,1456,486,74
917,0.8413461538461539,0.6913087746308328,0.0,2.97125,0.5288065843621399,2.069884454924407,0.0,7.604545454545455,0.04054054054054054,7.729202248357985,1.7681513647642682,43.86121951219513,1456,486,74
918,0.8509615384615384,0.817785293024743,0.0,2.50987012987013,0.5576131687242798,2.4487935306065745,0.0,8.65,0.10810810810810811,10.936312983962706,1.4838709677419355,72.01463414634148,1456,486,74
919,0.8489010989010989,0.9133364754776118,0.0,2.70987012987013,0.5493827160493827,2.7356968673378024,0.0,8.65,0.05405405405405406,12.513373898118116,1.5123809523809524,65.95585365853658,1456,486,74
920,0.8523351648351648,1.0303405075258867,0.0,2.449178082191781,0.5637860082304527,3.0850304885169333,0.0,11.878947368421054,0.05405405405405406,14.49308378731934,1.4838709677419355,84.83219512195123,1456,486,74
921,0.8516483516483516,0.943338096189137,0.0,2.7891780821917806,0.5596707818930041,2.825024293236465,0.0,7.422439024390243,0.06756756756756757,12.371933265226337,1.1085714285714285,107.39463414634147,1456,486,74
922,0.8427197802197802,0.6186327192823394,0.0,2.7073684210526316,0.5329218106995884,1.8521553672959987,0.0,7.564878048780487,0.05405405405405406,6.209185061882483,1.5413157894736844,40.7690243902439,1456,486,74
923,0.8537087912087912,0.9972936127386882,0.0,2.425844155844156,0.565843621399177,2.9865797723833323,0.0,10.481463414634147,0.08108108108108109,13.840976927416403,0.9403869047619048,72.01463414634148,1456,486,74
924,0.8557692307692307,0.7926143859316422,0.0,2.311780821917808,0.5740740740740741,2.3728304205308843,0.0,7.194675324675325,0.08108108108108109,11.031466980745394,1.0073170731707317,78.31341463414635,1456,486,74
925,0.8440934065934066,0.8609717841735216,0.0,3.168780487804878,0.5390946502057613,2.577621309090918,0.0,11.346190476190477,0.04054054054054054,9.929112830937882,1.4838709677419355,47.70258064516129,1456,486,74
926,0.842032967032967,0.983226560145758,0.0,3.2039024390243904,0.5308641975308642,2.9445255350488937,0.0,10.42,0.02702702702702703,12.886338233113126,2.268292682926829,75.1290243902439,1456,486,74
927,0.8509615384615384,0.801691582576436,0.0,3.2039024390243904,0.5576131687242798,2.4005786285227577,0.0,10.47857142857143,0.04054054054054054,10.054891652331452,2.8063883677298316,37.94451612903226,1456,486,74
928,0.8550824175824175,0.9764177162094382,0.0,3.085844155844156,0.5699588477366255,2.9240379918347967,0.0,11.871428571428572,0.13513513513513514,13.20415421767274,1.4838709677419355,81.56780487804878,1456,486,74
929,0.8571428571428571,0.6297059843769729,0.0,2.6054794520547944,0.5761316872427984,1.8853295935877403,0.0,8.309677419354838,0.04054054054054054,6.909641140900976,1.8133713611329663,40.28903225806452,1456,486,74
930,0.8523351648351648,0.6458056006958142,0.0,3.2039024390243904,0.5637860082304527,1.933008216202971,0.0,8.355263157894736,0.06756756756756757,6.815012684859132,2.101777920410783,26.989032258064515,1456,486,74
931,0.8365384615384616,0.8942141138582207,0.0,3.121818181818182,0.5123456790123457,2.6784084753257993,0.0,9.386493506493508,0.013513513513513514,10.986392081130322,2.256726986624705,48.65560975609756,1456,486,74
932,0.8516483516483516,1.1216996946215385,0.0,2.805,0.5576131687242798,3.359929062962406,0.0,12.667894736842104,0.08108108108108109,16.176367211698413,1.9957592446892212,84.83219512195123,1456,486,74
933,0.8516483516483516,0.7950666698495256,0.0,2.7891780821917806,0.5576131687242798,2.381374157472589,0.0,9.386493506493508,0.08108108108108109,8.716663067871735,1.0086585365853658,43.86121951219513,1456,486,74
934,0.8468406593406593,0.928466957753746,0.0,2.7128571428571426,0.5452674897119342,2.7804720760308492,0.0,8.309677419354838,0.013513513513513514,13.209645166397854,1.5323684210526318,75.1290243902439,1456,486,74
935,0.8365384615384616,0.7389476617430203,0.0,2.7347619047619047,0.51440329218107,2.2126050714580385,0.0,8.957073170731707,0.06756756756756757,8.01503178356076,1.6763748079877114,45.19806451612903,1456,486,74
936,0.8482142857142857,0.7085827563905652,0.0,2.7358536585365854,0.5493827160493827,2.1216353138589135,0.0,8.65,0.0945945945945946,8.259947055675399,2.268292682926829,46.450322580645164,1456,486,74
937,0.8489010989010989,0.8643415746531395,0.0,2.6086486486486486,0.551440329218107,2.588270785855433,0.0,8.309677419354838,0.06756756756756757,11.96501024635549,2.0422713414634144,65.95585365853658,1456,486,74
938,0.8543956043956044,0.7389223029869221,0.0,2.557894736842105,0.565843621399177,2.2130830723229598,0.0,8.309677419354838,0.013513513513513514,9.022293677317927,1.5960776942355892,47.04341463414634,1456,486,74
939,0.8406593406593407,1.10548143597236,0.0,3.2039024390243904,0.5246913580246914,3.31125199748098,0.0,12.213809523809523,0.04054054054054054,15.163841944896856,1.761935483870968,107.39463414634147,1456,486,74
940,0.8427197802197802,0.8256467012904304,0.0,3.168780487804878,0.5329218106995884,2.472345403929292,0.0,9.2725,0.02702702702702703,10.188645370402872,2.36283055198973,46.450322580645164,1456,486,74
941,0.8509615384615384,0.7960687675741093,0.0,2.704805194805195,0.5576131687242798,2.3837333226721653,0.0,8.046486486486486,0.13513513513513514,9.782104792047544,1.0691424075531077,47.70258064516129,1456,486,74
942,0.853021978021978,0.9906383931131658,0.0,2.7891780821917806,0.5637860082304527,2.9667305325808804,0.0,11.3275,0.04054054054054054,13.706204486891085,1.6763748079877114,84.83219512195123,1456,486,74
943,0.8385989010989011,0.9394708037089237,0.0,2.7891780821917806,0.5205761316872428,2.8133492992406626,0.0,8.957073170731707,0.013513513513513514,12.853214433841375,1.4838709677419355,81.56780487804878,1456,486,74
944,0.8509615384615384,0.7126617174660169,0.0,2.492857142857143,0.5576131687242798,2.133855411237222,0.0,7.757662337662337,0.06756756756756757,8.619202768391375,1.6035483870967744,46.450322580645164,1456,486,74
945,0.8557692307692307,0.9049841268324811,0.0,3.168780487804878,0.5699588477366255,2.710674193207534,0.0,9.866315789473685,0.12162162162162163,11.502229208627895,2.101777920410783,81.56780487804878,1456,486,74
946,0.8516483516483516,0.6395969992733153,0.0,2.604736842105263,0.5596707818930041,1.9149619345117617,0.0,6.9125000000000005,0.12162162162162163,6.993040470837895,1.2469354838709676,26.989032258064515,1456,486,74
947,0.8489010989010989,0.6985115579715477,0.0,2.449178082191781,0.551440329218107,2.0915521952018765,0.0,7.328095238095237,0.05405405405405406,7.646323281583101,1.4838709677419355,45.19806451612903,1456,486,74
948,0.8523351648351648,0.6303918629668513,0.0,2.605,0.5596707818930041,1.8880274109269646,0.0,6.924675324675325,0.10810810810810811,7.024235353427505,1.8068610421836229,45.19806451612903,1456,486,74
949,0.8523351648351648,0.6445309324286375,0.0,2.721578947368421,0.5637860082304527,1.9291894569498653,0.0,7.422439024390243,0.08108108108108109,7.536764407467619,1.7278106852497097,40.7690243902439,1456,486,74
950,0.8489010989010989,0.9591542665486932,0.0,3.0374999999999996,0.551440329218107,2.8723186858552805,0.0,12.113658536585366,0.04054054054054054,12.864254796745222,1.8907894736842108,48.65560975609756,1456,486,74
951,0.8502747252747253,0.6698036031939679,0.0,2.97125,0.5576131687242798,2.004903466485506,0.0,8.35064935064935,0.10810810810810811,6.815684562255642,1.6500604838709678,26.989032258064515,1456,486,74
952,0.8440934065934066,0.8846585447263047,0.0,2.6028571428571428,0.5370370370370371,2.6492271184836174,0.0,11.894594594594595,0.06756756756756757,10.856815153886203,1.258032581453634,47.04341463414634,1456,486,74
953,0.853021978021978,0.9990437021861528,0.0,2.862876712328767,0.565843621399177,2.9912688659353432,0.0,11.878947368421054,0.05405405405405406,13.739415308967569,2.029119106699752,72.01463414634148,1456,486,74
954,0.8434065934065934,0.6893500213149224,0.0,2.712702702702703,0.5349794238683128,2.064105287028941,0.0,7.579473684210527,0.04054054054054054,7.6854330722106825,1.4838709677419355,43.86121951219513,1456,486,74
955,0.8495879120879121,0.6652440337735424,0.0,2.605,0.5534979423868313,1.9917974946605903,0.0,8.736341463414634,0.05405405405405406,7.287915598602505,0.9510269576379974,37.754634146341466,1456,486,74
956,0.853021978021978,0.8215152766202242,0.0,2.7115789473684213,0.5617283950617284,2.4606111357815137,0.0,8.994736842105263,0.013513513513513514,10.292721399512363,1.5123809523809524,47.04341463414634,1456,486,74
957,0.8461538461538461,0.8789631882829352,0.0,2.712702702702703,0.5432098765432098,2.6321644868343457,0.0,10.481463414634147,0.04054054054054054,10.584021293013876,0.894736842105263,75.1290243902439,1456,486,74
958,0.8413461538461539,0.6651552232625375,0.0,3.124210526315789,0.5288065843621399,1.9915314286029295,0.0,8.0475,0.08108108108108109,6.619719803305899,1.5110526315789474,31.990243902439026,1456,486,74
959,0.8440934065934066,0.8707649220778352,0.0,2.96,0.5390946502057613,2.606960421824828,0.0,9.866315789473685,0.05405405405405406,11.279916605642773,1.5019354838709678,50.28780487804878,1456,486,74
960,0.853021978021978,0.8973540986148292,0.0,2.7128571428571426,0.5637860082304527,2.6871725037324286,0.0,10.42,0.013513513513513514,12.151609901143837,1.8084475806451614,78.31341463414635,1456,486,74
961,0.8523351648351648,0.8611273830789081,0.0,2.557894736842105,0.5576131687242798,2.5798384151499802,0.0,8.35064935064935,0.10810810810810811,11.66450382303073,1.5034335839598998,81.56780487804878,1456,486,74
962,0.8550824175824175,0.9886611049249021,0.0,2.7073684210526316,0.5699588477366255,2.9607177736654875,0.0,9.2725,0.013513513513513514,15.25431949725215,2.3426829268292684,78.31341463414635,1456,486,74
963,0.8482142857142857,0.7488415834150366,0.0,2.604736842105263,0.5473251028806584,2.242889124862269,0.0,7.550476190476191,0.06756756756756757,9.165477926623963,1.5543803056027166,43.86121951219513,1456,486,74
964,0.8399725274725275,0.8784238422753563,0.0,3.087894736842106,0.522633744855967,2.6310136097796684,0.0,10.47857142857143,0.08108108108108109,11.019275811026919,2.0175986842105265,45.19806451612903,1456,486,74
965,0.8550824175824175,1.0040631553854622,0.0,3.2039024390243904,0.565843621399177,3.008057519014883,0.0,11.871428571428572,0.05405405405405406,13.61150775079478,1.515,83.2,1456,486,74
966,0.8550824175824175,0.8560743690997388,0.0,2.7347619047619047,0.5699588477366255,2.5635031906172614,0.0,7.579473684210527,0.08108108108108109,11.481078280456257,1.3074193548387096,48.65560975609756,1456,486,74
967,0.8550824175824175,0.8951397633817689,0.0,2.721578947368421,0.5699588477366255,2.680627641862951,0.0,12.213809523809523,0.04054054054054054,11.130840624362252,1.6763748079877114,72.01463414634148,1456,486,74
968,0.8468406593406593,0.6719388055407948,0.0,2.9796774193548385,0.5473251028806584,2.0113002866850525,0.0,7.5875,0.08108108108108109,7.620202675340751,1.7406960950764006,40.7690243902439,1456,486,74
969,0.8516483516483516,1.0544446739940245,0.0,2.8769230769230774,0.5596707818930041,3.157886797935881,0.0,9.859480519480519,0.06756756756756757,15.009489185347089,1.5232512733446522,84.83219512195123,1456,486,74
970,0.845467032967033,0.7528359335547217,0.0,2.4170731707317072,0.5432098765432098,2.253658760735007,0.0,8.0475,0.06756756756756757,9.250874054428937,1.0086585365853658,47.70258064516129,1456,486,74
971,0.853021978021978,0.8068339275144417,0.0,2.6054794520547944,0.5637860082304527,2.4159845014234493,0.0,7.5875,0.02702702702702703,11.013075156623207,1.6035483870967744,65.95585365853658,1456,486,74
972,0.8482142857142857,0.9294136821445401,0.0,3.0580952380952375,0.5493827160493827,2.7833083532180845,0.0,11.346190476190477,0.05405405405405406,12.225596169080605,1.673048780487805,78.31341463414635,1456,486,74
973,0.8619505494505495,0.8223279166744555,0.0,2.268292682926829,0.5925925925925926,2.461848734855032,0.0,9.2725,0.04054054054054054,11.80306036865765,1.3081259600614439,47.04341463414634,1456,486,74
974,0.864010989010989,0.6891961299473778,0.0,2.721578947368421,0.5987654320987654,2.0630012421088897,0.0,8.65,0.04054054054054054,8.81206970165175,2.047195121951219,45.19806451612903,1456,486,74
975,0.8495879120879121,0.7818462408795759,0.0,2.6054794520547944,0.551440329218107,2.34176727562023,0.0,11.3275,0.05405405405405406,9.150638737801069,2.077105263157895,47.70258064516129,1456,486,74
976,0.8509615384615384,1.0809384040368966,0.0,3.085844155844156,0.5555555555555556,3.237812933145042,0.0,9.88054054054054,0.013513513513513514,15.313355948662043,2.137631578947368,107.39463414634147,1456,486,74
977,0.8392857142857143,1.0081817574571315,0.0,3.250779220779221,0.5246913580246914,3.0186454265825553,0.0,12.985853658536586,0.02702702702702703,12.496235427965573,1.4838709677419355,65.95585365853658,1456,486,74
978,0.8516483516483516,0.9028481623305932,0.0,2.712702702702703,0.5576131687242798,2.7041860583402135,0.0,11.348441558441559,0.0945945945945946,11.478214779843626,1.4337775891341256,72.01463414634148,1456,486,74
979,0.8509615384615384,0.9445750488889683,0.0,2.596842105263158,0.5576131687242798,2.82873006099563,0.0,9.386493506493508,0.04054054054054054,13.163968350636562,1.4838709677419355,84.83219512195123,1456,486,74
980,0.8392857142857143,0.9136094572226275,0.0,2.492857142857143,0.5246913580246914,2.735317712299762,0.0,7.194675324675325,0.02702702702702703,12.305719691440892,1.4838709677419355,78.31341463414635,1456,486,74
981,0.8537087912087912,0.7331858517070613,0.0,2.721578947368421,0.5679012345679012,2.194789379726378,0.0,8.843333333333334,0.08108108108108109,8.0868005061151,1.4929881154499152,43.86121951219513,1456,486,74
982,0.8537087912087912,0.9240824602944938,0.0,3.0580952380952375,0.5679012345679012,2.766693622737287,0.0,8.994736842105263,0.05405405405405406,12.426391204138627,1.613993855606759,78.31341463414635,1456,486,74
983,0.8509615384615384,0.4809729333072871,0.0,2.268292682926829,0.5596707818930041,1.4391885377714988,0.0,6.391688311688312,0.08108108108108109,4.542064902633327,1.4838709677419355,17.650000000000002,1456,486,74
984,0.8592032967032966,0.7440833362701174,0.0,2.268292682926829,0.5823045267489712,2.2279909605762556,0.0,7.194675324675325,0.08108108108108109,9.729966615904672,1.7681513647642682,50.28780487804878,1456,486,74
985,0.8612637362637363,0.7958003681336545,0.0,2.7128571428571426,0.588477366255144,2.3829292288752475,0.0,8.0475,0.05405405405405406,10.948096256098736,2.268292682926829,50.28780487804878,1456,486,74
986,0.8447802197802198,0.6643612489606445,0.0,2.7358536585365854,0.5390946502057613,1.989152773081209,0.0,8.046486486486486,0.10810810810810811,6.897497807057002,1.0086585365853658,37.754634146341466,1456,486,74
987,0.8434065934065934,0.9067238641209068,0.0,2.9688311688311693,0.5370370370370371,2.714689268768681,0.0,9.2725,0.02702702702702703,11.864885496289334,1.5019354838709678,65.95585365853658,1456,486,74
988,0.8447802197802198,0.8077530051905779,0.0,2.965844155844156,0.5390946502057613,2.4188269835782306,0.0,7.5875,0.05405405405405406,10.29627485395866,1.761935483870968,47.70258064516129,1456,486,74
989,0.845467032967033,1.0233044765623238,0.0,3.1402739726027393,0.5390946502057613,3.065059296038567,0.0,13.477500000000001,0.04054054054054054,13.700403546547772,2.3041463414634142,78.31341463414635,1456,486,74
990,0.8653846153846154,0.6339828420242061,0.0,2.8153658536585366,0.5987654320987654,1.8987855704074346,0.0,9.88054054054054,0.10810810810810811,6.835748571672782,1.6641014120667523,40.28903225806452,1456,486,74
991,0.8447802197802198,0.9982945140813121,0.0,2.557894736842105,0.5390946502057613,2.9895783574756374,0.0,13.875853658536585,0.06756756756756757,12.928135292803422,1.3760526315789474,75.1290243902439,1456,486,74
992,0.8447802197802198,0.8546288924319877,0.0,3.121818181818182,0.5411522633744856,2.558618736301466,0.0,10.42,0.05405405405405406,10.626235715036753,1.5241171477079796,50.28780487804878,1456,486,74
993,0.8468406593406593,0.8138909792758738,0.0,2.965844155844156,0.5452674897119342,2.437126615342472,0.0,7.419677419354839,0.06756756756756757,10.550310505443328,1.3074193548387096,48.65560975609756,1456,486,74
994,0.8557692307692307,0.7560088428351358,0.0,2.268292682926829,0.5720164609053497,2.2638074354516386,0.0,7.328095238095237,0.0945945945945946,10.036501356576334,1.4838709677419355,47.04341463414634,1456,486,74
995,0.8447802197802198,0.9868083151450929,0.0,3.164878048780488,0.5411522633744856,2.954613056199164,0.0,9.386493506493508,0.02702702702702703,13.790149872276487,2.268292682926829,78.31341463414635,1456,486,74
996,0.8489010989010989,0.7446616386868483,0.0,2.5774193548387094,0.551440329218107,2.229723487981112,0.0,8.35064935064935,0.04054054054054054,9.07315446529956,1.5330645161290322,37.754634146341466,1456,486,74
997,0.864010989010989,0.928246978233751,0.0,2.7115789473684213,0.5967078189300411,2.7797240113973474,0.0,11.871428571428572,0.05405405405405406,13.481294504001449,1.8806803594351733,72.01463414634148,1456,486,74
998,0.8502747252747253,1.0344518693554878,0.0,2.8153658536585366,0.5534979423868313,3.098544631712674,0.0,11.878947368421054,0.08108108108108109,14.007591100732329,1.1816040100250627,110.58341463414635,1456,486,74
999,0.8427197802197802,0.7957841024123528,0.0,2.8769230769230774,0.5329218106995884,2.382880498648467,0.0,8.994736842105263,0.05405405405405406,9.694720557859327,2.268292682926829,46.450322580645164,1456,486,74
