workload,source,family,role,machine,model,tiles,ccz_share,regime,decision_sites,stages,max_stage_width,wide_stage_fraction,consuming_families,mix_drift,alternation_rate,t_rate,ccz_rate,factory_tiles,makespan_fixed_t,makespan_fixed_ccz,makespan_uniform_oracle,makespan_uniform_min_teq,makespan_min_weighted_count,makespan_two_term_descent,makespan_local_sim_greedy,makespan_share_aware_greedy,makespan_proportional_split,makespan_sim_descent,makespan_best_simple,best_simple_policy,makespan_best_non_stateful,best_non_stateful_policy,residual_headroom_vs_existing_search,makespan_stagedp,seconds_stagedp,makespan_oracle,oracle_status,oracle_seconds,oracle_simulations,lower_bound,headroom_vs_best_non_stateful,residual_headroom_vs_stagedp,max_possible_headroom_vs_stagedp,oracle_heterogeneity,stagedp_heterogeneity,oracle_t_stalls,oracle_ccz_stalls,oracle_t_waste,oracle_ccz_waste,stagedp_t_stalls,stagedp_ccz_stalls,stagedp_t_waste,stagedp_ccz_waste,oracle_space_time,stagedp_space_time,policy_seconds_total,model,tiles,regime
qb_sqrt_n18,qasmbench,arithmetic,control,A_3200_0.5_abundant,A,3200,0.5,abundant,65,65,1,0.0,1,0.0,0.0,13.1818,3.6667,3179,597,463,463,463,463,463,463,463,597,463,463,uniform_min_teq,463,fixed_ccz,0.0,463,0.801,463,bounded,24.401,2383,462.0,0.0,0.0,0.0022,0.0,0.0,0,0,5940,1583,0,0,5940,1583,1471877,1471877,4.22,A,3200,abundant
qb_sqrt_n18,qasmbench,arithmetic,control,A_400_0.25,A,400,0.25,standard,65,65,1,0.0,1,0.0,0.0,2.4545,0.1667,369,597,466,466,466,597,466,466,466,597,465,466,uniform_min_teq,466,fixed_ccz,0.0,465,0.645,465,bounded,23.747,2819,462.0,0.0021,0.0,0.0065,0.0154,0.0154,0,0,1081,0,0,0,1081,0,171585,171585,3.717,A,400,standard
qb_sqrt_n18,qasmbench,arithmetic,control,A_400_0.5,A,400,0.5,standard,65,65,1,0.0,1,0.0,0.0,1.6364,0.5,414,597,463,463,463,463,463,463,463,597,463,463,uniform_min_teq,463,fixed_ccz,0.0,463,0.631,463,bounded,22.878,2882,462.0,0.0,0.0,0.0022,0.0,0.0,0,0,710,132,0,0,710,132,191682,191682,2.659,A,400,standard
qb_sqrt_n18,qasmbench,arithmetic,control,A_400_0.75,A,400,0.75,standard,65,65,1,0.0,1,0.0,0.0,0.8182,0.6667,387,598,463,463,463,463,463,463,463,463,463,463,uniform_min_teq,463,fixed_ccz,0.0,463,0.683,463,bounded,22.608,2914,462.0,0.0,0.0,0.0022,0.0,0.0,0,0,339,209,0,0,339,209,179181,179181,2.675,A,400,standard
qb_sqrt_n18,qasmbench,arithmetic,control,A_800_0.5,A,800,0.5,standard,65,65,1,0.0,1,0.0,0.0,3.2727,1.0,828,597,463,463,463,463,463,463,463,597,463,463,uniform_min_teq,463,fixed_ccz,0.0,463,0.637,463,bounded,22.927,2803,462.0,0.0,0.0,0.0022,0.0,0.0,0,0,1451,361,0,0,1451,361,383364,383364,2.935,A,800,standard
qb_sqrt_n18,qasmbench,arithmetic,control,B_400_0.25,B,400,0.25,standard,65,65,1,0.0,1,0.0,0.0,1.8182,0.1667,408,600,469,469,469,600,469,469,469,600,467,469,uniform_min_teq,469,fixed_ccz,0.0,469,0.845,467,bounded,27.556,1890,462.0,0.0043,0.0043,0.0149,0.0154,0.0,1,1,0,0,0,6,0,0,190536,191352,7.205,B,400,standard
qb_sqrt_n18,qasmbench,arithmetic,control,B_400_0.5,B,400,0.5,standard,65,65,1,0.0,1,0.0,0.0,1.2727,0.3333,386,601,465,465,465,465,465,465,465,601,465,465,uniform_min_teq,465,fixed_ccz,0.0,465,0.738,465,bounded,25.21,1982,462.0,0.0,0.0,0.0065,0.0,0.0,0,2,0,0,0,2,0,0,179490,179490,5.1,B,400,standard
qb_sqrt_n18,qasmbench,arithmetic,control,B_400_0.5_scarce,B,400,0.5,scarce,65,65,1,0.0,1,0.0,0.0,0.7426,0.1702,370,603,464,464,464,603,464,464,464,603,464,464,uniform_min_teq,464,fixed_ccz,0.0,464,0.74,464,bounded,24.016,2189,462.0,0.0,0.0,0.0043,0.0,0.0,0,1,0,0,0,1,0,0,171680,171680,4.064,B,400,scarce
qb_sqrt_n18,qasmbench,arithmetic,control,B_400_0.75,B,400,0.75,standard,65,65,1,0.0,1,0.0,0.0,0.7273,0.6667,442,602,465,465,465,465,465,465,465,465,465,465,uniform_min_teq,465,fixed_ccz,0.0,465,0.165,465,bounded,24.555,2141,462.0,0.0,0.0,0.0065,0.0,0.0,0,2,0,0,0,2,0,0,205530,205530,4.587,B,400,standard
qb_sqrt_n18,qasmbench,arithmetic,control,B_800_0.5,B,800,0.5,standard,65,65,1,0.0,1,0.0,0.0,2.5455,0.6667,772,599,464,464,464,464,464,464,464,599,464,464,uniform_min_teq,464,fixed_ccz,0.0,464,0.174,464,bounded,27.521,1666,462.0,0.0,0.0,0.0043,0.0,0.0,0,1,0,0,0,1,0,0,358208,358208,7.49,B,800,standard
qb_sqrt_n18,qasmbench,arithmetic,control,C_400_0.25,C,400,0.25,standard,65,65,1,0.0,1,0.0,0.0,1.8182,0.1667,412,598,469,469,469,598,469,469,469,598,467,469,uniform_min_teq,469,fixed_ccz,0.0,469,0.918,467,bounded,27.245,1824,462.0,0.0043,0.0043,0.0149,0.0154,0.0,1,1,0,0,0,6,0,0,192404,193228,7.288,C,400,standard
qb_sqrt_n18,qasmbench,arithmetic,control,C_400_0.5,C,400,0.5,standard,65,65,1,0.0,1,0.0,0.0,1.2727,0.3333,394,597,465,465,465,465,465,465,465,597,465,465,uniform_min_teq,465,fixed_ccz,0.0,465,0.851,465,bounded,25.178,1998,462.0,0.0,0.0,0.0065,0.0,0.0,0,2,0,0,0,2,0,0,183210,183210,5.179,C,400,standard
qb_sqrt_n18,qasmbench,arithmetic,control,C_400_0.5_scarce,C,400,0.5,scarce,65,65,1,0.0,1,0.0,0.0,0.7426,0.1702,378,598,464,464,464,598,464,464,464,598,464,464,uniform_min_teq,464,fixed_ccz,0.0,464,0.728,464,bounded,24.239,2157,462.0,0.0,0.0,0.0043,0.0,0.0,0,1,0,0,0,1,0,0,175392,175392,4.057,C,400,scarce
qb_sqrt_n18,qasmbench,arithmetic,control,C_400_0.75,C,400,0.75,standard,65,65,1,0.0,1,0.0,0.0,0.7273,0.5,376,598,466,466,466,466,466,466,466,466,466,466,uniform_min_teq,466,fixed_ccz,0.0,466,0.321,466,bounded,24.494,2131,462.0,0.0,0.0,0.0086,0.0,0.0,0,3,0,0,0,3,0,0,175216,175216,4.37,C,400,standard
qb_sqrt_n18,qasmbench,arithmetic,control,C_800_0.5,C,800,0.5,standard,65,65,1,0.0,1,0.0,0.0,2.5455,0.6667,788,597,464,464,464,464,464,464,464,597,464,464,uniform_min_teq,464,fixed_ccz,0.0,464,0.191,464,bounded,27.611,1640,462.0,0.0,0.0,0.0043,0.0,0.0,0,1,0,0,0,1,0,0,365632,365632,7.551,C,800,standard
qt_add16,qualtran,serial_adder,control,A_3200_0.5_abundant,A,3200,0.5,abundant,15,15,1,0.0,1,0.0,0.0,13.1818,3.6667,3179,201,166,166,166,166,166,166,166,201,166,166,uniform_min_teq,166,fixed_ccz,0.0,166,0.119,166,bounded,20.711,6203,162.0,0.0,0.0,0.0241,0.0,0.0,0,3,2025,544,0,3,2025,544,527714,527714,0.682,A,3200,abundant
qt_add16,qualtran,serial_adder,control,A_400_0.25,A,400,0.25,standard,15,15,1,0.0,1,0.0,0.0,2.4545,0.1667,369,201,166,166,166,201,166,166,166,201,166,166,uniform_min_teq,166,fixed_ccz,0.0,166,0.05,166,bounded,20.247,11155,162.0,0.0,0.0,0.0241,0.0,0.0,0,3,351,0,0,3,351,0,61254,61254,0.244,A,400,standard
qt_add16,qualtran,serial_adder,control,A_400_0.5,A,400,0.5,standard,15,15,1,0.0,1,0.0,0.0,1.6364,0.5,414,201,166,166,166,166,166,166,166,201,166,166,uniform_min_teq,166,fixed_ccz,0.0,166,0.109,166,bounded,20.241,11332,162.0,0.0,0.0,0.0241,0.0,0.0,0,3,224,34,0,3,224,34,68724,68724,0.296,A,400,standard
qt_add16,qualtran,serial_adder,control,A_400_0.75,A,400,0.75,standard,15,15,1,0.0,1,0.0,0.0,0.8182,0.6667,387,202,166,166,166,166,166,166,166,166,166,166,uniform_min_teq,166,fixed_ccz,0.0,166,0.105,166,bounded,20.229,11628,162.0,0.0,0.0,0.0241,0.0,0.0,0,3,96,61,0,3,96,61,64242,64242,0.222,A,400,standard
qt_add16,qualtran,serial_adder,control,A_800_0.5,A,800,0.5,standard,15,15,1,0.0,1,0.0,0.0,3.2727,1.0,828,201,166,166,166,166,166,166,166,201,166,166,uniform_min_teq,166,fixed_ccz,0.0,166,0.114,166,bounded,20.307,10159,162.0,0.0,0.0,0.0241,0.0,0.0,0,3,479,114,0,3,479,114,137448,137448,0.316,A,800,standard
qt_add16,qualtran,serial_adder,control,B_400_0.25,B,400,0.25,standard,15,15,1,0.0,1,0.0,0.0,1.8182,0.1667,408,204,168,168,168,204,168,168,168,204,168,168,uniform_min_teq,168,fixed_ccz,0.0,168,0.143,168,bounded,21.1,4233,162.0,0.0,0.0,0.0357,0.0,0.0,0,5,0,0,0,5,0,0,68544,68544,1.116,B,400,standard
qt_add16,qualtran,serial_adder,control,B_400_0.5,B,400,0.5,standard,15,15,1,0.0,1,0.0,0.0,1.2727,0.3333,386,205,169,169,169,169,169,169,169,205,169,169,uniform_min_teq,169,fixed_ccz,0.0,169,0.142,169,bounded,20.879,4933,162.0,0.0,0.0,0.0414,0.0,0.0,0,6,0,0,0,6,0,0,65234,65234,0.887,B,400,standard
qt_add16,qualtran,serial_adder,control,B_400_0.5_scarce,B,400,0.5,scarce,15,15,1,0.0,1,0.0,0.0,0.7426,0.1702,370,207,168,168,168,207,168,168,168,207,168,168,uniform_min_teq,168,fixed_ccz,0.0,168,0.134,168,bounded,20.589,6332,162.0,0.0,0.0,0.0357,0.0,0.0,0,5,0,0,0,5,0,0,62160,62160,0.579,B,400,scarce
qt_add16,qualtran,serial_adder,control,B_400_0.75,B,400,0.75,standard,15,15,1,0.0,1,0.0,0.0,0.7273,0.6667,442,206,169,169,169,169,169,169,169,169,169,169,uniform_min_teq,169,fixed_ccz,0.0,169,0.109,169,bounded,20.711,5675,162.0,0.0,0.0,0.0414,0.0,0.0,0,6,0,0,0,6,0,0,74698,74698,0.702,B,400,standard
qt_add16,qualtran,serial_adder,control,B_800_0.5,B,800,0.5,standard,15,15,1,0.0,1,0.0,0.0,2.5455,0.6667,772,203,168,168,168,168,168,168,168,203,168,168,uniform_min_teq,168,fixed_ccz,0.0,168,0.124,168,bounded,21.604,3258,162.0,0.0,0.0,0.0357,0.0,0.0,0,5,0,0,0,5,0,0,129696,129696,1.56,B,800,standard
qt_add16,qualtran,serial_adder,control,C_400_0.25,C,400,0.25,standard,15,15,1,0.0,1,0.0,0.0,1.8182,0.1667,412,202,168,168,168,202,168,168,168,202,168,168,uniform_min_teq,168,fixed_ccz,0.0,168,0.142,168,bounded,21.108,4246,162.0,0.0,0.0,0.0357,0.0,0.0,0,5,0,0,0,5,0,0,69216,69216,1.061,C,400,standard
qt_add16,qualtran,serial_adder,control,C_400_0.5,C,400,0.5,standard,15,15,1,0.0,1,0.0,0.0,1.2727,0.3333,394,201,169,169,169,169,169,169,169,201,169,169,uniform_min_teq,169,fixed_ccz,0.0,169,0.14,169,bounded,20.874,4873,162.0,0.0,0.0,0.0414,0.0,0.0,0,6,0,0,0,6,0,0,66586,66586,0.862,C,400,standard
qt_add16,qualtran,serial_adder,control,C_400_0.5_scarce,C,400,0.5,scarce,15,15,1,0.0,1,0.0,0.0,0.7426,0.1702,378,202,168,168,168,202,168,168,168,202,168,168,uniform_min_teq,168,fixed_ccz,0.0,168,0.126,168,bounded,20.58,6147,162.0,0.0,0.0,0.0357,0.0,0.0,0,5,0,0,0,5,0,0,63504,63504,0.571,C,400,scarce
qt_add16,qualtran,serial_adder,control,C_400_0.75,C,400,0.75,standard,15,15,1,0.0,1,0.0,0.0,0.7273,0.5,376,202,170,170,170,170,170,170,170,170,170,170,uniform_min_teq,170,fixed_ccz,0.0,170,0.131,170,bounded,20.665,5804,162.0,0.0,0.0,0.0471,0.0,0.0,0,7,0,0,0,7,0,0,63920,63920,0.659,C,400,standard
qt_add16,qualtran,serial_adder,control,C_800_0.5,C,800,0.5,standard,15,15,1,0.0,1,0.0,0.0,2.5455,0.6667,788,201,168,168,168,168,168,168,168,201,168,168,uniform_min_teq,168,fixed_ccz,0.0,168,0.13,168,bounded,21.573,3235,162.0,0.0,0.0,0.0357,0.0,0.0,0,5,0,0,0,5,0,0,132384,132384,1.525,C,800,standard
qt_halfgt8,qualtran,comparator,control,A_3200_0.5_abundant,A,3200,0.5,abundant,8,8,1,0.0,1,0.0,0.0,13.1818,3.6667,3179,92,71,71,71,71,71,71,71,92,71,71,uniform_min_teq,71,fixed_ccz,0.0,71,0.093,71,bounded,20.89,7881,70.0,0.0,0.0,0.0141,0.0,0.0,0,0,773,202,0,0,773,202,225709,225709,0.91,A,3200,abundant
qt_halfgt8,qualtran,comparator,control,A_400_0.25,A,400,0.25,standard,8,8,1,0.0,1,0.0,0.0,2.4545,0.1667,369,92,71,71,71,92,71,71,71,92,71,71,uniform_min_teq,71,fixed_ccz,0.0,71,0.088,71,bounded,20.414,16322,70.0,0.0,0.0,0.0141,0.0,0.0,0,0,118,0,0,0,118,0,26199,26199,0.394,A,400,standard
qt_halfgt8,qualtran,comparator,control,A_400_0.5,A,400,0.5,standard,8,8,1,0.0,1,0.0,0.0,1.6364,0.5,414,92,71,71,71,71,71,71,71,92,71,71,uniform_min_teq,71,fixed_ccz,0.0,71,0.12,71,bounded,20.405,17081,70.0,0.0,0.0,0.0141,0.0,0.0,0,0,68,0,0,0,68,0,29394,29394,0.409,A,400,standard
qt_halfgt8,qualtran,comparator,control,A_400_0.75,A,400,0.75,standard,8,8,1,0.0,1,0.0,0.0,0.8182,0.6667,387,93,71,71,71,71,71,71,71,71,71,71,uniform_min_teq,71,fixed_ccz,0.0,71,0.115,71,bounded,20.388,17797,70.0,0.0,0.0,0.0141,0.0,0.0,0,0,18,4,0,0,18,4,27477,27477,0.387,A,400,standard
qt_halfgt8,qualtran,comparator,control,A_800_0.5,A,800,0.5,standard,8,8,1,0.0,1,0.0,0.0,3.2727,1.0,828,92,71,71,71,71,71,71,71,92,71,71,uniform_min_teq,71,fixed_ccz,0.0,71,0.12,71,bounded,20.46,14972,70.0,0.0,0.0,0.0141,0.0,0.0,0,0,168,26,0,0,168,26,58788,58788,0.473,A,800,standard
qt_halfgt8,qualtran,comparator,control,B_400_0.25,B,400,0.25,standard,8,8,1,0.0,1,0.0,0.0,1.8182,0.1667,408,95,73,73,73,95,73,73,73,95,73,73,uniform_min_teq,73,fixed_ccz,0.0,73,0.119,73,bounded,21.387,5114,70.0,0.0,0.0,0.0411,0.0,0.25,0,2,0,0,0,2,0,0,29784,29784,1.366,B,400,standard
qt_halfgt8,qualtran,comparator,control,B_400_0.5,B,400,0.5,standard,8,8,1,0.0,1,0.0,0.0,1.2727,0.3333,386,96,74,74,74,74,74,74,74,96,74,74,uniform_min_teq,74,fixed_ccz,0.0,74,0.142,74,bounded,21.16,6199,70.0,0.0,0.0,0.0541,0.0,0.0,0,3,0,0,0,3,0,0,28564,28564,1.113,B,400,standard
qt_halfgt8,qualtran,comparator,control,B_400_0.5_scarce,B,400,0.5,scarce,8,8,1,0.0,1,0.0,0.0,0.7426,0.1702,370,98,73,73,73,98,73,73,73,98,73,73,uniform_min_teq,73,fixed_ccz,0.0,73,0.119,73,bounded,20.808,8527,70.0,0.0,0.0,0.0411,0.0,0.0,0,2,0,0,0,2,0,0,27010,27010,0.782,B,400,scarce
qt_halfgt8,qualtran,comparator,control,B_400_0.75,B,400,0.75,standard,8,8,1,0.0,1,0.0,0.0,0.7273,0.6667,442,97,74,74,74,74,74,74,74,74,74,74,uniform_min_teq,74,fixed_ccz,0.0,74,0.143,74,bounded,20.959,7313,70.0,0.0,0.0,0.0541,0.0,0.0,0,3,0,0,0,3,0,0,32708,32708,0.956,B,400,standard
qt_halfgt8,qualtran,comparator,control,B_800_0.5,B,800,0.5,standard,8,8,1,0.0,1,0.0,0.0,2.5455,0.6667,772,94,73,73,73,73,73,73,73,94,73,73,uniform_min_teq,73,fixed_ccz,0.0,73,0.176,73,bounded,21.825,3803,70.0,0.0,0.0,0.0411,0.0,0.0,0,2,0,0,0,2,0,0,56356,56356,1.857,B,800,standard
qt_halfgt8,qualtran,comparator,control,C_400_0.25,C,400,0.25,standard,8,8,1,0.0,1,0.0,0.0,1.8182,0.1667,412,93,73,73,73,93,73,73,73,93,73,73,uniform_min_teq,73,fixed_ccz,0.0,73,0.146,73,bounded,21.408,5140,70.0,0.0,0.0,0.0411,0.0,0.0,0,2,0,0,0,2,0,0,30076,30076,1.426,C,400,standard
qt_halfgt8,qualtran,comparator,control,C_400_0.5,C,400,0.5,standard,8,8,1,0.0,1,0.0,0.0,1.2727,0.3333,394,92,74,74,74,74,74,74,74,92,74,74,uniform_min_teq,74,fixed_ccz,0.0,74,0.136,74,bounded,21.122,6196,70.0,0.0,0.0,0.0541,0.0,0.0,0,3,0,0,0,3,0,0,29156,29156,1.1,C,400,standard
qt_halfgt8,qualtran,comparator,control,C_400_0.5_scarce,C,400,0.5,scarce,8,8,1,0.0,1,0.0,0.0,0.7426,0.1702,378,93,73,73,73,93,73,73,73,93,73,73,uniform_min_teq,73,fixed_ccz,0.0,73,0.117,73,bounded,20.807,8570,70.0,0.0,0.0,0.0411,0.0,0.0,0,2,0,0,0,2,0,0,27594,27594,0.797,C,400,scarce
qt_halfgt8,qualtran,comparator,control,C_400_0.75,C,400,0.75,standard,8,8,1,0.0,1,0.0,0.0,0.7273,0.5,376,93,75,75,75,75,75,75,75,75,75,75,uniform_min_teq,75,fixed_ccz,0.0,75,0.137,75,bounded,20.879,7828,70.0,0.0,0.0,0.0667,0.0,0.0,0,4,0,0,0,4,0,0,28200,28200,0.884,C,400,standard
qt_halfgt8,qualtran,comparator,control,C_800_0.5,C,800,0.5,standard,8,8,1,0.0,1,0.0,0.0,2.5455,0.6667,788,92,73,73,73,73,73,73,73,92,73,73,uniform_min_teq,73,fixed_ccz,0.0,73,0.179,73,bounded,21.857,3791,70.0,0.0,0.0,0.0411,0.0,0.0,0,2,0,0,0,2,0,0,57524,57524,1.835,C,800,standard
qt_modadd8,qualtran,serial_adder,control,A_3200_0.5_abundant,A,3200,0.5,abundant,31,31,1,0.0,1,0.0,0.0,13.1818,3.6667,3179,414,347,347,347,347,347,347,347,414,347,347,uniform_min_teq,347,fixed_ccz,0.0,347,0.321,347,bounded,21.868,3829,343.0,0.0,0.0,0.0115,0.0,0.0,0,3,4411,1191,0,3,4411,1191,1103113,1103113,1.832,A,3200,abundant
qt_modadd8,qualtran,serial_adder,control,A_400_0.25,A,400,0.25,standard,31,31,1,0.0,1,0.0,0.0,2.4545,0.1667,369,414,347,347,347,414,347,347,347,414,347,347,uniform_min_teq,347,fixed_ccz,0.0,347,0.224,347,bounded,20.927,5278,343.0,0.0,0.0,0.0115,0.0,0.0,0,3,796,0,0,3,796,0,128043,128043,0.895,A,400,standard
qt_modadd8,qualtran,serial_adder,control,A_400_0.5,A,400,0.5,standard,31,31,1,0.0,1,0.0,0.0,1.6364,0.5,414,414,347,347,347,347,347,347,347,414,347,347,uniform_min_teq,347,fixed_ccz,0.0,347,0.285,347,bounded,20.893,5294,343.0,0.0,0.0,0.0115,0.0,0.0,0,3,520,108,0,3,520,108,143658,143658,0.861,A,400,standard
qt_modadd8,qualtran,serial_adder,control,A_400_0.75,A,400,0.75,standard,31,31,1,0.0,1,0.0,0.0,0.8182,0.6667,387,415,347,347,347,347,347,347,347,347,347,347,uniform_min_teq,347,fixed_ccz,0.0,347,0.273,347,bounded,20.831,5419,343.0,0.0,0.0,0.0115,0.0,0.0,0,3,244,165,0,3,244,165,134289,134289,0.852,A,400,standard
qt_modadd8,qualtran,serial_adder,control,A_800_0.5,A,800,0.5,standard,31,31,1,0.0,1,0.0,0.0,3.2727,1.0,828,414,347,347,347,347,347,347,347,414,347,347,uniform_min_teq,347,fixed_ccz,0.0,347,0.287,347,bounded,21.085,5059,343.0,0.0,0.0,0.0115,0.0,0.0,0,3,1071,279,0,3,1071,279,287316,287316,0.951,A,800,standard
qt_modadd8,qualtran,serial_adder,control,B_400_0.25,B,400,0.25,standard,31,31,1,0.0,1,0.0,0.0,1.8182,0.1667,408,417,349,349,349,417,349,349,349,417,349,349,uniform_min_teq,349,fixed_ccz,0.0,349,0.371,349,bounded,22.742,2800,343.0,0.0,0.0,0.0172,0.0,0.0,0,5,0,0,0,5,0,0,142392,142392,2.811,B,400,standard
qt_modadd8,qualtran,serial_adder,control,B_400_0.5,B,400,0.5,standard,31,31,1,0.0,1,0.0,0.0,1.2727,0.3333,386,418,350,350,350,350,350,350,350,418,350,350,uniform_min_teq,350,fixed_ccz,0.0,350,0.34,350,bounded,22.244,3143,343.0,0.0,0.0,0.02,0.0,0.0,0,6,0,0,0,6,0,0,135100,135100,2.204,B,400,standard
qt_modadd8,qualtran,serial_adder,control,B_400_0.5_scarce,B,400,0.5,scarce,31,31,1,0.0,1,0.0,0.0,0.7426,0.1702,370,420,349,349,349,420,349,349,349,420,349,349,uniform_min_teq,349,fixed_ccz,0.0,349,0.334,349,bounded,21.682,3600,343.0,0.0,0.0,0.0172,0.0,0.0,0,5,0,0,0,5,0,0,129130,129130,1.582,B,400,scarce
qt_modadd8,qualtran,serial_adder,control,B_400_0.75,B,400,0.75,standard,31,31,1,0.0,1,0.0,0.0,0.7273,0.6667,442,419,350,350,350,350,350,350,350,350,350,350,uniform_min_teq,350,fixed_ccz,0.0,350,0.125,350,bounded,21.893,3393,343.0,0.0,0.0,0.02,0.0,0.0,0,6,0,0,0,6,0,0,154700,154700,1.893,B,400,standard
qt_modadd8,qualtran,serial_adder,control,B_800_0.5,B,800,0.5,standard,31,31,1,0.0,1,0.0,0.0,2.5455,0.6667,772,416,349,349,349,349,349,349,349,416,349,349,uniform_min_teq,349,fixed_ccz,0.0,349,0.159,349,bounded,23.69,2334,343.0,0.0,0.0,0.0172,0.0,0.0,0,5,0,0,0,5,0,0,269428,269428,3.759,B,800,standard
qt_modadd8,qualtran,serial_adder,control,C_400_0.25,C,400,0.25,standard,31,31,1,0.0,1,0.0,0.0,1.8182,0.1667,412,415,349,349,349,415,349,349,349,415,349,349,uniform_min_teq,349,fixed_ccz,0.0,349,0.361,349,bounded,22.651,2714,343.0,0.0,0.0,0.0172,0.0,0.0,0,5,0,0,0,5,0,0,143788,143788,2.648,C,400,standard
qt_modadd8,qualtran,serial_adder,control,C_400_0.5,C,400,0.5,standard,31,31,1,0.0,1,0.0,0.0,1.2727,0.3333,394,414,350,350,350,350,350,350,350,414,350,350,uniform_min_teq,350,fixed_ccz,0.0,350,0.359,350,bounded,22.258,3053,343.0,0.0,0.0,0.02,0.0,0.0,0,6,0,0,0,6,0,0,137900,137900,2.315,C,400,standard
qt_modadd8,qualtran,serial_adder,control,C_400_0.5_scarce,C,400,0.5,scarce,31,31,1,0.0,1,0.0,0.0,0.7426,0.1702,378,415,349,349,349,415,349,349,349,415,349,349,uniform_min_teq,349,fixed_ccz,0.0,349,0.347,349,bounded,21.699,3516,343.0,0.0,0.0,0.0172,0.0,0.0,0,5,0,0,0,5,0,0,131922,131922,1.656,C,400,scarce
qt_modadd8,qualtran,serial_adder,control,C_400_0.75,C,400,0.75,standard,31,31,1,0.0,1,0.0,0.0,0.7273,0.5,376,415,351,351,351,351,351,351,351,351,351,351,uniform_min_teq,351,fixed_ccz,0.0,351,0.301,351,bounded,21.909,3343,343.0,0.0,0.0,0.0228,0.0,0.0,0,7,0,0,0,7,0,0,131976,131976,1.776,C,400,standard
qt_modadd8,qualtran,serial_adder,control,C_800_0.5,C,800,0.5,standard,31,31,1,0.0,1,0.0,0.0,2.5455,0.6667,788,414,349,349,349,349,349,349,349,414,349,349,uniform_min_teq,349,fixed_ccz,0.0,349,0.143,349,bounded,23.741,2307,343.0,0.0,0.0,0.0172,0.0,0.0,0,5,0,0,0,5,0,0,275012,275012,3.73,C,800,standard
qt_multiand10,qualtran,and_ladder,control,A_3200_0.5_abundant,A,3200,0.5,abundant,9,9,1,0.0,1,0.0,0.0,13.1818,3.6667,3179,72,49,49,49,49,49,49,49,72,49,49,uniform_min_teq,49,fixed_ccz,0.0,49,0.109,49,bounded,20.616,9845,45.0,0.0,0.0,0.0816,0.0,0.0,0,3,483,121,0,3,483,121,155771,155771,0.58,A,3200,abundant
qt_multiand10,qualtran,and_ladder,control,A_400_0.25,A,400,0.25,standard,9,9,1,0.0,1,0.0,0.0,2.4545,0.1667,369,72,57,56,57,72,56,57,57,72,50,56,two_term_descent,56,uniform_oracle,0.0,51,0.104,50,bounded,20.282,27258,45.0,0.1071,0.0196,0.1176,0.2222,0.1111,0,4,53,0,0,3,65,0,18450,18819,0.276,A,400,standard
qt_multiand10,qualtran,and_ladder,control,A_400_0.5,A,400,0.5,standard,9,9,1,0.0,1,0.0,0.0,1.6364,0.5,414,72,49,49,49,49,49,49,49,72,49,49,uniform_min_teq,49,fixed_ccz,0.0,49,0.132,49,bounded,20.228,31642,45.0,0.0,0.0,0.0816,0.0,0.0,0,3,32,0,0,3,32,0,20286,20286,0.232,A,400,standard
qt_multiand10,qualtran,and_ladder,control,A_400_0.75,A,400,0.75,standard,9,9,1,0.0,1,0.0,0.0,0.8182,0.6667,387,73,49,49,49,49,49,49,49,49,49,49,uniform_min_teq,49,fixed_ccz,0.0,49,0.128,49,bounded,20.209,35699,45.0,0.0,0.0,0.0816,0.0,0.0,0,3,0,0,0,3,0,0,18963,18963,0.199,A,400,standard
qt_multiand10,qualtran,and_ladder,control,A_800_0.5,A,800,0.5,standard,9,9,1,0.0,1,0.0,0.0,3.2727,1.0,828,72,49,49,49,49,49,49,49,72,49,49,uniform_min_teq,49,fixed_ccz,0.0,49,0.128,49,bounded,20.282,24154,45.0,0.0,0.0,0.0816,0.0,0.0,0,3,96,3,0,3,96,3,40572,40572,0.266,A,800,standard
qt_multiand10,qualtran,and_ladder,control,B_400_0.25,B,400,0.25,standard,9,9,1,0.0,1,0.0,0.0,1.8182,0.1667,408,75,60,59,60,75,59,60,60,75,53,59,two_term_descent,59,uniform_oracle,0.0,53,0.134,53,bounded,21.116,5963,45.0,0.1017,0.0,0.1509,0.2222,0.2222,0,7,0,0,0,7,0,0,21624,21624,1.137,B,400,standard
qt_multiand10,qualtran,and_ladder,control,B_400_0.5,B,400,0.5,standard,9,9,1,0.0,1,0.0,0.0,1.2727,0.3333,386,76,52,52,52,52,52,52,52,76,52,52,uniform_min_teq,52,fixed_ccz,0.0,52,0.152,52,bounded,20.805,7640,45.0,0.0,0.0,0.1346,0.0,0.0,0,6,0,0,0,6,0,0,20072,20072,0.794,B,400,standard
qt_multiand10,qualtran,and_ladder,control,B_400_0.5_scarce,B,400,0.5,scarce,9,9,1,0.0,1,0.0,0.0,0.7426,0.1702,370,78,51,51,51,78,78,51,51,78,51,51,uniform_min_teq,51,fixed_ccz,0.0,51,0.123,51,bounded,20.543,11509,45.0,0.0,0.0,0.1176,0.0,0.0,0,5,0,0,0,5,0,0,18870,18870,0.548,B,400,scarce
qt_multiand10,qualtran,and_ladder,control,B_400_0.75,B,400,0.75,standard,9,9,1,0.0,1,0.0,0.0,0.7273,0.6667,442,77,52,52,52,52,52,52,52,52,52,52,uniform_min_teq,52,fixed_ccz,0.0,52,0.152,52,bounded,20.639,9382,45.0,0.0,0.0,0.1346,0.0,0.0,0,6,0,0,0,6,0,0,22984,22984,0.646,B,400,standard
qt_multiand10,qualtran,and_ladder,control,B_800_0.5,B,800,0.5,standard,9,9,1,0.0,1,0.0,0.0,2.5455,0.6667,772,74,51,51,51,51,51,51,51,74,51,51,uniform_min_teq,51,fixed_ccz,0.0,51,0.199,51,bounded,21.364,4238,45.0,0.0,0.0,0.1176,0.0,0.0,0,5,0,0,0,5,0,0,39372,39372,1.343,B,800,standard
qt_multiand10,qualtran,and_ladder,control,C_400_0.25,C,400,0.25,standard,9,9,1,0.0,1,0.0,0.0,1.8182,0.1667,412,73,60,58,60,73,58,60,60,73,53,58,two_term_descent,58,uniform_oracle,0.0,57,0.162,53,bounded,21.051,5921,45.0,0.0862,0.0702,0.2105,0.2222,0.2222,0,7,0,0,9,0,0,0,21836,23484,1.099,C,400,standard
qt_multiand10,qualtran,and_ladder,control,C_400_0.5,C,400,0.5,standard,9,9,1,0.0,1,0.0,0.0,1.2727,0.3333,394,72,52,52,52,52,52,52,52,72,52,52,uniform_min_teq,52,fixed_ccz,0.0,52,0.163,52,bounded,20.785,7612,45.0,0.0,0.0,0.1346,0.0,0.0,0,6,0,0,0,6,0,0,20488,20488,0.806,C,400,standard
qt_multiand10,qualtran,and_ladder,control,C_400_0.5_scarce,C,400,0.5,scarce,9,9,1,0.0,1,0.0,0.0,0.7426,0.1702,378,73,51,51,51,73,63,51,51,73,51,51,uniform_min_teq,51,fixed_ccz,0.0,51,0.116,51,bounded,20.642,11478,45.0,0.0,0.0,0.1176,0.0,0.0,0,5,0,0,0,5,0,0,19278,19278,0.633,C,400,scarce
qt_multiand10,qualtran,and_ladder,control,C_400_0.75,C,400,0.75,standard,9,9,1,0.0,1,0.0,0.0,0.7273,0.5,376,73,53,53,53,53,53,53,53,53,53,53,uniform_min_teq,53,fixed_ccz,0.0,53,0.154,53,bounded,20.675,9947,45.0,0.0,0.0,0.1509,0.0,0.0,0,7,0,0,0,7,0,0,19928,19928,0.678,C,400,standard
qt_multiand10,qualtran,and_ladder,control,C_800_0.5,C,800,0.5,standard,9,9,1,0.0,1,0.0,0.0,2.5455,0.6667,788,72,51,51,51,51,51,51,51,72,51,51,uniform_min_teq,51,fixed_ccz,0.0,51,0.213,51,bounded,21.423,4204,45.0,0.0,0.0,0.1176,0.0,0.0,0,5,0,0,0,5,0,0,40188,40188,1.367,C,800,standard
qt_qrom16x5,qualtran,lookup,control,A_3200_0.5_abundant,A,3200,0.5,abundant,14,14,1,0.0,1,0.0,0.0,13.1818,3.6667,3179,168,135,135,135,135,135,135,135,168,135,135,uniform_min_teq,135,fixed_ccz,0.0,135,0.176,135,bounded,20.519,7178,132.0,0.0,0.0,0.0222,0.0,0.0,0,2,1616,431,0,2,1616,431,429165,429165,0.518,A,3200,abundant
qt_qrom16x5,qualtran,lookup,control,A_400_0.25,A,400,0.25,standard,14,14,1,0.0,1,0.0,0.0,2.4545,0.1667,369,168,137,137,137,168,137,137,137,168,137,137,uniform_min_teq,137,fixed_ccz,0.0,137,0.047,137,proven,25.263,16384,132.0,0.0,0.0,0.0365,0.0,0.0,0,4,280,0,0,4,280,0,50553,50553,0.186,A,400,standard
qt_qrom16x5,qualtran,lookup,control,A_400_0.5,A,400,0.5,standard,14,14,1,0.0,1,0.0,0.0,1.6364,0.5,414,168,135,135,135,135,135,135,135,168,135,135,uniform_min_teq,135,fixed_ccz,0.0,135,0.097,135,proven,25.319,16384,132.0,0.0,0.0,0.0222,0.0,0.0,0,2,173,19,0,2,173,19,55890,55890,0.176,A,400,standard
qt_qrom16x5,qualtran,lookup,control,A_400_0.75,A,400,0.75,standard,14,14,1,0.0,1,0.0,0.0,0.8182,0.6667,387,169,135,135,135,135,135,135,135,135,135,135,uniform_min_teq,135,fixed_ccz,0.0,135,0.094,135,proven,23.93,16384,132.0,0.0,0.0,0.0222,0.0,0.0,0,2,71,41,0,2,71,41,52245,52245,0.159,A,400,standard
qt_qrom16x5,qualtran,lookup,control,A_800_0.5,A,800,0.5,standard,14,14,1,0.0,1,0.0,0.0,3.2727,1.0,828,168,135,135,135,135,135,135,135,168,135,135,uniform_min_teq,135,fixed_ccz,0.0,135,0.101,135,proven,28.722,16384,132.0,0.0,0.0,0.0222,0.0,0.0,0,2,378,84,0,2,378,84,111780,111780,0.223,A,800,standard
qt_qrom16x5,qualtran,lookup,control,B_400_0.25,B,400,0.25,standard,14,14,1,0.0,1,0.0,0.0,1.8182,0.1667,408,171,140,140,140,171,140,140,140,171,140,140,uniform_min_teq,140,fixed_ccz,0.0,140,0.141,140,bounded,20.798,4807,132.0,0.0,0.0,0.0571,0.0,0.0,0,7,0,0,0,7,0,0,57120,57120,0.787,B,400,standard
qt_qrom16x5,qualtran,lookup,control,B_400_0.5,B,400,0.5,standard,14,14,1,0.0,1,0.0,0.0,1.2727,0.3333,386,172,138,138,138,138,138,138,138,172,138,138,uniform_min_teq,138,fixed_ccz,0.0,138,0.119,138,bounded,20.624,5617,132.0,0.0,0.0,0.0435,0.0,0.0,0,5,0,0,0,5,0,0,53268,53268,0.622,B,400,standard
qt_qrom16x5,qualtran,lookup,control,B_400_0.5_scarce,B,400,0.5,scarce,14,14,1,0.0,1,0.0,0.0,0.7426,0.1702,370,174,137,137,137,174,137,137,137,174,137,137,uniform_min_teq,137,fixed_ccz,0.0,137,0.123,137,bounded,20.431,7469,132.0,0.0,0.0,0.0365,0.0,0.0,0,4,0,0,0,4,0,0,50690,50690,0.435,B,400,scarce
qt_qrom16x5,qualtran,lookup,control,B_400_0.75,B,400,0.75,standard,14,14,1,0.0,1,0.0,0.0,0.7273,0.6667,442,173,138,138,138,138,138,138,138,138,138,138,uniform_min_teq,138,fixed_ccz,0.0,138,0.113,138,bounded,20.514,6514,132.0,0.0,0.0,0.0435,0.0,0.0,0,5,0,0,0,5,0,0,60996,60996,0.503,B,400,standard
qt_qrom16x5,qualtran,lookup,control,B_800_0.5,B,800,0.5,standard,14,14,1,0.0,1,0.0,0.0,2.5455,0.6667,772,170,137,137,137,137,137,137,137,170,137,137,uniform_min_teq,137,fixed_ccz,0.0,137,0.143,137,bounded,21.099,3562,132.0,0.0,0.0,0.0365,0.0,0.0,0,4,0,0,0,4,0,0,105764,105764,1.149,B,800,standard
qt_qrom16x5,qualtran,lookup,control,C_400_0.25,C,400,0.25,standard,14,14,1,0.0,1,0.0,0.0,1.8182,0.1667,412,169,140,140,140,169,140,140,140,169,140,140,uniform_min_teq,140,fixed_ccz,0.0,140,0.127,140,bounded,20.819,4623,132.0,0.0,0.0,0.0571,0.0,0.0,0,7,0,0,0,7,0,0,57680,57680,0.806,C,400,standard
qt_qrom16x5,qualtran,lookup,control,C_400_0.5,C,400,0.5,standard,14,14,1,0.0,1,0.0,0.0,1.2727,0.3333,394,168,138,138,138,138,138,138,138,168,138,138,uniform_min_teq,138,fixed_ccz,0.0,138,0.127,138,bounded,20.658,5509,132.0,0.0,0.0,0.0435,0.0,0.0,0,5,0,0,0,5,0,0,54372,54372,0.66,C,400,standard
qt_qrom16x5,qualtran,lookup,control,C_400_0.5_scarce,C,400,0.5,scarce,14,14,1,0.0,1,0.0,0.0,0.7426,0.1702,378,169,137,137,137,169,137,137,137,169,137,137,uniform_min_teq,137,fixed_ccz,0.0,137,0.122,137,bounded,20.441,7324,132.0,0.0,0.0,0.0365,0.0,0.0,0,4,0,0,0,4,0,0,51786,51786,0.442,C,400,scarce
qt_qrom16x5,qualtran,lookup,control,C_400_0.75,C,400,0.75,standard,14,14,1,0.0,1,0.0,0.0,0.7273,0.5,376,169,139,139,139,139,139,139,139,139,139,139,uniform_min_teq,139,fixed_ccz,0.0,139,0.125,139,bounded,20.493,6675,132.0,0.0,0.0,0.0504,0.0,0.0,0,6,0,0,0,6,0,0,52264,52264,0.483,C,400,standard
qt_qrom16x5,qualtran,lookup,control,C_800_0.5,C,800,0.5,standard,14,14,1,0.0,1,0.0,0.0,2.5455,0.6667,788,168,137,137,137,137,137,137,137,168,137,137,uniform_min_teq,137,fixed_ccz,0.0,137,0.138,137,bounded,21.118,3529,132.0,0.0,0.0,0.0365,0.0,0.0,0,4,0,0,0,4,0,0,107956,107956,1.132,C,800,standard
qb_multiplier_n15,qasmbench,multiplier,target,A_3200_0.5_abundant,A,3200,0.5,abundant,18,10,3,0.5,1,0.0,0.0,13.1818,3.6667,3179,116,91,91,91,91,91,91,91,116,91,91,uniform_min_teq,91,fixed_ccz,0.0,91,0.212,91,bounded,20.529,7251,88.0,0.0,0.0,0.033,0.0,0.0,0,2,1036,266,0,2,1036,266,289289,289289,0.534,A,3200,abundant
qb_multiplier_n15,qasmbench,multiplier,target,A_400_0.25,A,400,0.25,standard,18,10,3,0.5,1,0.0,0.0,2.4545,0.1667,369,116,122,116,122,116,104,122,122,116,95,104,two_term_descent,104,two_term_descent,0.0,101,0.165,95,bounded,20.274,12493,88.0,0.0865,0.0594,0.1287,0.3889,0.2778,0,3,149,0,1,7,172,0,35055,37269,0.266,A,400,standard
qb_multiplier_n15,qasmbench,multiplier,target,A_400_0.5,A,400,0.5,standard,18,10,3,0.5,1,0.0,0.0,1.6364,0.5,414,116,91,91,91,91,91,91,91,116,91,91,uniform_min_teq,91,fixed_ccz,0.0,91,0.192,91,bounded,20.245,15259,88.0,0.0,0.0,0.033,0.0,0.0,0,2,101,0,0,2,101,0,37674,37674,0.244,A,400,standard
qb_multiplier_n15,qasmbench,multiplier,target,A_400_0.75,A,400,0.75,standard,18,10,3,0.5,1,0.0,0.0,0.8182,0.6667,387,125,91,91,91,91,91,91,91,91,91,91,uniform_min_teq,91,fixed_ccz,0.0,91,0.173,91,bounded,20.217,15961,88.0,0.0,0.0,0.033,0.0,0.0,0,2,35,8,0,2,35,8,35217,35217,0.219,A,400,standard
qb_multiplier_n15,qasmbench,multiplier,target,A_800_0.5,A,800,0.5,standard,18,10,3,0.5,1,0.0,0.0,3.2727,1.0,828,116,91,91,91,91,91,91,91,116,91,91,uniform_min_teq,91,fixed_ccz,0.0,91,0.181,91,bounded,20.284,13325,88.0,0.0,0.0,0.033,0.0,0.0,0,2,234,36,0,2,234,36,75348,75348,0.291,A,800,standard
qb_multiplier_n15,qasmbench,multiplier,target,B_400_0.25,B,400,0.25,standard,18,10,3,0.5,1,0.0,0.0,1.8182,0.1667,408,119,125,119,125,119,103,125,125,119,98,103,two_term_descent,103,two_term_descent,0.0,105,0.11,98,bounded,20.872,4565,88.0,0.0485,0.0667,0.1619,0.3889,0.3333,1,6,0,0,2,4,0,0,39984,42840,0.845,B,400,standard
qb_multiplier_n15,qasmbench,multiplier,target,B_400_0.5,B,400,0.5,standard,18,10,3,0.5,1,0.0,0.0,1.2727,0.3333,386,120,96,96,96,96,96,96,96,120,95,96,uniform_min_teq,96,fixed_ccz,0.0,96,0.227,95,bounded,20.766,5741,88.0,0.0104,0.0104,0.0833,0.0556,0.0,0,6,0,0,0,9,0,0,36670,37056,0.74,B,400,standard
qb_multiplier_n15,qasmbench,multiplier,target,B_400_0.5_scarce,B,400,0.5,scarce,18,10,3,0.5,1,0.0,0.0,0.7426,0.1702,370,139,95,95,95,139,111,95,95,139,94,95,uniform_min_teq,95,fixed_ccz,0.0,95,0.208,94,bounded,20.508,7694,88.0,0.0105,0.0105,0.0737,0.0556,0.0,0,5,0,0,0,9,0,0,34780,35150,0.513,B,400,scarce
qb_multiplier_n15,qasmbench,multiplier,target,B_400_0.75,B,400,0.75,standard,18,10,3,0.5,1,0.0,0.0,0.7273,0.6667,442,132,94,94,94,94,94,94,94,94,94,94,uniform_min_teq,94,fixed_ccz,0.0,94,0.221,94,bounded,20.574,6777,88.0,0.0,0.0,0.0638,0.0,0.0,0,5,0,0,0,5,0,0,41548,41548,0.586,B,400,standard
qb_multiplier_n15,qasmbench,multiplier,target,B_800_0.5,B,800,0.5,standard,18,10,3,0.5,1,0.0,0.0,2.5455,0.6667,772,118,93,93,93,93,93,93,93,118,93,93,uniform_min_teq,93,fixed_ccz,0.0,93,0.246,93,bounded,21.098,3651,88.0,0.0,0.0,0.0538,0.0,0.0,0,4,0,0,0,4,0,0,71796,71796,1.14,B,800,standard
qb_multiplier_n15,qasmbench,multiplier,target,C_400_0.25,C,400,0.25,standard,18,10,3,0.5,1,0.0,0.0,1.8182,0.1667,412,117,125,117,125,117,107,125,125,117,98,107,two_term_descent,107,two_term_descent,0.0,109,0.2,98,bounded,20.843,4600,88.0,0.0841,0.1009,0.1927,0.3889,0.2778,1,6,0,0,8,0,0,0,40376,44908,0.842,C,400,standard
qb_multiplier_n15,qasmbench,multiplier,target,C_400_0.5,C,400,0.5,standard,18,10,3,0.5,1,0.0,0.0,1.2727,0.3333,394,116,96,96,96,96,96,96,96,116,95,96,uniform_min_teq,96,fixed_ccz,0.0,96,0.235,95,bounded,20.741,5703,88.0,0.0104,0.0104,0.0833,0.0556,0.0,0,6,0,0,0,10,0,0,37430,37824,0.748,C,400,standard
qb_multiplier_n15,qasmbench,multiplier,target,C_400_0.5_scarce,C,400,0.5,scarce,18,10,3,0.5,1,0.0,0.0,0.7426,0.1702,378,122,95,95,95,122,105,95,95,122,94,95,uniform_min_teq,95,fixed_ccz,0.0,95,0.212,94,bounded,20.519,7579,88.0,0.0105,0.0105,0.0737,0.0556,0.0,0,5,0,0,0,10,0,0,35532,35910,0.52,C,400,scarce
qb_multiplier_n15,qasmbench,multiplier,target,C_400_0.75,C,400,0.75,standard,18,10,3,0.5,1,0.0,0.0,0.7273,0.5,376,121,95,95,95,95,95,95,95,95,95,95,uniform_min_teq,95,fixed_ccz,0.0,95,0.21,95,bounded,20.526,7160,88.0,0.0,0.0,0.0737,0.0,0.0,0,6,0,0,0,6,0,0,35720,35720,0.537,C,400,standard
qb_multiplier_n15,qasmbench,multiplier,target,C_800_0.5,C,800,0.5,standard,18,10,3,0.5,1,0.0,0.0,2.5455,0.6667,788,116,93,93,93,93,93,93,93,116,93,93,uniform_min_teq,93,fixed_ccz,0.0,93,0.222,93,bounded,21.078,3661,88.0,0.0,0.0,0.0538,0.0,0.0,0,4,0,0,0,4,0,0,73284,73284,1.122,C,800,standard
qb_multiply_n13,qasmbench,multiplier,target,A_3200_0.5_abundant,A,3200,0.5,abundant,6,4,2,0.5,1,0.0,0.0,13.1818,3.6667,3179,37,24,24,24,24,24,24,24,37,24,24,uniform_min_teq,24,fixed_ccz,0.0,24,0.075,24,proven,8.703,4096,21.0,0.0,0.0,0.125,0.0,0.0,0,2,153,32,0,2,153,32,76296,76296,0.422,A,3200,abundant
qb_multiply_n13,qasmbench,multiplier,target,A_400_0.25,A,400,0.25,standard,6,4,2,0.5,1,0.0,0.0,2.4545,0.1667,369,37,39,32,39,37,32,39,39,37,26,32,two_term_descent,32,uniform_oracle,0.0,28,0.058,26,proven,2.942,4096,21.0,0.1875,0.0714,0.25,0.5,0.3333,0,3,0,0,1,2,2,0,9594,10332,0.182,A,400,standard
qb_multiply_n13,qasmbench,multiplier,target,A_400_0.5,A,400,0.5,standard,6,4,2,0.5,1,0.0,0.0,1.6364,0.5,414,37,24,24,24,24,24,24,24,37,24,24,uniform_min_teq,24,fixed_ccz,0.0,24,0.12,24,proven,2.856,4096,21.0,0.0,0.0,0.125,0.0,0.0,0,2,0,0,0,2,0,0,9936,9936,0.144,A,400,standard
qb_multiply_n13,qasmbench,multiplier,target,A_400_0.75,A,400,0.75,standard,6,4,2,0.5,1,0.0,0.0,0.8182,0.6667,387,44,24,24,24,24,24,24,24,24,24,24,uniform_min_teq,24,fixed_ccz,0.0,24,0.132,24,proven,2.635,4096,21.0,0.0,0.0,0.125,0.0,0.0,0,2,0,0,0,2,0,0,9288,9288,0.127,A,400,standard
qb_multiply_n13,qasmbench,multiplier,target,A_800_0.5,A,800,0.5,standard,6,4,2,0.5,1,0.0,0.0,3.2727,1.0,828,37,24,24,24,24,24,24,24,37,24,24,uniform_min_teq,24,fixed_ccz,0.0,24,0.097,24,proven,3.665,4096,21.0,0.0,0.0,0.125,0.0,0.0,0,2,14,0,0,2,14,0,19872,19872,0.191,A,800,standard
qb_multiply_n13,qasmbench,multiplier,target,B_400_0.25,B,400,0.25,standard,6,4,2,0.5,1,0.0,0.0,1.8182,0.1667,408,40,42,40,42,40,36,42,42,40,29,36,two_term_descent,36,two_term_descent,0.0,32,0.134,29,proven,13.579,4096,21.0,0.1944,0.0938,0.3438,0.5,0.3333,1,6,0,0,6,6,0,0,11832,13056,0.705,B,400,standard
qb_multiply_n13,qasmbench,multiplier,target,B_400_0.5,B,400,0.5,standard,6,4,2,0.5,1,0.0,0.0,1.2727,0.3333,386,41,29,29,29,29,35,29,29,41,28,29,uniform_min_teq,29,fixed_ccz,0.0,28,0.109,28,proven,10.939,4096,21.0,0.0345,0.0,0.25,0.1667,0.1667,0,6,0,0,0,6,0,0,10808,10808,0.586,B,400,standard
qb_multiply_n13,qasmbench,multiplier,target,B_400_0.5_scarce,B,400,0.5,scarce,6,4,2,0.5,1,0.0,0.0,0.7426,0.1702,370,53,28,28,28,53,44,28,28,53,28,28,uniform_min_teq,28,fixed_ccz,0.0,28,0.13,28,proven,7.7,4096,21.0,0.0,0.0,0.25,0.0,0.0,0,6,0,0,0,6,0,0,10360,10360,0.355,B,400,scarce
qb_multiply_n13,qasmbench,multiplier,target,B_400_0.75,B,400,0.75,standard,6,4,2,0.5,1,0.0,0.0,0.7273,0.6667,442,50,27,27,27,27,27,27,27,27,27,27,uniform_min_teq,27,fixed_ccz,0.0,27,0.147,27,proven,9.033,4096,21.0,0.0,0.0,0.2222,0.0,0.0,0,5,0,0,0,5,0,0,11934,11934,0.432,B,400,standard
qb_multiply_n13,qasmbench,multiplier,target,B_800_0.5,B,800,0.5,standard,6,4,2,0.5,1,0.0,0.0,2.5455,0.6667,772,39,26,26,26,26,26,26,26,39,26,26,uniform_min_teq,26,fixed_ccz,0.0,26,0.17,26,proven,19.555,4096,21.0,0.0,0.0,0.1923,0.0,0.0,0,4,0,0,0,4,0,0,20072,20072,0.928,B,800,standard
qb_multiply_n13,qasmbench,multiplier,target,C_400_0.25,C,400,0.25,standard,6,4,2,0.5,1,0.0,0.0,1.8182,0.1667,412,38,42,38,42,38,32,42,42,38,29,32,two_term_descent,32,two_term_descent,0.0,33,0.125,29,proven,13.899,4096,21.0,0.0938,0.1212,0.3636,0.5,0.3333,1,6,0,0,9,0,0,0,11948,13596,0.716,C,400,standard
qb_multiply_n13,qasmbench,multiplier,target,C_400_0.5,C,400,0.5,standard,6,4,2,0.5,1,0.0,0.0,1.2727,0.3333,394,37,29,29,29,29,32,29,29,37,28,29,uniform_min_teq,29,fixed_ccz,0.0,29,0.099,28,proven,11.192,4096,21.0,0.0345,0.0345,0.2759,0.1667,0.0,0,6,0,0,0,7,0,0,11032,11426,0.573,C,400,standard
qb_multiply_n13,qasmbench,multiplier,target,C_400_0.5_scarce,C,400,0.5,scarce,6,4,2,0.5,1,0.0,0.0,0.7426,0.1702,378,42,28,28,28,42,38,28,28,42,28,28,uniform_min_teq,28,fixed_ccz,0.0,28,0.081,28,proven,7.412,4096,21.0,0.0,0.0,0.25,0.0,0.0,0,6,0,0,0,6,0,0,10584,10584,0.385,C,400,scarce
qb_multiply_n13,qasmbench,multiplier,target,C_400_0.75,C,400,0.75,standard,6,4,2,0.5,1,0.0,0.0,0.7273,0.5,376,40,28,28,28,28,28,28,28,28,28,28,uniform_min_teq,28,fixed_ccz,0.0,28,0.153,28,proven,8.506,4096,21.0,0.0,0.0,0.25,0.0,0.0,0,6,0,0,0,6,0,0,10528,10528,0.389,C,400,standard
qb_multiply_n13,qasmbench,multiplier,target,C_800_0.5,C,800,0.5,standard,6,4,2,0.5,1,0.0,0.0,2.5455,0.6667,788,37,26,26,26,26,26,26,26,37,26,26,uniform_min_teq,26,fixed_ccz,0.0,26,0.163,26,proven,19.845,4096,21.0,0.0,0.0,0.1923,0.0,0.0,0,4,0,0,0,4,0,0,20488,20488,0.928,C,800,standard
qb_qram_n20,qasmbench,lookup,target,A_3200_0.5_abundant,A,3200,0.5,abundant,14,13,2,0.0769,2,0.0,0.0,13.1818,3.6667,3179,108,77,77,77,77,77,77,77,108,77,77,uniform_min_teq,77,fixed_ccz,0.0,77,0.225,77,bounded,21.617,8162,75.0,0.0,0.0,0.026,0.0,0.0,0,1,852,218,0,1,852,218,244783,244783,1.683,A,3200,abundant
qb_qram_n20,qasmbench,lookup,target,A_400_0.25,A,400,0.25,standard,14,13,2,0.0769,2,0.0,0.0,2.4545,0.1667,369,108,93,86,93,108,91,93,93,108,79,91,two_term_descent,86,uniform_oracle,0.0,86,0.166,79,bounded,21.034,17389,75.0,0.0814,0.0814,0.1279,0.2857,0.0,0,1,116,0,0,16,99,0,29151,31734,1.014,A,400,standard
qb_qram_n20,qasmbench,lookup,target,A_400_0.5,A,400,0.5,standard,14,13,2,0.0769,2,0.0,0.0,1.6364,0.5,414,108,77,77,77,77,77,77,77,108,77,77,uniform_min_teq,77,fixed_ccz,0.0,77,0.189,77,bounded,20.777,19744,75.0,0.0,0.0,0.026,0.0,0.0,0,1,78,0,0,1,78,0,31878,31878,0.792,A,400,standard
qb_qram_n20,qasmbench,lookup,target,A_400_0.75,A,400,0.75,standard,14,13,2,0.0769,2,0.0,0.0,0.8182,0.6667,387,110,77,77,77,77,77,77,77,77,77,77,uniform_min_teq,77,fixed_ccz,0.0,77,0.187,77,bounded,20.794,21180,75.0,0.0,0.0,0.026,0.0,0.0,0,1,23,2,0,1,23,2,29799,29799,0.77,A,400,standard
qb_qram_n20,qasmbench,lookup,target,A_800_0.5,A,800,0.5,standard,14,13,2,0.0769,2,0.0,0.0,3.2727,1.0,828,108,77,77,77,77,77,77,77,108,77,77,uniform_min_teq,77,fixed_ccz,0.0,77,0.193,77,bounded,20.906,16806,75.0,0.0,0.0,0.026,0.0,0.0,0,1,188,26,0,1,188,26,63756,63756,0.921,A,800,standard
qb_qram_n20,qasmbench,lookup,target,B_400_0.25,B,400,0.25,standard,14,13,2,0.0769,2,0.0,0.0,1.8182,0.1667,408,111,96,89,96,111,93,96,96,111,81,93,two_term_descent,89,uniform_oracle,0.0,83,0.178,81,bounded,23.07,5229,75.0,0.0899,0.0241,0.0964,0.2857,0.2143,2,3,0,0,2,3,0,0,33048,33864,3.075,B,400,standard
qb_qram_n20,qasmbench,lookup,target,B_400_0.5,B,400,0.5,standard,14,13,2,0.0769,2,0.0,0.0,1.2727,0.3333,386,112,80,80,80,80,80,80,80,112,80,80,uniform_min_teq,80,fixed_ccz,0.0,80,0.251,80,bounded,21.959,6577,75.0,0.0,0.0,0.0625,0.0,0.0,0,4,0,0,0,4,0,0,30880,30880,1.967,B,400,standard
qb_qram_n20,qasmbench,lookup,target,B_400_0.5_scarce,B,400,0.5,scarce,14,13,2,0.0769,2,0.0,0.0,0.7426,0.1702,370,117,79,79,79,117,80,79,79,117,79,79,uniform_min_teq,79,fixed_ccz,0.0,79,0.209,79,bounded,21.504,8985,75.0,0.0,0.0,0.0506,0.0,0.0,0,3,0,0,0,3,0,0,29230,29230,1.499,B,400,scarce
qb_qram_n20,qasmbench,lookup,target,B_400_0.75,B,400,0.75,standard,14,13,2,0.0769,2,0.0,0.0,0.7273,0.6667,442,115,80,80,80,80,80,80,80,80,80,80,uniform_min_teq,80,fixed_ccz,0.0,80,0.228,80,bounded,21.745,7903,75.0,0.0,0.0,0.0625,0.0,0.0,0,4,0,0,0,4,0,0,35360,35360,1.739,B,400,standard
qb_qram_n20,qasmbench,lookup,target,B_800_0.5,B,800,0.5,standard,14,13,2,0.0769,2,0.0,0.0,2.5455,0.6667,772,110,79,79,79,79,79,79,79,110,79,79,uniform_min_teq,79,fixed_ccz,0.0,79,0.259,79,bounded,23.032,3948,75.0,0.0,0.0,0.0506,0.0,0.0,0,3,0,0,0,3,0,0,60988,60988,3.157,B,800,standard
qb_qram_n20,qasmbench,lookup,target,C_400_0.25,C,400,0.25,standard,14,13,2,0.0769,2,0.0,0.0,1.8182,0.1667,412,109,96,89,96,109,93,96,96,109,81,93,two_term_descent,89,uniform_oracle,0.0,89,0.217,81,bounded,23.136,5166,75.0,0.0899,0.0899,0.1573,0.2857,0.2143,2,3,0,0,7,0,0,0,33372,36668,3.09,C,400,standard
qb_qram_n20,qasmbench,lookup,target,C_400_0.5,C,400,0.5,standard,14,13,2,0.0769,2,0.0,0.0,1.2727,0.3333,394,108,80,80,80,80,80,80,80,108,80,80,uniform_min_teq,80,fixed_ccz,0.0,80,0.235,80,bounded,21.971,6467,75.0,0.0,0.0,0.0625,0.0,0.0,0,4,0,0,0,4,0,0,31520,31520,2.01,C,400,standard
qb_qram_n20,qasmbench,lookup,target,C_400_0.5_scarce,C,400,0.5,scarce,14,13,2,0.0769,2,0.0,0.0,0.7426,0.1702,378,110,79,79,79,110,79,79,79,110,79,79,uniform_min_teq,79,fixed_ccz,0.0,79,0.24,79,bounded,21.879,8944,75.0,0.0,0.0,0.0506,0.0,0.0,0,3,0,0,0,3,0,0,29862,29862,1.897,C,400,scarce
qb_qram_n20,qasmbench,lookup,target,C_400_0.75,C,400,0.75,standard,14,13,2,0.0769,2,0.0,0.0,0.7273,0.5,376,110,81,81,81,81,81,81,81,81,81,81,uniform_min_teq,81,fixed_ccz,0.0,81,0.209,81,bounded,21.769,8122,75.0,0.0,0.0,0.0741,0.0,0.0,0,5,0,0,0,5,0,0,30456,30456,1.776,C,400,standard
qb_qram_n20,qasmbench,lookup,target,C_800_0.5,C,800,0.5,standard,14,13,2,0.0769,2,0.0,0.0,2.5455,0.6667,788,108,79,79,79,79,79,79,79,108,79,79,uniform_min_teq,79,fixed_ccz,0.0,79,0.251,79,bounded,23.082,3872,75.0,0.0,0.0,0.0506,0.0,0.0,0,3,0,0,0,3,0,0,62252,62252,3.085,C,800,standard
qb_sat_n11,qasmbench,oracle,target,A_3200_0.5_abundant,A,3200,0.5,abundant,22,21,2,0.0476,2,0.0,0.0,13.1818,3.6667,3179,183,136,136,136,136,136,136,136,183,136,136,uniform_min_teq,136,fixed_ccz,0.0,136,0.246,136,bounded,22.021,6289,133.0,0.0,0.0,0.0221,0.0,0.0,0,2,1629,427,0,2,1629,427,432344,432344,1.989,A,3200,abundant
qb_sat_n11,qasmbench,oracle,target,A_400_0.25,A,400,0.25,standard,22,21,2,0.0476,2,0.0,0.0,2.4545,0.1667,369,183,145,144,145,183,145,145,145,183,138,145,uniform_min_teq,144,uniform_oracle,0.0,139,0.183,138,bounded,21.222,10822,133.0,0.0417,0.0072,0.0432,0.0909,0.0455,0,4,272,0,0,5,281,0,50922,51291,1.337,A,400,standard
qb_sat_n11,qasmbench,oracle,target,A_400_0.5,A,400,0.5,standard,22,21,2,0.0476,2,0.0,0.0,1.6364,0.5,414,183,136,136,136,136,136,136,136,183,136,136,uniform_min_teq,136,fixed_ccz,0.0,136,0.229,136,bounded,21.169,11343,133.0,0.0,0.0,0.0221,0.0,0.0,0,2,175,12,0,2,175,12,56304,56304,1.108,A,400,standard
qb_sat_n11,qasmbench,oracle,target,A_400_0.75,A,400,0.75,standard,22,21,2,0.0476,2,0.0,0.0,0.8182,0.6667,387,184,136,136,136,136,136,136,136,136,136,136,uniform_min_teq,136,fixed_ccz,0.0,136,0.219,136,bounded,21.123,11833,133.0,0.0,0.0,0.0221,0.0,0.0,0,2,72,34,0,2,72,34,52632,52632,1.134,A,400,standard
qb_sat_n11,qasmbench,oracle,target,A_800_0.5,A,800,0.5,standard,22,21,2,0.0476,2,0.0,0.0,3.2727,1.0,828,183,136,136,136,136,136,136,136,183,136,136,uniform_min_teq,136,fixed_ccz,0.0,136,0.238,136,bounded,21.221,10262,133.0,0.0,0.0,0.0221,0.0,0.0,0,2,381,77,0,2,381,77,112608,112608,1.257,A,800,standard
qb_sat_n11,qasmbench,oracle,target,B_400_0.25,B,400,0.25,standard,22,21,2,0.0476,2,0.0,0.0,1.8182,0.1667,408,186,148,147,148,186,142,148,148,186,141,142,two_term_descent,142,two_term_descent,0.0,147,0.299,141,bounded,23.09,4288,133.0,0.007,0.0408,0.0952,0.0909,0.0,0,7,0,0,0,17,0,0,57528,59976,3.141,B,400,standard
qb_sat_n11,qasmbench,oracle,target,B_400_0.5,B,400,0.5,standard,22,21,2,0.0476,2,0.0,0.0,1.2727,0.3333,386,187,139,139,139,139,139,139,139,187,139,139,uniform_min_teq,139,fixed_ccz,0.0,139,0.282,139,bounded,22.354,4991,133.0,0.0,0.0,0.0432,0.0,0.0,0,5,0,0,0,5,0,0,53654,53654,2.419,B,400,standard
qb_sat_n11,qasmbench,oracle,target,B_400_0.5_scarce,B,400,0.5,scarce,22,21,2,0.0476,2,0.0,0.0,0.7426,0.1702,370,189,138,138,138,189,138,138,138,189,138,138,uniform_min_teq,138,fixed_ccz,0.0,138,0.275,138,bounded,21.895,6556,133.0,0.0,0.0,0.0362,0.0,0.0,0,4,0,0,0,4,0,0,51060,51060,1.902,B,400,scarce
qb_sat_n11,qasmbench,oracle,target,B_400_0.75,B,400,0.75,standard,22,21,2,0.0476,2,0.0,0.0,0.7273,0.6667,442,188,139,139,139,139,139,139,139,139,139,139,uniform_min_teq,139,fixed_ccz,0.0,139,0.165,139,bounded,22.159,5724,133.0,0.0,0.0,0.0432,0.0,0.0,0,5,0,0,0,5,0,0,61438,61438,2.109,B,400,standard
qb_sat_n11,qasmbench,oracle,target,B_800_0.5,B,800,0.5,standard,22,21,2,0.0476,2,0.0,0.0,2.5455,0.6667,772,185,138,138,138,138,138,138,138,185,138,138,uniform_min_teq,138,fixed_ccz,0.0,138,0.218,138,bounded,23.73,3312,133.0,0.0,0.0,0.0362,0.0,0.0,0,4,0,0,0,4,0,0,106536,106536,3.539,B,800,standard
qb_sat_n11,qasmbench,oracle,target,C_400_0.25,C,400,0.25,standard,22,21,2,0.0476,2,0.0,0.0,1.8182,0.1667,412,184,148,147,148,184,142,148,148,184,141,142,two_term_descent,142,two_term_descent,0.0,147,0.299,141,bounded,23.235,4275,133.0,0.007,0.0408,0.0952,0.0909,0.0,1,4,0,0,0,17,0,0,58092,60564,3.254,C,400,standard
qb_sat_n11,qasmbench,oracle,target,C_400_0.5,C,400,0.5,standard,22,21,2,0.0476,2,0.0,0.0,1.2727,0.3333,394,183,139,139,139,139,139,139,139,183,139,139,uniform_min_teq,139,fixed_ccz,0.0,139,0.275,139,bounded,22.531,5045,133.0,0.0,0.0,0.0432,0.0,0.0,0,5,0,0,0,5,0,0,54766,54766,2.367,C,400,standard
qb_sat_n11,qasmbench,oracle,target,C_400_0.5_scarce,C,400,0.5,scarce,22,21,2,0.0476,2,0.0,0.0,0.7426,0.1702,378,184,138,138,138,184,138,138,138,184,138,138,uniform_min_teq,138,fixed_ccz,0.0,138,0.265,138,bounded,22.001,6350,133.0,0.0,0.0,0.0362,0.0,0.0,0,4,0,0,0,4,0,0,52164,52164,1.918,C,400,scarce
qb_sat_n11,qasmbench,oracle,target,C_400_0.75,C,400,0.75,standard,22,21,2,0.0476,2,0.0,0.0,0.7273,0.5,376,184,140,140,140,140,140,140,140,140,140,140,uniform_min_teq,140,fixed_ccz,0.0,140,0.273,140,bounded,22.134,6003,133.0,0.0,0.0,0.05,0.0,0.0,0,6,0,0,0,6,0,0,52640,52640,1.985,C,400,standard
qb_sat_n11,qasmbench,oracle,target,C_800_0.5,C,800,0.5,standard,22,21,2,0.0476,2,0.0,0.0,2.5455,0.6667,788,183,138,138,138,138,138,138,138,183,138,138,uniform_min_teq,138,fixed_ccz,0.0,138,0.231,138,bounded,23.694,3256,133.0,0.0,0.0,0.0362,0.0,0.0,0,4,0,0,0,4,0,0,108744,108744,3.577,C,800,standard
qb_sat_n7,qasmbench,oracle,target,A_3200_0.5_abundant,A,3200,0.5,abundant,6,5,2,0.2,2,0.0,0.0,13.1818,3.6667,3179,57,42,42,42,42,42,42,42,57,42,42,uniform_min_teq,42,fixed_ccz,0.0,42,0.052,42,proven,0.576,256,40.0,0.0,0.0,0.0476,0.0,0.0,0,1,390,98,0,1,390,98,133518,133518,0.61,A,3200,abundant
qb_sat_n7,qasmbench,oracle,target,A_400_0.25,A,400,0.25,standard,6,5,2,0.2,2,0.0,0.0,2.4545,0.1667,369,57,49,48,49,57,49,49,49,57,43,49,uniform_min_teq,48,uniform_oracle,0.0,43,0.032,43,proven,0.233,256,40.0,0.1042,0.0,0.0698,0.1667,0.1667,0,1,45,0,0,1,45,0,15867,15867,0.262,A,400,standard
qb_sat_n7,qasmbench,oracle,target,A_400_0.5,A,400,0.5,standard,6,5,2,0.2,2,0.0,0.0,1.6364,0.5,414,57,42,42,42,42,42,42,42,57,42,42,uniform_min_teq,42,fixed_ccz,0.0,42,0.038,42,proven,0.212,256,40.0,0.0,0.0,0.0476,0.0,0.0,0,1,21,0,0,1,21,0,17388,17388,0.22,A,400,standard
qb_sat_n7,qasmbench,oracle,target,A_400_0.75,A,400,0.75,standard,6,5,2,0.2,2,0.0,0.0,0.8182,0.6667,387,58,42,42,42,42,42,42,42,42,42,42,uniform_min_teq,42,fixed_ccz,0.0,42,0.034,42,proven,0.213,256,40.0,0.0,0.0,0.0476,0.0,0.0,0,1,0,0,0,1,0,0,16254,16254,0.218,A,400,standard
qb_sat_n7,qasmbench,oracle,target,A_800_0.5,A,800,0.5,standard,6,5,2,0.2,2,0.0,0.0,3.2727,1.0,828,57,42,42,42,42,42,42,42,57,42,42,uniform_min_teq,42,fixed_ccz,0.0,42,0.044,42,proven,0.261,256,40.0,0.0,0.0,0.0476,0.0,0.0,0,1,73,0,0,1,73,0,34776,34776,0.264,A,800,standard
qb_sat_n7,qasmbench,oracle,target,B_400_0.25,B,400,0.25,standard,6,5,2,0.2,2,0.0,0.0,1.8182,0.1667,408,60,52,51,52,60,52,52,52,60,46,52,uniform_min_teq,51,uniform_oracle,0.0,47,0.059,46,proven,0.925,256,40.0,0.098,0.0213,0.1489,0.1667,0.5,0,4,0,0,0,4,0,0,18768,19176,0.982,B,400,standard
qb_sat_n7,qasmbench,oracle,target,B_400_0.5,B,400,0.5,standard,6,5,2,0.2,2,0.0,0.0,1.2727,0.3333,386,61,45,45,45,45,45,45,45,61,45,45,uniform_min_teq,45,fixed_ccz,0.0,45,0.075,45,proven,0.745,256,40.0,0.0,0.0,0.1111,0.0,0.0,0,4,0,0,0,4,0,0,17370,17370,0.762,B,400,standard
qb_sat_n7,qasmbench,oracle,target,B_400_0.5_scarce,B,400,0.5,scarce,6,5,2,0.2,2,0.0,0.0,0.7426,0.1702,370,65,44,44,44,65,44,44,44,65,44,44,uniform_min_teq,44,fixed_ccz,0.0,44,0.054,44,proven,0.516,256,40.0,0.0,0.0,0.0909,0.0,0.0,0,3,0,0,0,3,0,0,16280,16280,0.499,B,400,scarce
qb_sat_n7,qasmbench,oracle,target,B_400_0.75,B,400,0.75,standard,6,5,2,0.2,2,0.0,0.0,0.7273,0.6667,442,63,45,45,45,45,45,45,45,45,45,45,uniform_min_teq,45,fixed_ccz,0.0,45,0.061,45,proven,0.595,256,40.0,0.0,0.0,0.1111,0.0,0.0,0,4,0,0,0,4,0,0,19890,19890,0.601,B,400,standard
qb_sat_n7,qasmbench,oracle,target,B_800_0.5,B,800,0.5,standard,6,5,2,0.2,2,0.0,0.0,2.5455,0.6667,772,59,44,44,44,44,44,44,44,59,44,44,uniform_min_teq,44,fixed_ccz,0.0,44,0.094,44,proven,1.271,256,40.0,0.0,0.0,0.0909,0.0,0.0,0,3,0,0,0,3,0,0,33968,33968,1.295,B,800,standard
qb_sat_n7,qasmbench,oracle,target,C_400_0.25,C,400,0.25,standard,6,5,2,0.2,2,0.0,0.0,1.8182,0.1667,412,58,52,51,52,58,52,52,52,58,46,52,uniform_min_teq,51,uniform_oracle,0.0,51,0.068,46,proven,0.907,256,40.0,0.098,0.098,0.2157,0.1667,0.0,0,4,0,0,0,11,0,0,18952,21012,0.986,C,400,standard
qb_sat_n7,qasmbench,oracle,target,C_400_0.5,C,400,0.5,standard,6,5,2,0.2,2,0.0,0.0,1.2727,0.3333,394,57,45,45,45,45,45,45,45,57,45,45,uniform_min_teq,45,fixed_ccz,0.0,45,0.075,45,proven,0.729,256,40.0,0.0,0.0,0.1111,0.0,0.0,0,4,0,0,0,4,0,0,17730,17730,0.746,C,400,standard
qb_sat_n7,qasmbench,oracle,target,C_400_0.5_scarce,C,400,0.5,scarce,6,5,2,0.2,2,0.0,0.0,0.7426,0.1702,378,59,44,44,44,59,44,44,44,59,44,44,uniform_min_teq,44,fixed_ccz,0.0,44,0.051,44,proven,0.499,256,40.0,0.0,0.0,0.0909,0.0,0.0,0,3,0,0,0,3,0,0,16632,16632,0.51,C,400,scarce
qb_sat_n7,qasmbench,oracle,target,C_400_0.75,C,400,0.75,standard,6,5,2,0.2,2,0.0,0.0,0.7273,0.5,376,59,46,46,46,46,46,46,46,46,46,46,uniform_min_teq,46,fixed_ccz,0.0,46,0.06,46,proven,0.558,256,40.0,0.0,0.0,0.1304,0.0,0.0,0,5,0,0,0,5,0,0,17296,17296,0.581,C,400,standard
qb_sat_n7,qasmbench,oracle,target,C_800_0.5,C,800,0.5,standard,6,5,2,0.2,2,0.0,0.0,2.5455,0.6667,788,57,44,44,44,44,44,44,44,57,44,44,uniform_min_teq,44,fixed_ccz,0.0,44,0.09,44,proven,1.276,256,40.0,0.0,0.0,0.0909,0.0,0.0,0,3,0,0,0,3,0,0,34672,34672,1.257,C,800,standard
qmpa_div6,qmpa,divider,target,A_3200_0.5_abundant,A,3200,0.5,abundant,18,13,2,0.3846,1,0.0,0.0,13.1818,3.6667,3179,156,125,125,125,125,125,125,125,156,125,125,uniform_min_teq,125,fixed_ccz,0.0,125,0.17,125,bounded,20.681,6579,124.0,0.0,0.0,0.008,0.0,0.0,0,0,1484,390,0,0,1484,390,397375,397375,0.675,A,3200,abundant
qmpa_div6,qmpa,divider,target,A_400_0.25,A,400,0.25,standard,18,13,2,0.3846,1,0.0,0.0,2.4545,0.1667,369,156,136,136,136,156,136,136,136,156,125,136,uniform_min_teq,136,fixed_ccz,0.0,128,0.104,125,bounded,20.323,11745,124.0,0.0809,0.0234,0.0312,0.1111,0.2222,0,0,243,0,0,0,242,0,46125,47232,0.312,A,400,standard
qmpa_div6,qmpa,divider,target,A_400_0.5,A,400,0.5,standard,18,13,2,0.3846,1,0.0,0.0,1.6364,0.5,414,156,125,125,125,125,125,125,125,156,125,125,uniform_min_teq,125,fixed_ccz,0.0,125,0.148,125,bounded,20.282,12327,124.0,0.0,0.0,0.008,0.0,0.0556,0,0,157,10,0,0,153,11,51750,51750,0.276,A,400,standard
qmpa_div6,qmpa,divider,target,A_400_0.75,A,400,0.75,standard,18,13,2,0.3846,1,0.0,0.0,0.8182,0.6667,387,157,125,125,125,125,125,125,125,125,125,125,uniform_min_teq,125,fixed_ccz,0.0,125,0.15,125,bounded,20.263,12984,124.0,0.0,0.0,0.008,0.0,0.0,0,0,63,30,0,0,63,30,48375,48375,0.243,A,400,standard
qmpa_div6,qmpa,divider,target,A_800_0.5,A,800,0.5,standard,18,13,2,0.3846,1,0.0,0.0,3.2727,1.0,828,156,125,125,125,125,125,125,125,156,125,125,uniform_min_teq,125,fixed_ccz,0.0,125,0.166,125,bounded,20.345,10762,124.0,0.0,0.0,0.008,0.0,0.0,0,0,345,70,0,0,345,70,103500,103500,0.355,A,800,standard
qmpa_div6,qmpa,divider,target,B_400_0.25,B,400,0.25,standard,18,13,2,0.3846,1,0.0,0.0,1.8182,0.1667,408,159,139,139,139,159,139,139,139,159,127,139,uniform_min_teq,139,fixed_ccz,0.0,139,0.206,127,bounded,21.106,4418,124.0,0.0863,0.0863,0.1079,0.1111,0.0,0,2,0,0,0,25,0,0,51816,56712,1.095,B,400,standard
qmpa_div6,qmpa,divider,target,B_400_0.5,B,400,0.5,standard,18,13,2,0.3846,1,0.0,0.0,1.2727,0.3333,386,160,128,128,128,128,128,128,128,160,128,128,uniform_min_teq,128,fixed_ccz,0.0,128,0.232,128,bounded,20.865,5226,124.0,0.0,0.0,0.0312,0.0,0.0,0,3,0,0,0,3,0,0,49408,49408,0.876,B,400,standard
qmpa_div6,qmpa,divider,target,B_400_0.5_scarce,B,400,0.5,scarce,18,13,2,0.3846,1,0.0,0.0,0.7426,0.1702,370,162,127,127,127,162,127,127,127,162,127,127,uniform_min_teq,127,fixed_ccz,0.0,127,0.181,127,bounded,20.609,6849,124.0,0.0,0.0,0.0236,0.0,0.0,0,2,0,0,0,2,0,0,46990,46990,0.596,B,400,scarce
qmpa_div6,qmpa,divider,target,B_400_0.75,B,400,0.75,standard,18,13,2,0.3846,1,0.0,0.0,0.7273,0.6667,442,161,128,128,128,128,128,128,128,128,128,128,uniform_min_teq,128,fixed_ccz,0.0,128,0.179,128,bounded,20.7,6036,124.0,0.0,0.0,0.0312,0.0,0.0,0,3,0,0,0,3,0,0,56576,56576,0.711,B,400,standard
qmpa_div6,qmpa,divider,target,B_800_0.5,B,800,0.5,standard,18,13,2,0.3846,1,0.0,0.0,2.5455,0.6667,772,158,127,127,127,127,127,127,127,158,127,127,uniform_min_teq,127,fixed_ccz,0.0,127,0.239,127,bounded,21.483,3392,124.0,0.0,0.0,0.0236,0.0,0.0,0,2,0,0,0,2,0,0,98044,98044,1.458,B,800,standard
qmpa_div6,qmpa,divider,target,C_400_0.25,C,400,0.25,standard,18,13,2,0.3846,1,0.0,0.0,1.8182,0.1667,412,157,139,139,139,157,139,139,139,157,127,139,uniform_min_teq,139,fixed_ccz,0.0,139,0.175,127,bounded,21.153,4378,124.0,0.0863,0.0863,0.1079,0.1111,0.0,0,2,0,0,0,25,0,0,52324,57268,1.123,C,400,standard
qmpa_div6,qmpa,divider,target,C_400_0.5,C,400,0.5,standard,18,13,2,0.3846,1,0.0,0.0,1.2727,0.3333,394,156,128,128,128,128,128,128,128,156,128,128,uniform_min_teq,128,fixed_ccz,0.0,128,0.211,128,bounded,20.846,5091,124.0,0.0,0.0,0.0312,0.0,0.0,0,3,0,0,0,3,0,0,50432,50432,0.839,C,400,standard
qmpa_div6,qmpa,divider,target,C_400_0.5_scarce,C,400,0.5,scarce,18,13,2,0.3846,1,0.0,0.0,0.7426,0.1702,378,157,127,127,127,157,127,127,127,157,127,127,uniform_min_teq,127,fixed_ccz,0.0,127,0.186,127,bounded,20.607,6754,124.0,0.0,0.0,0.0236,0.0,0.0,0,2,0,0,0,2,0,0,48006,48006,0.589,C,400,scarce
qmpa_div6,qmpa,divider,target,C_400_0.75,C,400,0.75,standard,18,13,2,0.3846,1,0.0,0.0,0.7273,0.5,376,157,129,129,129,129,129,129,129,129,129,129,uniform_min_teq,129,fixed_ccz,0.0,129,0.18,129,bounded,20.666,6182,124.0,0.0,0.0,0.0388,0.0,0.0,0,4,0,0,0,4,0,0,48504,48504,0.657,C,400,standard
qmpa_div6,qmpa,divider,target,C_800_0.5,C,800,0.5,standard,18,13,2,0.3846,1,0.0,0.0,2.5455,0.6667,788,156,127,127,127,127,127,127,127,156,127,127,uniform_min_teq,127,fixed_ccz,0.0,127,0.233,127,bounded,21.465,3387,124.0,0.0,0.0,0.0236,0.0,0.0,0,2,0,0,0,2,0,0,100076,100076,1.452,C,800,standard
qmpa_draper16,qmpa,parallel_adder,target,A_3200_0.5_abundant,A,3200,0.5,abundant,16,1,16,1.0,1,0.0,0.0,13.1818,3.6667,3179,21,15,15,15,15,15,15,15,21,15,15,uniform_min_teq,15,fixed_ccz,0.0,15,0.031,15,bounded,20.309,7840,10.0,0.0,0.0,0.3333,0.0,0.0,0,7,34,0,0,7,34,0,47685,47685,0.318,A,3200,abundant
qmpa_draper16,qmpa,parallel_adder,target,A_400_0.25,A,400,0.25,standard,16,1,16,1.0,1,0.0,0.0,2.4545,0.1667,369,41,100,41,100,41,36,100,100,41,34,36,two_term_descent,36,two_term_descent,0.0,34,0.02,34,bounded,20.28,14164,21.0,0.0556,0.0,0.3824,0.3125,0.3125,25,27,0,0,25,27,0,0,12546,12546,0.236,A,400,standard
qmpa_draper16,qmpa,parallel_adder,target,A_400_0.5,A,400,0.5,standard,16,1,16,1.0,1,0.0,0.0,1.6364,0.5,414,54,40,40,40,40,30,40,40,54,30,30,two_term_descent,30,two_term_descent,0.0,30,0.019,30,bounded,20.182,16461,20.0,0.0,0.0,0.3333,0.3125,0.3125,19,23,0,0,19,23,0,0,12420,12420,0.178,A,400,standard
qmpa_draper16,qmpa,parallel_adder,target,A_400_0.75,A,400,0.75,standard,16,1,16,1.0,1,0.0,0.0,0.8182,0.6667,387,92,33,33,33,33,30,33,33,33,30,30,two_term_descent,30,two_term_descent,0.0,30,0.018,30,bounded,20.177,18186,22.0,0.0,0.0,0.2667,0.125,0.1875,16,22,0,0,21,21,0,0,11610,11610,0.167,A,400,standard
qmpa_draper16,qmpa,parallel_adder,target,A_800_0.5,A,800,0.5,standard,16,1,16,1.0,1,0.0,0.0,3.2727,1.0,828,35,26,26,26,26,22,26,26,35,22,22,two_term_descent,22,two_term_descent,0.0,22,0.02,22,bounded,20.216,14232,14.0,0.0,0.0,0.3636,0.25,0.3125,11,14,0,0,13,13,0,0,18216,18216,0.204,A,800,standard
qmpa_draper16,qmpa,parallel_adder,target,B_400_0.25,B,400,0.25,standard,16,1,16,1.0,1,0.0,0.0,1.8182,0.1667,408,53,103,53,103,53,42,103,103,53,42,42,two_term_descent,42,two_term_descent,0.0,43,0.041,42,bounded,20.629,4975,8.0,0.0,0.0233,0.814,0.3125,0.3125,34,30,0,0,34,30,0,0,17136,17544,0.626,B,400,standard
qmpa_draper16,qmpa,parallel_adder,target,B_400_0.5,B,400,0.5,standard,16,1,16,1.0,1,0.0,0.0,1.2727,0.3333,386,67,57,57,57,57,39,57,57,67,39,39,two_term_descent,39,two_term_descent,0.0,39,0.034,39,bounded,20.504,6214,8.0,0.0,0.0,0.7949,0.375,0.375,29,30,0,0,29,30,0,0,15054,15054,0.503,B,400,standard
qmpa_draper16,qmpa,parallel_adder,target,B_400_0.5_scarce,B,400,0.5,scarce,16,1,16,1.0,1,0.0,0.0,0.7426,0.1702,370,114,57,57,57,114,65,57,57,114,44,57,uniform_min_teq,57,fixed_ccz,0.0,55,0.031,44,bounded,20.37,8419,12.0,0.2281,0.2,0.7818,0.25,0.375,34,36,0,0,46,30,0,0,16280,20350,0.386,B,400,scarce
qmpa_draper16,qmpa,parallel_adder,target,B_400_0.75,B,400,0.75,standard,16,1,16,1.0,1,0.0,0.0,0.7273,0.6667,442,105,35,35,35,35,33,35,35,35,33,33,two_term_descent,33,two_term_descent,0.0,33,0.03,33,bounded,20.417,7736,9.0,0.0,0.0,0.7273,0.0625,0.125,13,26,0,0,21,24,0,0,14586,14586,0.402,B,400,standard
qmpa_draper16,qmpa,parallel_adder,target,B_800_0.5,B,800,0.5,standard,16,1,16,1.0,1,0.0,0.0,2.5455,0.6667,772,44,33,33,33,33,27,33,33,44,27,27,two_term_descent,27,two_term_descent,0.0,27,0.053,27,bounded,20.747,3795,8.0,0.0,0.0,0.7037,0.375,0.3125,19,18,0,0,18,18,0,0,20844,20844,0.734,B,800,standard
qmpa_draper16,qmpa,parallel_adder,target,C_400_0.25,C,400,0.25,standard,16,1,16,1.0,1,0.0,0.0,1.8182,0.1667,412,51,103,51,103,51,44,103,103,51,42,44,two_term_descent,44,two_term_descent,0.0,43,0.046,42,bounded,20.629,4991,8.0,0.0455,0.0233,0.814,0.3125,0.3125,34,30,0,0,34,30,0,0,17304,17716,0.588,C,400,standard
qmpa_draper16,qmpa,parallel_adder,target,C_400_0.5,C,400,0.5,standard,16,1,16,1.0,1,0.0,0.0,1.2727,0.3333,394,64,57,57,57,57,42,57,57,64,39,42,two_term_descent,42,two_term_descent,0.0,39,0.038,39,bounded,20.511,6189,8.0,0.0714,0.0,0.7949,0.375,0.375,28,31,0,0,28,31,0,0,15366,15366,0.483,C,400,standard
qmpa_draper16,qmpa,parallel_adder,target,C_400_0.5_scarce,C,400,0.5,scarce,16,1,16,1.0,1,0.0,0.0,0.7426,0.1702,378,65,58,58,58,65,54,58,58,65,44,54,two_term_descent,54,two_term_descent,0.0,53,0.031,44,bounded,20.374,8354,12.0,0.1852,0.1698,0.7736,0.25,0.4375,34,37,0,0,44,29,0,0,16632,20034,0.379,C,400,scarce
qmpa_draper16,qmpa,parallel_adder,target,C_400_0.75,C,400,0.75,standard,16,1,16,1.0,1,0.0,0.0,0.7273,0.5,376,54,44,44,44,44,41,44,44,44,43,41,two_term_descent,41,two_term_descent,0.1163,38,0.032,38,bounded,20.404,7952,10.0,0.0732,0.0,0.7368,0.1875,0.1875,25,31,0,0,25,31,0,0,14288,14288,0.391,C,400,standard
qmpa_draper16,qmpa,parallel_adder,target,C_800_0.5,C,800,0.5,standard,16,1,16,1.0,1,0.0,0.0,2.5455,0.6667,788,38,34,34,34,34,32,34,34,38,34,32,two_term_descent,32,two_term_descent,0.1765,29,0.053,28,bounded,20.666,3797,8.0,0.125,0.0345,0.7241,0.375,0.4375,19,19,0,0,20,19,0,0,22064,22852,0.662,C,800,standard
qmpa_draper8,qmpa,parallel_adder,target,A_3200_0.5_abundant,A,3200,0.5,abundant,8,1,8,1.0,1,0.0,0.0,13.1818,3.6667,3179,19,13,13,13,13,13,13,13,19,13,13,uniform_min_teq,13,fixed_ccz,0.0,13,0.075,13,proven,0.554,256,8.0,0.0,0.0,0.3846,0.0,0.0,0,4,8,0,0,4,8,0,41327,41327,0.143,A,3200,abundant
qmpa_draper8,qmpa,parallel_adder,target,A_400_0.25,A,400,0.25,standard,8,1,8,1.0,1,0.0,0.0,2.4545,0.1667,369,28,52,28,52,28,24,52,52,28,24,24,two_term_descent,24,two_term_descent,0.0,24,0.057,24,proven,0.215,256,15.0,0.0,0.0,0.375,0.375,0.375,15,15,0,0,15,15,0,0,8856,8856,0.069,A,400,standard
qmpa_draper8,qmpa,parallel_adder,target,A_400_0.5,A,400,0.5,standard,8,1,8,1.0,1,0.0,0.0,1.6364,0.5,414,34,24,24,24,24,22,24,24,34,21,22,two_term_descent,22,two_term_descent,0.0,21,0.054,21,proven,0.198,256,14.0,0.0455,0.0,0.3333,0.25,0.25,11,13,0,0,11,13,0,0,8694,8694,0.062,A,400,standard
qmpa_draper8,qmpa,parallel_adder,target,A_400_0.75,A,400,0.75,standard,8,1,8,1.0,1,0.0,0.0,0.8182,0.6667,387,52,21,21,21,21,21,21,21,21,20,21,uniform_min_teq,21,fixed_ccz,0.0,20,0.054,20,proven,0.181,256,14.0,0.0476,0.0,0.3,0.125,0.125,9,12,0,0,9,12,0,0,7740,7740,0.057,A,400,standard
qmpa_draper8,qmpa,parallel_adder,target,A_800_0.5,A,800,0.5,standard,8,1,8,1.0,1,0.0,0.0,3.2727,1.0,828,25,18,18,18,18,18,18,18,25,18,18,uniform_min_teq,18,fixed_ccz,0.0,18,0.059,18,proven,0.256,256,11.0,0.0,0.0,0.3889,0.0,0.0,0,10,0,0,0,10,0,0,14904,14904,0.079,A,800,standard
qmpa_draper8,qmpa,parallel_adder,target,B_400_0.25,B,400,0.25,standard,8,1,8,1.0,1,0.0,0.0,1.8182,0.1667,408,35,55,35,55,35,28,55,55,35,28,28,two_term_descent,28,two_term_descent,0.0,29,0.1,28,proven,0.912,256,8.0,0.0,0.0345,0.7241,0.375,0.375,20,18,0,0,20,18,0,0,11424,11832,0.313,B,400,standard
qmpa_draper8,qmpa,parallel_adder,target,B_400_0.5,B,400,0.5,standard,8,1,8,1.0,1,0.0,0.0,1.2727,0.3333,386,43,33,33,33,33,27,33,33,43,27,27,two_term_descent,27,two_term_descent,0.0,28,0.088,27,proven,0.723,256,8.0,0.0,0.0357,0.7143,0.25,0.375,14,18,0,0,19,18,0,0,10422,10808,0.244,B,400,standard
qmpa_draper8,qmpa,parallel_adder,target,B_400_0.5_scarce,B,400,0.5,scarce,8,1,8,1.0,1,0.0,0.0,0.7426,0.1702,370,65,32,32,32,65,41,32,32,65,29,32,uniform_min_teq,32,fixed_ccz,0.0,32,0.078,29,proven,0.484,256,8.0,0.0938,0.0938,0.75,0.25,0.0,22,18,0,0,0,24,0,0,10730,11840,0.197,B,400,scarce
qmpa_draper8,qmpa,parallel_adder,target,B_400_0.75,B,400,0.75,standard,8,1,8,1.0,1,0.0,0.0,0.7273,0.6667,442,61,23,23,23,23,23,23,23,23,23,23,uniform_min_teq,23,fixed_ccz,0.0,23,0.082,23,proven,0.598,256,8.0,0.0,0.0,0.6522,0.0,0.0,0,14,0,0,0,14,0,0,10166,10166,0.177,B,400,standard
qmpa_draper8,qmpa,parallel_adder,target,B_800_0.5,B,800,0.5,standard,8,1,8,1.0,1,0.0,0.0,2.5455,0.6667,772,30,21,21,21,21,21,21,21,30,21,21,uniform_min_teq,21,fixed_ccz,0.0,21,0.108,21,proven,1.243,256,8.0,0.0,0.0,0.619,0.0,0.0,0,12,0,0,0,12,0,0,16212,16212,0.394,B,800,standard
qmpa_draper8,qmpa,parallel_adder,target,C_400_0.25,C,400,0.25,standard,8,1,8,1.0,1,0.0,0.0,1.8182,0.1667,412,34,55,34,55,34,33,55,55,34,28,33,two_term_descent,33,two_term_descent,0.0,33,0.093,28,proven,0.882,256,8.0,0.1515,0.1515,0.7576,0.375,0.125,20,18,0,0,25,5,0,0,11536,13596,0.308,C,400,standard
qmpa_draper8,qmpa,parallel_adder,target,C_400_0.5,C,400,0.5,standard,8,1,8,1.0,1,0.0,0.0,1.2727,0.3333,394,39,33,33,33,33,33,33,33,39,27,33,uniform_min_teq,33,fixed_ccz,0.0,33,0.082,27,proven,0.706,256,8.0,0.1818,0.1818,0.7576,0.25,0.0,15,19,0,0,0,25,0,0,10638,13002,0.242,C,400,standard
qmpa_draper8,qmpa,parallel_adder,target,C_400_0.5_scarce,C,400,0.5,scarce,8,1,8,1.0,1,0.0,0.0,0.7426,0.1702,378,41,32,32,32,41,35,32,32,41,29,32,uniform_min_teq,32,fixed_ccz,0.0,32,0.075,29,proven,0.464,256,8.0,0.0938,0.0938,0.75,0.25,0.0,22,19,0,0,0,25,0,0,10962,12096,0.196,C,400,scarce
qmpa_draper8,qmpa,parallel_adder,target,C_400_0.75,C,400,0.75,standard,8,1,8,1.0,1,0.0,0.0,0.7273,0.5,376,37,29,29,29,29,27,29,29,29,26,27,two_term_descent,27,two_term_descent,0.0,29,0.075,26,proven,0.546,256,8.0,0.037,0.1034,0.7241,0.125,0.25,12,19,0,0,20,16,0,0,9776,10904,0.181,C,400,standard
qmpa_draper8,qmpa,parallel_adder,target,C_800_0.5,C,800,0.5,standard,8,1,8,1.0,1,0.0,0.0,2.5455,0.6667,788,27,22,22,22,22,25,22,22,27,22,22,uniform_min_teq,22,fixed_ccz,0.0,22,0.105,22,proven,1.222,256,8.0,0.0,0.0,0.6364,0.0,0.0,0,13,0,0,0,13,0,0,17336,17336,0.401,C,800,standard
qmpa_mul6,qmpa,multiplier,target,A_3200_0.5_abundant,A,3200,0.5,abundant,93,63,2,0.4762,1,0.0,0.0,13.1818,3.6667,3179,695,564,564,564,564,564,564,564,695,564,564,uniform_min_teq,564,fixed_ccz,0.0,564,1.109,564,bounded,26.282,2417,560.0,0.0,0.0,0.0071,0.0,0.0,0,3,7271,1925,0,3,7271,1925,1792956,1792956,6.266,A,3200,abundant
qmpa_mul6,qmpa,multiplier,target,A_400_0.25,A,400,0.25,standard,93,63,2,0.4762,1,0.0,0.0,2.4545,0.1667,369,695,593,593,593,695,593,593,593,695,569,593,uniform_min_teq,593,fixed_ccz,0.0,593,1.081,569,bounded,25.447,2838,560.0,0.0405,0.0405,0.0556,0.1613,0.0,0,3,1281,0,0,57,1399,0,209961,218817,5.245,A,400,standard
qmpa_mul6,qmpa,multiplier,target,A_400_0.5,A,400,0.5,standard,93,63,2,0.4762,1,0.0,0.0,1.6364,0.5,414,695,564,564,564,564,564,564,564,695,564,564,uniform_min_teq,564,fixed_ccz,0.0,564,0.979,564,bounded,24.677,2931,560.0,0.0,0.0,0.0071,0.0,0.0,0,3,875,155,0,3,875,155,233496,233496,4.568,A,400,standard
qmpa_mul6,qmpa,multiplier,target,A_400_0.75,A,400,0.75,standard,93,63,2,0.4762,1,0.0,0.0,0.8182,0.6667,387,704,564,564,564,564,564,564,564,564,564,564,uniform_min_teq,564,fixed_ccz,0.0,564,1.009,564,bounded,24.604,3031,560.0,0.0,0.0,0.0071,0.0,0.0,0,3,422,248,0,3,422,248,218268,218268,4.49,A,400,standard
qmpa_mul6,qmpa,multiplier,target,A_800_0.5,A,800,0.5,standard,93,63,2,0.4762,1,0.0,0.0,3.2727,1.0,828,695,564,564,564,564,564,564,564,695,564,564,uniform_min_teq,564,fixed_ccz,0.0,564,1.001,564,bounded,24.829,2859,560.0,0.0,0.0,0.0071,0.0,0.0,0,3,1782,434,0,3,1782,434,466992,466992,4.679,A,800,standard
qmpa_mul6,qmpa,multiplier,target,B_400_0.25,B,400,0.25,standard,93,63,2,0.4762,1,0.0,0.0,1.8182,0.1667,408,698,596,596,596,698,584,596,596,698,571,584,two_term_descent,584,two_term_descent,0.0,596,1.179,571,bounded,29.356,1839,560.0,0.0223,0.0419,0.0604,0.1613,0.0,0,7,0,0,0,61,0,0,232968,243168,9.613,B,400,standard
qmpa_mul6,qmpa,multiplier,target,B_400_0.5,B,400,0.5,standard,93,63,2,0.4762,1,0.0,0.0,1.2727,0.3333,386,699,567,567,567,567,567,567,567,699,567,567,uniform_min_teq,567,fixed_ccz,0.0,567,1.169,567,bounded,27.286,1979,560.0,0.0,0.0,0.0123,0.0,0.0,0,6,0,0,0,6,0,0,218862,218862,7.53,B,400,standard
qmpa_mul6,qmpa,multiplier,target,B_400_0.5_scarce,B,400,0.5,scarce,93,63,2,0.4762,1,0.0,0.0,0.7426,0.1702,370,720,566,566,566,720,566,566,566,720,566,566,uniform_min_teq,566,fixed_ccz,0.0,566,1.131,566,bounded,26.215,2134,560.0,0.0,0.0,0.0106,0.0,0.0,0,5,0,0,0,5,0,0,209420,209420,6.323,B,400,scarce
qmpa_mul6,qmpa,multiplier,target,B_400_0.75,B,400,0.75,standard,93,63,2,0.4762,1,0.0,0.0,0.7273,0.6667,442,714,567,567,567,567,567,567,567,567,567,567,uniform_min_teq,567,fixed_ccz,0.0,567,0.321,567,bounded,26.74,2112,560.0,0.0,0.0,0.0123,0.0,0.0,0,6,0,0,0,6,0,0,250614,250614,6.866,B,400,standard
qmpa_mul6,qmpa,multiplier,target,B_800_0.5,B,800,0.5,standard,93,63,2,0.4762,1,0.0,0.0,2.5455,0.6667,772,697,566,566,566,566,566,566,566,697,566,566,uniform_min_teq,566,fixed_ccz,0.0,566,0.326,566,bounded,29.847,1625,560.0,0.0,0.0,0.0106,0.0,0.0,0,5,0,0,0,5,0,0,436952,436952,9.87,B,800,standard
qmpa_mul6,qmpa,multiplier,target,C_400_0.25,C,400,0.25,standard,93,63,2,0.4762,1,0.0,0.0,1.8182,0.1667,412,696,596,596,596,696,584,596,596,696,571,584,two_term_descent,584,two_term_descent,0.0018,596,1.229,570,bounded,29.538,1782,560.0,0.024,0.0436,0.0604,0.1613,0.0,1,5,0,0,0,61,0,0,234840,245552,9.514,C,400,standard
qmpa_mul6,qmpa,multiplier,target,C_400_0.5,C,400,0.5,standard,93,63,2,0.4762,1,0.0,0.0,1.2727,0.3333,394,695,567,567,567,567,567,567,567,695,567,567,uniform_min_teq,567,fixed_ccz,0.0,567,1.157,567,bounded,27.418,1909,560.0,0.0,0.0,0.0123,0.0,0.0,0,6,0,0,0,6,0,0,223398,223398,7.453,C,400,standard
qmpa_mul6,qmpa,multiplier,target,C_400_0.5_scarce,C,400,0.5,scarce,93,63,2,0.4762,1,0.0,0.0,0.7426,0.1702,378,702,566,566,566,702,566,566,566,702,566,566,uniform_min_teq,566,fixed_ccz,0.0,566,1.087,566,bounded,26.4,2075,560.0,0.0,0.0,0.0106,0.0,0.0,0,6,0,0,0,6,0,0,213948,213948,6.346,C,400,scarce
qmpa_mul6,qmpa,multiplier,target,C_400_0.75,C,400,0.75,standard,93,63,2,0.4762,1,0.0,0.0,0.7273,0.5,376,699,568,568,568,568,568,568,568,568,568,568,uniform_min_teq,568,fixed_ccz,0.0,568,0.813,568,bounded,27.505,2101,560.0,0.0,0.0,0.0141,0.0,0.0,0,7,0,0,0,7,0,0,213568,213568,7.525,C,400,standard
qmpa_mul6,qmpa,multiplier,target,C_800_0.5,C,800,0.5,standard,93,63,2,0.4762,1,0.0,0.0,2.5455,0.6667,788,695,566,566,566,566,566,566,566,695,566,566,uniform_min_teq,566,fixed_ccz,0.0,566,0.309,566,bounded,29.877,1609,560.0,0.0,0.0,0.0106,0.0,0.0,0,5,0,0,0,5,0,0,446008,446008,9.964,C,800,standard
qmpa_mul8,qmpa,multiplier,target,A_3200_0.5_abundant,A,3200,0.5,abundant,164,108,2,0.5185,1,0.0,0.0,13.1818,3.6667,3179,1188,967,967,967,967,967,967,967,1188,967,967,uniform_min_teq,967,fixed_ccz,0.0,967,1.965,967,bounded,36.975,1450,963.0,0.0,0.0,0.0041,0.0,0.0,0,3,12583,3332,0,3,12583,3332,3074093,3074093,16.827,A,3200,abundant
qmpa_mul8,qmpa,multiplier,target,A_400_0.25,A,400,0.25,standard,164,108,2,0.5185,1,0.0,0.0,2.4545,0.1667,369,1188,1022,1022,1022,1188,990,1022,1022,1188,973,990,two_term_descent,990,two_term_descent,0.0,1022,1.844,973,bounded,36.869,1530,963.0,0.0172,0.0479,0.0577,0.1646,0.0,0,9,2224,0,0,107,2452,0,359037,377118,17.103,A,400,standard
qmpa_mul8,qmpa,multiplier,target,A_400_0.5,A,400,0.5,standard,164,108,2,0.5185,1,0.0,0.0,1.6364,0.5,414,1188,967,967,967,967,967,967,967,1188,967,967,uniform_min_teq,967,fixed_ccz,0.0,967,1.722,967,bounded,33.771,1607,963.0,0.0,0.0,0.0041,0.0,0.0,0,3,1534,285,0,3,1534,285,400338,400338,13.86,A,400,standard
qmpa_mul8,qmpa,multiplier,target,A_400_0.75,A,400,0.75,standard,164,108,2,0.5185,1,0.0,0.0,0.8182,0.6667,387,1201,967,967,967,967,967,967,967,967,967,967,uniform_min_teq,967,fixed_ccz,0.0,967,1.796,967,bounded,33.684,1667,963.0,0.0,0.0,0.0041,0.0,0.0,0,3,751,446,0,3,751,446,374229,374229,13.711,A,400,standard
qmpa_mul8,qmpa,multiplier,target,A_800_0.5,A,800,0.5,standard,164,108,2,0.5185,1,0.0,0.0,3.2727,1.0,828,1188,967,967,967,967,967,967,967,1188,967,967,uniform_min_teq,967,fixed_ccz,0.0,967,1.759,967,bounded,34.146,1586,963.0,0.0,0.0,0.0041,0.0,0.0,0,3,3100,766,0,3,3100,766,800676,800676,14.078,A,800,standard
qmpa_mul8,qmpa,multiplier,target,B_400_0.25,B,400,0.25,standard,164,108,2,0.5185,1,0.0,0.0,1.8182,0.1667,408,1191,1025,1025,1025,1191,993,1025,1025,1191,975,993,two_term_descent,993,two_term_descent,0.0,1025,2.161,975,bounded,45.251,1129,963.0,0.0181,0.0488,0.0605,0.1646,0.0,0,12,0,0,0,111,0,0,397800,418200,24.289,B,400,standard
qmpa_mul8,qmpa,multiplier,target,B_400_0.5,B,400,0.5,standard,164,108,2,0.5185,1,0.0,0.0,1.2727,0.3333,386,1192,970,970,970,970,970,970,970,1192,970,970,uniform_min_teq,970,fixed_ccz,0.0,970,2.085,970,bounded,39.695,1196,963.0,0.0,0.0,0.0072,0.0,0.0,0,7,0,0,0,7,0,0,374420,374420,19.224,B,400,standard
qmpa_mul8,qmpa,multiplier,target,B_400_0.5_scarce,B,400,0.5,scarce,164,108,2,0.5185,1,0.0,0.0,0.7426,0.1702,370,1222,969,969,969,1222,969,969,969,1222,969,969,uniform_min_teq,969,fixed_ccz,0.0,969,1.89,969,bounded,38.688,1244,963.0,0.0,0.0,0.0062,0.0,0.0,0,7,0,0,0,7,0,0,358530,358530,18.291,B,400,scarce
qmpa_mul8,qmpa,multiplier,target,B_400_0.75,B,400,0.75,standard,164,108,2,0.5185,1,0.0,0.0,0.7273,0.6667,442,1213,970,970,970,970,970,970,970,970,970,970,uniform_min_teq,970,fixed_ccz,0.0,970,0.334,970,bounded,38.228,1286,963.0,0.0,0.0,0.0072,0.0,0.0,0,6,0,0,0,6,0,0,428740,428740,17.923,B,400,standard
qmpa_mul8,qmpa,multiplier,target,B_800_0.5,B,800,0.5,standard,164,108,2,0.5185,1,0.0,0.0,2.5455,0.6667,772,1190,969,969,969,969,969,969,969,1190,969,969,uniform_min_teq,969,fixed_ccz,0.0,969,0.376,969,bounded,43.65,1106,963.0,0.0,0.0,0.0062,0.0,0.0,0,5,0,0,0,5,0,0,748068,748068,23.615,B,800,standard
qmpa_mul8,qmpa,multiplier,target,C_400_0.25,C,400,0.25,standard,164,108,2,0.5185,1,0.0,0.0,1.8182,0.1667,412,1189,1025,1025,1025,1189,993,1025,1025,1189,975,993,two_term_descent,993,two_term_descent,0.0,1025,2.239,975,bounded,44.848,1112,963.0,0.0181,0.0488,0.0605,0.1646,0.0,0,12,0,0,0,111,0,0,401700,422300,24.353,C,400,standard
qmpa_mul8,qmpa,multiplier,target,C_400_0.5,C,400,0.5,standard,164,108,2,0.5185,1,0.0,0.0,1.2727,0.3333,394,1188,970,970,970,970,970,970,970,1188,970,970,uniform_min_teq,970,fixed_ccz,0.0,970,2.082,970,bounded,39.601,1194,963.0,0.0,0.0,0.0072,0.0,0.0,0,7,0,0,0,7,0,0,382180,382180,19.427,C,400,standard
qmpa_mul8,qmpa,multiplier,target,C_400_0.5_scarce,C,400,0.5,scarce,164,108,2,0.5185,1,0.0,0.0,0.7426,0.1702,378,1196,970,970,970,1196,969,970,970,1196,969,969,two_term_descent,969,two_term_descent,0.0,970,1.974,969,bounded,41.424,1237,963.0,0.0,0.001,0.0072,0.0061,0.0,0,6,0,0,0,8,0,0,366282,366660,21.495,C,400,scarce
qmpa_mul8,qmpa,multiplier,target,C_400_0.75,C,400,0.75,standard,164,108,2,0.5185,1,0.0,0.0,0.7273,0.5,376,1193,971,971,971,971,971,971,971,971,971,971,uniform_min_teq,971,fixed_ccz,0.0,971,0.975,971,bounded,40.924,1312,963.0,0.0,0.0,0.0082,0.0,0.0,0,7,0,0,0,7,0,0,365096,365096,21.077,C,400,standard
qmpa_mul8,qmpa,multiplier,target,C_800_0.5,C,800,0.5,standard,164,108,2,0.5185,1,0.0,0.0,2.5455,0.6667,788,1188,969,969,969,969,969,969,969,1188,969,969,uniform_min_teq,969,fixed_ccz,0.0,969,0.363,969,bounded,43.8,1086,963.0,0.0,0.0,0.0062,0.0,0.0,0,5,0,0,0,5,0,0,763572,763572,23.803,C,800,standard
qt_aliassamp16,qualtran,state_preparation,target,A_3200_0.5_abundant,A,3200,0.5,abundant,39,22,6,0.3636,1,0.0,0.0,13.1818,3.6667,3179,348,299,299,299,299,299,299,299,348,299,299,uniform_min_teq,299,fixed_ccz,0.0,299,1.349,299,bounded,22.845,2761,297.0,0.0,0.0,0.0067,0.0,0.0,0,1,3778,1007,0,1,3778,1007,950521,950521,2.822,A,3200,abundant
qt_aliassamp16,qualtran,state_preparation,target,A_400_0.25,A,400,0.25,standard,39,22,6,0.3636,1,0.0,0.0,2.4545,0.1667,369,348,301,301,301,348,301,301,301,348,301,301,uniform_min_teq,301,fixed_ccz,0.0,301,1.128,301,bounded,21.648,3401,297.0,0.0,0.0,0.0133,0.0,0.0,0,3,683,0,0,3,683,0,111069,111069,1.724,A,400,standard
qt_aliassamp16,qualtran,state_preparation,target,A_400_0.5,A,400,0.5,standard,39,22,6,0.3636,1,0.0,0.0,1.6364,0.5,414,348,299,299,299,299,299,299,299,348,299,299,uniform_min_teq,299,fixed_ccz,0.0,299,1.285,299,bounded,21.637,3431,297.0,0.0,0.0,0.0067,0.0,0.0,0,1,441,76,0,1,441,76,123786,123786,1.668,A,400,standard
qt_aliassamp16,qualtran,state_preparation,target,A_400_0.75,A,400,0.75,standard,39,22,6,0.3636,1,0.0,0.0,0.8182,0.6667,387,353,299,299,299,299,299,299,299,299,299,299,uniform_min_teq,299,fixed_ccz,0.0,299,1.344,299,bounded,21.581,3533,297.0,0.0,0.0,0.0067,0.0,0.0513,0,1,205,125,0,1,197,127,115713,115713,1.566,A,400,standard
qt_aliassamp16,qualtran,state_preparation,target,A_800_0.5,A,800,0.5,standard,39,22,6,0.3636,1,0.0,0.0,3.2727,1.0,828,348,299,299,299,299,299,299,299,348,299,299,uniform_min_teq,299,fixed_ccz,0.0,299,1.233,299,bounded,21.783,3374,297.0,0.0,0.0,0.0067,0.0,0.0,0,1,914,223,0,1,914,223,247572,247572,1.848,A,800,standard
qt_aliassamp16,qualtran,state_preparation,target,B_400_0.25,B,400,0.25,standard,39,22,6,0.3636,1,0.0,0.0,1.8182,0.1667,408,351,304,304,304,351,304,304,304,351,304,304,uniform_min_teq,304,fixed_ccz,0.0,304,1.549,304,bounded,24.013,2200,297.0,0.0,0.0,0.023,0.0,0.0,0,6,0,0,0,6,0,0,124032,124032,3.933,B,400,standard
qt_aliassamp16,qualtran,state_preparation,target,B_400_0.5,B,400,0.5,standard,39,22,6,0.3636,1,0.0,0.0,1.2727,0.3333,386,352,302,302,302,302,302,302,302,352,302,302,uniform_min_teq,302,fixed_ccz,0.0,302,1.457,302,bounded,23.481,2278,297.0,0.0,0.0,0.0166,0.0,0.0,0,4,0,0,0,4,0,0,116572,116572,3.466,B,400,standard
qt_aliassamp16,qualtran,state_preparation,target,B_400_0.5_scarce,B,400,0.5,scarce,39,22,6,0.3636,1,0.0,0.0,0.7426,0.1702,370,363,301,301,301,363,301,301,301,363,301,301,uniform_min_teq,301,fixed_ccz,0.0,301,1.359,301,bounded,22.6,2668,297.0,0.0,0.0,0.0133,0.0,0.0,0,3,0,0,0,3,0,0,111370,111370,2.509,B,400,scarce
qt_aliassamp16,qualtran,state_preparation,target,B_400_0.75,B,400,0.75,standard,39,22,6,0.3636,1,0.0,0.0,0.7273,0.6667,442,374,302,302,302,302,302,302,302,302,302,302,uniform_min_teq,302,fixed_ccz,0.0,302,1.376,302,bounded,23.303,2533,297.0,0.0,0.0,0.0166,0.0,0.0,0,4,0,0,0,4,0,0,133484,133484,3.325,B,400,standard
qt_aliassamp16,qualtran,state_preparation,target,B_800_0.5,B,800,0.5,standard,39,22,6,0.3636,1,0.0,0.0,2.5455,0.6667,772,350,301,301,301,301,301,301,301,350,301,301,uniform_min_teq,301,fixed_ccz,0.0,301,0.883,301,bounded,25.137,1907,297.0,0.0,0.0,0.0133,0.0,0.0,0,3,0,0,0,3,0,0,232372,232372,5.109,B,800,standard
qt_aliassamp16,qualtran,state_preparation,target,C_400_0.25,C,400,0.25,standard,39,22,6,0.3636,1,0.0,0.0,1.8182,0.1667,412,349,304,304,304,349,304,304,304,349,304,304,uniform_min_teq,304,fixed_ccz,0.0,304,1.63,304,bounded,24.045,2156,297.0,0.0,0.0,0.023,0.0,0.0,0,6,0,0,0,6,0,0,125248,125248,4.099,C,400,standard
qt_aliassamp16,qualtran,state_preparation,target,C_400_0.5,C,400,0.5,standard,39,22,6,0.3636,1,0.0,0.0,1.2727,0.3333,394,348,302,302,302,302,302,302,302,348,302,302,uniform_min_teq,302,fixed_ccz,0.0,302,1.436,302,bounded,23.412,2344,297.0,0.0,0.0,0.0166,0.0,0.0,0,4,0,0,0,4,0,0,118988,118988,3.4,C,400,standard
qt_aliassamp16,qualtran,state_preparation,target,C_400_0.5_scarce,C,400,0.5,scarce,39,22,6,0.3636,1,0.0,0.0,0.7426,0.1702,378,354,301,301,301,354,301,301,301,354,301,301,uniform_min_teq,301,fixed_ccz,0.0,301,1.34,301,bounded,22.982,2581,297.0,0.0,0.0,0.0133,0.0,0.0,0,3,0,0,0,3,0,0,113778,113778,2.941,C,400,scarce
qt_aliassamp16,qualtran,state_preparation,target,C_400_0.75,C,400,0.75,standard,39,22,6,0.3636,1,0.0,0.0,0.7273,0.5,376,353,303,303,303,303,303,303,303,303,303,303,uniform_min_teq,303,fixed_ccz,0.0,303,1.427,303,bounded,23.549,2579,297.0,0.0,0.0,0.0198,0.0,0.0,0,5,0,0,0,5,0,0,113928,113928,3.515,C,400,standard
qt_aliassamp16,qualtran,state_preparation,target,C_800_0.5,C,800,0.5,standard,39,22,6,0.3636,1,0.0,0.0,2.5455,0.6667,788,348,301,301,301,301,301,301,301,348,301,301,uniform_min_teq,301,fixed_ccz,0.0,301,0.88,301,bounded,25.113,1906,297.0,0.0,0.0,0.0133,0.0,0.0,0,3,0,0,0,3,0,0,237188,237188,5.116,C,800,standard
qt_aliassamp8,qualtran,state_preparation,target,A_3200_0.5_abundant,A,3200,0.5,abundant,33,13,7,0.4615,1,0.0,0.0,13.1818,3.6667,3179,167,136,136,136,136,136,136,136,167,136,136,uniform_min_teq,136,fixed_ccz,0.0,136,1.999,136,bounded,22.143,3377,134.0,0.0,0.0,0.0147,0.0,0.0909,0,2,1629,416,5,1,1617,419,432344,432344,2.16,A,3200,abundant
qt_aliassamp8,qualtran,state_preparation,target,A_400_0.25,A,400,0.25,standard,33,13,7,0.4615,1,0.0,0.0,2.4545,0.1667,369,167,243,167,243,167,137,243,243,167,137,137,two_term_descent,137,two_term_descent,0.0,153,1.877,137,bounded,21.406,3826,134.0,0.0,0.1046,0.1242,0.3939,0.4545,19,2,200,0,10,62,259,0,50553,56457,1.38,A,400,standard
qt_aliassamp8,qualtran,state_preparation,target,A_400_0.5,A,400,0.5,standard,33,13,7,0.4615,1,0.0,0.0,1.6364,0.5,414,169,139,139,139,139,139,139,139,169,136,139,uniform_min_teq,139,fixed_ccz,0.0,138,1.888,136,bounded,21.421,3915,134.0,0.0216,0.0145,0.029,0.3939,0.1515,34,1,95,21,8,22,158,7,56304,57132,1.528,A,400,standard
qt_aliassamp8,qualtran,state_preparation,target,A_400_0.75,A,400,0.75,standard,33,13,7,0.4615,1,0.0,0.0,0.8182,0.6667,387,225,137,137,137,137,137,137,137,137,137,137,uniform_min_teq,137,fixed_ccz,0.0,137,1.849,137,bounded,21.206,4486,134.0,0.0,0.0,0.0219,0.0,0.0606,0,22,72,23,13,14,64,25,53019,53019,1.278,A,400,standard
qt_aliassamp8,qualtran,state_preparation,target,A_800_0.5,A,800,0.5,standard,33,13,7,0.4615,1,0.0,0.0,3.2727,1.0,828,167,136,136,136,136,136,136,136,167,136,136,uniform_min_teq,136,fixed_ccz,0.0,136,1.868,136,bounded,21.307,4280,134.0,0.0,0.0,0.0147,0.0,0.0909,0,14,381,66,6,4,369,69,112608,112608,1.328,A,800,standard
qt_aliassamp8,qualtran,state_preparation,target,B_400_0.25,B,400,0.25,standard,33,13,7,0.4615,1,0.0,0.0,1.8182,0.1667,408,171,246,171,246,171,140,246,246,171,140,140,two_term_descent,140,two_term_descent,0.0,151,2.407,140,bounded,23.435,2499,134.0,0.0,0.0728,0.1126,0.3939,0.3333,32,5,0,0,24,28,0,0,57120,61608,3.483,B,400,standard
qt_aliassamp8,qualtran,state_preparation,target,B_400_0.5,B,400,0.5,standard,33,13,7,0.4615,1,0.0,0.0,1.2727,0.3333,386,181,159,159,159,159,159,159,159,181,140,159,uniform_min_teq,159,fixed_ccz,0.0,143,2.061,140,bounded,22.955,2761,134.0,0.1195,0.021,0.0629,0.4848,0.3333,44,16,0,0,26,25,0,0,54040,55198,3.029,B,400,standard
qt_aliassamp8,qualtran,state_preparation,target,B_400_0.5_scarce,B,400,0.5,scarce,33,13,7,0.4615,1,0.0,0.0,0.7426,0.1702,370,246,159,159,159,246,169,159,159,246,146,159,uniform_min_teq,159,fixed_ccz,0.0137,159,2.187,144,bounded,22.241,3177,134.0,0.0943,0.0943,0.1572,0.303,0.0,11,46,0,0,0,75,0,0,53280,58830,2.135,B,400,scarce
qt_aliassamp8,qualtran,state_preparation,target,B_400_0.75,B,400,0.75,standard,33,13,7,0.4615,1,0.0,0.0,0.7273,0.6667,442,247,143,143,143,143,143,143,143,143,140,143,uniform_min_teq,143,fixed_ccz,0.0,143,2.184,140,bounded,22.438,3098,134.0,0.021,0.021,0.0629,0.2121,0.0909,0,19,0,0,9,20,0,0,61880,63206,2.551,B,400,standard
qt_aliassamp8,qualtran,state_preparation,target,B_800_0.5,B,800,0.5,standard,33,13,7,0.4615,1,0.0,0.0,2.5455,0.6667,772,171,143,143,143,143,143,143,143,171,138,143,uniform_min_teq,143,fixed_ccz,0.0,140,2.256,138,bounded,24.354,2170,134.0,0.035,0.0143,0.0429,0.3939,0.1818,22,3,0,0,11,10,0,0,106536,108080,4.318,B,800,standard
qt_aliassamp8,qualtran,state_preparation,target,C_400_0.25,C,400,0.25,standard,33,13,7,0.4615,1,0.0,0.0,1.8182,0.1667,412,169,246,169,246,169,140,246,246,169,140,140,two_term_descent,140,two_term_descent,0.0,151,2.377,140,bounded,24.013,2528,134.0,0.0,0.0728,0.1126,0.3939,0.303,32,5,0,0,32,19,0,0,57680,62212,3.82,C,400,standard
qt_aliassamp8,qualtran,state_preparation,target,C_400_0.5,C,400,0.5,standard,33,13,7,0.4615,1,0.0,0.0,1.2727,0.3333,394,178,159,159,159,159,159,159,159,178,140,159,uniform_min_teq,159,fixed_ccz,0.0,143,2.093,140,bounded,22.721,2709,134.0,0.1195,0.021,0.0629,0.4545,0.3636,34,16,0,0,27,20,0,0,55160,56342,2.906,C,400,standard
qt_aliassamp8,qualtran,state_preparation,target,C_400_0.5_scarce,C,400,0.5,scarce,33,13,7,0.4615,1,0.0,0.0,0.7426,0.1702,378,183,160,160,160,183,153,160,160,183,147,153,two_term_descent,153,two_term_descent,0.0272,157,2.148,143,bounded,22.338,3182,134.0,0.0654,0.0892,0.1465,0.303,0.4848,41,21,0,0,45,23,0,0,54054,59346,2.41,C,400,scarce
qt_aliassamp8,qualtran,state_preparation,target,C_400_0.75,C,400,0.75,standard,33,13,7,0.4615,1,0.0,0.0,0.7273,0.5,376,183,144,144,144,144,144,144,144,144,140,144,uniform_min_teq,144,fixed_ccz,0.0,141,2.05,140,bounded,22.894,2983,134.0,0.0278,0.0071,0.0496,0.4848,0.1818,39,5,0,0,24,26,0,0,52640,53016,3.068,C,400,standard
qt_aliassamp8,qualtran,state_preparation,target,C_800_0.5,C,800,0.5,standard,33,13,7,0.4615,1,0.0,0.0,2.5455,0.6667,788,167,144,144,144,144,144,144,144,167,141,144,uniform_min_teq,144,fixed_ccz,0.0,141,2.146,141,bounded,24.656,2102,134.0,0.0208,0.0,0.0496,0.3636,0.2727,22,3,0,0,14,8,0,0,111108,111108,4.76,C,800,standard
qt_prepunif6,qualtran,state_preparation,target,A_3200_0.5_abundant,A,3200,0.5,abundant,7,6,2,0.1667,2,0.581,0.6,13.1818,3.6667,3179,216,163,139,163,203,139,139,139,216,139,139,two_term_descent,139,uniform_oracle,0.0,139,0.141,139,proven,3.348,800,137.0,0.0,0.0,0.0144,0.0,0.0,0,1,1669,363,0,1,1669,363,441881,441881,1.644,A,3200,abundant
qt_prepunif6,qualtran,state_preparation,target,A_400_0.25,A,400,0.25,standard,7,6,2,0.1667,2,0.581,0.6,2.4545,0.1667,369,216,275,187,275,216,237,203,203,216,175,203,local_sim_greedy,187,uniform_oracle,0.0,183,0.267,175,proven,2.328,800,137.0,0.0642,0.0437,0.2514,0.1429,0.1429,0,1,189,0,0,1,353,0,64575,67527,1.595,A,400,standard
qt_prepunif6,qualtran,state_preparation,target,A_400_0.5,A,400,0.5,standard,7,6,2,0.1667,2,0.581,0.6,1.6364,0.5,414,216,163,163,163,203,189,163,163,216,151,163,uniform_min_teq,163,fixed_ccz,0.0,163,0.179,151,proven,2.275,800,137.0,0.0736,0.0736,0.1595,0.1429,0.0,0,1,199,0,0,1,219,2,62514,67482,1.248,A,400,standard
qt_prepunif6,qualtran,state_preparation,target,A_400_0.75,A,400,0.75,standard,7,6,2,0.1667,2,0.581,0.6,0.8182,0.6667,387,217,163,153,163,163,151,163,163,163,151,151,two_term_descent,151,two_term_descent,0.0,151,0.182,151,proven,2.27,800,137.0,0.0,0.0,0.0927,0.1429,0.2857,0,1,84,8,0,1,80,9,58437,58437,1.174,A,400,standard
qt_prepunif6,qualtran,state_preparation,target,A_800_0.5,A,800,0.5,standard,7,6,2,0.1667,2,0.581,0.6,3.2727,1.0,828,216,163,139,163,203,139,139,151,216,139,139,two_term_descent,139,uniform_oracle,0.0,139,0.184,139,proven,2.482,800,137.0,0.0,0.0,0.0144,0.0,0.0,0,1,391,5,0,1,391,5,115092,115092,1.25,A,800,standard
qt_prepunif6,qualtran,state_preparation,target,B_400_0.25,B,400,0.25,standard,7,6,2,0.1667,2,0.581,0.6,1.8182,0.1667,408,219,278,205,278,219,268,205,205,219,185,205,local_sim_greedy,205,uniform_oracle,0.0,185,0.243,185,proven,4.935,800,137.0,0.0976,0.0,0.2595,0.1429,0.2857,0,3,0,0,0,3,0,0,75480,75480,2.584,B,400,standard
qt_prepunif6,qualtran,state_preparation,target,B_400_0.5,B,400,0.5,standard,7,6,2,0.1667,2,0.581,0.6,1.2727,0.3333,386,220,166,166,166,206,313,166,186,220,166,166,uniform_min_teq,166,fixed_ccz,0.0,166,0.283,166,proven,4.297,800,137.0,0.0,0.0,0.1747,0.0,0.1429,0,4,0,0,0,4,0,0,64076,64076,2.064,B,400,standard
qt_prepunif6,qualtran,state_preparation,target,B_400_0.5_scarce,B,400,0.5,scarce,7,6,2,0.1667,2,0.581,0.6,0.7426,0.1702,370,222,165,165,165,222,185,165,165,222,165,165,uniform_min_teq,165,fixed_ccz,0.0,165,0.308,165,proven,3.648,800,137.0,0.0,0.0,0.1697,0.0,0.0,0,3,0,0,0,3,0,0,61050,61050,1.747,B,400,scarce
qt_prepunif6,qualtran,state_preparation,target,B_400_0.75,B,400,0.75,standard,7,6,2,0.1667,2,0.581,0.6,0.7273,0.6667,442,221,166,157,166,166,157,166,166,166,153,157,two_term_descent,157,uniform_oracle,0.0,154,0.172,153,proven,4.049,800,137.0,0.0255,0.0065,0.1104,0.2857,0.1429,11,0,0,0,0,4,0,0,67626,68068,1.872,B,400,standard
qt_prepunif6,qualtran,state_preparation,target,B_800_0.5,B,800,0.5,standard,7,6,2,0.1667,2,0.581,0.6,2.5455,0.6667,772,218,165,154,165,205,154,165,165,218,152,154,two_term_descent,154,uniform_oracle,0.0,153,0.23,152,proven,6.056,800,137.0,0.013,0.0065,0.1046,0.2857,0.1429,8,2,0,0,0,3,0,0,117344,118116,2.704,B,800,standard
qt_prepunif6,qualtran,state_preparation,target,C_400_0.25,C,400,0.25,standard,7,6,2,0.1667,2,0.581,0.6,1.8182,0.1667,412,217,278,205,278,217,267,205,205,217,185,205,local_sim_greedy,205,uniform_oracle,0.0,191,0.251,185,proven,5.132,800,137.0,0.0976,0.0314,0.2827,0.1429,0.4286,0,3,0,0,7,0,0,0,76220,78692,2.578,C,400,standard
qt_prepunif6,qualtran,state_preparation,target,C_400_0.5,C,400,0.5,standard,7,6,2,0.1667,2,0.581,0.6,1.2727,0.3333,394,216,166,166,166,206,301,166,186,216,166,166,uniform_min_teq,166,fixed_ccz,0.0,166,0.219,166,proven,4.379,800,137.0,0.0,0.0,0.1747,0.0,0.0,0,4,0,0,0,4,0,0,65404,65404,2.148,C,400,standard
qt_prepunif6,qualtran,state_preparation,target,C_400_0.5_scarce,C,400,0.5,scarce,7,6,2,0.1667,2,0.581,0.6,0.7426,0.1702,378,217,165,165,165,217,185,165,185,217,165,165,uniform_min_teq,165,fixed_ccz,0.0,165,0.283,165,proven,3.676,800,137.0,0.0,0.0,0.1697,0.0,0.0,0,3,0,0,0,3,0,0,62370,62370,1.756,C,400,scarce
qt_prepunif6,qualtran,state_preparation,target,C_400_0.75,C,400,0.75,standard,7,6,2,0.1667,2,0.581,0.6,0.7273,0.5,376,217,167,167,167,167,191,167,167,167,155,167,uniform_min_teq,167,fixed_ccz,0.0,165,0.248,155,proven,3.858,800,137.0,0.0719,0.0606,0.1697,0.2857,0.1429,0,5,0,0,7,0,0,0,58280,62040,2.162,C,400,standard
qt_prepunif6,qualtran,state_preparation,target,C_800_0.5,C,800,0.5,standard,7,6,2,0.1667,2,0.581,0.6,2.5455,0.6667,788,216,165,159,165,205,161,165,165,216,153,161,two_term_descent,159,uniform_oracle,0.0,158,0.289,153,proven,6.019,800,137.0,0.0377,0.0316,0.1329,0.1429,0.2857,0,3,0,0,6,0,0,0,120564,124504,2.674,C,800,standard
qt_qft6,qualtran,qft,target,A_3200_0.5_abundant,A,3200,0.5,abundant,21,21,1,0.0,3,0.6833,0.55,13.1818,3.6667,3179,644,489,417,489,609,417,417,417,644,417,417,two_term_descent,417,uniform_oracle,0.0,417,0.443,417,bounded,29.068,2316,414.0,0.0,0.0,0.0072,0.0,0.0,0,2,5329,1188,0,2,5329,1188,1325643,1325643,8.858,A,3200,abundant
qt_qft6,qualtran,qft,target,A_400_0.25,A,400,0.25,standard,21,21,1,0.0,3,0.6833,0.55,2.4545,0.1667,369,644,816,561,816,644,793,609,609,644,525,609,local_sim_greedy,561,uniform_oracle,0.0,535,1.163,525,bounded,34.354,2142,414.0,0.0642,0.0187,0.2262,0.1429,0.1905,0,2,677,9,0,2,841,0,193725,197415,14.188,A,400,standard
qt_qft6,qualtran,qft,target,A_400_0.5,A,400,0.5,standard,21,21,1,0.0,3,0.6833,0.55,1.6364,0.5,414,644,489,489,489,609,578,489,489,644,462,489,uniform_min_teq,489,fixed_ccz,0.0,481,1.188,462,bounded,29.79,3351,414.0,0.0552,0.0395,0.1393,0.1905,0.1429,7,2,700,0,0,2,727,47,191268,199134,9.847,A,400,standard
qt_qft6,qualtran,qft,target,A_400_0.75,A,400,0.75,standard,21,21,1,0.0,3,0.6833,0.55,0.8182,0.6667,387,645,489,448,489,489,445,489,489,489,431,445,two_term_descent,445,two_term_descent,0.0,448,1.131,431,bounded,28.309,2951,414.0,0.0315,0.0379,0.0759,0.0476,0.0,0,4,309,0,0,33,323,0,166797,173376,8.238,A,400,standard
qt_qft6,qualtran,qft,target,A_800_0.5,A,800,0.5,standard,21,21,1,0.0,3,0.6833,0.55,3.2727,1.0,828,644,489,417,489,609,417,417,417,644,417,417,two_term_descent,417,uniform_oracle,0.0,417,1.231,417,bounded,28.112,2625,414.0,0.0,0.0,0.0072,0.0,0.0,0,2,1296,89,0,2,1296,89,345276,345276,8.027,A,800,standard
qt_qft6,qualtran,qft,target,B_400_0.25,B,400,0.25,standard,21,21,1,0.0,3,0.6833,0.55,1.8182,0.1667,408,647,819,611,819,647,906,611,611,647,545,611,local_sim_greedy,611,uniform_oracle,0.0,557,1.634,545,bounded,34.546,2093,414.0,0.108,0.0215,0.2567,0.381,0.2857,0,6,0,0,0,4,0,0,222360,227256,14.434,B,400,standard
qt_qft6,qualtran,qft,target,B_400_0.5,B,400,0.5,standard,21,21,1,0.0,3,0.6833,0.55,1.2727,0.3333,386,648,492,492,492,612,547,492,492,648,486,492,uniform_min_teq,492,fixed_ccz,0.0,492,1.469,486,bounded,30.326,2402,414.0,0.0122,0.0122,0.1585,0.1905,0.0,0,5,0,0,0,5,0,0,187596,189912,10.401,B,400,standard
qt_qft6,qualtran,qft,target,B_400_0.5_scarce,B,400,0.5,scarce,21,21,1,0.0,3,0.6833,0.55,0.7426,0.1702,370,650,491,491,491,650,657,491,491,650,485,491,uniform_min_teq,491,fixed_ccz,0.0,491,1.502,485,bounded,30.442,2674,414.0,0.0122,0.0122,0.1568,0.1905,0.0,0,4,0,0,0,4,0,0,179450,181670,10.141,B,400,scarce
qt_qft6,qualtran,qft,target,B_400_0.75,B,400,0.75,standard,21,21,1,0.0,3,0.6833,0.55,0.7273,0.6667,442,649,492,451,492,492,447,492,492,492,433,447,two_term_descent,447,two_term_descent,0.0,449,1.432,433,bounded,30.843,2053,414.0,0.0313,0.0356,0.078,0.0476,0.2381,0,6,0,0,0,14,0,0,191386,198458,10.715,B,400,standard
qt_qft6,qualtran,qft,target,B_800_0.5,B,800,0.5,standard,21,21,1,0.0,3,0.6833,0.55,2.5455,0.6667,772,646,491,451,491,611,447,491,491,646,433,447,two_term_descent,447,two_term_descent,0.0,448,1.519,433,bounded,32.945,1654,414.0,0.0313,0.0335,0.0759,0.0476,0.2381,0,6,0,0,0,13,0,0,334276,345856,12.47,B,800,standard
qt_qft6,qualtran,qft,target,C_400_0.25,C,400,0.25,standard,21,21,1,0.0,3,0.6833,0.55,1.8182,0.1667,412,645,819,611,819,645,898,611,611,645,545,611,local_sim_greedy,611,uniform_oracle,0.0037,563,1.487,543,bounded,34.637,2071,414.0,0.1113,0.0355,0.2647,0.381,0.3333,0,4,0,0,8,0,0,0,223716,231956,14.53,C,400,standard
qt_qft6,qualtran,qft,target,C_400_0.5,C,400,0.5,standard,21,21,1,0.0,3,0.6833,0.55,1.2727,0.3333,394,644,492,492,492,612,548,492,492,644,486,492,uniform_min_teq,492,fixed_ccz,0.0,492,1.554,486,bounded,31.095,2391,414.0,0.0122,0.0122,0.1585,0.1905,0.0,0,5,0,0,0,5,0,0,191484,193848,11.104,C,400,standard
qt_qft6,qualtran,qft,target,C_400_0.5_scarce,C,400,0.5,scarce,21,21,1,0.0,3,0.6833,0.55,0.7426,0.1702,378,645,491,491,491,645,591,491,491,645,486,491,uniform_min_teq,491,fixed_ccz,0.0,491,1.492,486,bounded,30.592,2681,414.0,0.0102,0.0102,0.1568,0.1905,0.0,0,5,0,0,0,4,0,0,183708,185598,10.73,C,400,scarce
qt_qft6,qualtran,qft,target,C_400_0.75,C,400,0.75,standard,21,21,1,0.0,3,0.6833,0.55,0.7273,0.5,376,645,493,493,493,493,605,493,493,493,458,493,uniform_min_teq,493,fixed_ccz,0.0,477,1.481,458,bounded,31.464,2366,414.0,0.071,0.0398,0.1321,0.1429,0.2381,0,7,0,0,8,0,0,0,172208,179352,11.117,C,400,standard
qt_qft6,qualtran,qft,target,C_800_0.5,C,800,0.5,standard,21,21,1,0.0,3,0.6833,0.55,2.5455,0.6667,788,644,491,452,491,611,448,491,491,644,433,448,two_term_descent,448,two_term_descent,0.0,452,1.497,433,bounded,35.804,1646,414.0,0.0335,0.042,0.0841,0.0952,0.0,0,4,0,0,0,37,0,0,341204,356176,15.434,C,800,standard
qt_qft8,qualtran,qft,target,A_3200_0.5_abundant,A,3200,0.5,abundant,43,43,1,0.0,3,0.7857,0.6905,13.1818,3.6667,3179,1496,1135,955,1135,1435,955,955,955,1496,955,955,two_term_descent,955,uniform_oracle,0.0,955,0.946,955,bounded,66.918,982,952.0,0.0,0.0,0.0031,0.0,0.0,0,2,12419,2734,0,2,12419,2734,3035945,3035945,46.295,A,3200,abundant
qt_qft8,qualtran,qft,target,A_400_0.25,A,400,0.25,standard,43,43,1,0.0,3,0.7857,0.6905,2.4545,0.1667,369,1496,1974,1315,1974,1496,1548,1435,1435,1496,1221,1435,local_sim_greedy,1315,uniform_oracle,0.0,1241,3.264,1221,bounded,115.927,751,952.0,0.0715,0.0161,0.2329,0.186,0.2093,0,2,1643,13,0,2,1654,7,450549,457929,96.848,A,400,standard
qt_qft8,qualtran,qft,target,A_400_0.5,A,400,0.5,standard,43,43,1,0.0,3,0.7857,0.6905,1.6364,0.5,414,1496,1135,1135,1135,1435,1251,1135,1135,1496,1064,1135,uniform_min_teq,1135,fixed_ccz,0.0,1099,3.152,1064,bounded,77.803,1438,952.0,0.0626,0.0318,0.1338,0.3721,0.2326,7,2,1651,0,0,2,1720,110,440496,454986,56.606,A,400,standard
qt_qft8,qualtran,qft,target,A_400_0.75,A,400,0.75,standard,43,43,1,0.0,3,0.7857,0.6905,0.8182,0.6667,387,1497,1135,1075,1135,1135,1213,1135,1135,1135,997,1135,uniform_min_teq,1075,uniform_oracle,0.0,1055,3.145,997,bounded,79.105,1117,952.0,0.0726,0.055,0.0976,0.1163,0.2093,0,4,762,19,0,2,809,160,385839,408285,59.198,A,400,standard
qt_qft8,qualtran,qft,target,A_800_0.5,A,800,0.5,standard,43,43,1,0.0,3,0.7857,0.6905,3.2727,1.0,828,1496,1135,955,1135,1435,955,955,955,1496,955,955,two_term_descent,955,uniform_oracle,0.0,955,3.195,955,bounded,66.384,1004,952.0,0.0,0.0,0.0031,0.0,0.0,0,2,3055,200,0,2,3055,200,790740,790740,45.4,A,800,standard
qt_qft8,qualtran,qft,target,B_400_0.25,B,400,0.25,standard,43,43,1,0.0,3,0.7857,0.6905,1.8182,0.1667,408,1499,1977,1437,1977,1499,1719,1437,1437,1499,1257,1437,local_sim_greedy,1437,uniform_oracle,-0.008,1311,4.163,1267,bounded,94.179,1184,952.0,0.1183,0.0336,0.2738,0.186,0.2558,10,0,0,0,10,0,0,0,516936,534888,72.799,B,400,standard
qt_qft8,qualtran,qft,target,B_400_0.5,B,400,0.5,standard,43,43,1,0.0,3,0.7857,0.6905,1.2727,0.3333,386,1500,1138,1138,1138,1438,1185,1138,1138,1500,1126,1138,uniform_min_teq,1138,fixed_ccz,0.0,1138,3.915,1126,bounded,69.306,1292,952.0,0.0105,0.0105,0.1634,0.0233,0.0,0,5,0,0,0,5,0,0,434636,439268,48.357,B,400,standard
qt_qft8,qualtran,qft,target,B_400_0.5_scarce,B,400,0.5,scarce,43,43,1,0.0,3,0.7857,0.6905,0.7426,0.1702,370,1502,1137,1137,1137,1502,1792,1137,1137,1502,1125,1137,uniform_min_teq,1137,fixed_ccz,0.0,1137,3.864,1125,bounded,78.644,1363,952.0,0.0106,0.0106,0.1627,0.0233,0.0,0,4,0,0,0,4,0,0,416250,420690,59.018,B,400,scarce
qt_qft8,qualtran,qft,target,B_400_0.75,B,400,0.75,standard,43,43,1,0.0,3,0.7857,0.6905,0.7273,0.6667,442,1501,1138,1083,1138,1138,1243,1138,1138,1138,995,1138,uniform_min_teq,1083,uniform_oracle,0.0,1027,3.762,995,bounded,93.397,890,952.0,0.0813,0.0312,0.073,0.0698,0.2326,0,6,0,0,0,14,0,0,439790,453934,74.71,B,400,standard
qt_qft8,qualtran,qft,target,B_800_0.5,B,800,0.5,standard,43,43,1,0.0,3,0.7857,0.6905,2.5455,0.6667,772,1498,1137,1080,1137,1437,1105,1137,1137,1498,995,1105,two_term_descent,1080,uniform_oracle,0.0,1026,4.161,995,bounded,91.653,806,952.0,0.0787,0.0302,0.0721,0.0698,0.2326,0,6,0,0,0,13,0,0,768140,792072,69.934,B,800,standard
qt_qft8,qualtran,qft,target,C_400_0.25,C,400,0.25,standard,43,43,1,0.0,3,0.7857,0.6905,1.8182,0.1667,412,1497,1977,1437,1977,1497,1705,1437,1437,1497,1257,1437,local_sim_greedy,1437,uniform_oracle,-0.0048,1311,4.117,1263,bounded,95.71,1122,952.0,0.1211,0.0366,0.2738,0.2093,0.2791,0,4,0,0,8,0,0,0,520356,540132,72.954,C,400,standard
qt_qft8,qualtran,qft,target,C_400_0.5,C,400,0.5,standard,43,43,1,0.0,3,0.7857,0.6905,1.2727,0.3333,394,1496,1138,1138,1138,1438,1186,1138,1138,1496,1126,1138,uniform_min_teq,1138,fixed_ccz,0.0,1138,3.864,1126,bounded,73.783,1284,952.0,0.0105,0.0105,0.1634,0.0233,0.0,0,5,0,0,0,5,0,0,443644,448372,52.088,C,400,standard
qt_qft8,qualtran,qft,target,C_400_0.5_scarce,C,400,0.5,scarce,43,43,1,0.0,3,0.7857,0.6905,0.7426,0.1702,378,1497,1137,1137,1137,1497,1498,1137,1137,1497,1125,1137,uniform_min_teq,1137,fixed_ccz,0.0,1137,3.709,1125,bounded,82.785,1313,952.0,0.0106,0.0106,0.1627,0.0233,0.0,0,4,0,0,0,4,0,0,425250,429786,63.222,C,400,scarce
qt_qft8,qualtran,qft,target,C_400_0.75,C,400,0.75,standard,43,43,1,0.0,3,0.7857,0.6905,0.7273,0.5,376,1497,1139,1139,1139,1139,1256,1139,1139,1139,1061,1139,uniform_min_teq,1139,fixed_ccz,-0.0075,1075,3.765,1069,bounded,92.924,1110,952.0,0.0615,0.0056,0.1144,0.1395,0.2093,0,8,0,0,8,0,0,0,401944,404200,72.495,C,400,standard
qt_qft8,qualtran,qft,target,C_800_0.5,C,800,0.5,standard,43,43,1,0.0,3,0.7857,0.6905,2.5455,0.6667,788,1496,1137,1078,1137,1437,1106,1137,1137,1496,995,1106,two_term_descent,1078,uniform_oracle,0.0,1031,4.088,995,bounded,102.46,795,952.0,0.077,0.0349,0.0766,0.093,0.2558,0,4,0,0,7,9,0,0,784060,812428,83.586,C,800,standard
qt_qpe3,qualtran,phase_estimation,target,A_3200_0.5_abundant,A,3200,0.5,abundant,10,10,1,0.0,2,0.037,0.0,13.1818,3.6667,3179,119,95,95,95,95,95,95,95,119,95,95,uniform_min_teq,95,fixed_ccz,0.0,95,0.061,95,proven,2.528,1024,91.0,0.0,0.0,0.0421,0.0,0.0,1,2,1081,288,1,2,1081,288,302005,302005,0.293,A,3200,abundant
qt_qpe3,qualtran,phase_estimation,target,A_400_0.25,A,400,0.25,standard,10,10,1,0.0,2,0.037,0.0,2.4545,0.1667,369,119,95,95,95,119,95,95,95,119,95,95,uniform_min_teq,95,fixed_ccz,0.0,95,0.027,95,proven,1.157,1024,91.0,0.0,0.0,0.0421,0.0,0.0,1,2,169,0,1,2,169,0,35055,35055,0.106,A,400,standard
qt_qpe3,qualtran,phase_estimation,target,A_400_0.5,A,400,0.5,standard,10,10,1,0.0,2,0.037,0.0,1.6364,0.5,414,119,95,95,95,95,95,95,95,119,95,95,uniform_min_teq,95,fixed_ccz,0.0,95,0.054,95,proven,1.057,1024,91.0,0.0,0.0,0.0421,0.0,0.0,1,2,100,3,1,2,100,3,39330,39330,0.096,A,400,standard
qt_qpe3,qualtran,phase_estimation,target,A_400_0.75,A,400,0.75,standard,10,10,1,0.0,2,0.037,0.0,0.8182,0.6667,387,120,95,95,95,95,95,95,95,95,95,95,uniform_min_teq,95,fixed_ccz,0.0,95,0.051,95,proven,0.998,1024,91.0,0.0,0.0,0.0421,0.0,0.0,1,2,30,18,1,2,30,18,36765,36765,0.086,A,400,standard
qt_qpe3,qualtran,phase_estimation,target,A_800_0.5,A,800,0.5,standard,10,10,1,0.0,2,0.037,0.0,3.2727,1.0,828,119,95,95,95,95,95,95,95,119,95,95,uniform_min_teq,95,fixed_ccz,0.0,95,0.055,95,proven,1.335,1024,91.0,0.0,0.0,0.0421,0.0,0.0,1,2,239,48,1,2,239,48,78660,78660,0.119,A,800,standard
qt_qpe3,qualtran,phase_estimation,target,B_400_0.25,B,400,0.25,standard,10,10,1,0.0,2,0.037,0.0,1.8182,0.1667,408,122,97,97,97,122,97,97,97,122,97,97,uniform_min_teq,97,fixed_ccz,0.0,97,0.09,97,proven,3.99,1024,91.0,0.0,0.0,0.0619,0.0,0.0,1,4,0,0,1,4,0,0,39576,39576,0.446,B,400,standard
qt_qpe3,qualtran,phase_estimation,target,B_400_0.5,B,400,0.5,standard,10,10,1,0.0,2,0.037,0.0,1.2727,0.3333,386,123,97,97,97,97,97,97,97,123,97,97,uniform_min_teq,97,fixed_ccz,0.0,97,0.075,97,proven,3.319,1024,91.0,0.0,0.0,0.0619,0.0,0.0,0,5,0,0,0,5,0,0,37442,37442,0.367,B,400,standard
qt_qpe3,qualtran,phase_estimation,target,B_400_0.5_scarce,B,400,0.5,scarce,10,10,1,0.0,2,0.037,0.0,0.7426,0.1702,370,125,99,99,99,125,99,99,99,125,99,99,uniform_min_teq,99,fixed_ccz,0.0,99,0.071,99,proven,2.425,1024,91.0,0.0,0.0,0.0808,0.0,0.0,3,4,0,0,3,4,0,0,36630,36630,0.242,B,400,scarce
qt_qpe3,qualtran,phase_estimation,target,B_400_0.75,B,400,0.75,standard,10,10,1,0.0,2,0.037,0.0,0.7273,0.6667,442,124,97,97,97,97,97,97,97,97,97,97,uniform_min_teq,97,fixed_ccz,0.0,97,0.079,97,proven,2.785,1024,91.0,0.0,0.0,0.0619,0.0,0.0,0,5,0,0,0,5,0,0,42874,42874,0.305,B,400,standard
qt_qpe3,qualtran,phase_estimation,target,B_800_0.5,B,800,0.5,standard,10,10,1,0.0,2,0.037,0.0,2.5455,0.6667,772,121,97,97,97,97,97,97,97,121,97,97,uniform_min_teq,97,fixed_ccz,0.0,97,0.097,97,proven,5.439,1024,91.0,0.0,0.0,0.0619,0.0,0.0,1,4,0,0,1,4,0,0,74884,74884,0.651,B,800,standard
qt_qpe3,qualtran,phase_estimation,target,C_400_0.25,C,400,0.25,standard,10,10,1,0.0,2,0.037,0.0,1.8182,0.1667,412,120,97,97,97,120,97,97,97,120,97,97,uniform_min_teq,97,fixed_ccz,0.0,97,0.072,97,proven,3.951,1024,91.0,0.0,0.0,0.0619,0.0,0.0,1,4,0,0,1,4,0,0,39964,39964,0.46,C,400,standard
qt_qpe3,qualtran,phase_estimation,target,C_400_0.5,C,400,0.5,standard,10,10,1,0.0,2,0.037,0.0,1.2727,0.3333,394,119,97,97,97,97,97,97,97,119,97,97,uniform_min_teq,97,fixed_ccz,0.0,97,0.086,97,proven,3.337,1024,91.0,0.0,0.0,0.0619,0.0,0.0,0,5,0,0,0,5,0,0,38218,38218,0.371,C,400,standard
qt_qpe3,qualtran,phase_estimation,target,C_400_0.5_scarce,C,400,0.5,scarce,10,10,1,0.0,2,0.037,0.0,0.7426,0.1702,378,120,98,98,98,120,98,98,98,120,98,98,uniform_min_teq,98,fixed_ccz,0.0,98,0.07,98,proven,2.441,1024,91.0,0.0,0.0,0.0714,0.0,0.0,2,4,0,0,2,4,0,0,37044,37044,0.243,C,400,scarce
qt_qpe3,qualtran,phase_estimation,target,C_400_0.75,C,400,0.75,standard,10,10,1,0.0,2,0.037,0.0,0.7273,0.5,376,120,98,98,98,98,98,98,98,98,98,98,uniform_min_teq,98,fixed_ccz,0.0,98,0.072,98,proven,2.689,1024,91.0,0.0,0.0,0.0714,0.0,0.0,0,6,0,0,0,6,0,0,36848,36848,0.281,C,400,standard
qt_qpe3,qualtran,phase_estimation,target,C_800_0.5,C,800,0.5,standard,10,10,1,0.0,2,0.037,0.0,2.5455,0.6667,788,119,97,97,97,97,97,97,97,119,97,97,uniform_min_teq,97,fixed_ccz,0.0,97,0.088,97,proven,5.494,1024,91.0,0.0,0.0,0.0619,0.0,0.0,1,4,0,0,1,4,0,0,76436,76436,0.636,C,800,standard
